solid OpenSCAD_Model
  facet normal 0.382636 -0.923899 0
    outer loop
      vertex 7.25815 -5.23286 0
      vertex 7.30888 -5.21185 1.5
      vertex 7.25815 -5.23286 1.5
    endloop
  endfacet
  facet normal 0.382636 -0.923899 0
    outer loop
      vertex 7.30888 -5.21185 1.5
      vertex 7.25815 -5.23286 0
      vertex 7.30888 -5.21185 0
    endloop
  endfacet
  facet normal 0.522532 -0.85262 0
    outer loop
      vertex 7.30888 -5.21185 0
      vertex 7.35571 -5.18315 1.5
      vertex 7.30888 -5.21185 1.5
    endloop
  endfacet
  facet normal 0.522532 -0.85262 0
    outer loop
      vertex 7.35571 -5.18315 1.5
      vertex 7.30888 -5.21185 0
      vertex 7.35571 -5.18315 0
    endloop
  endfacet
  facet normal -0.522532 -0.85262 0
    outer loop
      vertex -7.35571 -5.18315 0
      vertex -7.30888 -5.21185 1.5
      vertex -7.35571 -5.18315 1.5
    endloop
  endfacet
  facet normal -0.522532 -0.85262 -0
    outer loop
      vertex -7.30888 -5.21185 1.5
      vertex -7.35571 -5.18315 0
      vertex -7.30888 -5.21185 0
    endloop
  endfacet
  facet normal 1 -0 0
    outer loop
      vertex 7.5 -4.89999 1.5
      vertex 7.5 4.89999 0
      vertex 7.5 4.89999 1.5
    endloop
  endfacet
  facet normal 1 0 0
    outer loop
      vertex 7.5 4.89999 0
      vertex 7.5 -4.89999 1.5
      vertex 7.5 -4.89999 0
    endloop
  endfacet
  facet normal 0 0 1
    outer loop
      vertex 7.14999 5.25 1.5
      vertex 7.5 4.89999 1.5
      vertex 7.49568 4.95474 1.5
    endloop
  endfacet
  facet normal 0 0 1
    outer loop
      vertex 7.5 4.89999 1.5
      vertex 5.7 3.39999 1.5
      vertex 7.5 -4.89999 1.5
    endloop
  endfacet
  facet normal 0 0 1
    outer loop
      vertex 7.14999 5.25 1.5
      vertex 7.49568 4.95474 1.5
      vertex 7.48286 5.00815 1.5
    endloop
  endfacet
  facet normal -0 0 1
    outer loop
      vertex 5.7 -3.39999 1.5
      vertex 7.5 -4.89999 1.5
      vertex 5.7 3.39999 1.5
    endloop
  endfacet
  facet normal 0 0 1
    outer loop
      vertex 7.14999 5.25 1.5
      vertex 7.48286 5.00815 1.5
      vertex 7.46185 5.05888 1.5
    endloop
  endfacet
  facet normal -0 0 1
    outer loop
      vertex 5.69691 -3.4391 1.5
      vertex 7.5 -4.89999 1.5
      vertex 5.7 -3.39999 1.5
    endloop
  endfacet
  facet normal 0 0 1
    outer loop
      vertex 7.14999 5.25 1.5
      vertex 7.46185 5.05888 1.5
      vertex 7.43315 5.10571 1.5
    endloop
  endfacet
  facet normal -0 0 1
    outer loop
      vertex 5.68776 -3.47725 1.5
      vertex 7.5 -4.89999 1.5
      vertex 5.69691 -3.4391 1.5
    endloop
  endfacet
  facet normal 0 0 1
    outer loop
      vertex 7.14999 5.25 1.5
      vertex 7.43315 5.10571 1.5
      vertex 7.39748 5.14748 1.5
    endloop
  endfacet
  facet normal -0 0 1
    outer loop
      vertex 5.67274 -3.51349 1.5
      vertex 7.5 -4.89999 1.5
      vertex 5.68776 -3.47725 1.5
    endloop
  endfacet
  facet normal 0 0 1
    outer loop
      vertex 7.14999 5.25 1.5
      vertex 7.39748 5.14748 1.5
      vertex 7.35571 5.18315 1.5
    endloop
  endfacet
  facet normal -0 0 1
    outer loop
      vertex 5.65225 -3.54694 1.5
      vertex 7.5 -4.89999 1.5
      vertex 5.67274 -3.51349 1.5
    endloop
  endfacet
  facet normal 0 0 1
    outer loop
      vertex 7.14999 5.25 1.5
      vertex 7.35571 5.18315 1.5
      vertex 7.30888 5.21185 1.5
    endloop
  endfacet
  facet normal 0 -0 1
    outer loop
      vertex 7.14999 -5.25 1.5
      vertex 7.5 -4.89999 1.5
      vertex 5.65225 -3.54694 1.5
    endloop
  endfacet
  facet normal 0 0 1
    outer loop
      vertex 7.14999 5.25 1.5
      vertex 7.30888 5.21185 1.5
      vertex 7.25815 5.23286 1.5
    endloop
  endfacet
  facet normal 0 0 1
    outer loop
      vertex 7.5 -4.89999 1.5
      vertex 7.14999 -5.25 1.5
      vertex 7.49568 -4.95474 1.5
    endloop
  endfacet
  facet normal 0 0 1
    outer loop
      vertex 7.14999 5.25 1.5
      vertex 7.25815 5.23286 1.5
      vertex 7.20474 5.24568 1.5
    endloop
  endfacet
  facet normal 0 0 1
    outer loop
      vertex 7.48286 -5.00815 1.5
      vertex 7.14999 -5.25 1.5
      vertex 7.46185 -5.05888 1.5
    endloop
  endfacet
  facet normal 0 0 1
    outer loop
      vertex 7.5 4.89999 1.5
      vertex 7.14999 5.25 1.5
      vertex 5.65225 3.54694 1.5
    endloop
  endfacet
  facet normal 0 0 1
    outer loop
      vertex 7.46185 -5.05888 1.5
      vertex 7.14999 -5.25 1.5
      vertex 7.43315 -5.10571 1.5
    endloop
  endfacet
  facet normal 0 0 1
    outer loop
      vertex 7.43315 -5.10571 1.5
      vertex 7.14999 -5.25 1.5
      vertex 7.39748 -5.14748 1.5
    endloop
  endfacet
  facet normal 0 0 1
    outer loop
      vertex 7.5 4.89999 1.5
      vertex 5.69691 3.4391 1.5
      vertex 5.7 3.39999 1.5
    endloop
  endfacet
  facet normal 0 0 1
    outer loop
      vertex 7.5 4.89999 1.5
      vertex 5.68776 3.47725 1.5
      vertex 5.69691 3.4391 1.5
    endloop
  endfacet
  facet normal 0 0 1
    outer loop
      vertex 7.5 4.89999 1.5
      vertex 5.67274 3.51349 1.5
      vertex 5.68776 3.47725 1.5
    endloop
  endfacet
  facet normal 0 0 1
    outer loop
      vertex 7.5 4.89999 1.5
      vertex 5.65225 3.54694 1.5
      vertex 5.67274 3.51349 1.5
    endloop
  endfacet
  facet normal 0 0 1
    outer loop
      vertex 7.14999 5.25 1.5
      vertex 5.62677 3.57677 1.5
      vertex 5.65225 3.54694 1.5
    endloop
  endfacet
  facet normal 0 0 1
    outer loop
      vertex 7.14999 5.25 1.5
      vertex 5.59694 3.60225 1.5
      vertex 5.62677 3.57677 1.5
    endloop
  endfacet
  facet normal 0 0 1
    outer loop
      vertex 7.14999 5.25 1.5
      vertex 5.56349 3.62274 1.5
      vertex 5.59694 3.60225 1.5
    endloop
  endfacet
  facet normal 0 0 1
    outer loop
      vertex 7.14999 5.25 1.5
      vertex 5.52725 3.63776 1.5
      vertex 5.56349 3.62274 1.5
    endloop
  endfacet
  facet normal 0 0 1
    outer loop
      vertex 7.14999 5.25 1.5
      vertex 5.48911 3.64691 1.5
      vertex 5.52725 3.63776 1.5
    endloop
  endfacet
  facet normal 0 0 1
    outer loop
      vertex 7.14999 5.25 1.5
      vertex 5.45 3.64999 1.5
      vertex 5.48911 3.64691 1.5
    endloop
  endfacet
  facet normal 0 0 1
    outer loop
      vertex 7.14999 5.25 1.5
      vertex -5.45 3.64999 1.5
      vertex 5.45 3.64999 1.5
    endloop
  endfacet
  facet normal -0 0 1
    outer loop
      vertex -7.14999 5.25 1.5
      vertex -5.45 3.64999 1.5
      vertex 7.14999 5.25 1.5
    endloop
  endfacet
  facet normal 0 0 1
    outer loop
      vertex -5.69691 3.4391 1.5
      vertex -7.5 4.89999 1.5
      vertex -5.7 3.39999 1.5
    endloop
  endfacet
  facet normal 0 0 1
    outer loop
      vertex -5.68776 3.47725 1.5
      vertex -7.5 4.89999 1.5
      vertex -5.69691 3.4391 1.5
    endloop
  endfacet
  facet normal 0 0 1
    outer loop
      vertex -5.67274 3.51349 1.5
      vertex -7.5 4.89999 1.5
      vertex -5.68776 3.47725 1.5
    endloop
  endfacet
  facet normal 0 0 1
    outer loop
      vertex -5.65225 3.54694 1.5
      vertex -7.5 4.89999 1.5
      vertex -5.67274 3.51349 1.5
    endloop
  endfacet
  facet normal -0 0 1
    outer loop
      vertex -7.5 4.89999 1.5
      vertex -5.65225 3.54694 1.5
      vertex -7.14999 5.25 1.5
    endloop
  endfacet
  facet normal 0 0 1
    outer loop
      vertex -5.62677 3.57677 1.5
      vertex -7.14999 5.25 1.5
      vertex -5.65225 3.54694 1.5
    endloop
  endfacet
  facet normal 0 0 1
    outer loop
      vertex -5.59694 3.60225 1.5
      vertex -7.14999 5.25 1.5
      vertex -5.62677 3.57677 1.5
    endloop
  endfacet
  facet normal 0 0 1
    outer loop
      vertex -5.56349 3.62274 1.5
      vertex -7.14999 5.25 1.5
      vertex -5.59694 3.60225 1.5
    endloop
  endfacet
  facet normal 0 0 1
    outer loop
      vertex -5.52725 3.63776 1.5
      vertex -7.14999 5.25 1.5
      vertex -5.56349 3.62274 1.5
    endloop
  endfacet
  facet normal 0 0 1
    outer loop
      vertex -5.48911 3.64691 1.5
      vertex -7.14999 5.25 1.5
      vertex -5.52725 3.63776 1.5
    endloop
  endfacet
  facet normal 0 0 1
    outer loop
      vertex -5.45 3.64999 1.5
      vertex -7.14999 5.25 1.5
      vertex -5.48911 3.64691 1.5
    endloop
  endfacet
  facet normal 0 0 1
    outer loop
      vertex 7.35571 -5.18315 1.5
      vertex 7.14999 -5.25 1.5
      vertex 7.30888 -5.21185 1.5
    endloop
  endfacet
  facet normal 0 0 1
    outer loop
      vertex 7.30888 -5.21185 1.5
      vertex 7.14999 -5.25 1.5
      vertex 7.25815 -5.23286 1.5
    endloop
  endfacet
  facet normal 0 0 1
    outer loop
      vertex 7.25815 -5.23286 1.5
      vertex 7.14999 -5.25 1.5
      vertex 7.20474 -5.24568 1.5
    endloop
  endfacet
  facet normal 0 0 1
    outer loop
      vertex 7.39748 -5.14748 1.5
      vertex 7.14999 -5.25 1.5
      vertex 7.35571 -5.18315 1.5
    endloop
  endfacet
  facet normal 0 0 1
    outer loop
      vertex 7.49568 -4.95474 1.5
      vertex 7.14999 -5.25 1.5
      vertex 7.48286 -5.00815 1.5
    endloop
  endfacet
  facet normal -0 0 1
    outer loop
      vertex 5.62677 -3.57677 1.5
      vertex 7.14999 -5.25 1.5
      vertex 5.65225 -3.54694 1.5
    endloop
  endfacet
  facet normal -0 0 1
    outer loop
      vertex 5.59694 -3.60225 1.5
      vertex 7.14999 -5.25 1.5
      vertex 5.62677 -3.57677 1.5
    endloop
  endfacet
  facet normal -0 0 1
    outer loop
      vertex 5.56349 -3.62274 1.5
      vertex 7.14999 -5.25 1.5
      vertex 5.59694 -3.60225 1.5
    endloop
  endfacet
  facet normal -0 0 1
    outer loop
      vertex 5.52725 -3.63776 1.5
      vertex 7.14999 -5.25 1.5
      vertex 5.56349 -3.62274 1.5
    endloop
  endfacet
  facet normal -0 0 1
    outer loop
      vertex 5.48911 -3.64691 1.5
      vertex 7.14999 -5.25 1.5
      vertex 5.52725 -3.63776 1.5
    endloop
  endfacet
  facet normal -0 0 1
    outer loop
      vertex 5.45 -3.64999 1.5
      vertex 7.14999 -5.25 1.5
      vertex 5.48911 -3.64691 1.5
    endloop
  endfacet
  facet normal -0 0 1
    outer loop
      vertex -5.45 -3.64999 1.5
      vertex 7.14999 -5.25 1.5
      vertex 5.45 -3.64999 1.5
    endloop
  endfacet
  facet normal 0 0 1
    outer loop
      vertex -7.14999 -5.25 1.5
      vertex -5.45 -3.64999 1.5
      vertex -5.48911 -3.64691 1.5
    endloop
  endfacet
  facet normal 0 0 1
    outer loop
      vertex -5.7 3.39999 1.5
      vertex -7.5 4.89999 1.5
      vertex -5.7 -3.39999 1.5
    endloop
  endfacet
  facet normal 0 0 1
    outer loop
      vertex -5.45 -3.64999 1.5
      vertex -7.14999 -5.25 1.5
      vertex 7.14999 -5.25 1.5
    endloop
  endfacet
  facet normal 0 0 1
    outer loop
      vertex -5.52725 -3.63776 1.5
      vertex -7.14999 -5.25 1.5
      vertex -5.48911 -3.64691 1.5
    endloop
  endfacet
  facet normal 0 0 1
    outer loop
      vertex -5.56349 -3.62274 1.5
      vertex -7.14999 -5.25 1.5
      vertex -5.52725 -3.63776 1.5
    endloop
  endfacet
  facet normal 0 0 1
    outer loop
      vertex -5.59694 -3.60225 1.5
      vertex -7.14999 -5.25 1.5
      vertex -5.56349 -3.62274 1.5
    endloop
  endfacet
  facet normal 0 0 1
    outer loop
      vertex -5.62677 -3.57677 1.5
      vertex -7.14999 -5.25 1.5
      vertex -5.59694 -3.60225 1.5
    endloop
  endfacet
  facet normal 0 0 1
    outer loop
      vertex -5.65225 -3.54694 1.5
      vertex -7.14999 -5.25 1.5
      vertex -5.62677 -3.57677 1.5
    endloop
  endfacet
  facet normal 0 0 1
    outer loop
      vertex -7.5 -4.89999 1.5
      vertex -5.65225 -3.54694 1.5
      vertex -5.67274 -3.51349 1.5
    endloop
  endfacet
  facet normal 0 0 1
    outer loop
      vertex -7.5 -4.89999 1.5
      vertex -5.67274 -3.51349 1.5
      vertex -5.68776 -3.47725 1.5
    endloop
  endfacet
  facet normal 0 0 1
    outer loop
      vertex -7.5 -4.89999 1.5
      vertex -5.68776 -3.47725 1.5
      vertex -5.69691 -3.4391 1.5
    endloop
  endfacet
  facet normal 0 0 1
    outer loop
      vertex -7.5 -4.89999 1.5
      vertex -5.7 -3.39999 1.5
      vertex -7.5 4.89999 1.5
    endloop
  endfacet
  facet normal 0 0 1
    outer loop
      vertex -7.5 4.89999 1.5
      vertex -7.14999 5.25 1.5
      vertex -7.20474 5.24568 1.5
    endloop
  endfacet
  facet normal 0 0 1
    outer loop
      vertex -5.7 -3.39999 1.5
      vertex -7.5 -4.89999 1.5
      vertex -5.69691 -3.4391 1.5
    endloop
  endfacet
  facet normal 0 0 1
    outer loop
      vertex -7.5 4.89999 1.5
      vertex -7.20474 5.24568 1.5
      vertex -7.25815 5.23286 1.5
    endloop
  endfacet
  facet normal 0 0 1
    outer loop
      vertex -5.65225 -3.54694 1.5
      vertex -7.5 -4.89999 1.5
      vertex -7.14999 -5.25 1.5
    endloop
  endfacet
  facet normal 0 0 1
    outer loop
      vertex -7.5 4.89999 1.5
      vertex -7.25815 5.23286 1.5
      vertex -7.30888 5.21185 1.5
    endloop
  endfacet
  facet normal 0 0 1
    outer loop
      vertex -7.14999 -5.25 1.5
      vertex -7.5 -4.89999 1.5
      vertex -7.20474 -5.24568 1.5
    endloop
  endfacet
  facet normal 0 0 1
    outer loop
      vertex -7.5 4.89999 1.5
      vertex -7.30888 5.21185 1.5
      vertex -7.35571 5.18315 1.5
    endloop
  endfacet
  facet normal 0 0 1
    outer loop
      vertex -7.20474 -5.24568 1.5
      vertex -7.5 -4.89999 1.5
      vertex -7.25815 -5.23286 1.5
    endloop
  endfacet
  facet normal 0 0 1
    outer loop
      vertex -7.5 4.89999 1.5
      vertex -7.35571 5.18315 1.5
      vertex -7.39748 5.14748 1.5
    endloop
  endfacet
  facet normal 0 0 1
    outer loop
      vertex -7.25815 -5.23286 1.5
      vertex -7.5 -4.89999 1.5
      vertex -7.30888 -5.21185 1.5
    endloop
  endfacet
  facet normal 0 0 1
    outer loop
      vertex -7.5 4.89999 1.5
      vertex -7.39748 5.14748 1.5
      vertex -7.43315 5.10571 1.5
    endloop
  endfacet
  facet normal 0 0 1
    outer loop
      vertex -7.30888 -5.21185 1.5
      vertex -7.5 -4.89999 1.5
      vertex -7.35571 -5.18315 1.5
    endloop
  endfacet
  facet normal 0 0 1
    outer loop
      vertex -7.5 4.89999 1.5
      vertex -7.43315 5.10571 1.5
      vertex -7.46185 5.05888 1.5
    endloop
  endfacet
  facet normal 0 0 1
    outer loop
      vertex -7.35571 -5.18315 1.5
      vertex -7.5 -4.89999 1.5
      vertex -7.39748 -5.14748 1.5
    endloop
  endfacet
  facet normal 0 0 1
    outer loop
      vertex -7.5 4.89999 1.5
      vertex -7.46185 5.05888 1.5
      vertex -7.48286 5.00815 1.5
    endloop
  endfacet
  facet normal 0 0 1
    outer loop
      vertex -7.39748 -5.14748 1.5
      vertex -7.5 -4.89999 1.5
      vertex -7.43315 -5.10571 1.5
    endloop
  endfacet
  facet normal 0 0 1
    outer loop
      vertex -7.5 4.89999 1.5
      vertex -7.48286 5.00815 1.5
      vertex -7.49568 4.95474 1.5
    endloop
  endfacet
  facet normal 0 0 1
    outer loop
      vertex -7.43315 -5.10571 1.5
      vertex -7.5 -4.89999 1.5
      vertex -7.46185 -5.05888 1.5
    endloop
  endfacet
  facet normal 0 0 1
    outer loop
      vertex -7.46185 -5.05888 1.5
      vertex -7.5 -4.89999 1.5
      vertex -7.48286 -5.00815 1.5
    endloop
  endfacet
  facet normal 0 0 1
    outer loop
      vertex -7.48286 -5.00815 1.5
      vertex -7.5 -4.89999 1.5
      vertex -7.49568 -4.95474 1.5
    endloop
  endfacet
  facet normal 0 -1 0
    outer loop
      vertex -7.14999 -5.25 0
      vertex 7.14999 -5.25 1.5
      vertex -7.14999 -5.25 1.5
    endloop
  endfacet
  facet normal 0 -1 -0
    outer loop
      vertex 7.14999 -5.25 1.5
      vertex -7.14999 -5.25 0
      vertex 7.14999 -5.25 0
    endloop
  endfacet
  facet normal 0.923899 -0.382636 0
    outer loop
      vertex 7.46185 -5.05888 1.5
      vertex 7.48286 -5.00815 0
      vertex 7.48286 -5.00815 1.5
    endloop
  endfacet
  facet normal 0.923899 -0.382636 0
    outer loop
      vertex 7.48286 -5.00815 0
      vertex 7.46185 -5.05888 1.5
      vertex 7.46185 -5.05888 0
    endloop
  endfacet
  facet normal 0 1 -0
    outer loop
      vertex 7.14999 5.25 0
      vertex -7.14999 5.25 1.5
      vertex 7.14999 5.25 1.5
    endloop
  endfacet
  facet normal 0 1 0
    outer loop
      vertex -7.14999 5.25 1.5
      vertex 7.14999 5.25 0
      vertex -7.14999 5.25 0
    endloop
  endfacet
  facet normal 0.649396 -0.76045 0
    outer loop
      vertex 7.35571 -5.18315 0
      vertex 7.39748 -5.14748 1.5
      vertex 7.35571 -5.18315 1.5
    endloop
  endfacet
  facet normal 0.649396 -0.76045 0
    outer loop
      vertex 7.39748 -5.14748 1.5
      vertex 7.35571 -5.18315 0
      vertex 7.39748 -5.14748 0
    endloop
  endfacet
  facet normal -0.2334 -0.972381 0
    outer loop
      vertex -7.25815 -5.23286 0
      vertex -7.20474 -5.24568 1.5
      vertex -7.25815 -5.23286 1.5
    endloop
  endfacet
  facet normal -0.2334 -0.972381 -0
    outer loop
      vertex -7.20474 -5.24568 1.5
      vertex -7.25815 -5.23286 0
      vertex -7.20474 -5.24568 0
    endloop
  endfacet
  facet normal -0.0786596 -0.996902 0
    outer loop
      vertex -7.20474 -5.24568 0
      vertex -7.14999 -5.25 1.5
      vertex -7.20474 -5.24568 1.5
    endloop
  endfacet
  facet normal -0.0786596 -0.996902 -0
    outer loop
      vertex -7.14999 -5.25 1.5
      vertex -7.20474 -5.24568 0
      vertex -7.14999 -5.25 0
    endloop
  endfacet
  facet normal -1 0 0
    outer loop
      vertex -7.5 -4.89999 0
      vertex -7.5 4.89999 1.5
      vertex -7.5 4.89999 0
    endloop
  endfacet
  facet normal -1 -0 0
    outer loop
      vertex -7.5 4.89999 1.5
      vertex -7.5 -4.89999 0
      vertex -7.5 -4.89999 1.5
    endloop
  endfacet
  facet normal -0.85262 -0.522532 0
    outer loop
      vertex -7.43315 -5.10571 0
      vertex -7.46185 -5.05888 1.5
      vertex -7.46185 -5.05888 0
    endloop
  endfacet
  facet normal -0.85262 -0.522532 0
    outer loop
      vertex -7.46185 -5.05888 1.5
      vertex -7.43315 -5.10571 0
      vertex -7.43315 -5.10571 1.5
    endloop
  endfacet
  facet normal -0.382636 0.923899 0
    outer loop
      vertex -7.25815 5.23286 0
      vertex -7.30888 5.21185 1.5
      vertex -7.25815 5.23286 1.5
    endloop
  endfacet
  facet normal -0.382636 0.923899 0
    outer loop
      vertex -7.30888 5.21185 1.5
      vertex -7.25815 5.23286 0
      vertex -7.30888 5.21185 0
    endloop
  endfacet
  facet normal 0.0786596 -0.996902 0
    outer loop
      vertex 7.14999 -5.25 0
      vertex 7.20474 -5.24568 1.5
      vertex 7.14999 -5.25 1.5
    endloop
  endfacet
  facet normal 0.0786596 -0.996902 0
    outer loop
      vertex 7.20474 -5.24568 1.5
      vertex 7.14999 -5.25 0
      vertex 7.20474 -5.24568 0
    endloop
  endfacet
  facet normal 0.2334 -0.972381 0
    outer loop
      vertex 7.20474 -5.24568 0
      vertex 7.25815 -5.23286 1.5
      vertex 7.20474 -5.24568 1.5
    endloop
  endfacet
  facet normal 0.2334 -0.972381 0
    outer loop
      vertex 7.25815 -5.23286 1.5
      vertex 7.20474 -5.24568 0
      vertex 7.25815 -5.23286 0
    endloop
  endfacet
  facet normal 0.649396 0.76045 -0
    outer loop
      vertex 7.39748 5.14748 0
      vertex 7.35571 5.18315 1.5
      vertex 7.39748 5.14748 1.5
    endloop
  endfacet
  facet normal 0.649396 0.76045 0
    outer loop
      vertex 7.35571 5.18315 1.5
      vertex 7.39748 5.14748 0
      vertex 7.35571 5.18315 0
    endloop
  endfacet
  facet normal 0.996902 -0.0786596 0
    outer loop
      vertex 7.49568 -4.95474 1.5
      vertex 7.5 -4.89999 0
      vertex 7.5 -4.89999 1.5
    endloop
  endfacet
  facet normal 0.996902 -0.0786596 0
    outer loop
      vertex 7.5 -4.89999 0
      vertex 7.49568 -4.95474 1.5
      vertex 7.49568 -4.95474 0
    endloop
  endfacet
  facet normal 0.85262 -0.522532 0
    outer loop
      vertex 7.43315 -5.10571 1.5
      vertex 7.46185 -5.05888 0
      vertex 7.46185 -5.05888 1.5
    endloop
  endfacet
  facet normal 0.85262 -0.522532 0
    outer loop
      vertex 7.46185 -5.05888 0
      vertex 7.43315 -5.10571 1.5
      vertex 7.43315 -5.10571 0
    endloop
  endfacet
  facet normal -0.382636 -0.923899 0
    outer loop
      vertex -7.30888 -5.21185 0
      vertex -7.25815 -5.23286 1.5
      vertex -7.30888 -5.21185 1.5
    endloop
  endfacet
  facet normal -0.382636 -0.923899 -0
    outer loop
      vertex -7.25815 -5.23286 1.5
      vertex -7.30888 -5.21185 0
      vertex -7.25815 -5.23286 0
    endloop
  endfacet
  facet normal -0.923899 0.382636 0
    outer loop
      vertex -7.48286 5.00815 0
      vertex -7.46185 5.05888 1.5
      vertex -7.46185 5.05888 0
    endloop
  endfacet
  facet normal -0.923899 0.382636 0
    outer loop
      vertex -7.46185 5.05888 1.5
      vertex -7.48286 5.00815 0
      vertex -7.48286 5.00815 1.5
    endloop
  endfacet
  facet normal -0.996902 0.0786596 0
    outer loop
      vertex -7.5 4.89999 0
      vertex -7.49568 4.95474 1.5
      vertex -7.49568 4.95474 0
    endloop
  endfacet
  facet normal -0.996902 0.0786596 0
    outer loop
      vertex -7.49568 4.95474 1.5
      vertex -7.5 4.89999 0
      vertex -7.5 4.89999 1.5
    endloop
  endfacet
  facet normal -0.972381 0.2334 0
    outer loop
      vertex -7.49568 4.95474 0
      vertex -7.48286 5.00815 1.5
      vertex -7.48286 5.00815 0
    endloop
  endfacet
  facet normal -0.972381 0.2334 0
    outer loop
      vertex -7.48286 5.00815 1.5
      vertex -7.49568 4.95474 0
      vertex -7.49568 4.95474 1.5
    endloop
  endfacet
  facet normal -0.76045 0.649396 0
    outer loop
      vertex -7.43315 5.10571 0
      vertex -7.39748 5.14748 1.5
      vertex -7.39748 5.14748 0
    endloop
  endfacet
  facet normal -0.76045 0.649396 0
    outer loop
      vertex -7.39748 5.14748 1.5
      vertex -7.43315 5.10571 0
      vertex -7.43315 5.10571 1.5
    endloop
  endfacet
  facet normal -0.85262 0.522532 0
    outer loop
      vertex -7.46185 5.05888 0
      vertex -7.43315 5.10571 1.5
      vertex -7.43315 5.10571 0
    endloop
  endfacet
  facet normal -0.85262 0.522532 0
    outer loop
      vertex -7.43315 5.10571 1.5
      vertex -7.46185 5.05888 0
      vertex -7.46185 5.05888 1.5
    endloop
  endfacet
  facet normal -0.76045 -0.649396 0
    outer loop
      vertex -7.39748 -5.14748 0
      vertex -7.43315 -5.10571 1.5
      vertex -7.43315 -5.10571 0
    endloop
  endfacet
  facet normal -0.76045 -0.649396 0
    outer loop
      vertex -7.43315 -5.10571 1.5
      vertex -7.39748 -5.14748 0
      vertex -7.39748 -5.14748 1.5
    endloop
  endfacet
  facet normal -0.0786596 0.996902 0
    outer loop
      vertex -7.14999 5.25 0
      vertex -7.20474 5.24568 1.5
      vertex -7.14999 5.25 1.5
    endloop
  endfacet
  facet normal -0.0786596 0.996902 0
    outer loop
      vertex -7.20474 5.24568 1.5
      vertex -7.14999 5.25 0
      vertex -7.20474 5.24568 0
    endloop
  endfacet
  facet normal 0.972381 0.2334 0
    outer loop
      vertex 7.49568 4.95474 1.5
      vertex 7.48286 5.00815 0
      vertex 7.48286 5.00815 1.5
    endloop
  endfacet
  facet normal 0.972381 0.2334 0
    outer loop
      vertex 7.48286 5.00815 0
      vertex 7.49568 4.95474 1.5
      vertex 7.49568 4.95474 0
    endloop
  endfacet
  facet normal 0.0786596 0.996902 -0
    outer loop
      vertex 7.20474 5.24568 0
      vertex 7.14999 5.25 1.5
      vertex 7.20474 5.24568 1.5
    endloop
  endfacet
  facet normal 0.0786596 0.996902 0
    outer loop
      vertex 7.14999 5.25 1.5
      vertex 7.20474 5.24568 0
      vertex 7.14999 5.25 0
    endloop
  endfacet
  facet normal 0.972381 -0.2334 0
    outer loop
      vertex 7.48286 -5.00815 1.5
      vertex 7.49568 -4.95474 0
      vertex 7.49568 -4.95474 1.5
    endloop
  endfacet
  facet normal 0.972381 -0.2334 0
    outer loop
      vertex 7.49568 -4.95474 0
      vertex 7.48286 -5.00815 1.5
      vertex 7.48286 -5.00815 0
    endloop
  endfacet
  facet normal -0.649396 0.76045 0
    outer loop
      vertex -7.35571 5.18315 0
      vertex -7.39748 5.14748 1.5
      vertex -7.35571 5.18315 1.5
    endloop
  endfacet
  facet normal -0.649396 0.76045 0
    outer loop
      vertex -7.39748 5.14748 1.5
      vertex -7.35571 5.18315 0
      vertex -7.39748 5.14748 0
    endloop
  endfacet
  facet normal -0.522532 0.85262 0
    outer loop
      vertex -7.30888 5.21185 0
      vertex -7.35571 5.18315 1.5
      vertex -7.30888 5.21185 1.5
    endloop
  endfacet
  facet normal -0.522532 0.85262 0
    outer loop
      vertex -7.35571 5.18315 1.5
      vertex -7.30888 5.21185 0
      vertex -7.35571 5.18315 0
    endloop
  endfacet
  facet normal -0.996902 -0.0786596 0
    outer loop
      vertex -7.49568 -4.95474 0
      vertex -7.5 -4.89999 1.5
      vertex -7.5 -4.89999 0
    endloop
  endfacet
  facet normal -0.996902 -0.0786596 0
    outer loop
      vertex -7.5 -4.89999 1.5
      vertex -7.49568 -4.95474 0
      vertex -7.49568 -4.95474 1.5
    endloop
  endfacet
  facet normal -0.923899 -0.382636 0
    outer loop
      vertex -7.46185 -5.05888 0
      vertex -7.48286 -5.00815 1.5
      vertex -7.48286 -5.00815 0
    endloop
  endfacet
  facet normal -0.923899 -0.382636 0
    outer loop
      vertex -7.48286 -5.00815 1.5
      vertex -7.46185 -5.05888 0
      vertex -7.46185 -5.05888 1.5
    endloop
  endfacet
  facet normal -0.649396 -0.76045 0
    outer loop
      vertex -7.39748 -5.14748 0
      vertex -7.35571 -5.18315 1.5
      vertex -7.39748 -5.14748 1.5
    endloop
  endfacet
  facet normal -0.649396 -0.76045 -0
    outer loop
      vertex -7.35571 -5.18315 1.5
      vertex -7.39748 -5.14748 0
      vertex -7.35571 -5.18315 0
    endloop
  endfacet
  facet normal -0.2334 0.972381 0
    outer loop
      vertex -7.20474 5.24568 0
      vertex -7.25815 5.23286 1.5
      vertex -7.20474 5.24568 1.5
    endloop
  endfacet
  facet normal -0.2334 0.972381 0
    outer loop
      vertex -7.25815 5.23286 1.5
      vertex -7.20474 5.24568 0
      vertex -7.25815 5.23286 0
    endloop
  endfacet
  facet normal 0.923899 0.382636 0
    outer loop
      vertex 7.48286 5.00815 1.5
      vertex 7.46185 5.05888 0
      vertex 7.46185 5.05888 1.5
    endloop
  endfacet
  facet normal 0.923899 0.382636 0
    outer loop
      vertex 7.46185 5.05888 0
      vertex 7.48286 5.00815 1.5
      vertex 7.48286 5.00815 0
    endloop
  endfacet
  facet normal 0.522532 0.85262 -0
    outer loop
      vertex 7.35571 5.18315 0
      vertex 7.30888 5.21185 1.5
      vertex 7.35571 5.18315 1.5
    endloop
  endfacet
  facet normal 0.522532 0.85262 0
    outer loop
      vertex 7.30888 5.21185 1.5
      vertex 7.35571 5.18315 0
      vertex 7.30888 5.21185 0
    endloop
  endfacet
  facet normal 0.382636 0.923899 -0
    outer loop
      vertex 7.30888 5.21185 0
      vertex 7.25815 5.23286 1.5
      vertex 7.30888 5.21185 1.5
    endloop
  endfacet
  facet normal 0.382636 0.923899 0
    outer loop
      vertex 7.25815 5.23286 1.5
      vertex 7.30888 5.21185 0
      vertex 7.25815 5.23286 0
    endloop
  endfacet
  facet normal 0 0 -1
    outer loop
      vertex 7.14999 -5.25 0
      vertex 7.5 -4.89999 0
      vertex 7.49568 -4.95474 0
    endloop
  endfacet
  facet normal 0 0 -1
    outer loop
      vertex 7.5 -4.89999 0
      vertex 6 -3.64999 0
      vertex 7.5 4.89999 0
    endloop
  endfacet
  facet normal 0 0 -1
    outer loop
      vertex 7.14999 -5.25 0
      vertex 7.49568 -4.95474 0
      vertex 7.48286 -5.00815 0
    endloop
  endfacet
  facet normal 0 0 -1
    outer loop
      vertex 6 3.64999 0
      vertex 7.5 4.89999 0
      vertex 6 -3.64999 0
    endloop
  endfacet
  facet normal 0 0 -1
    outer loop
      vertex 7.14999 -5.25 0
      vertex 7.48286 -5.00815 0
      vertex 7.46185 -5.05888 0
    endloop
  endfacet
  facet normal 0 0 -1
    outer loop
      vertex 5.99568 3.70474 0
      vertex 7.5 4.89999 0
      vertex 6 3.64999 0
    endloop
  endfacet
  facet normal 0 0 -1
    outer loop
      vertex 7.14999 -5.25 0
      vertex 7.46185 -5.05888 0
      vertex 7.43315 -5.10571 0
    endloop
  endfacet
  facet normal 0 0 -1
    outer loop
      vertex 5.98286 3.75815 0
      vertex 7.5 4.89999 0
      vertex 5.99568 3.70474 0
    endloop
  endfacet
  facet normal 0 0 -1
    outer loop
      vertex 7.14999 -5.25 0
      vertex 7.43315 -5.10571 0
      vertex 7.39748 -5.14748 0
    endloop
  endfacet
  facet normal 0 0 -1
    outer loop
      vertex 5.96185 3.80888 0
      vertex 7.5 4.89999 0
      vertex 5.98286 3.75815 0
    endloop
  endfacet
  facet normal 0 0 -1
    outer loop
      vertex 7.14999 -5.25 0
      vertex 7.39748 -5.14748 0
      vertex 7.35571 -5.18315 0
    endloop
  endfacet
  facet normal 0 0 -1
    outer loop
      vertex 5.93315 3.85571 0
      vertex 7.5 4.89999 0
      vertex 5.96185 3.80888 0
    endloop
  endfacet
  facet normal 0 0 -1
    outer loop
      vertex 7.14999 -5.25 0
      vertex 7.35571 -5.18315 0
      vertex 7.30888 -5.21185 0
    endloop
  endfacet
  facet normal 0 -0 -1
    outer loop
      vertex 7.14999 5.25 0
      vertex 7.5 4.89999 0
      vertex 5.93315 3.85571 0
    endloop
  endfacet
  facet normal 0 0 -1
    outer loop
      vertex 7.14999 -5.25 0
      vertex 7.30888 -5.21185 0
      vertex 7.25815 -5.23286 0
    endloop
  endfacet
  facet normal 0 0 -1
    outer loop
      vertex 7.5 4.89999 0
      vertex 7.14999 5.25 0
      vertex 7.49568 4.95474 0
    endloop
  endfacet
  facet normal 0 0 -1
    outer loop
      vertex 7.14999 -5.25 0
      vertex 7.25815 -5.23286 0
      vertex 7.20474 -5.24568 0
    endloop
  endfacet
  facet normal 0 0 -1
    outer loop
      vertex 7.48286 5.00815 0
      vertex 7.14999 5.25 0
      vertex 7.46185 5.05888 0
    endloop
  endfacet
  facet normal -0 0 -1
    outer loop
      vertex 7.5 -4.89999 0
      vertex 7.14999 -5.25 0
      vertex 5.93315 -3.85571 0
    endloop
  endfacet
  facet normal 0 0 -1
    outer loop
      vertex 7.46185 5.05888 0
      vertex 7.14999 5.25 0
      vertex 7.43315 5.10571 0
    endloop
  endfacet
  facet normal 0 0 -1
    outer loop
      vertex 7.43315 5.10571 0
      vertex 7.14999 5.25 0
      vertex 7.39748 5.14748 0
    endloop
  endfacet
  facet normal 0 0 -1
    outer loop
      vertex 7.5 -4.89999 0
      vertex 5.99568 -3.70474 0
      vertex 6 -3.64999 0
    endloop
  endfacet
  facet normal 0 0 -1
    outer loop
      vertex 7.5 -4.89999 0
      vertex 5.98286 -3.75815 0
      vertex 5.99568 -3.70474 0
    endloop
  endfacet
  facet normal 0 0 -1
    outer loop
      vertex 7.5 -4.89999 0
      vertex 5.96185 -3.80888 0
      vertex 5.98286 -3.75815 0
    endloop
  endfacet
  facet normal 0 0 -1
    outer loop
      vertex 7.5 -4.89999 0
      vertex 5.93315 -3.85571 0
      vertex 5.96185 -3.80888 0
    endloop
  endfacet
  facet normal 0 0 -1
    outer loop
      vertex 7.14999 -5.25 0
      vertex 5.89748 -3.89748 0
      vertex 5.93315 -3.85571 0
    endloop
  endfacet
  facet normal 0 0 -1
    outer loop
      vertex 7.14999 -5.25 0
      vertex 5.85571 -3.93315 0
      vertex 5.89748 -3.89748 0
    endloop
  endfacet
  facet normal 0 0 -1
    outer loop
      vertex 7.14999 -5.25 0
      vertex 5.80888 -3.96185 0
      vertex 5.85571 -3.93315 0
    endloop
  endfacet
  facet normal 0 0 -1
    outer loop
      vertex 7.14999 -5.25 0
      vertex 5.75815 -3.98286 0
      vertex 5.80888 -3.96185 0
    endloop
  endfacet
  facet normal 0 0 -1
    outer loop
      vertex 7.14999 -5.25 0
      vertex 5.70474 -3.99568 0
      vertex 5.75815 -3.98286 0
    endloop
  endfacet
  facet normal 0 0 -1
    outer loop
      vertex 7.14999 -5.25 0
      vertex 5.64999 -4 0
      vertex 5.70474 -3.99568 0
    endloop
  endfacet
  facet normal 0 0 -1
    outer loop
      vertex 7.14999 -5.25 0
      vertex -5.64999 -4 0
      vertex 5.64999 -4 0
    endloop
  endfacet
  facet normal 0 0 -1
    outer loop
      vertex -7.14999 -5.25 0
      vertex -5.64999 -4 0
      vertex 7.14999 -5.25 0
    endloop
  endfacet
  facet normal -0 0 -1
    outer loop
      vertex -5.99568 -3.70474 0
      vertex -7.5 -4.89999 0
      vertex -6 -3.64999 0
    endloop
  endfacet
  facet normal -0 0 -1
    outer loop
      vertex -5.98286 -3.75815 0
      vertex -7.5 -4.89999 0
      vertex -5.99568 -3.70474 0
    endloop
  endfacet
  facet normal -0 0 -1
    outer loop
      vertex -5.96185 -3.80888 0
      vertex -7.5 -4.89999 0
      vertex -5.98286 -3.75815 0
    endloop
  endfacet
  facet normal -0 0 -1
    outer loop
      vertex -5.93315 -3.85571 0
      vertex -7.5 -4.89999 0
      vertex -5.96185 -3.80888 0
    endloop
  endfacet
  facet normal 0 0 -1
    outer loop
      vertex -7.5 -4.89999 0
      vertex -5.93315 -3.85571 0
      vertex -7.14999 -5.25 0
    endloop
  endfacet
  facet normal -0 0 -1
    outer loop
      vertex -5.89748 -3.89748 0
      vertex -7.14999 -5.25 0
      vertex -5.93315 -3.85571 0
    endloop
  endfacet
  facet normal -0 0 -1
    outer loop
      vertex -5.85571 -3.93315 0
      vertex -7.14999 -5.25 0
      vertex -5.89748 -3.89748 0
    endloop
  endfacet
  facet normal -0 0 -1
    outer loop
      vertex -5.80888 -3.96185 0
      vertex -7.14999 -5.25 0
      vertex -5.85571 -3.93315 0
    endloop
  endfacet
  facet normal -0 0 -1
    outer loop
      vertex -5.75815 -3.98286 0
      vertex -7.14999 -5.25 0
      vertex -5.80888 -3.96185 0
    endloop
  endfacet
  facet normal -0 0 -1
    outer loop
      vertex -5.70474 -3.99568 0
      vertex -7.14999 -5.25 0
      vertex -5.75815 -3.98286 0
    endloop
  endfacet
  facet normal -0 0 -1
    outer loop
      vertex -5.64999 -4 0
      vertex -7.14999 -5.25 0
      vertex -5.70474 -3.99568 0
    endloop
  endfacet
  facet normal 0 0 -1
    outer loop
      vertex 7.35571 5.18315 0
      vertex 7.14999 5.25 0
      vertex 7.30888 5.21185 0
    endloop
  endfacet
  facet normal 0 0 -1
    outer loop
      vertex 7.30888 5.21185 0
      vertex 7.14999 5.25 0
      vertex 7.25815 5.23286 0
    endloop
  endfacet
  facet normal 0 0 -1
    outer loop
      vertex 7.25815 5.23286 0
      vertex 7.14999 5.25 0
      vertex 7.20474 5.24568 0
    endloop
  endfacet
  facet normal 0 0 -1
    outer loop
      vertex 7.39748 5.14748 0
      vertex 7.14999 5.25 0
      vertex 7.35571 5.18315 0
    endloop
  endfacet
  facet normal 0 0 -1
    outer loop
      vertex 7.49568 4.95474 0
      vertex 7.14999 5.25 0
      vertex 7.48286 5.00815 0
    endloop
  endfacet
  facet normal 0 0 -1
    outer loop
      vertex 5.89748 3.89748 0
      vertex 7.14999 5.25 0
      vertex 5.93315 3.85571 0
    endloop
  endfacet
  facet normal 0 0 -1
    outer loop
      vertex 5.85571 3.93315 0
      vertex 7.14999 5.25 0
      vertex 5.89748 3.89748 0
    endloop
  endfacet
  facet normal 0 0 -1
    outer loop
      vertex 5.80888 3.96185 0
      vertex 7.14999 5.25 0
      vertex 5.85571 3.93315 0
    endloop
  endfacet
  facet normal 0 0 -1
    outer loop
      vertex 5.75815 3.98286 0
      vertex 7.14999 5.25 0
      vertex 5.80888 3.96185 0
    endloop
  endfacet
  facet normal 0 0 -1
    outer loop
      vertex 5.70474 3.99568 0
      vertex 7.14999 5.25 0
      vertex 5.75815 3.98286 0
    endloop
  endfacet
  facet normal 0 0 -1
    outer loop
      vertex 5.64999 4 0
      vertex 7.14999 5.25 0
      vertex 5.70474 3.99568 0
    endloop
  endfacet
  facet normal 0 0 -1
    outer loop
      vertex -5.64999 4 0
      vertex 7.14999 5.25 0
      vertex 5.64999 4 0
    endloop
  endfacet
  facet normal 0 0 -1
    outer loop
      vertex -7.14999 5.25 0
      vertex -5.64999 4 0
      vertex -5.70474 3.99568 0
    endloop
  endfacet
  facet normal -0 0 -1
    outer loop
      vertex -6 -3.64999 0
      vertex -7.5 -4.89999 0
      vertex -6 3.64999 0
    endloop
  endfacet
  facet normal 0 0 -1
    outer loop
      vertex -5.64999 4 0
      vertex -7.14999 5.25 0
      vertex 7.14999 5.25 0
    endloop
  endfacet
  facet normal 0 0 -1
    outer loop
      vertex -5.75815 3.98286 0
      vertex -7.14999 5.25 0
      vertex -5.70474 3.99568 0
    endloop
  endfacet
  facet normal 0 0 -1
    outer loop
      vertex -5.80888 3.96185 0
      vertex -7.14999 5.25 0
      vertex -5.75815 3.98286 0
    endloop
  endfacet
  facet normal 0 0 -1
    outer loop
      vertex -5.85571 3.93315 0
      vertex -7.14999 5.25 0
      vertex -5.80888 3.96185 0
    endloop
  endfacet
  facet normal 0 0 -1
    outer loop
      vertex -5.89748 3.89748 0
      vertex -7.14999 5.25 0
      vertex -5.85571 3.93315 0
    endloop
  endfacet
  facet normal 0 0 -1
    outer loop
      vertex -5.93315 3.85571 0
      vertex -7.14999 5.25 0
      vertex -5.89748 3.89748 0
    endloop
  endfacet
  facet normal 0 0 -1
    outer loop
      vertex -7.5 4.89999 0
      vertex -5.93315 3.85571 0
      vertex -5.96185 3.80888 0
    endloop
  endfacet
  facet normal 0 0 -1
    outer loop
      vertex -7.5 4.89999 0
      vertex -5.96185 3.80888 0
      vertex -5.98286 3.75815 0
    endloop
  endfacet
  facet normal 0 0 -1
    outer loop
      vertex -7.5 4.89999 0
      vertex -5.98286 3.75815 0
      vertex -5.99568 3.70474 0
    endloop
  endfacet
  facet normal 0 0 -1
    outer loop
      vertex -7.5 4.89999 0
      vertex -6 3.64999 0
      vertex -7.5 -4.89999 0
    endloop
  endfacet
  facet normal 0 0 -1
    outer loop
      vertex -7.5 -4.89999 0
      vertex -7.14999 -5.25 0
      vertex -7.20474 -5.24568 0
    endloop
  endfacet
  facet normal 0 0 -1
    outer loop
      vertex -6 3.64999 0
      vertex -7.5 4.89999 0
      vertex -5.99568 3.70474 0
    endloop
  endfacet
  facet normal 0 0 -1
    outer loop
      vertex -7.5 -4.89999 0
      vertex -7.20474 -5.24568 0
      vertex -7.25815 -5.23286 0
    endloop
  endfacet
  facet normal 0 0 -1
    outer loop
      vertex -5.93315 3.85571 0
      vertex -7.5 4.89999 0
      vertex -7.14999 5.25 0
    endloop
  endfacet
  facet normal 0 0 -1
    outer loop
      vertex -7.5 -4.89999 0
      vertex -7.25815 -5.23286 0
      vertex -7.30888 -5.21185 0
    endloop
  endfacet
  facet normal 0 0 -1
    outer loop
      vertex -7.14999 5.25 0
      vertex -7.5 4.89999 0
      vertex -7.20474 5.24568 0
    endloop
  endfacet
  facet normal 0 0 -1
    outer loop
      vertex -7.5 -4.89999 0
      vertex -7.30888 -5.21185 0
      vertex -7.35571 -5.18315 0
    endloop
  endfacet
  facet normal 0 0 -1
    outer loop
      vertex -7.20474 5.24568 0
      vertex -7.5 4.89999 0
      vertex -7.25815 5.23286 0
    endloop
  endfacet
  facet normal 0 0 -1
    outer loop
      vertex -7.5 -4.89999 0
      vertex -7.35571 -5.18315 0
      vertex -7.39748 -5.14748 0
    endloop
  endfacet
  facet normal 0 0 -1
    outer loop
      vertex -7.25815 5.23286 0
      vertex -7.5 4.89999 0
      vertex -7.30888 5.21185 0
    endloop
  endfacet
  facet normal 0 0 -1
    outer loop
      vertex -7.5 -4.89999 0
      vertex -7.39748 -5.14748 0
      vertex -7.43315 -5.10571 0
    endloop
  endfacet
  facet normal 0 0 -1
    outer loop
      vertex -7.30888 5.21185 0
      vertex -7.5 4.89999 0
      vertex -7.35571 5.18315 0
    endloop
  endfacet
  facet normal 0 0 -1
    outer loop
      vertex -7.5 -4.89999 0
      vertex -7.43315 -5.10571 0
      vertex -7.46185 -5.05888 0
    endloop
  endfacet
  facet normal 0 0 -1
    outer loop
      vertex -7.35571 5.18315 0
      vertex -7.5 4.89999 0
      vertex -7.39748 5.14748 0
    endloop
  endfacet
  facet normal 0 0 -1
    outer loop
      vertex -7.5 -4.89999 0
      vertex -7.46185 -5.05888 0
      vertex -7.48286 -5.00815 0
    endloop
  endfacet
  facet normal 0 0 -1
    outer loop
      vertex -7.39748 5.14748 0
      vertex -7.5 4.89999 0
      vertex -7.43315 5.10571 0
    endloop
  endfacet
  facet normal 0 0 -1
    outer loop
      vertex -7.5 -4.89999 0
      vertex -7.48286 -5.00815 0
      vertex -7.49568 -4.95474 0
    endloop
  endfacet
  facet normal 0 0 -1
    outer loop
      vertex -7.43315 5.10571 0
      vertex -7.5 4.89999 0
      vertex -7.46185 5.05888 0
    endloop
  endfacet
  facet normal 0 0 -1
    outer loop
      vertex -7.46185 5.05888 0
      vertex -7.5 4.89999 0
      vertex -7.48286 5.00815 0
    endloop
  endfacet
  facet normal 0 0 -1
    outer loop
      vertex -7.48286 5.00815 0
      vertex -7.5 4.89999 0
      vertex -7.49568 4.95474 0
    endloop
  endfacet
  facet normal -0.972381 -0.2334 0
    outer loop
      vertex -7.48286 -5.00815 0
      vertex -7.49568 -4.95474 1.5
      vertex -7.49568 -4.95474 0
    endloop
  endfacet
  facet normal -0.972381 -0.2334 0
    outer loop
      vertex -7.49568 -4.95474 1.5
      vertex -7.48286 -5.00815 0
      vertex -7.48286 -5.00815 1.5
    endloop
  endfacet
  facet normal 0.996902 0.0786596 0
    outer loop
      vertex 7.5 4.89999 1.5
      vertex 7.49568 4.95474 0
      vertex 7.49568 4.95474 1.5
    endloop
  endfacet
  facet normal 0.996902 0.0786596 0
    outer loop
      vertex 7.49568 4.95474 0
      vertex 7.5 4.89999 1.5
      vertex 7.5 4.89999 0
    endloop
  endfacet
  facet normal 0.85262 0.522532 0
    outer loop
      vertex 7.46185 5.05888 1.5
      vertex 7.43315 5.10571 0
      vertex 7.43315 5.10571 1.5
    endloop
  endfacet
  facet normal 0.85262 0.522532 0
    outer loop
      vertex 7.43315 5.10571 0
      vertex 7.46185 5.05888 1.5
      vertex 7.46185 5.05888 0
    endloop
  endfacet
  facet normal 0.2334 0.972381 -0
    outer loop
      vertex 7.25815 5.23286 0
      vertex 7.20474 5.24568 1.5
      vertex 7.25815 5.23286 1.5
    endloop
  endfacet
  facet normal 0.2334 0.972381 0
    outer loop
      vertex 7.20474 5.24568 1.5
      vertex 7.25815 5.23286 0
      vertex 7.20474 5.24568 0
    endloop
  endfacet
  facet normal 0.76045 0.649396 0
    outer loop
      vertex 7.43315 5.10571 1.5
      vertex 7.39748 5.14748 0
      vertex 7.39748 5.14748 1.5
    endloop
  endfacet
  facet normal 0.76045 0.649396 0
    outer loop
      vertex 7.39748 5.14748 0
      vertex 7.43315 5.10571 1.5
      vertex 7.43315 5.10571 0
    endloop
  endfacet
  facet normal 0.76045 -0.649396 0
    outer loop
      vertex 7.39748 -5.14748 1.5
      vertex 7.43315 -5.10571 0
      vertex 7.43315 -5.10571 1.5
    endloop
  endfacet
  facet normal 0.76045 -0.649396 0
    outer loop
      vertex 7.43315 -5.10571 0
      vertex 7.39748 -5.14748 1.5
      vertex 7.39748 -5.14748 0
    endloop
  endfacet
  facet normal -0.382877 0.923799 0
    outer loop
      vertex 5.56349 -3.62274 0.25
      vertex 5.52725 -3.63776 1.5
      vertex 5.56349 -3.62274 1.5
    endloop
  endfacet
  facet normal -0.382877 0.923799 0
    outer loop
      vertex 5.52725 -3.63776 1.5
      vertex 5.56349 -3.62274 0.25
      vertex 5.52725 -3.63776 0.25
    endloop
  endfacet
  facet normal -0.0785092 0.996913 0
    outer loop
      vertex 5.48911 -3.64691 0.25
      vertex 5.45 -3.64999 1.5
      vertex 5.48911 -3.64691 1.5
    endloop
  endfacet
  facet normal -0.0785092 0.996913 0
    outer loop
      vertex 5.45 -3.64999 1.5
      vertex 5.48911 -3.64691 0.25
      vertex 5.45 -3.64999 0.25
    endloop
  endfacet
  facet normal 0.233286 -0.972408 0
    outer loop
      vertex -5.52725 3.63776 0.25
      vertex -5.48911 3.64691 1.5
      vertex -5.52725 3.63776 1.5
    endloop
  endfacet
  facet normal 0.233286 -0.972408 0
    outer loop
      vertex -5.48911 3.64691 1.5
      vertex -5.52725 3.63776 0.25
      vertex -5.48911 3.64691 0.25
    endloop
  endfacet
  facet normal -0.233286 0.972408 0
    outer loop
      vertex 5.52725 -3.63776 0.25
      vertex 5.48911 -3.64691 1.5
      vertex 5.52725 -3.63776 1.5
    endloop
  endfacet
  facet normal -0.233286 0.972408 0
    outer loop
      vertex 5.48911 -3.64691 1.5
      vertex 5.52725 -3.63776 0.25
      vertex 5.48911 -3.64691 0.25
    endloop
  endfacet
  facet normal -0.649489 -0.760371 0
    outer loop
      vertex 5.59694 3.60225 0.25
      vertex 5.62677 3.57677 1.5
      vertex 5.59694 3.60225 1.5
    endloop
  endfacet
  facet normal -0.649489 -0.760371 -0
    outer loop
      vertex 5.62677 3.57677 1.5
      vertex 5.59694 3.60225 0.25
      vertex 5.62677 3.57677 0.25
    endloop
  endfacet
  facet normal 0.649489 0.760371 -0
    outer loop
      vertex -5.59694 -3.60225 0.25
      vertex -5.62677 -3.57677 1.5
      vertex -5.59694 -3.60225 1.5
    endloop
  endfacet
  facet normal 0.649489 0.760371 0
    outer loop
      vertex -5.62677 -3.57677 1.5
      vertex -5.59694 -3.60225 0.25
      vertex -5.62677 -3.57677 0.25
    endloop
  endfacet
  facet normal 0.0785092 0.996913 -0
    outer loop
      vertex -5.45 -3.64999 0.25
      vertex -5.48911 -3.64691 1.5
      vertex -5.45 -3.64999 1.5
    endloop
  endfacet
  facet normal 0.0785092 0.996913 0
    outer loop
      vertex -5.48911 -3.64691 1.5
      vertex -5.45 -3.64999 0.25
      vertex -5.48911 -3.64691 0.25
    endloop
  endfacet
  facet normal 0.996893 -0.0787625 0
    outer loop
      vertex -5.7 3.39999 1.5
      vertex -5.69691 3.4391 0.25
      vertex -5.69691 3.4391 1.5
    endloop
  endfacet
  facet normal 0.996893 -0.0787625 0
    outer loop
      vertex -5.69691 3.4391 0.25
      vertex -5.7 3.39999 1.5
      vertex -5.7 3.39999 0.25
    endloop
  endfacet
  facet normal 1 -0 0
    outer loop
      vertex -5.7 -3.39999 1.5
      vertex -5.7 3.39999 0.25
      vertex -5.7 3.39999 1.5
    endloop
  endfacet
  facet normal 1 0 0
    outer loop
      vertex -5.7 3.39999 0.25
      vertex -5.7 -3.39999 1.5
      vertex -5.7 -3.39999 0.25
    endloop
  endfacet
  facet normal 0 1 -0
    outer loop
      vertex 5.45 -3.64999 0.25
      vertex -5.45 -3.64999 1.5
      vertex 5.45 -3.64999 1.5
    endloop
  endfacet
  facet normal 0 1 0
    outer loop
      vertex -5.45 -3.64999 1.5
      vertex 5.45 -3.64999 0.25
      vertex -5.45 -3.64999 0.25
    endloop
  endfacet
  facet normal -0.0785092 -0.996913 0
    outer loop
      vertex 5.45 3.64999 0.25
      vertex 5.48911 3.64691 1.5
      vertex 5.45 3.64999 1.5
    endloop
  endfacet
  facet normal -0.0785092 -0.996913 -0
    outer loop
      vertex 5.48911 3.64691 1.5
      vertex 5.45 3.64999 0.25
      vertex 5.48911 3.64691 0.25
    endloop
  endfacet
  facet normal 0 -1 0
    outer loop
      vertex -5.45 3.64999 0.25
      vertex 5.45 3.64999 1.5
      vertex -5.45 3.64999 1.5
    endloop
  endfacet
  facet normal 0 -1 -0
    outer loop
      vertex 5.45 3.64999 1.5
      vertex -5.45 3.64999 0.25
      vertex 5.45 3.64999 0.25
    endloop
  endfacet
  facet normal -1 0 0
    outer loop
      vertex 5.7 -3.39999 0.25
      vertex 5.7 3.39999 1.5
      vertex 5.7 3.39999 0.25
    endloop
  endfacet
  facet normal -1 -0 0
    outer loop
      vertex 5.7 3.39999 1.5
      vertex 5.7 -3.39999 0.25
      vertex 5.7 -3.39999 1.5
    endloop
  endfacet
  facet normal -0.649489 0.760371 0
    outer loop
      vertex 5.62677 -3.57677 0.25
      vertex 5.59694 -3.60225 1.5
      vertex 5.62677 -3.57677 1.5
    endloop
  endfacet
  facet normal -0.649489 0.760371 0
    outer loop
      vertex 5.59694 -3.60225 1.5
      vertex 5.62677 -3.57677 0.25
      vertex 5.59694 -3.60225 0.25
    endloop
  endfacet
  facet normal 0.649489 -0.760371 0
    outer loop
      vertex -5.62677 3.57677 0.25
      vertex -5.59694 3.60225 1.5
      vertex -5.62677 3.57677 1.5
    endloop
  endfacet
  facet normal 0.649489 -0.760371 0
    outer loop
      vertex -5.59694 3.60225 1.5
      vertex -5.62677 3.57677 0.25
      vertex -5.59694 3.60225 0.25
    endloop
  endfacet
  facet normal 0.522347 0.852733 -0
    outer loop
      vertex -5.56349 -3.62274 0.25
      vertex -5.59694 -3.60225 1.5
      vertex -5.56349 -3.62274 1.5
    endloop
  endfacet
  facet normal 0.522347 0.852733 0
    outer loop
      vertex -5.59694 -3.60225 1.5
      vertex -5.56349 -3.62274 0.25
      vertex -5.59694 -3.60225 0.25
    endloop
  endfacet
  facet normal 0.233286 0.972408 -0
    outer loop
      vertex -5.48911 -3.64691 0.25
      vertex -5.52725 -3.63776 1.5
      vertex -5.48911 -3.64691 1.5
    endloop
  endfacet
  facet normal 0.233286 0.972408 0
    outer loop
      vertex -5.52725 -3.63776 1.5
      vertex -5.48911 -3.64691 0.25
      vertex -5.52725 -3.63776 0.25
    endloop
  endfacet
  facet normal -0.382877 -0.923799 0
    outer loop
      vertex 5.52725 3.63776 0.25
      vertex 5.56349 3.62274 1.5
      vertex 5.52725 3.63776 1.5
    endloop
  endfacet
  facet normal -0.382877 -0.923799 -0
    outer loop
      vertex 5.56349 3.62274 1.5
      vertex 5.52725 3.63776 0.25
      vertex 5.56349 3.62274 0.25
    endloop
  endfacet
  facet normal -0.522347 -0.852733 0
    outer loop
      vertex 5.56349 3.62274 0.25
      vertex 5.59694 3.60225 1.5
      vertex 5.56349 3.62274 1.5
    endloop
  endfacet
  facet normal -0.522347 -0.852733 -0
    outer loop
      vertex 5.59694 3.60225 1.5
      vertex 5.56349 3.62274 0.25
      vertex 5.59694 3.60225 0.25
    endloop
  endfacet
  facet normal -0.233286 -0.972408 0
    outer loop
      vertex 5.48911 3.64691 0.25
      vertex 5.52725 3.63776 1.5
      vertex 5.48911 3.64691 1.5
    endloop
  endfacet
  facet normal -0.233286 -0.972408 -0
    outer loop
      vertex 5.52725 3.63776 1.5
      vertex 5.48911 3.64691 0.25
      vertex 5.52725 3.63776 0.25
    endloop
  endfacet
  facet normal 0.0785092 -0.996913 0
    outer loop
      vertex -5.48911 3.64691 0.25
      vertex -5.45 3.64999 1.5
      vertex -5.48911 3.64691 1.5
    endloop
  endfacet
  facet normal 0.0785092 -0.996913 0
    outer loop
      vertex -5.45 3.64999 1.5
      vertex -5.48911 3.64691 0.25
      vertex -5.45 3.64999 0.25
    endloop
  endfacet
  facet normal -0.760371 -0.649489 0
    outer loop
      vertex 5.65225 3.54694 0.25
      vertex 5.62677 3.57677 1.5
      vertex 5.62677 3.57677 0.25
    endloop
  endfacet
  facet normal -0.760371 -0.649489 0
    outer loop
      vertex 5.62677 3.57677 1.5
      vertex 5.65225 3.54694 0.25
      vertex 5.65225 3.54694 1.5
    endloop
  endfacet
  facet normal -0.996893 0.0787625 0
    outer loop
      vertex 5.69691 -3.4391 0.25
      vertex 5.7 -3.39999 1.5
      vertex 5.7 -3.39999 0.25
    endloop
  endfacet
  facet normal -0.996893 0.0787625 0
    outer loop
      vertex 5.7 -3.39999 1.5
      vertex 5.69691 -3.4391 0.25
      vertex 5.69691 -3.4391 1.5
    endloop
  endfacet
  facet normal -0.972422 0.233228 0
    outer loop
      vertex 5.68776 -3.47725 0.25
      vertex 5.69691 -3.4391 1.5
      vertex 5.69691 -3.4391 0.25
    endloop
  endfacet
  facet normal -0.972422 0.233228 0
    outer loop
      vertex 5.69691 -3.4391 1.5
      vertex 5.68776 -3.47725 0.25
      vertex 5.68776 -3.47725 1.5
    endloop
  endfacet
  facet normal -0.522347 0.852733 0
    outer loop
      vertex 5.59694 -3.60225 0.25
      vertex 5.56349 -3.62274 1.5
      vertex 5.59694 -3.60225 1.5
    endloop
  endfacet
  facet normal -0.522347 0.852733 0
    outer loop
      vertex 5.56349 -3.62274 1.5
      vertex 5.59694 -3.60225 0.25
      vertex 5.56349 -3.62274 0.25
    endloop
  endfacet
  facet normal 0.522347 -0.852733 0
    outer loop
      vertex -5.59694 3.60225 0.25
      vertex -5.56349 3.62274 1.5
      vertex -5.59694 3.60225 1.5
    endloop
  endfacet
  facet normal 0.522347 -0.852733 0
    outer loop
      vertex -5.56349 3.62274 1.5
      vertex -5.59694 3.60225 0.25
      vertex -5.56349 3.62274 0.25
    endloop
  endfacet
  facet normal 0.382877 -0.923799 0
    outer loop
      vertex -5.56349 3.62274 0.25
      vertex -5.52725 3.63776 1.5
      vertex -5.56349 3.62274 1.5
    endloop
  endfacet
  facet normal 0.382877 -0.923799 0
    outer loop
      vertex -5.52725 3.63776 1.5
      vertex -5.56349 3.62274 0.25
      vertex -5.52725 3.63776 0.25
    endloop
  endfacet
  facet normal 0.760371 -0.649489 0
    outer loop
      vertex -5.65225 3.54694 1.5
      vertex -5.62677 3.57677 0.25
      vertex -5.62677 3.57677 1.5
    endloop
  endfacet
  facet normal 0.760371 -0.649489 0
    outer loop
      vertex -5.62677 3.57677 0.25
      vertex -5.65225 3.54694 1.5
      vertex -5.65225 3.54694 0.25
    endloop
  endfacet
  facet normal 0.852733 -0.522347 0
    outer loop
      vertex -5.67274 3.51349 1.5
      vertex -5.65225 3.54694 0.25
      vertex -5.65225 3.54694 1.5
    endloop
  endfacet
  facet normal 0.852733 -0.522347 0
    outer loop
      vertex -5.65225 3.54694 0.25
      vertex -5.67274 3.51349 1.5
      vertex -5.67274 3.51349 0.25
    endloop
  endfacet
  facet normal 0.972422 -0.233228 0
    outer loop
      vertex -5.69691 3.4391 1.5
      vertex -5.68776 3.47725 0.25
      vertex -5.68776 3.47725 1.5
    endloop
  endfacet
  facet normal 0.972422 -0.233228 0
    outer loop
      vertex -5.68776 3.47725 0.25
      vertex -5.69691 3.4391 1.5
      vertex -5.69691 3.4391 0.25
    endloop
  endfacet
  facet normal 0.923799 -0.382877 0
    outer loop
      vertex -5.68776 3.47725 1.5
      vertex -5.67274 3.51349 0.25
      vertex -5.67274 3.51349 1.5
    endloop
  endfacet
  facet normal 0.923799 -0.382877 0
    outer loop
      vertex -5.67274 3.51349 0.25
      vertex -5.68776 3.47725 1.5
      vertex -5.68776 3.47725 0.25
    endloop
  endfacet
  facet normal 0.923799 0.382877 0
    outer loop
      vertex -5.67274 -3.51349 1.5
      vertex -5.68776 -3.47725 0.25
      vertex -5.68776 -3.47725 1.5
    endloop
  endfacet
  facet normal 0.923799 0.382877 0
    outer loop
      vertex -5.68776 -3.47725 0.25
      vertex -5.67274 -3.51349 1.5
      vertex -5.67274 -3.51349 0.25
    endloop
  endfacet
  facet normal 0.852733 0.522347 0
    outer loop
      vertex -5.65225 -3.54694 1.5
      vertex -5.67274 -3.51349 0.25
      vertex -5.67274 -3.51349 1.5
    endloop
  endfacet
  facet normal 0.852733 0.522347 0
    outer loop
      vertex -5.67274 -3.51349 0.25
      vertex -5.65225 -3.54694 1.5
      vertex -5.65225 -3.54694 0.25
    endloop
  endfacet
  facet normal 0.382877 0.923799 -0
    outer loop
      vertex -5.52725 -3.63776 0.25
      vertex -5.56349 -3.62274 1.5
      vertex -5.52725 -3.63776 1.5
    endloop
  endfacet
  facet normal 0.382877 0.923799 0
    outer loop
      vertex -5.56349 -3.62274 1.5
      vertex -5.52725 -3.63776 0.25
      vertex -5.56349 -3.62274 0.25
    endloop
  endfacet
  facet normal -0.923799 -0.382877 0
    outer loop
      vertex 5.68776 3.47725 0.25
      vertex 5.67274 3.51349 1.5
      vertex 5.67274 3.51349 0.25
    endloop
  endfacet
  facet normal -0.923799 -0.382877 0
    outer loop
      vertex 5.67274 3.51349 1.5
      vertex 5.68776 3.47725 0.25
      vertex 5.68776 3.47725 1.5
    endloop
  endfacet
  facet normal -0.852733 -0.522347 0
    outer loop
      vertex 5.67274 3.51349 0.25
      vertex 5.65225 3.54694 1.5
      vertex 5.65225 3.54694 0.25
    endloop
  endfacet
  facet normal -0.852733 -0.522347 0
    outer loop
      vertex 5.65225 3.54694 1.5
      vertex 5.67274 3.51349 0.25
      vertex 5.67274 3.51349 1.5
    endloop
  endfacet
  facet normal -0.852733 0.522347 0
    outer loop
      vertex 5.65225 -3.54694 0.25
      vertex 5.67274 -3.51349 1.5
      vertex 5.67274 -3.51349 0.25
    endloop
  endfacet
  facet normal -0.852733 0.522347 0
    outer loop
      vertex 5.67274 -3.51349 1.5
      vertex 5.65225 -3.54694 0.25
      vertex 5.65225 -3.54694 1.5
    endloop
  endfacet
  facet normal -0.760371 0.649489 0
    outer loop
      vertex 5.62677 -3.57677 0.25
      vertex 5.65225 -3.54694 1.5
      vertex 5.65225 -3.54694 0.25
    endloop
  endfacet
  facet normal -0.760371 0.649489 0
    outer loop
      vertex 5.65225 -3.54694 1.5
      vertex 5.62677 -3.57677 0.25
      vertex 5.62677 -3.57677 1.5
    endloop
  endfacet
  facet normal 0.996893 0.0787625 0
    outer loop
      vertex -5.69691 -3.4391 1.5
      vertex -5.7 -3.39999 0.25
      vertex -5.7 -3.39999 1.5
    endloop
  endfacet
  facet normal 0.996893 0.0787625 0
    outer loop
      vertex -5.7 -3.39999 0.25
      vertex -5.69691 -3.4391 1.5
      vertex -5.69691 -3.4391 0.25
    endloop
  endfacet
  facet normal 0 0 1
    outer loop
      vertex 5.45 3.64999 0.25
      vertex 5.7 3.39999 0.25
      vertex 5.69691 3.4391 0.25
    endloop
  endfacet
  facet normal 0 0 1
    outer loop
      vertex 5.7 3.39999 0.25
      vertex 5.45 3.64999 0.25
      vertex 5.7 -3.39999 0.25
    endloop
  endfacet
  facet normal 0 0 1
    outer loop
      vertex 5.45 3.64999 0.25
      vertex 5.69691 3.4391 0.25
      vertex 5.68776 3.47725 0.25
    endloop
  endfacet
  facet normal 0 0 1
    outer loop
      vertex 5.45 -3.64999 0.25
      vertex 5.7 -3.39999 0.25
      vertex 5.45 3.64999 0.25
    endloop
  endfacet
  facet normal 0 0 1
    outer loop
      vertex 5.45 3.64999 0.25
      vertex 5.68776 3.47725 0.25
      vertex 5.67274 3.51349 0.25
    endloop
  endfacet
  facet normal 0 0 1
    outer loop
      vertex 5.7 -3.39999 0.25
      vertex 5.45 -3.64999 0.25
      vertex 5.69691 -3.4391 0.25
    endloop
  endfacet
  facet normal 0 0 1
    outer loop
      vertex 5.45 3.64999 0.25
      vertex 5.67274 3.51349 0.25
      vertex 5.65225 3.54694 0.25
    endloop
  endfacet
  facet normal 0 0 1
    outer loop
      vertex 5.69691 -3.4391 0.25
      vertex 5.45 -3.64999 0.25
      vertex 5.68776 -3.47725 0.25
    endloop
  endfacet
  facet normal 0 0 1
    outer loop
      vertex 5.45 3.64999 0.25
      vertex 5.65225 3.54694 0.25
      vertex 5.62677 3.57677 0.25
    endloop
  endfacet
  facet normal 0 0 1
    outer loop
      vertex 5.68776 -3.47725 0.25
      vertex 5.45 -3.64999 0.25
      vertex 5.67274 -3.51349 0.25
    endloop
  endfacet
  facet normal 0 0 1
    outer loop
      vertex 5.45 3.64999 0.25
      vertex 5.62677 3.57677 0.25
      vertex 5.59694 3.60225 0.25
    endloop
  endfacet
  facet normal 0 0 1
    outer loop
      vertex 5.67274 -3.51349 0.25
      vertex 5.45 -3.64999 0.25
      vertex 5.65225 -3.54694 0.25
    endloop
  endfacet
  facet normal 0 0 1
    outer loop
      vertex 5.45 3.64999 0.25
      vertex 5.59694 3.60225 0.25
      vertex 5.56349 3.62274 0.25
    endloop
  endfacet
  facet normal 0 0 1
    outer loop
      vertex 5.65225 -3.54694 0.25
      vertex 5.45 -3.64999 0.25
      vertex 5.62677 -3.57677 0.25
    endloop
  endfacet
  facet normal 0 0 1
    outer loop
      vertex 5.45 3.64999 0.25
      vertex 5.56349 3.62274 0.25
      vertex 5.52725 3.63776 0.25
    endloop
  endfacet
  facet normal 0 0 1
    outer loop
      vertex 5.62677 -3.57677 0.25
      vertex 5.45 -3.64999 0.25
      vertex 5.59694 -3.60225 0.25
    endloop
  endfacet
  facet normal 0 0 1
    outer loop
      vertex 5.45 3.64999 0.25
      vertex 5.52725 3.63776 0.25
      vertex 5.48911 3.64691 0.25
    endloop
  endfacet
  facet normal 0 0 1
    outer loop
      vertex 5.59694 -3.60225 0.25
      vertex 5.45 -3.64999 0.25
      vertex 5.56349 -3.62274 0.25
    endloop
  endfacet
  facet normal 0 0 1
    outer loop
      vertex 5.56349 -3.62274 0.25
      vertex 5.45 -3.64999 0.25
      vertex 5.52725 -3.63776 0.25
    endloop
  endfacet
  facet normal 0 0 1
    outer loop
      vertex 5.52725 -3.63776 0.25
      vertex 5.45 -3.64999 0.25
      vertex 5.48911 -3.64691 0.25
    endloop
  endfacet
  facet normal -0 0 1
    outer loop
      vertex -5.45 3.64999 0.25
      vertex 5.45 -3.64999 0.25
      vertex 5.45 3.64999 0.25
    endloop
  endfacet
  facet normal 0 0 1
    outer loop
      vertex -5.45 3.64999 0.25
      vertex -5.45 -3.64999 0.25
      vertex 5.45 -3.64999 0.25
    endloop
  endfacet
  facet normal 0 0 1
    outer loop
      vertex -5.7 3.39999 0.25
      vertex -5.45 3.64999 0.25
      vertex -5.48911 3.64691 0.25
    endloop
  endfacet
  facet normal 0 0 1
    outer loop
      vertex -5.45 3.64999 0.25
      vertex -5.7 3.39999 0.25
      vertex -5.45 -3.64999 0.25
    endloop
  endfacet
  facet normal 0 0 1
    outer loop
      vertex -5.7 3.39999 0.25
      vertex -5.48911 3.64691 0.25
      vertex -5.52725 3.63776 0.25
    endloop
  endfacet
  facet normal -0 0 1
    outer loop
      vertex -5.7 -3.39999 0.25
      vertex -5.45 -3.64999 0.25
      vertex -5.7 3.39999 0.25
    endloop
  endfacet
  facet normal 0 0 1
    outer loop
      vertex -5.7 3.39999 0.25
      vertex -5.52725 3.63776 0.25
      vertex -5.56349 3.62274 0.25
    endloop
  endfacet
  facet normal 0 0 1
    outer loop
      vertex -5.45 -3.64999 0.25
      vertex -5.7 -3.39999 0.25
      vertex -5.48911 -3.64691 0.25
    endloop
  endfacet
  facet normal 0 0 1
    outer loop
      vertex -5.7 3.39999 0.25
      vertex -5.56349 3.62274 0.25
      vertex -5.59694 3.60225 0.25
    endloop
  endfacet
  facet normal 0 0 1
    outer loop
      vertex -5.48911 -3.64691 0.25
      vertex -5.7 -3.39999 0.25
      vertex -5.52725 -3.63776 0.25
    endloop
  endfacet
  facet normal 0 0 1
    outer loop
      vertex -5.7 3.39999 0.25
      vertex -5.59694 3.60225 0.25
      vertex -5.62677 3.57677 0.25
    endloop
  endfacet
  facet normal 0 0 1
    outer loop
      vertex -5.52725 -3.63776 0.25
      vertex -5.7 -3.39999 0.25
      vertex -5.56349 -3.62274 0.25
    endloop
  endfacet
  facet normal 0 0 1
    outer loop
      vertex -5.7 3.39999 0.25
      vertex -5.62677 3.57677 0.25
      vertex -5.65225 3.54694 0.25
    endloop
  endfacet
  facet normal 0 0 1
    outer loop
      vertex -5.56349 -3.62274 0.25
      vertex -5.7 -3.39999 0.25
      vertex -5.59694 -3.60225 0.25
    endloop
  endfacet
  facet normal 0 0 1
    outer loop
      vertex -5.7 3.39999 0.25
      vertex -5.65225 3.54694 0.25
      vertex -5.67274 3.51349 0.25
    endloop
  endfacet
  facet normal 0 0 1
    outer loop
      vertex -5.59694 -3.60225 0.25
      vertex -5.7 -3.39999 0.25
      vertex -5.62677 -3.57677 0.25
    endloop
  endfacet
  facet normal 0 0 1
    outer loop
      vertex -5.7 3.39999 0.25
      vertex -5.67274 3.51349 0.25
      vertex -5.68776 3.47725 0.25
    endloop
  endfacet
  facet normal 0 0 1
    outer loop
      vertex -5.62677 -3.57677 0.25
      vertex -5.7 -3.39999 0.25
      vertex -5.65225 -3.54694 0.25
    endloop
  endfacet
  facet normal 0 0 1
    outer loop
      vertex -5.7 3.39999 0.25
      vertex -5.68776 3.47725 0.25
      vertex -5.69691 3.4391 0.25
    endloop
  endfacet
  facet normal 0 0 1
    outer loop
      vertex -5.65225 -3.54694 0.25
      vertex -5.7 -3.39999 0.25
      vertex -5.67274 -3.51349 0.25
    endloop
  endfacet
  facet normal 0 0 1
    outer loop
      vertex -5.67274 -3.51349 0.25
      vertex -5.7 -3.39999 0.25
      vertex -5.68776 -3.47725 0.25
    endloop
  endfacet
  facet normal 0 0 1
    outer loop
      vertex -5.68776 -3.47725 0.25
      vertex -5.7 -3.39999 0.25
      vertex -5.69691 -3.4391 0.25
    endloop
  endfacet
  facet normal 0.972422 0.233228 0
    outer loop
      vertex -5.68776 -3.47725 1.5
      vertex -5.69691 -3.4391 0.25
      vertex -5.69691 -3.4391 1.5
    endloop
  endfacet
  facet normal 0.972422 0.233228 0
    outer loop
      vertex -5.69691 -3.4391 0.25
      vertex -5.68776 -3.47725 1.5
      vertex -5.68776 -3.47725 0.25
    endloop
  endfacet
  facet normal 0.760371 0.649489 0
    outer loop
      vertex -5.62677 -3.57677 1.5
      vertex -5.65225 -3.54694 0.25
      vertex -5.65225 -3.54694 1.5
    endloop
  endfacet
  facet normal 0.760371 0.649489 0
    outer loop
      vertex -5.65225 -3.54694 0.25
      vertex -5.62677 -3.57677 1.5
      vertex -5.62677 -3.57677 0.25
    endloop
  endfacet
  facet normal -0.996893 -0.0787625 0
    outer loop
      vertex 5.7 3.39999 0.25
      vertex 5.69691 3.4391 1.5
      vertex 5.69691 3.4391 0.25
    endloop
  endfacet
  facet normal -0.996893 -0.0787625 0
    outer loop
      vertex 5.69691 3.4391 1.5
      vertex 5.7 3.39999 0.25
      vertex 5.7 3.39999 1.5
    endloop
  endfacet
  facet normal -0.972422 -0.233228 0
    outer loop
      vertex 5.69691 3.4391 0.25
      vertex 5.68776 3.47725 1.5
      vertex 5.68776 3.47725 0.25
    endloop
  endfacet
  facet normal -0.972422 -0.233228 0
    outer loop
      vertex 5.68776 3.47725 1.5
      vertex 5.69691 3.4391 0.25
      vertex 5.69691 3.4391 1.5
    endloop
  endfacet
  facet normal -0.923799 0.382877 0
    outer loop
      vertex 5.67274 -3.51349 0.25
      vertex 5.68776 -3.47725 1.5
      vertex 5.68776 -3.47725 0.25
    endloop
  endfacet
  facet normal -0.923799 0.382877 0
    outer loop
      vertex 5.68776 -3.47725 1.5
      vertex 5.67274 -3.51349 0.25
      vertex 5.67274 -3.51349 1.5
    endloop
  endfacet
  facet normal 0.382636 -0.923899 0
    outer loop
      vertex 5.75815 -3.98286 -9.2
      vertex 5.80888 -3.96185 0
      vertex 5.75815 -3.98286 0
    endloop
  endfacet
  facet normal 0.382636 -0.923899 0
    outer loop
      vertex 5.80888 -3.96185 0
      vertex 5.75815 -3.98286 -9.2
      vertex 5.80888 -3.96185 -9.2
    endloop
  endfacet
  facet normal 0.522532 -0.85262 0
    outer loop
      vertex 5.80888 -3.96185 -9.2
      vertex 5.85571 -3.93315 0
      vertex 5.80888 -3.96185 0
    endloop
  endfacet
  facet normal 0.522532 -0.85262 0
    outer loop
      vertex 5.85571 -3.93315 0
      vertex 5.80888 -3.96185 -9.2
      vertex 5.85571 -3.93315 -9.2
    endloop
  endfacet
  facet normal -0.522532 -0.85262 0
    outer loop
      vertex -5.85571 -3.93315 -9.2
      vertex -5.80888 -3.96185 0
      vertex -5.85571 -3.93315 0
    endloop
  endfacet
  facet normal -0.522532 -0.85262 -0
    outer loop
      vertex -5.80888 -3.96185 0
      vertex -5.85571 -3.93315 -9.2
      vertex -5.80888 -3.96185 -9.2
    endloop
  endfacet
  facet normal 1 0 0
    outer loop
      vertex 6 3.64999 0
      vertex 6 2.6 -5.71058
      vertex 6 3.64999 -9.2
    endloop
  endfacet
  facet normal 1 0 0
    outer loop
      vertex 6 3.64999 0
      vertex 6 -2.6 -5.71058
      vertex 6 2.6 -5.71058
    endloop
  endfacet
  facet normal 1 0 0
    outer loop
      vertex 6 -3.64999 -9.2
      vertex 6 -2.6 -5.71058
      vertex 6 -3.64999 0
    endloop
  endfacet
  facet normal 1 -0 0
    outer loop
      vertex 6 -3.64999 0
      vertex 6 -2.6 -5.71058
      vertex 6 3.64999 0
    endloop
  endfacet
  facet normal 1 -0 0
    outer loop
      vertex 6 3.64999 -9.2
      vertex 6 3.72499 -10.2
      vertex 6 3.72499 -9.2
    endloop
  endfacet
  facet normal 1 -0 0
    outer loop
      vertex 6 2.6 -7.8
      vertex 6 3.64999 -9.2
      vertex 6 2.6 -5.71058
    endloop
  endfacet
  facet normal 1 0 0
    outer loop
      vertex 6 3.64999 -9.2
      vertex 6 2.6 -7.8
      vertex 6 3.72499 -10.2
    endloop
  endfacet
  facet normal 1 -0 0
    outer loop
      vertex 6 -2.6 -7.8
      vertex 6 3.72499 -10.2
      vertex 6 2.6 -7.8
    endloop
  endfacet
  facet normal 1 0 0
    outer loop
      vertex 6 -2.6 -5.71058
      vertex 6 -3.64999 -9.2
      vertex 6 -2.6 -7.8
    endloop
  endfacet
  facet normal 1 0 0
    outer loop
      vertex 6 -3.72499 -10.2
      vertex 6 -2.6 -7.8
      vertex 6 -3.64999 -9.2
    endloop
  endfacet
  facet normal 1 0 0
    outer loop
      vertex 6 -3.72499 -10.2
      vertex 6 -3.64999 -9.2
      vertex 6 -3.72499 -9.2
    endloop
  endfacet
  facet normal 1 0 0
    outer loop
      vertex 6 -2.6 -7.8
      vertex 6 -3.72499 -10.2
      vertex 6 3.72499 -10.2
    endloop
  endfacet
  facet normal 0 -1 0
    outer loop
      vertex -5.64999 -4 -9.2
      vertex 5.64999 -4 0
      vertex -5.64999 -4 0
    endloop
  endfacet
  facet normal 0 -1 -0
    outer loop
      vertex 5.64999 -4 0
      vertex -5.64999 -4 -9.2
      vertex 5.64999 -4 -9.2
    endloop
  endfacet
  facet normal 0.923899 -0.382636 0
    outer loop
      vertex 5.96185 -3.80888 0
      vertex 5.98286 -3.75815 -9.2
      vertex 5.98286 -3.75815 0
    endloop
  endfacet
  facet normal 0.923899 -0.382636 0
    outer loop
      vertex 5.98286 -3.75815 -9.2
      vertex 5.96185 -3.80888 0
      vertex 5.96185 -3.80888 -9.2
    endloop
  endfacet
  facet normal 0 1 -0
    outer loop
      vertex 5.64999 4 -9.2
      vertex -5.64999 4 0
      vertex 5.64999 4 0
    endloop
  endfacet
  facet normal 0 1 0
    outer loop
      vertex -5.64999 4 0
      vertex 5.64999 4 -9.2
      vertex -5.64999 4 -9.2
    endloop
  endfacet
  facet normal -0.2334 -0.972381 0
    outer loop
      vertex -5.75815 -3.98286 -9.2
      vertex -5.70474 -3.99568 0
      vertex -5.75815 -3.98286 0
    endloop
  endfacet
  facet normal -0.2334 -0.972381 -0
    outer loop
      vertex -5.70474 -3.99568 0
      vertex -5.75815 -3.98286 -9.2
      vertex -5.70474 -3.99568 -9.2
    endloop
  endfacet
  facet normal -0.0786596 -0.996902 0
    outer loop
      vertex -5.70474 -3.99568 -9.2
      vertex -5.64999 -4 0
      vertex -5.70474 -3.99568 0
    endloop
  endfacet
  facet normal -0.0786596 -0.996902 -0
    outer loop
      vertex -5.64999 -4 0
      vertex -5.70474 -3.99568 -9.2
      vertex -5.64999 -4 -9.2
    endloop
  endfacet
  facet normal -0.996902 0.0786596 0
    outer loop
      vertex -6 3.64999 -9.2
      vertex -5.99568 3.70474 0
      vertex -5.99568 3.70474 -9.2
    endloop
  endfacet
  facet normal -0.996902 0.0786596 0
    outer loop
      vertex -5.99568 3.70474 0
      vertex -6 3.64999 -9.2
      vertex -6 3.64999 0
    endloop
  endfacet
  facet normal -1 0 0
    outer loop
      vertex -6 3.72499 -10.2
      vertex -6 3.64999 -9.2
      vertex -6 3.72499 -9.2
    endloop
  endfacet
  facet normal -1 0 0
    outer loop
      vertex -6 2.6 -5.02957
      vertex -6 3.64999 -9.2
      vertex -6 2.6 -7.8
    endloop
  endfacet
  facet normal -1 0 0
    outer loop
      vertex -6 3.72499 -10.2
      vertex -6 2.6 -7.8
      vertex -6 3.64999 -9.2
    endloop
  endfacet
  facet normal -1 0 0
    outer loop
      vertex -6 3.72499 -10.2
      vertex -6 -2.6 -7.8
      vertex -6 2.6 -7.8
    endloop
  endfacet
  facet normal -1 -0 0
    outer loop
      vertex -6 -2.6 -7.8
      vertex -6 -3.64999 -9.2
      vertex -6 -2.6 -5.02957
    endloop
  endfacet
  facet normal -1 0 0
    outer loop
      vertex -6 -3.72499 -10.2
      vertex -6 -2.6 -7.8
      vertex -6 3.72499 -10.2
    endloop
  endfacet
  facet normal -1 0 0
    outer loop
      vertex -6 -2.6 -7.8
      vertex -6 -3.72499 -10.2
      vertex -6 -3.64999 -9.2
    endloop
  endfacet
  facet normal -1 -0 0
    outer loop
      vertex -6 -3.64999 -9.2
      vertex -6 -3.72499 -10.2
      vertex -6 -3.72499 -9.2
    endloop
  endfacet
  facet normal -1 0 0
    outer loop
      vertex -6 3.64999 -9.2
      vertex -6 2.6 -5.02957
      vertex -6 3.64999 0
    endloop
  endfacet
  facet normal -1 0 0
    outer loop
      vertex -6 -2.6 -5.02957
      vertex -6 3.64999 0
      vertex -6 2.6 -5.02957
    endloop
  endfacet
  facet normal -1 0 0
    outer loop
      vertex -6 -2.6 -5.02957
      vertex -6 -3.64999 0
      vertex -6 3.64999 0
    endloop
  endfacet
  facet normal -1 0 0
    outer loop
      vertex -6 -3.64999 0
      vertex -6 -2.6 -5.02957
      vertex -6 -3.64999 -9.2
    endloop
  endfacet
  facet normal -0.85262 -0.522532 0
    outer loop
      vertex -5.93315 -3.85571 -9.2
      vertex -5.96185 -3.80888 0
      vertex -5.96185 -3.80888 -9.2
    endloop
  endfacet
  facet normal -0.85262 -0.522532 0
    outer loop
      vertex -5.96185 -3.80888 0
      vertex -5.93315 -3.85571 -9.2
      vertex -5.93315 -3.85571 0
    endloop
  endfacet
  facet normal -0.382636 0.923899 0
    outer loop
      vertex -5.75815 3.98286 -9.2
      vertex -5.80888 3.96185 0
      vertex -5.75815 3.98286 0
    endloop
  endfacet
  facet normal -0.382636 0.923899 0
    outer loop
      vertex -5.80888 3.96185 0
      vertex -5.75815 3.98286 -9.2
      vertex -5.80888 3.96185 -9.2
    endloop
  endfacet
  facet normal 0.0786596 -0.996902 0
    outer loop
      vertex 5.64999 -4 -9.2
      vertex 5.70474 -3.99568 0
      vertex 5.64999 -4 0
    endloop
  endfacet
  facet normal 0.0786596 -0.996902 0
    outer loop
      vertex 5.70474 -3.99568 0
      vertex 5.64999 -4 -9.2
      vertex 5.70474 -3.99568 -9.2
    endloop
  endfacet
  facet normal 0.2334 -0.972381 0
    outer loop
      vertex 5.70474 -3.99568 -9.2
      vertex 5.75815 -3.98286 0
      vertex 5.70474 -3.99568 0
    endloop
  endfacet
  facet normal 0.2334 -0.972381 0
    outer loop
      vertex 5.75815 -3.98286 0
      vertex 5.70474 -3.99568 -9.2
      vertex 5.75815 -3.98286 -9.2
    endloop
  endfacet
  facet normal 0.649396 0.76045 -0
    outer loop
      vertex 5.89748 3.89748 -9.2
      vertex 5.85571 3.93315 0
      vertex 5.89748 3.89748 0
    endloop
  endfacet
  facet normal 0.649396 0.76045 0
    outer loop
      vertex 5.85571 3.93315 0
      vertex 5.89748 3.89748 -9.2
      vertex 5.85571 3.93315 -9.2
    endloop
  endfacet
  facet normal 0.85262 -0.522532 0
    outer loop
      vertex 5.93315 -3.85571 0
      vertex 5.96185 -3.80888 -9.2
      vertex 5.96185 -3.80888 0
    endloop
  endfacet
  facet normal 0.85262 -0.522532 0
    outer loop
      vertex 5.96185 -3.80888 -9.2
      vertex 5.93315 -3.85571 0
      vertex 5.93315 -3.85571 -9.2
    endloop
  endfacet
  facet normal -0.382636 -0.923899 0
    outer loop
      vertex -5.80888 -3.96185 -9.2
      vertex -5.75815 -3.98286 0
      vertex -5.80888 -3.96185 0
    endloop
  endfacet
  facet normal -0.382636 -0.923899 -0
    outer loop
      vertex -5.75815 -3.98286 0
      vertex -5.80888 -3.96185 -9.2
      vertex -5.75815 -3.98286 -9.2
    endloop
  endfacet
  facet normal -0.923899 0.382636 0
    outer loop
      vertex -5.98286 3.75815 -9.2
      vertex -5.96185 3.80888 0
      vertex -5.96185 3.80888 -9.2
    endloop
  endfacet
  facet normal -0.923899 0.382636 0
    outer loop
      vertex -5.96185 3.80888 0
      vertex -5.98286 3.75815 -9.2
      vertex -5.98286 3.75815 0
    endloop
  endfacet
  facet normal -0.85262 0.522532 0
    outer loop
      vertex -5.96185 3.80888 -9.2
      vertex -5.93315 3.85571 0
      vertex -5.93315 3.85571 -9.2
    endloop
  endfacet
  facet normal -0.85262 0.522532 0
    outer loop
      vertex -5.93315 3.85571 0
      vertex -5.96185 3.80888 -9.2
      vertex -5.96185 3.80888 0
    endloop
  endfacet
  facet normal -0.76045 -0.649396 0
    outer loop
      vertex -5.89748 -3.89748 -9.2
      vertex -5.93315 -3.85571 0
      vertex -5.93315 -3.85571 -9.2
    endloop
  endfacet
  facet normal -0.76045 -0.649396 0
    outer loop
      vertex -5.93315 -3.85571 0
      vertex -5.89748 -3.89748 -9.2
      vertex -5.89748 -3.89748 0
    endloop
  endfacet
  facet normal 0.0786596 0.996902 -0
    outer loop
      vertex 5.70474 3.99568 -9.2
      vertex 5.64999 4 0
      vertex 5.70474 3.99568 0
    endloop
  endfacet
  facet normal 0.0786596 0.996902 0
    outer loop
      vertex 5.64999 4 0
      vertex 5.70474 3.99568 -9.2
      vertex 5.64999 4 -9.2
    endloop
  endfacet
  facet normal -0.972381 0.2334 0
    outer loop
      vertex -5.99568 3.70474 -9.2
      vertex -5.98286 3.75815 0
      vertex -5.98286 3.75815 -9.2
    endloop
  endfacet
  facet normal -0.972381 0.2334 0
    outer loop
      vertex -5.98286 3.75815 0
      vertex -5.99568 3.70474 -9.2
      vertex -5.99568 3.70474 0
    endloop
  endfacet
  facet normal -0.76045 0.649396 0
    outer loop
      vertex -5.93315 3.85571 -9.2
      vertex -5.89748 3.89748 0
      vertex -5.89748 3.89748 -9.2
    endloop
  endfacet
  facet normal -0.76045 0.649396 0
    outer loop
      vertex -5.89748 3.89748 0
      vertex -5.93315 3.85571 -9.2
      vertex -5.93315 3.85571 0
    endloop
  endfacet
  facet normal -0.649396 0.76045 0
    outer loop
      vertex -5.85571 3.93315 -9.2
      vertex -5.89748 3.89748 0
      vertex -5.85571 3.93315 0
    endloop
  endfacet
  facet normal -0.649396 0.76045 0
    outer loop
      vertex -5.89748 3.89748 0
      vertex -5.85571 3.93315 -9.2
      vertex -5.89748 3.89748 -9.2
    endloop
  endfacet
  facet normal -0.522532 0.85262 0
    outer loop
      vertex -5.80888 3.96185 -9.2
      vertex -5.85571 3.93315 0
      vertex -5.80888 3.96185 0
    endloop
  endfacet
  facet normal -0.522532 0.85262 0
    outer loop
      vertex -5.85571 3.93315 0
      vertex -5.80888 3.96185 -9.2
      vertex -5.85571 3.93315 -9.2
    endloop
  endfacet
  facet normal -0.923899 -0.382636 0
    outer loop
      vertex -5.96185 -3.80888 -9.2
      vertex -5.98286 -3.75815 0
      vertex -5.98286 -3.75815 -9.2
    endloop
  endfacet
  facet normal -0.923899 -0.382636 0
    outer loop
      vertex -5.98286 -3.75815 0
      vertex -5.96185 -3.80888 -9.2
      vertex -5.96185 -3.80888 0
    endloop
  endfacet
  facet normal 0 0 -1
    outer loop
      vertex 5.64999 -4.075 -10.2
      vertex 6 -3.72499 -10.2
      vertex 5.99568 -3.77974 -10.2
    endloop
  endfacet
  facet normal 0 0 -1
    outer loop
      vertex 6 -3.72499 -10.2
      vertex 5.2 -1.85 -10.2
      vertex 6 3.72499 -10.2
    endloop
  endfacet
  facet normal 0 0 -1
    outer loop
      vertex 5.64999 -4.075 -10.2
      vertex 5.99568 -3.77974 -10.2
      vertex 5.98286 -3.83315 -10.2
    endloop
  endfacet
  facet normal 0 0 -1
    outer loop
      vertex 5.2 1.85 -10.2
      vertex 6 3.72499 -10.2
      vertex 5.2 -1.85 -10.2
    endloop
  endfacet
  facet normal 0 0 -1
    outer loop
      vertex 5.64999 -4.075 -10.2
      vertex 5.98286 -3.83315 -10.2
      vertex 5.96185 -3.88388 -10.2
    endloop
  endfacet
  facet normal 0 0 -1
    outer loop
      vertex 4.8 1.85 -10.2
      vertex 6 3.72499 -10.2
      vertex 5.2 1.85 -10.2
    endloop
  endfacet
  facet normal 0 0 -1
    outer loop
      vertex 5.64999 -4.075 -10.2
      vertex 5.96185 -3.88388 -10.2
      vertex 5.93315 -3.93071 -10.2
    endloop
  endfacet
  facet normal 0 0 -1
    outer loop
      vertex 6 3.72499 -10.2
      vertex 5.64999 4.075 -10.2
      vertex 5.99568 3.77974 -10.2
    endloop
  endfacet
  facet normal 0 0 -1
    outer loop
      vertex 5.64999 -4.075 -10.2
      vertex 5.93315 -3.93071 -10.2
      vertex 5.89748 -3.97247 -10.2
    endloop
  endfacet
  facet normal 0 0 -1
    outer loop
      vertex 5.99568 3.77974 -10.2
      vertex 5.64999 4.075 -10.2
      vertex 5.98286 3.83315 -10.2
    endloop
  endfacet
  facet normal 0 0 -1
    outer loop
      vertex 5.64999 -4.075 -10.2
      vertex 5.89748 -3.97247 -10.2
      vertex 5.85571 -4.00815 -10.2
    endloop
  endfacet
  facet normal 0 0 -1
    outer loop
      vertex 5.98286 3.83315 -10.2
      vertex 5.64999 4.075 -10.2
      vertex 5.96185 3.88388 -10.2
    endloop
  endfacet
  facet normal 0 0 -1
    outer loop
      vertex 5.64999 -4.075 -10.2
      vertex 5.85571 -4.00815 -10.2
      vertex 5.80888 -4.03685 -10.2
    endloop
  endfacet
  facet normal 0 0 -1
    outer loop
      vertex 5.96185 3.88388 -10.2
      vertex 5.64999 4.075 -10.2
      vertex 5.93315 3.93071 -10.2
    endloop
  endfacet
  facet normal 0 0 -1
    outer loop
      vertex 5.64999 -4.075 -10.2
      vertex 5.80888 -4.03685 -10.2
      vertex 5.75815 -4.05786 -10.2
    endloop
  endfacet
  facet normal 0 0 -1
    outer loop
      vertex 5.93315 3.93071 -10.2
      vertex 5.64999 4.075 -10.2
      vertex 5.89748 3.97247 -10.2
    endloop
  endfacet
  facet normal 0 0 -1
    outer loop
      vertex 5.64999 -4.075 -10.2
      vertex 5.75815 -4.05786 -10.2
      vertex 5.70474 -4.07068 -10.2
    endloop
  endfacet
  facet normal 0 0 -1
    outer loop
      vertex 5.89748 3.97247 -10.2
      vertex 5.64999 4.075 -10.2
      vertex 5.85571 4.00815 -10.2
    endloop
  endfacet
  facet normal 0 0 -1
    outer loop
      vertex 4.8 -1.85 -10.2
      vertex 6 -3.72499 -10.2
      vertex 5.64999 -4.075 -10.2
    endloop
  endfacet
  facet normal 0 0 -1
    outer loop
      vertex 5.85571 4.00815 -10.2
      vertex 5.64999 4.075 -10.2
      vertex 5.80888 4.03685 -10.2
    endloop
  endfacet
  facet normal 0 0 -1
    outer loop
      vertex 5.80888 4.03685 -10.2
      vertex 5.64999 4.075 -10.2
      vertex 5.75815 4.05786 -10.2
    endloop
  endfacet
  facet normal 0 0 -1
    outer loop
      vertex 6 -3.72499 -10.2
      vertex 4.8 -1.85 -10.2
      vertex 5.2 -1.85 -10.2
    endloop
  endfacet
  facet normal 0 0 -1
    outer loop
      vertex 4.8 -1.85 -10.2
      vertex 0.2 -1.85 -10.2
      vertex 4.8 1.85 -10.2
    endloop
  endfacet
  facet normal 0 0 -1
    outer loop
      vertex 5.64999 -4.075 -10.2
      vertex 0.2 -1.85 -10.2
      vertex 4.8 -1.85 -10.2
    endloop
  endfacet
  facet normal 0 0 -1
    outer loop
      vertex 5.64999 -4.075 -10.2
      vertex -0.2 -1.85 -10.2
      vertex 0.2 -1.85 -10.2
    endloop
  endfacet
  facet normal 0 0 -1
    outer loop
      vertex -0.2 -1.85 -10.2
      vertex -4.8 -1.85 -10.2
      vertex -0.2 1.85 -10.2
    endloop
  endfacet
  facet normal 0 0 -1
    outer loop
      vertex -5.64999 -4.075 -10.2
      vertex -0.2 -1.85 -10.2
      vertex 5.64999 -4.075 -10.2
    endloop
  endfacet
  facet normal -0 0 -1
    outer loop
      vertex -0.2 -1.85 -10.2
      vertex -5.64999 -4.075 -10.2
      vertex -4.8 -1.85 -10.2
    endloop
  endfacet
  facet normal -0 0 -1
    outer loop
      vertex -4.8 -1.85 -10.2
      vertex -6 -3.72499 -10.2
      vertex -5.2 -1.85 -10.2
    endloop
  endfacet
  facet normal 0 0 -1
    outer loop
      vertex -6 -3.72499 -10.2
      vertex -4.8 -1.85 -10.2
      vertex -5.64999 -4.075 -10.2
    endloop
  endfacet
  facet normal 0 0 -1
    outer loop
      vertex 5.75815 4.05786 -10.2
      vertex 5.64999 4.075 -10.2
      vertex 5.70474 4.07068 -10.2
    endloop
  endfacet
  facet normal -0 0 -1
    outer loop
      vertex 6 3.72499 -10.2
      vertex 4.8 1.85 -10.2
      vertex 5.64999 4.075 -10.2
    endloop
  endfacet
  facet normal 0 0 -1
    outer loop
      vertex 0.2 1.85 -10.2
      vertex 4.8 1.85 -10.2
      vertex 0.2 -1.85 -10.2
    endloop
  endfacet
  facet normal 0 0 -1
    outer loop
      vertex 4.8 1.85 -10.2
      vertex 0.2 1.85 -10.2
      vertex 5.64999 4.075 -10.2
    endloop
  endfacet
  facet normal 0 0 -1
    outer loop
      vertex -0.2 1.85 -10.2
      vertex 5.64999 4.075 -10.2
      vertex 0.2 1.85 -10.2
    endloop
  endfacet
  facet normal 0 0 -1
    outer loop
      vertex -4.8 1.85 -10.2
      vertex -0.2 1.85 -10.2
      vertex -4.8 -1.85 -10.2
    endloop
  endfacet
  facet normal 0 0 -1
    outer loop
      vertex -5.64999 4.075 -10.2
      vertex -0.2 1.85 -10.2
      vertex -4.8 1.85 -10.2
    endloop
  endfacet
  facet normal 0 0 -1
    outer loop
      vertex -6 3.72499 -10.2
      vertex -4.8 1.85 -10.2
      vertex -5.2 1.85 -10.2
    endloop
  endfacet
  facet normal 0 0 -1
    outer loop
      vertex -0.2 1.85 -10.2
      vertex -5.64999 4.075 -10.2
      vertex 5.64999 4.075 -10.2
    endloop
  endfacet
  facet normal -0 0 -1
    outer loop
      vertex -5.2 -1.85 -10.2
      vertex -6 -3.72499 -10.2
      vertex -5.2 1.85 -10.2
    endloop
  endfacet
  facet normal 0 0 -1
    outer loop
      vertex -6 -3.72499 -10.2
      vertex -5.64999 -4.075 -10.2
      vertex -5.70474 -4.07068 -10.2
    endloop
  endfacet
  facet normal 0 0 -1
    outer loop
      vertex -6 3.72499 -10.2
      vertex -5.2 1.85 -10.2
      vertex -6 -3.72499 -10.2
    endloop
  endfacet
  facet normal 0 0 -1
    outer loop
      vertex -6 -3.72499 -10.2
      vertex -5.70474 -4.07068 -10.2
      vertex -5.75815 -4.05786 -10.2
    endloop
  endfacet
  facet normal 0 0 -1
    outer loop
      vertex -4.8 1.85 -10.2
      vertex -6 3.72499 -10.2
      vertex -5.64999 4.075 -10.2
    endloop
  endfacet
  facet normal 0 0 -1
    outer loop
      vertex -6 -3.72499 -10.2
      vertex -5.75815 -4.05786 -10.2
      vertex -5.80888 -4.03685 -10.2
    endloop
  endfacet
  facet normal 0 0 -1
    outer loop
      vertex -5.64999 4.075 -10.2
      vertex -6 3.72499 -10.2
      vertex -5.70474 4.07068 -10.2
    endloop
  endfacet
  facet normal 0 0 -1
    outer loop
      vertex -6 -3.72499 -10.2
      vertex -5.80888 -4.03685 -10.2
      vertex -5.85571 -4.00815 -10.2
    endloop
  endfacet
  facet normal 0 0 -1
    outer loop
      vertex -5.70474 4.07068 -10.2
      vertex -6 3.72499 -10.2
      vertex -5.75815 4.05786 -10.2
    endloop
  endfacet
  facet normal 0 0 -1
    outer loop
      vertex -6 -3.72499 -10.2
      vertex -5.85571 -4.00815 -10.2
      vertex -5.89748 -3.97247 -10.2
    endloop
  endfacet
  facet normal 0 0 -1
    outer loop
      vertex -5.75815 4.05786 -10.2
      vertex -6 3.72499 -10.2
      vertex -5.80888 4.03685 -10.2
    endloop
  endfacet
  facet normal 0 0 -1
    outer loop
      vertex -6 -3.72499 -10.2
      vertex -5.89748 -3.97247 -10.2
      vertex -5.93315 -3.93071 -10.2
    endloop
  endfacet
  facet normal 0 0 -1
    outer loop
      vertex -5.80888 4.03685 -10.2
      vertex -6 3.72499 -10.2
      vertex -5.85571 4.00815 -10.2
    endloop
  endfacet
  facet normal 0 0 -1
    outer loop
      vertex -6 -3.72499 -10.2
      vertex -5.93315 -3.93071 -10.2
      vertex -5.96185 -3.88388 -10.2
    endloop
  endfacet
  facet normal 0 0 -1
    outer loop
      vertex -5.85571 4.00815 -10.2
      vertex -6 3.72499 -10.2
      vertex -5.89748 3.97247 -10.2
    endloop
  endfacet
  facet normal 0 0 -1
    outer loop
      vertex -6 -3.72499 -10.2
      vertex -5.96185 -3.88388 -10.2
      vertex -5.98286 -3.83315 -10.2
    endloop
  endfacet
  facet normal 0 0 -1
    outer loop
      vertex -5.89748 3.97247 -10.2
      vertex -6 3.72499 -10.2
      vertex -5.93315 3.93071 -10.2
    endloop
  endfacet
  facet normal 0 0 -1
    outer loop
      vertex -6 -3.72499 -10.2
      vertex -5.98286 -3.83315 -10.2
      vertex -5.99568 -3.77974 -10.2
    endloop
  endfacet
  facet normal 0 0 -1
    outer loop
      vertex -5.93315 3.93071 -10.2
      vertex -6 3.72499 -10.2
      vertex -5.96185 3.88388 -10.2
    endloop
  endfacet
  facet normal 0 0 -1
    outer loop
      vertex -5.96185 3.88388 -10.2
      vertex -6 3.72499 -10.2
      vertex -5.98286 3.83315 -10.2
    endloop
  endfacet
  facet normal 0 0 -1
    outer loop
      vertex -5.98286 3.83315 -10.2
      vertex -6 3.72499 -10.2
      vertex -5.99568 3.77974 -10.2
    endloop
  endfacet
  facet normal -0.649396 -0.76045 0
    outer loop
      vertex -5.89748 -3.89748 -9.2
      vertex -5.85571 -3.93315 0
      vertex -5.89748 -3.89748 0
    endloop
  endfacet
  facet normal -0.649396 -0.76045 -0
    outer loop
      vertex -5.85571 -3.93315 0
      vertex -5.89748 -3.89748 -9.2
      vertex -5.85571 -3.93315 -9.2
    endloop
  endfacet
  facet normal -0.2334 0.972381 0
    outer loop
      vertex -5.70474 3.99568 -9.2
      vertex -5.75815 3.98286 0
      vertex -5.70474 3.99568 0
    endloop
  endfacet
  facet normal -0.2334 0.972381 0
    outer loop
      vertex -5.75815 3.98286 0
      vertex -5.70474 3.99568 -9.2
      vertex -5.75815 3.98286 -9.2
    endloop
  endfacet
  facet normal -0.0786596 0.996902 0
    outer loop
      vertex -5.64999 4 -9.2
      vertex -5.70474 3.99568 0
      vertex -5.64999 4 0
    endloop
  endfacet
  facet normal -0.0786596 0.996902 0
    outer loop
      vertex -5.70474 3.99568 0
      vertex -5.64999 4 -9.2
      vertex -5.70474 3.99568 -9.2
    endloop
  endfacet
  facet normal 0.76045 0.649396 0
    outer loop
      vertex 5.93315 3.85571 0
      vertex 5.89748 3.89748 -9.2
      vertex 5.89748 3.89748 0
    endloop
  endfacet
  facet normal 0.76045 0.649396 0
    outer loop
      vertex 5.89748 3.89748 -9.2
      vertex 5.93315 3.85571 0
      vertex 5.93315 3.85571 -9.2
    endloop
  endfacet
  facet normal 0.522532 0.85262 -0
    outer loop
      vertex 5.85571 3.93315 -9.2
      vertex 5.80888 3.96185 0
      vertex 5.85571 3.93315 0
    endloop
  endfacet
  facet normal 0.522532 0.85262 0
    outer loop
      vertex 5.80888 3.96185 0
      vertex 5.85571 3.93315 -9.2
      vertex 5.80888 3.96185 -9.2
    endloop
  endfacet
  facet normal 0.382636 0.923899 -0
    outer loop
      vertex 5.80888 3.96185 -9.2
      vertex 5.75815 3.98286 0
      vertex 5.80888 3.96185 0
    endloop
  endfacet
  facet normal 0.382636 0.923899 0
    outer loop
      vertex 5.75815 3.98286 0
      vertex 5.80888 3.96185 -9.2
      vertex 5.75815 3.98286 -9.2
    endloop
  endfacet
  facet normal 0.996902 -0.0786596 0
    outer loop
      vertex 5.99568 -3.70474 0
      vertex 6 -3.64999 -9.2
      vertex 6 -3.64999 0
    endloop
  endfacet
  facet normal 0.996902 -0.0786596 0
    outer loop
      vertex 6 -3.64999 -9.2
      vertex 5.99568 -3.70474 0
      vertex 5.99568 -3.70474 -9.2
    endloop
  endfacet
  facet normal -0.972381 -0.2334 0
    outer loop
      vertex -5.98286 -3.75815 -9.2
      vertex -5.99568 -3.70474 0
      vertex -5.99568 -3.70474 -9.2
    endloop
  endfacet
  facet normal -0.972381 -0.2334 0
    outer loop
      vertex -5.99568 -3.70474 0
      vertex -5.98286 -3.75815 -9.2
      vertex -5.98286 -3.75815 0
    endloop
  endfacet
  facet normal -0.996902 -0.0786596 0
    outer loop
      vertex -5.99568 -3.70474 -9.2
      vertex -6 -3.64999 0
      vertex -6 -3.64999 -9.2
    endloop
  endfacet
  facet normal -0.996902 -0.0786596 0
    outer loop
      vertex -6 -3.64999 0
      vertex -5.99568 -3.70474 -9.2
      vertex -5.99568 -3.70474 0
    endloop
  endfacet
  facet normal 0.923899 0.382636 0
    outer loop
      vertex 5.98286 3.75815 0
      vertex 5.96185 3.80888 -9.2
      vertex 5.96185 3.80888 0
    endloop
  endfacet
  facet normal 0.923899 0.382636 0
    outer loop
      vertex 5.96185 3.80888 -9.2
      vertex 5.98286 3.75815 0
      vertex 5.98286 3.75815 -9.2
    endloop
  endfacet
  facet normal 0.2334 0.972381 -0
    outer loop
      vertex 5.75815 3.98286 -9.2
      vertex 5.70474 3.99568 0
      vertex 5.75815 3.98286 0
    endloop
  endfacet
  facet normal 0.2334 0.972381 0
    outer loop
      vertex 5.70474 3.99568 0
      vertex 5.75815 3.98286 -9.2
      vertex 5.70474 3.99568 -9.2
    endloop
  endfacet
  facet normal 0.972381 -0.2334 0
    outer loop
      vertex 5.98286 -3.75815 0
      vertex 5.99568 -3.70474 -9.2
      vertex 5.99568 -3.70474 0
    endloop
  endfacet
  facet normal 0.972381 -0.2334 0
    outer loop
      vertex 5.99568 -3.70474 -9.2
      vertex 5.98286 -3.75815 0
      vertex 5.98286 -3.75815 -9.2
    endloop
  endfacet
  facet normal 0.972381 0.2334 0
    outer loop
      vertex 5.99568 3.70474 0
      vertex 5.98286 3.75815 -9.2
      vertex 5.98286 3.75815 0
    endloop
  endfacet
  facet normal 0.972381 0.2334 0
    outer loop
      vertex 5.98286 3.75815 -9.2
      vertex 5.99568 3.70474 0
      vertex 5.99568 3.70474 -9.2
    endloop
  endfacet
  facet normal 0.996902 0.0786596 0
    outer loop
      vertex 6 3.64999 0
      vertex 5.99568 3.70474 -9.2
      vertex 5.99568 3.70474 0
    endloop
  endfacet
  facet normal 0.996902 0.0786596 0
    outer loop
      vertex 5.99568 3.70474 -9.2
      vertex 6 3.64999 0
      vertex 6 3.64999 -9.2
    endloop
  endfacet
  facet normal 0.85262 0.522532 0
    outer loop
      vertex 5.96185 3.80888 0
      vertex 5.93315 3.85571 -9.2
      vertex 5.93315 3.85571 0
    endloop
  endfacet
  facet normal 0.85262 0.522532 0
    outer loop
      vertex 5.93315 3.85571 -9.2
      vertex 5.96185 3.80888 0
      vertex 5.96185 3.80888 -9.2
    endloop
  endfacet
  facet normal 0.76045 -0.649396 0
    outer loop
      vertex 5.89748 -3.89748 0
      vertex 5.93315 -3.85571 -9.2
      vertex 5.93315 -3.85571 0
    endloop
  endfacet
  facet normal 0.76045 -0.649396 0
    outer loop
      vertex 5.93315 -3.85571 -9.2
      vertex 5.89748 -3.89748 0
      vertex 5.89748 -3.89748 -9.2
    endloop
  endfacet
  facet normal 0.649396 -0.76045 0
    outer loop
      vertex 5.85571 -3.93315 -9.2
      vertex 5.89748 -3.89748 0
      vertex 5.85571 -3.93315 0
    endloop
  endfacet
  facet normal 0.649396 -0.76045 0
    outer loop
      vertex 5.89748 -3.89748 0
      vertex 5.85571 -3.93315 -9.2
      vertex 5.89748 -3.89748 -9.2
    endloop
  endfacet
  facet normal 0.382636 -0.923899 0
    outer loop
      vertex 5.75815 -4.05786 -10.2
      vertex 5.80888 -4.03685 -9.2
      vertex 5.75815 -4.05786 -9.2
    endloop
  endfacet
  facet normal 0.382636 -0.923899 0
    outer loop
      vertex 5.80888 -4.03685 -9.2
      vertex 5.75815 -4.05786 -10.2
      vertex 5.80888 -4.03685 -10.2
    endloop
  endfacet
  facet normal 0.522532 -0.85262 0
    outer loop
      vertex 5.80888 -4.03685 -10.2
      vertex 5.85571 -4.00815 -9.2
      vertex 5.80888 -4.03685 -9.2
    endloop
  endfacet
  facet normal 0.522532 -0.85262 0
    outer loop
      vertex 5.85571 -4.00815 -9.2
      vertex 5.80888 -4.03685 -10.2
      vertex 5.85571 -4.00815 -10.2
    endloop
  endfacet
  facet normal -0.522532 -0.85262 0
    outer loop
      vertex -5.85571 -4.00815 -10.2
      vertex -5.80888 -4.03685 -9.2
      vertex -5.85571 -4.00815 -9.2
    endloop
  endfacet
  facet normal -0.522532 -0.85262 -0
    outer loop
      vertex -5.80888 -4.03685 -9.2
      vertex -5.85571 -4.00815 -10.2
      vertex -5.80888 -4.03685 -10.2
    endloop
  endfacet
  facet normal -0 0 1
    outer loop
      vertex 5.99568 -3.70474 -9.2
      vertex 6 -3.72499 -9.2
      vertex 6 -3.64999 -9.2
    endloop
  endfacet
  facet normal 0 0 1
    outer loop
      vertex 5.98286 -3.75815 -9.2
      vertex 6 -3.72499 -9.2
      vertex 5.99568 -3.70474 -9.2
    endloop
  endfacet
  facet normal 0 0 1
    outer loop
      vertex 6 -3.72499 -9.2
      vertex 5.98286 -3.75815 -9.2
      vertex 5.99568 -3.77974 -9.2
    endloop
  endfacet
  facet normal 0 0 1
    outer loop
      vertex 5.96185 -3.80888 -9.2
      vertex 5.99568 -3.77974 -9.2
      vertex 5.98286 -3.75815 -9.2
    endloop
  endfacet
  facet normal 0 0 1
    outer loop
      vertex 5.99568 -3.77974 -9.2
      vertex 5.96185 -3.80888 -9.2
      vertex 5.98286 -3.83315 -9.2
    endloop
  endfacet
  facet normal 0 0 1
    outer loop
      vertex 5.93315 -3.85571 -9.2
      vertex 5.98286 -3.83315 -9.2
      vertex 5.96185 -3.80888 -9.2
    endloop
  endfacet
  facet normal 0 0 1
    outer loop
      vertex 5.98286 -3.83315 -9.2
      vertex 5.93315 -3.85571 -9.2
      vertex 5.96185 -3.88388 -9.2
    endloop
  endfacet
  facet normal 0 0 1
    outer loop
      vertex 5.89748 -3.89748 -9.2
      vertex 5.96185 -3.88388 -9.2
      vertex 5.93315 -3.85571 -9.2
    endloop
  endfacet
  facet normal 0 0 1
    outer loop
      vertex 5.96185 -3.88388 -9.2
      vertex 5.89748 -3.89748 -9.2
      vertex 5.93315 -3.93071 -9.2
    endloop
  endfacet
  facet normal 0 0 1
    outer loop
      vertex 5.89748 -3.89748 -9.2
      vertex 5.89748 -3.97247 -9.2
      vertex 5.93315 -3.93071 -9.2
    endloop
  endfacet
  facet normal -0 0 1
    outer loop
      vertex 5.85571 -3.93315 -9.2
      vertex 5.89748 -3.97247 -9.2
      vertex 5.89748 -3.89748 -9.2
    endloop
  endfacet
  facet normal 0 0 1
    outer loop
      vertex 5.85571 -3.93315 -9.2
      vertex 5.85571 -4.00815 -9.2
      vertex 5.89748 -3.97247 -9.2
    endloop
  endfacet
  facet normal -0 0 1
    outer loop
      vertex 5.80888 -3.96185 -9.2
      vertex 5.85571 -4.00815 -9.2
      vertex 5.85571 -3.93315 -9.2
    endloop
  endfacet
  facet normal 0 0 1
    outer loop
      vertex 5.80888 -3.96185 -9.2
      vertex 5.80888 -4.03685 -9.2
      vertex 5.85571 -4.00815 -9.2
    endloop
  endfacet
  facet normal -0 0 1
    outer loop
      vertex 5.75815 -3.98286 -9.2
      vertex 5.80888 -4.03685 -9.2
      vertex 5.80888 -3.96185 -9.2
    endloop
  endfacet
  facet normal 0 0 1
    outer loop
      vertex 5.75815 -3.98286 -9.2
      vertex 5.75815 -4.05786 -9.2
      vertex 5.80888 -4.03685 -9.2
    endloop
  endfacet
  facet normal -0 0 1
    outer loop
      vertex 5.70474 -3.99568 -9.2
      vertex 5.75815 -4.05786 -9.2
      vertex 5.75815 -3.98286 -9.2
    endloop
  endfacet
  facet normal 0 0 1
    outer loop
      vertex 5.70474 -3.99568 -9.2
      vertex 5.70474 -4.07068 -9.2
      vertex 5.75815 -4.05786 -9.2
    endloop
  endfacet
  facet normal -0 0 1
    outer loop
      vertex 5.64999 -4 -9.2
      vertex 5.70474 -4.07068 -9.2
      vertex 5.70474 -3.99568 -9.2
    endloop
  endfacet
  facet normal 0 0 1
    outer loop
      vertex 5.64999 -4 -9.2
      vertex 5.64999 -4.075 -9.2
      vertex 5.70474 -4.07068 -9.2
    endloop
  endfacet
  facet normal -0 0 1
    outer loop
      vertex -5.64999 -4 -9.2
      vertex 5.64999 -4.075 -9.2
      vertex 5.64999 -4 -9.2
    endloop
  endfacet
  facet normal 0 0 1
    outer loop
      vertex -5.64999 -4 -9.2
      vertex -5.64999 -4.075 -9.2
      vertex 5.64999 -4.075 -9.2
    endloop
  endfacet
  facet normal 0 0 1
    outer loop
      vertex -5.70474 -4.07068 -9.2
      vertex -5.64999 -4 -9.2
      vertex -5.70474 -3.99568 -9.2
    endloop
  endfacet
  facet normal 0 0 1
    outer loop
      vertex -5.64999 -4 -9.2
      vertex -5.70474 -4.07068 -9.2
      vertex -5.64999 -4.075 -9.2
    endloop
  endfacet
  facet normal 0 0 1
    outer loop
      vertex -5.75815 -4.05786 -9.2
      vertex -5.70474 -3.99568 -9.2
      vertex -5.75815 -3.98286 -9.2
    endloop
  endfacet
  facet normal 0 0 1
    outer loop
      vertex -5.70474 -3.99568 -9.2
      vertex -5.75815 -4.05786 -9.2
      vertex -5.70474 -4.07068 -9.2
    endloop
  endfacet
  facet normal 0 0 1
    outer loop
      vertex -5.80888 -4.03685 -9.2
      vertex -5.75815 -3.98286 -9.2
      vertex -5.80888 -3.96185 -9.2
    endloop
  endfacet
  facet normal 0 0 1
    outer loop
      vertex -5.75815 -3.98286 -9.2
      vertex -5.80888 -4.03685 -9.2
      vertex -5.75815 -4.05786 -9.2
    endloop
  endfacet
  facet normal 0 0 1
    outer loop
      vertex -5.85571 -4.00815 -9.2
      vertex -5.80888 -3.96185 -9.2
      vertex -5.85571 -3.93315 -9.2
    endloop
  endfacet
  facet normal 0 0 1
    outer loop
      vertex -5.80888 -3.96185 -9.2
      vertex -5.85571 -4.00815 -9.2
      vertex -5.80888 -4.03685 -9.2
    endloop
  endfacet
  facet normal 0 0 1
    outer loop
      vertex -5.89748 -3.97247 -9.2
      vertex -5.85571 -3.93315 -9.2
      vertex -5.89748 -3.89748 -9.2
    endloop
  endfacet
  facet normal 0 0 1
    outer loop
      vertex -5.85571 -3.93315 -9.2
      vertex -5.89748 -3.97247 -9.2
      vertex -5.85571 -4.00815 -9.2
    endloop
  endfacet
  facet normal -0 0 1
    outer loop
      vertex -5.96185 -3.88388 -9.2
      vertex -5.89748 -3.89748 -9.2
      vertex -5.93315 -3.85571 -9.2
    endloop
  endfacet
  facet normal 0 0 1
    outer loop
      vertex -5.89748 -3.89748 -9.2
      vertex -5.93315 -3.93071 -9.2
      vertex -5.89748 -3.97247 -9.2
    endloop
  endfacet
  facet normal -0 0 1
    outer loop
      vertex -5.98286 -3.83315 -9.2
      vertex -5.93315 -3.85571 -9.2
      vertex -5.96185 -3.80888 -9.2
    endloop
  endfacet
  facet normal 0 0 1
    outer loop
      vertex -5.89748 -3.89748 -9.2
      vertex -5.96185 -3.88388 -9.2
      vertex -5.93315 -3.93071 -9.2
    endloop
  endfacet
  facet normal -0 0 1
    outer loop
      vertex -5.99568 -3.77974 -9.2
      vertex -5.96185 -3.80888 -9.2
      vertex -5.98286 -3.75815 -9.2
    endloop
  endfacet
  facet normal 0 0 1
    outer loop
      vertex -5.93315 -3.85571 -9.2
      vertex -5.98286 -3.83315 -9.2
      vertex -5.96185 -3.88388 -9.2
    endloop
  endfacet
  facet normal -0 0 1
    outer loop
      vertex -6 -3.72499 -9.2
      vertex -5.98286 -3.75815 -9.2
      vertex -5.99568 -3.70474 -9.2
    endloop
  endfacet
  facet normal 0 0 1
    outer loop
      vertex -5.96185 -3.80888 -9.2
      vertex -5.99568 -3.77974 -9.2
      vertex -5.98286 -3.83315 -9.2
    endloop
  endfacet
  facet normal 0 0 1
    outer loop
      vertex -6 -3.72499 -9.2
      vertex -5.99568 -3.70474 -9.2
      vertex -6 -3.64999 -9.2
    endloop
  endfacet
  facet normal 0 0 1
    outer loop
      vertex -5.98286 -3.75815 -9.2
      vertex -6 -3.72499 -9.2
      vertex -5.99568 -3.77974 -9.2
    endloop
  endfacet
  facet normal -0 0 1
    outer loop
      vertex 5.98286 3.75815 -9.2
      vertex 6 3.72499 -9.2
      vertex 5.99568 3.77974 -9.2
    endloop
  endfacet
  facet normal 0 0 1
    outer loop
      vertex 6 3.72499 -9.2
      vertex 5.99568 3.70474 -9.2
      vertex 6 3.64999 -9.2
    endloop
  endfacet
  facet normal -0 0 1
    outer loop
      vertex 5.96185 3.80888 -9.2
      vertex 5.99568 3.77974 -9.2
      vertex 5.98286 3.83315 -9.2
    endloop
  endfacet
  facet normal 0 0 1
    outer loop
      vertex 6 3.72499 -9.2
      vertex 5.98286 3.75815 -9.2
      vertex 5.99568 3.70474 -9.2
    endloop
  endfacet
  facet normal -0 0 1
    outer loop
      vertex 5.93315 3.85571 -9.2
      vertex 5.98286 3.83315 -9.2
      vertex 5.96185 3.88388 -9.2
    endloop
  endfacet
  facet normal 0 0 1
    outer loop
      vertex 5.99568 3.77974 -9.2
      vertex 5.96185 3.80888 -9.2
      vertex 5.98286 3.75815 -9.2
    endloop
  endfacet
  facet normal -0 0 1
    outer loop
      vertex 5.89748 3.89748 -9.2
      vertex 5.96185 3.88388 -9.2
      vertex 5.93315 3.93071 -9.2
    endloop
  endfacet
  facet normal 0 0 1
    outer loop
      vertex 5.98286 3.83315 -9.2
      vertex 5.93315 3.85571 -9.2
      vertex 5.96185 3.80888 -9.2
    endloop
  endfacet
  facet normal 0 0 1
    outer loop
      vertex 5.89748 3.89748 -9.2
      vertex 5.93315 3.93071 -9.2
      vertex 5.89748 3.97247 -9.2
    endloop
  endfacet
  facet normal 0 0 1
    outer loop
      vertex 5.96185 3.88388 -9.2
      vertex 5.89748 3.89748 -9.2
      vertex 5.93315 3.85571 -9.2
    endloop
  endfacet
  facet normal 0 0 1
    outer loop
      vertex 5.85571 3.93315 -9.2
      vertex 5.89748 3.97247 -9.2
      vertex 5.85571 4.00815 -9.2
    endloop
  endfacet
  facet normal 0 0 1
    outer loop
      vertex 5.89748 3.97247 -9.2
      vertex 5.85571 3.93315 -9.2
      vertex 5.89748 3.89748 -9.2
    endloop
  endfacet
  facet normal 0 0 1
    outer loop
      vertex 5.80888 3.96185 -9.2
      vertex 5.85571 4.00815 -9.2
      vertex 5.80888 4.03685 -9.2
    endloop
  endfacet
  facet normal 0 0 1
    outer loop
      vertex 5.85571 4.00815 -9.2
      vertex 5.80888 3.96185 -9.2
      vertex 5.85571 3.93315 -9.2
    endloop
  endfacet
  facet normal 0 0 1
    outer loop
      vertex 5.75815 3.98286 -9.2
      vertex 5.80888 4.03685 -9.2
      vertex 5.75815 4.05786 -9.2
    endloop
  endfacet
  facet normal 0 0 1
    outer loop
      vertex 5.80888 4.03685 -9.2
      vertex 5.75815 3.98286 -9.2
      vertex 5.80888 3.96185 -9.2
    endloop
  endfacet
  facet normal 0 0 1
    outer loop
      vertex 5.70474 3.99568 -9.2
      vertex 5.75815 4.05786 -9.2
      vertex 5.70474 4.07068 -9.2
    endloop
  endfacet
  facet normal 0 0 1
    outer loop
      vertex 5.75815 4.05786 -9.2
      vertex 5.70474 3.99568 -9.2
      vertex 5.75815 3.98286 -9.2
    endloop
  endfacet
  facet normal 0 0 1
    outer loop
      vertex 5.64999 4 -9.2
      vertex 5.70474 4.07068 -9.2
      vertex 5.64999 4.075 -9.2
    endloop
  endfacet
  facet normal 0 0 1
    outer loop
      vertex 5.70474 4.07068 -9.2
      vertex 5.64999 4 -9.2
      vertex 5.70474 3.99568 -9.2
    endloop
  endfacet
  facet normal -0 0 1
    outer loop
      vertex -5.64999 4.075 -9.2
      vertex 5.64999 4 -9.2
      vertex 5.64999 4.075 -9.2
    endloop
  endfacet
  facet normal 0 0 1
    outer loop
      vertex -5.64999 4.075 -9.2
      vertex -5.64999 4 -9.2
      vertex 5.64999 4 -9.2
    endloop
  endfacet
  facet normal -0 0 1
    outer loop
      vertex -5.70474 4.07068 -9.2
      vertex -5.64999 4 -9.2
      vertex -5.64999 4.075 -9.2
    endloop
  endfacet
  facet normal 0 0 1
    outer loop
      vertex -5.70474 4.07068 -9.2
      vertex -5.70474 3.99568 -9.2
      vertex -5.64999 4 -9.2
    endloop
  endfacet
  facet normal -0 0 1
    outer loop
      vertex -5.75815 4.05786 -9.2
      vertex -5.70474 3.99568 -9.2
      vertex -5.70474 4.07068 -9.2
    endloop
  endfacet
  facet normal 0 0 1
    outer loop
      vertex -5.75815 4.05786 -9.2
      vertex -5.75815 3.98286 -9.2
      vertex -5.70474 3.99568 -9.2
    endloop
  endfacet
  facet normal -0 0 1
    outer loop
      vertex -5.80888 4.03685 -9.2
      vertex -5.75815 3.98286 -9.2
      vertex -5.75815 4.05786 -9.2
    endloop
  endfacet
  facet normal 0 0 1
    outer loop
      vertex -5.80888 4.03685 -9.2
      vertex -5.80888 3.96185 -9.2
      vertex -5.75815 3.98286 -9.2
    endloop
  endfacet
  facet normal -0 0 1
    outer loop
      vertex -5.85571 4.00815 -9.2
      vertex -5.80888 3.96185 -9.2
      vertex -5.80888 4.03685 -9.2
    endloop
  endfacet
  facet normal 0 0 1
    outer loop
      vertex -5.85571 4.00815 -9.2
      vertex -5.85571 3.93315 -9.2
      vertex -5.80888 3.96185 -9.2
    endloop
  endfacet
  facet normal -0 0 1
    outer loop
      vertex -5.89748 3.97247 -9.2
      vertex -5.85571 3.93315 -9.2
      vertex -5.85571 4.00815 -9.2
    endloop
  endfacet
  facet normal 0 0 1
    outer loop
      vertex -5.89748 3.97247 -9.2
      vertex -5.89748 3.89748 -9.2
      vertex -5.85571 3.93315 -9.2
    endloop
  endfacet
  facet normal -0 0 1
    outer loop
      vertex -5.93315 3.93071 -9.2
      vertex -5.89748 3.89748 -9.2
      vertex -5.89748 3.97247 -9.2
    endloop
  endfacet
  facet normal 0 0 1
    outer loop
      vertex -5.96185 3.88388 -9.2
      vertex -5.89748 3.89748 -9.2
      vertex -5.93315 3.93071 -9.2
    endloop
  endfacet
  facet normal 0 0 1
    outer loop
      vertex -5.89748 3.89748 -9.2
      vertex -5.96185 3.88388 -9.2
      vertex -5.93315 3.85571 -9.2
    endloop
  endfacet
  facet normal 0 0 1
    outer loop
      vertex -5.98286 3.83315 -9.2
      vertex -5.93315 3.85571 -9.2
      vertex -5.96185 3.88388 -9.2
    endloop
  endfacet
  facet normal 0 0 1
    outer loop
      vertex -5.93315 3.85571 -9.2
      vertex -5.98286 3.83315 -9.2
      vertex -5.96185 3.80888 -9.2
    endloop
  endfacet
  facet normal 0 0 1
    outer loop
      vertex -5.99568 3.77974 -9.2
      vertex -5.96185 3.80888 -9.2
      vertex -5.98286 3.83315 -9.2
    endloop
  endfacet
  facet normal 0 0 1
    outer loop
      vertex -5.96185 3.80888 -9.2
      vertex -5.99568 3.77974 -9.2
      vertex -5.98286 3.75815 -9.2
    endloop
  endfacet
  facet normal 0 0 1
    outer loop
      vertex -6 3.72499 -9.2
      vertex -5.98286 3.75815 -9.2
      vertex -5.99568 3.77974 -9.2
    endloop
  endfacet
  facet normal 0 0 1
    outer loop
      vertex -5.98286 3.75815 -9.2
      vertex -6 3.72499 -9.2
      vertex -5.99568 3.70474 -9.2
    endloop
  endfacet
  facet normal 0 0 1
    outer loop
      vertex -5.99568 3.70474 -9.2
      vertex -6 3.72499 -9.2
      vertex -6 3.64999 -9.2
    endloop
  endfacet
  facet normal 0 -1 0
    outer loop
      vertex -5.64999 -4.075 -10.2
      vertex 5.64999 -4.075 -9.2
      vertex -5.64999 -4.075 -9.2
    endloop
  endfacet
  facet normal 0 -1 -0
    outer loop
      vertex 5.64999 -4.075 -9.2
      vertex -5.64999 -4.075 -10.2
      vertex 5.64999 -4.075 -10.2
    endloop
  endfacet
  facet normal 0.923899 -0.382636 0
    outer loop
      vertex 5.96185 -3.88388 -9.2
      vertex 5.98286 -3.83315 -10.2
      vertex 5.98286 -3.83315 -9.2
    endloop
  endfacet
  facet normal 0.923899 -0.382636 0
    outer loop
      vertex 5.98286 -3.83315 -10.2
      vertex 5.96185 -3.88388 -9.2
      vertex 5.96185 -3.88388 -10.2
    endloop
  endfacet
  facet normal -0.996902 -0.0786596 0
    outer loop
      vertex -5.99568 -3.77974 -10.2
      vertex -6 -3.72499 -9.2
      vertex -6 -3.72499 -10.2
    endloop
  endfacet
  facet normal -0.996902 -0.0786596 0
    outer loop
      vertex -6 -3.72499 -9.2
      vertex -5.99568 -3.77974 -10.2
      vertex -5.99568 -3.77974 -9.2
    endloop
  endfacet
  facet normal 0 1 -0
    outer loop
      vertex 5.64999 4.075 -10.2
      vertex -5.64999 4.075 -9.2
      vertex 5.64999 4.075 -9.2
    endloop
  endfacet
  facet normal 0 1 0
    outer loop
      vertex -5.64999 4.075 -9.2
      vertex 5.64999 4.075 -10.2
      vertex -5.64999 4.075 -10.2
    endloop
  endfacet
  facet normal 0.649501 -0.760361 0
    outer loop
      vertex 5.85571 -4.00815 -10.2
      vertex 5.89748 -3.97247 -9.2
      vertex 5.85571 -4.00815 -9.2
    endloop
  endfacet
  facet normal 0.649501 -0.760361 0
    outer loop
      vertex 5.89748 -3.97247 -9.2
      vertex 5.85571 -4.00815 -10.2
      vertex 5.89748 -3.97247 -10.2
    endloop
  endfacet
  facet normal -0.2334 -0.972381 0
    outer loop
      vertex -5.75815 -4.05786 -10.2
      vertex -5.70474 -4.07068 -9.2
      vertex -5.75815 -4.05786 -9.2
    endloop
  endfacet
  facet normal -0.2334 -0.972381 -0
    outer loop
      vertex -5.70474 -4.07068 -9.2
      vertex -5.75815 -4.05786 -10.2
      vertex -5.70474 -4.07068 -10.2
    endloop
  endfacet
  facet normal -0.0786596 -0.996902 0
    outer loop
      vertex -5.70474 -4.07068 -10.2
      vertex -5.64999 -4.075 -9.2
      vertex -5.70474 -4.07068 -9.2
    endloop
  endfacet
  facet normal -0.0786596 -0.996902 -0
    outer loop
      vertex -5.64999 -4.075 -9.2
      vertex -5.70474 -4.07068 -10.2
      vertex -5.64999 -4.075 -10.2
    endloop
  endfacet
  facet normal -0.996902 0.0786596 0
    outer loop
      vertex -6 3.72499 -10.2
      vertex -5.99568 3.77974 -9.2
      vertex -5.99568 3.77974 -10.2
    endloop
  endfacet
  facet normal -0.996902 0.0786596 0
    outer loop
      vertex -5.99568 3.77974 -9.2
      vertex -6 3.72499 -10.2
      vertex -6 3.72499 -9.2
    endloop
  endfacet
  facet normal -0.85262 -0.522532 0
    outer loop
      vertex -5.93315 -3.93071 -10.2
      vertex -5.96185 -3.88388 -9.2
      vertex -5.96185 -3.88388 -10.2
    endloop
  endfacet
  facet normal -0.85262 -0.522532 0
    outer loop
      vertex -5.96185 -3.88388 -9.2
      vertex -5.93315 -3.93071 -10.2
      vertex -5.93315 -3.93071 -9.2
    endloop
  endfacet
  facet normal -0.382636 0.923899 0
    outer loop
      vertex -5.75815 4.05786 -10.2
      vertex -5.80888 4.03685 -9.2
      vertex -5.75815 4.05786 -9.2
    endloop
  endfacet
  facet normal -0.382636 0.923899 0
    outer loop
      vertex -5.80888 4.03685 -9.2
      vertex -5.75815 4.05786 -10.2
      vertex -5.80888 4.03685 -10.2
    endloop
  endfacet
  facet normal 0.0786596 -0.996902 0
    outer loop
      vertex 5.64999 -4.075 -10.2
      vertex 5.70474 -4.07068 -9.2
      vertex 5.64999 -4.075 -9.2
    endloop
  endfacet
  facet normal 0.0786596 -0.996902 0
    outer loop
      vertex 5.70474 -4.07068 -9.2
      vertex 5.64999 -4.075 -10.2
      vertex 5.70474 -4.07068 -10.2
    endloop
  endfacet
  facet normal 0.2334 -0.972381 0
    outer loop
      vertex 5.70474 -4.07068 -10.2
      vertex 5.75815 -4.05786 -9.2
      vertex 5.70474 -4.07068 -9.2
    endloop
  endfacet
  facet normal 0.2334 -0.972381 0
    outer loop
      vertex 5.75815 -4.05786 -9.2
      vertex 5.70474 -4.07068 -10.2
      vertex 5.75815 -4.05786 -10.2
    endloop
  endfacet
  facet normal 0.649501 0.760361 -0
    outer loop
      vertex 5.89748 3.97247 -10.2
      vertex 5.85571 4.00815 -9.2
      vertex 5.89748 3.97247 -9.2
    endloop
  endfacet
  facet normal 0.649501 0.760361 0
    outer loop
      vertex 5.85571 4.00815 -9.2
      vertex 5.89748 3.97247 -10.2
      vertex 5.85571 4.00815 -10.2
    endloop
  endfacet
  facet normal 0.996902 -0.0786596 0
    outer loop
      vertex 5.99568 -3.77974 -9.2
      vertex 6 -3.72499 -10.2
      vertex 6 -3.72499 -9.2
    endloop
  endfacet
  facet normal 0.996902 -0.0786596 0
    outer loop
      vertex 6 -3.72499 -10.2
      vertex 5.99568 -3.77974 -9.2
      vertex 5.99568 -3.77974 -10.2
    endloop
  endfacet
  facet normal 0.85262 -0.522532 0
    outer loop
      vertex 5.93315 -3.93071 -9.2
      vertex 5.96185 -3.88388 -10.2
      vertex 5.96185 -3.88388 -9.2
    endloop
  endfacet
  facet normal 0.85262 -0.522532 0
    outer loop
      vertex 5.96185 -3.88388 -10.2
      vertex 5.93315 -3.93071 -9.2
      vertex 5.93315 -3.93071 -10.2
    endloop
  endfacet
  facet normal -0.382636 -0.923899 0
    outer loop
      vertex -5.80888 -4.03685 -10.2
      vertex -5.75815 -4.05786 -9.2
      vertex -5.80888 -4.03685 -9.2
    endloop
  endfacet
  facet normal -0.382636 -0.923899 -0
    outer loop
      vertex -5.75815 -4.05786 -9.2
      vertex -5.80888 -4.03685 -10.2
      vertex -5.75815 -4.05786 -10.2
    endloop
  endfacet
  facet normal -0.923899 0.382636 0
    outer loop
      vertex -5.98286 3.83315 -10.2
      vertex -5.96185 3.88388 -9.2
      vertex -5.96185 3.88388 -10.2
    endloop
  endfacet
  facet normal -0.923899 0.382636 0
    outer loop
      vertex -5.96185 3.88388 -9.2
      vertex -5.98286 3.83315 -10.2
      vertex -5.98286 3.83315 -9.2
    endloop
  endfacet
  facet normal -0.85262 0.522532 0
    outer loop
      vertex -5.96185 3.88388 -10.2
      vertex -5.93315 3.93071 -9.2
      vertex -5.93315 3.93071 -10.2
    endloop
  endfacet
  facet normal -0.85262 0.522532 0
    outer loop
      vertex -5.93315 3.93071 -9.2
      vertex -5.96185 3.88388 -10.2
      vertex -5.96185 3.88388 -9.2
    endloop
  endfacet
  facet normal -0.760374 -0.649486 0
    outer loop
      vertex -5.89748 -3.97247 -10.2
      vertex -5.93315 -3.93071 -9.2
      vertex -5.93315 -3.93071 -10.2
    endloop
  endfacet
  facet normal -0.760374 -0.649486 0
    outer loop
      vertex -5.93315 -3.93071 -9.2
      vertex -5.89748 -3.97247 -10.2
      vertex -5.89748 -3.97247 -9.2
    endloop
  endfacet
  facet normal 0.0786596 0.996902 -0
    outer loop
      vertex 5.70474 4.07068 -10.2
      vertex 5.64999 4.075 -9.2
      vertex 5.70474 4.07068 -9.2
    endloop
  endfacet
  facet normal 0.0786596 0.996902 0
    outer loop
      vertex 5.64999 4.075 -9.2
      vertex 5.70474 4.07068 -10.2
      vertex 5.64999 4.075 -10.2
    endloop
  endfacet
  facet normal -0.972381 0.2334 0
    outer loop
      vertex -5.99568 3.77974 -10.2
      vertex -5.98286 3.83315 -9.2
      vertex -5.98286 3.83315 -10.2
    endloop
  endfacet
  facet normal -0.972381 0.2334 0
    outer loop
      vertex -5.98286 3.83315 -9.2
      vertex -5.99568 3.77974 -10.2
      vertex -5.99568 3.77974 -9.2
    endloop
  endfacet
  facet normal -0.760374 0.649486 0
    outer loop
      vertex -5.93315 3.93071 -10.2
      vertex -5.89748 3.97247 -9.2
      vertex -5.89748 3.97247 -10.2
    endloop
  endfacet
  facet normal -0.760374 0.649486 0
    outer loop
      vertex -5.89748 3.97247 -9.2
      vertex -5.93315 3.93071 -10.2
      vertex -5.93315 3.93071 -9.2
    endloop
  endfacet
  facet normal -0.649501 0.760361 0
    outer loop
      vertex -5.85571 4.00815 -10.2
      vertex -5.89748 3.97247 -9.2
      vertex -5.85571 4.00815 -9.2
    endloop
  endfacet
  facet normal -0.649501 0.760361 0
    outer loop
      vertex -5.89748 3.97247 -9.2
      vertex -5.85571 4.00815 -10.2
      vertex -5.89748 3.97247 -10.2
    endloop
  endfacet
  facet normal -0.522532 0.85262 0
    outer loop
      vertex -5.80888 4.03685 -10.2
      vertex -5.85571 4.00815 -9.2
      vertex -5.80888 4.03685 -9.2
    endloop
  endfacet
  facet normal -0.522532 0.85262 0
    outer loop
      vertex -5.85571 4.00815 -9.2
      vertex -5.80888 4.03685 -10.2
      vertex -5.85571 4.00815 -10.2
    endloop
  endfacet
  facet normal -0.923899 -0.382636 0
    outer loop
      vertex -5.96185 -3.88388 -10.2
      vertex -5.98286 -3.83315 -9.2
      vertex -5.98286 -3.83315 -10.2
    endloop
  endfacet
  facet normal -0.923899 -0.382636 0
    outer loop
      vertex -5.98286 -3.83315 -9.2
      vertex -5.96185 -3.88388 -10.2
      vertex -5.96185 -3.88388 -9.2
    endloop
  endfacet
  facet normal -0.649501 -0.760361 0
    outer loop
      vertex -5.89748 -3.97247 -10.2
      vertex -5.85571 -4.00815 -9.2
      vertex -5.89748 -3.97247 -9.2
    endloop
  endfacet
  facet normal -0.649501 -0.760361 -0
    outer loop
      vertex -5.85571 -4.00815 -9.2
      vertex -5.89748 -3.97247 -10.2
      vertex -5.85571 -4.00815 -10.2
    endloop
  endfacet
  facet normal -0.2334 0.972381 0
    outer loop
      vertex -5.70474 4.07068 -10.2
      vertex -5.75815 4.05786 -9.2
      vertex -5.70474 4.07068 -9.2
    endloop
  endfacet
  facet normal -0.2334 0.972381 0
    outer loop
      vertex -5.75815 4.05786 -9.2
      vertex -5.70474 4.07068 -10.2
      vertex -5.75815 4.05786 -10.2
    endloop
  endfacet
  facet normal -0.0786596 0.996902 0
    outer loop
      vertex -5.64999 4.075 -10.2
      vertex -5.70474 4.07068 -9.2
      vertex -5.64999 4.075 -9.2
    endloop
  endfacet
  facet normal -0.0786596 0.996902 0
    outer loop
      vertex -5.70474 4.07068 -9.2
      vertex -5.64999 4.075 -10.2
      vertex -5.70474 4.07068 -10.2
    endloop
  endfacet
  facet normal 0.760374 0.649486 0
    outer loop
      vertex 5.93315 3.93071 -9.2
      vertex 5.89748 3.97247 -10.2
      vertex 5.89748 3.97247 -9.2
    endloop
  endfacet
  facet normal 0.760374 0.649486 0
    outer loop
      vertex 5.89748 3.97247 -10.2
      vertex 5.93315 3.93071 -9.2
      vertex 5.93315 3.93071 -10.2
    endloop
  endfacet
  facet normal 0.522532 0.85262 -0
    outer loop
      vertex 5.85571 4.00815 -10.2
      vertex 5.80888 4.03685 -9.2
      vertex 5.85571 4.00815 -9.2
    endloop
  endfacet
  facet normal 0.522532 0.85262 0
    outer loop
      vertex 5.80888 4.03685 -9.2
      vertex 5.85571 4.00815 -10.2
      vertex 5.80888 4.03685 -10.2
    endloop
  endfacet
  facet normal 0.382636 0.923899 -0
    outer loop
      vertex 5.80888 4.03685 -10.2
      vertex 5.75815 4.05786 -9.2
      vertex 5.80888 4.03685 -9.2
    endloop
  endfacet
  facet normal 0.382636 0.923899 0
    outer loop
      vertex 5.75815 4.05786 -9.2
      vertex 5.80888 4.03685 -10.2
      vertex 5.75815 4.05786 -10.2
    endloop
  endfacet
  facet normal -0.972381 -0.2334 0
    outer loop
      vertex -5.98286 -3.83315 -10.2
      vertex -5.99568 -3.77974 -9.2
      vertex -5.99568 -3.77974 -10.2
    endloop
  endfacet
  facet normal -0.972381 -0.2334 0
    outer loop
      vertex -5.99568 -3.77974 -9.2
      vertex -5.98286 -3.83315 -10.2
      vertex -5.98286 -3.83315 -9.2
    endloop
  endfacet
  facet normal 0.923899 0.382636 0
    outer loop
      vertex 5.98286 3.83315 -9.2
      vertex 5.96185 3.88388 -10.2
      vertex 5.96185 3.88388 -9.2
    endloop
  endfacet
  facet normal 0.923899 0.382636 0
    outer loop
      vertex 5.96185 3.88388 -10.2
      vertex 5.98286 3.83315 -9.2
      vertex 5.98286 3.83315 -10.2
    endloop
  endfacet
  facet normal 0.2334 0.972381 -0
    outer loop
      vertex 5.75815 4.05786 -10.2
      vertex 5.70474 4.07068 -9.2
      vertex 5.75815 4.05786 -9.2
    endloop
  endfacet
  facet normal 0.2334 0.972381 0
    outer loop
      vertex 5.70474 4.07068 -9.2
      vertex 5.75815 4.05786 -10.2
      vertex 5.70474 4.07068 -10.2
    endloop
  endfacet
  facet normal 0.972381 -0.2334 0
    outer loop
      vertex 5.98286 -3.83315 -9.2
      vertex 5.99568 -3.77974 -10.2
      vertex 5.99568 -3.77974 -9.2
    endloop
  endfacet
  facet normal 0.972381 -0.2334 0
    outer loop
      vertex 5.99568 -3.77974 -10.2
      vertex 5.98286 -3.83315 -9.2
      vertex 5.98286 -3.83315 -10.2
    endloop
  endfacet
  facet normal 0.972381 0.2334 0
    outer loop
      vertex 5.99568 3.77974 -9.2
      vertex 5.98286 3.83315 -10.2
      vertex 5.98286 3.83315 -9.2
    endloop
  endfacet
  facet normal 0.972381 0.2334 0
    outer loop
      vertex 5.98286 3.83315 -10.2
      vertex 5.99568 3.77974 -9.2
      vertex 5.99568 3.77974 -10.2
    endloop
  endfacet
  facet normal 0.996902 0.0786596 0
    outer loop
      vertex 6 3.72499 -9.2
      vertex 5.99568 3.77974 -10.2
      vertex 5.99568 3.77974 -9.2
    endloop
  endfacet
  facet normal 0.996902 0.0786596 0
    outer loop
      vertex 5.99568 3.77974 -10.2
      vertex 6 3.72499 -9.2
      vertex 6 3.72499 -10.2
    endloop
  endfacet
  facet normal 0.85262 0.522532 0
    outer loop
      vertex 5.96185 3.88388 -9.2
      vertex 5.93315 3.93071 -10.2
      vertex 5.93315 3.93071 -9.2
    endloop
  endfacet
  facet normal 0.85262 0.522532 0
    outer loop
      vertex 5.93315 3.93071 -10.2
      vertex 5.96185 3.88388 -9.2
      vertex 5.96185 3.88388 -10.2
    endloop
  endfacet
  facet normal 0.760374 -0.649486 0
    outer loop
      vertex 5.89748 -3.97247 -9.2
      vertex 5.93315 -3.93071 -10.2
      vertex 5.93315 -3.93071 -9.2
    endloop
  endfacet
  facet normal 0.760374 -0.649486 0
    outer loop
      vertex 5.93315 -3.93071 -10.2
      vertex 5.89748 -3.97247 -9.2
      vertex 5.89748 -3.97247 -10.2
    endloop
  endfacet
  facet normal -0 0 1
    outer loop
      vertex -7.03 2.6 -1.35
      vertex -6.59 -2.6 -1.35
      vertex -6.59 2.6 -1.35
    endloop
  endfacet
  facet normal 0 0 1
    outer loop
      vertex -6.59 -2.6 -1.35
      vertex -7.03 2.6 -1.35
      vertex -7.03 -2.6 -1.35
    endloop
  endfacet
  facet normal 0.987387 -0 0.158322
    outer loop
      vertex -6.59 -2.6 -1.35
      vertex -6 2.6 -5.02957
      vertex -6.59 2.6 -1.35
    endloop
  endfacet
  facet normal 0.987387 0 0.158322
    outer loop
      vertex -6 2.6 -5.02957
      vertex -6.59 -2.6 -1.35
      vertex -6 -2.6 -5.02957
    endloop
  endfacet
  facet normal -1 0 0
    outer loop
      vertex -7.03 -2.6 -2
      vertex -7.03 2.6 -1.35
      vertex -7.03 2.6 -2
    endloop
  endfacet
  facet normal -1 -0 0
    outer loop
      vertex -7.03 2.6 -1.35
      vertex -7.03 -2.6 -2
      vertex -7.03 -2.6 -1.35
    endloop
  endfacet
  facet normal 0 1 0
    outer loop
      vertex -6.59 2.6 -1.35
      vertex -7.03 2.6 -2
      vertex -7.03 2.6 -1.35
    endloop
  endfacet
  facet normal 0 1 0
    outer loop
      vertex -6 2.6 -5.02957
      vertex -7.03 2.6 -2
      vertex -6.59 2.6 -1.35
    endloop
  endfacet
  facet normal 0 1 0
    outer loop
      vertex -6.1 2.6 -7.8
      vertex -6 2.6 -5.02957
      vertex -6 2.6 -7.8
    endloop
  endfacet
  facet normal 0 1 0
    outer loop
      vertex -6 2.6 -5.02957
      vertex -6.1 2.6 -7.8
      vertex -7.03 2.6 -2
    endloop
  endfacet
  facet normal -0.987387 0 -0.158322
    outer loop
      vertex -6.1 -2.6 -7.8
      vertex -7.03 2.6 -2
      vertex -6.1 2.6 -7.8
    endloop
  endfacet
  facet normal -0.987387 -0 -0.158322
    outer loop
      vertex -7.03 2.6 -2
      vertex -6.1 -2.6 -7.8
      vertex -7.03 -2.6 -2
    endloop
  endfacet
  facet normal 0 -1 0
    outer loop
      vertex -7.03 -2.6 -2
      vertex -6.59 -2.6 -1.35
      vertex -7.03 -2.6 -1.35
    endloop
  endfacet
  facet normal 0 -1 0
    outer loop
      vertex -7.03 -2.6 -2
      vertex -6 -2.6 -5.02957
      vertex -6.59 -2.6 -1.35
    endloop
  endfacet
  facet normal 0 -1 0
    outer loop
      vertex -6.1 -2.6 -7.8
      vertex -6 -2.6 -5.02957
      vertex -7.03 -2.6 -2
    endloop
  endfacet
  facet normal 0 -1 -0
    outer loop
      vertex -6 -2.6 -5.02957
      vertex -6.1 -2.6 -7.8
      vertex -6 -2.6 -7.8
    endloop
  endfacet
  facet normal 0 0 -1
    outer loop
      vertex -6.1 -2.6 -7.8
      vertex -6 2.6 -7.8
      vertex -6 -2.6 -7.8
    endloop
  endfacet
  facet normal -0 0 -1
    outer loop
      vertex -6 2.6 -7.8
      vertex -6.1 -2.6 -7.8
      vertex -6.1 2.6 -7.8
    endloop
  endfacet
  facet normal 1 -0 0
    outer loop
      vertex 7.47 -2.6 -1.35
      vertex 7.47 2.6 -2
      vertex 7.47 2.6 -1.35
    endloop
  endfacet
  facet normal 1 0 0
    outer loop
      vertex 7.47 2.6 -2
      vertex 7.47 -2.6 -1.35
      vertex 7.47 -2.6 -2
    endloop
  endfacet
  facet normal 0 -1 0
    outer loop
      vertex 7.03 -2.6 -1.35
      vertex 7.47 -2.6 -2
      vertex 7.47 -2.6 -1.35
    endloop
  endfacet
  facet normal 0 -1 0
    outer loop
      vertex 6 -2.6 -5.71058
      vertex 7.47 -2.6 -2
      vertex 7.03 -2.6 -1.35
    endloop
  endfacet
  facet normal 0 -1 0
    outer loop
      vertex 6.1 -2.6 -7.8
      vertex 6 -2.6 -5.71058
      vertex 6 -2.6 -7.8
    endloop
  endfacet
  facet normal 0 -1 0
    outer loop
      vertex 6 -2.6 -5.71058
      vertex 6.1 -2.6 -7.8
      vertex 7.47 -2.6 -2
    endloop
  endfacet
  facet normal 0 0 -1
    outer loop
      vertex 6 -2.6 -7.8
      vertex 6.1 2.6 -7.8
      vertex 6.1 -2.6 -7.8
    endloop
  endfacet
  facet normal -0 0 -1
    outer loop
      vertex 6.1 2.6 -7.8
      vertex 6 -2.6 -7.8
      vertex 6 2.6 -7.8
    endloop
  endfacet
  facet normal -0.973219 0 0.229881
    outer loop
      vertex 6 -2.6 -5.71058
      vertex 7.03 2.6 -1.35
      vertex 6 2.6 -5.71058
    endloop
  endfacet
  facet normal -0.973219 0 0.229881
    outer loop
      vertex 7.03 2.6 -1.35
      vertex 6 -2.6 -5.71058
      vertex 7.03 -2.6 -1.35
    endloop
  endfacet
  facet normal 0 1 -0
    outer loop
      vertex 7.47 2.6 -2
      vertex 7.03 2.6 -1.35
      vertex 7.47 2.6 -1.35
    endloop
  endfacet
  facet normal 0 1 0
    outer loop
      vertex 7.47 2.6 -2
      vertex 6 2.6 -5.71058
      vertex 7.03 2.6 -1.35
    endloop
  endfacet
  facet normal 0 1 -0
    outer loop
      vertex 6.1 2.6 -7.8
      vertex 6 2.6 -5.71058
      vertex 7.47 2.6 -2
    endloop
  endfacet
  facet normal 0 1 0
    outer loop
      vertex 6 2.6 -5.71058
      vertex 6.1 2.6 -7.8
      vertex 6 2.6 -7.8
    endloop
  endfacet
  facet normal 0.973219 0 -0.229881
    outer loop
      vertex 7.47 -2.6 -2
      vertex 6.1 2.6 -7.8
      vertex 7.47 2.6 -2
    endloop
  endfacet
  facet normal 0.973219 0 -0.229881
    outer loop
      vertex 6.1 2.6 -7.8
      vertex 7.47 -2.6 -2
      vertex 6.1 -2.6 -7.8
    endloop
  endfacet
  facet normal -0 0 1
    outer loop
      vertex 7.03 2.6 -1.35
      vertex 7.47 -2.6 -1.35
      vertex 7.47 2.6 -1.35
    endloop
  endfacet
  facet normal 0 0 1
    outer loop
      vertex 7.47 -2.6 -1.35
      vertex 7.03 2.6 -1.35
      vertex 7.03 -2.6 -1.35
    endloop
  endfacet
  facet normal 0.199022 -0.480517 0.854104
    outer loop
      vertex -5.15651 -3.22275 3.9
      vertex -4.66275 -3.23776 3.7765
      vertex -4.62651 -3.22275 3.7765
    endloop
  endfacet
  facet normal 0.199022 -0.480517 0.854104
    outer loop
      vertex -4.66275 -3.23776 3.7765
      vertex -5.15651 -3.22275 3.9
      vertex -5.19275 -3.23776 3.9
    endloop
  endfacet
  facet normal 0.222792 -0.190303 0.956111
    outer loop
      vertex -5.06775 -3.14694 3.9
      vertex -4.56323 -3.17677 3.7765
      vertex -4.53775 -3.14694 3.7765
    endloop
  endfacet
  facet normal 0.222792 -0.190303 0.956111
    outer loop
      vertex -4.56323 -3.17677 3.7765
      vertex -5.06775 -3.14694 3.9
      vertex -5.09323 -3.17677 3.9
    endloop
  endfacet
  facet normal -0.226903 0.0178691 -0.973753
    outer loop
      vertex -5.05 3 2.5265
      vertex -5.57692 3.03911 2.65
      vertex -5.04692 3.03911 2.5265
    endloop
  endfacet
  facet normal -0.226903 0.0178691 -0.973753
    outer loop
      vertex -5.57692 3.03911 2.65
      vertex -5.05 3 2.5265
      vertex -5.58 3 2.65
    endloop
  endfacet
  facet normal -0.38266 0.923889 0
    outer loop
      vertex -5.40725 3.23776 2.65
      vertex -5.44349 3.22275 3.9
      vertex -5.40725 3.23776 3.9
    endloop
  endfacet
  facet normal -0.38266 0.923889 0
    outer loop
      vertex -5.44349 3.22275 3.9
      vertex -5.40725 3.23776 2.65
      vertex -5.44349 3.22275 2.65
    endloop
  endfacet
  facet normal -0.226939 0 -0.973909
    outer loop
      vertex -5.58 -3 2.65
      vertex -5.05 3 2.5265
      vertex -5.05 -3 2.5265
    endloop
  endfacet
  facet normal -0.226939 0 -0.973909
    outer loop
      vertex -5.05 3 2.5265
      vertex -5.58 -3 2.65
      vertex -5.58 3 2.65
    endloop
  endfacet
  facet normal -0.0785092 -0.996913 0
    outer loop
      vertex -5.36911 -3.24692 2.65
      vertex -5.33 -3.25 3.9
      vertex -5.36911 -3.24692 3.9
    endloop
  endfacet
  facet normal -0.0785092 -0.996913 -0
    outer loop
      vertex -5.33 -3.25 3.9
      vertex -5.36911 -3.24692 2.65
      vertex -5.33 -3.25 2.65
    endloop
  endfacet
  facet normal 0.164949 -0.686806 0.707877
    outer loop
      vertex -5.19275 -3.23776 3.9
      vertex -4.70089 -3.24692 3.7765
      vertex -4.66275 -3.23776 3.7765
    endloop
  endfacet
  facet normal 0.164949 -0.686806 0.707877
    outer loop
      vertex -4.70089 -3.24692 3.7765
      vertex -5.19275 -3.23776 3.9
      vertex -5.23089 -3.24692 3.9
    endloop
  endfacet
  facet normal 0.226939 0 0.973909
    outer loop
      vertex -5.02 3 3.9
      vertex -4.49 -3 3.7765
      vertex -4.49 3 3.7765
    endloop
  endfacet
  facet normal 0.226939 0 0.973909
    outer loop
      vertex -4.49 -3 3.7765
      vertex -5.02 3 3.9
      vertex -5.02 -3 3.9
    endloop
  endfacet
  facet normal 0 0 1
    outer loop
      vertex -5.27 3.25 3.9
      vertex -5.02 3 3.9
      vertex -5.02308 3.03911 3.9
    endloop
  endfacet
  facet normal 0 0 1
    outer loop
      vertex -5.02 3 3.9
      vertex -5.58 3 3.9
      vertex -5.02 -3 3.9
    endloop
  endfacet
  facet normal 0 0 1
    outer loop
      vertex -5.27 3.25 3.9
      vertex -5.02308 3.03911 3.9
      vertex -5.03224 3.07726 3.9
    endloop
  endfacet
  facet normal 0 0 1
    outer loop
      vertex -5.58 -3 3.9
      vertex -5.02 -3 3.9
      vertex -5.58 3 3.9
    endloop
  endfacet
  facet normal 0 0 1
    outer loop
      vertex -5.27 3.25 3.9
      vertex -5.03224 3.07726 3.9
      vertex -5.04725 3.11349 3.9
    endloop
  endfacet
  facet normal 0 -0 1
    outer loop
      vertex -5.27 -3.25 3.9
      vertex -5.02 -3 3.9
      vertex -5.58 -3 3.9
    endloop
  endfacet
  facet normal 0 0 1
    outer loop
      vertex -5.27 3.25 3.9
      vertex -5.04725 3.11349 3.9
      vertex -5.06775 3.14694 3.9
    endloop
  endfacet
  facet normal 0 0 1
    outer loop
      vertex -5.02 -3 3.9
      vertex -5.27 -3.25 3.9
      vertex -5.02308 -3.03911 3.9
    endloop
  endfacet
  facet normal 0 0 1
    outer loop
      vertex -5.27 3.25 3.9
      vertex -5.06775 3.14694 3.9
      vertex -5.09323 3.17677 3.9
    endloop
  endfacet
  facet normal 0 0 1
    outer loop
      vertex -5.02308 -3.03911 3.9
      vertex -5.27 -3.25 3.9
      vertex -5.03224 -3.07726 3.9
    endloop
  endfacet
  facet normal 0 0 1
    outer loop
      vertex -5.27 3.25 3.9
      vertex -5.09323 3.17677 3.9
      vertex -5.12306 3.20226 3.9
    endloop
  endfacet
  facet normal 0 0 1
    outer loop
      vertex -5.03224 -3.07726 3.9
      vertex -5.27 -3.25 3.9
      vertex -5.04725 -3.11349 3.9
    endloop
  endfacet
  facet normal 0 0 1
    outer loop
      vertex -5.27 3.25 3.9
      vertex -5.12306 3.20226 3.9
      vertex -5.15651 3.22275 3.9
    endloop
  endfacet
  facet normal 0 0 1
    outer loop
      vertex -5.04725 -3.11349 3.9
      vertex -5.27 -3.25 3.9
      vertex -5.06775 -3.14694 3.9
    endloop
  endfacet
  facet normal 0 0 1
    outer loop
      vertex -5.27 3.25 3.9
      vertex -5.15651 3.22275 3.9
      vertex -5.19275 3.23776 3.9
    endloop
  endfacet
  facet normal 0 0 1
    outer loop
      vertex -5.06775 -3.14694 3.9
      vertex -5.27 -3.25 3.9
      vertex -5.09323 -3.17677 3.9
    endloop
  endfacet
  facet normal 0 0 1
    outer loop
      vertex -5.27 3.25 3.9
      vertex -5.19275 3.23776 3.9
      vertex -5.23089 3.24692 3.9
    endloop
  endfacet
  facet normal 0 0 1
    outer loop
      vertex -5.09323 -3.17677 3.9
      vertex -5.27 -3.25 3.9
      vertex -5.12306 -3.20226 3.9
    endloop
  endfacet
  facet normal 0 0 1
    outer loop
      vertex -5.02 3 3.9
      vertex -5.27 3.25 3.9
      vertex -5.58 3 3.9
    endloop
  endfacet
  facet normal 0 0 1
    outer loop
      vertex -5.12306 -3.20226 3.9
      vertex -5.27 -3.25 3.9
      vertex -5.15651 -3.22275 3.9
    endloop
  endfacet
  facet normal 0 0 1
    outer loop
      vertex -5.58 3 3.9
      vertex -5.27 3.25 3.9
      vertex -5.33 3.25 3.9
    endloop
  endfacet
  facet normal 0 0 1
    outer loop
      vertex -5.15651 -3.22275 3.9
      vertex -5.27 -3.25 3.9
      vertex -5.19275 -3.23776 3.9
    endloop
  endfacet
  facet normal 0 0 1
    outer loop
      vertex -5.58 3 3.9
      vertex -5.33 3.25 3.9
      vertex -5.36911 3.24692 3.9
    endloop
  endfacet
  facet normal 0 0 1
    outer loop
      vertex -5.19275 -3.23776 3.9
      vertex -5.27 -3.25 3.9
      vertex -5.23089 -3.24692 3.9
    endloop
  endfacet
  facet normal 0 0 1
    outer loop
      vertex -5.58 3 3.9
      vertex -5.36911 3.24692 3.9
      vertex -5.40725 3.23776 3.9
    endloop
  endfacet
  facet normal 0 0 1
    outer loop
      vertex -5.27 -3.25 3.9
      vertex -5.58 -3 3.9
      vertex -5.33 -3.25 3.9
    endloop
  endfacet
  facet normal 0 0 1
    outer loop
      vertex -5.58 3 3.9
      vertex -5.40725 3.23776 3.9
      vertex -5.44349 3.22275 3.9
    endloop
  endfacet
  facet normal 0 0 1
    outer loop
      vertex -5.33 -3.25 3.9
      vertex -5.58 -3 3.9
      vertex -5.36911 -3.24692 3.9
    endloop
  endfacet
  facet normal 0 0 1
    outer loop
      vertex -5.58 3 3.9
      vertex -5.44349 3.22275 3.9
      vertex -5.47694 3.20226 3.9
    endloop
  endfacet
  facet normal 0 0 1
    outer loop
      vertex -5.36911 -3.24692 3.9
      vertex -5.58 -3 3.9
      vertex -5.40725 -3.23776 3.9
    endloop
  endfacet
  facet normal 0 0 1
    outer loop
      vertex -5.58 3 3.9
      vertex -5.47694 3.20226 3.9
      vertex -5.50677 3.17677 3.9
    endloop
  endfacet
  facet normal 0 0 1
    outer loop
      vertex -5.40725 -3.23776 3.9
      vertex -5.58 -3 3.9
      vertex -5.44349 -3.22275 3.9
    endloop
  endfacet
  facet normal 0 0 1
    outer loop
      vertex -5.58 3 3.9
      vertex -5.50677 3.17677 3.9
      vertex -5.53225 3.14694 3.9
    endloop
  endfacet
  facet normal 0 0 1
    outer loop
      vertex -5.44349 -3.22275 3.9
      vertex -5.58 -3 3.9
      vertex -5.47694 -3.20226 3.9
    endloop
  endfacet
  facet normal 0 0 1
    outer loop
      vertex -5.58 3 3.9
      vertex -5.53225 3.14694 3.9
      vertex -5.55275 3.11349 3.9
    endloop
  endfacet
  facet normal 0 0 1
    outer loop
      vertex -5.47694 -3.20226 3.9
      vertex -5.58 -3 3.9
      vertex -5.50677 -3.17677 3.9
    endloop
  endfacet
  facet normal 0 0 1
    outer loop
      vertex -5.58 3 3.9
      vertex -5.55275 3.11349 3.9
      vertex -5.56776 3.07726 3.9
    endloop
  endfacet
  facet normal 0 0 1
    outer loop
      vertex -5.50677 -3.17677 3.9
      vertex -5.58 -3 3.9
      vertex -5.53225 -3.14694 3.9
    endloop
  endfacet
  facet normal 0 0 1
    outer loop
      vertex -5.58 3 3.9
      vertex -5.56776 3.07726 3.9
      vertex -5.57692 3.03911 3.9
    endloop
  endfacet
  facet normal 0 0 1
    outer loop
      vertex -5.53225 -3.14694 3.9
      vertex -5.58 -3 3.9
      vertex -5.55275 -3.11349 3.9
    endloop
  endfacet
  facet normal 0 0 1
    outer loop
      vertex -5.55275 -3.11349 3.9
      vertex -5.58 -3 3.9
      vertex -5.56776 -3.07726 3.9
    endloop
  endfacet
  facet normal 0 0 1
    outer loop
      vertex -5.56776 -3.07726 3.9
      vertex -5.58 -3 3.9
      vertex -5.57692 -3.03911 3.9
    endloop
  endfacet
  facet normal -0.222792 0.190303 -0.956111
    outer loop
      vertex -5.00225 3.14694 2.5265
      vertex -5.50677 3.17677 2.65
      vertex -4.97677 3.17677 2.5265
    endloop
  endfacet
  facet normal -0.222792 0.190303 -0.956111
    outer loop
      vertex -5.50677 3.17677 2.65
      vertex -5.00225 3.14694 2.5265
      vertex -5.53225 3.14694 2.65
    endloop
  endfacet
  facet normal -0.233527 0.97235 0
    outer loop
      vertex -5.36911 3.24692 2.65
      vertex -5.40725 3.23776 3.9
      vertex -5.36911 3.24692 3.9
    endloop
  endfacet
  facet normal -0.233527 0.97235 0
    outer loop
      vertex -5.40725 3.23776 3.9
      vertex -5.36911 3.24692 2.65
      vertex -5.40725 3.23776 2.65
    endloop
  endfacet
  facet normal -0.996913 0.0785092 0
    outer loop
      vertex -5.58 3 2.65
      vertex -5.57692 3.03911 3.9
      vertex -5.57692 3.03911 2.65
    endloop
  endfacet
  facet normal -0.996913 0.0785092 0
    outer loop
      vertex -5.57692 3.03911 3.9
      vertex -5.58 3 2.65
      vertex -5.58 3 3.9
    endloop
  endfacet
  facet normal 0.0743998 -0.944733 0.319287
    outer loop
      vertex -4.74 -3.25 3.7765
      vertex -5.23089 -3.24692 3.9
      vertex -5.27 -3.25 3.9
    endloop
  endfacet
  facet normal 0.0743998 -0.944733 0.319287
    outer loop
      vertex -5.23089 -3.24692 3.9
      vertex -4.74 -3.25 3.7765
      vertex -4.70089 -3.24692 3.7765
    endloop
  endfacet
  facet normal 0.164949 0.686806 0.707877
    outer loop
      vertex -4.70089 3.24692 3.7765
      vertex -5.19275 3.23776 3.9
      vertex -4.66275 3.23776 3.7765
    endloop
  endfacet
  facet normal 0.164949 0.686806 0.707877
    outer loop
      vertex -5.19275 3.23776 3.9
      vertex -4.70089 3.24692 3.7765
      vertex -5.23089 3.24692 3.9
    endloop
  endfacet
  facet normal -1 0 0
    outer loop
      vertex -5.58 -3 2.65
      vertex -5.58 3 3.9
      vertex -5.58 3 2.65
    endloop
  endfacet
  facet normal -1 -0 0
    outer loop
      vertex -5.58 3 3.9
      vertex -5.58 -3 2.65
      vertex -5.58 -3 3.9
    endloop
  endfacet
  facet normal -0.226603 -0.0544085 -0.972466
    outer loop
      vertex -5.56776 -3.07726 2.65
      vertex -5.04692 -3.03911 2.5265
      vertex -5.03776 -3.07726 2.5265
    endloop
  endfacet
  facet normal -0.226603 -0.0544085 -0.972466
    outer loop
      vertex -5.04692 -3.03911 2.5265
      vertex -5.56776 -3.07726 2.65
      vertex -5.57692 -3.03911 2.65
    endloop
  endfacet
  facet normal 0 -1 0
    outer loop
      vertex -5.33 -3.25 2.65
      vertex -5.27 -3.25 3.9
      vertex -5.33 -3.25 3.9
    endloop
  endfacet
  facet normal 0 -1 0
    outer loop
      vertex -2.68 -3.25 2.1625
      vertex -2.62 -3.25 3.4125
      vertex -3.21 -3.25 2.234
    endloop
  endfacet
  facet normal 0 -1 -0
    outer loop
      vertex -3.15 -3.25 3.484
      vertex -3.21 -3.25 2.234
      vertex -2.62 -3.25 3.4125
    endloop
  endfacet
  facet normal 0 -1 0
    outer loop
      vertex -3.21 -3.25 2.234
      vertex -3.15 -3.25 3.484
      vertex -3.74 -3.25 2.3185
    endloop
  endfacet
  facet normal 0 -1 -0
    outer loop
      vertex -3.68 -3.25 3.5685
      vertex -3.74 -3.25 2.3185
      vertex -3.15 -3.25 3.484
    endloop
  endfacet
  facet normal 0 -1 0
    outer loop
      vertex -3.74 -3.25 2.3185
      vertex -3.68 -3.25 3.5685
      vertex -4.27 -3.25 2.416
    endloop
  endfacet
  facet normal 0 -1 -0
    outer loop
      vertex -4.21 -3.25 3.666
      vertex -4.27 -3.25 2.416
      vertex -3.68 -3.25 3.5685
    endloop
  endfacet
  facet normal 0 -1 0
    outer loop
      vertex -4.27 -3.25 2.416
      vertex -4.21 -3.25 3.666
      vertex -4.8 -3.25 2.5265
    endloop
  endfacet
  facet normal 0 -1 -0
    outer loop
      vertex -4.74 -3.25 3.7765
      vertex -4.8 -3.25 2.5265
      vertex -4.21 -3.25 3.666
    endloop
  endfacet
  facet normal 0 -1 0
    outer loop
      vertex -4.8 -3.25 2.5265
      vertex -4.74 -3.25 3.7765
      vertex -5.33 -3.25 2.65
    endloop
  endfacet
  facet normal 0 -1 -0
    outer loop
      vertex -5.27 -3.25 3.9
      vertex -5.33 -3.25 2.65
      vertex -4.74 -3.25 3.7765
    endloop
  endfacet
  facet normal 0 -1 0
    outer loop
      vertex 5.33 -3.25 2.65
      vertex 5.27 -3.25 3.9
      vertex 4.74 -3.25 3.7765
    endloop
  endfacet
  facet normal 0 -1 -0
    outer loop
      vertex -2.62 -3.25 3.4125
      vertex -2.68 -3.25 2.1625
      vertex -2.09 -3.25 3.354
    endloop
  endfacet
  facet normal 0 -1 0
    outer loop
      vertex -2.15 -3.25 2.104
      vertex -2.09 -3.25 3.354
      vertex -2.68 -3.25 2.1625
    endloop
  endfacet
  facet normal 0 -1 -0
    outer loop
      vertex -2.09 -3.25 3.354
      vertex -2.15 -3.25 2.104
      vertex -1.56 -3.25 3.3085
    endloop
  endfacet
  facet normal 0 -1 0
    outer loop
      vertex -1.62 -3.25 2.0585
      vertex -1.56 -3.25 3.3085
      vertex -2.15 -3.25 2.104
    endloop
  endfacet
  facet normal 0 -1 0
    outer loop
      vertex 5.27 -3.25 3.9
      vertex 5.33 -3.25 2.65
      vertex 5.33 -3.25 3.9
    endloop
  endfacet
  facet normal 0 -1 0
    outer loop
      vertex 4.8 -3.25 2.5265
      vertex 4.74 -3.25 3.7765
      vertex 4.21 -3.25 3.666
    endloop
  endfacet
  facet normal 0 -1 0
    outer loop
      vertex 4.27 -3.25 2.416
      vertex 4.21 -3.25 3.666
      vertex 3.68 -3.25 3.5685
    endloop
  endfacet
  facet normal 0 -1 0
    outer loop
      vertex 3.74 -3.25 2.3185
      vertex 3.68 -3.25 3.5685
      vertex 3.15 -3.25 3.484
    endloop
  endfacet
  facet normal 0 -1 0
    outer loop
      vertex 3.21 -3.25 2.234
      vertex 3.15 -3.25 3.484
      vertex 2.62 -3.25 3.4125
    endloop
  endfacet
  facet normal 0 -1 0
    outer loop
      vertex 2.68 -3.25 2.1625
      vertex 2.62 -3.25 3.4125
      vertex 2.09 -3.25 3.354
    endloop
  endfacet
  facet normal 0 -1 -0
    outer loop
      vertex -1.56 -3.25 3.3085
      vertex -1.62 -3.25 2.0585
      vertex -1.03 -3.25 3.276
    endloop
  endfacet
  facet normal 0 -1 0
    outer loop
      vertex -1.09 -3.25 2.026
      vertex -1.03 -3.25 3.276
      vertex -1.62 -3.25 2.0585
    endloop
  endfacet
  facet normal 0 -1 0
    outer loop
      vertex 4.74 -3.25 3.7765
      vertex 4.8 -3.25 2.5265
      vertex 5.33 -3.25 2.65
    endloop
  endfacet
  facet normal 0 -1 0
    outer loop
      vertex -0.559999 -3.25 2.0065
      vertex -1.03 -3.25 3.276
      vertex -1.09 -3.25 2.026
    endloop
  endfacet
  facet normal 0 -1 0
    outer loop
      vertex 4.21 -3.25 3.666
      vertex 4.27 -3.25 2.416
      vertex 4.8 -3.25 2.5265
    endloop
  endfacet
  facet normal 0 -1 0
    outer loop
      vertex -1.03 -3.25 3.276
      vertex -0.559999 -3.25 2.0065
      vertex -0.500001 -3.25 3.2565
    endloop
  endfacet
  facet normal 0 -1 0
    outer loop
      vertex 3.68 -3.25 3.5685
      vertex 3.74 -3.25 2.3185
      vertex 4.27 -3.25 2.416
    endloop
  endfacet
  facet normal 0 -1 0
    outer loop
      vertex -0.0299988 -3.25 2
      vertex -0.500001 -3.25 3.2565
      vertex -0.559999 -3.25 2.0065
    endloop
  endfacet
  facet normal 0 -1 0
    outer loop
      vertex 3.15 -3.25 3.484
      vertex 3.21 -3.25 2.234
      vertex 3.74 -3.25 2.3185
    endloop
  endfacet
  facet normal 0 -1 0
    outer loop
      vertex -0.500001 -3.25 3.2565
      vertex -0.0299988 -3.25 2
      vertex 0 -3.25 3.25037
    endloop
  endfacet
  facet normal 0 -1 0
    outer loop
      vertex 2.62 -3.25 3.4125
      vertex 2.68 -3.25 2.1625
      vertex 3.21 -3.25 2.234
    endloop
  endfacet
  facet normal 0 -1 0
    outer loop
      vertex 0.0299988 -3.25 2
      vertex 0 -3.25 3.25037
      vertex -0.0299988 -3.25 2
    endloop
  endfacet
  facet normal 0 -1 0
    outer loop
      vertex 2.09 -3.25 3.354
      vertex 2.15 -3.25 2.104
      vertex 2.68 -3.25 2.1625
    endloop
  endfacet
  facet normal 0 -1 0
    outer loop
      vertex 0 -3.25 3.25037
      vertex 0.0299988 -3.25 2
      vertex 0.500001 -3.25 3.2565
    endloop
  endfacet
  facet normal 0 -1 0
    outer loop
      vertex 1.56 -3.25 3.3085
      vertex 2.15 -3.25 2.104
      vertex 2.09 -3.25 3.354
    endloop
  endfacet
  facet normal -0 -1 0
    outer loop
      vertex 0.559999 -3.25 2.0065
      vertex 0.500001 -3.25 3.2565
      vertex 0.0299988 -3.25 2
    endloop
  endfacet
  facet normal -0 -1 0
    outer loop
      vertex 2.15 -3.25 2.104
      vertex 1.56 -3.25 3.3085
      vertex 1.62 -3.25 2.0585
    endloop
  endfacet
  facet normal 0 -1 0
    outer loop
      vertex 0.500001 -3.25 3.2565
      vertex 0.559999 -3.25 2.0065
      vertex 1.03 -3.25 3.276
    endloop
  endfacet
  facet normal 0 -1 0
    outer loop
      vertex 1.03 -3.25 3.276
      vertex 1.62 -3.25 2.0585
      vertex 1.56 -3.25 3.3085
    endloop
  endfacet
  facet normal -0 -1 0
    outer loop
      vertex 1.09 -3.25 2.026
      vertex 1.03 -3.25 3.276
      vertex 0.559999 -3.25 2.0065
    endloop
  endfacet
  facet normal -0 -1 0
    outer loop
      vertex 1.62 -3.25 2.0585
      vertex 1.03 -3.25 3.276
      vertex 1.09 -3.25 2.026
    endloop
  endfacet
  facet normal 0.224776 -0.137755 0.964624
    outer loop
      vertex -5.04725 -3.11349 3.9
      vertex -4.53775 -3.14694 3.7765
      vertex -4.51725 -3.11349 3.7765
    endloop
  endfacet
  facet normal 0.224776 -0.137755 0.964624
    outer loop
      vertex -4.53775 -3.14694 3.7765
      vertex -5.04725 -3.11349 3.9
      vertex -5.06775 -3.14694 3.9
    endloop
  endfacet
  facet normal -0.225943 0.0936075 -0.969633
    outer loop
      vertex -5.03776 3.07726 2.5265
      vertex -5.55275 3.11349 2.65
      vertex -5.02275 3.11349 2.5265
    endloop
  endfacet
  facet normal -0.225943 0.0936075 -0.969633
    outer loop
      vertex -5.55275 3.11349 2.65
      vertex -5.03776 3.07726 2.5265
      vertex -5.56776 3.07726 2.65
    endloop
  endfacet
  facet normal -0.522347 0.852733 0
    outer loop
      vertex -5.44349 3.22275 2.65
      vertex -5.47694 3.20226 3.9
      vertex -5.44349 3.22275 3.9
    endloop
  endfacet
  facet normal -0.522347 0.852733 0
    outer loop
      vertex -5.47694 3.20226 3.9
      vertex -5.44349 3.22275 2.65
      vertex -5.47694 3.20226 2.65
    endloop
  endfacet
  facet normal -0.164949 0.686806 -0.707877
    outer loop
      vertex -4.87725 3.23776 2.5265
      vertex -5.36911 3.24692 2.65
      vertex -4.83911 3.24692 2.5265
    endloop
  endfacet
  facet normal -0.164949 0.686806 -0.707877
    outer loop
      vertex -5.36911 3.24692 2.65
      vertex -4.87725 3.23776 2.5265
      vertex -5.40725 3.23776 2.65
    endloop
  endfacet
  facet normal -0.85262 -0.522532 0
    outer loop
      vertex -5.53225 -3.14694 2.65
      vertex -5.55275 -3.11349 3.9
      vertex -5.55275 -3.11349 2.65
    endloop
  endfacet
  facet normal -0.85262 -0.522532 0
    outer loop
      vertex -5.55275 -3.11349 3.9
      vertex -5.53225 -3.14694 2.65
      vertex -5.53225 -3.14694 3.9
    endloop
  endfacet
  facet normal -0.219336 -0.256681 -0.941279
    outer loop
      vertex -5.47694 -3.20226 2.65
      vertex -4.97677 -3.17677 2.5265
      vertex -4.94694 -3.20226 2.5265
    endloop
  endfacet
  facet normal -0.219336 -0.256681 -0.941279
    outer loop
      vertex -4.97677 -3.17677 2.5265
      vertex -5.47694 -3.20226 2.65
      vertex -5.50677 -3.17677 2.65
    endloop
  endfacet
  facet normal -0.972364 -0.233469 0
    outer loop
      vertex -5.56776 -3.07726 2.65
      vertex -5.57692 -3.03911 3.9
      vertex -5.57692 -3.03911 2.65
    endloop
  endfacet
  facet normal -0.972364 -0.233469 0
    outer loop
      vertex -5.57692 -3.03911 3.9
      vertex -5.56776 -3.07726 2.65
      vertex -5.56776 -3.07726 3.9
    endloop
  endfacet
  facet normal -0.233527 -0.97235 0
    outer loop
      vertex -5.40725 -3.23776 2.65
      vertex -5.36911 -3.24692 3.9
      vertex -5.40725 -3.23776 3.9
    endloop
  endfacet
  facet normal -0.233527 -0.97235 -0
    outer loop
      vertex -5.36911 -3.24692 3.9
      vertex -5.40725 -3.23776 2.65
      vertex -5.36911 -3.24692 2.65
    endloop
  endfacet
  facet normal -0.164949 -0.686806 -0.707877
    outer loop
      vertex -5.36911 -3.24692 2.65
      vertex -4.87725 -3.23776 2.5265
      vertex -4.83911 -3.24692 2.5265
    endloop
  endfacet
  facet normal -0.164949 -0.686806 -0.707877
    outer loop
      vertex -4.87725 -3.23776 2.5265
      vertex -5.36911 -3.24692 2.65
      vertex -5.40725 -3.23776 2.65
    endloop
  endfacet
  facet normal -0.0743998 -0.944733 -0.319287
    outer loop
      vertex -4.83911 -3.24692 2.5265
      vertex -5.33 -3.25 2.65
      vertex -5.36911 -3.24692 2.65
    endloop
  endfacet
  facet normal -0.0743998 -0.944733 -0.319287
    outer loop
      vertex -5.33 -3.25 2.65
      vertex -4.83911 -3.24692 2.5265
      vertex -4.8 -3.25 2.5265
    endloop
  endfacet
  facet normal -0.222792 -0.190303 -0.956111
    outer loop
      vertex -5.50677 -3.17677 2.65
      vertex -5.00225 -3.14694 2.5265
      vertex -4.97677 -3.17677 2.5265
    endloop
  endfacet
  facet normal -0.222792 -0.190303 -0.956111
    outer loop
      vertex -5.00225 -3.14694 2.5265
      vertex -5.50677 -3.17677 2.65
      vertex -5.53225 -3.14694 2.65
    endloop
  endfacet
  facet normal 0.226603 -0.0544085 0.972466
    outer loop
      vertex -5.02308 -3.03911 3.9
      vertex -4.50224 -3.07726 3.7765
      vertex -4.49308 -3.03911 3.7765
    endloop
  endfacet
  facet normal 0.226603 -0.0544085 0.972466
    outer loop
      vertex -4.50224 -3.07726 3.7765
      vertex -5.02308 -3.03911 3.9
      vertex -5.03224 -3.07726 3.9
    endloop
  endfacet
  facet normal 0.212804 -0.347404 0.91325
    outer loop
      vertex -5.12306 -3.20226 3.9
      vertex -4.62651 -3.22275 3.7765
      vertex -4.59306 -3.20226 3.7765
    endloop
  endfacet
  facet normal 0.212804 -0.347404 0.91325
    outer loop
      vertex -4.62651 -3.22275 3.7765
      vertex -5.12306 -3.20226 3.9
      vertex -5.15651 -3.22275 3.9
    endloop
  endfacet
  facet normal 0.219336 -0.256681 0.941279
    outer loop
      vertex -5.09323 -3.17677 3.9
      vertex -4.59306 -3.20226 3.7765
      vertex -4.56323 -3.17677 3.7765
    endloop
  endfacet
  facet normal 0.219336 -0.256681 0.941279
    outer loop
      vertex -4.59306 -3.20226 3.7765
      vertex -5.09323 -3.17677 3.9
      vertex -5.12306 -3.20226 3.9
    endloop
  endfacet
  facet normal -0.0785092 0.996913 0
    outer loop
      vertex -5.33 3.25 2.65
      vertex -5.36911 3.24692 3.9
      vertex -5.33 3.25 3.9
    endloop
  endfacet
  facet normal -0.0785092 0.996913 0
    outer loop
      vertex -5.36911 3.24692 3.9
      vertex -5.33 3.25 2.65
      vertex -5.36911 3.24692 2.65
    endloop
  endfacet
  facet normal 0.226903 -0.0178691 0.973753
    outer loop
      vertex -5.02 -3 3.9
      vertex -4.49308 -3.03911 3.7765
      vertex -4.49 -3 3.7765
    endloop
  endfacet
  facet normal 0.226903 -0.0178691 0.973753
    outer loop
      vertex -4.49308 -3.03911 3.7765
      vertex -5.02 -3 3.9
      vertex -5.02308 -3.03911 3.9
    endloop
  endfacet
  facet normal -0.760371 0.649489 0
    outer loop
      vertex -5.53225 3.14694 2.65
      vertex -5.50677 3.17677 3.9
      vertex -5.50677 3.17677 2.65
    endloop
  endfacet
  facet normal -0.760371 0.649489 0
    outer loop
      vertex -5.50677 3.17677 3.9
      vertex -5.53225 3.14694 2.65
      vertex -5.53225 3.14694 3.9
    endloop
  endfacet
  facet normal -0.226603 0.0544085 -0.972466
    outer loop
      vertex -5.04692 3.03911 2.5265
      vertex -5.56776 3.07726 2.65
      vertex -5.03776 3.07726 2.5265
    endloop
  endfacet
  facet normal -0.226603 0.0544085 -0.972466
    outer loop
      vertex -5.56776 3.07726 2.65
      vertex -5.04692 3.03911 2.5265
      vertex -5.57692 3.03911 2.65
    endloop
  endfacet
  facet normal -0.212804 0.347404 -0.91325
    outer loop
      vertex -4.94694 3.20226 2.5265
      vertex -5.44349 3.22275 2.65
      vertex -4.91349 3.22275 2.5265
    endloop
  endfacet
  facet normal -0.212804 0.347404 -0.91325
    outer loop
      vertex -5.44349 3.22275 2.65
      vertex -4.94694 3.20226 2.5265
      vertex -5.47694 3.20226 2.65
    endloop
  endfacet
  facet normal -0.85262 0.522532 0
    outer loop
      vertex -5.55275 3.11349 2.65
      vertex -5.53225 3.14694 3.9
      vertex -5.53225 3.14694 2.65
    endloop
  endfacet
  facet normal -0.85262 0.522532 0
    outer loop
      vertex -5.53225 3.14694 3.9
      vertex -5.55275 3.11349 2.65
      vertex -5.55275 3.11349 3.9
    endloop
  endfacet
  facet normal -0.649636 0.760245 0
    outer loop
      vertex -5.47694 3.20226 2.65
      vertex -5.50677 3.17677 3.9
      vertex -5.47694 3.20226 3.9
    endloop
  endfacet
  facet normal -0.649636 0.760245 0
    outer loop
      vertex -5.50677 3.17677 3.9
      vertex -5.47694 3.20226 2.65
      vertex -5.50677 3.17677 2.65
    endloop
  endfacet
  facet normal -0.199022 0.480517 -0.854104
    outer loop
      vertex -4.91349 3.22275 2.5265
      vertex -5.40725 3.23776 2.65
      vertex -4.87725 3.23776 2.5265
    endloop
  endfacet
  facet normal -0.199022 0.480517 -0.854104
    outer loop
      vertex -5.40725 3.23776 2.65
      vertex -4.91349 3.22275 2.5265
      vertex -5.44349 3.22275 2.65
    endloop
  endfacet
  facet normal -0.996913 -0.0785092 0
    outer loop
      vertex -5.57692 -3.03911 2.65
      vertex -5.58 -3 3.9
      vertex -5.58 -3 2.65
    endloop
  endfacet
  facet normal -0.996913 -0.0785092 0
    outer loop
      vertex -5.58 -3 3.9
      vertex -5.57692 -3.03911 2.65
      vertex -5.57692 -3.03911 3.9
    endloop
  endfacet
  facet normal -0.923852 -0.38275 0
    outer loop
      vertex -5.55275 -3.11349 2.65
      vertex -5.56776 -3.07726 3.9
      vertex -5.56776 -3.07726 2.65
    endloop
  endfacet
  facet normal -0.923852 -0.38275 0
    outer loop
      vertex -5.56776 -3.07726 3.9
      vertex -5.55275 -3.11349 2.65
      vertex -5.55275 -3.11349 3.9
    endloop
  endfacet
  facet normal -0.212804 -0.347404 -0.91325
    outer loop
      vertex -5.44349 -3.22275 2.65
      vertex -4.94694 -3.20226 2.5265
      vertex -4.91349 -3.22275 2.5265
    endloop
  endfacet
  facet normal -0.212804 -0.347404 -0.91325
    outer loop
      vertex -4.94694 -3.20226 2.5265
      vertex -5.44349 -3.22275 2.65
      vertex -5.47694 -3.20226 2.65
    endloop
  endfacet
  facet normal -0.522347 -0.852733 0
    outer loop
      vertex -5.47694 -3.20226 2.65
      vertex -5.44349 -3.22275 3.9
      vertex -5.47694 -3.20226 3.9
    endloop
  endfacet
  facet normal -0.522347 -0.852733 -0
    outer loop
      vertex -5.44349 -3.22275 3.9
      vertex -5.47694 -3.20226 2.65
      vertex -5.44349 -3.22275 2.65
    endloop
  endfacet
  facet normal 0.225943 -0.0936075 0.969633
    outer loop
      vertex -5.03224 -3.07726 3.9
      vertex -4.51725 -3.11349 3.7765
      vertex -4.50224 -3.07726 3.7765
    endloop
  endfacet
  facet normal 0.225943 -0.0936075 0.969633
    outer loop
      vertex -4.51725 -3.11349 3.7765
      vertex -5.03224 -3.07726 3.9
      vertex -5.04725 -3.11349 3.9
    endloop
  endfacet
  facet normal 0.219336 0.256681 0.941279
    outer loop
      vertex -4.59306 3.20226 3.7765
      vertex -5.09323 3.17677 3.9
      vertex -4.56323 3.17677 3.7765
    endloop
  endfacet
  facet normal 0.219336 0.256681 0.941279
    outer loop
      vertex -5.09323 3.17677 3.9
      vertex -4.59306 3.20226 3.7765
      vertex -5.12306 3.20226 3.9
    endloop
  endfacet
  facet normal -0.0743998 0.944733 -0.319287
    outer loop
      vertex -4.83911 3.24692 2.5265
      vertex -5.33 3.25 2.65
      vertex -4.8 3.25 2.5265
    endloop
  endfacet
  facet normal -0.0743998 0.944733 -0.319287
    outer loop
      vertex -5.33 3.25 2.65
      vertex -4.83911 3.24692 2.5265
      vertex -5.36911 3.24692 2.65
    endloop
  endfacet
  facet normal 0.225943 0.0936075 0.969633
    outer loop
      vertex -4.51725 3.11349 3.7765
      vertex -5.03224 3.07726 3.9
      vertex -4.50224 3.07726 3.7765
    endloop
  endfacet
  facet normal 0.225943 0.0936075 0.969633
    outer loop
      vertex -5.03224 3.07726 3.9
      vertex -4.51725 3.11349 3.7765
      vertex -5.04725 3.11349 3.9
    endloop
  endfacet
  facet normal 0 1 -0
    outer loop
      vertex 5.33 3.25 2.65
      vertex 5.27 3.25 3.9
      vertex 5.33 3.25 3.9
    endloop
  endfacet
  facet normal 0 1 -0
    outer loop
      vertex 2.68 3.25 2.1625
      vertex 2.62 3.25 3.4125
      vertex 3.21 3.25 2.234
    endloop
  endfacet
  facet normal 0 1 0
    outer loop
      vertex 3.15 3.25 3.484
      vertex 3.21 3.25 2.234
      vertex 2.62 3.25 3.4125
    endloop
  endfacet
  facet normal 0 1 -0
    outer loop
      vertex 3.21 3.25 2.234
      vertex 3.15 3.25 3.484
      vertex 3.74 3.25 2.3185
    endloop
  endfacet
  facet normal 0 1 0
    outer loop
      vertex 3.68 3.25 3.5685
      vertex 3.74 3.25 2.3185
      vertex 3.15 3.25 3.484
    endloop
  endfacet
  facet normal 0 1 -0
    outer loop
      vertex 3.74 3.25 2.3185
      vertex 3.68 3.25 3.5685
      vertex 4.27 3.25 2.416
    endloop
  endfacet
  facet normal 0 1 0
    outer loop
      vertex 4.21 3.25 3.666
      vertex 4.27 3.25 2.416
      vertex 3.68 3.25 3.5685
    endloop
  endfacet
  facet normal 0 1 -0
    outer loop
      vertex 4.27 3.25 2.416
      vertex 4.21 3.25 3.666
      vertex 4.8 3.25 2.5265
    endloop
  endfacet
  facet normal 0 1 0
    outer loop
      vertex 4.74 3.25 3.7765
      vertex 4.8 3.25 2.5265
      vertex 4.21 3.25 3.666
    endloop
  endfacet
  facet normal 0 1 -0
    outer loop
      vertex 4.8 3.25 2.5265
      vertex 4.74 3.25 3.7765
      vertex 5.33 3.25 2.65
    endloop
  endfacet
  facet normal 0 1 0
    outer loop
      vertex 5.27 3.25 3.9
      vertex 5.33 3.25 2.65
      vertex 4.74 3.25 3.7765
    endloop
  endfacet
  facet normal 0 1 0
    outer loop
      vertex -5.33 3.25 2.65
      vertex -5.27 3.25 3.9
      vertex -4.74 3.25 3.7765
    endloop
  endfacet
  facet normal 0 1 0
    outer loop
      vertex 2.62 3.25 3.4125
      vertex 2.68 3.25 2.1625
      vertex 2.09 3.25 3.354
    endloop
  endfacet
  facet normal 0 1 -0
    outer loop
      vertex 2.15 3.25 2.104
      vertex 2.09 3.25 3.354
      vertex 2.68 3.25 2.1625
    endloop
  endfacet
  facet normal 0 1 0
    outer loop
      vertex 2.09 3.25 3.354
      vertex 2.15 3.25 2.104
      vertex 1.56 3.25 3.3085
    endloop
  endfacet
  facet normal 0 1 -0
    outer loop
      vertex 1.62 3.25 2.0585
      vertex 1.56 3.25 3.3085
      vertex 2.15 3.25 2.104
    endloop
  endfacet
  facet normal 0 1 0
    outer loop
      vertex -5.27 3.25 3.9
      vertex -5.33 3.25 2.65
      vertex -5.33 3.25 3.9
    endloop
  endfacet
  facet normal 0 1 0
    outer loop
      vertex -4.8 3.25 2.5265
      vertex -4.74 3.25 3.7765
      vertex -4.21 3.25 3.666
    endloop
  endfacet
  facet normal 0 1 0
    outer loop
      vertex -4.27 3.25 2.416
      vertex -4.21 3.25 3.666
      vertex -3.68 3.25 3.5685
    endloop
  endfacet
  facet normal 0 1 0
    outer loop
      vertex -3.74 3.25 2.3185
      vertex -3.68 3.25 3.5685
      vertex -3.15 3.25 3.484
    endloop
  endfacet
  facet normal 0 1 0
    outer loop
      vertex -3.21 3.25 2.234
      vertex -3.15 3.25 3.484
      vertex -2.62 3.25 3.4125
    endloop
  endfacet
  facet normal 0 1 0
    outer loop
      vertex -2.68 3.25 2.1625
      vertex -2.62 3.25 3.4125
      vertex -2.09 3.25 3.354
    endloop
  endfacet
  facet normal 0 1 0
    outer loop
      vertex 1.56 3.25 3.3085
      vertex 1.62 3.25 2.0585
      vertex 1.03 3.25 3.276
    endloop
  endfacet
  facet normal 0 1 -0
    outer loop
      vertex 1.09 3.25 2.026
      vertex 1.03 3.25 3.276
      vertex 1.62 3.25 2.0585
    endloop
  endfacet
  facet normal 0 1 0
    outer loop
      vertex -4.74 3.25 3.7765
      vertex -4.8 3.25 2.5265
      vertex -5.33 3.25 2.65
    endloop
  endfacet
  facet normal 0 1 0
    outer loop
      vertex 0.559999 3.25 2.0065
      vertex 1.03 3.25 3.276
      vertex 1.09 3.25 2.026
    endloop
  endfacet
  facet normal 0 1 0
    outer loop
      vertex -4.21 3.25 3.666
      vertex -4.27 3.25 2.416
      vertex -4.8 3.25 2.5265
    endloop
  endfacet
  facet normal 0 1 0
    outer loop
      vertex 1.03 3.25 3.276
      vertex 0.559999 3.25 2.0065
      vertex 0.500001 3.25 3.2565
    endloop
  endfacet
  facet normal 0 1 0
    outer loop
      vertex -3.68 3.25 3.5685
      vertex -3.74 3.25 2.3185
      vertex -4.27 3.25 2.416
    endloop
  endfacet
  facet normal 0 1 0
    outer loop
      vertex 0.0299988 3.25 2
      vertex 0.500001 3.25 3.2565
      vertex 0.559999 3.25 2.0065
    endloop
  endfacet
  facet normal 0 1 0
    outer loop
      vertex -3.15 3.25 3.484
      vertex -3.21 3.25 2.234
      vertex -3.74 3.25 2.3185
    endloop
  endfacet
  facet normal 0 1 0
    outer loop
      vertex 0.500001 3.25 3.2565
      vertex 0.0299988 3.25 2
      vertex 0 3.25 3.25037
    endloop
  endfacet
  facet normal 0 1 0
    outer loop
      vertex -2.62 3.25 3.4125
      vertex -2.68 3.25 2.1625
      vertex -3.21 3.25 2.234
    endloop
  endfacet
  facet normal 0 1 0
    outer loop
      vertex -0.0299988 3.25 2
      vertex 0 3.25 3.25037
      vertex 0.0299988 3.25 2
    endloop
  endfacet
  facet normal 0 1 0
    outer loop
      vertex -2.09 3.25 3.354
      vertex -2.15 3.25 2.104
      vertex -2.68 3.25 2.1625
    endloop
  endfacet
  facet normal 0 1 0
    outer loop
      vertex 0 3.25 3.25037
      vertex -0.0299988 3.25 2
      vertex -0.500001 3.25 3.2565
    endloop
  endfacet
  facet normal 0 1 0
    outer loop
      vertex -1.56 3.25 3.3085
      vertex -2.15 3.25 2.104
      vertex -2.09 3.25 3.354
    endloop
  endfacet
  facet normal -0 1 0
    outer loop
      vertex -0.559999 3.25 2.0065
      vertex -0.500001 3.25 3.2565
      vertex -0.0299988 3.25 2
    endloop
  endfacet
  facet normal -0 1 0
    outer loop
      vertex -2.15 3.25 2.104
      vertex -1.56 3.25 3.3085
      vertex -1.62 3.25 2.0585
    endloop
  endfacet
  facet normal 0 1 0
    outer loop
      vertex -0.500001 3.25 3.2565
      vertex -0.559999 3.25 2.0065
      vertex -1.03 3.25 3.276
    endloop
  endfacet
  facet normal 0 1 0
    outer loop
      vertex -1.03 3.25 3.276
      vertex -1.62 3.25 2.0585
      vertex -1.56 3.25 3.3085
    endloop
  endfacet
  facet normal -0 1 0
    outer loop
      vertex -1.09 3.25 2.026
      vertex -1.03 3.25 3.276
      vertex -0.559999 3.25 2.0065
    endloop
  endfacet
  facet normal -0 1 0
    outer loop
      vertex -1.62 3.25 2.0585
      vertex -1.03 3.25 3.276
      vertex -1.09 3.25 2.026
    endloop
  endfacet
  facet normal -0.972364 0.233469 0
    outer loop
      vertex -5.57692 3.03911 2.65
      vertex -5.56776 3.07726 3.9
      vertex -5.56776 3.07726 2.65
    endloop
  endfacet
  facet normal -0.972364 0.233469 0
    outer loop
      vertex -5.56776 3.07726 3.9
      vertex -5.57692 3.03911 2.65
      vertex -5.57692 3.03911 3.9
    endloop
  endfacet
  facet normal -0.923852 0.38275 0
    outer loop
      vertex -5.56776 3.07726 2.65
      vertex -5.55275 3.11349 3.9
      vertex -5.55275 3.11349 2.65
    endloop
  endfacet
  facet normal -0.923852 0.38275 0
    outer loop
      vertex -5.55275 3.11349 3.9
      vertex -5.56776 3.07726 2.65
      vertex -5.56776 3.07726 3.9
    endloop
  endfacet
  facet normal -0.224776 0.137755 -0.964624
    outer loop
      vertex -5.02275 3.11349 2.5265
      vertex -5.53225 3.14694 2.65
      vertex -5.00225 3.14694 2.5265
    endloop
  endfacet
  facet normal -0.224776 0.137755 -0.964624
    outer loop
      vertex -5.53225 3.14694 2.65
      vertex -5.02275 3.11349 2.5265
      vertex -5.55275 3.11349 2.65
    endloop
  endfacet
  facet normal -0.219336 0.256681 -0.941279
    outer loop
      vertex -4.97677 3.17677 2.5265
      vertex -5.47694 3.20226 2.65
      vertex -4.94694 3.20226 2.5265
    endloop
  endfacet
  facet normal -0.219336 0.256681 -0.941279
    outer loop
      vertex -5.47694 3.20226 2.65
      vertex -4.97677 3.17677 2.5265
      vertex -5.50677 3.17677 2.65
    endloop
  endfacet
  facet normal -0.226903 -0.0178691 -0.973753
    outer loop
      vertex -5.57692 -3.03911 2.65
      vertex -5.05 -3 2.5265
      vertex -5.04692 -3.03911 2.5265
    endloop
  endfacet
  facet normal -0.226903 -0.0178691 -0.973753
    outer loop
      vertex -5.05 -3 2.5265
      vertex -5.57692 -3.03911 2.65
      vertex -5.58 -3 2.65
    endloop
  endfacet
  facet normal -0.225943 -0.0936075 -0.969633
    outer loop
      vertex -5.55275 -3.11349 2.65
      vertex -5.03776 -3.07726 2.5265
      vertex -5.02275 -3.11349 2.5265
    endloop
  endfacet
  facet normal -0.225943 -0.0936075 -0.969633
    outer loop
      vertex -5.03776 -3.07726 2.5265
      vertex -5.55275 -3.11349 2.65
      vertex -5.56776 -3.07726 2.65
    endloop
  endfacet
  facet normal -0.224776 -0.137755 -0.964624
    outer loop
      vertex -5.53225 -3.14694 2.65
      vertex -5.02275 -3.11349 2.5265
      vertex -5.00225 -3.14694 2.5265
    endloop
  endfacet
  facet normal -0.224776 -0.137755 -0.964624
    outer loop
      vertex -5.02275 -3.11349 2.5265
      vertex -5.53225 -3.14694 2.65
      vertex -5.55275 -3.11349 2.65
    endloop
  endfacet
  facet normal -0.649636 -0.760245 0
    outer loop
      vertex -5.50677 -3.17677 2.65
      vertex -5.47694 -3.20226 3.9
      vertex -5.50677 -3.17677 3.9
    endloop
  endfacet
  facet normal -0.649636 -0.760245 -0
    outer loop
      vertex -5.47694 -3.20226 3.9
      vertex -5.50677 -3.17677 2.65
      vertex -5.47694 -3.20226 2.65
    endloop
  endfacet
  facet normal -0.760371 -0.649489 0
    outer loop
      vertex -5.50677 -3.17677 2.65
      vertex -5.53225 -3.14694 3.9
      vertex -5.53225 -3.14694 2.65
    endloop
  endfacet
  facet normal -0.760371 -0.649489 0
    outer loop
      vertex -5.53225 -3.14694 3.9
      vertex -5.50677 -3.17677 2.65
      vertex -5.50677 -3.17677 3.9
    endloop
  endfacet
  facet normal -0.199022 -0.480517 -0.854104
    outer loop
      vertex -5.40725 -3.23776 2.65
      vertex -4.91349 -3.22275 2.5265
      vertex -4.87725 -3.23776 2.5265
    endloop
  endfacet
  facet normal -0.199022 -0.480517 -0.854104
    outer loop
      vertex -4.91349 -3.22275 2.5265
      vertex -5.40725 -3.23776 2.65
      vertex -5.44349 -3.22275 2.65
    endloop
  endfacet
  facet normal -0.38266 -0.923889 0
    outer loop
      vertex -5.44349 -3.22275 2.65
      vertex -5.40725 -3.23776 3.9
      vertex -5.44349 -3.22275 3.9
    endloop
  endfacet
  facet normal -0.38266 -0.923889 -0
    outer loop
      vertex -5.40725 -3.23776 3.9
      vertex -5.44349 -3.22275 2.65
      vertex -5.40725 -3.23776 2.65
    endloop
  endfacet
  facet normal 0.224776 0.137755 0.964624
    outer loop
      vertex -4.53775 3.14694 3.7765
      vertex -5.04725 3.11349 3.9
      vertex -4.51725 3.11349 3.7765
    endloop
  endfacet
  facet normal 0.224776 0.137755 0.964624
    outer loop
      vertex -5.04725 3.11349 3.9
      vertex -4.53775 3.14694 3.7765
      vertex -5.06775 3.14694 3.9
    endloop
  endfacet
  facet normal 0.226603 0.0544085 0.972466
    outer loop
      vertex -4.50224 3.07726 3.7765
      vertex -5.02308 3.03911 3.9
      vertex -4.49308 3.03911 3.7765
    endloop
  endfacet
  facet normal 0.226603 0.0544085 0.972466
    outer loop
      vertex -5.02308 3.03911 3.9
      vertex -4.50224 3.07726 3.7765
      vertex -5.03224 3.07726 3.9
    endloop
  endfacet
  facet normal 0.0743998 0.944733 0.319287
    outer loop
      vertex -4.74 3.25 3.7765
      vertex -5.23089 3.24692 3.9
      vertex -4.70089 3.24692 3.7765
    endloop
  endfacet
  facet normal 0.0743998 0.944733 0.319287
    outer loop
      vertex -5.23089 3.24692 3.9
      vertex -4.74 3.25 3.7765
      vertex -5.27 3.25 3.9
    endloop
  endfacet
  facet normal 0.199022 0.480517 0.854104
    outer loop
      vertex -4.66275 3.23776 3.7765
      vertex -5.15651 3.22275 3.9
      vertex -4.62651 3.22275 3.7765
    endloop
  endfacet
  facet normal 0.199022 0.480517 0.854104
    outer loop
      vertex -5.15651 3.22275 3.9
      vertex -4.66275 3.23776 3.7765
      vertex -5.19275 3.23776 3.9
    endloop
  endfacet
  facet normal 0.226903 0.0178691 0.973753
    outer loop
      vertex -4.49308 3.03911 3.7765
      vertex -5.02 3 3.9
      vertex -4.49 3 3.7765
    endloop
  endfacet
  facet normal 0.226903 0.0178691 0.973753
    outer loop
      vertex -5.02 3 3.9
      vertex -4.49308 3.03911 3.7765
      vertex -5.02308 3.03911 3.9
    endloop
  endfacet
  facet normal 0.212804 0.347404 0.91325
    outer loop
      vertex -4.62651 3.22275 3.7765
      vertex -5.12306 3.20226 3.9
      vertex -4.59306 3.20226 3.7765
    endloop
  endfacet
  facet normal 0.212804 0.347404 0.91325
    outer loop
      vertex -5.12306 3.20226 3.9
      vertex -4.62651 3.22275 3.7765
      vertex -5.15651 3.22275 3.9
    endloop
  endfacet
  facet normal 0.222792 0.190303 0.956111
    outer loop
      vertex -4.56323 3.17677 3.7765
      vertex -5.06775 3.14694 3.9
      vertex -4.53775 3.14694 3.7765
    endloop
  endfacet
  facet normal 0.222792 0.190303 0.956111
    outer loop
      vertex -5.06775 3.14694 3.9
      vertex -4.56323 3.17677 3.7765
      vertex -5.09323 3.17677 3.9
    endloop
  endfacet
  facet normal 0.18308 -0.442026 0.87812
    outer loop
      vertex -4.62651 -3.22275 3.7765
      vertex -4.13275 -3.23776 3.666
      vertex -4.09651 -3.22275 3.666
    endloop
  endfacet
  facet normal 0.18308 -0.442026 0.87812
    outer loop
      vertex -4.13275 -3.23776 3.666
      vertex -4.62651 -3.22275 3.7765
      vertex -4.66275 -3.23776 3.7765
    endloop
  endfacet
  facet normal -0.204075 0.0160714 -0.978823
    outer loop
      vertex -4.52 3 2.416
      vertex -5.04692 3.03911 2.5265
      vertex -4.51692 3.03911 2.416
    endloop
  endfacet
  facet normal -0.204075 0.0160714 -0.978823
    outer loop
      vertex -5.04692 3.03911 2.5265
      vertex -4.52 3 2.416
      vertex -5.05 3 2.5265
    endloop
  endfacet
  facet normal -0.204102 0 -0.97895
    outer loop
      vertex -5.05 -3 2.5265
      vertex -4.52 3 2.416
      vertex -4.52 -3 2.416
    endloop
  endfacet
  facet normal -0.204102 0 -0.97895
    outer loop
      vertex -4.52 3 2.416
      vertex -5.05 -3 2.5265
      vertex -5.05 3 2.5265
    endloop
  endfacet
  facet normal -0.0734727 -0.93296 -0.352403
    outer loop
      vertex -4.30911 -3.24692 2.416
      vertex -4.8 -3.25 2.5265
      vertex -4.83911 -3.24692 2.5265
    endloop
  endfacet
  facet normal -0.0734727 -0.93296 -0.352403
    outer loop
      vertex -4.8 -3.25 2.5265
      vertex -4.30911 -3.24692 2.416
      vertex -4.27 -3.25 2.416
    endloop
  endfacet
  facet normal 0.155526 -0.647573 0.745963
    outer loop
      vertex -4.66275 -3.23776 3.7765
      vertex -4.17089 -3.24692 3.666
      vertex -4.13275 -3.23776 3.666
    endloop
  endfacet
  facet normal 0.155526 -0.647573 0.745963
    outer loop
      vertex -4.17089 -3.24692 3.666
      vertex -4.66275 -3.23776 3.7765
      vertex -4.70089 -3.24692 3.7765
    endloop
  endfacet
  facet normal 0.202524 0.124118 0.97138
    outer loop
      vertex -4.00775 3.14694 3.666
      vertex -4.51725 3.11349 3.7765
      vertex -3.98725 3.11349 3.666
    endloop
  endfacet
  facet normal 0.202524 0.124118 0.97138
    outer loop
      vertex -4.51725 3.11349 3.7765
      vertex -4.00775 3.14694 3.666
      vertex -4.53775 3.14694 3.7765
    endloop
  endfacet
  facet normal -0.202524 -0.124118 -0.97138
    outer loop
      vertex -5.00225 -3.14694 2.5265
      vertex -4.49275 -3.11349 2.416
      vertex -4.47225 -3.14694 2.416
    endloop
  endfacet
  facet normal -0.202524 -0.124118 -0.97138
    outer loop
      vertex -4.49275 -3.11349 2.416
      vertex -5.00225 -3.14694 2.5265
      vertex -5.02275 -3.11349 2.5265
    endloop
  endfacet
  facet normal 0.0734727 -0.93296 0.352403
    outer loop
      vertex -4.21 -3.25 3.666
      vertex -4.70089 -3.24692 3.7765
      vertex -4.74 -3.25 3.7765
    endloop
  endfacet
  facet normal 0.0734727 -0.93296 0.352403
    outer loop
      vertex -4.70089 -3.24692 3.7765
      vertex -4.21 -3.25 3.666
      vertex -4.17089 -3.24692 3.666
    endloop
  endfacet
  facet normal 0.204102 0 0.97895
    outer loop
      vertex -4.49 3 3.7765
      vertex -3.96 -3 3.666
      vertex -3.96 3 3.666
    endloop
  endfacet
  facet normal 0.204102 0 0.97895
    outer loop
      vertex -3.96 -3 3.666
      vertex -4.49 3 3.7765
      vertex -4.49 -3 3.7765
    endloop
  endfacet
  facet normal -0.193636 0.316111 -0.928751
    outer loop
      vertex -4.41694 3.20226 2.416
      vertex -4.91349 3.22275 2.5265
      vertex -4.38349 3.22275 2.416
    endloop
  endfacet
  facet normal -0.193636 0.316111 -0.928751
    outer loop
      vertex -4.91349 3.22275 2.5265
      vertex -4.41694 3.20226 2.416
      vertex -4.94694 3.20226 2.5265
    endloop
  endfacet
  facet normal -0.0734727 0.93296 -0.352403
    outer loop
      vertex -4.30911 3.24692 2.416
      vertex -4.8 3.25 2.5265
      vertex -4.27 3.25 2.416
    endloop
  endfacet
  facet normal -0.0734727 0.93296 -0.352403
    outer loop
      vertex -4.8 3.25 2.5265
      vertex -4.30911 3.24692 2.416
      vertex -4.83911 3.24692 2.5265
    endloop
  endfacet
  facet normal -0.198518 0.232318 -0.952166
    outer loop
      vertex -4.44677 3.17677 2.416
      vertex -4.94694 3.20226 2.5265
      vertex -4.41694 3.20226 2.416
    endloop
  endfacet
  facet normal -0.198518 0.232318 -0.952166
    outer loop
      vertex -4.94694 3.20226 2.5265
      vertex -4.44677 3.17677 2.416
      vertex -4.97677 3.17677 2.5265
    endloop
  endfacet
  facet normal -0.155526 -0.647573 -0.745963
    outer loop
      vertex -4.83911 -3.24692 2.5265
      vertex -4.34725 -3.23776 2.416
      vertex -4.30911 -3.24692 2.416
    endloop
  endfacet
  facet normal -0.155526 -0.647573 -0.745963
    outer loop
      vertex -4.34725 -3.23776 2.416
      vertex -4.83911 -3.24692 2.5265
      vertex -4.87725 -3.23776 2.5265
    endloop
  endfacet
  facet normal 0.201069 -0.171748 0.964403
    outer loop
      vertex -4.53775 -3.14694 3.7765
      vertex -4.03323 -3.17677 3.666
      vertex -4.00775 -3.14694 3.666
    endloop
  endfacet
  facet normal 0.201069 -0.171748 0.964403
    outer loop
      vertex -4.03323 -3.17677 3.666
      vertex -4.53775 -3.14694 3.7765
      vertex -4.56323 -3.17677 3.7765
    endloop
  endfacet
  facet normal 0.204075 0.0160714 0.978823
    outer loop
      vertex -3.96308 3.03911 3.666
      vertex -4.49 3 3.7765
      vertex -3.96 3 3.666
    endloop
  endfacet
  facet normal 0.204075 0.0160714 0.978823
    outer loop
      vertex -4.49 3 3.7765
      vertex -3.96308 3.03911 3.666
      vertex -4.49308 3.03911 3.7765
    endloop
  endfacet
  facet normal 0.203857 0.0489471 0.977776
    outer loop
      vertex -3.97224 3.07726 3.666
      vertex -4.49308 3.03911 3.7765
      vertex -3.96308 3.03911 3.666
    endloop
  endfacet
  facet normal 0.203857 0.0489471 0.977776
    outer loop
      vertex -4.49308 3.03911 3.7765
      vertex -3.97224 3.07726 3.666
      vertex -4.50224 3.07726 3.7765
    endloop
  endfacet
  facet normal -0.155526 0.647573 -0.745963
    outer loop
      vertex -4.34725 3.23776 2.416
      vertex -4.83911 3.24692 2.5265
      vertex -4.30911 3.24692 2.416
    endloop
  endfacet
  facet normal -0.155526 0.647573 -0.745963
    outer loop
      vertex -4.83911 3.24692 2.5265
      vertex -4.34725 3.23776 2.416
      vertex -4.87725 3.23776 2.5265
    endloop
  endfacet
  facet normal -0.202524 0.124118 -0.97138
    outer loop
      vertex -4.49275 3.11349 2.416
      vertex -5.00225 3.14694 2.5265
      vertex -4.47225 3.14694 2.416
    endloop
  endfacet
  facet normal -0.202524 0.124118 -0.97138
    outer loop
      vertex -5.00225 3.14694 2.5265
      vertex -4.49275 3.11349 2.416
      vertex -5.02275 3.11349 2.5265
    endloop
  endfacet
  facet normal -0.201069 0.171748 -0.964403
    outer loop
      vertex -4.47225 3.14694 2.416
      vertex -4.97677 3.17677 2.5265
      vertex -4.44677 3.17677 2.416
    endloop
  endfacet
  facet normal -0.201069 0.171748 -0.964403
    outer loop
      vertex -4.97677 3.17677 2.5265
      vertex -4.47225 3.14694 2.416
      vertex -5.00225 3.14694 2.5265
    endloop
  endfacet
  facet normal -0.203857 0.0489471 -0.977776
    outer loop
      vertex -4.51692 3.03911 2.416
      vertex -5.03776 3.07726 2.5265
      vertex -4.50776 3.07726 2.416
    endloop
  endfacet
  facet normal -0.203857 0.0489471 -0.977776
    outer loop
      vertex -5.03776 3.07726 2.5265
      vertex -4.51692 3.03911 2.416
      vertex -5.04692 3.03911 2.5265
    endloop
  endfacet
  facet normal -0.203376 -0.0842582 -0.975468
    outer loop
      vertex -5.02275 -3.11349 2.5265
      vertex -4.50776 -3.07726 2.416
      vertex -4.49275 -3.11349 2.416
    endloop
  endfacet
  facet normal -0.203376 -0.0842582 -0.975468
    outer loop
      vertex -4.50776 -3.07726 2.416
      vertex -5.02275 -3.11349 2.5265
      vertex -5.03776 -3.07726 2.5265
    endloop
  endfacet
  facet normal -0.193636 -0.316111 -0.928751
    outer loop
      vertex -4.91349 -3.22275 2.5265
      vertex -4.41694 -3.20226 2.416
      vertex -4.38349 -3.22275 2.416
    endloop
  endfacet
  facet normal -0.193636 -0.316111 -0.928751
    outer loop
      vertex -4.41694 -3.20226 2.416
      vertex -4.91349 -3.22275 2.5265
      vertex -4.94694 -3.20226 2.5265
    endloop
  endfacet
  facet normal -0.198518 -0.232318 -0.952166
    outer loop
      vertex -4.94694 -3.20226 2.5265
      vertex -4.44677 -3.17677 2.416
      vertex -4.41694 -3.20226 2.416
    endloop
  endfacet
  facet normal -0.198518 -0.232318 -0.952166
    outer loop
      vertex -4.44677 -3.17677 2.416
      vertex -4.94694 -3.20226 2.5265
      vertex -4.97677 -3.17677 2.5265
    endloop
  endfacet
  facet normal 0.203376 -0.0842582 0.975468
    outer loop
      vertex -4.50224 -3.07726 3.7765
      vertex -3.98725 -3.11349 3.666
      vertex -3.97224 -3.07726 3.666
    endloop
  endfacet
  facet normal 0.203376 -0.0842582 0.975468
    outer loop
      vertex -3.98725 -3.11349 3.666
      vertex -4.50224 -3.07726 3.7765
      vertex -4.51725 -3.11349 3.7765
    endloop
  endfacet
  facet normal -0.203376 0.0842582 -0.975468
    outer loop
      vertex -4.50776 3.07726 2.416
      vertex -5.02275 3.11349 2.5265
      vertex -4.49275 3.11349 2.416
    endloop
  endfacet
  facet normal -0.203376 0.0842582 -0.975468
    outer loop
      vertex -5.02275 3.11349 2.5265
      vertex -4.50776 3.07726 2.416
      vertex -5.03776 3.07726 2.5265
    endloop
  endfacet
  facet normal -0.204075 -0.0160714 -0.978823
    outer loop
      vertex -5.04692 -3.03911 2.5265
      vertex -4.52 -3 2.416
      vertex -4.51692 -3.03911 2.416
    endloop
  endfacet
  facet normal -0.204075 -0.0160714 -0.978823
    outer loop
      vertex -4.52 -3 2.416
      vertex -5.04692 -3.03911 2.5265
      vertex -5.05 -3 2.5265
    endloop
  endfacet
  facet normal -0.203857 -0.0489471 -0.977776
    outer loop
      vertex -5.03776 -3.07726 2.5265
      vertex -4.51692 -3.03911 2.416
      vertex -4.50776 -3.07726 2.416
    endloop
  endfacet
  facet normal -0.203857 -0.0489471 -0.977776
    outer loop
      vertex -4.51692 -3.03911 2.416
      vertex -5.03776 -3.07726 2.5265
      vertex -5.04692 -3.03911 2.5265
    endloop
  endfacet
  facet normal -0.201069 -0.171748 -0.964403
    outer loop
      vertex -4.97677 -3.17677 2.5265
      vertex -4.47225 -3.14694 2.416
      vertex -4.44677 -3.17677 2.416
    endloop
  endfacet
  facet normal -0.201069 -0.171748 -0.964403
    outer loop
      vertex -4.47225 -3.14694 2.416
      vertex -4.97677 -3.17677 2.5265
      vertex -5.00225 -3.14694 2.5265
    endloop
  endfacet
  facet normal -0.18308 -0.442026 -0.87812
    outer loop
      vertex -4.87725 -3.23776 2.5265
      vertex -4.38349 -3.22275 2.416
      vertex -4.34725 -3.23776 2.416
    endloop
  endfacet
  facet normal -0.18308 -0.442026 -0.87812
    outer loop
      vertex -4.38349 -3.22275 2.416
      vertex -4.87725 -3.23776 2.5265
      vertex -4.91349 -3.22275 2.5265
    endloop
  endfacet
  facet normal 0.203857 -0.0489471 0.977776
    outer loop
      vertex -4.49308 -3.03911 3.7765
      vertex -3.97224 -3.07726 3.666
      vertex -3.96308 -3.03911 3.666
    endloop
  endfacet
  facet normal 0.203857 -0.0489471 0.977776
    outer loop
      vertex -3.97224 -3.07726 3.666
      vertex -4.49308 -3.03911 3.7765
      vertex -4.50224 -3.07726 3.7765
    endloop
  endfacet
  facet normal 0.204075 -0.0160714 0.978823
    outer loop
      vertex -4.49 -3 3.7765
      vertex -3.96308 -3.03911 3.666
      vertex -3.96 -3 3.666
    endloop
  endfacet
  facet normal 0.204075 -0.0160714 0.978823
    outer loop
      vertex -3.96308 -3.03911 3.666
      vertex -4.49 -3 3.7765
      vertex -4.49308 -3.03911 3.7765
    endloop
  endfacet
  facet normal 0.202524 -0.124118 0.97138
    outer loop
      vertex -4.51725 -3.11349 3.7765
      vertex -4.00775 -3.14694 3.666
      vertex -3.98725 -3.11349 3.666
    endloop
  endfacet
  facet normal 0.202524 -0.124118 0.97138
    outer loop
      vertex -4.00775 -3.14694 3.666
      vertex -4.51725 -3.11349 3.7765
      vertex -4.53775 -3.14694 3.7765
    endloop
  endfacet
  facet normal 0.203376 0.0842582 0.975468
    outer loop
      vertex -3.98725 3.11349 3.666
      vertex -4.50224 3.07726 3.7765
      vertex -3.97224 3.07726 3.666
    endloop
  endfacet
  facet normal 0.203376 0.0842582 0.975468
    outer loop
      vertex -4.50224 3.07726 3.7765
      vertex -3.98725 3.11349 3.666
      vertex -4.51725 3.11349 3.7765
    endloop
  endfacet
  facet normal 0.193636 0.316111 0.928751
    outer loop
      vertex -4.09651 3.22275 3.666
      vertex -4.59306 3.20226 3.7765
      vertex -4.06306 3.20226 3.666
    endloop
  endfacet
  facet normal 0.193636 0.316111 0.928751
    outer loop
      vertex -4.59306 3.20226 3.7765
      vertex -4.09651 3.22275 3.666
      vertex -4.62651 3.22275 3.7765
    endloop
  endfacet
  facet normal 0.201069 0.171748 0.964403
    outer loop
      vertex -4.03323 3.17677 3.666
      vertex -4.53775 3.14694 3.7765
      vertex -4.00775 3.14694 3.666
    endloop
  endfacet
  facet normal 0.201069 0.171748 0.964403
    outer loop
      vertex -4.53775 3.14694 3.7765
      vertex -4.03323 3.17677 3.666
      vertex -4.56323 3.17677 3.7765
    endloop
  endfacet
  facet normal -0.18308 0.442026 -0.87812
    outer loop
      vertex -4.38349 3.22275 2.416
      vertex -4.87725 3.23776 2.5265
      vertex -4.34725 3.23776 2.416
    endloop
  endfacet
  facet normal -0.18308 0.442026 -0.87812
    outer loop
      vertex -4.87725 3.23776 2.5265
      vertex -4.38349 3.22275 2.416
      vertex -4.91349 3.22275 2.5265
    endloop
  endfacet
  facet normal 0.193636 -0.316111 0.928751
    outer loop
      vertex -4.59306 -3.20226 3.7765
      vertex -4.09651 -3.22275 3.666
      vertex -4.06306 -3.20226 3.666
    endloop
  endfacet
  facet normal 0.193636 -0.316111 0.928751
    outer loop
      vertex -4.09651 -3.22275 3.666
      vertex -4.59306 -3.20226 3.7765
      vertex -4.62651 -3.22275 3.7765
    endloop
  endfacet
  facet normal 0.198518 -0.232318 0.952166
    outer loop
      vertex -4.56323 -3.17677 3.7765
      vertex -4.06306 -3.20226 3.666
      vertex -4.03323 -3.17677 3.666
    endloop
  endfacet
  facet normal 0.198518 -0.232318 0.952166
    outer loop
      vertex -4.06306 -3.20226 3.666
      vertex -4.56323 -3.17677 3.7765
      vertex -4.59306 -3.20226 3.7765
    endloop
  endfacet
  facet normal 0.198518 0.232318 0.952166
    outer loop
      vertex -4.06306 3.20226 3.666
      vertex -4.56323 3.17677 3.7765
      vertex -4.03323 3.17677 3.666
    endloop
  endfacet
  facet normal 0.198518 0.232318 0.952166
    outer loop
      vertex -4.56323 3.17677 3.7765
      vertex -4.06306 3.20226 3.666
      vertex -4.59306 3.20226 3.7765
    endloop
  endfacet
  facet normal 0.18308 0.442026 0.87812
    outer loop
      vertex -4.13275 3.23776 3.666
      vertex -4.62651 3.22275 3.7765
      vertex -4.09651 3.22275 3.666
    endloop
  endfacet
  facet normal 0.18308 0.442026 0.87812
    outer loop
      vertex -4.62651 3.22275 3.7765
      vertex -4.13275 3.23776 3.666
      vertex -4.66275 3.23776 3.7765
    endloop
  endfacet
  facet normal 0.155526 0.647573 0.745963
    outer loop
      vertex -4.17089 3.24692 3.666
      vertex -4.66275 3.23776 3.7765
      vertex -4.13275 3.23776 3.666
    endloop
  endfacet
  facet normal 0.155526 0.647573 0.745963
    outer loop
      vertex -4.66275 3.23776 3.7765
      vertex -4.17089 3.24692 3.666
      vertex -4.70089 3.24692 3.7765
    endloop
  endfacet
  facet normal 0.0734727 0.93296 0.352403
    outer loop
      vertex -4.21 3.25 3.666
      vertex -4.70089 3.24692 3.7765
      vertex -4.17089 3.24692 3.666
    endloop
  endfacet
  facet normal 0.0734727 0.93296 0.352403
    outer loop
      vertex -4.70089 3.24692 3.7765
      vertex -4.21 3.25 3.666
      vertex -4.74 3.25 3.7765
    endloop
  endfacet
  facet normal 0.165798 -0.400301 0.90126
    outer loop
      vertex -4.09651 -3.22275 3.666
      vertex -3.60275 -3.23776 3.5685
      vertex -3.56651 -3.22275 3.5685
    endloop
  endfacet
  facet normal 0.165798 -0.400301 0.90126
    outer loop
      vertex -3.60275 -3.23776 3.5685
      vertex -4.09651 -3.22275 3.666
      vertex -4.13275 -3.23776 3.666
    endloop
  endfacet
  facet normal -0.180908 0.0142469 -0.983397
    outer loop
      vertex -3.99 3 2.3185
      vertex -4.51692 3.03911 2.416
      vertex -3.98692 3.03911 2.3185
    endloop
  endfacet
  facet normal -0.180908 0.0142469 -0.983397
    outer loop
      vertex -4.51692 3.03911 2.416
      vertex -3.99 3 2.3185
      vertex -4.52 3 2.416
    endloop
  endfacet
  facet normal -0.180926 0 -0.983497
    outer loop
      vertex -4.52 -3 2.416
      vertex -3.99 3 2.3185
      vertex -3.99 -3 2.3185
    endloop
  endfacet
  facet normal -0.180926 0 -0.983497
    outer loop
      vertex -3.99 3 2.3185
      vertex -4.52 -3 2.416
      vertex -4.52 3 2.416
    endloop
  endfacet
  facet normal -0.0722084 -0.916906 -0.392517
    outer loop
      vertex -3.77911 -3.24692 2.3185
      vertex -4.27 -3.25 2.416
      vertex -4.30911 -3.24692 2.416
    endloop
  endfacet
  facet normal -0.0722084 -0.916906 -0.392517
    outer loop
      vertex -4.27 -3.25 2.416
      vertex -3.77911 -3.24692 2.3185
      vertex -3.74 -3.25 2.3185
    endloop
  endfacet
  facet normal 0.14451 -0.601702 0.785539
    outer loop
      vertex -4.13275 -3.23776 3.666
      vertex -3.64089 -3.24692 3.5685
      vertex -3.60275 -3.23776 3.5685
    endloop
  endfacet
  facet normal 0.14451 -0.601702 0.785539
    outer loop
      vertex -3.64089 -3.24692 3.5685
      vertex -4.13275 -3.23776 3.666
      vertex -4.17089 -3.24692 3.666
    endloop
  endfacet
  facet normal 0.179824 0.110206 0.977506
    outer loop
      vertex -3.47775 3.14694 3.5685
      vertex -3.98725 3.11349 3.666
      vertex -3.45725 3.11349 3.5685
    endloop
  endfacet
  facet normal 0.179824 0.110206 0.977506
    outer loop
      vertex -3.98725 3.11349 3.666
      vertex -3.47775 3.14694 3.5685
      vertex -4.00775 3.14694 3.666
    endloop
  endfacet
  facet normal -0.179824 -0.110206 -0.977506
    outer loop
      vertex -4.47225 -3.14694 2.416
      vertex -3.96275 -3.11349 2.3185
      vertex -3.94225 -3.14694 2.3185
    endloop
  endfacet
  facet normal -0.179824 -0.110206 -0.977506
    outer loop
      vertex -3.96275 -3.11349 2.3185
      vertex -4.47225 -3.14694 2.416
      vertex -4.49275 -3.11349 2.416
    endloop
  endfacet
  facet normal 0.0722084 -0.916906 0.392517
    outer loop
      vertex -3.68 -3.25 3.5685
      vertex -4.17089 -3.24692 3.666
      vertex -4.21 -3.25 3.666
    endloop
  endfacet
  facet normal 0.0722084 -0.916906 0.392517
    outer loop
      vertex -4.17089 -3.24692 3.666
      vertex -3.68 -3.25 3.5685
      vertex -3.64089 -3.24692 3.5685
    endloop
  endfacet
  facet normal 0.180899 0 0.983502
    outer loop
      vertex -3.43 3 3.5685
      vertex -3.58 1.125 3.59609
      vertex -3.43 -3 3.5685
    endloop
  endfacet
  facet normal 0.180926 -2.27627e-06 0.983497
    outer loop
      vertex -3.96 3 3.666
      vertex -3.58 1.125 3.59609
      vertex -3.43 3 3.5685
    endloop
  endfacet
  facet normal 0.180962 0 0.98349
    outer loop
      vertex -3.92 1.125 3.65864
      vertex -3.96 3 3.666
      vertex -3.92 -1.125 3.65864
    endloop
  endfacet
  facet normal 0.180934 -6.17095e-07 0.983495
    outer loop
      vertex -3.58 1.125 3.59609
      vertex -3.96 3 3.666
      vertex -3.92 1.125 3.65864
    endloop
  endfacet
  facet normal 0.180899 -0 0.983502
    outer loop
      vertex -3.58 -1.125 3.59609
      vertex -3.43 -3 3.5685
      vertex -3.58 1.125 3.59609
    endloop
  endfacet
  facet normal 0.180934 6.17095e-07 0.983495
    outer loop
      vertex -3.96 -3 3.666
      vertex -3.58 -1.125 3.59609
      vertex -3.92 -1.125 3.65864
    endloop
  endfacet
  facet normal 0.180926 2.27627e-06 0.983497
    outer loop
      vertex -3.58 -1.125 3.59609
      vertex -3.96 -3 3.666
      vertex -3.43 -3 3.5685
    endloop
  endfacet
  facet normal 0.180962 -0 0.98349
    outer loop
      vertex -3.96 -3 3.666
      vertex -3.92 -1.125 3.65864
      vertex -3.96 3 3.666
    endloop
  endfacet
  facet normal -0.173516 0.283265 -0.943214
    outer loop
      vertex -3.88694 3.20226 2.3185
      vertex -4.38349 3.22275 2.416
      vertex -3.85349 3.22275 2.3185
    endloop
  endfacet
  facet normal -0.173516 0.283265 -0.943214
    outer loop
      vertex -4.38349 3.22275 2.416
      vertex -3.88694 3.20226 2.3185
      vertex -4.41694 3.20226 2.416
    endloop
  endfacet
  facet normal -0.0722084 0.916906 -0.392517
    outer loop
      vertex -3.77911 3.24692 2.3185
      vertex -4.27 3.25 2.416
      vertex -3.74 3.25 2.3185
    endloop
  endfacet
  facet normal -0.0722084 0.916906 -0.392517
    outer loop
      vertex -4.27 3.25 2.416
      vertex -3.77911 3.24692 2.3185
      vertex -4.30911 3.24692 2.416
    endloop
  endfacet
  facet normal -0.177002 0.207139 -0.962166
    outer loop
      vertex -3.91677 3.17677 2.3185
      vertex -4.41694 3.20226 2.416
      vertex -3.88694 3.20226 2.3185
    endloop
  endfacet
  facet normal -0.177002 0.207139 -0.962166
    outer loop
      vertex -4.41694 3.20226 2.416
      vertex -3.91677 3.17677 2.3185
      vertex -4.44677 3.17677 2.416
    endloop
  endfacet
  facet normal -0.14451 -0.601702 -0.785539
    outer loop
      vertex -4.30911 -3.24692 2.416
      vertex -3.81725 -3.23776 2.3185
      vertex -3.77911 -3.24692 2.3185
    endloop
  endfacet
  facet normal -0.14451 -0.601702 -0.785539
    outer loop
      vertex -3.81725 -3.23776 2.3185
      vertex -4.30911 -3.24692 2.416
      vertex -4.34725 -3.23776 2.416
    endloop
  endfacet
  facet normal 0.178804 -0.152729 0.971958
    outer loop
      vertex -4.00775 -3.14694 3.666
      vertex -3.50323 -3.17677 3.5685
      vertex -3.47775 -3.14694 3.5685
    endloop
  endfacet
  facet normal 0.178804 -0.152729 0.971958
    outer loop
      vertex -3.50323 -3.17677 3.5685
      vertex -4.00775 -3.14694 3.666
      vertex -4.03323 -3.17677 3.666
    endloop
  endfacet
  facet normal 0.180908 0.0142469 0.983397
    outer loop
      vertex -3.43308 3.03911 3.5685
      vertex -3.96 3 3.666
      vertex -3.43 3 3.5685
    endloop
  endfacet
  facet normal 0.180908 0.0142469 0.983397
    outer loop
      vertex -3.96 3 3.666
      vertex -3.43308 3.03911 3.5685
      vertex -3.96308 3.03911 3.666
    endloop
  endfacet
  facet normal 0.180756 0.0434003 0.98257
    outer loop
      vertex -3.44224 3.07726 3.5685
      vertex -3.96308 3.03911 3.666
      vertex -3.43308 3.03911 3.5685
    endloop
  endfacet
  facet normal 0.180756 0.0434003 0.98257
    outer loop
      vertex -3.96308 3.03911 3.666
      vertex -3.44224 3.07726 3.5685
      vertex -3.97224 3.07726 3.666
    endloop
  endfacet
  facet normal -0.14451 0.601702 -0.785539
    outer loop
      vertex -3.81725 3.23776 2.3185
      vertex -4.30911 3.24692 2.416
      vertex -3.77911 3.24692 2.3185
    endloop
  endfacet
  facet normal -0.14451 0.601702 -0.785539
    outer loop
      vertex -4.30911 3.24692 2.416
      vertex -3.81725 3.23776 2.3185
      vertex -4.34725 3.23776 2.416
    endloop
  endfacet
  facet normal -0.179824 0.110206 -0.977506
    outer loop
      vertex -3.96275 3.11349 2.3185
      vertex -4.47225 3.14694 2.416
      vertex -3.94225 3.14694 2.3185
    endloop
  endfacet
  facet normal -0.179824 0.110206 -0.977506
    outer loop
      vertex -4.47225 3.14694 2.416
      vertex -3.96275 3.11349 2.3185
      vertex -4.49275 3.11349 2.416
    endloop
  endfacet
  facet normal -0.178804 0.152729 -0.971958
    outer loop
      vertex -3.94225 3.14694 2.3185
      vertex -4.44677 3.17677 2.416
      vertex -3.91677 3.17677 2.3185
    endloop
  endfacet
  facet normal -0.178804 0.152729 -0.971958
    outer loop
      vertex -4.44677 3.17677 2.416
      vertex -3.94225 3.14694 2.3185
      vertex -4.47225 3.14694 2.416
    endloop
  endfacet
  facet normal -0.180756 0.0434003 -0.98257
    outer loop
      vertex -3.98692 3.03911 2.3185
      vertex -4.50776 3.07726 2.416
      vertex -3.97776 3.07726 2.3185
    endloop
  endfacet
  facet normal -0.180756 0.0434003 -0.98257
    outer loop
      vertex -4.50776 3.07726 2.416
      vertex -3.98692 3.03911 2.3185
      vertex -4.51692 3.03911 2.416
    endloop
  endfacet
  facet normal -0.18042 -0.0747476 -0.980745
    outer loop
      vertex -4.49275 -3.11349 2.416
      vertex -3.97776 -3.07726 2.3185
      vertex -3.96275 -3.11349 2.3185
    endloop
  endfacet
  facet normal -0.18042 -0.0747476 -0.980745
    outer loop
      vertex -3.97776 -3.07726 2.3185
      vertex -4.49275 -3.11349 2.416
      vertex -4.50776 -3.07726 2.416
    endloop
  endfacet
  facet normal -0.173516 -0.283265 -0.943214
    outer loop
      vertex -4.38349 -3.22275 2.416
      vertex -3.88694 -3.20226 2.3185
      vertex -3.85349 -3.22275 2.3185
    endloop
  endfacet
  facet normal -0.173516 -0.283265 -0.943214
    outer loop
      vertex -3.88694 -3.20226 2.3185
      vertex -4.38349 -3.22275 2.416
      vertex -4.41694 -3.20226 2.416
    endloop
  endfacet
  facet normal -0.177002 -0.207139 -0.962166
    outer loop
      vertex -4.41694 -3.20226 2.416
      vertex -3.91677 -3.17677 2.3185
      vertex -3.88694 -3.20226 2.3185
    endloop
  endfacet
  facet normal -0.177002 -0.207139 -0.962166
    outer loop
      vertex -3.91677 -3.17677 2.3185
      vertex -4.41694 -3.20226 2.416
      vertex -4.44677 -3.17677 2.416
    endloop
  endfacet
  facet normal -0.178804 -0.152729 -0.971958
    outer loop
      vertex -4.44677 -3.17677 2.416
      vertex -3.94225 -3.14694 2.3185
      vertex -3.91677 -3.17677 2.3185
    endloop
  endfacet
  facet normal -0.178804 -0.152729 -0.971958
    outer loop
      vertex -3.94225 -3.14694 2.3185
      vertex -4.44677 -3.17677 2.416
      vertex -4.47225 -3.14694 2.416
    endloop
  endfacet
  facet normal 0.18042 -0.0747476 0.980745
    outer loop
      vertex -3.97224 -3.07726 3.666
      vertex -3.45725 -3.11349 3.5685
      vertex -3.44224 -3.07726 3.5685
    endloop
  endfacet
  facet normal 0.18042 -0.0747476 0.980745
    outer loop
      vertex -3.45725 -3.11349 3.5685
      vertex -3.97224 -3.07726 3.666
      vertex -3.98725 -3.11349 3.666
    endloop
  endfacet
  facet normal -0.18042 0.0747476 -0.980745
    outer loop
      vertex -3.97776 3.07726 2.3185
      vertex -4.49275 3.11349 2.416
      vertex -3.96275 3.11349 2.3185
    endloop
  endfacet
  facet normal -0.18042 0.0747476 -0.980745
    outer loop
      vertex -4.49275 3.11349 2.416
      vertex -3.97776 3.07726 2.3185
      vertex -4.50776 3.07726 2.416
    endloop
  endfacet
  facet normal -0.180908 -0.0142469 -0.983397
    outer loop
      vertex -4.51692 -3.03911 2.416
      vertex -3.99 -3 2.3185
      vertex -3.98692 -3.03911 2.3185
    endloop
  endfacet
  facet normal -0.180908 -0.0142469 -0.983397
    outer loop
      vertex -3.99 -3 2.3185
      vertex -4.51692 -3.03911 2.416
      vertex -4.52 -3 2.416
    endloop
  endfacet
  facet normal -0.180756 -0.0434003 -0.98257
    outer loop
      vertex -4.50776 -3.07726 2.416
      vertex -3.98692 -3.03911 2.3185
      vertex -3.97776 -3.07726 2.3185
    endloop
  endfacet
  facet normal -0.180756 -0.0434003 -0.98257
    outer loop
      vertex -3.98692 -3.03911 2.3185
      vertex -4.50776 -3.07726 2.416
      vertex -4.51692 -3.03911 2.416
    endloop
  endfacet
  facet normal -0.165798 -0.400301 -0.90126
    outer loop
      vertex -4.34725 -3.23776 2.416
      vertex -3.85349 -3.22275 2.3185
      vertex -3.81725 -3.23776 2.3185
    endloop
  endfacet
  facet normal -0.165798 -0.400301 -0.90126
    outer loop
      vertex -3.85349 -3.22275 2.3185
      vertex -4.34725 -3.23776 2.416
      vertex -4.38349 -3.22275 2.416
    endloop
  endfacet
  facet normal 0.180756 -0.0434003 0.98257
    outer loop
      vertex -3.96308 -3.03911 3.666
      vertex -3.44224 -3.07726 3.5685
      vertex -3.43308 -3.03911 3.5685
    endloop
  endfacet
  facet normal 0.180756 -0.0434003 0.98257
    outer loop
      vertex -3.44224 -3.07726 3.5685
      vertex -3.96308 -3.03911 3.666
      vertex -3.97224 -3.07726 3.666
    endloop
  endfacet
  facet normal 0.180908 -0.0142469 0.983397
    outer loop
      vertex -3.96 -3 3.666
      vertex -3.43308 -3.03911 3.5685
      vertex -3.43 -3 3.5685
    endloop
  endfacet
  facet normal 0.180908 -0.0142469 0.983397
    outer loop
      vertex -3.43308 -3.03911 3.5685
      vertex -3.96 -3 3.666
      vertex -3.96308 -3.03911 3.666
    endloop
  endfacet
  facet normal 0.179824 -0.110206 0.977506
    outer loop
      vertex -3.98725 -3.11349 3.666
      vertex -3.47775 -3.14694 3.5685
      vertex -3.45725 -3.11349 3.5685
    endloop
  endfacet
  facet normal 0.179824 -0.110206 0.977506
    outer loop
      vertex -3.47775 -3.14694 3.5685
      vertex -3.98725 -3.11349 3.666
      vertex -4.00775 -3.14694 3.666
    endloop
  endfacet
  facet normal 0.18042 0.0747476 0.980745
    outer loop
      vertex -3.45725 3.11349 3.5685
      vertex -3.97224 3.07726 3.666
      vertex -3.44224 3.07726 3.5685
    endloop
  endfacet
  facet normal 0.18042 0.0747476 0.980745
    outer loop
      vertex -3.97224 3.07726 3.666
      vertex -3.45725 3.11349 3.5685
      vertex -3.98725 3.11349 3.666
    endloop
  endfacet
  facet normal 0.173516 0.283265 0.943214
    outer loop
      vertex -3.56651 3.22275 3.5685
      vertex -4.06306 3.20226 3.666
      vertex -3.53306 3.20226 3.5685
    endloop
  endfacet
  facet normal 0.173516 0.283265 0.943214
    outer loop
      vertex -4.06306 3.20226 3.666
      vertex -3.56651 3.22275 3.5685
      vertex -4.09651 3.22275 3.666
    endloop
  endfacet
  facet normal 0.178804 0.152729 0.971958
    outer loop
      vertex -3.50323 3.17677 3.5685
      vertex -4.00775 3.14694 3.666
      vertex -3.47775 3.14694 3.5685
    endloop
  endfacet
  facet normal 0.178804 0.152729 0.971958
    outer loop
      vertex -4.00775 3.14694 3.666
      vertex -3.50323 3.17677 3.5685
      vertex -4.03323 3.17677 3.666
    endloop
  endfacet
  facet normal -0.165798 0.400301 -0.90126
    outer loop
      vertex -3.85349 3.22275 2.3185
      vertex -4.34725 3.23776 2.416
      vertex -3.81725 3.23776 2.3185
    endloop
  endfacet
  facet normal -0.165798 0.400301 -0.90126
    outer loop
      vertex -4.34725 3.23776 2.416
      vertex -3.85349 3.22275 2.3185
      vertex -4.38349 3.22275 2.416
    endloop
  endfacet
  facet normal 0.173516 -0.283265 0.943214
    outer loop
      vertex -4.06306 -3.20226 3.666
      vertex -3.56651 -3.22275 3.5685
      vertex -3.53306 -3.20226 3.5685
    endloop
  endfacet
  facet normal 0.173516 -0.283265 0.943214
    outer loop
      vertex -3.56651 -3.22275 3.5685
      vertex -4.06306 -3.20226 3.666
      vertex -4.09651 -3.22275 3.666
    endloop
  endfacet
  facet normal 0.177002 -0.207139 0.962166
    outer loop
      vertex -4.03323 -3.17677 3.666
      vertex -3.53306 -3.20226 3.5685
      vertex -3.50323 -3.17677 3.5685
    endloop
  endfacet
  facet normal 0.177002 -0.207139 0.962166
    outer loop
      vertex -3.53306 -3.20226 3.5685
      vertex -4.03323 -3.17677 3.666
      vertex -4.06306 -3.20226 3.666
    endloop
  endfacet
  facet normal 0.177002 0.207139 0.962166
    outer loop
      vertex -3.53306 3.20226 3.5685
      vertex -4.03323 3.17677 3.666
      vertex -3.50323 3.17677 3.5685
    endloop
  endfacet
  facet normal 0.177002 0.207139 0.962166
    outer loop
      vertex -4.03323 3.17677 3.666
      vertex -3.53306 3.20226 3.5685
      vertex -4.06306 3.20226 3.666
    endloop
  endfacet
  facet normal 0.165798 0.400301 0.90126
    outer loop
      vertex -3.60275 3.23776 3.5685
      vertex -4.09651 3.22275 3.666
      vertex -3.56651 3.22275 3.5685
    endloop
  endfacet
  facet normal 0.165798 0.400301 0.90126
    outer loop
      vertex -4.09651 3.22275 3.666
      vertex -3.60275 3.23776 3.5685
      vertex -4.13275 3.23776 3.666
    endloop
  endfacet
  facet normal 0.14451 0.601702 0.785539
    outer loop
      vertex -3.64089 3.24692 3.5685
      vertex -4.13275 3.23776 3.666
      vertex -3.60275 3.23776 3.5685
    endloop
  endfacet
  facet normal 0.14451 0.601702 0.785539
    outer loop
      vertex -4.13275 3.23776 3.666
      vertex -3.64089 3.24692 3.5685
      vertex -4.17089 3.24692 3.666
    endloop
  endfacet
  facet normal 0.0722084 0.916906 0.392517
    outer loop
      vertex -3.68 3.25 3.5685
      vertex -4.17089 3.24692 3.666
      vertex -3.64089 3.24692 3.5685
    endloop
  endfacet
  facet normal 0.0722084 0.916906 0.392517
    outer loop
      vertex -4.17089 3.24692 3.666
      vertex -3.68 3.25 3.5685
      vertex -4.21 3.25 3.666
    endloop
  endfacet
  facet normal 0.147171 -0.355328 0.923083
    outer loop
      vertex -3.56651 -3.22275 3.5685
      vertex -3.07275 -3.23776 3.484
      vertex -3.03651 -3.22275 3.484
    endloop
  endfacet
  facet normal 0.147171 -0.355328 0.923083
    outer loop
      vertex -3.07275 -3.23776 3.484
      vertex -3.56651 -3.22275 3.5685
      vertex -3.60275 -3.23776 3.5685
    endloop
  endfacet
  facet normal 0.131673 0.548256 0.82588
    outer loop
      vertex -3.11089 3.24692 3.484
      vertex -3.60275 3.23776 3.5685
      vertex -3.07275 3.23776 3.484
    endloop
  endfacet
  facet normal 0.131673 0.548256 0.82588
    outer loop
      vertex -3.60275 3.23776 3.5685
      vertex -3.11089 3.24692 3.484
      vertex -3.64089 3.24692 3.5685
    endloop
  endfacet
  facet normal -0.157433 -0.0123982 -0.987452
    outer loop
      vertex -3.98692 -3.03911 2.3185
      vertex -3.46 -3 2.234
      vertex -3.45692 -3.03911 2.234
    endloop
  endfacet
  facet normal -0.157433 -0.0123982 -0.987452
    outer loop
      vertex -3.46 -3 2.234
      vertex -3.98692 -3.03911 2.3185
      vertex -3.99 -3 2.3185
    endloop
  endfacet
  facet normal 0.152489 -0.248939 0.95644
    outer loop
      vertex -3.53306 -3.20226 3.5685
      vertex -3.03651 -3.22275 3.484
      vertex -3.00306 -3.20226 3.484
    endloop
  endfacet
  facet normal 0.152489 -0.248939 0.95644
    outer loop
      vertex -3.03651 -3.22275 3.484
      vertex -3.53306 -3.20226 3.5685
      vertex -3.56651 -3.22275 3.5685
    endloop
  endfacet
  facet normal -0.157445 0 -0.987528
    outer loop
      vertex -3.99 -3 2.3185
      vertex -3.46 3 2.234
      vertex -3.46 -3 2.234
    endloop
  endfacet
  facet normal -0.157445 0 -0.987528
    outer loop
      vertex -3.46 3 2.234
      vertex -3.99 -3 2.3185
      vertex -3.99 3 2.3185
    endloop
  endfacet
  facet normal -0.157433 0.0123982 -0.987452
    outer loop
      vertex -3.46 3 2.234
      vertex -3.98692 3.03911 2.3185
      vertex -3.45692 3.03911 2.234
    endloop
  endfacet
  facet normal -0.157433 0.0123982 -0.987452
    outer loop
      vertex -3.98692 3.03911 2.3185
      vertex -3.46 3 2.234
      vertex -3.99 3 2.3185
    endloop
  endfacet
  facet normal 0.131673 -0.548256 0.82588
    outer loop
      vertex -3.60275 -3.23776 3.5685
      vertex -3.11089 -3.24692 3.484
      vertex -3.07275 -3.23776 3.484
    endloop
  endfacet
  facet normal 0.131673 -0.548256 0.82588
    outer loop
      vertex -3.11089 -3.24692 3.484
      vertex -3.60275 -3.23776 3.5685
      vertex -3.64089 -3.24692 3.5685
    endloop
  endfacet
  facet normal -0.0704329 -0.89436 -0.441768
    outer loop
      vertex -3.24911 -3.24692 2.234
      vertex -3.74 -3.25 2.3185
      vertex -3.77911 -3.24692 2.3185
    endloop
  endfacet
  facet normal -0.0704329 -0.89436 -0.441768
    outer loop
      vertex -3.74 -3.25 2.3185
      vertex -3.24911 -3.24692 2.234
      vertex -3.21 -3.25 2.234
    endloop
  endfacet
  facet normal -0.131673 -0.548256 -0.82588
    outer loop
      vertex -3.77911 -3.24692 2.3185
      vertex -3.28725 -3.23776 2.234
      vertex -3.24911 -3.24692 2.234
    endloop
  endfacet
  facet normal -0.131673 -0.548256 -0.82588
    outer loop
      vertex -3.28725 -3.23776 2.234
      vertex -3.77911 -3.24692 2.3185
      vertex -3.81725 -3.23776 2.3185
    endloop
  endfacet
  facet normal 0.0704329 -0.89436 0.441768
    outer loop
      vertex -3.15 -3.25 3.484
      vertex -3.64089 -3.24692 3.5685
      vertex -3.68 -3.25 3.5685
    endloop
  endfacet
  facet normal 0.0704329 -0.89436 0.441768
    outer loop
      vertex -3.64089 -3.24692 3.5685
      vertex -3.15 -3.25 3.484
      vertex -3.11089 -3.24692 3.484
    endloop
  endfacet
  facet normal 0.156718 0.0960452 0.982962
    outer loop
      vertex -2.94775 3.14694 3.484
      vertex -3.45725 3.11349 3.5685
      vertex -2.92725 3.11349 3.484
    endloop
  endfacet
  facet normal 0.156718 0.0960452 0.982962
    outer loop
      vertex -3.45725 3.11349 3.5685
      vertex -2.94775 3.14694 3.484
      vertex -3.47775 3.14694 3.5685
    endloop
  endfacet
  facet normal 0.157449 0 0.987527
    outer loop
      vertex -2.9 3 3.484
      vertex -3.22 1.125 3.53502
      vertex -2.9 1.125 3.484
    endloop
  endfacet
  facet normal 0.15744 0 0.987529
    outer loop
      vertex -3.22 1.125 3.53502
      vertex -3.43 3 3.5685
      vertex -3.22 -1.125 3.53502
    endloop
  endfacet
  facet normal 0.157445 5.96243e-07 0.987528
    outer loop
      vertex -3.43 3 3.5685
      vertex -3.22 1.125 3.53502
      vertex -2.9 3 3.484
    endloop
  endfacet
  facet normal 0.157449 0 0.987527
    outer loop
      vertex -3.22 -1.125 3.53502
      vertex -2.9 -3 3.484
      vertex -2.9 -1.125 3.484
    endloop
  endfacet
  facet normal 0.157445 -5.96243e-07 0.987528
    outer loop
      vertex -3.22 -1.125 3.53502
      vertex -3.43 -3 3.5685
      vertex -2.9 -3 3.484
    endloop
  endfacet
  facet normal 0.15744 -0 0.987529
    outer loop
      vertex -3.43 -3 3.5685
      vertex -3.22 -1.125 3.53502
      vertex -3.43 3 3.5685
    endloop
  endfacet
  facet normal -0.157112 -0.0650909 -0.985433
    outer loop
      vertex -3.96275 -3.11349 2.3185
      vertex -3.44776 -3.07726 2.234
      vertex -3.43275 -3.11349 2.234
    endloop
  endfacet
  facet normal -0.157112 -0.0650909 -0.985433
    outer loop
      vertex -3.44776 -3.07726 2.234
      vertex -3.96275 -3.11349 2.3185
      vertex -3.97776 -3.07726 2.3185
    endloop
  endfacet
  facet normal -0.157333 -0.0377764 -0.986823
    outer loop
      vertex -3.97776 -3.07726 2.3185
      vertex -3.45692 -3.03911 2.234
      vertex -3.44776 -3.07726 2.234
    endloop
  endfacet
  facet normal -0.157333 -0.0377764 -0.986823
    outer loop
      vertex -3.45692 -3.03911 2.234
      vertex -3.97776 -3.07726 2.3185
      vertex -3.98692 -3.03911 2.3185
    endloop
  endfacet
  facet normal 0.157333 -0.0377764 0.986823
    outer loop
      vertex -3.43308 -3.03911 3.5685
      vertex -2.91224 -3.07726 3.484
      vertex -2.90308 -3.03911 3.484
    endloop
  endfacet
  facet normal 0.157333 -0.0377764 0.986823
    outer loop
      vertex -2.91224 -3.07726 3.484
      vertex -3.43308 -3.03911 3.5685
      vertex -3.44224 -3.07726 3.5685
    endloop
  endfacet
  facet normal 0.157433 -0.0123982 0.987452
    outer loop
      vertex -3.43 -3 3.5685
      vertex -2.90308 -3.03911 3.484
      vertex -2.9 -3 3.484
    endloop
  endfacet
  facet normal 0.157433 -0.0123982 0.987452
    outer loop
      vertex -2.90308 -3.03911 3.484
      vertex -3.43 -3 3.5685
      vertex -3.43308 -3.03911 3.5685
    endloop
  endfacet
  facet normal -0.154839 0.181202 -0.97118
    outer loop
      vertex -3.38677 3.17677 2.234
      vertex -3.88694 3.20226 2.3185
      vertex -3.35694 3.20226 2.234
    endloop
  endfacet
  facet normal -0.154839 0.181202 -0.97118
    outer loop
      vertex -3.88694 3.20226 2.3185
      vertex -3.38677 3.17677 2.234
      vertex -3.91677 3.17677 2.3185
    endloop
  endfacet
  facet normal 0.157433 0.0123982 0.987452
    outer loop
      vertex -2.90308 3.03911 3.484
      vertex -3.43 3 3.5685
      vertex -2.9 3 3.484
    endloop
  endfacet
  facet normal 0.157433 0.0123982 0.987452
    outer loop
      vertex -3.43 3 3.5685
      vertex -2.90308 3.03911 3.484
      vertex -3.43308 3.03911 3.5685
    endloop
  endfacet
  facet normal -0.154839 -0.181202 -0.97118
    outer loop
      vertex -3.88694 -3.20226 2.3185
      vertex -3.38677 -3.17677 2.234
      vertex -3.35694 -3.20226 2.234
    endloop
  endfacet
  facet normal -0.154839 -0.181202 -0.97118
    outer loop
      vertex -3.38677 -3.17677 2.234
      vertex -3.88694 -3.20226 2.3185
      vertex -3.91677 -3.17677 2.3185
    endloop
  endfacet
  facet normal -0.156041 -0.133286 -0.978717
    outer loop
      vertex -3.91677 -3.17677 2.3185
      vertex -3.41225 -3.14694 2.234
      vertex -3.38677 -3.17677 2.234
    endloop
  endfacet
  facet normal -0.156041 -0.133286 -0.978717
    outer loop
      vertex -3.41225 -3.14694 2.234
      vertex -3.91677 -3.17677 2.3185
      vertex -3.94225 -3.14694 2.3185
    endloop
  endfacet
  facet normal 0.156041 -0.133286 0.978717
    outer loop
      vertex -3.47775 -3.14694 3.5685
      vertex -2.97323 -3.17677 3.484
      vertex -2.94775 -3.14694 3.484
    endloop
  endfacet
  facet normal 0.156041 -0.133286 0.978717
    outer loop
      vertex -2.97323 -3.17677 3.484
      vertex -3.47775 -3.14694 3.5685
      vertex -3.50323 -3.17677 3.5685
    endloop
  endfacet
  facet normal 0.157112 -0.0650909 0.985433
    outer loop
      vertex -3.44224 -3.07726 3.5685
      vertex -2.92725 -3.11349 3.484
      vertex -2.91224 -3.07726 3.484
    endloop
  endfacet
  facet normal 0.157112 -0.0650909 0.985433
    outer loop
      vertex -2.92725 -3.11349 3.484
      vertex -3.44224 -3.07726 3.5685
      vertex -3.45725 -3.11349 3.5685
    endloop
  endfacet
  facet normal 0.157333 0.0377764 0.986823
    outer loop
      vertex -2.91224 3.07726 3.484
      vertex -3.43308 3.03911 3.5685
      vertex -2.90308 3.03911 3.484
    endloop
  endfacet
  facet normal 0.157333 0.0377764 0.986823
    outer loop
      vertex -3.43308 3.03911 3.5685
      vertex -2.91224 3.07726 3.484
      vertex -3.44224 3.07726 3.5685
    endloop
  endfacet
  facet normal 0.157112 0.0650909 0.985433
    outer loop
      vertex -2.92725 3.11349 3.484
      vertex -3.44224 3.07726 3.5685
      vertex -2.91224 3.07726 3.484
    endloop
  endfacet
  facet normal 0.157112 0.0650909 0.985433
    outer loop
      vertex -3.44224 3.07726 3.5685
      vertex -2.92725 3.11349 3.484
      vertex -3.45725 3.11349 3.5685
    endloop
  endfacet
  facet normal -0.0704329 0.89436 -0.441768
    outer loop
      vertex -3.24911 3.24692 2.234
      vertex -3.74 3.25 2.3185
      vertex -3.21 3.25 2.234
    endloop
  endfacet
  facet normal -0.0704329 0.89436 -0.441768
    outer loop
      vertex -3.74 3.25 2.3185
      vertex -3.24911 3.24692 2.234
      vertex -3.77911 3.24692 2.3185
    endloop
  endfacet
  facet normal -0.156718 -0.0960452 -0.982962
    outer loop
      vertex -3.94225 -3.14694 2.3185
      vertex -3.43275 -3.11349 2.234
      vertex -3.41225 -3.14694 2.234
    endloop
  endfacet
  facet normal -0.156718 -0.0960452 -0.982962
    outer loop
      vertex -3.43275 -3.11349 2.234
      vertex -3.94225 -3.14694 2.3185
      vertex -3.96275 -3.11349 2.3185
    endloop
  endfacet
  facet normal -0.152489 -0.248939 -0.95644
    outer loop
      vertex -3.85349 -3.22275 2.3185
      vertex -3.35694 -3.20226 2.234
      vertex -3.32349 -3.22275 2.234
    endloop
  endfacet
  facet normal -0.152489 -0.248939 -0.95644
    outer loop
      vertex -3.35694 -3.20226 2.234
      vertex -3.85349 -3.22275 2.3185
      vertex -3.88694 -3.20226 2.3185
    endloop
  endfacet
  facet normal -0.147171 -0.355328 -0.923083
    outer loop
      vertex -3.81725 -3.23776 2.3185
      vertex -3.32349 -3.22275 2.234
      vertex -3.28725 -3.23776 2.234
    endloop
  endfacet
  facet normal -0.147171 -0.355328 -0.923083
    outer loop
      vertex -3.32349 -3.22275 2.234
      vertex -3.81725 -3.23776 2.3185
      vertex -3.85349 -3.22275 2.3185
    endloop
  endfacet
  facet normal -0.157112 0.0650909 -0.985433
    outer loop
      vertex -3.44776 3.07726 2.234
      vertex -3.96275 3.11349 2.3185
      vertex -3.43275 3.11349 2.234
    endloop
  endfacet
  facet normal -0.157112 0.0650909 -0.985433
    outer loop
      vertex -3.96275 3.11349 2.3185
      vertex -3.44776 3.07726 2.234
      vertex -3.97776 3.07726 2.3185
    endloop
  endfacet
  facet normal -0.157333 0.0377764 -0.986823
    outer loop
      vertex -3.45692 3.03911 2.234
      vertex -3.97776 3.07726 2.3185
      vertex -3.44776 3.07726 2.234
    endloop
  endfacet
  facet normal -0.157333 0.0377764 -0.986823
    outer loop
      vertex -3.97776 3.07726 2.3185
      vertex -3.45692 3.03911 2.234
      vertex -3.98692 3.03911 2.3185
    endloop
  endfacet
  facet normal -0.156041 0.133286 -0.978717
    outer loop
      vertex -3.41225 3.14694 2.234
      vertex -3.91677 3.17677 2.3185
      vertex -3.38677 3.17677 2.234
    endloop
  endfacet
  facet normal -0.156041 0.133286 -0.978717
    outer loop
      vertex -3.91677 3.17677 2.3185
      vertex -3.41225 3.14694 2.234
      vertex -3.94225 3.14694 2.3185
    endloop
  endfacet
  facet normal -0.131673 0.548256 -0.82588
    outer loop
      vertex -3.28725 3.23776 2.234
      vertex -3.77911 3.24692 2.3185
      vertex -3.24911 3.24692 2.234
    endloop
  endfacet
  facet normal -0.131673 0.548256 -0.82588
    outer loop
      vertex -3.77911 3.24692 2.3185
      vertex -3.28725 3.23776 2.234
      vertex -3.81725 3.23776 2.3185
    endloop
  endfacet
  facet normal -0.152489 0.248939 -0.95644
    outer loop
      vertex -3.35694 3.20226 2.234
      vertex -3.85349 3.22275 2.3185
      vertex -3.32349 3.22275 2.234
    endloop
  endfacet
  facet normal -0.152489 0.248939 -0.95644
    outer loop
      vertex -3.85349 3.22275 2.3185
      vertex -3.35694 3.20226 2.234
      vertex -3.88694 3.20226 2.3185
    endloop
  endfacet
  facet normal 0.154839 -0.181202 0.97118
    outer loop
      vertex -3.50323 -3.17677 3.5685
      vertex -3.00306 -3.20226 3.484
      vertex -2.97323 -3.17677 3.484
    endloop
  endfacet
  facet normal 0.154839 -0.181202 0.97118
    outer loop
      vertex -3.00306 -3.20226 3.484
      vertex -3.50323 -3.17677 3.5685
      vertex -3.53306 -3.20226 3.5685
    endloop
  endfacet
  facet normal 0.156718 -0.0960452 0.982962
    outer loop
      vertex -3.45725 -3.11349 3.5685
      vertex -2.94775 -3.14694 3.484
      vertex -2.92725 -3.11349 3.484
    endloop
  endfacet
  facet normal 0.156718 -0.0960452 0.982962
    outer loop
      vertex -2.94775 -3.14694 3.484
      vertex -3.45725 -3.11349 3.5685
      vertex -3.47775 -3.14694 3.5685
    endloop
  endfacet
  facet normal 0.147171 0.355328 0.923083
    outer loop
      vertex -3.07275 3.23776 3.484
      vertex -3.56651 3.22275 3.5685
      vertex -3.03651 3.22275 3.484
    endloop
  endfacet
  facet normal 0.147171 0.355328 0.923083
    outer loop
      vertex -3.56651 3.22275 3.5685
      vertex -3.07275 3.23776 3.484
      vertex -3.60275 3.23776 3.5685
    endloop
  endfacet
  facet normal 0.154839 0.181202 0.97118
    outer loop
      vertex -3.00306 3.20226 3.484
      vertex -3.50323 3.17677 3.5685
      vertex -2.97323 3.17677 3.484
    endloop
  endfacet
  facet normal 0.154839 0.181202 0.97118
    outer loop
      vertex -3.50323 3.17677 3.5685
      vertex -3.00306 3.20226 3.484
      vertex -3.53306 3.20226 3.5685
    endloop
  endfacet
  facet normal 0.0704329 0.89436 0.441768
    outer loop
      vertex -3.15 3.25 3.484
      vertex -3.64089 3.24692 3.5685
      vertex -3.11089 3.24692 3.484
    endloop
  endfacet
  facet normal 0.0704329 0.89436 0.441768
    outer loop
      vertex -3.64089 3.24692 3.5685
      vertex -3.15 3.25 3.484
      vertex -3.68 3.25 3.5685
    endloop
  endfacet
  facet normal -0.156718 0.0960452 -0.982962
    outer loop
      vertex -3.43275 3.11349 2.234
      vertex -3.94225 3.14694 2.3185
      vertex -3.41225 3.14694 2.234
    endloop
  endfacet
  facet normal -0.156718 0.0960452 -0.982962
    outer loop
      vertex -3.94225 3.14694 2.3185
      vertex -3.43275 3.11349 2.234
      vertex -3.96275 3.11349 2.3185
    endloop
  endfacet
  facet normal -0.147171 0.355328 -0.923083
    outer loop
      vertex -3.32349 3.22275 2.234
      vertex -3.81725 3.23776 2.3185
      vertex -3.28725 3.23776 2.234
    endloop
  endfacet
  facet normal -0.147171 0.355328 -0.923083
    outer loop
      vertex -3.81725 3.23776 2.3185
      vertex -3.32349 3.22275 2.234
      vertex -3.85349 3.22275 2.3185
    endloop
  endfacet
  facet normal 0.152489 0.248939 0.95644
    outer loop
      vertex -3.03651 3.22275 3.484
      vertex -3.53306 3.20226 3.5685
      vertex -3.00306 3.20226 3.484
    endloop
  endfacet
  facet normal 0.152489 0.248939 0.95644
    outer loop
      vertex -3.53306 3.20226 3.5685
      vertex -3.03651 3.22275 3.484
      vertex -3.56651 3.22275 3.5685
    endloop
  endfacet
  facet normal 0.156041 0.133286 0.978717
    outer loop
      vertex -2.97323 3.17677 3.484
      vertex -3.47775 3.14694 3.5685
      vertex -2.94775 3.14694 3.484
    endloop
  endfacet
  facet normal 0.156041 0.133286 0.978717
    outer loop
      vertex -3.47775 3.14694 3.5685
      vertex -2.97323 3.17677 3.484
      vertex -3.50323 3.17677 3.5685
    endloop
  endfacet
  facet normal 0.12723 -0.307184 0.943107
    outer loop
      vertex -3.03651 -3.22275 3.484
      vertex -2.54275 -3.23776 3.4125
      vertex -2.50651 -3.22275 3.4125
    endloop
  endfacet
  facet normal 0.12723 -0.307184 0.943107
    outer loop
      vertex -2.54275 -3.23776 3.4125
      vertex -3.03651 -3.22275 3.484
      vertex -3.07275 -3.23776 3.484
    endloop
  endfacet
  facet normal -0.133687 0.0105282 -0.990968
    outer loop
      vertex -2.93 3 2.1625
      vertex -3.45692 3.03911 2.234
      vertex -2.92692 3.03911 2.1625
    endloop
  endfacet
  facet normal -0.133687 0.0105282 -0.990968
    outer loop
      vertex -3.45692 3.03911 2.234
      vertex -2.93 3 2.1625
      vertex -3.46 3 2.234
    endloop
  endfacet
  facet normal -0.133695 0 -0.991023
    outer loop
      vertex -3.46 -3 2.234
      vertex -2.93 3 2.1625
      vertex -2.93 -3 2.1625
    endloop
  endfacet
  facet normal -0.133695 0 -0.991023
    outer loop
      vertex -2.93 3 2.1625
      vertex -3.46 -3 2.234
      vertex -3.46 3 2.234
    endloop
  endfacet
  facet normal -0.0678552 -0.861629 -0.502983
    outer loop
      vertex -2.71911 -3.24692 2.1625
      vertex -3.21 -3.25 2.234
      vertex -3.24911 -3.24692 2.234
    endloop
  endfacet
  facet normal -0.0678552 -0.861629 -0.502983
    outer loop
      vertex -3.21 -3.25 2.234
      vertex -2.71911 -3.24692 2.1625
      vertex -2.68 -3.25 2.1625
    endloop
  endfacet
  facet normal 0.116815 -0.486388 0.865899
    outer loop
      vertex -3.07275 -3.23776 3.484
      vertex -2.58089 -3.24692 3.4125
      vertex -2.54275 -3.23776 3.4125
    endloop
  endfacet
  facet normal 0.116815 -0.486388 0.865899
    outer loop
      vertex -2.58089 -3.24692 3.4125
      vertex -3.07275 -3.23776 3.484
      vertex -3.11089 -3.24692 3.484
    endloop
  endfacet
  facet normal 0.133248 0.0816617 0.987713
    outer loop
      vertex -2.41775 3.14694 3.4125
      vertex -2.92725 3.11349 3.484
      vertex -2.39725 3.11349 3.4125
    endloop
  endfacet
  facet normal 0.133248 0.0816617 0.987713
    outer loop
      vertex -2.92725 3.11349 3.484
      vertex -2.41775 3.14694 3.4125
      vertex -2.94775 3.14694 3.484
    endloop
  endfacet
  facet normal -0.133248 -0.0816617 -0.987713
    outer loop
      vertex -3.41225 -3.14694 2.234
      vertex -2.90275 -3.11349 2.1625
      vertex -2.88225 -3.14694 2.1625
    endloop
  endfacet
  facet normal -0.133248 -0.0816617 -0.987713
    outer loop
      vertex -2.90275 -3.11349 2.1625
      vertex -3.41225 -3.14694 2.234
      vertex -3.43275 -3.11349 2.234
    endloop
  endfacet
  facet normal 0.0678552 -0.861629 0.502983
    outer loop
      vertex -2.62 -3.25 3.4125
      vertex -3.11089 -3.24692 3.484
      vertex -3.15 -3.25 3.484
    endloop
  endfacet
  facet normal 0.0678552 -0.861629 0.502983
    outer loop
      vertex -3.11089 -3.24692 3.484
      vertex -2.62 -3.25 3.4125
      vertex -2.58089 -3.24692 3.4125
    endloop
  endfacet
  facet normal 0.133691 0 0.991023
    outer loop
      vertex -2.37 3 3.4125
      vertex -2.88 1.125 3.4813
      vertex -2.37 -3 3.4125
    endloop
  endfacet
  facet normal 0.133695 -9.97255e-07 0.991023
    outer loop
      vertex -2.9 3 3.484
      vertex -2.88 1.125 3.4813
      vertex -2.37 3 3.4125
    endloop
  endfacet
  facet normal 0.133786 0 0.99101
    outer loop
      vertex -2.88 1.125 3.4813
      vertex -2.9 3 3.484
      vertex -2.9 1.125 3.484
    endloop
  endfacet
  facet normal 0.133691 -0 0.991023
    outer loop
      vertex -2.88 -1.125 3.4813
      vertex -2.37 -3 3.4125
      vertex -2.88 1.125 3.4813
    endloop
  endfacet
  facet normal 0.133786 -0 0.99101
    outer loop
      vertex -2.9 -3 3.484
      vertex -2.88 -1.125 3.4813
      vertex -2.9 -1.125 3.484
    endloop
  endfacet
  facet normal 0.133695 9.97255e-07 0.991023
    outer loop
      vertex -2.88 -1.125 3.4813
      vertex -2.9 -3 3.484
      vertex -2.37 -3 3.4125
    endloop
  endfacet
  facet normal -0.13062 0.213237 -0.96823
    outer loop
      vertex -2.82694 3.20226 2.1625
      vertex -3.32349 3.22275 2.234
      vertex -2.79349 3.22275 2.1625
    endloop
  endfacet
  facet normal -0.13062 0.213237 -0.96823
    outer loop
      vertex -3.32349 3.22275 2.234
      vertex -2.82694 3.20226 2.1625
      vertex -3.35694 3.20226 2.234
    endloop
  endfacet
  facet normal -0.0678552 0.861629 -0.502983
    outer loop
      vertex -2.71911 3.24692 2.1625
      vertex -3.21 3.25 2.234
      vertex -2.68 3.25 2.1625
    endloop
  endfacet
  facet normal -0.0678552 0.861629 -0.502983
    outer loop
      vertex -3.21 3.25 2.234
      vertex -2.71911 3.24692 2.1625
      vertex -3.24911 3.24692 2.234
    endloop
  endfacet
  facet normal -0.132088 0.154577 -0.979111
    outer loop
      vertex -2.85677 3.17677 2.1625
      vertex -3.35694 3.20226 2.234
      vertex -2.82694 3.20226 2.1625
    endloop
  endfacet
  facet normal -0.132088 0.154577 -0.979111
    outer loop
      vertex -3.35694 3.20226 2.234
      vertex -2.85677 3.17677 2.1625
      vertex -3.38677 3.17677 2.234
    endloop
  endfacet
  facet normal -0.116815 -0.486388 -0.865899
    outer loop
      vertex -3.24911 -3.24692 2.234
      vertex -2.75725 -3.23776 2.1625
      vertex -2.71911 -3.24692 2.1625
    endloop
  endfacet
  facet normal -0.116815 -0.486388 -0.865899
    outer loop
      vertex -2.75725 -3.23776 2.1625
      vertex -3.24911 -3.24692 2.234
      vertex -3.28725 -3.23776 2.234
    endloop
  endfacet
  facet normal 0.132831 -0.113461 0.984623
    outer loop
      vertex -2.94775 -3.14694 3.484
      vertex -2.44323 -3.17677 3.4125
      vertex -2.41775 -3.14694 3.4125
    endloop
  endfacet
  facet normal 0.132831 -0.113461 0.984623
    outer loop
      vertex -2.44323 -3.17677 3.4125
      vertex -2.94775 -3.14694 3.484
      vertex -2.97323 -3.17677 3.484
    endloop
  endfacet
  facet normal 0.133687 0.0105282 0.990968
    outer loop
      vertex -2.37308 3.03911 3.4125
      vertex -2.9 3 3.484
      vertex -2.37 3 3.4125
    endloop
  endfacet
  facet normal 0.133687 0.0105282 0.990968
    outer loop
      vertex -2.9 3 3.484
      vertex -2.37308 3.03911 3.4125
      vertex -2.90308 3.03911 3.484
    endloop
  endfacet
  facet normal 0.133626 0.0320842 0.990512
    outer loop
      vertex -2.38224 3.07726 3.4125
      vertex -2.90308 3.03911 3.484
      vertex -2.37308 3.03911 3.4125
    endloop
  endfacet
  facet normal 0.133626 0.0320842 0.990512
    outer loop
      vertex -2.90308 3.03911 3.484
      vertex -2.38224 3.07726 3.4125
      vertex -2.91224 3.07726 3.484
    endloop
  endfacet
  facet normal -0.116815 0.486388 -0.865899
    outer loop
      vertex -2.75725 3.23776 2.1625
      vertex -3.24911 3.24692 2.234
      vertex -2.71911 3.24692 2.1625
    endloop
  endfacet
  facet normal -0.116815 0.486388 -0.865899
    outer loop
      vertex -3.24911 3.24692 2.234
      vertex -2.75725 3.23776 2.1625
      vertex -3.28725 3.23776 2.234
    endloop
  endfacet
  facet normal -0.133248 0.0816617 -0.987713
    outer loop
      vertex -2.90275 3.11349 2.1625
      vertex -3.41225 3.14694 2.234
      vertex -2.88225 3.14694 2.1625
    endloop
  endfacet
  facet normal -0.133248 0.0816617 -0.987713
    outer loop
      vertex -3.41225 3.14694 2.234
      vertex -2.90275 3.11349 2.1625
      vertex -3.43275 3.11349 2.234
    endloop
  endfacet
  facet normal -0.132831 0.113461 -0.984623
    outer loop
      vertex -2.88225 3.14694 2.1625
      vertex -3.38677 3.17677 2.234
      vertex -2.85677 3.17677 2.1625
    endloop
  endfacet
  facet normal -0.132831 0.113461 -0.984623
    outer loop
      vertex -3.38677 3.17677 2.234
      vertex -2.88225 3.14694 2.1625
      vertex -3.41225 3.14694 2.234
    endloop
  endfacet
  facet normal -0.133626 0.0320842 -0.990512
    outer loop
      vertex -2.92692 3.03911 2.1625
      vertex -3.44776 3.07726 2.234
      vertex -2.91776 3.07726 2.1625
    endloop
  endfacet
  facet normal -0.133626 0.0320842 -0.990512
    outer loop
      vertex -3.44776 3.07726 2.234
      vertex -2.92692 3.03911 2.1625
      vertex -3.45692 3.03911 2.234
    endloop
  endfacet
  facet normal -0.13349 -0.0553046 -0.989506
    outer loop
      vertex -3.43275 -3.11349 2.234
      vertex -2.91776 -3.07726 2.1625
      vertex -2.90275 -3.11349 2.1625
    endloop
  endfacet
  facet normal -0.13349 -0.0553046 -0.989506
    outer loop
      vertex -2.91776 -3.07726 2.1625
      vertex -3.43275 -3.11349 2.234
      vertex -3.44776 -3.07726 2.234
    endloop
  endfacet
  facet normal -0.132088 -0.154577 -0.979111
    outer loop
      vertex -3.35694 -3.20226 2.234
      vertex -2.85677 -3.17677 2.1625
      vertex -2.82694 -3.20226 2.1625
    endloop
  endfacet
  facet normal -0.132088 -0.154577 -0.979111
    outer loop
      vertex -2.85677 -3.17677 2.1625
      vertex -3.35694 -3.20226 2.234
      vertex -3.38677 -3.17677 2.234
    endloop
  endfacet
  facet normal -0.132831 -0.113461 -0.984623
    outer loop
      vertex -3.38677 -3.17677 2.234
      vertex -2.88225 -3.14694 2.1625
      vertex -2.85677 -3.17677 2.1625
    endloop
  endfacet
  facet normal -0.132831 -0.113461 -0.984623
    outer loop
      vertex -2.88225 -3.14694 2.1625
      vertex -3.38677 -3.17677 2.234
      vertex -3.41225 -3.14694 2.234
    endloop
  endfacet
  facet normal 0.13349 -0.0553046 0.989506
    outer loop
      vertex -2.91224 -3.07726 3.484
      vertex -2.39725 -3.11349 3.4125
      vertex -2.38224 -3.07726 3.4125
    endloop
  endfacet
  facet normal 0.13349 -0.0553046 0.989506
    outer loop
      vertex -2.39725 -3.11349 3.4125
      vertex -2.91224 -3.07726 3.484
      vertex -2.92725 -3.11349 3.484
    endloop
  endfacet
  facet normal -0.133687 -0.0105282 -0.990968
    outer loop
      vertex -3.45692 -3.03911 2.234
      vertex -2.93 -3 2.1625
      vertex -2.92692 -3.03911 2.1625
    endloop
  endfacet
  facet normal -0.133687 -0.0105282 -0.990968
    outer loop
      vertex -2.93 -3 2.1625
      vertex -3.45692 -3.03911 2.234
      vertex -3.46 -3 2.234
    endloop
  endfacet
  facet normal -0.13062 -0.213237 -0.96823
    outer loop
      vertex -3.32349 -3.22275 2.234
      vertex -2.82694 -3.20226 2.1625
      vertex -2.79349 -3.22275 2.1625
    endloop
  endfacet
  facet normal -0.13062 -0.213237 -0.96823
    outer loop
      vertex -2.82694 -3.20226 2.1625
      vertex -3.32349 -3.22275 2.234
      vertex -3.35694 -3.20226 2.234
    endloop
  endfacet
  facet normal -0.12723 -0.307184 -0.943107
    outer loop
      vertex -3.28725 -3.23776 2.234
      vertex -2.79349 -3.22275 2.1625
      vertex -2.75725 -3.23776 2.1625
    endloop
  endfacet
  facet normal -0.12723 -0.307184 -0.943107
    outer loop
      vertex -2.79349 -3.22275 2.1625
      vertex -3.28725 -3.23776 2.234
      vertex -3.32349 -3.22275 2.234
    endloop
  endfacet
  facet normal 0.133626 -0.0320842 0.990512
    outer loop
      vertex -2.90308 -3.03911 3.484
      vertex -2.38224 -3.07726 3.4125
      vertex -2.37308 -3.03911 3.4125
    endloop
  endfacet
  facet normal 0.133626 -0.0320842 0.990512
    outer loop
      vertex -2.38224 -3.07726 3.4125
      vertex -2.90308 -3.03911 3.484
      vertex -2.91224 -3.07726 3.484
    endloop
  endfacet
  facet normal 0.133687 -0.0105282 0.990968
    outer loop
      vertex -2.9 -3 3.484
      vertex -2.37308 -3.03911 3.4125
      vertex -2.37 -3 3.4125
    endloop
  endfacet
  facet normal 0.133687 -0.0105282 0.990968
    outer loop
      vertex -2.37308 -3.03911 3.4125
      vertex -2.9 -3 3.484
      vertex -2.90308 -3.03911 3.484
    endloop
  endfacet
  facet normal 0.133248 -0.0816617 0.987713
    outer loop
      vertex -2.92725 -3.11349 3.484
      vertex -2.41775 -3.14694 3.4125
      vertex -2.39725 -3.11349 3.4125
    endloop
  endfacet
  facet normal 0.133248 -0.0816617 0.987713
    outer loop
      vertex -2.41775 -3.14694 3.4125
      vertex -2.92725 -3.11349 3.484
      vertex -2.94775 -3.14694 3.484
    endloop
  endfacet
  facet normal 0.13349 0.0553046 0.989506
    outer loop
      vertex -2.39725 3.11349 3.4125
      vertex -2.91224 3.07726 3.484
      vertex -2.38224 3.07726 3.4125
    endloop
  endfacet
  facet normal 0.13349 0.0553046 0.989506
    outer loop
      vertex -2.91224 3.07726 3.484
      vertex -2.39725 3.11349 3.4125
      vertex -2.92725 3.11349 3.484
    endloop
  endfacet
  facet normal 0.13062 0.213237 0.96823
    outer loop
      vertex -2.50651 3.22275 3.4125
      vertex -3.00306 3.20226 3.484
      vertex -2.47306 3.20226 3.4125
    endloop
  endfacet
  facet normal 0.13062 0.213237 0.96823
    outer loop
      vertex -3.00306 3.20226 3.484
      vertex -2.50651 3.22275 3.4125
      vertex -3.03651 3.22275 3.484
    endloop
  endfacet
  facet normal 0.132831 0.113461 0.984623
    outer loop
      vertex -2.44323 3.17677 3.4125
      vertex -2.94775 3.14694 3.484
      vertex -2.41775 3.14694 3.4125
    endloop
  endfacet
  facet normal 0.132831 0.113461 0.984623
    outer loop
      vertex -2.94775 3.14694 3.484
      vertex -2.44323 3.17677 3.4125
      vertex -2.97323 3.17677 3.484
    endloop
  endfacet
  facet normal -0.12723 0.307184 -0.943107
    outer loop
      vertex -2.79349 3.22275 2.1625
      vertex -3.28725 3.23776 2.234
      vertex -2.75725 3.23776 2.1625
    endloop
  endfacet
  facet normal -0.12723 0.307184 -0.943107
    outer loop
      vertex -3.28725 3.23776 2.234
      vertex -2.79349 3.22275 2.1625
      vertex -3.32349 3.22275 2.234
    endloop
  endfacet
  facet normal -0.13349 0.0553046 -0.989506
    outer loop
      vertex -2.91776 3.07726 2.1625
      vertex -3.43275 3.11349 2.234
      vertex -2.90275 3.11349 2.1625
    endloop
  endfacet
  facet normal -0.13349 0.0553046 -0.989506
    outer loop
      vertex -3.43275 3.11349 2.234
      vertex -2.91776 3.07726 2.1625
      vertex -3.44776 3.07726 2.234
    endloop
  endfacet
  facet normal -0.133626 -0.0320842 -0.990512
    outer loop
      vertex -3.44776 -3.07726 2.234
      vertex -2.92692 -3.03911 2.1625
      vertex -2.91776 -3.07726 2.1625
    endloop
  endfacet
  facet normal -0.133626 -0.0320842 -0.990512
    outer loop
      vertex -2.92692 -3.03911 2.1625
      vertex -3.44776 -3.07726 2.234
      vertex -3.45692 -3.03911 2.234
    endloop
  endfacet
  facet normal 0.13062 -0.213237 0.96823
    outer loop
      vertex -3.00306 -3.20226 3.484
      vertex -2.50651 -3.22275 3.4125
      vertex -2.47306 -3.20226 3.4125
    endloop
  endfacet
  facet normal 0.13062 -0.213237 0.96823
    outer loop
      vertex -2.50651 -3.22275 3.4125
      vertex -3.00306 -3.20226 3.484
      vertex -3.03651 -3.22275 3.484
    endloop
  endfacet
  facet normal 0.132088 -0.154577 0.979111
    outer loop
      vertex -2.97323 -3.17677 3.484
      vertex -2.47306 -3.20226 3.4125
      vertex -2.44323 -3.17677 3.4125
    endloop
  endfacet
  facet normal 0.132088 -0.154577 0.979111
    outer loop
      vertex -2.47306 -3.20226 3.4125
      vertex -2.97323 -3.17677 3.484
      vertex -3.00306 -3.20226 3.484
    endloop
  endfacet
  facet normal 0.132088 0.154577 0.979111
    outer loop
      vertex -2.47306 3.20226 3.4125
      vertex -2.97323 3.17677 3.484
      vertex -2.44323 3.17677 3.4125
    endloop
  endfacet
  facet normal 0.132088 0.154577 0.979111
    outer loop
      vertex -2.97323 3.17677 3.484
      vertex -2.47306 3.20226 3.4125
      vertex -3.00306 3.20226 3.484
    endloop
  endfacet
  facet normal 0.12723 0.307184 0.943107
    outer loop
      vertex -2.54275 3.23776 3.4125
      vertex -3.03651 3.22275 3.484
      vertex -2.50651 3.22275 3.4125
    endloop
  endfacet
  facet normal 0.12723 0.307184 0.943107
    outer loop
      vertex -3.03651 3.22275 3.484
      vertex -2.54275 3.23776 3.4125
      vertex -3.07275 3.23776 3.484
    endloop
  endfacet
  facet normal 0.116815 0.486388 0.865899
    outer loop
      vertex -2.58089 3.24692 3.4125
      vertex -3.07275 3.23776 3.484
      vertex -2.54275 3.23776 3.4125
    endloop
  endfacet
  facet normal 0.116815 0.486388 0.865899
    outer loop
      vertex -3.07275 3.23776 3.484
      vertex -2.58089 3.24692 3.4125
      vertex -3.11089 3.24692 3.484
    endloop
  endfacet
  facet normal 0.0678552 0.861629 0.502983
    outer loop
      vertex -2.62 3.25 3.4125
      vertex -3.11089 3.24692 3.484
      vertex -2.58089 3.24692 3.4125
    endloop
  endfacet
  facet normal 0.0678552 0.861629 0.502983
    outer loop
      vertex -3.11089 3.24692 3.484
      vertex -2.62 3.25 3.4125
      vertex -3.15 3.25 3.484
    endloop
  endfacet
  facet normal 0.106054 -0.256055 0.960827
    outer loop
      vertex -2.50651 -3.22275 3.4125
      vertex -2.01275 -3.23776 3.354
      vertex -1.97651 -3.22275 3.354
    endloop
  endfacet
  facet normal 0.106054 -0.256055 0.960827
    outer loop
      vertex -2.01275 -3.23776 3.354
      vertex -2.50651 -3.22275 3.4125
      vertex -2.54275 -3.23776 3.4125
    endloop
  endfacet
  facet normal 0.099792 0.415509 0.904098
    outer loop
      vertex -2.05089 3.24692 3.354
      vertex -2.54275 3.23776 3.4125
      vertex -2.01275 3.23776 3.354
    endloop
  endfacet
  facet normal 0.099792 0.415509 0.904098
    outer loop
      vertex -2.54275 3.23776 3.4125
      vertex -2.05089 3.24692 3.354
      vertex -2.58089 3.24692 3.4125
    endloop
  endfacet
  facet normal -0.109707 -0.00863967 -0.993926
    outer loop
      vertex -2.92692 -3.03911 2.1625
      vertex -2.4 -3 2.104
      vertex -2.39692 -3.03911 2.104
    endloop
  endfacet
  facet normal -0.109707 -0.00863967 -0.993926
    outer loop
      vertex -2.4 -3 2.104
      vertex -2.92692 -3.03911 2.1625
      vertex -2.93 -3 2.1625
    endloop
  endfacet
  facet normal 0.107993 -0.176298 0.978395
    outer loop
      vertex -2.47306 -3.20226 3.4125
      vertex -1.97651 -3.22275 3.354
      vertex -1.94306 -3.20226 3.354
    endloop
  endfacet
  facet normal 0.107993 -0.176298 0.978395
    outer loop
      vertex -1.97651 -3.22275 3.354
      vertex -2.47306 -3.20226 3.4125
      vertex -2.50651 -3.22275 3.4125
    endloop
  endfacet
  facet normal -0.109711 0 -0.993964
    outer loop
      vertex -2.93 -3 2.1625
      vertex -2.4 3 2.104
      vertex -2.4 -3 2.104
    endloop
  endfacet
  facet normal -0.109711 0 -0.993964
    outer loop
      vertex -2.4 3 2.104
      vertex -2.93 -3 2.1625
      vertex -2.93 3 2.1625
    endloop
  endfacet
  facet normal -0.109707 0.00863967 -0.993926
    outer loop
      vertex -2.4 3 2.104
      vertex -2.92692 3.03911 2.1625
      vertex -2.39692 3.03911 2.104
    endloop
  endfacet
  facet normal -0.109707 0.00863967 -0.993926
    outer loop
      vertex -2.92692 3.03911 2.1625
      vertex -2.4 3 2.104
      vertex -2.93 3 2.1625
    endloop
  endfacet
  facet normal 0.099792 -0.415509 0.904098
    outer loop
      vertex -2.54275 -3.23776 3.4125
      vertex -2.05089 -3.24692 3.354
      vertex -2.01275 -3.23776 3.354
    endloop
  endfacet
  facet normal 0.099792 -0.415509 0.904098
    outer loop
      vertex -2.05089 -3.24692 3.354
      vertex -2.54275 -3.23776 3.4125
      vertex -2.58089 -3.24692 3.4125
    endloop
  endfacet
  facet normal -0.0639764 -0.812375 -0.579615
    outer loop
      vertex -2.18911 -3.24692 2.104
      vertex -2.68 -3.25 2.1625
      vertex -2.71911 -3.24692 2.1625
    endloop
  endfacet
  facet normal -0.0639764 -0.812375 -0.579615
    outer loop
      vertex -2.68 -3.25 2.1625
      vertex -2.18911 -3.24692 2.104
      vertex -2.15 -3.25 2.104
    endloop
  endfacet
  facet normal -0.099792 -0.415509 -0.904098
    outer loop
      vertex -2.71911 -3.24692 2.1625
      vertex -2.22725 -3.23776 2.104
      vertex -2.18911 -3.24692 2.104
    endloop
  endfacet
  facet normal -0.099792 -0.415509 -0.904098
    outer loop
      vertex -2.22725 -3.23776 2.104
      vertex -2.71911 -3.24692 2.1625
      vertex -2.75725 -3.23776 2.1625
    endloop
  endfacet
  facet normal 0.0639764 -0.812375 0.579615
    outer loop
      vertex -2.09 -3.25 3.354
      vertex -2.58089 -3.24692 3.4125
      vertex -2.62 -3.25 3.4125
    endloop
  endfacet
  facet normal 0.0639764 -0.812375 0.579615
    outer loop
      vertex -2.58089 -3.24692 3.4125
      vertex -2.09 -3.25 3.354
      vertex -2.05089 -3.24692 3.354
    endloop
  endfacet
  facet normal 0.109464 0.0670855 0.991724
    outer loop
      vertex -1.88775 3.14694 3.354
      vertex -2.39725 3.11349 3.4125
      vertex -1.86725 3.11349 3.354
    endloop
  endfacet
  facet normal 0.109464 0.0670855 0.991724
    outer loop
      vertex -2.39725 3.11349 3.4125
      vertex -1.88775 3.14694 3.354
      vertex -2.41775 3.14694 3.4125
    endloop
  endfacet
  facet normal 0.109711 0 0.993964
    outer loop
      vertex -2.37 3 3.4125
      vertex -1.84 -3 3.354
      vertex -1.84 3 3.354
    endloop
  endfacet
  facet normal 0.109711 0 0.993964
    outer loop
      vertex -1.84 -3 3.354
      vertex -2.37 3 3.4125
      vertex -2.37 -3 3.4125
    endloop
  endfacet
  facet normal -0.109598 -0.0454061 -0.992938
    outer loop
      vertex -2.90275 -3.11349 2.1625
      vertex -2.38776 -3.07726 2.104
      vertex -2.37275 -3.11349 2.104
    endloop
  endfacet
  facet normal -0.109598 -0.0454061 -0.992938
    outer loop
      vertex -2.38776 -3.07726 2.104
      vertex -2.90275 -3.11349 2.1625
      vertex -2.91776 -3.07726 2.1625
    endloop
  endfacet
  facet normal -0.109673 -0.026333 -0.993619
    outer loop
      vertex -2.91776 -3.07726 2.1625
      vertex -2.39692 -3.03911 2.104
      vertex -2.38776 -3.07726 2.104
    endloop
  endfacet
  facet normal -0.109673 -0.026333 -0.993619
    outer loop
      vertex -2.39692 -3.03911 2.104
      vertex -2.91776 -3.07726 2.1625
      vertex -2.92692 -3.03911 2.1625
    endloop
  endfacet
  facet normal 0.109673 -0.026333 0.993619
    outer loop
      vertex -2.37308 -3.03911 3.4125
      vertex -1.85224 -3.07726 3.354
      vertex -1.84308 -3.03911 3.354
    endloop
  endfacet
  facet normal 0.109673 -0.026333 0.993619
    outer loop
      vertex -1.85224 -3.07726 3.354
      vertex -2.37308 -3.03911 3.4125
      vertex -2.38224 -3.07726 3.4125
    endloop
  endfacet
  facet normal 0.109707 -0.00863967 0.993926
    outer loop
      vertex -2.37 -3 3.4125
      vertex -1.84308 -3.03911 3.354
      vertex -1.84 -3 3.354
    endloop
  endfacet
  facet normal 0.109707 -0.00863967 0.993926
    outer loop
      vertex -1.84308 -3.03911 3.354
      vertex -2.37 -3 3.4125
      vertex -2.37308 -3.03911 3.4125
    endloop
  endfacet
  facet normal -0.108818 0.127345 -0.985871
    outer loop
      vertex -2.32677 3.17677 2.104
      vertex -2.82694 3.20226 2.1625
      vertex -2.29694 3.20226 2.104
    endloop
  endfacet
  facet normal -0.108818 0.127345 -0.985871
    outer loop
      vertex -2.82694 3.20226 2.1625
      vertex -2.32677 3.17677 2.104
      vertex -2.85677 3.17677 2.1625
    endloop
  endfacet
  facet normal -0.108818 -0.127345 -0.985871
    outer loop
      vertex -2.82694 -3.20226 2.1625
      vertex -2.32677 -3.17677 2.104
      vertex -2.29694 -3.20226 2.104
    endloop
  endfacet
  facet normal -0.108818 -0.127345 -0.985871
    outer loop
      vertex -2.32677 -3.17677 2.104
      vertex -2.82694 -3.20226 2.1625
      vertex -2.85677 -3.17677 2.1625
    endloop
  endfacet
  facet normal -0.109232 -0.0933035 -0.989628
    outer loop
      vertex -2.85677 -3.17677 2.1625
      vertex -2.35225 -3.14694 2.104
      vertex -2.32677 -3.17677 2.104
    endloop
  endfacet
  facet normal -0.109232 -0.0933035 -0.989628
    outer loop
      vertex -2.35225 -3.14694 2.104
      vertex -2.85677 -3.17677 2.1625
      vertex -2.88225 -3.14694 2.1625
    endloop
  endfacet
  facet normal 0.109232 -0.0933035 0.989628
    outer loop
      vertex -2.41775 -3.14694 3.4125
      vertex -1.91323 -3.17677 3.354
      vertex -1.88775 -3.14694 3.354
    endloop
  endfacet
  facet normal 0.109232 -0.0933035 0.989628
    outer loop
      vertex -1.91323 -3.17677 3.354
      vertex -2.41775 -3.14694 3.4125
      vertex -2.44323 -3.17677 3.4125
    endloop
  endfacet
  facet normal 0.109673 0.026333 0.993619
    outer loop
      vertex -1.85224 3.07726 3.354
      vertex -2.37308 3.03911 3.4125
      vertex -1.84308 3.03911 3.354
    endloop
  endfacet
  facet normal 0.109673 0.026333 0.993619
    outer loop
      vertex -2.37308 3.03911 3.4125
      vertex -1.85224 3.07726 3.354
      vertex -2.38224 3.07726 3.4125
    endloop
  endfacet
  facet normal 0.109598 0.0454061 0.992938
    outer loop
      vertex -1.86725 3.11349 3.354
      vertex -2.38224 3.07726 3.4125
      vertex -1.85224 3.07726 3.354
    endloop
  endfacet
  facet normal 0.109598 0.0454061 0.992938
    outer loop
      vertex -2.38224 3.07726 3.4125
      vertex -1.86725 3.11349 3.354
      vertex -2.39725 3.11349 3.4125
    endloop
  endfacet
  facet normal -0.0639764 0.812375 -0.579615
    outer loop
      vertex -2.18911 3.24692 2.104
      vertex -2.68 3.25 2.1625
      vertex -2.15 3.25 2.104
    endloop
  endfacet
  facet normal -0.0639764 0.812375 -0.579615
    outer loop
      vertex -2.68 3.25 2.1625
      vertex -2.18911 3.24692 2.104
      vertex -2.71911 3.24692 2.1625
    endloop
  endfacet
  facet normal -0.109464 -0.0670855 -0.991724
    outer loop
      vertex -2.88225 -3.14694 2.1625
      vertex -2.37275 -3.11349 2.104
      vertex -2.35225 -3.14694 2.104
    endloop
  endfacet
  facet normal -0.109464 -0.0670855 -0.991724
    outer loop
      vertex -2.37275 -3.11349 2.104
      vertex -2.88225 -3.14694 2.1625
      vertex -2.90275 -3.11349 2.1625
    endloop
  endfacet
  facet normal -0.107993 -0.176298 -0.978395
    outer loop
      vertex -2.79349 -3.22275 2.1625
      vertex -2.29694 -3.20226 2.104
      vertex -2.26349 -3.22275 2.104
    endloop
  endfacet
  facet normal -0.107993 -0.176298 -0.978395
    outer loop
      vertex -2.29694 -3.20226 2.104
      vertex -2.79349 -3.22275 2.1625
      vertex -2.82694 -3.20226 2.1625
    endloop
  endfacet
  facet normal -0.106054 -0.256055 -0.960827
    outer loop
      vertex -2.75725 -3.23776 2.1625
      vertex -2.26349 -3.22275 2.104
      vertex -2.22725 -3.23776 2.104
    endloop
  endfacet
  facet normal -0.106054 -0.256055 -0.960827
    outer loop
      vertex -2.26349 -3.22275 2.104
      vertex -2.75725 -3.23776 2.1625
      vertex -2.79349 -3.22275 2.1625
    endloop
  endfacet
  facet normal -0.109598 0.0454061 -0.992938
    outer loop
      vertex -2.38776 3.07726 2.104
      vertex -2.90275 3.11349 2.1625
      vertex -2.37275 3.11349 2.104
    endloop
  endfacet
  facet normal -0.109598 0.0454061 -0.992938
    outer loop
      vertex -2.90275 3.11349 2.1625
      vertex -2.38776 3.07726 2.104
      vertex -2.91776 3.07726 2.1625
    endloop
  endfacet
  facet normal -0.109673 0.026333 -0.993619
    outer loop
      vertex -2.39692 3.03911 2.104
      vertex -2.91776 3.07726 2.1625
      vertex -2.38776 3.07726 2.104
    endloop
  endfacet
  facet normal -0.109673 0.026333 -0.993619
    outer loop
      vertex -2.91776 3.07726 2.1625
      vertex -2.39692 3.03911 2.104
      vertex -2.92692 3.03911 2.1625
    endloop
  endfacet
  facet normal -0.109232 0.0933035 -0.989628
    outer loop
      vertex -2.35225 3.14694 2.104
      vertex -2.85677 3.17677 2.1625
      vertex -2.32677 3.17677 2.104
    endloop
  endfacet
  facet normal -0.109232 0.0933035 -0.989628
    outer loop
      vertex -2.85677 3.17677 2.1625
      vertex -2.35225 3.14694 2.104
      vertex -2.88225 3.14694 2.1625
    endloop
  endfacet
  facet normal -0.099792 0.415509 -0.904098
    outer loop
      vertex -2.22725 3.23776 2.104
      vertex -2.71911 3.24692 2.1625
      vertex -2.18911 3.24692 2.104
    endloop
  endfacet
  facet normal -0.099792 0.415509 -0.904098
    outer loop
      vertex -2.71911 3.24692 2.1625
      vertex -2.22725 3.23776 2.104
      vertex -2.75725 3.23776 2.1625
    endloop
  endfacet
  facet normal -0.107993 0.176298 -0.978395
    outer loop
      vertex -2.29694 3.20226 2.104
      vertex -2.79349 3.22275 2.1625
      vertex -2.26349 3.22275 2.104
    endloop
  endfacet
  facet normal -0.107993 0.176298 -0.978395
    outer loop
      vertex -2.79349 3.22275 2.1625
      vertex -2.29694 3.20226 2.104
      vertex -2.82694 3.20226 2.1625
    endloop
  endfacet
  facet normal 0.108818 -0.127345 0.985871
    outer loop
      vertex -2.44323 -3.17677 3.4125
      vertex -1.94306 -3.20226 3.354
      vertex -1.91323 -3.17677 3.354
    endloop
  endfacet
  facet normal 0.108818 -0.127345 0.985871
    outer loop
      vertex -1.94306 -3.20226 3.354
      vertex -2.44323 -3.17677 3.4125
      vertex -2.47306 -3.20226 3.4125
    endloop
  endfacet
  facet normal 0.109464 -0.0670855 0.991724
    outer loop
      vertex -2.39725 -3.11349 3.4125
      vertex -1.88775 -3.14694 3.354
      vertex -1.86725 -3.11349 3.354
    endloop
  endfacet
  facet normal 0.109464 -0.0670855 0.991724
    outer loop
      vertex -1.88775 -3.14694 3.354
      vertex -2.39725 -3.11349 3.4125
      vertex -2.41775 -3.14694 3.4125
    endloop
  endfacet
  facet normal 0.109707 0.00863967 0.993926
    outer loop
      vertex -1.84308 3.03911 3.354
      vertex -2.37 3 3.4125
      vertex -1.84 3 3.354
    endloop
  endfacet
  facet normal 0.109707 0.00863967 0.993926
    outer loop
      vertex -2.37 3 3.4125
      vertex -1.84308 3.03911 3.354
      vertex -2.37308 3.03911 3.4125
    endloop
  endfacet
  facet normal 0.106054 0.256055 0.960827
    outer loop
      vertex -2.01275 3.23776 3.354
      vertex -2.50651 3.22275 3.4125
      vertex -1.97651 3.22275 3.354
    endloop
  endfacet
  facet normal 0.106054 0.256055 0.960827
    outer loop
      vertex -2.50651 3.22275 3.4125
      vertex -2.01275 3.23776 3.354
      vertex -2.54275 3.23776 3.4125
    endloop
  endfacet
  facet normal 0.108818 0.127345 0.985871
    outer loop
      vertex -1.94306 3.20226 3.354
      vertex -2.44323 3.17677 3.4125
      vertex -1.91323 3.17677 3.354
    endloop
  endfacet
  facet normal 0.108818 0.127345 0.985871
    outer loop
      vertex -2.44323 3.17677 3.4125
      vertex -1.94306 3.20226 3.354
      vertex -2.47306 3.20226 3.4125
    endloop
  endfacet
  facet normal 0.0639764 0.812375 0.579615
    outer loop
      vertex -2.09 3.25 3.354
      vertex -2.58089 3.24692 3.4125
      vertex -2.05089 3.24692 3.354
    endloop
  endfacet
  facet normal 0.0639764 0.812375 0.579615
    outer loop
      vertex -2.58089 3.24692 3.4125
      vertex -2.09 3.25 3.354
      vertex -2.62 3.25 3.4125
    endloop
  endfacet
  facet normal -0.109464 0.0670855 -0.991724
    outer loop
      vertex -2.37275 3.11349 2.104
      vertex -2.88225 3.14694 2.1625
      vertex -2.35225 3.14694 2.104
    endloop
  endfacet
  facet normal -0.109464 0.0670855 -0.991724
    outer loop
      vertex -2.88225 3.14694 2.1625
      vertex -2.37275 3.11349 2.104
      vertex -2.90275 3.11349 2.1625
    endloop
  endfacet
  facet normal -0.106054 0.256055 -0.960827
    outer loop
      vertex -2.26349 3.22275 2.104
      vertex -2.75725 3.23776 2.1625
      vertex -2.22725 3.23776 2.104
    endloop
  endfacet
  facet normal -0.106054 0.256055 -0.960827
    outer loop
      vertex -2.75725 3.23776 2.1625
      vertex -2.26349 3.22275 2.104
      vertex -2.79349 3.22275 2.1625
    endloop
  endfacet
  facet normal 0.109598 -0.0454061 0.992938
    outer loop
      vertex -2.38224 -3.07726 3.4125
      vertex -1.86725 -3.11349 3.354
      vertex -1.85224 -3.07726 3.354
    endloop
  endfacet
  facet normal 0.109598 -0.0454061 0.992938
    outer loop
      vertex -1.86725 -3.11349 3.354
      vertex -2.38224 -3.07726 3.4125
      vertex -2.39725 -3.11349 3.4125
    endloop
  endfacet
  facet normal 0.107993 0.176298 0.978395
    outer loop
      vertex -1.97651 3.22275 3.354
      vertex -2.47306 3.20226 3.4125
      vertex -1.94306 3.20226 3.354
    endloop
  endfacet
  facet normal 0.107993 0.176298 0.978395
    outer loop
      vertex -2.47306 3.20226 3.4125
      vertex -1.97651 3.22275 3.354
      vertex -2.50651 3.22275 3.4125
    endloop
  endfacet
  facet normal 0.109232 0.0933035 0.989628
    outer loop
      vertex -1.91323 3.17677 3.354
      vertex -2.41775 3.14694 3.4125
      vertex -1.88775 3.14694 3.354
    endloop
  endfacet
  facet normal 0.109232 0.0933035 0.989628
    outer loop
      vertex -2.41775 3.14694 3.4125
      vertex -1.91323 3.17677 3.354
      vertex -2.44323 3.17677 3.4125
    endloop
  endfacet
  facet normal 0.0837668 -0.202246 0.975746
    outer loop
      vertex -1.97651 -3.22275 3.354
      vertex -1.48275 -3.23776 3.3085
      vertex -1.44651 -3.22275 3.3085
    endloop
  endfacet
  facet normal 0.0837668 -0.202246 0.975746
    outer loop
      vertex -1.48275 -3.23776 3.3085
      vertex -1.97651 -3.22275 3.354
      vertex -2.01275 -3.23776 3.354
    endloop
  endfacet
  facet normal -0.0855344 0 -0.996335
    outer loop
      vertex -2.4 -3 2.104
      vertex -1.87 3 2.0585
      vertex -1.87 -3 2.0585
    endloop
  endfacet
  facet normal -0.0855344 0 -0.996335
    outer loop
      vertex -1.87 3 2.0585
      vertex -2.4 -3 2.104
      vertex -2.4 3 2.104
    endloop
  endfacet
  facet normal 0.0805768 -0.335502 0.938587
    outer loop
      vertex -2.01275 -3.23776 3.354
      vertex -1.52089 -3.24692 3.3085
      vertex -1.48275 -3.23776 3.3085
    endloop
  endfacet
  facet normal 0.0805768 -0.335502 0.938587
    outer loop
      vertex -1.52089 -3.24692 3.3085
      vertex -2.01275 -3.23776 3.354
      vertex -2.05089 -3.24692 3.354
    endloop
  endfacet
  facet normal 0.0855344 0 0.996335
    outer loop
      vertex -1.84 3 3.354
      vertex -1.31 -3 3.3085
      vertex -1.31 3 3.3085
    endloop
  endfacet
  facet normal 0.0855344 0 0.996335
    outer loop
      vertex -1.31 -3 3.3085
      vertex -1.84 3 3.354
      vertex -1.84 -3 3.354
    endloop
  endfacet
  facet normal -0.0805768 0.335502 -0.938587
    outer loop
      vertex -1.69725 3.23776 2.0585
      vertex -2.18911 3.24692 2.104
      vertex -1.65911 3.24692 2.0585
    endloop
  endfacet
  facet normal -0.0805768 0.335502 -0.938587
    outer loop
      vertex -2.18911 3.24692 2.104
      vertex -1.69725 3.23776 2.0585
      vertex -2.22725 3.23776 2.104
    endloop
  endfacet
  facet normal 0.0579358 -0.735671 0.674856
    outer loop
      vertex -1.56 -3.25 3.3085
      vertex -2.05089 -3.24692 3.354
      vertex -2.09 -3.25 3.354
    endloop
  endfacet
  facet normal 0.0579358 -0.735671 0.674856
    outer loop
      vertex -2.05089 -3.24692 3.354
      vertex -1.56 -3.25 3.3085
      vertex -1.52089 -3.24692 3.3085
    endloop
  endfacet
  facet normal 0.0854172 -0.0523483 0.994969
    outer loop
      vertex -1.86725 -3.11349 3.354
      vertex -1.35775 -3.14694 3.3085
      vertex -1.33725 -3.11349 3.3085
    endloop
  endfacet
  facet normal 0.0854172 -0.0523483 0.994969
    outer loop
      vertex -1.35775 -3.14694 3.3085
      vertex -1.86725 -3.11349 3.354
      vertex -1.88775 -3.14694 3.354
    endloop
  endfacet
  facet normal -0.0847126 0.138294 -0.986762
    outer loop
      vertex -1.76694 3.20226 2.0585
      vertex -2.26349 3.22275 2.104
      vertex -1.73349 3.22275 2.0585
    endloop
  endfacet
  facet normal -0.0847126 0.138294 -0.986762
    outer loop
      vertex -2.26349 3.22275 2.104
      vertex -1.76694 3.20226 2.0585
      vertex -2.29694 3.20226 2.104
    endloop
  endfacet
  facet normal -0.0855325 0.00673588 -0.996313
    outer loop
      vertex -1.87 3 2.0585
      vertex -2.39692 3.03911 2.104
      vertex -1.86692 3.03911 2.0585
    endloop
  endfacet
  facet normal -0.0855325 0.00673588 -0.996313
    outer loop
      vertex -2.39692 3.03911 2.104
      vertex -1.87 3 2.0585
      vertex -2.4 3 2.104
    endloop
  endfacet
  facet normal -0.0805768 -0.335502 -0.938587
    outer loop
      vertex -2.18911 -3.24692 2.104
      vertex -1.69725 -3.23776 2.0585
      vertex -1.65911 -3.24692 2.0585
    endloop
  endfacet
  facet normal -0.0805768 -0.335502 -0.938587
    outer loop
      vertex -1.69725 -3.23776 2.0585
      vertex -2.18911 -3.24692 2.104
      vertex -2.22725 -3.23776 2.104
    endloop
  endfacet
  facet normal 0.0855164 -0.0205329 0.996125
    outer loop
      vertex -1.84308 -3.03911 3.354
      vertex -1.32224 -3.07726 3.3085
      vertex -1.31308 -3.03911 3.3085
    endloop
  endfacet
  facet normal 0.0855164 -0.0205329 0.996125
    outer loop
      vertex -1.32224 -3.07726 3.3085
      vertex -1.84308 -3.03911 3.354
      vertex -1.85224 -3.07726 3.354
    endloop
  endfacet
  facet normal -0.0854172 0.0523483 -0.994969
    outer loop
      vertex -1.84275 3.11349 2.0585
      vertex -2.35225 3.14694 2.104
      vertex -1.82225 3.14694 2.0585
    endloop
  endfacet
  facet normal -0.0854172 0.0523483 -0.994969
    outer loop
      vertex -2.35225 3.14694 2.104
      vertex -1.84275 3.11349 2.0585
      vertex -2.37275 3.11349 2.104
    endloop
  endfacet
  facet normal -0.0854808 0.0354145 -0.99571
    outer loop
      vertex -1.85776 3.07726 2.0585
      vertex -2.37275 3.11349 2.104
      vertex -1.84275 3.11349 2.0585
    endloop
  endfacet
  facet normal -0.0854808 0.0354145 -0.99571
    outer loop
      vertex -2.37275 3.11349 2.104
      vertex -1.85776 3.07726 2.0585
      vertex -2.38776 3.07726 2.104
    endloop
  endfacet
  facet normal -0.0851091 0.0996 -0.991381
    outer loop
      vertex -1.79677 3.17677 2.0585
      vertex -2.29694 3.20226 2.104
      vertex -1.76694 3.20226 2.0585
    endloop
  endfacet
  facet normal -0.0851091 0.0996 -0.991381
    outer loop
      vertex -2.29694 3.20226 2.104
      vertex -1.79677 3.17677 2.0585
      vertex -2.32677 3.17677 2.104
    endloop
  endfacet
  facet normal -0.0851091 -0.0996 -0.991381
    outer loop
      vertex -2.29694 -3.20226 2.104
      vertex -1.79677 -3.17677 2.0585
      vertex -1.76694 -3.20226 2.0585
    endloop
  endfacet
  facet normal -0.0851091 -0.0996 -0.991381
    outer loop
      vertex -1.79677 -3.17677 2.0585
      vertex -2.29694 -3.20226 2.104
      vertex -2.32677 -3.17677 2.104
    endloop
  endfacet
  facet normal -0.0853071 -0.072867 -0.993687
    outer loop
      vertex -2.32677 -3.17677 2.104
      vertex -1.82225 -3.14694 2.0585
      vertex -1.79677 -3.17677 2.0585
    endloop
  endfacet
  facet normal -0.0853071 -0.072867 -0.993687
    outer loop
      vertex -1.82225 -3.14694 2.0585
      vertex -2.32677 -3.17677 2.104
      vertex -2.35225 -3.14694 2.104
    endloop
  endfacet
  facet normal 0.0854808 0.0354145 0.99571
    outer loop
      vertex -1.33725 3.11349 3.3085
      vertex -1.85224 3.07726 3.354
      vertex -1.32224 3.07726 3.3085
    endloop
  endfacet
  facet normal 0.0854808 0.0354145 0.99571
    outer loop
      vertex -1.85224 3.07726 3.354
      vertex -1.33725 3.11349 3.3085
      vertex -1.86725 3.11349 3.354
    endloop
  endfacet
  facet normal -0.0837668 0.202246 -0.975746
    outer loop
      vertex -1.73349 3.22275 2.0585
      vertex -2.22725 3.23776 2.104
      vertex -1.69725 3.23776 2.0585
    endloop
  endfacet
  facet normal -0.0837668 0.202246 -0.975746
    outer loop
      vertex -2.22725 3.23776 2.104
      vertex -1.73349 3.22275 2.0585
      vertex -2.26349 3.22275 2.104
    endloop
  endfacet
  facet normal -0.0855164 -0.0205329 -0.996125
    outer loop
      vertex -2.38776 -3.07726 2.104
      vertex -1.86692 -3.03911 2.0585
      vertex -1.85776 -3.07726 2.0585
    endloop
  endfacet
  facet normal -0.0855164 -0.0205329 -0.996125
    outer loop
      vertex -1.86692 -3.03911 2.0585
      vertex -2.38776 -3.07726 2.104
      vertex -2.39692 -3.03911 2.104
    endloop
  endfacet
  facet normal -0.0847126 -0.138294 -0.986762
    outer loop
      vertex -2.26349 -3.22275 2.104
      vertex -1.76694 -3.20226 2.0585
      vertex -1.73349 -3.22275 2.0585
    endloop
  endfacet
  facet normal -0.0847126 -0.138294 -0.986762
    outer loop
      vertex -1.76694 -3.20226 2.0585
      vertex -2.26349 -3.22275 2.104
      vertex -2.29694 -3.20226 2.104
    endloop
  endfacet
  facet normal -0.0579358 -0.735671 -0.674856
    outer loop
      vertex -1.65911 -3.24692 2.0585
      vertex -2.15 -3.25 2.104
      vertex -2.18911 -3.24692 2.104
    endloop
  endfacet
  facet normal -0.0579358 -0.735671 -0.674856
    outer loop
      vertex -2.15 -3.25 2.104
      vertex -1.65911 -3.24692 2.0585
      vertex -1.62 -3.25 2.0585
    endloop
  endfacet
  facet normal 0.0847126 -0.138294 0.986762
    outer loop
      vertex -1.94306 -3.20226 3.354
      vertex -1.44651 -3.22275 3.3085
      vertex -1.41306 -3.20226 3.3085
    endloop
  endfacet
  facet normal 0.0847126 -0.138294 0.986762
    outer loop
      vertex -1.44651 -3.22275 3.3085
      vertex -1.94306 -3.20226 3.354
      vertex -1.97651 -3.22275 3.354
    endloop
  endfacet
  facet normal 0.0851091 -0.0996 0.991381
    outer loop
      vertex -1.91323 -3.17677 3.354
      vertex -1.41306 -3.20226 3.3085
      vertex -1.38323 -3.17677 3.3085
    endloop
  endfacet
  facet normal 0.0851091 -0.0996 0.991381
    outer loop
      vertex -1.41306 -3.20226 3.3085
      vertex -1.91323 -3.17677 3.354
      vertex -1.94306 -3.20226 3.354
    endloop
  endfacet
  facet normal -0.0579358 0.735671 -0.674856
    outer loop
      vertex -1.65911 3.24692 2.0585
      vertex -2.15 3.25 2.104
      vertex -1.62 3.25 2.0585
    endloop
  endfacet
  facet normal -0.0579358 0.735671 -0.674856
    outer loop
      vertex -2.15 3.25 2.104
      vertex -1.65911 3.24692 2.0585
      vertex -2.18911 3.24692 2.104
    endloop
  endfacet
  facet normal 0.0837668 0.202246 0.975746
    outer loop
      vertex -1.48275 3.23776 3.3085
      vertex -1.97651 3.22275 3.354
      vertex -1.44651 3.22275 3.3085
    endloop
  endfacet
  facet normal 0.0837668 0.202246 0.975746
    outer loop
      vertex -1.97651 3.22275 3.354
      vertex -1.48275 3.23776 3.3085
      vertex -2.01275 3.23776 3.354
    endloop
  endfacet
  facet normal 0.0855325 -0.00673588 0.996313
    outer loop
      vertex -1.84 -3 3.354
      vertex -1.31308 -3.03911 3.3085
      vertex -1.31 -3 3.3085
    endloop
  endfacet
  facet normal 0.0855325 -0.00673588 0.996313
    outer loop
      vertex -1.31308 -3.03911 3.3085
      vertex -1.84 -3 3.354
      vertex -1.84308 -3.03911 3.354
    endloop
  endfacet
  facet normal 0.0853071 -0.072867 0.993687
    outer loop
      vertex -1.88775 -3.14694 3.354
      vertex -1.38323 -3.17677 3.3085
      vertex -1.35775 -3.14694 3.3085
    endloop
  endfacet
  facet normal 0.0853071 -0.072867 0.993687
    outer loop
      vertex -1.38323 -3.17677 3.3085
      vertex -1.88775 -3.14694 3.354
      vertex -1.91323 -3.17677 3.354
    endloop
  endfacet
  facet normal -0.0853071 0.072867 -0.993687
    outer loop
      vertex -1.82225 3.14694 2.0585
      vertex -2.32677 3.17677 2.104
      vertex -1.79677 3.17677 2.0585
    endloop
  endfacet
  facet normal -0.0853071 0.072867 -0.993687
    outer loop
      vertex -2.32677 3.17677 2.104
      vertex -1.82225 3.14694 2.0585
      vertex -2.35225 3.14694 2.104
    endloop
  endfacet
  facet normal -0.0855164 0.0205329 -0.996125
    outer loop
      vertex -1.86692 3.03911 2.0585
      vertex -2.38776 3.07726 2.104
      vertex -1.85776 3.07726 2.0585
    endloop
  endfacet
  facet normal -0.0855164 0.0205329 -0.996125
    outer loop
      vertex -2.38776 3.07726 2.104
      vertex -1.86692 3.03911 2.0585
      vertex -2.39692 3.03911 2.104
    endloop
  endfacet
  facet normal -0.0854808 -0.0354145 -0.99571
    outer loop
      vertex -2.37275 -3.11349 2.104
      vertex -1.85776 -3.07726 2.0585
      vertex -1.84275 -3.11349 2.0585
    endloop
  endfacet
  facet normal -0.0854808 -0.0354145 -0.99571
    outer loop
      vertex -1.85776 -3.07726 2.0585
      vertex -2.37275 -3.11349 2.104
      vertex -2.38776 -3.07726 2.104
    endloop
  endfacet
  facet normal -0.0854172 -0.0523483 -0.994969
    outer loop
      vertex -2.35225 -3.14694 2.104
      vertex -1.84275 -3.11349 2.0585
      vertex -1.82225 -3.14694 2.0585
    endloop
  endfacet
  facet normal -0.0854172 -0.0523483 -0.994969
    outer loop
      vertex -1.84275 -3.11349 2.0585
      vertex -2.35225 -3.14694 2.104
      vertex -2.37275 -3.11349 2.104
    endloop
  endfacet
  facet normal -0.0855325 -0.00673588 -0.996313
    outer loop
      vertex -2.39692 -3.03911 2.104
      vertex -1.87 -3 2.0585
      vertex -1.86692 -3.03911 2.0585
    endloop
  endfacet
  facet normal -0.0855325 -0.00673588 -0.996313
    outer loop
      vertex -1.87 -3 2.0585
      vertex -2.39692 -3.03911 2.104
      vertex -2.4 -3 2.104
    endloop
  endfacet
  facet normal -0.0837668 -0.202246 -0.975746
    outer loop
      vertex -2.22725 -3.23776 2.104
      vertex -1.73349 -3.22275 2.0585
      vertex -1.69725 -3.23776 2.0585
    endloop
  endfacet
  facet normal -0.0837668 -0.202246 -0.975746
    outer loop
      vertex -1.73349 -3.22275 2.0585
      vertex -2.22725 -3.23776 2.104
      vertex -2.26349 -3.22275 2.104
    endloop
  endfacet
  facet normal 0.0854172 0.0523483 0.994969
    outer loop
      vertex -1.35775 3.14694 3.3085
      vertex -1.86725 3.11349 3.354
      vertex -1.33725 3.11349 3.3085
    endloop
  endfacet
  facet normal 0.0854172 0.0523483 0.994969
    outer loop
      vertex -1.86725 3.11349 3.354
      vertex -1.35775 3.14694 3.3085
      vertex -1.88775 3.14694 3.354
    endloop
  endfacet
  facet normal 0.0854808 -0.0354145 0.99571
    outer loop
      vertex -1.85224 -3.07726 3.354
      vertex -1.33725 -3.11349 3.3085
      vertex -1.32224 -3.07726 3.3085
    endloop
  endfacet
  facet normal 0.0854808 -0.0354145 0.99571
    outer loop
      vertex -1.33725 -3.11349 3.3085
      vertex -1.85224 -3.07726 3.354
      vertex -1.86725 -3.11349 3.354
    endloop
  endfacet
  facet normal 0.0851091 0.0996 0.991381
    outer loop
      vertex -1.41306 3.20226 3.3085
      vertex -1.91323 3.17677 3.354
      vertex -1.38323 3.17677 3.3085
    endloop
  endfacet
  facet normal 0.0851091 0.0996 0.991381
    outer loop
      vertex -1.91323 3.17677 3.354
      vertex -1.41306 3.20226 3.3085
      vertex -1.94306 3.20226 3.354
    endloop
  endfacet
  facet normal 0.0855164 0.0205329 0.996125
    outer loop
      vertex -1.32224 3.07726 3.3085
      vertex -1.84308 3.03911 3.354
      vertex -1.31308 3.03911 3.3085
    endloop
  endfacet
  facet normal 0.0855164 0.0205329 0.996125
    outer loop
      vertex -1.84308 3.03911 3.354
      vertex -1.32224 3.07726 3.3085
      vertex -1.85224 3.07726 3.354
    endloop
  endfacet
  facet normal 0.0805768 0.335502 0.938587
    outer loop
      vertex -1.52089 3.24692 3.3085
      vertex -2.01275 3.23776 3.354
      vertex -1.48275 3.23776 3.3085
    endloop
  endfacet
  facet normal 0.0805768 0.335502 0.938587
    outer loop
      vertex -2.01275 3.23776 3.354
      vertex -1.52089 3.24692 3.3085
      vertex -2.05089 3.24692 3.354
    endloop
  endfacet
  facet normal 0.0847126 0.138294 0.986762
    outer loop
      vertex -1.44651 3.22275 3.3085
      vertex -1.94306 3.20226 3.354
      vertex -1.41306 3.20226 3.3085
    endloop
  endfacet
  facet normal 0.0847126 0.138294 0.986762
    outer loop
      vertex -1.94306 3.20226 3.354
      vertex -1.44651 3.22275 3.3085
      vertex -1.97651 3.22275 3.354
    endloop
  endfacet
  facet normal 0.0579358 0.735671 0.674856
    outer loop
      vertex -1.56 3.25 3.3085
      vertex -2.05089 3.24692 3.354
      vertex -1.52089 3.24692 3.3085
    endloop
  endfacet
  facet normal 0.0579358 0.735671 0.674856
    outer loop
      vertex -2.05089 3.24692 3.354
      vertex -1.56 3.25 3.3085
      vertex -2.09 3.25 3.354
    endloop
  endfacet
  facet normal 0.0855325 0.00673588 0.996313
    outer loop
      vertex -1.31308 3.03911 3.3085
      vertex -1.84 3 3.354
      vertex -1.31 3 3.3085
    endloop
  endfacet
  facet normal 0.0855325 0.00673588 0.996313
    outer loop
      vertex -1.84 3 3.354
      vertex -1.31308 3.03911 3.3085
      vertex -1.84308 3.03911 3.354
    endloop
  endfacet
  facet normal 0.0853071 0.072867 0.993687
    outer loop
      vertex -1.38323 3.17677 3.3085
      vertex -1.88775 3.14694 3.354
      vertex -1.35775 3.14694 3.3085
    endloop
  endfacet
  facet normal 0.0853071 0.072867 0.993687
    outer loop
      vertex -1.88775 3.14694 3.354
      vertex -1.38323 3.17677 3.3085
      vertex -1.91323 3.17677 3.354
    endloop
  endfacet
  facet normal 0.0605478 -0.146182 0.987403
    outer loop
      vertex -1.44651 -3.22275 3.3085
      vertex -0.952745 -3.23776 3.276
      vertex -0.916506 -3.22275 3.276
    endloop
  endfacet
  facet normal 0.0605477 -0.146186 0.987402
    outer loop
      vertex -0.952745 -3.23776 3.276
      vertex -1.44651 -3.22275 3.3085
      vertex -1.48275 -3.23776 3.3085
    endloop
  endfacet
  facet normal -0.0612051 0.00482004 -0.998114
    outer loop
      vertex -1.34 3 2.026
      vertex -1.86692 3.03911 2.0585
      vertex -1.33692 3.03911 2.026
    endloop
  endfacet
  facet normal -0.0612051 0.00482004 -0.998114
    outer loop
      vertex -1.86692 3.03911 2.0585
      vertex -1.34 3 2.026
      vertex -1.87 3 2.0585
    endloop
  endfacet
  facet normal -0.0605483 0.146187 -0.987402
    outer loop
      vertex -1.20349 3.22275 2.026
      vertex -1.69725 3.23776 2.0585
      vertex -1.16725 3.23776 2.026
    endloop
  endfacet
  facet normal -0.0605483 0.146187 -0.987402
    outer loop
      vertex -1.69725 3.23776 2.0585
      vertex -1.20349 3.22275 2.026
      vertex -1.73349 3.22275 2.0585
    endloop
  endfacet
  facet normal -0.0612058 0 -0.998125
    outer loop
      vertex -1.87 -3 2.0585
      vertex -1.34 3 2.026
      vertex -1.34 -3 2.026
    endloop
  endfacet
  facet normal -0.0612058 0 -0.998125
    outer loop
      vertex -1.34 3 2.026
      vertex -1.87 -3 2.0585
      vertex -1.87 3 2.0585
    endloop
  endfacet
  facet normal 0.0593089 -0.246993 0.967201
    outer loop
      vertex -1.48275 -3.23776 3.3085
      vertex -0.990892 -3.24692 3.276
      vertex -0.952745 -3.23776 3.276
    endloop
  endfacet
  facet normal 0.0593103 -0.246954 0.967211
    outer loop
      vertex -0.990892 -3.24692 3.276
      vertex -1.48275 -3.23776 3.3085
      vertex -1.52089 -3.24692 3.3085
    endloop
  endfacet
  facet normal 0.0612059 0 0.998125
    outer loop
      vertex -1.31 3 3.3085
      vertex -0.780001 0.660124 3.276
      vertex -0.780001 3 3.276
    endloop
  endfacet
  facet normal 0.0612168 2.47869e-06 0.998124
    outer loop
      vertex -0.780001 0.660124 3.276
      vertex -1.31 3 3.3085
      vertex -0.829239 0.602478 3.27902
    endloop
  endfacet
  facet normal 0.0611807 -4.7975e-06 0.998127
    outer loop
      vertex -0.829239 0.602478 3.27902
      vertex -1.31 3 3.3085
      vertex -0.913269 0.465332 3.28417
    endloop
  endfacet
  facet normal 0.0612713 9.44571e-06 0.998121
    outer loop
      vertex -0.913269 0.465332 3.28417
      vertex -1.31 3 3.3085
      vertex -0.974823 0.316742 3.28795
    endloop
  endfacet
  facet normal 0.0610734 -1.36165e-05 0.998133
    outer loop
      vertex -1.01237 0.160339 3.29025
      vertex -1.31 3 3.3085
      vertex -1.02499 0 3.29102
    endloop
  endfacet
  facet normal 0.0611604 -4.45561e-06 0.998128
    outer loop
      vertex -0.974823 0.316742 3.28795
      vertex -1.31 3 3.3085
      vertex -1.01237 0.160339 3.29025
    endloop
  endfacet
  facet normal 0.0612168 -2.47869e-06 0.998124
    outer loop
      vertex -1.31 -3 3.3085
      vertex -0.780001 -0.660124 3.276
      vertex -0.829239 -0.602478 3.27902
    endloop
  endfacet
  facet normal 0.0611807 4.7975e-06 0.998127
    outer loop
      vertex -1.31 -3 3.3085
      vertex -0.829239 -0.602478 3.27902
      vertex -0.913269 -0.465332 3.28417
    endloop
  endfacet
  facet normal 0.0612713 -9.44571e-06 0.998121
    outer loop
      vertex -1.31 -3 3.3085
      vertex -0.913269 -0.465332 3.28417
      vertex -0.974823 -0.316742 3.28795
    endloop
  endfacet
  facet normal 0.0611604 4.45561e-06 0.998128
    outer loop
      vertex -1.31 -3 3.3085
      vertex -0.974823 -0.316742 3.28795
      vertex -1.01237 -0.160339 3.29025
    endloop
  endfacet
  facet normal 0.0612162 -0 0.998125
    outer loop
      vertex -1.31 -3 3.3085
      vertex -1.02499 0 3.29102
      vertex -1.31 3 3.3085
    endloop
  endfacet
  facet normal 0.0610734 1.36165e-05 0.998133
    outer loop
      vertex -1.02499 0 3.29102
      vertex -1.31 -3 3.3085
      vertex -1.01237 -0.160339 3.29025
    endloop
  endfacet
  facet normal 0.0612059 0 0.998125
    outer loop
      vertex -0.780001 -0.660124 3.276
      vertex -1.31 -3 3.3085
      vertex -0.780001 -3 3.276
    endloop
  endfacet
  facet normal -0.0483266 -0.613654 -0.788095
    outer loop
      vertex -1.62 -3.25 2.0585
      vertex -1.12911 -3.24692 2.026
      vertex -1.09 -3.25 2.026
    endloop
  endfacet
  facet normal -0.0483266 -0.613654 -0.788095
    outer loop
      vertex -1.12911 -3.24692 2.026
      vertex -1.62 -3.25 2.0585
      vertex -1.65911 -3.24692 2.0585
    endloop
  endfacet
  facet normal 0.0483276 -0.613635 0.788109
    outer loop
      vertex -1.52089 -3.24692 3.3085
      vertex -1.03 -3.25 3.276
      vertex -0.990892 -3.24692 3.276
    endloop
  endfacet
  facet normal 0.0483266 -0.613654 0.788095
    outer loop
      vertex -1.03 -3.25 3.276
      vertex -1.52089 -3.24692 3.3085
      vertex -1.56 -3.25 3.3085
    endloop
  endfacet
  facet normal 0.0609025 -0.0994146 0.993181
    outer loop
      vertex -1.41306 -3.20226 3.3085
      vertex -0.916506 -3.22275 3.276
      vertex -0.883059 -3.20226 3.276
    endloop
  endfacet
  facet normal 0.0609021 -0.0994229 0.99318
    outer loop
      vertex -0.916506 -3.22275 3.276
      vertex -1.41306 -3.20226 3.3085
      vertex -1.44651 -3.22275 3.3085
    endloop
  endfacet
  facet normal -0.0611628 -0.0374839 -0.997424
    outer loop
      vertex -1.82225 -3.14694 2.0585
      vertex -1.31275 -3.11349 2.026
      vertex -1.29225 -3.14694 2.026
    endloop
  endfacet
  facet normal -0.0611628 -0.0374839 -0.997424
    outer loop
      vertex -1.31275 -3.11349 2.026
      vertex -1.82225 -3.14694 2.0585
      vertex -1.84275 -3.11349 2.0585
    endloop
  endfacet
  facet normal -0.0609025 0.0994236 -0.99318
    outer loop
      vertex -1.23694 3.20226 2.026
      vertex -1.73349 3.22275 2.0585
      vertex -1.20349 3.22275 2.026
    endloop
  endfacet
  facet normal -0.0609025 0.0994236 -0.99318
    outer loop
      vertex -1.73349 3.22275 2.0585
      vertex -1.23694 3.20226 2.026
      vertex -1.76694 3.20226 2.0585
    endloop
  endfacet
  facet normal -0.0593101 0.246953 -0.967211
    outer loop
      vertex -1.16725 3.23776 2.026
      vertex -1.65911 3.24692 2.0585
      vertex -1.12911 3.24692 2.026
    endloop
  endfacet
  facet normal -0.0593101 0.246953 -0.967211
    outer loop
      vertex -1.65911 3.24692 2.0585
      vertex -1.16725 3.23776 2.026
      vertex -1.69725 3.23776 2.0585
    endloop
  endfacet
  facet normal -0.0611861 -0.0253493 -0.997804
    outer loop
      vertex -1.84275 -3.11349 2.0585
      vertex -1.32776 -3.07726 2.026
      vertex -1.31275 -3.11349 2.026
    endloop
  endfacet
  facet normal -0.0611861 -0.0253493 -0.997804
    outer loop
      vertex -1.32776 -3.07726 2.026
      vertex -1.84275 -3.11349 2.0585
      vertex -1.85776 -3.07726 2.0585
    endloop
  endfacet
  facet normal -0.0593101 -0.246953 -0.967211
    outer loop
      vertex -1.65911 -3.24692 2.0585
      vertex -1.16725 -3.23776 2.026
      vertex -1.12911 -3.24692 2.026
    endloop
  endfacet
  facet normal -0.0593101 -0.246953 -0.967211
    outer loop
      vertex -1.16725 -3.23776 2.026
      vertex -1.65911 -3.24692 2.0585
      vertex -1.69725 -3.23776 2.0585
    endloop
  endfacet
  facet normal 0.0611995 -0.0146863 0.998017
    outer loop
      vertex -1.31308 -3.03911 3.3085
      vertex -0.792238 -3.07726 3.276
      vertex -0.783083 -3.03911 3.276
    endloop
  endfacet
  facet normal 0.061199 -0.0146942 0.998017
    outer loop
      vertex -0.792238 -3.07726 3.276
      vertex -1.31308 -3.03911 3.3085
      vertex -1.32224 -3.07726 3.3085
    endloop
  endfacet
  facet normal 0.0611859 -0.0253576 0.997804
    outer loop
      vertex -1.32224 -3.07726 3.3085
      vertex -0.807253 -3.11349 3.276
      vertex -0.792238 -3.07726 3.276
    endloop
  endfacet
  facet normal 0.0611865 -0.0253494 0.997804
    outer loop
      vertex -0.807253 -3.11349 3.276
      vertex -1.32224 -3.07726 3.3085
      vertex -1.33725 -3.11349 3.3085
    endloop
  endfacet
  facet normal -0.0611223 0.0522091 -0.996764
    outer loop
      vertex -1.29225 3.14694 2.026
      vertex -1.79677 3.17677 2.0585
      vertex -1.26677 3.17677 2.026
    endloop
  endfacet
  facet normal -0.0611223 0.0522091 -0.996764
    outer loop
      vertex -1.79677 3.17677 2.0585
      vertex -1.29225 3.14694 2.026
      vertex -1.82225 3.14694 2.0585
    endloop
  endfacet
  facet normal -0.0611223 -0.0522091 -0.996764
    outer loop
      vertex -1.79677 -3.17677 2.0585
      vertex -1.29225 -3.14694 2.026
      vertex -1.26677 -3.17677 2.026
    endloop
  endfacet
  facet normal -0.0611223 -0.0522091 -0.996764
    outer loop
      vertex -1.29225 -3.14694 2.026
      vertex -1.79677 -3.17677 2.0585
      vertex -1.82225 -3.14694 2.0585
    endloop
  endfacet
  facet normal 0.0611632 -0.0374695 0.997424
    outer loop
      vertex -1.33725 -3.11349 3.3085
      vertex -0.827745 -3.14694 3.276
      vertex -0.807253 -3.11349 3.276
    endloop
  endfacet
  facet normal 0.0611622 -0.0374836 0.997424
    outer loop
      vertex -0.827745 -3.14694 3.276
      vertex -1.33725 -3.11349 3.3085
      vertex -1.35775 -3.14694 3.3085
    endloop
  endfacet
  facet normal 0.0612052 -0.00482318 0.998114
    outer loop
      vertex -1.31 -3 3.3085
      vertex -0.783083 -3.03911 3.276
      vertex -0.780001 -3 3.276
    endloop
  endfacet
  facet normal 0.0612054 -0.00482006 0.998114
    outer loop
      vertex -0.783083 -3.03911 3.276
      vertex -1.31 -3 3.3085
      vertex -1.31308 -3.03911 3.3085
    endloop
  endfacet
  facet normal 0.0610491 -0.0714459 0.995574
    outer loop
      vertex -1.38323 -3.17677 3.3085
      vertex -0.883059 -3.20226 3.276
      vertex -0.853228 -3.17677 3.276
    endloop
  endfacet
  facet normal 0.0610493 -0.0714437 0.995575
    outer loop
      vertex -0.883059 -3.20226 3.276
      vertex -1.38323 -3.17677 3.3085
      vertex -1.41306 -3.20226 3.3085
    endloop
  endfacet
  facet normal 0.0611217 -0.0522147 0.996764
    outer loop
      vertex -1.35775 -3.14694 3.3085
      vertex -0.853228 -3.17677 3.276
      vertex -0.827745 -3.14694 3.276
    endloop
  endfacet
  facet normal 0.0611221 -0.0522089 0.996764
    outer loop
      vertex -0.853228 -3.17677 3.276
      vertex -1.35775 -3.14694 3.3085
      vertex -1.38323 -3.17677 3.3085
    endloop
  endfacet
  facet normal -0.0483266 0.613654 -0.788095
    outer loop
      vertex -1.12911 3.24692 2.026
      vertex -1.62 3.25 2.0585
      vertex -1.09 3.25 2.026
    endloop
  endfacet
  facet normal -0.0483266 0.613654 -0.788095
    outer loop
      vertex -1.62 3.25 2.0585
      vertex -1.12911 3.24692 2.026
      vertex -1.65911 3.24692 2.0585
    endloop
  endfacet
  facet normal -0.0611992 0.0146942 -0.998017
    outer loop
      vertex -1.33692 3.03911 2.026
      vertex -1.85776 3.07726 2.0585
      vertex -1.32776 3.07726 2.026
    endloop
  endfacet
  facet normal -0.0611992 0.0146942 -0.998017
    outer loop
      vertex -1.85776 3.07726 2.0585
      vertex -1.33692 3.03911 2.026
      vertex -1.86692 3.03911 2.0585
    endloop
  endfacet
  facet normal -0.0611861 0.0253493 -0.997804
    outer loop
      vertex -1.32776 3.07726 2.026
      vertex -1.84275 3.11349 2.0585
      vertex -1.31275 3.11349 2.026
    endloop
  endfacet
  facet normal -0.0611861 0.0253493 -0.997804
    outer loop
      vertex -1.84275 3.11349 2.0585
      vertex -1.32776 3.07726 2.026
      vertex -1.85776 3.07726 2.0585
    endloop
  endfacet
  facet normal -0.0611628 0.0374839 -0.997424
    outer loop
      vertex -1.31275 3.11349 2.026
      vertex -1.82225 3.14694 2.0585
      vertex -1.29225 3.14694 2.026
    endloop
  endfacet
  facet normal -0.0611628 0.0374839 -0.997424
    outer loop
      vertex -1.82225 3.14694 2.0585
      vertex -1.31275 3.11349 2.026
      vertex -1.84275 3.11349 2.0585
    endloop
  endfacet
  facet normal -0.0610494 0.0714438 -0.995575
    outer loop
      vertex -1.26677 3.17677 2.026
      vertex -1.76694 3.20226 2.0585
      vertex -1.23694 3.20226 2.026
    endloop
  endfacet
  facet normal -0.0610494 0.0714438 -0.995575
    outer loop
      vertex -1.76694 3.20226 2.0585
      vertex -1.26677 3.17677 2.026
      vertex -1.79677 3.17677 2.0585
    endloop
  endfacet
  facet normal -0.0612051 -0.00482004 -0.998114
    outer loop
      vertex -1.86692 -3.03911 2.0585
      vertex -1.34 -3 2.026
      vertex -1.33692 -3.03911 2.026
    endloop
  endfacet
  facet normal -0.0612051 -0.00482004 -0.998114
    outer loop
      vertex -1.34 -3 2.026
      vertex -1.86692 -3.03911 2.0585
      vertex -1.87 -3 2.0585
    endloop
  endfacet
  facet normal -0.0611992 -0.0146942 -0.998017
    outer loop
      vertex -1.85776 -3.07726 2.0585
      vertex -1.33692 -3.03911 2.026
      vertex -1.32776 -3.07726 2.026
    endloop
  endfacet
  facet normal -0.0611992 -0.0146942 -0.998017
    outer loop
      vertex -1.33692 -3.03911 2.026
      vertex -1.85776 -3.07726 2.0585
      vertex -1.86692 -3.03911 2.0585
    endloop
  endfacet
  facet normal -0.0609025 -0.0994236 -0.99318
    outer loop
      vertex -1.73349 -3.22275 2.0585
      vertex -1.23694 -3.20226 2.026
      vertex -1.20349 -3.22275 2.026
    endloop
  endfacet
  facet normal -0.0609025 -0.0994236 -0.99318
    outer loop
      vertex -1.23694 -3.20226 2.026
      vertex -1.73349 -3.22275 2.0585
      vertex -1.76694 -3.20226 2.0585
    endloop
  endfacet
  facet normal -0.0605483 -0.146187 -0.987402
    outer loop
      vertex -1.69725 -3.23776 2.0585
      vertex -1.20349 -3.22275 2.026
      vertex -1.16725 -3.23776 2.026
    endloop
  endfacet
  facet normal -0.0605483 -0.146187 -0.987402
    outer loop
      vertex -1.20349 -3.22275 2.026
      vertex -1.69725 -3.23776 2.0585
      vertex -1.73349 -3.22275 2.0585
    endloop
  endfacet
  facet normal 0.0611995 0.0146863 0.998017
    outer loop
      vertex -0.792238 3.07726 3.276
      vertex -1.31308 3.03911 3.3085
      vertex -0.783083 3.03911 3.276
    endloop
  endfacet
  facet normal 0.061199 0.0146942 0.998017
    outer loop
      vertex -1.31308 3.03911 3.3085
      vertex -0.792238 3.07726 3.276
      vertex -1.32224 3.07726 3.3085
    endloop
  endfacet
  facet normal -0.0610494 -0.0714438 -0.995575
    outer loop
      vertex -1.76694 -3.20226 2.0585
      vertex -1.26677 -3.17677 2.026
      vertex -1.23694 -3.20226 2.026
    endloop
  endfacet
  facet normal -0.0610494 -0.0714438 -0.995575
    outer loop
      vertex -1.26677 -3.17677 2.026
      vertex -1.76694 -3.20226 2.0585
      vertex -1.79677 -3.17677 2.0585
    endloop
  endfacet
  facet normal 0.0611859 0.0253576 0.997804
    outer loop
      vertex -0.807253 3.11349 3.276
      vertex -1.32224 3.07726 3.3085
      vertex -0.792238 3.07726 3.276
    endloop
  endfacet
  facet normal 0.0611865 0.0253494 0.997804
    outer loop
      vertex -1.32224 3.07726 3.3085
      vertex -0.807253 3.11349 3.276
      vertex -1.33725 3.11349 3.3085
    endloop
  endfacet
  facet normal 0.0610491 0.0714459 0.995574
    outer loop
      vertex -0.883059 3.20226 3.276
      vertex -1.38323 3.17677 3.3085
      vertex -0.853228 3.17677 3.276
    endloop
  endfacet
  facet normal 0.0610493 0.0714437 0.995575
    outer loop
      vertex -1.38323 3.17677 3.3085
      vertex -0.883059 3.20226 3.276
      vertex -1.41306 3.20226 3.3085
    endloop
  endfacet
  facet normal 0.0593089 0.246993 0.967201
    outer loop
      vertex -0.990892 3.24692 3.276
      vertex -1.48275 3.23776 3.3085
      vertex -0.952745 3.23776 3.276
    endloop
  endfacet
  facet normal 0.0593103 0.246954 0.967211
    outer loop
      vertex -1.48275 3.23776 3.3085
      vertex -0.990892 3.24692 3.276
      vertex -1.52089 3.24692 3.3085
    endloop
  endfacet
  facet normal 0.0612052 0.00482318 0.998114
    outer loop
      vertex -0.783083 3.03911 3.276
      vertex -1.31 3 3.3085
      vertex -0.780001 3 3.276
    endloop
  endfacet
  facet normal 0.0612054 0.00482006 0.998114
    outer loop
      vertex -1.31 3 3.3085
      vertex -0.783083 3.03911 3.276
      vertex -1.31308 3.03911 3.3085
    endloop
  endfacet
  facet normal 0.0611632 0.0374695 0.997424
    outer loop
      vertex -0.827745 3.14694 3.276
      vertex -1.33725 3.11349 3.3085
      vertex -0.807253 3.11349 3.276
    endloop
  endfacet
  facet normal 0.0611622 0.0374836 0.997424
    outer loop
      vertex -1.33725 3.11349 3.3085
      vertex -0.827745 3.14694 3.276
      vertex -1.35775 3.14694 3.3085
    endloop
  endfacet
  facet normal 0.0609025 0.0994146 0.993181
    outer loop
      vertex -0.916506 3.22275 3.276
      vertex -1.41306 3.20226 3.3085
      vertex -0.883059 3.20226 3.276
    endloop
  endfacet
  facet normal 0.0609021 0.0994229 0.99318
    outer loop
      vertex -1.41306 3.20226 3.3085
      vertex -0.916506 3.22275 3.276
      vertex -1.44651 3.22275 3.3085
    endloop
  endfacet
  facet normal 0.0605478 0.146182 0.987403
    outer loop
      vertex -0.952745 3.23776 3.276
      vertex -1.44651 3.22275 3.3085
      vertex -0.916506 3.22275 3.276
    endloop
  endfacet
  facet normal 0.0605477 0.146186 0.987402
    outer loop
      vertex -1.44651 3.22275 3.3085
      vertex -0.952745 3.23776 3.276
      vertex -1.48275 3.23776 3.3085
    endloop
  endfacet
  facet normal 0.0483276 0.613635 0.788109
    outer loop
      vertex -1.03 3.25 3.276
      vertex -1.52089 3.24692 3.3085
      vertex -0.990892 3.24692 3.276
    endloop
  endfacet
  facet normal 0.0483266 0.613654 0.788095
    outer loop
      vertex -1.52089 3.24692 3.3085
      vertex -1.03 3.25 3.276
      vertex -1.56 3.25 3.3085
    endloop
  endfacet
  facet normal 0.0611217 0.0522147 0.996764
    outer loop
      vertex -0.853228 3.17677 3.276
      vertex -1.35775 3.14694 3.3085
      vertex -0.827745 3.14694 3.276
    endloop
  endfacet
  facet normal 0.0611221 0.0522089 0.996764
    outer loop
      vertex -1.35775 3.14694 3.3085
      vertex -0.853228 3.17677 3.276
      vertex -1.38323 3.17677 3.3085
    endloop
  endfacet
  facet normal 0.0366236 -0.0884236 0.995409
    outer loop
      vertex -0.916506 -3.22275 3.276
      vertex -0.422746 -3.23776 3.2565
      vertex -0.386506 -3.22275 3.2565
    endloop
  endfacet
  facet normal 0.0366236 -0.0884213 0.99541
    outer loop
      vertex -0.422746 -3.23776 3.2565
      vertex -0.916506 -3.22275 3.276
      vertex -0.952745 -3.23776 3.276
    endloop
  endfacet
  facet normal 0.0367495 -0.0313929 0.998831
    outer loop
      vertex -0.827745 -3.14694 3.276
      vertex -0.323228 -3.17677 3.2565
      vertex -0.297746 -3.14694 3.2565
    endloop
  endfacet
  facet normal 0.0367495 -0.0313941 0.998831
    outer loop
      vertex -0.323228 -3.17677 3.2565
      vertex -0.827745 -3.14694 3.276
      vertex -0.853228 -3.17677 3.276
    endloop
  endfacet
  facet normal -0.0367671 0.00289832 -0.99932
    outer loop
      vertex -0.809999 3 2.0065
      vertex -1.33692 3.03911 2.026
      vertex -0.806916 3.03911 2.0065
    endloop
  endfacet
  facet normal -0.0367674 0.00289551 -0.99932
    outer loop
      vertex -1.33692 3.03911 2.026
      vertex -0.809999 3 2.0065
      vertex -1.34 3 2.026
    endloop
  endfacet
  facet normal 0.0363441 -0.151356 0.987811
    outer loop
      vertex -0.952745 -3.23776 3.276
      vertex -0.460893 -3.24692 3.2565
      vertex -0.422746 -3.23776 3.2565
    endloop
  endfacet
  facet normal 0.0363441 -0.151356 0.987811
    outer loop
      vertex -0.460893 -3.24692 3.2565
      vertex -0.952745 -3.23776 3.276
      vertex -0.990892 -3.24692 3.276
    endloop
  endfacet
  facet normal 0.0339983 0.00238698 0.999419
    outer loop
      vertex -0.554169 0.402618 3.26769
      vertex -0.481032 0.487202 3.265
      vertex -0.48436 0.48436 3.26512
    endloop
  endfacet
  facet normal 0.0367554 0 0.999324
    outer loop
      vertex -0.481032 0.487202 3.265
      vertex -0.554169 0.402618 3.26769
      vertex -0.481032 -0.487202 3.265
    endloop
  endfacet
  facet normal 0.0367554 -0 0.999324
    outer loop
      vertex -0.554169 -0.402618 3.26769
      vertex -0.481032 -0.487202 3.265
      vertex -0.554169 0.402618 3.26769
    endloop
  endfacet
  facet normal 0.0339983 -0.00238698 0.999419
    outer loop
      vertex -0.481032 -0.487202 3.265
      vertex -0.554169 -0.402618 3.26769
      vertex -0.48436 -0.48436 3.26512
    endloop
  endfacet
  facet normal 0.0368294 0 0.999322
    outer loop
      vertex -0.610336 0.310974 3.26976
      vertex -0.554169 -0.402618 3.26769
      vertex -0.554169 0.402618 3.26769
    endloop
  endfacet
  facet normal 0.0368294 0 0.999322
    outer loop
      vertex -0.610336 0.310974 3.26976
      vertex -0.610336 -0.310974 3.26976
      vertex -0.554169 -0.402618 3.26769
    endloop
  endfacet
  facet normal 0.0366944 0 0.999327
    outer loop
      vertex -0.651459 0.21167 3.27127
      vertex -0.610336 -0.310974 3.26976
      vertex -0.610336 0.310974 3.26976
    endloop
  endfacet
  facet normal 0.0366944 0 0.999327
    outer loop
      vertex -0.651459 0.21167 3.27127
      vertex -0.651459 -0.21167 3.27127
      vertex -0.610336 -0.310974 3.26976
    endloop
  endfacet
  facet normal 0.0366288 0 0.999329
    outer loop
      vertex -0.676559 0.107147 3.27219
      vertex -0.651459 -0.21167 3.27127
      vertex -0.651459 0.21167 3.27127
    endloop
  endfacet
  facet normal 0.0366288 0 0.999329
    outer loop
      vertex -0.676559 0.107147 3.27219
      vertex -0.676559 -0.107147 3.27219
      vertex -0.651459 -0.21167 3.27127
    endloop
  endfacet
  facet normal 0.0367095 -0 0.999326
    outer loop
      vertex -0.676559 -0.107147 3.27219
      vertex -0.676559 0.107147 3.27219
      vertex -0.684998 0 3.2725
    endloop
  endfacet
  facet normal 0.0367667 -0 0.999324
    outer loop
      vertex -0.481032 0.487202 3.265
      vertex -0.250001 3 3.2565
      vertex -0.481032 0.90365 3.265
    endloop
  endfacet
  facet normal 0.0367676 -9.39903e-08 0.999324
    outer loop
      vertex -0.780001 3 3.276
      vertex -0.481032 0.90365 3.265
      vertex -0.250001 3 3.2565
    endloop
  endfacet
  facet normal 0.0367805 1.75228e-06 0.999323
    outer loop
      vertex -0.481032 0.90365 3.265
      vertex -0.780001 3 3.276
      vertex -0.602478 0.829239 3.26947
    endloop
  endfacet
  facet normal 0.0367695 8.48045e-07 0.999324
    outer loop
      vertex -0.602478 0.829239 3.26947
      vertex -0.780001 3 3.276
      vertex -0.724777 0.724777 3.27397
    endloop
  endfacet
  facet normal 0.0367346 0 0.999325
    outer loop
      vertex -0.724777 0.724777 3.27397
      vertex -0.780001 3 3.276
      vertex -0.780001 0.660124 3.276
    endloop
  endfacet
  facet normal 0.0367667 0 0.999324
    outer loop
      vertex -0.250001 3 3.2565
      vertex -0.481032 0.487202 3.265
      vertex -0.250001 -3 3.2565
    endloop
  endfacet
  facet normal 0.0367667 -0 0.999324
    outer loop
      vertex -0.481032 -0.487202 3.265
      vertex -0.250001 -3 3.2565
      vertex -0.481032 0.487202 3.265
    endloop
  endfacet
  facet normal 0.0367667 -0 0.999324
    outer loop
      vertex -0.481032 -0.90365 3.265
      vertex -0.250001 -3 3.2565
      vertex -0.481032 -0.487202 3.265
    endloop
  endfacet
  facet normal 0.0367805 -1.75228e-06 0.999323
    outer loop
      vertex -0.780001 -3 3.276
      vertex -0.481032 -0.90365 3.265
      vertex -0.602478 -0.829239 3.26947
    endloop
  endfacet
  facet normal 0.0367695 -8.48045e-07 0.999324
    outer loop
      vertex -0.780001 -3 3.276
      vertex -0.602478 -0.829239 3.26947
      vertex -0.724777 -0.724777 3.27397
    endloop
  endfacet
  facet normal 0.0367346 -0 0.999325
    outer loop
      vertex -0.780001 -3 3.276
      vertex -0.724777 -0.724777 3.27397
      vertex -0.780001 -0.660124 3.276
    endloop
  endfacet
  facet normal 0.0367676 9.39903e-08 0.999324
    outer loop
      vertex -0.481032 -0.90365 3.265
      vertex -0.780001 -3 3.276
      vertex -0.250001 -3 3.2565
    endloop
  endfacet
  facet normal -0.0367675 0 -0.999324
    outer loop
      vertex -1.34 -3 2.026
      vertex -0.809999 3 2.0065
      vertex -0.809999 -3 2.0065
    endloop
  endfacet
  facet normal -0.0367675 0 -0.999324
    outer loop
      vertex -0.809999 3 2.0065
      vertex -1.34 -3 2.026
      vertex -1.34 3 2.026
    endloop
  endfacet
  facet normal 0.0333158 -0.423025 0.905506
    outer loop
      vertex -0.990892 -3.24692 3.276
      vertex -0.500001 -3.25 3.2565
      vertex -0.460893 -3.24692 3.2565
    endloop
  endfacet
  facet normal 0.0333158 -0.423025 0.905506
    outer loop
      vertex -0.500001 -3.25 3.2565
      vertex -0.990892 -3.24692 3.276
      vertex -1.03 -3.25 3.276
    endloop
  endfacet
  facet normal 0.0363441 0.151356 0.987811
    outer loop
      vertex -0.460893 3.24692 3.2565
      vertex -0.952745 3.23776 3.276
      vertex -0.422746 3.23776 3.2565
    endloop
  endfacet
  facet normal 0.0363441 0.151356 0.987811
    outer loop
      vertex -0.952745 3.23776 3.276
      vertex -0.460893 3.24692 3.2565
      vertex -0.990892 3.24692 3.276
    endloop
  endfacet
  facet normal -0.0367662 -0.00882293 -0.999285
    outer loop
      vertex -1.32776 -3.07726 2.026
      vertex -0.806916 -3.03911 2.0065
      vertex -0.797761 -3.07726 2.0065
    endloop
  endfacet
  facet normal -0.0367659 -0.00882766 -0.999285
    outer loop
      vertex -0.806916 -3.03911 2.0065
      vertex -1.32776 -3.07726 2.026
      vertex -1.33692 -3.03911 2.026
    endloop
  endfacet
  facet normal 0.0367583 -0.0225198 0.99907
    outer loop
      vertex -0.807253 -3.11349 3.276
      vertex -0.297746 -3.14694 3.2565
      vertex -0.277253 -3.11349 3.2565
    endloop
  endfacet
  facet normal 0.0367583 -0.0225187 0.99907
    outer loop
      vertex -0.297746 -3.14694 3.2565
      vertex -0.807253 -3.11349 3.276
      vertex -0.827745 -3.14694 3.276
    endloop
  endfacet
  facet normal -0.0363438 0.151354 -0.987811
    outer loop
      vertex -0.637254 3.23776 2.0065
      vertex -1.12911 3.24692 2.026
      vertex -0.599107 3.24692 2.0065
    endloop
  endfacet
  facet normal -0.0363444 0.151329 -0.987815
    outer loop
      vertex -1.12911 3.24692 2.026
      vertex -0.637254 3.23776 2.0065
      vertex -1.16725 3.23776 2.026
    endloop
  endfacet
  facet normal -0.0367337 -0.0429895 -0.9984
    outer loop
      vertex -1.23694 -3.20226 2.026
      vertex -0.736772 -3.17677 2.0065
      vertex -0.706941 -3.20226 2.0065
    endloop
  endfacet
  facet normal -0.0367337 -0.0429881 -0.9984
    outer loop
      vertex -0.736772 -3.17677 2.0065
      vertex -1.23694 -3.20226 2.026
      vertex -1.26677 -3.17677 2.026
    endloop
  endfacet
  facet normal -0.0363438 -0.151354 -0.987811
    outer loop
      vertex -1.12911 -3.24692 2.026
      vertex -0.637254 -3.23776 2.0065
      vertex -0.599107 -3.24692 2.0065
    endloop
  endfacet
  facet normal -0.0363444 -0.151329 -0.987815
    outer loop
      vertex -0.637254 -3.23776 2.0065
      vertex -1.12911 -3.24692 2.026
      vertex -1.16725 -3.23776 2.026
    endloop
  endfacet
  facet normal -0.0333157 -0.423023 -0.905506
    outer loop
      vertex -1.09 -3.25 2.026
      vertex -0.599107 -3.24692 2.0065
      vertex -0.559999 -3.25 2.0065
    endloop
  endfacet
  facet normal -0.0333153 -0.42304 -0.905498
    outer loop
      vertex -0.599107 -3.24692 2.0065
      vertex -1.09 -3.25 2.026
      vertex -1.12911 -3.24692 2.026
    endloop
  endfacet
  facet normal -0.0367496 -0.031393 -0.998831
    outer loop
      vertex -1.26677 -3.17677 2.026
      vertex -0.762254 -3.14694 2.0065
      vertex -0.736772 -3.17677 2.0065
    endloop
  endfacet
  facet normal -0.0367497 -0.0313907 -0.998831
    outer loop
      vertex -0.762254 -3.14694 2.0065
      vertex -1.26677 -3.17677 2.026
      vertex -1.29225 -3.14694 2.026
    endloop
  endfacet
  facet normal -0.0367671 -0.00289832 -0.99932
    outer loop
      vertex -1.33692 -3.03911 2.026
      vertex -0.809999 -3 2.0065
      vertex -0.806916 -3.03911 2.0065
    endloop
  endfacet
  facet normal -0.0367674 -0.00289551 -0.99932
    outer loop
      vertex -0.809999 -3 2.0065
      vertex -1.33692 -3.03911 2.026
      vertex -1.34 -3 2.026
    endloop
  endfacet
  facet normal 0.0367661 -0.00882387 0.999285
    outer loop
      vertex -0.783083 -3.03911 3.276
      vertex -0.262239 -3.07726 3.2565
      vertex -0.253083 -3.03911 3.2565
    endloop
  endfacet
  facet normal 0.0367662 -0.00882293 0.999285
    outer loop
      vertex -0.262239 -3.07726 3.2565
      vertex -0.783083 -3.03911 3.276
      vertex -0.792238 -3.07726 3.276
    endloop
  endfacet
  facet normal 0.0367015 -0.05991 0.997529
    outer loop
      vertex -0.883059 -3.20226 3.276
      vertex -0.386506 -3.22275 3.2565
      vertex -0.353059 -3.20226 3.2565
    endloop
  endfacet
  facet normal 0.0367015 -0.05991 0.997529
    outer loop
      vertex -0.386506 -3.22275 3.2565
      vertex -0.883059 -3.20226 3.276
      vertex -0.916506 -3.22275 3.276
    endloop
  endfacet
  facet normal 0.0367336 -0.0429894 0.9984
    outer loop
      vertex -0.853228 -3.17677 3.276
      vertex -0.353059 -3.20226 3.2565
      vertex -0.323228 -3.17677 3.2565
    endloop
  endfacet
  facet normal 0.0367336 -0.0429894 0.9984
    outer loop
      vertex -0.353059 -3.20226 3.2565
      vertex -0.853228 -3.17677 3.276
      vertex -0.883059 -3.20226 3.276
    endloop
  endfacet
  facet normal 0.0367674 -0.0028974 0.99932
    outer loop
      vertex -0.780001 -3 3.276
      vertex -0.253083 -3.03911 3.2565
      vertex -0.250001 -3 3.2565
    endloop
  endfacet
  facet normal 0.0367674 -0.0028974 0.99932
    outer loop
      vertex -0.253083 -3.03911 3.2565
      vertex -0.780001 -3 3.276
      vertex -0.783083 -3.03911 3.276
    endloop
  endfacet
  facet normal -0.0367337 0.0429895 -0.9984
    outer loop
      vertex -0.736772 3.17677 2.0065
      vertex -1.23694 3.20226 2.026
      vertex -0.706941 3.20226 2.0065
    endloop
  endfacet
  facet normal -0.0367337 0.0429881 -0.9984
    outer loop
      vertex -1.23694 3.20226 2.026
      vertex -0.736772 3.17677 2.0065
      vertex -1.26677 3.17677 2.026
    endloop
  endfacet
  facet normal -0.0366238 0.0884218 -0.99541
    outer loop
      vertex -0.673493 3.22275 2.0065
      vertex -1.16725 3.23776 2.026
      vertex -0.637254 3.23776 2.0065
    endloop
  endfacet
  facet normal -0.0366238 0.0884241 -0.995409
    outer loop
      vertex -1.16725 3.23776 2.026
      vertex -0.673493 3.22275 2.0065
      vertex -1.20349 3.22275 2.026
    endloop
  endfacet
  facet normal -0.0367496 0.031393 -0.998831
    outer loop
      vertex -0.762254 3.14694 2.0065
      vertex -1.26677 3.17677 2.026
      vertex -0.736772 3.17677 2.0065
    endloop
  endfacet
  facet normal -0.0367497 0.0313907 -0.998831
    outer loop
      vertex -1.26677 3.17677 2.026
      vertex -0.762254 3.14694 2.0065
      vertex -1.29225 3.14694 2.026
    endloop
  endfacet
  facet normal -0.0367662 0.00882293 -0.999285
    outer loop
      vertex -0.806916 3.03911 2.0065
      vertex -1.32776 3.07726 2.026
      vertex -0.797761 3.07726 2.0065
    endloop
  endfacet
  facet normal -0.0367659 0.00882766 -0.999285
    outer loop
      vertex -1.32776 3.07726 2.026
      vertex -0.806916 3.03911 2.0065
      vertex -1.33692 3.03911 2.026
    endloop
  endfacet
  facet normal -0.036763 0.0152359 -0.999208
    outer loop
      vertex -0.797761 3.07726 2.0065
      vertex -1.31275 3.11349 2.026
      vertex -0.782746 3.11349 2.0065
    endloop
  endfacet
  facet normal -0.0367634 0.015231 -0.999208
    outer loop
      vertex -1.31275 3.11349 2.026
      vertex -0.797761 3.07726 2.0065
      vertex -1.32776 3.07726 2.026
    endloop
  endfacet
  facet normal -0.0367017 -0.0599121 -0.997529
    outer loop
      vertex -1.20349 -3.22275 2.026
      vertex -0.706941 -3.20226 2.0065
      vertex -0.673493 -3.22275 2.0065
    endloop
  endfacet
  facet normal -0.0367016 -0.0599155 -0.997529
    outer loop
      vertex -0.706941 -3.20226 2.0065
      vertex -1.20349 -3.22275 2.026
      vertex -1.23694 -3.20226 2.026
    endloop
  endfacet
  facet normal 0.0367634 -0.015235 0.999208
    outer loop
      vertex -0.792238 -3.07726 3.276
      vertex -0.277253 -3.11349 3.2565
      vertex -0.262239 -3.07726 3.2565
    endloop
  endfacet
  facet normal 0.0367633 -0.015236 0.999208
    outer loop
      vertex -0.277253 -3.11349 3.2565
      vertex -0.792238 -3.07726 3.276
      vertex -0.807253 -3.11349 3.276
    endloop
  endfacet
  facet normal -0.0333157 0.423023 -0.905506
    outer loop
      vertex -0.599107 3.24692 2.0065
      vertex -1.09 3.25 2.026
      vertex -0.559999 3.25 2.0065
    endloop
  endfacet
  facet normal -0.0333153 0.42304 -0.905498
    outer loop
      vertex -1.09 3.25 2.026
      vertex -0.599107 3.24692 2.0065
      vertex -1.12911 3.24692 2.026
    endloop
  endfacet
  facet normal 0.0367634 0.015235 0.999208
    outer loop
      vertex -0.277253 3.11349 3.2565
      vertex -0.792238 3.07726 3.276
      vertex -0.262239 3.07726 3.2565
    endloop
  endfacet
  facet normal 0.0367633 0.015236 0.999208
    outer loop
      vertex -0.792238 3.07726 3.276
      vertex -0.277253 3.11349 3.2565
      vertex -0.807253 3.11349 3.276
    endloop
  endfacet
  facet normal -0.036763 -0.0152359 -0.999208
    outer loop
      vertex -1.31275 -3.11349 2.026
      vertex -0.797761 -3.07726 2.0065
      vertex -0.782746 -3.11349 2.0065
    endloop
  endfacet
  facet normal -0.0367634 -0.015231 -0.999208
    outer loop
      vertex -0.797761 -3.07726 2.0065
      vertex -1.31275 -3.11349 2.026
      vertex -1.32776 -3.07726 2.026
    endloop
  endfacet
  facet normal -0.0367585 -0.0225189 -0.99907
    outer loop
      vertex -1.29225 -3.14694 2.026
      vertex -0.782746 -3.11349 2.0065
      vertex -0.762254 -3.14694 2.0065
    endloop
  endfacet
  facet normal -0.036758 -0.0225273 -0.99907
    outer loop
      vertex -0.782746 -3.11349 2.0065
      vertex -1.29225 -3.14694 2.026
      vertex -1.31275 -3.11349 2.026
    endloop
  endfacet
  facet normal -0.0366238 -0.0884218 -0.99541
    outer loop
      vertex -1.16725 -3.23776 2.026
      vertex -0.673493 -3.22275 2.0065
      vertex -0.637254 -3.23776 2.0065
    endloop
  endfacet
  facet normal -0.0366238 -0.0884241 -0.995409
    outer loop
      vertex -0.673493 -3.22275 2.0065
      vertex -1.16725 -3.23776 2.026
      vertex -1.20349 -3.22275 2.026
    endloop
  endfacet
  facet normal 0.0367583 0.0225198 0.99907
    outer loop
      vertex -0.297746 3.14694 3.2565
      vertex -0.807253 3.11349 3.276
      vertex -0.277253 3.11349 3.2565
    endloop
  endfacet
  facet normal 0.0367583 0.0225187 0.99907
    outer loop
      vertex -0.807253 3.11349 3.276
      vertex -0.297746 3.14694 3.2565
      vertex -0.827745 3.14694 3.276
    endloop
  endfacet
  facet normal 0.0367661 0.00882387 0.999285
    outer loop
      vertex -0.262239 3.07726 3.2565
      vertex -0.783083 3.03911 3.276
      vertex -0.253083 3.03911 3.2565
    endloop
  endfacet
  facet normal 0.0367662 0.00882293 0.999285
    outer loop
      vertex -0.783083 3.03911 3.276
      vertex -0.262239 3.07726 3.2565
      vertex -0.792238 3.07726 3.276
    endloop
  endfacet
  facet normal -0.0367017 0.0599121 -0.997529
    outer loop
      vertex -0.706941 3.20226 2.0065
      vertex -1.20349 3.22275 2.026
      vertex -0.673493 3.22275 2.0065
    endloop
  endfacet
  facet normal -0.0367016 0.0599155 -0.997529
    outer loop
      vertex -1.20349 3.22275 2.026
      vertex -0.706941 3.20226 2.0065
      vertex -1.23694 3.20226 2.026
    endloop
  endfacet
  facet normal -0.0367585 0.0225189 -0.99907
    outer loop
      vertex -0.782746 3.11349 2.0065
      vertex -1.29225 3.14694 2.026
      vertex -0.762254 3.14694 2.0065
    endloop
  endfacet
  facet normal -0.036758 0.0225273 -0.99907
    outer loop
      vertex -1.29225 3.14694 2.026
      vertex -0.782746 3.11349 2.0065
      vertex -1.31275 3.11349 2.026
    endloop
  endfacet
  facet normal 0.0333158 0.423025 0.905506
    outer loop
      vertex -0.500001 3.25 3.2565
      vertex -0.990892 3.24692 3.276
      vertex -0.460893 3.24692 3.2565
    endloop
  endfacet
  facet normal 0.0333158 0.423025 0.905506
    outer loop
      vertex -0.990892 3.24692 3.276
      vertex -0.500001 3.25 3.2565
      vertex -1.03 3.25 3.276
    endloop
  endfacet
  facet normal 0.0366236 0.0884236 0.995409
    outer loop
      vertex -0.422746 3.23776 3.2565
      vertex -0.916506 3.22275 3.276
      vertex -0.386506 3.22275 3.2565
    endloop
  endfacet
  facet normal 0.0366236 0.0884213 0.99541
    outer loop
      vertex -0.916506 3.22275 3.276
      vertex -0.422746 3.23776 3.2565
      vertex -0.952745 3.23776 3.276
    endloop
  endfacet
  facet normal 0.0367674 0.0028974 0.99932
    outer loop
      vertex -0.253083 3.03911 3.2565
      vertex -0.780001 3 3.276
      vertex -0.250001 3 3.2565
    endloop
  endfacet
  facet normal 0.0367674 0.0028974 0.99932
    outer loop
      vertex -0.780001 3 3.276
      vertex -0.253083 3.03911 3.2565
      vertex -0.783083 3.03911 3.276
    endloop
  endfacet
  facet normal 0.0367015 0.05991 0.997529
    outer loop
      vertex -0.386506 3.22275 3.2565
      vertex -0.883059 3.20226 3.276
      vertex -0.353059 3.20226 3.2565
    endloop
  endfacet
  facet normal 0.0367015 0.05991 0.997529
    outer loop
      vertex -0.883059 3.20226 3.276
      vertex -0.386506 3.22275 3.2565
      vertex -0.916506 3.22275 3.276
    endloop
  endfacet
  facet normal 0.0367495 0.0313929 0.998831
    outer loop
      vertex -0.323228 3.17677 3.2565
      vertex -0.827745 3.14694 3.276
      vertex -0.297746 3.14694 3.2565
    endloop
  endfacet
  facet normal 0.0367495 0.0313941 0.998831
    outer loop
      vertex -0.827745 3.14694 3.276
      vertex -0.323228 3.17677 3.2565
      vertex -0.853228 3.17677 3.276
    endloop
  endfacet
  facet normal 0.0367336 0.0429894 0.9984
    outer loop
      vertex -0.353059 3.20226 3.2565
      vertex -0.853228 3.17677 3.276
      vertex -0.323228 3.17677 3.2565
    endloop
  endfacet
  facet normal 0.0367336 0.0429894 0.9984
    outer loop
      vertex -0.853228 3.17677 3.276
      vertex -0.353059 3.20226 3.2565
      vertex -0.883059 3.20226 3.276
    endloop
  endfacet
  facet normal 0.0122575 -0.029299 0.999496
    outer loop
      vertex -0.386506 -3.22275 3.2565
      vertex 0 -3.23776 3.25132
      vertex 0 -3.22275 3.25176
    endloop
  endfacet
  facet normal 0.0122469 -0.0295689 0.999488
    outer loop
      vertex 0 -3.23776 3.25132
      vertex -0.386506 -3.22275 3.2565
      vertex -0.422746 -3.23776 3.2565
    endloop
  endfacet
  facet normal 0.0122572 -0.0103909 0.999871
    outer loop
      vertex -0.297746 -3.14694 3.2565
      vertex 0 -3.17677 3.25254
      vertex 0 -3.14694 3.25285
    endloop
  endfacet
  facet normal 0.0122498 -0.0104643 0.99987
    outer loop
      vertex 0 -3.17677 3.25254
      vertex -0.297746 -3.14694 3.2565
      vertex -0.323228 -3.17677 3.2565
    endloop
  endfacet
  facet normal -0.0122632 0.000966385 -0.999924
    outer loop
      vertex -0.279999 3 2
      vertex -0.806916 3.03911 2.0065
      vertex -0.276917 3.03911 2
    endloop
  endfacet
  facet normal -0.0122632 0.000966697 -0.999924
    outer loop
      vertex -0.806916 3.03911 2.0065
      vertex -0.279999 3 2
      vertex -0.809999 3 2.0065
    endloop
  endfacet
  facet normal 0.0122362 -0.0512388 0.998611
    outer loop
      vertex -0.422746 -3.23776 3.2565
      vertex 0 -3.24692 3.25085
      vertex 0 -3.23776 3.25132
    endloop
  endfacet
  facet normal 0.0122419 -0.0509818 0.998625
    outer loop
      vertex 0 -3.24692 3.25085
      vertex -0.422746 -3.23776 3.2565
      vertex -0.460893 -3.24692 3.2565
    endloop
  endfacet
  facet normal 0.012279 0 0.999925
    outer loop
      vertex -0.250001 3 3.2565
      vertex 0 -3 3.25343
      vertex 0 3 3.25343
    endloop
  endfacet
  facet normal 0.012279 0 0.999925
    outer loop
      vertex 0 -3 3.25343
      vertex -0.250001 3 3.2565
      vertex -0.250001 -3 3.2565
    endloop
  endfacet
  facet normal -0.0122632 0 -0.999925
    outer loop
      vertex -0.809999 -3 2.0065
      vertex -0.279999 3 2
      vertex -0.279999 -3 2
    endloop
  endfacet
  facet normal -0.0122632 0 -0.999925
    outer loop
      vertex -0.279999 3 2
      vertex -0.809999 -3 2.0065
      vertex -0.809999 3 2.0065
    endloop
  endfacet
  facet normal 0.0121117 -0.153974 0.988001
    outer loop
      vertex -0.460893 -3.24692 3.2565
      vertex 0 -3.25 3.25037
      vertex 0 -3.24692 3.25085
    endloop
  endfacet
  facet normal 0.0121132 -0.153806 0.988027
    outer loop
      vertex 0 -3.25 3.25037
      vertex -0.460893 -3.24692 3.2565
      vertex -0.500001 -3.25 3.2565
    endloop
  endfacet
  facet normal 0.0122362 0.0512388 0.998611
    outer loop
      vertex 0 3.24692 3.25085
      vertex -0.422746 3.23776 3.2565
      vertex 0 3.23776 3.25132
    endloop
  endfacet
  facet normal 0.0122419 0.0509818 0.998625
    outer loop
      vertex -0.422746 3.23776 3.2565
      vertex 0 3.24692 3.25085
      vertex -0.460893 3.24692 3.2565
    endloop
  endfacet
  facet normal -0.0122632 -0.00294316 -0.99992
    outer loop
      vertex -0.797761 -3.07726 2.0065
      vertex -0.276917 -3.03911 2
      vertex -0.267761 -3.07726 2
    endloop
  endfacet
  facet normal -0.0122632 -0.00294285 -0.99992
    outer loop
      vertex -0.276917 -3.03911 2
      vertex -0.797761 -3.07726 2.0065
      vertex -0.806916 -3.03911 2.0065
    endloop
  endfacet
  facet normal 0.0122619 -0.00747307 0.999897
    outer loop
      vertex -0.277253 -3.11349 3.2565
      vertex 0 -3.14694 3.25285
      vertex 0 -3.11349 3.2531
    endloop
  endfacet
  facet normal 0.0122575 -0.00750951 0.999897
    outer loop
      vertex 0 -3.14694 3.25285
      vertex -0.277253 -3.11349 3.2565
      vertex -0.297746 -3.14694 3.2565
    endloop
  endfacet
  facet normal -0.0122473 0.0510039 -0.998623
    outer loop
      vertex -0.107254 3.23776 2
      vertex -0.599107 3.24692 2.0065
      vertex -0.0691071 3.24692 2
    endloop
  endfacet
  facet normal -0.0122473 0.051004 -0.998623
    outer loop
      vertex -0.599107 3.24692 2.0065
      vertex -0.107254 3.23776 2
      vertex -0.637254 3.23776 2.0065
    endloop
  endfacet
  facet normal -0.012262 -0.0143502 -0.999822
    outer loop
      vertex -0.706941 -3.20226 2.0065
      vertex -0.206772 -3.17677 2
      vertex -0.176941 -3.20226 2
    endloop
  endfacet
  facet normal -0.012262 -0.0143502 -0.999822
    outer loop
      vertex -0.206772 -3.17677 2
      vertex -0.706941 -3.20226 2.0065
      vertex -0.736772 -3.17677 2.0065
    endloop
  endfacet
  facet normal -0.0122473 -0.0510039 -0.998623
    outer loop
      vertex -0.599107 -3.24692 2.0065
      vertex -0.107254 -3.23776 2
      vertex -0.0691071 -3.24692 2
    endloop
  endfacet
  facet normal -0.0122473 -0.051004 -0.998623
    outer loop
      vertex -0.107254 -3.23776 2
      vertex -0.599107 -3.24692 2.0065
      vertex -0.637254 -3.23776 2.0065
    endloop
  endfacet
  facet normal -0.0121172 -0.153858 -0.988019
    outer loop
      vertex -0.559999 -3.25 2.0065
      vertex -0.0691071 -3.24692 2
      vertex -0.0299988 -3.25 2
    endloop
  endfacet
  facet normal -0.0121172 -0.153857 -0.988019
    outer loop
      vertex -0.0691071 -3.24692 2
      vertex -0.559999 -3.25 2.0065
      vertex -0.599107 -3.24692 2.0065
    endloop
  endfacet
  facet normal -0.0122626 -0.0104752 -0.99987
    outer loop
      vertex -0.736772 -3.17677 2.0065
      vertex -0.232254 -3.14694 2
      vertex -0.206772 -3.17677 2
    endloop
  endfacet
  facet normal -0.0122626 -0.0104752 -0.99987
    outer loop
      vertex -0.232254 -3.14694 2
      vertex -0.736772 -3.17677 2.0065
      vertex -0.762254 -3.14694 2.0065
    endloop
  endfacet
  facet normal 0 0 -1
    outer loop
      vertex 0.0299988 -3.25 2
      vertex 0.279999 -3 2
      vertex 0.276917 -3.03911 2
    endloop
  endfacet
  facet normal 0 0 -1
    outer loop
      vertex 0.279999 -3 2
      vertex -0.279999 -3 2
      vertex 0.279999 3 2
    endloop
  endfacet
  facet normal 0 0 -1
    outer loop
      vertex 0.0299988 -3.25 2
      vertex 0.276917 -3.03911 2
      vertex 0.267761 -3.07726 2
    endloop
  endfacet
  facet normal 0 0 -1
    outer loop
      vertex -0.279999 3 2
      vertex 0.279999 3 2
      vertex -0.279999 -3 2
    endloop
  endfacet
  facet normal 0 0 -1
    outer loop
      vertex 0.0299988 -3.25 2
      vertex 0.267761 -3.07726 2
      vertex 0.252747 -3.11349 2
    endloop
  endfacet
  facet normal 0 -0 -1
    outer loop
      vertex 0.0299988 3.25 2
      vertex 0.279999 3 2
      vertex -0.279999 3 2
    endloop
  endfacet
  facet normal 0 0 -1
    outer loop
      vertex 0.0299988 -3.25 2
      vertex 0.252747 -3.11349 2
      vertex 0.232254 -3.14694 2
    endloop
  endfacet
  facet normal 0 0 -1
    outer loop
      vertex 0.279999 3 2
      vertex 0.0299988 3.25 2
      vertex 0.276917 3.03911 2
    endloop
  endfacet
  facet normal 0 0 -1
    outer loop
      vertex 0.0299988 -3.25 2
      vertex 0.232254 -3.14694 2
      vertex 0.206772 -3.17677 2
    endloop
  endfacet
  facet normal 0 0 -1
    outer loop
      vertex 0.276917 3.03911 2
      vertex 0.0299988 3.25 2
      vertex 0.267761 3.07726 2
    endloop
  endfacet
  facet normal 0 0 -1
    outer loop
      vertex 0.0299988 -3.25 2
      vertex 0.206772 -3.17677 2
      vertex 0.176941 -3.20226 2
    endloop
  endfacet
  facet normal 0 0 -1
    outer loop
      vertex 0.267761 3.07726 2
      vertex 0.0299988 3.25 2
      vertex 0.252747 3.11349 2
    endloop
  endfacet
  facet normal 0 0 -1
    outer loop
      vertex 0.0299988 -3.25 2
      vertex 0.176941 -3.20226 2
      vertex 0.143494 -3.22275 2
    endloop
  endfacet
  facet normal 0 0 -1
    outer loop
      vertex 0.252747 3.11349 2
      vertex 0.0299988 3.25 2
      vertex 0.232254 3.14694 2
    endloop
  endfacet
  facet normal 0 0 -1
    outer loop
      vertex 0.0299988 -3.25 2
      vertex 0.143494 -3.22275 2
      vertex 0.107254 -3.23776 2
    endloop
  endfacet
  facet normal 0 0 -1
    outer loop
      vertex 0.232254 3.14694 2
      vertex 0.0299988 3.25 2
      vertex 0.206772 3.17677 2
    endloop
  endfacet
  facet normal 0 0 -1
    outer loop
      vertex 0.0299988 -3.25 2
      vertex 0.107254 -3.23776 2
      vertex 0.0691071 -3.24692 2
    endloop
  endfacet
  facet normal 0 0 -1
    outer loop
      vertex 0.206772 3.17677 2
      vertex 0.0299988 3.25 2
      vertex 0.176941 3.20226 2
    endloop
  endfacet
  facet normal -0 0 -1
    outer loop
      vertex 0.279999 -3 2
      vertex 0.0299988 -3.25 2
      vertex -0.279999 -3 2
    endloop
  endfacet
  facet normal 0 0 -1
    outer loop
      vertex 0.176941 3.20226 2
      vertex 0.0299988 3.25 2
      vertex 0.143494 3.22275 2
    endloop
  endfacet
  facet normal 0 0 -1
    outer loop
      vertex -0.279999 -3 2
      vertex 0.0299988 -3.25 2
      vertex -0.0299988 -3.25 2
    endloop
  endfacet
  facet normal 0 0 -1
    outer loop
      vertex 0.143494 3.22275 2
      vertex 0.0299988 3.25 2
      vertex 0.107254 3.23776 2
    endloop
  endfacet
  facet normal 0 0 -1
    outer loop
      vertex -0.279999 -3 2
      vertex -0.0299988 -3.25 2
      vertex -0.0691071 -3.24692 2
    endloop
  endfacet
  facet normal 0 0 -1
    outer loop
      vertex 0.107254 3.23776 2
      vertex 0.0299988 3.25 2
      vertex 0.0691071 3.24692 2
    endloop
  endfacet
  facet normal 0 0 -1
    outer loop
      vertex -0.279999 -3 2
      vertex -0.0691071 -3.24692 2
      vertex -0.107254 -3.23776 2
    endloop
  endfacet
  facet normal -0 0 -1
    outer loop
      vertex 0.0299988 3.25 2
      vertex -0.279999 3 2
      vertex -0.0299988 3.25 2
    endloop
  endfacet
  facet normal 0 0 -1
    outer loop
      vertex -0.279999 -3 2
      vertex -0.107254 -3.23776 2
      vertex -0.143494 -3.22275 2
    endloop
  endfacet
  facet normal 0 0 -1
    outer loop
      vertex -0.0299988 3.25 2
      vertex -0.279999 3 2
      vertex -0.0691071 3.24692 2
    endloop
  endfacet
  facet normal 0 0 -1
    outer loop
      vertex -0.279999 -3 2
      vertex -0.143494 -3.22275 2
      vertex -0.176941 -3.20226 2
    endloop
  endfacet
  facet normal 0 0 -1
    outer loop
      vertex -0.0691071 3.24692 2
      vertex -0.279999 3 2
      vertex -0.107254 3.23776 2
    endloop
  endfacet
  facet normal 0 0 -1
    outer loop
      vertex -0.279999 -3 2
      vertex -0.176941 -3.20226 2
      vertex -0.206772 -3.17677 2
    endloop
  endfacet
  facet normal 0 0 -1
    outer loop
      vertex -0.107254 3.23776 2
      vertex -0.279999 3 2
      vertex -0.143494 3.22275 2
    endloop
  endfacet
  facet normal 0 0 -1
    outer loop
      vertex -0.279999 -3 2
      vertex -0.206772 -3.17677 2
      vertex -0.232254 -3.14694 2
    endloop
  endfacet
  facet normal 0 0 -1
    outer loop
      vertex -0.143494 3.22275 2
      vertex -0.279999 3 2
      vertex -0.176941 3.20226 2
    endloop
  endfacet
  facet normal 0 0 -1
    outer loop
      vertex -0.279999 -3 2
      vertex -0.232254 -3.14694 2
      vertex -0.252747 -3.11349 2
    endloop
  endfacet
  facet normal 0 0 -1
    outer loop
      vertex -0.176941 3.20226 2
      vertex -0.279999 3 2
      vertex -0.206772 3.17677 2
    endloop
  endfacet
  facet normal 0 0 -1
    outer loop
      vertex -0.279999 -3 2
      vertex -0.252747 -3.11349 2
      vertex -0.267761 -3.07726 2
    endloop
  endfacet
  facet normal 0 0 -1
    outer loop
      vertex -0.206772 3.17677 2
      vertex -0.279999 3 2
      vertex -0.232254 3.14694 2
    endloop
  endfacet
  facet normal 0 0 -1
    outer loop
      vertex -0.279999 -3 2
      vertex -0.267761 -3.07726 2
      vertex -0.276917 -3.03911 2
    endloop
  endfacet
  facet normal 0 0 -1
    outer loop
      vertex -0.232254 3.14694 2
      vertex -0.279999 3 2
      vertex -0.252747 3.11349 2
    endloop
  endfacet
  facet normal 0 0 -1
    outer loop
      vertex -0.252747 3.11349 2
      vertex -0.279999 3 2
      vertex -0.267761 3.07726 2
    endloop
  endfacet
  facet normal 0 0 -1
    outer loop
      vertex -0.267761 3.07726 2
      vertex -0.279999 3 2
      vertex -0.276917 3.03911 2
    endloop
  endfacet
  facet normal 0.012248 -0.00314523 0.99992
    outer loop
      vertex -0.253083 -3.03911 3.2565
      vertex 0 -3.07726 3.25328
      vertex 0 -3.03911 3.2534
    endloop
  endfacet
  facet normal 0.0122779 -0.0029467 0.99992
    outer loop
      vertex 0 -3.07726 3.25328
      vertex -0.253083 -3.03911 3.2565
      vertex -0.262239 -3.07726 3.2565
    endloop
  endfacet
  facet normal 0.0122609 -0.0200043 0.999725
    outer loop
      vertex -0.353059 -3.20226 3.2565
      vertex 0 -3.22275 3.25176
      vertex 0 -3.20226 3.25217
    endloop
  endfacet
  facet normal 0.0122603 -0.0200133 0.999725
    outer loop
      vertex 0 -3.22275 3.25176
      vertex -0.353059 -3.20226 3.2565
      vertex -0.386506 -3.22275 3.2565
    endloop
  endfacet
  facet normal 0.0122492 -0.0145129 0.99982
    outer loop
      vertex -0.323228 -3.17677 3.2565
      vertex 0 -3.20226 3.25217
      vertex 0 -3.17677 3.25254
    endloop
  endfacet
  facet normal 0.0122621 -0.0143503 0.999822
    outer loop
      vertex 0 -3.20226 3.25217
      vertex -0.323228 -3.17677 3.2565
      vertex -0.353059 -3.20226 3.2565
    endloop
  endfacet
  facet normal -0.012262 0.0143502 -0.999822
    outer loop
      vertex -0.206772 3.17677 2
      vertex -0.706941 3.20226 2.0065
      vertex -0.176941 3.20226 2
    endloop
  endfacet
  facet normal -0.012262 0.0143502 -0.999822
    outer loop
      vertex -0.706941 3.20226 2.0065
      vertex -0.206772 3.17677 2
      vertex -0.736772 3.17677 2.0065
    endloop
  endfacet
  facet normal -0.0122579 0.0295953 -0.999487
    outer loop
      vertex -0.143494 3.22275 2
      vertex -0.637254 3.23776 2.0065
      vertex -0.107254 3.23776 2
    endloop
  endfacet
  facet normal -0.0122579 0.0295945 -0.999487
    outer loop
      vertex -0.637254 3.23776 2.0065
      vertex -0.143494 3.22275 2
      vertex -0.673493 3.22275 2.0065
    endloop
  endfacet
  facet normal -0.0122626 0.0104752 -0.99987
    outer loop
      vertex -0.232254 3.14694 2
      vertex -0.736772 3.17677 2.0065
      vertex -0.206772 3.17677 2
    endloop
  endfacet
  facet normal -0.0122626 0.0104752 -0.99987
    outer loop
      vertex -0.736772 3.17677 2.0065
      vertex -0.232254 3.14694 2
      vertex -0.762254 3.14694 2.0065
    endloop
  endfacet
  facet normal -0.0122632 0.00294316 -0.99992
    outer loop
      vertex -0.276917 3.03911 2
      vertex -0.797761 3.07726 2.0065
      vertex -0.267761 3.07726 2
    endloop
  endfacet
  facet normal -0.0122632 0.00294285 -0.99992
    outer loop
      vertex -0.797761 3.07726 2.0065
      vertex -0.276917 3.03911 2
      vertex -0.806916 3.03911 2.0065
    endloop
  endfacet
  facet normal -0.0122631 0.00508192 -0.999912
    outer loop
      vertex -0.267761 3.07726 2
      vertex -0.782746 3.11349 2.0065
      vertex -0.252747 3.11349 2
    endloop
  endfacet
  facet normal -0.0122631 0.00508225 -0.999912
    outer loop
      vertex -0.782746 3.11349 2.0065
      vertex -0.267761 3.07726 2
      vertex -0.797761 3.07726 2.0065
    endloop
  endfacet
  facet normal -0.0122608 -0.020014 -0.999725
    outer loop
      vertex -0.673493 -3.22275 2.0065
      vertex -0.176941 -3.20226 2
      vertex -0.143494 -3.22275 2
    endloop
  endfacet
  facet normal -0.0122608 -0.0200146 -0.999725
    outer loop
      vertex -0.176941 -3.20226 2
      vertex -0.673493 -3.22275 2.0065
      vertex -0.706941 -3.20226 2.0065
    endloop
  endfacet
  facet normal 0.0122778 -0.00496782 0.999912
    outer loop
      vertex -0.262239 -3.07726 3.2565
      vertex 0 -3.11349 3.2531
      vertex 0 -3.07726 3.25328
    endloop
  endfacet
  facet normal 0.0122621 -0.00508151 0.999912
    outer loop
      vertex 0 -3.11349 3.2531
      vertex -0.262239 -3.07726 3.2565
      vertex -0.277253 -3.11349 3.2565
    endloop
  endfacet
  facet normal 0.012279 -0.000767009 0.999924
    outer loop
      vertex -0.250001 -3 3.2565
      vertex 0 -3.03911 3.2534
      vertex 0 -3 3.25343
    endloop
  endfacet
  facet normal 0.012248 -0.000965185 0.999925
    outer loop
      vertex 0 -3.03911 3.2534
      vertex -0.250001 -3 3.2565
      vertex -0.253083 -3.03911 3.2565
    endloop
  endfacet
  facet normal 0.0122492 0.0145129 0.99982
    outer loop
      vertex 0 3.20226 3.25217
      vertex -0.323228 3.17677 3.2565
      vertex 0 3.17677 3.25254
    endloop
  endfacet
  facet normal 0.0122621 0.0143503 0.999822
    outer loop
      vertex -0.323228 3.17677 3.2565
      vertex 0 3.20226 3.25217
      vertex -0.353059 3.20226 3.2565
    endloop
  endfacet
  facet normal -0.0121172 0.153858 -0.988019
    outer loop
      vertex -0.0691071 3.24692 2
      vertex -0.559999 3.25 2.0065
      vertex -0.0299988 3.25 2
    endloop
  endfacet
  facet normal -0.0121172 0.153857 -0.988019
    outer loop
      vertex -0.559999 3.25 2.0065
      vertex -0.0691071 3.24692 2
      vertex -0.599107 3.24692 2.0065
    endloop
  endfacet
  facet normal 0.0122778 0.00496782 0.999912
    outer loop
      vertex 0 3.11349 3.2531
      vertex -0.262239 3.07726 3.2565
      vertex 0 3.07726 3.25328
    endloop
  endfacet
  facet normal 0.0122621 0.00508151 0.999912
    outer loop
      vertex -0.262239 3.07726 3.2565
      vertex 0 3.11349 3.2531
      vertex -0.277253 3.11349 3.2565
    endloop
  endfacet
  facet normal -0.0122632 -0.000966385 -0.999924
    outer loop
      vertex -0.806916 -3.03911 2.0065
      vertex -0.279999 -3 2
      vertex -0.276917 -3.03911 2
    endloop
  endfacet
  facet normal -0.0122632 -0.000966697 -0.999924
    outer loop
      vertex -0.279999 -3 2
      vertex -0.806916 -3.03911 2.0065
      vertex -0.809999 -3 2.0065
    endloop
  endfacet
  facet normal -0.0122631 -0.00508192 -0.999912
    outer loop
      vertex -0.782746 -3.11349 2.0065
      vertex -0.267761 -3.07726 2
      vertex -0.252747 -3.11349 2
    endloop
  endfacet
  facet normal -0.0122631 -0.00508225 -0.999912
    outer loop
      vertex -0.267761 -3.07726 2
      vertex -0.782746 -3.11349 2.0065
      vertex -0.797761 -3.07726 2.0065
    endloop
  endfacet
  facet normal -0.0122629 -0.0075128 -0.999897
    outer loop
      vertex -0.762254 -3.14694 2.0065
      vertex -0.252747 -3.11349 2
      vertex -0.232254 -3.14694 2
    endloop
  endfacet
  facet normal -0.0122629 -0.00751245 -0.999897
    outer loop
      vertex -0.252747 -3.11349 2
      vertex -0.762254 -3.14694 2.0065
      vertex -0.782746 -3.11349 2.0065
    endloop
  endfacet
  facet normal -0.0122579 -0.0295953 -0.999487
    outer loop
      vertex -0.637254 -3.23776 2.0065
      vertex -0.143494 -3.22275 2
      vertex -0.107254 -3.23776 2
    endloop
  endfacet
  facet normal -0.0122579 -0.0295945 -0.999487
    outer loop
      vertex -0.143494 -3.22275 2
      vertex -0.637254 -3.23776 2.0065
      vertex -0.673493 -3.22275 2.0065
    endloop
  endfacet
  facet normal 0.0122619 0.00747307 0.999897
    outer loop
      vertex 0 3.14694 3.25285
      vertex -0.277253 3.11349 3.2565
      vertex 0 3.11349 3.2531
    endloop
  endfacet
  facet normal 0.0122575 0.00750951 0.999897
    outer loop
      vertex -0.277253 3.11349 3.2565
      vertex 0 3.14694 3.25285
      vertex -0.297746 3.14694 3.2565
    endloop
  endfacet
  facet normal 0.012248 0.00314523 0.99992
    outer loop
      vertex 0 3.07726 3.25328
      vertex -0.253083 3.03911 3.2565
      vertex 0 3.03911 3.2534
    endloop
  endfacet
  facet normal 0.0122779 0.0029467 0.99992
    outer loop
      vertex -0.253083 3.03911 3.2565
      vertex 0 3.07726 3.25328
      vertex -0.262239 3.07726 3.2565
    endloop
  endfacet
  facet normal -0.0122608 0.020014 -0.999725
    outer loop
      vertex -0.176941 3.20226 2
      vertex -0.673493 3.22275 2.0065
      vertex -0.143494 3.22275 2
    endloop
  endfacet
  facet normal -0.0122608 0.0200146 -0.999725
    outer loop
      vertex -0.673493 3.22275 2.0065
      vertex -0.176941 3.20226 2
      vertex -0.706941 3.20226 2.0065
    endloop
  endfacet
  facet normal -0.0122629 0.0075128 -0.999897
    outer loop
      vertex -0.252747 3.11349 2
      vertex -0.762254 3.14694 2.0065
      vertex -0.232254 3.14694 2
    endloop
  endfacet
  facet normal -0.0122629 0.00751245 -0.999897
    outer loop
      vertex -0.762254 3.14694 2.0065
      vertex -0.252747 3.11349 2
      vertex -0.782746 3.11349 2.0065
    endloop
  endfacet
  facet normal 0.0121117 0.153974 0.988001
    outer loop
      vertex 0 3.25 3.25037
      vertex -0.460893 3.24692 3.2565
      vertex 0 3.24692 3.25085
    endloop
  endfacet
  facet normal 0.0121132 0.153806 0.988027
    outer loop
      vertex -0.460893 3.24692 3.2565
      vertex 0 3.25 3.25037
      vertex -0.500001 3.25 3.2565
    endloop
  endfacet
  facet normal 0.0122575 0.029299 0.999496
    outer loop
      vertex 0 3.23776 3.25132
      vertex -0.386506 3.22275 3.2565
      vertex 0 3.22275 3.25176
    endloop
  endfacet
  facet normal 0.0122469 0.0295689 0.999488
    outer loop
      vertex -0.386506 3.22275 3.2565
      vertex 0 3.23776 3.25132
      vertex -0.422746 3.23776 3.2565
    endloop
  endfacet
  facet normal 0.012279 0.000767009 0.999924
    outer loop
      vertex 0 3.03911 3.2534
      vertex -0.250001 3 3.2565
      vertex 0 3 3.25343
    endloop
  endfacet
  facet normal 0.012248 0.000965185 0.999925
    outer loop
      vertex -0.250001 3 3.2565
      vertex 0 3.03911 3.2534
      vertex -0.253083 3.03911 3.2565
    endloop
  endfacet
  facet normal 0.0122609 0.0200043 0.999725
    outer loop
      vertex 0 3.22275 3.25176
      vertex -0.353059 3.20226 3.2565
      vertex 0 3.20226 3.25217
    endloop
  endfacet
  facet normal 0.0122603 0.0200133 0.999725
    outer loop
      vertex -0.353059 3.20226 3.2565
      vertex 0 3.22275 3.25176
      vertex -0.386506 3.22275 3.2565
    endloop
  endfacet
  facet normal 0.0122572 0.0103909 0.999871
    outer loop
      vertex 0 3.17677 3.25254
      vertex -0.297746 3.14694 3.2565
      vertex 0 3.14694 3.25285
    endloop
  endfacet
  facet normal 0.0122498 0.0104643 0.99987
    outer loop
      vertex -0.297746 3.14694 3.2565
      vertex 0 3.17677 3.25254
      vertex -0.323228 3.17677 3.2565
    endloop
  endfacet
  facet normal 0.0122579 -0.0295945 -0.999487
    outer loop
      vertex 0.637254 -3.23776 2.0065
      vertex 0.143494 -3.22275 2
      vertex 0.673493 -3.22275 2.0065
    endloop
  endfacet
  facet normal 0.0122579 -0.0295953 -0.999487
    outer loop
      vertex 0.143494 -3.22275 2
      vertex 0.637254 -3.23776 2.0065
      vertex 0.107254 -3.23776 2
    endloop
  endfacet
  facet normal 0.0122473 -0.051004 -0.998623
    outer loop
      vertex 0.599107 -3.24692 2.0065
      vertex 0.107254 -3.23776 2
      vertex 0.637254 -3.23776 2.0065
    endloop
  endfacet
  facet normal 0.0122473 -0.0510039 -0.998623
    outer loop
      vertex 0.107254 -3.23776 2
      vertex 0.599107 -3.24692 2.0065
      vertex 0.0691071 -3.24692 2
    endloop
  endfacet
  facet normal -0.0122619 -0.00747307 0.999897
    outer loop
      vertex 0 -3.14694 3.25285
      vertex 0.277253 -3.11349 3.2565
      vertex 0 -3.11349 3.2531
    endloop
  endfacet
  facet normal -0.0122575 -0.00750951 0.999897
    outer loop
      vertex 0.277253 -3.11349 3.2565
      vertex 0 -3.14694 3.25285
      vertex 0.297746 -3.14694 3.2565
    endloop
  endfacet
  facet normal -0.0122575 0.00750951 0.999897
    outer loop
      vertex 0 3.14694 3.25285
      vertex 0.277253 3.11349 3.2565
      vertex 0.297746 3.14694 3.2565
    endloop
  endfacet
  facet normal -0.0122619 0.00747307 0.999897
    outer loop
      vertex 0.277253 3.11349 3.2565
      vertex 0 3.14694 3.25285
      vertex 0 3.11349 3.2531
    endloop
  endfacet
  facet normal -0.012279 -0.000767009 0.999924
    outer loop
      vertex 0 -3.03911 3.2534
      vertex 0.250001 -3 3.2565
      vertex 0 -3 3.25343
    endloop
  endfacet
  facet normal -0.012248 -0.000965185 0.999925
    outer loop
      vertex 0.250001 -3 3.2565
      vertex 0 -3.03911 3.2534
      vertex 0.253083 -3.03911 3.2565
    endloop
  endfacet
  facet normal -0.012279 0 0.999925
    outer loop
      vertex 0 3 3.25343
      vertex 0.250001 -3 3.2565
      vertex 0.250001 3 3.2565
    endloop
  endfacet
  facet normal -0.012279 0 0.999925
    outer loop
      vertex 0.250001 -3 3.2565
      vertex 0 3 3.25343
      vertex 0 -3 3.25343
    endloop
  endfacet
  facet normal -0.0122778 -0.00496782 0.999912
    outer loop
      vertex 0 -3.11349 3.2531
      vertex 0.262239 -3.07726 3.2565
      vertex 0 -3.07726 3.25328
    endloop
  endfacet
  facet normal -0.0122621 -0.00508151 0.999912
    outer loop
      vertex 0.262239 -3.07726 3.2565
      vertex 0 -3.11349 3.2531
      vertex 0.277253 -3.11349 3.2565
    endloop
  endfacet
  facet normal 0.0122632 0 -0.999925
    outer loop
      vertex 0.279999 -3 2
      vertex 0.809999 3 2.0065
      vertex 0.809999 -3 2.0065
    endloop
  endfacet
  facet normal 0.0122632 0 -0.999925
    outer loop
      vertex 0.809999 3 2.0065
      vertex 0.279999 -3 2
      vertex 0.279999 3 2
    endloop
  endfacet
  facet normal 0.0121172 -0.153857 -0.988019
    outer loop
      vertex 0.559999 -3.25 2.0065
      vertex 0.0691071 -3.24692 2
      vertex 0.599107 -3.24692 2.0065
    endloop
  endfacet
  facet normal 0.0121172 -0.153858 -0.988019
    outer loop
      vertex 0.0691071 -3.24692 2
      vertex 0.559999 -3.25 2.0065
      vertex 0.0299988 -3.25 2
    endloop
  endfacet
  facet normal -0.0122469 0.0295689 0.999488
    outer loop
      vertex 0 3.23776 3.25132
      vertex 0.386506 3.22275 3.2565
      vertex 0.422746 3.23776 3.2565
    endloop
  endfacet
  facet normal -0.0122575 0.029299 0.999496
    outer loop
      vertex 0.386506 3.22275 3.2565
      vertex 0 3.23776 3.25132
      vertex 0 3.22275 3.25176
    endloop
  endfacet
  facet normal -0.0122621 0.00508151 0.999912
    outer loop
      vertex 0 3.11349 3.2531
      vertex 0.262239 3.07726 3.2565
      vertex 0.277253 3.11349 3.2565
    endloop
  endfacet
  facet normal -0.0122778 0.00496782 0.999912
    outer loop
      vertex 0.262239 3.07726 3.2565
      vertex 0 3.11349 3.2531
      vertex 0 3.07726 3.25328
    endloop
  endfacet
  facet normal -0.012248 -0.00314523 0.99992
    outer loop
      vertex 0 -3.07726 3.25328
      vertex 0.253083 -3.03911 3.2565
      vertex 0 -3.03911 3.2534
    endloop
  endfacet
  facet normal -0.0122779 -0.0029467 0.99992
    outer loop
      vertex 0.253083 -3.03911 3.2565
      vertex 0 -3.07726 3.25328
      vertex 0.262239 -3.07726 3.2565
    endloop
  endfacet
  facet normal -0.0122609 -0.0200043 0.999725
    outer loop
      vertex 0 -3.22275 3.25176
      vertex 0.353059 -3.20226 3.2565
      vertex 0 -3.20226 3.25217
    endloop
  endfacet
  facet normal -0.0122603 -0.0200133 0.999725
    outer loop
      vertex 0.353059 -3.20226 3.2565
      vertex 0 -3.22275 3.25176
      vertex 0.386506 -3.22275 3.2565
    endloop
  endfacet
  facet normal 0.0122632 -0.00294285 -0.99992
    outer loop
      vertex 0.797761 -3.07726 2.0065
      vertex 0.276917 -3.03911 2
      vertex 0.806916 -3.03911 2.0065
    endloop
  endfacet
  facet normal 0.0122632 -0.00294316 -0.99992
    outer loop
      vertex 0.276917 -3.03911 2
      vertex 0.797761 -3.07726 2.0065
      vertex 0.267761 -3.07726 2
    endloop
  endfacet
  facet normal -0.0122362 -0.0512388 0.998611
    outer loop
      vertex 0 -3.24692 3.25085
      vertex 0.422746 -3.23776 3.2565
      vertex 0 -3.23776 3.25132
    endloop
  endfacet
  facet normal -0.0122419 -0.0509818 0.998625
    outer loop
      vertex 0.422746 -3.23776 3.2565
      vertex 0 -3.24692 3.25085
      vertex 0.460893 -3.24692 3.2565
    endloop
  endfacet
  facet normal 0.0121172 0.153857 -0.988019
    outer loop
      vertex 0.0691071 3.24692 2
      vertex 0.559999 3.25 2.0065
      vertex 0.599107 3.24692 2.0065
    endloop
  endfacet
  facet normal 0.0121172 0.153858 -0.988019
    outer loop
      vertex 0.559999 3.25 2.0065
      vertex 0.0691071 3.24692 2
      vertex 0.0299988 3.25 2
    endloop
  endfacet
  facet normal -0.0122572 -0.0103909 0.999871
    outer loop
      vertex 0 -3.17677 3.25254
      vertex 0.297746 -3.14694 3.2565
      vertex 0 -3.14694 3.25285
    endloop
  endfacet
  facet normal -0.0122498 -0.0104643 0.99987
    outer loop
      vertex 0.297746 -3.14694 3.2565
      vertex 0 -3.17677 3.25254
      vertex 0.323228 -3.17677 3.2565
    endloop
  endfacet
  facet normal -0.0122575 -0.029299 0.999496
    outer loop
      vertex 0 -3.23776 3.25132
      vertex 0.386506 -3.22275 3.2565
      vertex 0 -3.22275 3.25176
    endloop
  endfacet
  facet normal -0.0122469 -0.0295689 0.999488
    outer loop
      vertex 0.386506 -3.22275 3.2565
      vertex 0 -3.23776 3.25132
      vertex 0.422746 -3.23776 3.2565
    endloop
  endfacet
  facet normal -0.0122492 -0.0145129 0.99982
    outer loop
      vertex 0 -3.20226 3.25217
      vertex 0.323228 -3.17677 3.2565
      vertex 0 -3.17677 3.25254
    endloop
  endfacet
  facet normal -0.0122621 -0.0143503 0.999822
    outer loop
      vertex 0.323228 -3.17677 3.2565
      vertex 0 -3.20226 3.25217
      vertex 0.353059 -3.20226 3.2565
    endloop
  endfacet
  facet normal 0.0122626 -0.0104752 -0.99987
    outer loop
      vertex 0.736772 -3.17677 2.0065
      vertex 0.232254 -3.14694 2
      vertex 0.762254 -3.14694 2.0065
    endloop
  endfacet
  facet normal 0.0122626 -0.0104752 -0.99987
    outer loop
      vertex 0.232254 -3.14694 2
      vertex 0.736772 -3.17677 2.0065
      vertex 0.206772 -3.17677 2
    endloop
  endfacet
  facet normal -0.0122621 0.0143503 0.999822
    outer loop
      vertex 0 3.20226 3.25217
      vertex 0.323228 3.17677 3.2565
      vertex 0.353059 3.20226 3.2565
    endloop
  endfacet
  facet normal -0.0122492 0.0145129 0.99982
    outer loop
      vertex 0.323228 3.17677 3.2565
      vertex 0 3.20226 3.25217
      vertex 0 3.17677 3.25254
    endloop
  endfacet
  facet normal -0.0122779 0.0029467 0.99992
    outer loop
      vertex 0 3.07726 3.25328
      vertex 0.253083 3.03911 3.2565
      vertex 0.262239 3.07726 3.2565
    endloop
  endfacet
  facet normal -0.012248 0.00314523 0.99992
    outer loop
      vertex 0.253083 3.03911 3.2565
      vertex 0 3.07726 3.25328
      vertex 0 3.03911 3.2534
    endloop
  endfacet
  facet normal -0.0121117 -0.153974 0.988001
    outer loop
      vertex 0 -3.25 3.25037
      vertex 0.460893 -3.24692 3.2565
      vertex 0 -3.24692 3.25085
    endloop
  endfacet
  facet normal -0.0121132 -0.153806 0.988027
    outer loop
      vertex 0.460893 -3.24692 3.2565
      vertex 0 -3.25 3.25037
      vertex 0.500001 -3.25 3.2565
    endloop
  endfacet
  facet normal -0.012248 0.000965185 0.999925
    outer loop
      vertex 0 3.03911 3.2534
      vertex 0.250001 3 3.2565
      vertex 0.253083 3.03911 3.2565
    endloop
  endfacet
  facet normal -0.012279 0.000767009 0.999924
    outer loop
      vertex 0.250001 3 3.2565
      vertex 0 3.03911 3.2534
      vertex 0 3 3.25343
    endloop
  endfacet
  facet normal 0.0122632 0.00294285 -0.99992
    outer loop
      vertex 0.276917 3.03911 2
      vertex 0.797761 3.07726 2.0065
      vertex 0.806916 3.03911 2.0065
    endloop
  endfacet
  facet normal 0.0122632 0.00294316 -0.99992
    outer loop
      vertex 0.797761 3.07726 2.0065
      vertex 0.276917 3.03911 2
      vertex 0.267761 3.07726 2
    endloop
  endfacet
  facet normal 0.0122631 0.00508225 -0.999912
    outer loop
      vertex 0.267761 3.07726 2
      vertex 0.782746 3.11349 2.0065
      vertex 0.797761 3.07726 2.0065
    endloop
  endfacet
  facet normal 0.0122631 0.00508192 -0.999912
    outer loop
      vertex 0.782746 3.11349 2.0065
      vertex 0.267761 3.07726 2
      vertex 0.252747 3.11349 2
    endloop
  endfacet
  facet normal 0.0122579 0.0295945 -0.999487
    outer loop
      vertex 0.143494 3.22275 2
      vertex 0.637254 3.23776 2.0065
      vertex 0.673493 3.22275 2.0065
    endloop
  endfacet
  facet normal 0.0122579 0.0295953 -0.999487
    outer loop
      vertex 0.637254 3.23776 2.0065
      vertex 0.143494 3.22275 2
      vertex 0.107254 3.23776 2
    endloop
  endfacet
  facet normal 0.012262 -0.0143502 -0.999822
    outer loop
      vertex 0.706941 -3.20226 2.0065
      vertex 0.206772 -3.17677 2
      vertex 0.736772 -3.17677 2.0065
    endloop
  endfacet
  facet normal 0.012262 -0.0143502 -0.999822
    outer loop
      vertex 0.206772 -3.17677 2
      vertex 0.706941 -3.20226 2.0065
      vertex 0.176941 -3.20226 2
    endloop
  endfacet
  facet normal 0.0122631 -0.00508225 -0.999912
    outer loop
      vertex 0.782746 -3.11349 2.0065
      vertex 0.267761 -3.07726 2
      vertex 0.797761 -3.07726 2.0065
    endloop
  endfacet
  facet normal 0.0122631 -0.00508192 -0.999912
    outer loop
      vertex 0.267761 -3.07726 2
      vertex 0.782746 -3.11349 2.0065
      vertex 0.252747 -3.11349 2
    endloop
  endfacet
  facet normal 0.0122632 -0.000966697 -0.999924
    outer loop
      vertex 0.806916 -3.03911 2.0065
      vertex 0.279999 -3 2
      vertex 0.809999 -3 2.0065
    endloop
  endfacet
  facet normal 0.0122632 -0.000966385 -0.999924
    outer loop
      vertex 0.279999 -3 2
      vertex 0.806916 -3.03911 2.0065
      vertex 0.276917 -3.03911 2
    endloop
  endfacet
  facet normal -0.0122419 0.0509818 0.998625
    outer loop
      vertex 0 3.24692 3.25085
      vertex 0.422746 3.23776 3.2565
      vertex 0.460893 3.24692 3.2565
    endloop
  endfacet
  facet normal -0.0122362 0.0512388 0.998611
    outer loop
      vertex 0.422746 3.23776 3.2565
      vertex 0 3.24692 3.25085
      vertex 0 3.23776 3.25132
    endloop
  endfacet
  facet normal -0.0122603 0.0200133 0.999725
    outer loop
      vertex 0 3.22275 3.25176
      vertex 0.353059 3.20226 3.2565
      vertex 0.386506 3.22275 3.2565
    endloop
  endfacet
  facet normal -0.0122609 0.0200043 0.999725
    outer loop
      vertex 0.353059 3.20226 3.2565
      vertex 0 3.22275 3.25176
      vertex 0 3.20226 3.25217
    endloop
  endfacet
  facet normal -0.0122498 0.0104643 0.99987
    outer loop
      vertex 0 3.17677 3.25254
      vertex 0.297746 3.14694 3.2565
      vertex 0.323228 3.17677 3.2565
    endloop
  endfacet
  facet normal -0.0122572 0.0103909 0.999871
    outer loop
      vertex 0.297746 3.14694 3.2565
      vertex 0 3.17677 3.25254
      vertex 0 3.14694 3.25285
    endloop
  endfacet
  facet normal 0.0122629 0.00751245 -0.999897
    outer loop
      vertex 0.252747 3.11349 2
      vertex 0.762254 3.14694 2.0065
      vertex 0.782746 3.11349 2.0065
    endloop
  endfacet
  facet normal 0.0122629 0.0075128 -0.999897
    outer loop
      vertex 0.762254 3.14694 2.0065
      vertex 0.252747 3.11349 2
      vertex 0.232254 3.14694 2
    endloop
  endfacet
  facet normal 0.0122632 0.000966697 -0.999924
    outer loop
      vertex 0.279999 3 2
      vertex 0.806916 3.03911 2.0065
      vertex 0.809999 3 2.0065
    endloop
  endfacet
  facet normal 0.0122632 0.000966385 -0.999924
    outer loop
      vertex 0.806916 3.03911 2.0065
      vertex 0.279999 3 2
      vertex 0.276917 3.03911 2
    endloop
  endfacet
  facet normal 0.0122626 0.0104752 -0.99987
    outer loop
      vertex 0.232254 3.14694 2
      vertex 0.736772 3.17677 2.0065
      vertex 0.762254 3.14694 2.0065
    endloop
  endfacet
  facet normal 0.0122626 0.0104752 -0.99987
    outer loop
      vertex 0.736772 3.17677 2.0065
      vertex 0.232254 3.14694 2
      vertex 0.206772 3.17677 2
    endloop
  endfacet
  facet normal 0.0122629 -0.00751245 -0.999897
    outer loop
      vertex 0.762254 -3.14694 2.0065
      vertex 0.252747 -3.11349 2
      vertex 0.782746 -3.11349 2.0065
    endloop
  endfacet
  facet normal 0.0122629 -0.0075128 -0.999897
    outer loop
      vertex 0.252747 -3.11349 2
      vertex 0.762254 -3.14694 2.0065
      vertex 0.232254 -3.14694 2
    endloop
  endfacet
  facet normal 0.0122608 -0.0200146 -0.999725
    outer loop
      vertex 0.673493 -3.22275 2.0065
      vertex 0.176941 -3.20226 2
      vertex 0.706941 -3.20226 2.0065
    endloop
  endfacet
  facet normal 0.0122608 -0.020014 -0.999725
    outer loop
      vertex 0.176941 -3.20226 2
      vertex 0.673493 -3.22275 2.0065
      vertex 0.143494 -3.22275 2
    endloop
  endfacet
  facet normal -0.0121132 0.153806 0.988027
    outer loop
      vertex 0 3.25 3.25037
      vertex 0.460893 3.24692 3.2565
      vertex 0.500001 3.25 3.2565
    endloop
  endfacet
  facet normal -0.0121117 0.153974 0.988001
    outer loop
      vertex 0.460893 3.24692 3.2565
      vertex 0 3.25 3.25037
      vertex 0 3.24692 3.25085
    endloop
  endfacet
  facet normal 0.012262 0.0143502 -0.999822
    outer loop
      vertex 0.206772 3.17677 2
      vertex 0.706941 3.20226 2.0065
      vertex 0.736772 3.17677 2.0065
    endloop
  endfacet
  facet normal 0.012262 0.0143502 -0.999822
    outer loop
      vertex 0.706941 3.20226 2.0065
      vertex 0.206772 3.17677 2
      vertex 0.176941 3.20226 2
    endloop
  endfacet
  facet normal 0.0122608 0.0200146 -0.999725
    outer loop
      vertex 0.176941 3.20226 2
      vertex 0.673493 3.22275 2.0065
      vertex 0.706941 3.20226 2.0065
    endloop
  endfacet
  facet normal 0.0122608 0.020014 -0.999725
    outer loop
      vertex 0.673493 3.22275 2.0065
      vertex 0.176941 3.20226 2
      vertex 0.143494 3.22275 2
    endloop
  endfacet
  facet normal 0.0122473 0.051004 -0.998623
    outer loop
      vertex 0.107254 3.23776 2
      vertex 0.599107 3.24692 2.0065
      vertex 0.637254 3.23776 2.0065
    endloop
  endfacet
  facet normal 0.0122473 0.0510039 -0.998623
    outer loop
      vertex 0.599107 3.24692 2.0065
      vertex 0.107254 3.23776 2
      vertex 0.0691071 3.24692 2
    endloop
  endfacet
  facet normal 0.0366238 -0.0884241 -0.995409
    outer loop
      vertex 1.16725 -3.23776 2.026
      vertex 0.673493 -3.22275 2.0065
      vertex 1.20349 -3.22275 2.026
    endloop
  endfacet
  facet normal 0.0366238 -0.0884218 -0.99541
    outer loop
      vertex 0.673493 -3.22275 2.0065
      vertex 1.16725 -3.23776 2.026
      vertex 0.637254 -3.23776 2.0065
    endloop
  endfacet
  facet normal 0.0363444 -0.151329 -0.987815
    outer loop
      vertex 1.12911 -3.24692 2.026
      vertex 0.637254 -3.23776 2.0065
      vertex 1.16725 -3.23776 2.026
    endloop
  endfacet
  facet normal 0.0363438 -0.151354 -0.987811
    outer loop
      vertex 0.637254 -3.23776 2.0065
      vertex 1.12911 -3.24692 2.026
      vertex 0.599107 -3.24692 2.0065
    endloop
  endfacet
  facet normal -0.0367674 0.0028974 0.99932
    outer loop
      vertex 0.253083 3.03911 3.2565
      vertex 0.780001 3 3.276
      vertex 0.783083 3.03911 3.276
    endloop
  endfacet
  facet normal -0.0367674 0.0028974 0.99932
    outer loop
      vertex 0.780001 3 3.276
      vertex 0.253083 3.03911 3.2565
      vertex 0.250001 3 3.2565
    endloop
  endfacet
  facet normal -0.0333158 -0.423025 0.905506
    outer loop
      vertex 0.990892 -3.24692 3.276
      vertex 0.500001 -3.25 3.2565
      vertex 1.03 -3.25 3.276
    endloop
  endfacet
  facet normal -0.0333158 -0.423025 0.905506
    outer loop
      vertex 0.500001 -3.25 3.2565
      vertex 0.990892 -3.24692 3.276
      vertex 0.460893 -3.24692 3.2565
    endloop
  endfacet
  facet normal -0.0367674 -0.0028974 0.99932
    outer loop
      vertex 0.780001 -3 3.276
      vertex 0.253083 -3.03911 3.2565
      vertex 0.783083 -3.03911 3.276
    endloop
  endfacet
  facet normal -0.0367674 -0.0028974 0.99932
    outer loop
      vertex 0.253083 -3.03911 3.2565
      vertex 0.780001 -3 3.276
      vertex 0.250001 -3 3.2565
    endloop
  endfacet
  facet normal -0.0367346 0 0.999325
    outer loop
      vertex 0.780001 3 3.276
      vertex 0.724777 0.724777 3.27397
      vertex 0.780001 0.660124 3.276
    endloop
  endfacet
  facet normal -0.0367695 8.48045e-07 0.999324
    outer loop
      vertex 0.780001 3 3.276
      vertex 0.602478 0.829239 3.26947
      vertex 0.724777 0.724777 3.27397
    endloop
  endfacet
  facet normal -0.0367805 1.75228e-06 0.999323
    outer loop
      vertex 0.780001 3 3.276
      vertex 0.481032 0.90365 3.265
      vertex 0.602478 0.829239 3.26947
    endloop
  endfacet
  facet normal -0.0367667 0 0.999324
    outer loop
      vertex 0.250001 3 3.2565
      vertex 0.481032 0.487202 3.265
      vertex 0.481032 0.90365 3.265
    endloop
  endfacet
  facet normal -0.0367667 0 0.999324
    outer loop
      vertex 0.481032 0.487202 3.265
      vertex 0.250001 3 3.2565
      vertex 0.481032 -0.487202 3.265
    endloop
  endfacet
  facet normal -0.0367667 0 0.999324
    outer loop
      vertex 0.250001 -3 3.2565
      vertex 0.481032 -0.487202 3.265
      vertex 0.250001 3 3.2565
    endloop
  endfacet
  facet normal -0.0367676 -9.39903e-08 0.999324
    outer loop
      vertex 0.250001 3 3.2565
      vertex 0.481032 0.90365 3.265
      vertex 0.780001 3 3.276
    endloop
  endfacet
  facet normal -0.0367095 0 0.999326
    outer loop
      vertex 0.676559 0.107147 3.27219
      vertex 0.676559 -0.107147 3.27219
      vertex 0.684998 0 3.2725
    endloop
  endfacet
  facet normal -0.0366288 0 0.999329
    outer loop
      vertex 0.651459 0.21167 3.27127
      vertex 0.676559 -0.107147 3.27219
      vertex 0.676559 0.107147 3.27219
    endloop
  endfacet
  facet normal -0.0366288 0 0.999329
    outer loop
      vertex 0.651459 0.21167 3.27127
      vertex 0.651459 -0.21167 3.27127
      vertex 0.676559 -0.107147 3.27219
    endloop
  endfacet
  facet normal -0.0366944 0 0.999327
    outer loop
      vertex 0.610336 0.310974 3.26976
      vertex 0.651459 -0.21167 3.27127
      vertex 0.651459 0.21167 3.27127
    endloop
  endfacet
  facet normal -0.0366944 0 0.999327
    outer loop
      vertex 0.610336 0.310974 3.26976
      vertex 0.610336 -0.310974 3.26976
      vertex 0.651459 -0.21167 3.27127
    endloop
  endfacet
  facet normal -0.0368294 0 0.999322
    outer loop
      vertex 0.554169 0.402618 3.26769
      vertex 0.610336 -0.310974 3.26976
      vertex 0.610336 0.310974 3.26976
    endloop
  endfacet
  facet normal -0.0368294 0 0.999322
    outer loop
      vertex 0.554169 0.402618 3.26769
      vertex 0.554169 -0.402618 3.26769
      vertex 0.610336 -0.310974 3.26976
    endloop
  endfacet
  facet normal -0.0339983 0.00238698 0.999419
    outer loop
      vertex 0.481032 0.487202 3.265
      vertex 0.554169 0.402618 3.26769
      vertex 0.48436 0.48436 3.26512
    endloop
  endfacet
  facet normal -0.0367554 0 0.999324
    outer loop
      vertex 0.554169 0.402618 3.26769
      vertex 0.481032 0.487202 3.265
      vertex 0.554169 -0.402618 3.26769
    endloop
  endfacet
  facet normal -0.0367554 0 0.999324
    outer loop
      vertex 0.481032 -0.487202 3.265
      vertex 0.554169 -0.402618 3.26769
      vertex 0.481032 0.487202 3.265
    endloop
  endfacet
  facet normal -0.0339983 -0.00238698 0.999419
    outer loop
      vertex 0.554169 -0.402618 3.26769
      vertex 0.481032 -0.487202 3.265
      vertex 0.48436 -0.48436 3.26512
    endloop
  endfacet
  facet normal -0.0367346 0 0.999325
    outer loop
      vertex 0.724777 -0.724777 3.27397
      vertex 0.780001 -3 3.276
      vertex 0.780001 -0.660124 3.276
    endloop
  endfacet
  facet normal -0.0367695 -8.48045e-07 0.999324
    outer loop
      vertex 0.602478 -0.829239 3.26947
      vertex 0.780001 -3 3.276
      vertex 0.724777 -0.724777 3.27397
    endloop
  endfacet
  facet normal -0.0367805 -1.75228e-06 0.999323
    outer loop
      vertex 0.481032 -0.90365 3.265
      vertex 0.780001 -3 3.276
      vertex 0.602478 -0.829239 3.26947
    endloop
  endfacet
  facet normal -0.0367676 9.39903e-08 0.999324
    outer loop
      vertex 0.481032 -0.90365 3.265
      vertex 0.250001 -3 3.2565
      vertex 0.780001 -3 3.276
    endloop
  endfacet
  facet normal -0.0367667 0 0.999324
    outer loop
      vertex 0.481032 -0.487202 3.265
      vertex 0.250001 -3 3.2565
      vertex 0.481032 -0.90365 3.265
    endloop
  endfacet
  facet normal -0.0367495 -0.0313941 0.998831
    outer loop
      vertex 0.827745 -3.14694 3.276
      vertex 0.323228 -3.17677 3.2565
      vertex 0.853228 -3.17677 3.276
    endloop
  endfacet
  facet normal -0.0367495 -0.0313929 0.998831
    outer loop
      vertex 0.323228 -3.17677 3.2565
      vertex 0.827745 -3.14694 3.276
      vertex 0.297746 -3.14694 3.2565
    endloop
  endfacet
  facet normal 0.0367675 0 -0.999324
    outer loop
      vertex 0.809999 -3 2.0065
      vertex 1.34 3 2.026
      vertex 1.34 -3 2.026
    endloop
  endfacet
  facet normal 0.0367675 0 -0.999324
    outer loop
      vertex 1.34 3 2.026
      vertex 0.809999 -3 2.0065
      vertex 0.809999 3 2.0065
    endloop
  endfacet
  facet normal 0.0333153 -0.42304 -0.905498
    outer loop
      vertex 1.09 -3.25 2.026
      vertex 0.599107 -3.24692 2.0065
      vertex 1.12911 -3.24692 2.026
    endloop
  endfacet
  facet normal 0.0333157 -0.423023 -0.905506
    outer loop
      vertex 0.599107 -3.24692 2.0065
      vertex 1.09 -3.25 2.026
      vertex 0.559999 -3.25 2.0065
    endloop
  endfacet
  facet normal -0.0367662 -0.00882293 0.999285
    outer loop
      vertex 0.783083 -3.03911 3.276
      vertex 0.262239 -3.07726 3.2565
      vertex 0.792238 -3.07726 3.276
    endloop
  endfacet
  facet normal -0.0367661 -0.00882387 0.999285
    outer loop
      vertex 0.262239 -3.07726 3.2565
      vertex 0.783083 -3.03911 3.276
      vertex 0.253083 -3.03911 3.2565
    endloop
  endfacet
  facet normal 0.0333153 0.42304 -0.905498
    outer loop
      vertex 0.599107 3.24692 2.0065
      vertex 1.09 3.25 2.026
      vertex 1.12911 3.24692 2.026
    endloop
  endfacet
  facet normal 0.0333157 0.423023 -0.905506
    outer loop
      vertex 1.09 3.25 2.026
      vertex 0.599107 3.24692 2.0065
      vertex 0.559999 3.25 2.0065
    endloop
  endfacet
  facet normal 0.0367337 -0.0429881 -0.9984
    outer loop
      vertex 1.23694 -3.20226 2.026
      vertex 0.736772 -3.17677 2.0065
      vertex 1.26677 -3.17677 2.026
    endloop
  endfacet
  facet normal 0.0367337 -0.0429895 -0.9984
    outer loop
      vertex 0.736772 -3.17677 2.0065
      vertex 1.23694 -3.20226 2.026
      vertex 0.706941 -3.20226 2.0065
    endloop
  endfacet
  facet normal -0.0366236 -0.0884213 0.99541
    outer loop
      vertex 0.916506 -3.22275 3.276
      vertex 0.422746 -3.23776 3.2565
      vertex 0.952745 -3.23776 3.276
    endloop
  endfacet
  facet normal -0.0366236 -0.0884236 0.995409
    outer loop
      vertex 0.422746 -3.23776 3.2565
      vertex 0.916506 -3.22275 3.276
      vertex 0.386506 -3.22275 3.2565
    endloop
  endfacet
  facet normal -0.0363441 -0.151356 0.987811
    outer loop
      vertex 0.952745 -3.23776 3.276
      vertex 0.460893 -3.24692 3.2565
      vertex 0.990892 -3.24692 3.276
    endloop
  endfacet
  facet normal -0.0363441 -0.151356 0.987811
    outer loop
      vertex 0.460893 -3.24692 3.2565
      vertex 0.952745 -3.23776 3.276
      vertex 0.422746 -3.23776 3.2565
    endloop
  endfacet
  facet normal 0.0367674 0.00289551 -0.99932
    outer loop
      vertex 0.809999 3 2.0065
      vertex 1.33692 3.03911 2.026
      vertex 1.34 3 2.026
    endloop
  endfacet
  facet normal 0.0367671 0.00289832 -0.99932
    outer loop
      vertex 1.33692 3.03911 2.026
      vertex 0.809999 3 2.0065
      vertex 0.806916 3.03911 2.0065
    endloop
  endfacet
  facet normal -0.0367583 -0.0225187 0.99907
    outer loop
      vertex 0.807253 -3.11349 3.276
      vertex 0.297746 -3.14694 3.2565
      vertex 0.827745 -3.14694 3.276
    endloop
  endfacet
  facet normal -0.0367583 -0.0225198 0.99907
    outer loop
      vertex 0.297746 -3.14694 3.2565
      vertex 0.807253 -3.11349 3.276
      vertex 0.277253 -3.11349 3.2565
    endloop
  endfacet
  facet normal -0.0367633 -0.015236 0.999208
    outer loop
      vertex 0.792238 -3.07726 3.276
      vertex 0.277253 -3.11349 3.2565
      vertex 0.807253 -3.11349 3.276
    endloop
  endfacet
  facet normal -0.0367634 -0.015235 0.999208
    outer loop
      vertex 0.277253 -3.11349 3.2565
      vertex 0.792238 -3.07726 3.276
      vertex 0.262239 -3.07726 3.2565
    endloop
  endfacet
  facet normal -0.0367015 -0.05991 0.997529
    outer loop
      vertex 0.883059 -3.20226 3.276
      vertex 0.386506 -3.22275 3.2565
      vertex 0.916506 -3.22275 3.276
    endloop
  endfacet
  facet normal -0.0367015 -0.05991 0.997529
    outer loop
      vertex 0.386506 -3.22275 3.2565
      vertex 0.883059 -3.20226 3.276
      vertex 0.353059 -3.20226 3.2565
    endloop
  endfacet
  facet normal 0.0367497 -0.0313907 -0.998831
    outer loop
      vertex 1.26677 -3.17677 2.026
      vertex 0.762254 -3.14694 2.0065
      vertex 1.29225 -3.14694 2.026
    endloop
  endfacet
  facet normal 0.0367496 -0.031393 -0.998831
    outer loop
      vertex 0.762254 -3.14694 2.0065
      vertex 1.26677 -3.17677 2.026
      vertex 0.736772 -3.17677 2.0065
    endloop
  endfacet
  facet normal -0.0367015 0.05991 0.997529
    outer loop
      vertex 0.386506 3.22275 3.2565
      vertex 0.883059 3.20226 3.276
      vertex 0.916506 3.22275 3.276
    endloop
  endfacet
  facet normal -0.0367015 0.05991 0.997529
    outer loop
      vertex 0.883059 3.20226 3.276
      vertex 0.386506 3.22275 3.2565
      vertex 0.353059 3.20226 3.2565
    endloop
  endfacet
  facet normal 0.0366238 0.0884241 -0.995409
    outer loop
      vertex 0.673493 3.22275 2.0065
      vertex 1.16725 3.23776 2.026
      vertex 1.20349 3.22275 2.026
    endloop
  endfacet
  facet normal 0.0366238 0.0884218 -0.99541
    outer loop
      vertex 1.16725 3.23776 2.026
      vertex 0.673493 3.22275 2.0065
      vertex 0.637254 3.23776 2.0065
    endloop
  endfacet
  facet normal 0.036758 0.0225273 -0.99907
    outer loop
      vertex 0.782746 3.11349 2.0065
      vertex 1.29225 3.14694 2.026
      vertex 1.31275 3.11349 2.026
    endloop
  endfacet
  facet normal 0.0367585 0.0225189 -0.99907
    outer loop
      vertex 1.29225 3.14694 2.026
      vertex 0.782746 3.11349 2.0065
      vertex 0.762254 3.14694 2.0065
    endloop
  endfacet
  facet normal -0.0367336 -0.0429894 0.9984
    outer loop
      vertex 0.853228 -3.17677 3.276
      vertex 0.353059 -3.20226 3.2565
      vertex 0.883059 -3.20226 3.276
    endloop
  endfacet
  facet normal -0.0367336 -0.0429894 0.9984
    outer loop
      vertex 0.353059 -3.20226 3.2565
      vertex 0.853228 -3.17677 3.276
      vertex 0.323228 -3.17677 3.2565
    endloop
  endfacet
  facet normal 0.036758 -0.0225273 -0.99907
    outer loop
      vertex 1.29225 -3.14694 2.026
      vertex 0.782746 -3.11349 2.0065
      vertex 1.31275 -3.11349 2.026
    endloop
  endfacet
  facet normal 0.0367585 -0.0225189 -0.99907
    outer loop
      vertex 0.782746 -3.11349 2.0065
      vertex 1.29225 -3.14694 2.026
      vertex 0.762254 -3.14694 2.0065
    endloop
  endfacet
  facet normal 0.0367674 -0.00289551 -0.99932
    outer loop
      vertex 1.33692 -3.03911 2.026
      vertex 0.809999 -3 2.0065
      vertex 1.34 -3 2.026
    endloop
  endfacet
  facet normal 0.0367671 -0.00289832 -0.99932
    outer loop
      vertex 0.809999 -3 2.0065
      vertex 1.33692 -3.03911 2.026
      vertex 0.806916 -3.03911 2.0065
    endloop
  endfacet
  facet normal 0.0367659 -0.00882766 -0.999285
    outer loop
      vertex 1.32776 -3.07726 2.026
      vertex 0.806916 -3.03911 2.0065
      vertex 1.33692 -3.03911 2.026
    endloop
  endfacet
  facet normal 0.0367662 -0.00882293 -0.999285
    outer loop
      vertex 0.806916 -3.03911 2.0065
      vertex 1.32776 -3.07726 2.026
      vertex 0.797761 -3.07726 2.0065
    endloop
  endfacet
  facet normal -0.0367336 0.0429894 0.9984
    outer loop
      vertex 0.353059 3.20226 3.2565
      vertex 0.853228 3.17677 3.276
      vertex 0.883059 3.20226 3.276
    endloop
  endfacet
  facet normal -0.0367336 0.0429894 0.9984
    outer loop
      vertex 0.853228 3.17677 3.276
      vertex 0.353059 3.20226 3.2565
      vertex 0.323228 3.17677 3.2565
    endloop
  endfacet
  facet normal -0.0366236 0.0884213 0.99541
    outer loop
      vertex 0.422746 3.23776 3.2565
      vertex 0.916506 3.22275 3.276
      vertex 0.952745 3.23776 3.276
    endloop
  endfacet
  facet normal -0.0366236 0.0884236 0.995409
    outer loop
      vertex 0.916506 3.22275 3.276
      vertex 0.422746 3.23776 3.2565
      vertex 0.386506 3.22275 3.2565
    endloop
  endfacet
  facet normal -0.0367495 0.0313941 0.998831
    outer loop
      vertex 0.323228 3.17677 3.2565
      vertex 0.827745 3.14694 3.276
      vertex 0.853228 3.17677 3.276
    endloop
  endfacet
  facet normal -0.0367495 0.0313929 0.998831
    outer loop
      vertex 0.827745 3.14694 3.276
      vertex 0.323228 3.17677 3.2565
      vertex 0.297746 3.14694 3.2565
    endloop
  endfacet
  facet normal -0.0367633 0.015236 0.999208
    outer loop
      vertex 0.277253 3.11349 3.2565
      vertex 0.792238 3.07726 3.276
      vertex 0.807253 3.11349 3.276
    endloop
  endfacet
  facet normal -0.0367634 0.015235 0.999208
    outer loop
      vertex 0.792238 3.07726 3.276
      vertex 0.277253 3.11349 3.2565
      vertex 0.262239 3.07726 3.2565
    endloop
  endfacet
  facet normal -0.0367583 0.0225187 0.99907
    outer loop
      vertex 0.297746 3.14694 3.2565
      vertex 0.807253 3.11349 3.276
      vertex 0.827745 3.14694 3.276
    endloop
  endfacet
  facet normal -0.0367583 0.0225198 0.99907
    outer loop
      vertex 0.807253 3.11349 3.276
      vertex 0.297746 3.14694 3.2565
      vertex 0.277253 3.11349 3.2565
    endloop
  endfacet
  facet normal -0.0367662 0.00882293 0.999285
    outer loop
      vertex 0.262239 3.07726 3.2565
      vertex 0.783083 3.03911 3.276
      vertex 0.792238 3.07726 3.276
    endloop
  endfacet
  facet normal -0.0367661 0.00882387 0.999285
    outer loop
      vertex 0.783083 3.03911 3.276
      vertex 0.262239 3.07726 3.2565
      vertex 0.253083 3.03911 3.2565
    endloop
  endfacet
  facet normal 0.0367659 0.00882766 -0.999285
    outer loop
      vertex 0.806916 3.03911 2.0065
      vertex 1.32776 3.07726 2.026
      vertex 1.33692 3.03911 2.026
    endloop
  endfacet
  facet normal 0.0367662 0.00882293 -0.999285
    outer loop
      vertex 1.32776 3.07726 2.026
      vertex 0.806916 3.03911 2.0065
      vertex 0.797761 3.07726 2.0065
    endloop
  endfacet
  facet normal 0.0367634 0.015231 -0.999208
    outer loop
      vertex 0.797761 3.07726 2.0065
      vertex 1.31275 3.11349 2.026
      vertex 1.32776 3.07726 2.026
    endloop
  endfacet
  facet normal 0.036763 0.0152359 -0.999208
    outer loop
      vertex 1.31275 3.11349 2.026
      vertex 0.797761 3.07726 2.0065
      vertex 0.782746 3.11349 2.0065
    endloop
  endfacet
  facet normal 0.0367337 0.0429881 -0.9984
    outer loop
      vertex 0.736772 3.17677 2.0065
      vertex 1.23694 3.20226 2.026
      vertex 1.26677 3.17677 2.026
    endloop
  endfacet
  facet normal 0.0367337 0.0429895 -0.9984
    outer loop
      vertex 1.23694 3.20226 2.026
      vertex 0.736772 3.17677 2.0065
      vertex 0.706941 3.20226 2.0065
    endloop
  endfacet
  facet normal 0.0367016 -0.0599155 -0.997529
    outer loop
      vertex 1.20349 -3.22275 2.026
      vertex 0.706941 -3.20226 2.0065
      vertex 1.23694 -3.20226 2.026
    endloop
  endfacet
  facet normal 0.0367017 -0.0599121 -0.997529
    outer loop
      vertex 0.706941 -3.20226 2.0065
      vertex 1.20349 -3.22275 2.026
      vertex 0.673493 -3.22275 2.0065
    endloop
  endfacet
  facet normal 0.0367634 -0.015231 -0.999208
    outer loop
      vertex 1.31275 -3.11349 2.026
      vertex 0.797761 -3.07726 2.0065
      vertex 1.32776 -3.07726 2.026
    endloop
  endfacet
  facet normal 0.036763 -0.0152359 -0.999208
    outer loop
      vertex 0.797761 -3.07726 2.0065
      vertex 1.31275 -3.11349 2.026
      vertex 0.782746 -3.11349 2.0065
    endloop
  endfacet
  facet normal 0.0367497 0.0313907 -0.998831
    outer loop
      vertex 0.762254 3.14694 2.0065
      vertex 1.26677 3.17677 2.026
      vertex 1.29225 3.14694 2.026
    endloop
  endfacet
  facet normal 0.0367496 0.031393 -0.998831
    outer loop
      vertex 1.26677 3.17677 2.026
      vertex 0.762254 3.14694 2.0065
      vertex 0.736772 3.17677 2.0065
    endloop
  endfacet
  facet normal -0.0363441 0.151356 0.987811
    outer loop
      vertex 0.460893 3.24692 3.2565
      vertex 0.952745 3.23776 3.276
      vertex 0.990892 3.24692 3.276
    endloop
  endfacet
  facet normal -0.0363441 0.151356 0.987811
    outer loop
      vertex 0.952745 3.23776 3.276
      vertex 0.460893 3.24692 3.2565
      vertex 0.422746 3.23776 3.2565
    endloop
  endfacet
  facet normal -0.0333158 0.423025 0.905506
    outer loop
      vertex 0.500001 3.25 3.2565
      vertex 0.990892 3.24692 3.276
      vertex 1.03 3.25 3.276
    endloop
  endfacet
  facet normal -0.0333158 0.423025 0.905506
    outer loop
      vertex 0.990892 3.24692 3.276
      vertex 0.500001 3.25 3.2565
      vertex 0.460893 3.24692 3.2565
    endloop
  endfacet
  facet normal 0.0367016 0.0599155 -0.997529
    outer loop
      vertex 0.706941 3.20226 2.0065
      vertex 1.20349 3.22275 2.026
      vertex 1.23694 3.20226 2.026
    endloop
  endfacet
  facet normal 0.0367017 0.0599121 -0.997529
    outer loop
      vertex 1.20349 3.22275 2.026
      vertex 0.706941 3.20226 2.0065
      vertex 0.673493 3.22275 2.0065
    endloop
  endfacet
  facet normal 0.0363444 0.151329 -0.987815
    outer loop
      vertex 0.637254 3.23776 2.0065
      vertex 1.12911 3.24692 2.026
      vertex 1.16725 3.23776 2.026
    endloop
  endfacet
  facet normal 0.0363438 0.151354 -0.987811
    outer loop
      vertex 1.12911 3.24692 2.026
      vertex 0.637254 3.23776 2.0065
      vertex 0.599107 3.24692 2.0065
    endloop
  endfacet
  facet normal 0.0483266 -0.613654 -0.788095
    outer loop
      vertex 1.62 -3.25 2.0585
      vertex 1.12911 -3.24692 2.026
      vertex 1.65911 -3.24692 2.0585
    endloop
  endfacet
  facet normal 0.0483266 -0.613654 -0.788095
    outer loop
      vertex 1.12911 -3.24692 2.026
      vertex 1.62 -3.25 2.0585
      vertex 1.09 -3.25 2.026
    endloop
  endfacet
  facet normal -0.0612054 -0.00482006 0.998114
    outer loop
      vertex 1.31 -3 3.3085
      vertex 0.783083 -3.03911 3.276
      vertex 1.31308 -3.03911 3.3085
    endloop
  endfacet
  facet normal -0.0612052 -0.00482318 0.998114
    outer loop
      vertex 0.783083 -3.03911 3.276
      vertex 1.31 -3 3.3085
      vertex 0.780001 -3 3.276
    endloop
  endfacet
  facet normal 0.0605483 -0.146187 -0.987402
    outer loop
      vertex 1.69725 -3.23776 2.0585
      vertex 1.20349 -3.22275 2.026
      vertex 1.73349 -3.22275 2.0585
    endloop
  endfacet
  facet normal 0.0605483 -0.146187 -0.987402
    outer loop
      vertex 1.20349 -3.22275 2.026
      vertex 1.69725 -3.23776 2.0585
      vertex 1.16725 -3.23776 2.026
    endloop
  endfacet
  facet normal 0.0593101 -0.246953 -0.967211
    outer loop
      vertex 1.65911 -3.24692 2.0585
      vertex 1.16725 -3.23776 2.026
      vertex 1.69725 -3.23776 2.0585
    endloop
  endfacet
  facet normal 0.0593101 -0.246953 -0.967211
    outer loop
      vertex 1.16725 -3.23776 2.026
      vertex 1.65911 -3.24692 2.0585
      vertex 1.12911 -3.24692 2.026
    endloop
  endfacet
  facet normal -0.0612162 0 0.998125
    outer loop
      vertex 1.31 3 3.3085
      vertex 1.02499 0 3.29102
      vertex 1.31 -3 3.3085
    endloop
  endfacet
  facet normal -0.0610734 -1.36165e-05 0.998133
    outer loop
      vertex 1.31 3 3.3085
      vertex 1.01237 0.160339 3.29025
      vertex 1.02499 0 3.29102
    endloop
  endfacet
  facet normal -0.0611604 -4.45561e-06 0.998128
    outer loop
      vertex 1.31 3 3.3085
      vertex 0.974823 0.316742 3.28795
      vertex 1.01237 0.160339 3.29025
    endloop
  endfacet
  facet normal -0.0612713 9.44571e-06 0.998121
    outer loop
      vertex 1.31 3 3.3085
      vertex 0.913269 0.465332 3.28417
      vertex 0.974823 0.316742 3.28795
    endloop
  endfacet
  facet normal -0.0611807 -4.7975e-06 0.998127
    outer loop
      vertex 1.31 3 3.3085
      vertex 0.829239 0.602478 3.27902
      vertex 0.913269 0.465332 3.28417
    endloop
  endfacet
  facet normal -0.0612059 0 0.998125
    outer loop
      vertex 0.780001 0.660124 3.276
      vertex 1.31 3 3.3085
      vertex 0.780001 3 3.276
    endloop
  endfacet
  facet normal -0.0612168 2.47869e-06 0.998124
    outer loop
      vertex 1.31 3 3.3085
      vertex 0.780001 0.660124 3.276
      vertex 0.829239 0.602478 3.27902
    endloop
  endfacet
  facet normal -0.0610734 1.36165e-05 0.998133
    outer loop
      vertex 1.01237 -0.160339 3.29025
      vertex 1.31 -3 3.3085
      vertex 1.02499 0 3.29102
    endloop
  endfacet
  facet normal -0.0611604 4.45561e-06 0.998128
    outer loop
      vertex 0.974823 -0.316742 3.28795
      vertex 1.31 -3 3.3085
      vertex 1.01237 -0.160339 3.29025
    endloop
  endfacet
  facet normal -0.0612713 -9.44571e-06 0.998121
    outer loop
      vertex 0.913269 -0.465332 3.28417
      vertex 1.31 -3 3.3085
      vertex 0.974823 -0.316742 3.28795
    endloop
  endfacet
  facet normal -0.0611807 4.7975e-06 0.998127
    outer loop
      vertex 0.829239 -0.602478 3.27902
      vertex 1.31 -3 3.3085
      vertex 0.913269 -0.465332 3.28417
    endloop
  endfacet
  facet normal -0.0612168 -2.47869e-06 0.998124
    outer loop
      vertex 0.780001 -0.660124 3.276
      vertex 1.31 -3 3.3085
      vertex 0.829239 -0.602478 3.27902
    endloop
  endfacet
  facet normal -0.0612059 0 0.998125
    outer loop
      vertex 1.31 -3 3.3085
      vertex 0.780001 -0.660124 3.276
      vertex 0.780001 -3 3.276
    endloop
  endfacet
  facet normal -0.0605477 -0.146186 0.987402
    outer loop
      vertex 1.44651 -3.22275 3.3085
      vertex 0.952745 -3.23776 3.276
      vertex 1.48275 -3.23776 3.3085
    endloop
  endfacet
  facet normal -0.0605478 -0.146182 0.987403
    outer loop
      vertex 0.952745 -3.23776 3.276
      vertex 1.44651 -3.22275 3.3085
      vertex 0.916506 -3.22275 3.276
    endloop
  endfacet
  facet normal -0.0593103 -0.246954 0.967211
    outer loop
      vertex 1.48275 -3.23776 3.3085
      vertex 0.990892 -3.24692 3.276
      vertex 1.52089 -3.24692 3.3085
    endloop
  endfacet
  facet normal -0.0593089 -0.246993 0.967201
    outer loop
      vertex 0.990892 -3.24692 3.276
      vertex 1.48275 -3.23776 3.3085
      vertex 0.952745 -3.23776 3.276
    endloop
  endfacet
  facet normal 0.0612051 -0.00482004 -0.998114
    outer loop
      vertex 1.86692 -3.03911 2.0585
      vertex 1.34 -3 2.026
      vertex 1.87 -3 2.0585
    endloop
  endfacet
  facet normal 0.0612051 -0.00482004 -0.998114
    outer loop
      vertex 1.34 -3 2.026
      vertex 1.86692 -3.03911 2.0585
      vertex 1.33692 -3.03911 2.026
    endloop
  endfacet
  facet normal 0.0611992 0.0146942 -0.998017
    outer loop
      vertex 1.33692 3.03911 2.026
      vertex 1.85776 3.07726 2.0585
      vertex 1.86692 3.03911 2.0585
    endloop
  endfacet
  facet normal 0.0611992 0.0146942 -0.998017
    outer loop
      vertex 1.85776 3.07726 2.0585
      vertex 1.33692 3.03911 2.026
      vertex 1.32776 3.07726 2.026
    endloop
  endfacet
  facet normal -0.0611221 0.0522089 0.996764
    outer loop
      vertex 0.853228 3.17677 3.276
      vertex 1.35775 3.14694 3.3085
      vertex 1.38323 3.17677 3.3085
    endloop
  endfacet
  facet normal -0.0611217 0.0522147 0.996764
    outer loop
      vertex 1.35775 3.14694 3.3085
      vertex 0.853228 3.17677 3.276
      vertex 0.827745 3.14694 3.276
    endloop
  endfacet
  facet normal -0.0483266 0.613654 0.788095
    outer loop
      vertex 1.03 3.25 3.276
      vertex 1.52089 3.24692 3.3085
      vertex 1.56 3.25 3.3085
    endloop
  endfacet
  facet normal -0.0483276 0.613635 0.788109
    outer loop
      vertex 1.52089 3.24692 3.3085
      vertex 1.03 3.25 3.276
      vertex 0.990892 3.24692 3.276
    endloop
  endfacet
  facet normal -0.0611221 -0.0522089 0.996764
    outer loop
      vertex 1.35775 -3.14694 3.3085
      vertex 0.853228 -3.17677 3.276
      vertex 1.38323 -3.17677 3.3085
    endloop
  endfacet
  facet normal -0.0611217 -0.0522147 0.996764
    outer loop
      vertex 0.853228 -3.17677 3.276
      vertex 1.35775 -3.14694 3.3085
      vertex 0.827745 -3.14694 3.276
    endloop
  endfacet
  facet normal -0.0483266 -0.613654 0.788095
    outer loop
      vertex 1.52089 -3.24692 3.3085
      vertex 1.03 -3.25 3.276
      vertex 1.56 -3.25 3.3085
    endloop
  endfacet
  facet normal -0.0483276 -0.613635 0.788109
    outer loop
      vertex 1.03 -3.25 3.276
      vertex 1.52089 -3.24692 3.3085
      vertex 0.990892 -3.24692 3.276
    endloop
  endfacet
  facet normal -0.0593103 0.246954 0.967211
    outer loop
      vertex 0.990892 3.24692 3.276
      vertex 1.48275 3.23776 3.3085
      vertex 1.52089 3.24692 3.3085
    endloop
  endfacet
  facet normal -0.0593089 0.246993 0.967201
    outer loop
      vertex 1.48275 3.23776 3.3085
      vertex 0.990892 3.24692 3.276
      vertex 0.952745 3.23776 3.276
    endloop
  endfacet
  facet normal 0.0612058 0 -0.998125
    outer loop
      vertex 1.34 -3 2.026
      vertex 1.87 3 2.0585
      vertex 1.87 -3 2.0585
    endloop
  endfacet
  facet normal 0.0612058 0 -0.998125
    outer loop
      vertex 1.87 3 2.0585
      vertex 1.34 -3 2.026
      vertex 1.34 3 2.026
    endloop
  endfacet
  facet normal -0.061199 0.0146942 0.998017
    outer loop
      vertex 0.792238 3.07726 3.276
      vertex 1.31308 3.03911 3.3085
      vertex 1.32224 3.07726 3.3085
    endloop
  endfacet
  facet normal -0.0611995 0.0146863 0.998017
    outer loop
      vertex 1.31308 3.03911 3.3085
      vertex 0.792238 3.07726 3.276
      vertex 0.783083 3.03911 3.276
    endloop
  endfacet
  facet normal -0.0611622 -0.0374836 0.997424
    outer loop
      vertex 1.33725 -3.11349 3.3085
      vertex 0.827745 -3.14694 3.276
      vertex 1.35775 -3.14694 3.3085
    endloop
  endfacet
  facet normal -0.0611632 -0.0374695 0.997424
    outer loop
      vertex 0.827745 -3.14694 3.276
      vertex 1.33725 -3.11349 3.3085
      vertex 0.807253 -3.11349 3.276
    endloop
  endfacet
  facet normal -0.0611865 -0.0253494 0.997804
    outer loop
      vertex 1.32224 -3.07726 3.3085
      vertex 0.807253 -3.11349 3.276
      vertex 1.33725 -3.11349 3.3085
    endloop
  endfacet
  facet normal -0.0611859 -0.0253576 0.997804
    outer loop
      vertex 0.807253 -3.11349 3.276
      vertex 1.32224 -3.07726 3.3085
      vertex 0.792238 -3.07726 3.276
    endloop
  endfacet
  facet normal -0.061199 -0.0146942 0.998017
    outer loop
      vertex 1.31308 -3.03911 3.3085
      vertex 0.792238 -3.07726 3.276
      vertex 1.32224 -3.07726 3.3085
    endloop
  endfacet
  facet normal -0.0611995 -0.0146863 0.998017
    outer loop
      vertex 0.792238 -3.07726 3.276
      vertex 1.31308 -3.03911 3.3085
      vertex 0.783083 -3.03911 3.276
    endloop
  endfacet
  facet normal -0.0609021 -0.0994229 0.99318
    outer loop
      vertex 1.41306 -3.20226 3.3085
      vertex 0.916506 -3.22275 3.276
      vertex 1.44651 -3.22275 3.3085
    endloop
  endfacet
  facet normal -0.0609025 -0.0994146 0.993181
    outer loop
      vertex 0.916506 -3.22275 3.276
      vertex 1.41306 -3.20226 3.3085
      vertex 0.883059 -3.20226 3.276
    endloop
  endfacet
  facet normal 0.0609025 -0.0994236 -0.99318
    outer loop
      vertex 1.73349 -3.22275 2.0585
      vertex 1.23694 -3.20226 2.026
      vertex 1.76694 -3.20226 2.0585
    endloop
  endfacet
  facet normal 0.0609025 -0.0994236 -0.99318
    outer loop
      vertex 1.23694 -3.20226 2.026
      vertex 1.73349 -3.22275 2.0585
      vertex 1.20349 -3.22275 2.026
    endloop
  endfacet
  facet normal 0.0610494 -0.0714438 -0.995575
    outer loop
      vertex 1.76694 -3.20226 2.0585
      vertex 1.26677 -3.17677 2.026
      vertex 1.79677 -3.17677 2.0585
    endloop
  endfacet
  facet normal 0.0610494 -0.0714438 -0.995575
    outer loop
      vertex 1.26677 -3.17677 2.026
      vertex 1.76694 -3.20226 2.0585
      vertex 1.23694 -3.20226 2.026
    endloop
  endfacet
  facet normal 0.0611992 -0.0146942 -0.998017
    outer loop
      vertex 1.85776 -3.07726 2.0585
      vertex 1.33692 -3.03911 2.026
      vertex 1.86692 -3.03911 2.0585
    endloop
  endfacet
  facet normal 0.0611992 -0.0146942 -0.998017
    outer loop
      vertex 1.33692 -3.03911 2.026
      vertex 1.85776 -3.07726 2.0585
      vertex 1.32776 -3.07726 2.026
    endloop
  endfacet
  facet normal 0.0611628 -0.0374839 -0.997424
    outer loop
      vertex 1.82225 -3.14694 2.0585
      vertex 1.31275 -3.11349 2.026
      vertex 1.84275 -3.11349 2.0585
    endloop
  endfacet
  facet normal 0.0611628 -0.0374839 -0.997424
    outer loop
      vertex 1.31275 -3.11349 2.026
      vertex 1.82225 -3.14694 2.0585
      vertex 1.29225 -3.14694 2.026
    endloop
  endfacet
  facet normal 0.0612051 0.00482004 -0.998114
    outer loop
      vertex 1.34 3 2.026
      vertex 1.86692 3.03911 2.0585
      vertex 1.87 3 2.0585
    endloop
  endfacet
  facet normal 0.0612051 0.00482004 -0.998114
    outer loop
      vertex 1.86692 3.03911 2.0585
      vertex 1.34 3 2.026
      vertex 1.33692 3.03911 2.026
    endloop
  endfacet
  facet normal -0.0610493 0.0714437 0.995575
    outer loop
      vertex 0.883059 3.20226 3.276
      vertex 1.38323 3.17677 3.3085
      vertex 1.41306 3.20226 3.3085
    endloop
  endfacet
  facet normal -0.0610491 0.0714459 0.995574
    outer loop
      vertex 1.38323 3.17677 3.3085
      vertex 0.883059 3.20226 3.276
      vertex 0.853228 3.17677 3.276
    endloop
  endfacet
  facet normal -0.0610493 -0.0714437 0.995575
    outer loop
      vertex 1.38323 -3.17677 3.3085
      vertex 0.883059 -3.20226 3.276
      vertex 1.41306 -3.20226 3.3085
    endloop
  endfacet
  facet normal -0.0610491 -0.0714459 0.995574
    outer loop
      vertex 0.883059 -3.20226 3.276
      vertex 1.38323 -3.17677 3.3085
      vertex 0.853228 -3.17677 3.276
    endloop
  endfacet
  facet normal 0.0611223 -0.0522091 -0.996764
    outer loop
      vertex 1.79677 -3.17677 2.0585
      vertex 1.29225 -3.14694 2.026
      vertex 1.82225 -3.14694 2.0585
    endloop
  endfacet
  facet normal 0.0611223 -0.0522091 -0.996764
    outer loop
      vertex 1.29225 -3.14694 2.026
      vertex 1.79677 -3.17677 2.0585
      vertex 1.26677 -3.17677 2.026
    endloop
  endfacet
  facet normal 0.0611861 -0.0253493 -0.997804
    outer loop
      vertex 1.84275 -3.11349 2.0585
      vertex 1.32776 -3.07726 2.026
      vertex 1.85776 -3.07726 2.0585
    endloop
  endfacet
  facet normal 0.0611861 -0.0253493 -0.997804
    outer loop
      vertex 1.32776 -3.07726 2.026
      vertex 1.84275 -3.11349 2.0585
      vertex 1.31275 -3.11349 2.026
    endloop
  endfacet
  facet normal -0.0612054 0.00482006 0.998114
    outer loop
      vertex 0.783083 3.03911 3.276
      vertex 1.31 3 3.3085
      vertex 1.31308 3.03911 3.3085
    endloop
  endfacet
  facet normal -0.0612052 0.00482318 0.998114
    outer loop
      vertex 1.31 3 3.3085
      vertex 0.783083 3.03911 3.276
      vertex 0.780001 3 3.276
    endloop
  endfacet
  facet normal 0.0611223 0.0522091 -0.996764
    outer loop
      vertex 1.29225 3.14694 2.026
      vertex 1.79677 3.17677 2.0585
      vertex 1.82225 3.14694 2.0585
    endloop
  endfacet
  facet normal 0.0611223 0.0522091 -0.996764
    outer loop
      vertex 1.79677 3.17677 2.0585
      vertex 1.29225 3.14694 2.026
      vertex 1.26677 3.17677 2.026
    endloop
  endfacet
  facet normal -0.0611865 0.0253494 0.997804
    outer loop
      vertex 0.807253 3.11349 3.276
      vertex 1.32224 3.07726 3.3085
      vertex 1.33725 3.11349 3.3085
    endloop
  endfacet
  facet normal -0.0611859 0.0253576 0.997804
    outer loop
      vertex 1.32224 3.07726 3.3085
      vertex 0.807253 3.11349 3.276
      vertex 0.792238 3.07726 3.276
    endloop
  endfacet
  facet normal -0.0611622 0.0374836 0.997424
    outer loop
      vertex 0.827745 3.14694 3.276
      vertex 1.33725 3.11349 3.3085
      vertex 1.35775 3.14694 3.3085
    endloop
  endfacet
  facet normal -0.0611632 0.0374695 0.997424
    outer loop
      vertex 1.33725 3.11349 3.3085
      vertex 0.827745 3.14694 3.276
      vertex 0.807253 3.11349 3.276
    endloop
  endfacet
  facet normal 0.0483266 0.613654 -0.788095
    outer loop
      vertex 1.12911 3.24692 2.026
      vertex 1.62 3.25 2.0585
      vertex 1.65911 3.24692 2.0585
    endloop
  endfacet
  facet normal 0.0483266 0.613654 -0.788095
    outer loop
      vertex 1.62 3.25 2.0585
      vertex 1.12911 3.24692 2.026
      vertex 1.09 3.25 2.026
    endloop
  endfacet
  facet normal 0.0610494 0.0714438 -0.995575
    outer loop
      vertex 1.26677 3.17677 2.026
      vertex 1.76694 3.20226 2.0585
      vertex 1.79677 3.17677 2.0585
    endloop
  endfacet
  facet normal 0.0610494 0.0714438 -0.995575
    outer loop
      vertex 1.76694 3.20226 2.0585
      vertex 1.26677 3.17677 2.026
      vertex 1.23694 3.20226 2.026
    endloop
  endfacet
  facet normal 0.0611628 0.0374839 -0.997424
    outer loop
      vertex 1.31275 3.11349 2.026
      vertex 1.82225 3.14694 2.0585
      vertex 1.84275 3.11349 2.0585
    endloop
  endfacet
  facet normal 0.0611628 0.0374839 -0.997424
    outer loop
      vertex 1.82225 3.14694 2.0585
      vertex 1.31275 3.11349 2.026
      vertex 1.29225 3.14694 2.026
    endloop
  endfacet
  facet normal 0.0611861 0.0253493 -0.997804
    outer loop
      vertex 1.32776 3.07726 2.026
      vertex 1.84275 3.11349 2.0585
      vertex 1.85776 3.07726 2.0585
    endloop
  endfacet
  facet normal 0.0611861 0.0253493 -0.997804
    outer loop
      vertex 1.84275 3.11349 2.0585
      vertex 1.32776 3.07726 2.026
      vertex 1.31275 3.11349 2.026
    endloop
  endfacet
  facet normal -0.0609021 0.0994229 0.99318
    outer loop
      vertex 0.916506 3.22275 3.276
      vertex 1.41306 3.20226 3.3085
      vertex 1.44651 3.22275 3.3085
    endloop
  endfacet
  facet normal -0.0609025 0.0994146 0.993181
    outer loop
      vertex 1.41306 3.20226 3.3085
      vertex 0.916506 3.22275 3.276
      vertex 0.883059 3.20226 3.276
    endloop
  endfacet
  facet normal -0.0605477 0.146186 0.987402
    outer loop
      vertex 0.952745 3.23776 3.276
      vertex 1.44651 3.22275 3.3085
      vertex 1.48275 3.23776 3.3085
    endloop
  endfacet
  facet normal -0.0605478 0.146182 0.987403
    outer loop
      vertex 1.44651 3.22275 3.3085
      vertex 0.952745 3.23776 3.276
      vertex 0.916506 3.22275 3.276
    endloop
  endfacet
  facet normal 0.0605483 0.146187 -0.987402
    outer loop
      vertex 1.20349 3.22275 2.026
      vertex 1.69725 3.23776 2.0585
      vertex 1.73349 3.22275 2.0585
    endloop
  endfacet
  facet normal 0.0605483 0.146187 -0.987402
    outer loop
      vertex 1.69725 3.23776 2.0585
      vertex 1.20349 3.22275 2.026
      vertex 1.16725 3.23776 2.026
    endloop
  endfacet
  facet normal 0.0609025 0.0994236 -0.99318
    outer loop
      vertex 1.23694 3.20226 2.026
      vertex 1.73349 3.22275 2.0585
      vertex 1.76694 3.20226 2.0585
    endloop
  endfacet
  facet normal 0.0609025 0.0994236 -0.99318
    outer loop
      vertex 1.73349 3.22275 2.0585
      vertex 1.23694 3.20226 2.026
      vertex 1.20349 3.22275 2.026
    endloop
  endfacet
  facet normal 0.0593101 0.246953 -0.967211
    outer loop
      vertex 1.16725 3.23776 2.026
      vertex 1.65911 3.24692 2.0585
      vertex 1.69725 3.23776 2.0585
    endloop
  endfacet
  facet normal 0.0593101 0.246953 -0.967211
    outer loop
      vertex 1.65911 3.24692 2.0585
      vertex 1.16725 3.23776 2.026
      vertex 1.12911 3.24692 2.026
    endloop
  endfacet
  facet normal 0.0579358 -0.735671 -0.674856
    outer loop
      vertex 1.65911 -3.24692 2.0585
      vertex 2.15 -3.25 2.104
      vertex 1.62 -3.25 2.0585
    endloop
  endfacet
  facet normal 0.0579358 -0.735671 -0.674856
    outer loop
      vertex 2.15 -3.25 2.104
      vertex 1.65911 -3.24692 2.0585
      vertex 2.18911 -3.24692 2.104
    endloop
  endfacet
  facet normal -0.0855325 -0.00673588 0.996313
    outer loop
      vertex 1.84 -3 3.354
      vertex 1.31308 -3.03911 3.3085
      vertex 1.84308 -3.03911 3.354
    endloop
  endfacet
  facet normal -0.0855325 -0.00673588 0.996313
    outer loop
      vertex 1.31308 -3.03911 3.3085
      vertex 1.84 -3 3.354
      vertex 1.31 -3 3.3085
    endloop
  endfacet
  facet normal 0.0837668 -0.202246 -0.975746
    outer loop
      vertex 2.22725 -3.23776 2.104
      vertex 1.73349 -3.22275 2.0585
      vertex 2.26349 -3.22275 2.104
    endloop
  endfacet
  facet normal 0.0837668 -0.202246 -0.975746
    outer loop
      vertex 1.73349 -3.22275 2.0585
      vertex 2.22725 -3.23776 2.104
      vertex 1.69725 -3.23776 2.0585
    endloop
  endfacet
  facet normal 0.0805768 -0.335502 -0.938587
    outer loop
      vertex 2.18911 -3.24692 2.104
      vertex 1.69725 -3.23776 2.0585
      vertex 2.22725 -3.23776 2.104
    endloop
  endfacet
  facet normal 0.0805768 -0.335502 -0.938587
    outer loop
      vertex 1.69725 -3.23776 2.0585
      vertex 2.18911 -3.24692 2.104
      vertex 1.65911 -3.24692 2.0585
    endloop
  endfacet
  facet normal -0.0855344 0 0.996335
    outer loop
      vertex 1.31 3 3.3085
      vertex 1.84 -3 3.354
      vertex 1.84 3 3.354
    endloop
  endfacet
  facet normal -0.0855344 0 0.996335
    outer loop
      vertex 1.84 -3 3.354
      vertex 1.31 3 3.3085
      vertex 1.31 -3 3.3085
    endloop
  endfacet
  facet normal -0.0837668 -0.202246 0.975746
    outer loop
      vertex 1.97651 -3.22275 3.354
      vertex 1.48275 -3.23776 3.3085
      vertex 2.01275 -3.23776 3.354
    endloop
  endfacet
  facet normal -0.0837668 -0.202246 0.975746
    outer loop
      vertex 1.48275 -3.23776 3.3085
      vertex 1.97651 -3.22275 3.354
      vertex 1.44651 -3.22275 3.3085
    endloop
  endfacet
  facet normal -0.0805768 -0.335502 0.938587
    outer loop
      vertex 2.01275 -3.23776 3.354
      vertex 1.52089 -3.24692 3.3085
      vertex 2.05089 -3.24692 3.354
    endloop
  endfacet
  facet normal -0.0805768 -0.335502 0.938587
    outer loop
      vertex 1.52089 -3.24692 3.3085
      vertex 2.01275 -3.23776 3.354
      vertex 1.48275 -3.23776 3.3085
    endloop
  endfacet
  facet normal 0.0855325 -0.00673588 -0.996313
    outer loop
      vertex 2.39692 -3.03911 2.104
      vertex 1.87 -3 2.0585
      vertex 2.4 -3 2.104
    endloop
  endfacet
  facet normal 0.0855325 -0.00673588 -0.996313
    outer loop
      vertex 1.87 -3 2.0585
      vertex 2.39692 -3.03911 2.104
      vertex 1.86692 -3.03911 2.0585
    endloop
  endfacet
  facet normal -0.0579358 0.735671 0.674856
    outer loop
      vertex 1.56 3.25 3.3085
      vertex 2.05089 3.24692 3.354
      vertex 2.09 3.25 3.354
    endloop
  endfacet
  facet normal -0.0579358 0.735671 0.674856
    outer loop
      vertex 2.05089 3.24692 3.354
      vertex 1.56 3.25 3.3085
      vertex 1.52089 3.24692 3.3085
    endloop
  endfacet
  facet normal -0.0851091 -0.0996 0.991381
    outer loop
      vertex 1.91323 -3.17677 3.354
      vertex 1.41306 -3.20226 3.3085
      vertex 1.94306 -3.20226 3.354
    endloop
  endfacet
  facet normal -0.0851091 -0.0996 0.991381
    outer loop
      vertex 1.41306 -3.20226 3.3085
      vertex 1.91323 -3.17677 3.354
      vertex 1.38323 -3.17677 3.3085
    endloop
  endfacet
  facet normal 0.0851091 -0.0996 -0.991381
    outer loop
      vertex 2.29694 -3.20226 2.104
      vertex 1.79677 -3.17677 2.0585
      vertex 2.32677 -3.17677 2.104
    endloop
  endfacet
  facet normal 0.0851091 -0.0996 -0.991381
    outer loop
      vertex 1.79677 -3.17677 2.0585
      vertex 2.29694 -3.20226 2.104
      vertex 1.76694 -3.20226 2.0585
    endloop
  endfacet
  facet normal 0.0854172 -0.0523483 -0.994969
    outer loop
      vertex 2.35225 -3.14694 2.104
      vertex 1.84275 -3.11349 2.0585
      vertex 2.37275 -3.11349 2.104
    endloop
  endfacet
  facet normal 0.0854172 -0.0523483 -0.994969
    outer loop
      vertex 1.84275 -3.11349 2.0585
      vertex 2.35225 -3.14694 2.104
      vertex 1.82225 -3.14694 2.0585
    endloop
  endfacet
  facet normal -0.0805768 0.335502 0.938587
    outer loop
      vertex 1.52089 3.24692 3.3085
      vertex 2.01275 3.23776 3.354
      vertex 2.05089 3.24692 3.354
    endloop
  endfacet
  facet normal -0.0805768 0.335502 0.938587
    outer loop
      vertex 2.01275 3.23776 3.354
      vertex 1.52089 3.24692 3.3085
      vertex 1.48275 3.23776 3.3085
    endloop
  endfacet
  facet normal 0.0855344 0 -0.996335
    outer loop
      vertex 1.87 -3 2.0585
      vertex 2.4 3 2.104
      vertex 2.4 -3 2.104
    endloop
  endfacet
  facet normal 0.0855344 0 -0.996335
    outer loop
      vertex 2.4 3 2.104
      vertex 1.87 -3 2.0585
      vertex 1.87 3 2.0585
    endloop
  endfacet
  facet normal -0.0854808 -0.0354145 0.99571
    outer loop
      vertex 1.85224 -3.07726 3.354
      vertex 1.33725 -3.11349 3.3085
      vertex 1.86725 -3.11349 3.354
    endloop
  endfacet
  facet normal -0.0854808 -0.0354145 0.99571
    outer loop
      vertex 1.33725 -3.11349 3.3085
      vertex 1.85224 -3.07726 3.354
      vertex 1.32224 -3.07726 3.3085
    endloop
  endfacet
  facet normal -0.0855164 -0.0205329 0.996125
    outer loop
      vertex 1.84308 -3.03911 3.354
      vertex 1.32224 -3.07726 3.3085
      vertex 1.85224 -3.07726 3.354
    endloop
  endfacet
  facet normal -0.0855164 -0.0205329 0.996125
    outer loop
      vertex 1.32224 -3.07726 3.3085
      vertex 1.84308 -3.03911 3.354
      vertex 1.31308 -3.03911 3.3085
    endloop
  endfacet
  facet normal -0.0847126 -0.138294 0.986762
    outer loop
      vertex 1.94306 -3.20226 3.354
      vertex 1.44651 -3.22275 3.3085
      vertex 1.97651 -3.22275 3.354
    endloop
  endfacet
  facet normal -0.0847126 -0.138294 0.986762
    outer loop
      vertex 1.44651 -3.22275 3.3085
      vertex 1.94306 -3.20226 3.354
      vertex 1.41306 -3.20226 3.3085
    endloop
  endfacet
  facet normal -0.0853071 -0.072867 0.993687
    outer loop
      vertex 1.88775 -3.14694 3.354
      vertex 1.38323 -3.17677 3.3085
      vertex 1.91323 -3.17677 3.354
    endloop
  endfacet
  facet normal -0.0853071 -0.072867 0.993687
    outer loop
      vertex 1.38323 -3.17677 3.3085
      vertex 1.88775 -3.14694 3.354
      vertex 1.35775 -3.14694 3.3085
    endloop
  endfacet
  facet normal 0.0847126 -0.138294 -0.986762
    outer loop
      vertex 2.26349 -3.22275 2.104
      vertex 1.76694 -3.20226 2.0585
      vertex 2.29694 -3.20226 2.104
    endloop
  endfacet
  facet normal 0.0847126 -0.138294 -0.986762
    outer loop
      vertex 1.76694 -3.20226 2.0585
      vertex 2.26349 -3.22275 2.104
      vertex 1.73349 -3.22275 2.0585
    endloop
  endfacet
  facet normal 0.0855164 -0.0205329 -0.996125
    outer loop
      vertex 2.38776 -3.07726 2.104
      vertex 1.86692 -3.03911 2.0585
      vertex 2.39692 -3.03911 2.104
    endloop
  endfacet
  facet normal 0.0855164 -0.0205329 -0.996125
    outer loop
      vertex 1.86692 -3.03911 2.0585
      vertex 2.38776 -3.07726 2.104
      vertex 1.85776 -3.07726 2.0585
    endloop
  endfacet
  facet normal 0.0854808 -0.0354145 -0.99571
    outer loop
      vertex 2.37275 -3.11349 2.104
      vertex 1.85776 -3.07726 2.0585
      vertex 2.38776 -3.07726 2.104
    endloop
  endfacet
  facet normal 0.0854808 -0.0354145 -0.99571
    outer loop
      vertex 1.85776 -3.07726 2.0585
      vertex 2.37275 -3.11349 2.104
      vertex 1.84275 -3.11349 2.0585
    endloop
  endfacet
  facet normal 0.0837668 0.202246 -0.975746
    outer loop
      vertex 1.73349 3.22275 2.0585
      vertex 2.22725 3.23776 2.104
      vertex 2.26349 3.22275 2.104
    endloop
  endfacet
  facet normal 0.0837668 0.202246 -0.975746
    outer loop
      vertex 2.22725 3.23776 2.104
      vertex 1.73349 3.22275 2.0585
      vertex 1.69725 3.23776 2.0585
    endloop
  endfacet
  facet normal -0.0579358 -0.735671 0.674856
    outer loop
      vertex 1.56 -3.25 3.3085
      vertex 2.05089 -3.24692 3.354
      vertex 1.52089 -3.24692 3.3085
    endloop
  endfacet
  facet normal -0.0579358 -0.735671 0.674856
    outer loop
      vertex 2.05089 -3.24692 3.354
      vertex 1.56 -3.25 3.3085
      vertex 2.09 -3.25 3.354
    endloop
  endfacet
  facet normal 0.0855325 0.00673588 -0.996313
    outer loop
      vertex 1.87 3 2.0585
      vertex 2.39692 3.03911 2.104
      vertex 2.4 3 2.104
    endloop
  endfacet
  facet normal 0.0855325 0.00673588 -0.996313
    outer loop
      vertex 2.39692 3.03911 2.104
      vertex 1.87 3 2.0585
      vertex 1.86692 3.03911 2.0585
    endloop
  endfacet
  facet normal -0.0854172 0.0523483 0.994969
    outer loop
      vertex 1.35775 3.14694 3.3085
      vertex 1.86725 3.11349 3.354
      vertex 1.88775 3.14694 3.354
    endloop
  endfacet
  facet normal -0.0854172 0.0523483 0.994969
    outer loop
      vertex 1.86725 3.11349 3.354
      vertex 1.35775 3.14694 3.3085
      vertex 1.33725 3.11349 3.3085
    endloop
  endfacet
  facet normal -0.0847126 0.138294 0.986762
    outer loop
      vertex 1.44651 3.22275 3.3085
      vertex 1.94306 3.20226 3.354
      vertex 1.97651 3.22275 3.354
    endloop
  endfacet
  facet normal -0.0847126 0.138294 0.986762
    outer loop
      vertex 1.94306 3.20226 3.354
      vertex 1.44651 3.22275 3.3085
      vertex 1.41306 3.20226 3.3085
    endloop
  endfacet
  facet normal -0.0837668 0.202246 0.975746
    outer loop
      vertex 1.48275 3.23776 3.3085
      vertex 1.97651 3.22275 3.354
      vertex 2.01275 3.23776 3.354
    endloop
  endfacet
  facet normal -0.0837668 0.202246 0.975746
    outer loop
      vertex 1.97651 3.22275 3.354
      vertex 1.48275 3.23776 3.3085
      vertex 1.44651 3.22275 3.3085
    endloop
  endfacet
  facet normal -0.0853071 0.072867 0.993687
    outer loop
      vertex 1.38323 3.17677 3.3085
      vertex 1.88775 3.14694 3.354
      vertex 1.91323 3.17677 3.354
    endloop
  endfacet
  facet normal -0.0853071 0.072867 0.993687
    outer loop
      vertex 1.88775 3.14694 3.354
      vertex 1.38323 3.17677 3.3085
      vertex 1.35775 3.14694 3.3085
    endloop
  endfacet
  facet normal -0.0851091 0.0996 0.991381
    outer loop
      vertex 1.41306 3.20226 3.3085
      vertex 1.91323 3.17677 3.354
      vertex 1.94306 3.20226 3.354
    endloop
  endfacet
  facet normal -0.0851091 0.0996 0.991381
    outer loop
      vertex 1.91323 3.17677 3.354
      vertex 1.41306 3.20226 3.3085
      vertex 1.38323 3.17677 3.3085
    endloop
  endfacet
  facet normal 0.0853071 -0.072867 -0.993687
    outer loop
      vertex 2.32677 -3.17677 2.104
      vertex 1.82225 -3.14694 2.0585
      vertex 2.35225 -3.14694 2.104
    endloop
  endfacet
  facet normal 0.0853071 -0.072867 -0.993687
    outer loop
      vertex 1.82225 -3.14694 2.0585
      vertex 2.32677 -3.17677 2.104
      vertex 1.79677 -3.17677 2.0585
    endloop
  endfacet
  facet normal -0.0854808 0.0354145 0.99571
    outer loop
      vertex 1.33725 3.11349 3.3085
      vertex 1.85224 3.07726 3.354
      vertex 1.86725 3.11349 3.354
    endloop
  endfacet
  facet normal -0.0854808 0.0354145 0.99571
    outer loop
      vertex 1.85224 3.07726 3.354
      vertex 1.33725 3.11349 3.3085
      vertex 1.32224 3.07726 3.3085
    endloop
  endfacet
  facet normal -0.0855325 0.00673588 0.996313
    outer loop
      vertex 1.31308 3.03911 3.3085
      vertex 1.84 3 3.354
      vertex 1.84308 3.03911 3.354
    endloop
  endfacet
  facet normal -0.0855325 0.00673588 0.996313
    outer loop
      vertex 1.84 3 3.354
      vertex 1.31308 3.03911 3.3085
      vertex 1.31 3 3.3085
    endloop
  endfacet
  facet normal -0.0855164 0.0205329 0.996125
    outer loop
      vertex 1.32224 3.07726 3.3085
      vertex 1.84308 3.03911 3.354
      vertex 1.85224 3.07726 3.354
    endloop
  endfacet
  facet normal -0.0855164 0.0205329 0.996125
    outer loop
      vertex 1.84308 3.03911 3.354
      vertex 1.32224 3.07726 3.3085
      vertex 1.31308 3.03911 3.3085
    endloop
  endfacet
  facet normal -0.0854172 -0.0523483 0.994969
    outer loop
      vertex 1.86725 -3.11349 3.354
      vertex 1.35775 -3.14694 3.3085
      vertex 1.88775 -3.14694 3.354
    endloop
  endfacet
  facet normal -0.0854172 -0.0523483 0.994969
    outer loop
      vertex 1.35775 -3.14694 3.3085
      vertex 1.86725 -3.11349 3.354
      vertex 1.33725 -3.11349 3.3085
    endloop
  endfacet
  facet normal 0.0851091 0.0996 -0.991381
    outer loop
      vertex 1.79677 3.17677 2.0585
      vertex 2.29694 3.20226 2.104
      vertex 2.32677 3.17677 2.104
    endloop
  endfacet
  facet normal 0.0851091 0.0996 -0.991381
    outer loop
      vertex 2.29694 3.20226 2.104
      vertex 1.79677 3.17677 2.0585
      vertex 1.76694 3.20226 2.0585
    endloop
  endfacet
  facet normal 0.0855164 0.0205329 -0.996125
    outer loop
      vertex 1.86692 3.03911 2.0585
      vertex 2.38776 3.07726 2.104
      vertex 2.39692 3.03911 2.104
    endloop
  endfacet
  facet normal 0.0855164 0.0205329 -0.996125
    outer loop
      vertex 2.38776 3.07726 2.104
      vertex 1.86692 3.03911 2.0585
      vertex 1.85776 3.07726 2.0585
    endloop
  endfacet
  facet normal 0.0847126 0.138294 -0.986762
    outer loop
      vertex 1.76694 3.20226 2.0585
      vertex 2.26349 3.22275 2.104
      vertex 2.29694 3.20226 2.104
    endloop
  endfacet
  facet normal 0.0847126 0.138294 -0.986762
    outer loop
      vertex 2.26349 3.22275 2.104
      vertex 1.76694 3.20226 2.0585
      vertex 1.73349 3.22275 2.0585
    endloop
  endfacet
  facet normal 0.0853071 0.072867 -0.993687
    outer loop
      vertex 1.82225 3.14694 2.0585
      vertex 2.32677 3.17677 2.104
      vertex 2.35225 3.14694 2.104
    endloop
  endfacet
  facet normal 0.0853071 0.072867 -0.993687
    outer loop
      vertex 2.32677 3.17677 2.104
      vertex 1.82225 3.14694 2.0585
      vertex 1.79677 3.17677 2.0585
    endloop
  endfacet
  facet normal 0.0854808 0.0354145 -0.99571
    outer loop
      vertex 1.85776 3.07726 2.0585
      vertex 2.37275 3.11349 2.104
      vertex 2.38776 3.07726 2.104
    endloop
  endfacet
  facet normal 0.0854808 0.0354145 -0.99571
    outer loop
      vertex 2.37275 3.11349 2.104
      vertex 1.85776 3.07726 2.0585
      vertex 1.84275 3.11349 2.0585
    endloop
  endfacet
  facet normal 0.0854172 0.0523483 -0.994969
    outer loop
      vertex 1.84275 3.11349 2.0585
      vertex 2.35225 3.14694 2.104
      vertex 2.37275 3.11349 2.104
    endloop
  endfacet
  facet normal 0.0854172 0.0523483 -0.994969
    outer loop
      vertex 2.35225 3.14694 2.104
      vertex 1.84275 3.11349 2.0585
      vertex 1.82225 3.14694 2.0585
    endloop
  endfacet
  facet normal 0.0579358 0.735671 -0.674856
    outer loop
      vertex 1.65911 3.24692 2.0585
      vertex 2.15 3.25 2.104
      vertex 2.18911 3.24692 2.104
    endloop
  endfacet
  facet normal 0.0579358 0.735671 -0.674856
    outer loop
      vertex 2.15 3.25 2.104
      vertex 1.65911 3.24692 2.0585
      vertex 1.62 3.25 2.0585
    endloop
  endfacet
  facet normal 0.0805768 0.335502 -0.938587
    outer loop
      vertex 1.69725 3.23776 2.0585
      vertex 2.18911 3.24692 2.104
      vertex 2.22725 3.23776 2.104
    endloop
  endfacet
  facet normal 0.0805768 0.335502 -0.938587
    outer loop
      vertex 2.18911 3.24692 2.104
      vertex 1.69725 3.23776 2.0585
      vertex 1.65911 3.24692 2.0585
    endloop
  endfacet
  facet normal 0.0639764 -0.812375 -0.579615
    outer loop
      vertex 2.18911 -3.24692 2.104
      vertex 2.68 -3.25 2.1625
      vertex 2.15 -3.25 2.104
    endloop
  endfacet
  facet normal 0.0639764 -0.812375 -0.579615
    outer loop
      vertex 2.68 -3.25 2.1625
      vertex 2.18911 -3.24692 2.104
      vertex 2.71911 -3.24692 2.1625
    endloop
  endfacet
  facet normal -0.109707 -0.00863967 0.993926
    outer loop
      vertex 2.37 -3 3.4125
      vertex 1.84308 -3.03911 3.354
      vertex 2.37308 -3.03911 3.4125
    endloop
  endfacet
  facet normal -0.109707 -0.00863967 0.993926
    outer loop
      vertex 1.84308 -3.03911 3.354
      vertex 2.37 -3 3.4125
      vertex 1.84 -3 3.354
    endloop
  endfacet
  facet normal 0.106054 -0.256055 -0.960827
    outer loop
      vertex 2.75725 -3.23776 2.1625
      vertex 2.26349 -3.22275 2.104
      vertex 2.79349 -3.22275 2.1625
    endloop
  endfacet
  facet normal 0.106054 -0.256055 -0.960827
    outer loop
      vertex 2.26349 -3.22275 2.104
      vertex 2.75725 -3.23776 2.1625
      vertex 2.22725 -3.23776 2.104
    endloop
  endfacet
  facet normal 0.099792 -0.415509 -0.904098
    outer loop
      vertex 2.71911 -3.24692 2.1625
      vertex 2.22725 -3.23776 2.104
      vertex 2.75725 -3.23776 2.1625
    endloop
  endfacet
  facet normal 0.099792 -0.415509 -0.904098
    outer loop
      vertex 2.22725 -3.23776 2.104
      vertex 2.71911 -3.24692 2.1625
      vertex 2.18911 -3.24692 2.104
    endloop
  endfacet
  facet normal -0.109711 0 0.993964
    outer loop
      vertex 1.84 3 3.354
      vertex 2.37 -3 3.4125
      vertex 2.37 3 3.4125
    endloop
  endfacet
  facet normal -0.109711 0 0.993964
    outer loop
      vertex 2.37 -3 3.4125
      vertex 1.84 3 3.354
      vertex 1.84 -3 3.354
    endloop
  endfacet
  facet normal -0.106054 -0.256055 0.960827
    outer loop
      vertex 2.50651 -3.22275 3.4125
      vertex 2.01275 -3.23776 3.354
      vertex 2.54275 -3.23776 3.4125
    endloop
  endfacet
  facet normal -0.106054 -0.256055 0.960827
    outer loop
      vertex 2.01275 -3.23776 3.354
      vertex 2.50651 -3.22275 3.4125
      vertex 1.97651 -3.22275 3.354
    endloop
  endfacet
  facet normal -0.099792 -0.415509 0.904098
    outer loop
      vertex 2.54275 -3.23776 3.4125
      vertex 2.05089 -3.24692 3.354
      vertex 2.58089 -3.24692 3.4125
    endloop
  endfacet
  facet normal -0.099792 -0.415509 0.904098
    outer loop
      vertex 2.05089 -3.24692 3.354
      vertex 2.54275 -3.23776 3.4125
      vertex 2.01275 -3.23776 3.354
    endloop
  endfacet
  facet normal -0.109232 0.0933035 0.989628
    outer loop
      vertex 1.91323 3.17677 3.354
      vertex 2.41775 3.14694 3.4125
      vertex 2.44323 3.17677 3.4125
    endloop
  endfacet
  facet normal -0.109232 0.0933035 0.989628
    outer loop
      vertex 2.41775 3.14694 3.4125
      vertex 1.91323 3.17677 3.354
      vertex 1.88775 3.14694 3.354
    endloop
  endfacet
  facet normal -0.0639764 0.812375 0.579615
    outer loop
      vertex 2.09 3.25 3.354
      vertex 2.58089 3.24692 3.4125
      vertex 2.62 3.25 3.4125
    endloop
  endfacet
  facet normal -0.0639764 0.812375 0.579615
    outer loop
      vertex 2.58089 3.24692 3.4125
      vertex 2.09 3.25 3.354
      vertex 2.05089 3.24692 3.354
    endloop
  endfacet
  facet normal -0.109232 -0.0933035 0.989628
    outer loop
      vertex 2.41775 -3.14694 3.4125
      vertex 1.91323 -3.17677 3.354
      vertex 2.44323 -3.17677 3.4125
    endloop
  endfacet
  facet normal -0.109232 -0.0933035 0.989628
    outer loop
      vertex 1.91323 -3.17677 3.354
      vertex 2.41775 -3.14694 3.4125
      vertex 1.88775 -3.14694 3.354
    endloop
  endfacet
  facet normal -0.0639764 -0.812375 0.579615
    outer loop
      vertex 2.09 -3.25 3.354
      vertex 2.58089 -3.24692 3.4125
      vertex 2.05089 -3.24692 3.354
    endloop
  endfacet
  facet normal -0.0639764 -0.812375 0.579615
    outer loop
      vertex 2.58089 -3.24692 3.4125
      vertex 2.09 -3.25 3.354
      vertex 2.62 -3.25 3.4125
    endloop
  endfacet
  facet normal -0.109598 -0.0454061 0.992938
    outer loop
      vertex 2.38224 -3.07726 3.4125
      vertex 1.86725 -3.11349 3.354
      vertex 2.39725 -3.11349 3.4125
    endloop
  endfacet
  facet normal -0.109598 -0.0454061 0.992938
    outer loop
      vertex 1.86725 -3.11349 3.354
      vertex 2.38224 -3.07726 3.4125
      vertex 1.85224 -3.07726 3.354
    endloop
  endfacet
  facet normal -0.099792 0.415509 0.904098
    outer loop
      vertex 2.05089 3.24692 3.354
      vertex 2.54275 3.23776 3.4125
      vertex 2.58089 3.24692 3.4125
    endloop
  endfacet
  facet normal -0.099792 0.415509 0.904098
    outer loop
      vertex 2.54275 3.23776 3.4125
      vertex 2.05089 3.24692 3.354
      vertex 2.01275 3.23776 3.354
    endloop
  endfacet
  facet normal -0.109673 0.026333 0.993619
    outer loop
      vertex 1.85224 3.07726 3.354
      vertex 2.37308 3.03911 3.4125
      vertex 2.38224 3.07726 3.4125
    endloop
  endfacet
  facet normal -0.109673 0.026333 0.993619
    outer loop
      vertex 2.37308 3.03911 3.4125
      vertex 1.85224 3.07726 3.354
      vertex 1.84308 3.03911 3.354
    endloop
  endfacet
  facet normal -0.109464 -0.0670855 0.991724
    outer loop
      vertex 2.39725 -3.11349 3.4125
      vertex 1.88775 -3.14694 3.354
      vertex 2.41775 -3.14694 3.4125
    endloop
  endfacet
  facet normal -0.109464 -0.0670855 0.991724
    outer loop
      vertex 1.88775 -3.14694 3.354
      vertex 2.39725 -3.11349 3.4125
      vertex 1.86725 -3.11349 3.354
    endloop
  endfacet
  facet normal -0.109673 -0.026333 0.993619
    outer loop
      vertex 2.37308 -3.03911 3.4125
      vertex 1.85224 -3.07726 3.354
      vertex 2.38224 -3.07726 3.4125
    endloop
  endfacet
  facet normal -0.109673 -0.026333 0.993619
    outer loop
      vertex 1.85224 -3.07726 3.354
      vertex 2.37308 -3.03911 3.4125
      vertex 1.84308 -3.03911 3.354
    endloop
  endfacet
  facet normal -0.107993 -0.176298 0.978395
    outer loop
      vertex 2.47306 -3.20226 3.4125
      vertex 1.97651 -3.22275 3.354
      vertex 2.50651 -3.22275 3.4125
    endloop
  endfacet
  facet normal -0.107993 -0.176298 0.978395
    outer loop
      vertex 1.97651 -3.22275 3.354
      vertex 2.47306 -3.20226 3.4125
      vertex 1.94306 -3.20226 3.354
    endloop
  endfacet
  facet normal 0.107993 -0.176298 -0.978395
    outer loop
      vertex 2.79349 -3.22275 2.1625
      vertex 2.29694 -3.20226 2.104
      vertex 2.82694 -3.20226 2.1625
    endloop
  endfacet
  facet normal 0.107993 -0.176298 -0.978395
    outer loop
      vertex 2.29694 -3.20226 2.104
      vertex 2.79349 -3.22275 2.1625
      vertex 2.26349 -3.22275 2.104
    endloop
  endfacet
  facet normal 0.108818 -0.127345 -0.985871
    outer loop
      vertex 2.82694 -3.20226 2.1625
      vertex 2.32677 -3.17677 2.104
      vertex 2.85677 -3.17677 2.1625
    endloop
  endfacet
  facet normal 0.108818 -0.127345 -0.985871
    outer loop
      vertex 2.32677 -3.17677 2.104
      vertex 2.82694 -3.20226 2.1625
      vertex 2.29694 -3.20226 2.104
    endloop
  endfacet
  facet normal 0.109673 -0.026333 -0.993619
    outer loop
      vertex 2.91776 -3.07726 2.1625
      vertex 2.39692 -3.03911 2.104
      vertex 2.92692 -3.03911 2.1625
    endloop
  endfacet
  facet normal 0.109673 -0.026333 -0.993619
    outer loop
      vertex 2.39692 -3.03911 2.104
      vertex 2.91776 -3.07726 2.1625
      vertex 2.38776 -3.07726 2.104
    endloop
  endfacet
  facet normal 0.109464 -0.0670855 -0.991724
    outer loop
      vertex 2.88225 -3.14694 2.1625
      vertex 2.37275 -3.11349 2.104
      vertex 2.90275 -3.11349 2.1625
    endloop
  endfacet
  facet normal 0.109464 -0.0670855 -0.991724
    outer loop
      vertex 2.37275 -3.11349 2.104
      vertex 2.88225 -3.14694 2.1625
      vertex 2.35225 -3.14694 2.104
    endloop
  endfacet
  facet normal 0.099792 0.415509 -0.904098
    outer loop
      vertex 2.22725 3.23776 2.104
      vertex 2.71911 3.24692 2.1625
      vertex 2.75725 3.23776 2.1625
    endloop
  endfacet
  facet normal 0.099792 0.415509 -0.904098
    outer loop
      vertex 2.71911 3.24692 2.1625
      vertex 2.22725 3.23776 2.104
      vertex 2.18911 3.24692 2.104
    endloop
  endfacet
  facet normal 0.109464 0.0670855 -0.991724
    outer loop
      vertex 2.37275 3.11349 2.104
      vertex 2.88225 3.14694 2.1625
      vertex 2.90275 3.11349 2.1625
    endloop
  endfacet
  facet normal 0.109464 0.0670855 -0.991724
    outer loop
      vertex 2.88225 3.14694 2.1625
      vertex 2.37275 3.11349 2.104
      vertex 2.35225 3.14694 2.104
    endloop
  endfacet
  facet normal 0.109707 0.00863967 -0.993926
    outer loop
      vertex 2.4 3 2.104
      vertex 2.92692 3.03911 2.1625
      vertex 2.93 3 2.1625
    endloop
  endfacet
  facet normal 0.109707 0.00863967 -0.993926
    outer loop
      vertex 2.92692 3.03911 2.1625
      vertex 2.4 3 2.104
      vertex 2.39692 3.03911 2.104
    endloop
  endfacet
  facet normal 0.109711 0 -0.993964
    outer loop
      vertex 2.4 -3 2.104
      vertex 2.93 3 2.1625
      vertex 2.93 -3 2.1625
    endloop
  endfacet
  facet normal 0.109711 0 -0.993964
    outer loop
      vertex 2.93 3 2.1625
      vertex 2.4 -3 2.104
      vertex 2.4 3 2.104
    endloop
  endfacet
  facet normal -0.106054 0.256055 0.960827
    outer loop
      vertex 2.01275 3.23776 3.354
      vertex 2.50651 3.22275 3.4125
      vertex 2.54275 3.23776 3.4125
    endloop
  endfacet
  facet normal -0.106054 0.256055 0.960827
    outer loop
      vertex 2.50651 3.22275 3.4125
      vertex 2.01275 3.23776 3.354
      vertex 1.97651 3.22275 3.354
    endloop
  endfacet
  facet normal -0.107993 0.176298 0.978395
    outer loop
      vertex 1.97651 3.22275 3.354
      vertex 2.47306 3.20226 3.4125
      vertex 2.50651 3.22275 3.4125
    endloop
  endfacet
  facet normal -0.107993 0.176298 0.978395
    outer loop
      vertex 2.47306 3.20226 3.4125
      vertex 1.97651 3.22275 3.354
      vertex 1.94306 3.20226 3.354
    endloop
  endfacet
  facet normal -0.108818 0.127345 0.985871
    outer loop
      vertex 1.94306 3.20226 3.354
      vertex 2.44323 3.17677 3.4125
      vertex 2.47306 3.20226 3.4125
    endloop
  endfacet
  facet normal -0.108818 0.127345 0.985871
    outer loop
      vertex 2.44323 3.17677 3.4125
      vertex 1.94306 3.20226 3.354
      vertex 1.91323 3.17677 3.354
    endloop
  endfacet
  facet normal -0.108818 -0.127345 0.985871
    outer loop
      vertex 2.44323 -3.17677 3.4125
      vertex 1.94306 -3.20226 3.354
      vertex 2.47306 -3.20226 3.4125
    endloop
  endfacet
  facet normal -0.108818 -0.127345 0.985871
    outer loop
      vertex 1.94306 -3.20226 3.354
      vertex 2.44323 -3.17677 3.4125
      vertex 1.91323 -3.17677 3.354
    endloop
  endfacet
  facet normal 0.109232 -0.0933035 -0.989628
    outer loop
      vertex 2.85677 -3.17677 2.1625
      vertex 2.35225 -3.14694 2.104
      vertex 2.88225 -3.14694 2.1625
    endloop
  endfacet
  facet normal 0.109232 -0.0933035 -0.989628
    outer loop
      vertex 2.35225 -3.14694 2.104
      vertex 2.85677 -3.17677 2.1625
      vertex 2.32677 -3.17677 2.104
    endloop
  endfacet
  facet normal 0.109598 -0.0454061 -0.992938
    outer loop
      vertex 2.90275 -3.11349 2.1625
      vertex 2.38776 -3.07726 2.104
      vertex 2.91776 -3.07726 2.1625
    endloop
  endfacet
  facet normal 0.109598 -0.0454061 -0.992938
    outer loop
      vertex 2.38776 -3.07726 2.104
      vertex 2.90275 -3.11349 2.1625
      vertex 2.37275 -3.11349 2.104
    endloop
  endfacet
  facet normal -0.109707 0.00863967 0.993926
    outer loop
      vertex 1.84308 3.03911 3.354
      vertex 2.37 3 3.4125
      vertex 2.37308 3.03911 3.4125
    endloop
  endfacet
  facet normal -0.109707 0.00863967 0.993926
    outer loop
      vertex 2.37 3 3.4125
      vertex 1.84308 3.03911 3.354
      vertex 1.84 3 3.354
    endloop
  endfacet
  facet normal 0.109707 -0.00863967 -0.993926
    outer loop
      vertex 2.92692 -3.03911 2.1625
      vertex 2.4 -3 2.104
      vertex 2.93 -3 2.1625
    endloop
  endfacet
  facet normal 0.109707 -0.00863967 -0.993926
    outer loop
      vertex 2.4 -3 2.104
      vertex 2.92692 -3.03911 2.1625
      vertex 2.39692 -3.03911 2.104
    endloop
  endfacet
  facet normal -0.109598 0.0454061 0.992938
    outer loop
      vertex 1.86725 3.11349 3.354
      vertex 2.38224 3.07726 3.4125
      vertex 2.39725 3.11349 3.4125
    endloop
  endfacet
  facet normal -0.109598 0.0454061 0.992938
    outer loop
      vertex 2.38224 3.07726 3.4125
      vertex 1.86725 3.11349 3.354
      vertex 1.85224 3.07726 3.354
    endloop
  endfacet
  facet normal -0.109464 0.0670855 0.991724
    outer loop
      vertex 1.88775 3.14694 3.354
      vertex 2.39725 3.11349 3.4125
      vertex 2.41775 3.14694 3.4125
    endloop
  endfacet
  facet normal -0.109464 0.0670855 0.991724
    outer loop
      vertex 2.39725 3.11349 3.4125
      vertex 1.88775 3.14694 3.354
      vertex 1.86725 3.11349 3.354
    endloop
  endfacet
  facet normal 0.107993 0.176298 -0.978395
    outer loop
      vertex 2.29694 3.20226 2.104
      vertex 2.79349 3.22275 2.1625
      vertex 2.82694 3.20226 2.1625
    endloop
  endfacet
  facet normal 0.107993 0.176298 -0.978395
    outer loop
      vertex 2.79349 3.22275 2.1625
      vertex 2.29694 3.20226 2.104
      vertex 2.26349 3.22275 2.104
    endloop
  endfacet
  facet normal 0.109673 0.026333 -0.993619
    outer loop
      vertex 2.39692 3.03911 2.104
      vertex 2.91776 3.07726 2.1625
      vertex 2.92692 3.03911 2.1625
    endloop
  endfacet
  facet normal 0.109673 0.026333 -0.993619
    outer loop
      vertex 2.91776 3.07726 2.1625
      vertex 2.39692 3.03911 2.104
      vertex 2.38776 3.07726 2.104
    endloop
  endfacet
  facet normal 0.106054 0.256055 -0.960827
    outer loop
      vertex 2.26349 3.22275 2.104
      vertex 2.75725 3.23776 2.1625
      vertex 2.79349 3.22275 2.1625
    endloop
  endfacet
  facet normal 0.106054 0.256055 -0.960827
    outer loop
      vertex 2.75725 3.23776 2.1625
      vertex 2.26349 3.22275 2.104
      vertex 2.22725 3.23776 2.104
    endloop
  endfacet
  facet normal 0.108818 0.127345 -0.985871
    outer loop
      vertex 2.32677 3.17677 2.104
      vertex 2.82694 3.20226 2.1625
      vertex 2.85677 3.17677 2.1625
    endloop
  endfacet
  facet normal 0.108818 0.127345 -0.985871
    outer loop
      vertex 2.82694 3.20226 2.1625
      vertex 2.32677 3.17677 2.104
      vertex 2.29694 3.20226 2.104
    endloop
  endfacet
  facet normal 0.109232 0.0933035 -0.989628
    outer loop
      vertex 2.35225 3.14694 2.104
      vertex 2.85677 3.17677 2.1625
      vertex 2.88225 3.14694 2.1625
    endloop
  endfacet
  facet normal 0.109232 0.0933035 -0.989628
    outer loop
      vertex 2.85677 3.17677 2.1625
      vertex 2.35225 3.14694 2.104
      vertex 2.32677 3.17677 2.104
    endloop
  endfacet
  facet normal 0.109598 0.0454061 -0.992938
    outer loop
      vertex 2.38776 3.07726 2.104
      vertex 2.90275 3.11349 2.1625
      vertex 2.91776 3.07726 2.1625
    endloop
  endfacet
  facet normal 0.109598 0.0454061 -0.992938
    outer loop
      vertex 2.90275 3.11349 2.1625
      vertex 2.38776 3.07726 2.104
      vertex 2.37275 3.11349 2.104
    endloop
  endfacet
  facet normal 0.0639764 0.812375 -0.579615
    outer loop
      vertex 2.18911 3.24692 2.104
      vertex 2.68 3.25 2.1625
      vertex 2.71911 3.24692 2.1625
    endloop
  endfacet
  facet normal 0.0639764 0.812375 -0.579615
    outer loop
      vertex 2.68 3.25 2.1625
      vertex 2.18911 3.24692 2.104
      vertex 2.15 3.25 2.104
    endloop
  endfacet
  facet normal 0.0678552 -0.861629 -0.502983
    outer loop
      vertex 2.71911 -3.24692 2.1625
      vertex 3.21 -3.25 2.234
      vertex 2.68 -3.25 2.1625
    endloop
  endfacet
  facet normal 0.0678552 -0.861629 -0.502983
    outer loop
      vertex 3.21 -3.25 2.234
      vertex 2.71911 -3.24692 2.1625
      vertex 3.24911 -3.24692 2.234
    endloop
  endfacet
  facet normal -0.133687 -0.0105282 0.990968
    outer loop
      vertex 2.9 -3 3.484
      vertex 2.37308 -3.03911 3.4125
      vertex 2.90308 -3.03911 3.484
    endloop
  endfacet
  facet normal -0.133687 -0.0105282 0.990968
    outer loop
      vertex 2.37308 -3.03911 3.4125
      vertex 2.9 -3 3.484
      vertex 2.37 -3 3.4125
    endloop
  endfacet
  facet normal 0.12723 -0.307184 -0.943107
    outer loop
      vertex 3.28725 -3.23776 2.234
      vertex 2.79349 -3.22275 2.1625
      vertex 3.32349 -3.22275 2.234
    endloop
  endfacet
  facet normal 0.12723 -0.307184 -0.943107
    outer loop
      vertex 2.79349 -3.22275 2.1625
      vertex 3.28725 -3.23776 2.234
      vertex 2.75725 -3.23776 2.1625
    endloop
  endfacet
  facet normal 0.116815 -0.486388 -0.865899
    outer loop
      vertex 3.24911 -3.24692 2.234
      vertex 2.75725 -3.23776 2.1625
      vertex 3.28725 -3.23776 2.234
    endloop
  endfacet
  facet normal 0.116815 -0.486388 -0.865899
    outer loop
      vertex 2.75725 -3.23776 2.1625
      vertex 3.24911 -3.24692 2.234
      vertex 2.71911 -3.24692 2.1625
    endloop
  endfacet
  facet normal -0.133695 0 0.991023
    outer loop
      vertex 2.37 3 3.4125
      vertex 2.9 -3 3.484
      vertex 2.9 3 3.484
    endloop
  endfacet
  facet normal -0.133695 0 0.991023
    outer loop
      vertex 2.9 -3 3.484
      vertex 2.37 3 3.4125
      vertex 2.37 -3 3.4125
    endloop
  endfacet
  facet normal -0.12723 -0.307184 0.943107
    outer loop
      vertex 3.03651 -3.22275 3.484
      vertex 2.54275 -3.23776 3.4125
      vertex 3.07275 -3.23776 3.484
    endloop
  endfacet
  facet normal -0.12723 -0.307184 0.943107
    outer loop
      vertex 2.54275 -3.23776 3.4125
      vertex 3.03651 -3.22275 3.484
      vertex 2.50651 -3.22275 3.4125
    endloop
  endfacet
  facet normal -0.116815 -0.486388 0.865899
    outer loop
      vertex 3.07275 -3.23776 3.484
      vertex 2.58089 -3.24692 3.4125
      vertex 3.11089 -3.24692 3.484
    endloop
  endfacet
  facet normal -0.116815 -0.486388 0.865899
    outer loop
      vertex 2.58089 -3.24692 3.4125
      vertex 3.07275 -3.23776 3.484
      vertex 2.54275 -3.23776 3.4125
    endloop
  endfacet
  facet normal 0.133687 -0.0105282 -0.990968
    outer loop
      vertex 3.45692 -3.03911 2.234
      vertex 2.93 -3 2.1625
      vertex 3.46 -3 2.234
    endloop
  endfacet
  facet normal 0.133687 -0.0105282 -0.990968
    outer loop
      vertex 2.93 -3 2.1625
      vertex 3.45692 -3.03911 2.234
      vertex 2.92692 -3.03911 2.1625
    endloop
  endfacet
  facet normal -0.0678552 0.861629 0.502983
    outer loop
      vertex 2.62 3.25 3.4125
      vertex 3.11089 3.24692 3.484
      vertex 3.15 3.25 3.484
    endloop
  endfacet
  facet normal -0.0678552 0.861629 0.502983
    outer loop
      vertex 3.11089 3.24692 3.484
      vertex 2.62 3.25 3.4125
      vertex 2.58089 3.24692 3.4125
    endloop
  endfacet
  facet normal -0.132088 -0.154577 0.979111
    outer loop
      vertex 2.97323 -3.17677 3.484
      vertex 2.47306 -3.20226 3.4125
      vertex 3.00306 -3.20226 3.484
    endloop
  endfacet
  facet normal -0.132088 -0.154577 0.979111
    outer loop
      vertex 2.47306 -3.20226 3.4125
      vertex 2.97323 -3.17677 3.484
      vertex 2.44323 -3.17677 3.4125
    endloop
  endfacet
  facet normal 0.132088 -0.154577 -0.979111
    outer loop
      vertex 3.35694 -3.20226 2.234
      vertex 2.85677 -3.17677 2.1625
      vertex 3.38677 -3.17677 2.234
    endloop
  endfacet
  facet normal 0.132088 -0.154577 -0.979111
    outer loop
      vertex 2.85677 -3.17677 2.1625
      vertex 3.35694 -3.20226 2.234
      vertex 2.82694 -3.20226 2.1625
    endloop
  endfacet
  facet normal 0.133248 -0.0816617 -0.987713
    outer loop
      vertex 3.41225 -3.14694 2.234
      vertex 2.90275 -3.11349 2.1625
      vertex 3.43275 -3.11349 2.234
    endloop
  endfacet
  facet normal 0.133248 -0.0816617 -0.987713
    outer loop
      vertex 2.90275 -3.11349 2.1625
      vertex 3.41225 -3.14694 2.234
      vertex 2.88225 -3.14694 2.1625
    endloop
  endfacet
  facet normal -0.116815 0.486388 0.865899
    outer loop
      vertex 2.58089 3.24692 3.4125
      vertex 3.07275 3.23776 3.484
      vertex 3.11089 3.24692 3.484
    endloop
  endfacet
  facet normal -0.116815 0.486388 0.865899
    outer loop
      vertex 3.07275 3.23776 3.484
      vertex 2.58089 3.24692 3.4125
      vertex 2.54275 3.23776 3.4125
    endloop
  endfacet
  facet normal -0.13349 -0.0553046 0.989506
    outer loop
      vertex 2.91224 -3.07726 3.484
      vertex 2.39725 -3.11349 3.4125
      vertex 2.92725 -3.11349 3.484
    endloop
  endfacet
  facet normal -0.13349 -0.0553046 0.989506
    outer loop
      vertex 2.39725 -3.11349 3.4125
      vertex 2.91224 -3.07726 3.484
      vertex 2.38224 -3.07726 3.4125
    endloop
  endfacet
  facet normal -0.133626 -0.0320842 0.990512
    outer loop
      vertex 2.90308 -3.03911 3.484
      vertex 2.38224 -3.07726 3.4125
      vertex 2.91224 -3.07726 3.484
    endloop
  endfacet
  facet normal -0.133626 -0.0320842 0.990512
    outer loop
      vertex 2.38224 -3.07726 3.4125
      vertex 2.90308 -3.03911 3.484
      vertex 2.37308 -3.03911 3.4125
    endloop
  endfacet
  facet normal -0.13062 -0.213237 0.96823
    outer loop
      vertex 3.00306 -3.20226 3.484
      vertex 2.50651 -3.22275 3.4125
      vertex 3.03651 -3.22275 3.484
    endloop
  endfacet
  facet normal -0.13062 -0.213237 0.96823
    outer loop
      vertex 2.50651 -3.22275 3.4125
      vertex 3.00306 -3.20226 3.484
      vertex 2.47306 -3.20226 3.4125
    endloop
  endfacet
  facet normal -0.132831 -0.113461 0.984623
    outer loop
      vertex 2.94775 -3.14694 3.484
      vertex 2.44323 -3.17677 3.4125
      vertex 2.97323 -3.17677 3.484
    endloop
  endfacet
  facet normal -0.132831 -0.113461 0.984623
    outer loop
      vertex 2.44323 -3.17677 3.4125
      vertex 2.94775 -3.14694 3.484
      vertex 2.41775 -3.14694 3.4125
    endloop
  endfacet
  facet normal 0.13062 -0.213237 -0.96823
    outer loop
      vertex 3.32349 -3.22275 2.234
      vertex 2.82694 -3.20226 2.1625
      vertex 3.35694 -3.20226 2.234
    endloop
  endfacet
  facet normal 0.13062 -0.213237 -0.96823
    outer loop
      vertex 2.82694 -3.20226 2.1625
      vertex 3.32349 -3.22275 2.234
      vertex 2.79349 -3.22275 2.1625
    endloop
  endfacet
  facet normal 0.133626 -0.0320842 -0.990512
    outer loop
      vertex 3.44776 -3.07726 2.234
      vertex 2.92692 -3.03911 2.1625
      vertex 3.45692 -3.03911 2.234
    endloop
  endfacet
  facet normal 0.133626 -0.0320842 -0.990512
    outer loop
      vertex 2.92692 -3.03911 2.1625
      vertex 3.44776 -3.07726 2.234
      vertex 2.91776 -3.07726 2.1625
    endloop
  endfacet
  facet normal 0.13349 -0.0553046 -0.989506
    outer loop
      vertex 3.43275 -3.11349 2.234
      vertex 2.91776 -3.07726 2.1625
      vertex 3.44776 -3.07726 2.234
    endloop
  endfacet
  facet normal 0.13349 -0.0553046 -0.989506
    outer loop
      vertex 2.91776 -3.07726 2.1625
      vertex 3.43275 -3.11349 2.234
      vertex 2.90275 -3.11349 2.1625
    endloop
  endfacet
  facet normal -0.0678552 -0.861629 0.502983
    outer loop
      vertex 2.62 -3.25 3.4125
      vertex 3.11089 -3.24692 3.484
      vertex 2.58089 -3.24692 3.4125
    endloop
  endfacet
  facet normal -0.0678552 -0.861629 0.502983
    outer loop
      vertex 3.11089 -3.24692 3.484
      vertex 2.62 -3.25 3.4125
      vertex 3.15 -3.25 3.484
    endloop
  endfacet
  facet normal 0.133626 0.0320842 -0.990512
    outer loop
      vertex 2.92692 3.03911 2.1625
      vertex 3.44776 3.07726 2.234
      vertex 3.45692 3.03911 2.234
    endloop
  endfacet
  facet normal 0.133626 0.0320842 -0.990512
    outer loop
      vertex 3.44776 3.07726 2.234
      vertex 2.92692 3.03911 2.1625
      vertex 2.91776 3.07726 2.1625
    endloop
  endfacet
  facet normal 0.133687 0.0105282 -0.990968
    outer loop
      vertex 2.93 3 2.1625
      vertex 3.45692 3.03911 2.234
      vertex 3.46 3 2.234
    endloop
  endfacet
  facet normal 0.133687 0.0105282 -0.990968
    outer loop
      vertex 3.45692 3.03911 2.234
      vertex 2.93 3 2.1625
      vertex 2.92692 3.03911 2.1625
    endloop
  endfacet
  facet normal 0.133695 0 -0.991023
    outer loop
      vertex 2.93 -3 2.1625
      vertex 3.46 3 2.234
      vertex 3.46 -3 2.234
    endloop
  endfacet
  facet normal 0.133695 0 -0.991023
    outer loop
      vertex 3.46 3 2.234
      vertex 2.93 -3 2.1625
      vertex 2.93 3 2.1625
    endloop
  endfacet
  facet normal -0.133248 0.0816617 0.987713
    outer loop
      vertex 2.41775 3.14694 3.4125
      vertex 2.92725 3.11349 3.484
      vertex 2.94775 3.14694 3.484
    endloop
  endfacet
  facet normal -0.133248 0.0816617 0.987713
    outer loop
      vertex 2.92725 3.11349 3.484
      vertex 2.41775 3.14694 3.4125
      vertex 2.39725 3.11349 3.4125
    endloop
  endfacet
  facet normal -0.13062 0.213237 0.96823
    outer loop
      vertex 2.50651 3.22275 3.4125
      vertex 3.00306 3.20226 3.484
      vertex 3.03651 3.22275 3.484
    endloop
  endfacet
  facet normal -0.13062 0.213237 0.96823
    outer loop
      vertex 3.00306 3.20226 3.484
      vertex 2.50651 3.22275 3.4125
      vertex 2.47306 3.20226 3.4125
    endloop
  endfacet
  facet normal -0.12723 0.307184 0.943107
    outer loop
      vertex 2.54275 3.23776 3.4125
      vertex 3.03651 3.22275 3.484
      vertex 3.07275 3.23776 3.484
    endloop
  endfacet
  facet normal -0.12723 0.307184 0.943107
    outer loop
      vertex 3.03651 3.22275 3.484
      vertex 2.54275 3.23776 3.4125
      vertex 2.50651 3.22275 3.4125
    endloop
  endfacet
  facet normal -0.132831 0.113461 0.984623
    outer loop
      vertex 2.44323 3.17677 3.4125
      vertex 2.94775 3.14694 3.484
      vertex 2.97323 3.17677 3.484
    endloop
  endfacet
  facet normal -0.132831 0.113461 0.984623
    outer loop
      vertex 2.94775 3.14694 3.484
      vertex 2.44323 3.17677 3.4125
      vertex 2.41775 3.14694 3.4125
    endloop
  endfacet
  facet normal -0.132088 0.154577 0.979111
    outer loop
      vertex 2.47306 3.20226 3.4125
      vertex 2.97323 3.17677 3.484
      vertex 3.00306 3.20226 3.484
    endloop
  endfacet
  facet normal -0.132088 0.154577 0.979111
    outer loop
      vertex 2.97323 3.17677 3.484
      vertex 2.47306 3.20226 3.4125
      vertex 2.44323 3.17677 3.4125
    endloop
  endfacet
  facet normal 0.132831 -0.113461 -0.984623
    outer loop
      vertex 3.38677 -3.17677 2.234
      vertex 2.88225 -3.14694 2.1625
      vertex 3.41225 -3.14694 2.234
    endloop
  endfacet
  facet normal 0.132831 -0.113461 -0.984623
    outer loop
      vertex 2.88225 -3.14694 2.1625
      vertex 3.38677 -3.17677 2.234
      vertex 2.85677 -3.17677 2.1625
    endloop
  endfacet
  facet normal -0.13349 0.0553046 0.989506
    outer loop
      vertex 2.39725 3.11349 3.4125
      vertex 2.91224 3.07726 3.484
      vertex 2.92725 3.11349 3.484
    endloop
  endfacet
  facet normal -0.13349 0.0553046 0.989506
    outer loop
      vertex 2.91224 3.07726 3.484
      vertex 2.39725 3.11349 3.4125
      vertex 2.38224 3.07726 3.4125
    endloop
  endfacet
  facet normal 0.133248 0.0816617 -0.987713
    outer loop
      vertex 2.90275 3.11349 2.1625
      vertex 3.41225 3.14694 2.234
      vertex 3.43275 3.11349 2.234
    endloop
  endfacet
  facet normal 0.133248 0.0816617 -0.987713
    outer loop
      vertex 3.41225 3.14694 2.234
      vertex 2.90275 3.11349 2.1625
      vertex 2.88225 3.14694 2.1625
    endloop
  endfacet
  facet normal -0.133687 0.0105282 0.990968
    outer loop
      vertex 2.37308 3.03911 3.4125
      vertex 2.9 3 3.484
      vertex 2.90308 3.03911 3.484
    endloop
  endfacet
  facet normal -0.133687 0.0105282 0.990968
    outer loop
      vertex 2.9 3 3.484
      vertex 2.37308 3.03911 3.4125
      vertex 2.37 3 3.4125
    endloop
  endfacet
  facet normal -0.133626 0.0320842 0.990512
    outer loop
      vertex 2.38224 3.07726 3.4125
      vertex 2.90308 3.03911 3.484
      vertex 2.91224 3.07726 3.484
    endloop
  endfacet
  facet normal -0.133626 0.0320842 0.990512
    outer loop
      vertex 2.90308 3.03911 3.484
      vertex 2.38224 3.07726 3.4125
      vertex 2.37308 3.03911 3.4125
    endloop
  endfacet
  facet normal -0.133248 -0.0816617 0.987713
    outer loop
      vertex 2.92725 -3.11349 3.484
      vertex 2.41775 -3.14694 3.4125
      vertex 2.94775 -3.14694 3.484
    endloop
  endfacet
  facet normal -0.133248 -0.0816617 0.987713
    outer loop
      vertex 2.41775 -3.14694 3.4125
      vertex 2.92725 -3.11349 3.484
      vertex 2.39725 -3.11349 3.4125
    endloop
  endfacet
  facet normal 0.12723 0.307184 -0.943107
    outer loop
      vertex 2.79349 3.22275 2.1625
      vertex 3.28725 3.23776 2.234
      vertex 3.32349 3.22275 2.234
    endloop
  endfacet
  facet normal 0.12723 0.307184 -0.943107
    outer loop
      vertex 3.28725 3.23776 2.234
      vertex 2.79349 3.22275 2.1625
      vertex 2.75725 3.23776 2.1625
    endloop
  endfacet
  facet normal 0.13349 0.0553046 -0.989506
    outer loop
      vertex 2.91776 3.07726 2.1625
      vertex 3.43275 3.11349 2.234
      vertex 3.44776 3.07726 2.234
    endloop
  endfacet
  facet normal 0.13349 0.0553046 -0.989506
    outer loop
      vertex 3.43275 3.11349 2.234
      vertex 2.91776 3.07726 2.1625
      vertex 2.90275 3.11349 2.1625
    endloop
  endfacet
  facet normal 0.13062 0.213237 -0.96823
    outer loop
      vertex 2.82694 3.20226 2.1625
      vertex 3.32349 3.22275 2.234
      vertex 3.35694 3.20226 2.234
    endloop
  endfacet
  facet normal 0.13062 0.213237 -0.96823
    outer loop
      vertex 3.32349 3.22275 2.234
      vertex 2.82694 3.20226 2.1625
      vertex 2.79349 3.22275 2.1625
    endloop
  endfacet
  facet normal 0.132088 0.154577 -0.979111
    outer loop
      vertex 2.85677 3.17677 2.1625
      vertex 3.35694 3.20226 2.234
      vertex 3.38677 3.17677 2.234
    endloop
  endfacet
  facet normal 0.132088 0.154577 -0.979111
    outer loop
      vertex 3.35694 3.20226 2.234
      vertex 2.85677 3.17677 2.1625
      vertex 2.82694 3.20226 2.1625
    endloop
  endfacet
  facet normal 0.132831 0.113461 -0.984623
    outer loop
      vertex 2.88225 3.14694 2.1625
      vertex 3.38677 3.17677 2.234
      vertex 3.41225 3.14694 2.234
    endloop
  endfacet
  facet normal 0.132831 0.113461 -0.984623
    outer loop
      vertex 3.38677 3.17677 2.234
      vertex 2.88225 3.14694 2.1625
      vertex 2.85677 3.17677 2.1625
    endloop
  endfacet
  facet normal 0.0678552 0.861629 -0.502983
    outer loop
      vertex 2.71911 3.24692 2.1625
      vertex 3.21 3.25 2.234
      vertex 3.24911 3.24692 2.234
    endloop
  endfacet
  facet normal 0.0678552 0.861629 -0.502983
    outer loop
      vertex 3.21 3.25 2.234
      vertex 2.71911 3.24692 2.1625
      vertex 2.68 3.25 2.1625
    endloop
  endfacet
  facet normal 0.116815 0.486388 -0.865899
    outer loop
      vertex 2.75725 3.23776 2.1625
      vertex 3.24911 3.24692 2.234
      vertex 3.28725 3.23776 2.234
    endloop
  endfacet
  facet normal 0.116815 0.486388 -0.865899
    outer loop
      vertex 3.24911 3.24692 2.234
      vertex 2.75725 3.23776 2.1625
      vertex 2.71911 3.24692 2.1625
    endloop
  endfacet
  facet normal 0.0704329 -0.89436 -0.441768
    outer loop
      vertex 3.24911 -3.24692 2.234
      vertex 3.74 -3.25 2.3185
      vertex 3.21 -3.25 2.234
    endloop
  endfacet
  facet normal 0.0704329 -0.89436 -0.441768
    outer loop
      vertex 3.74 -3.25 2.3185
      vertex 3.24911 -3.24692 2.234
      vertex 3.77911 -3.24692 2.3185
    endloop
  endfacet
  facet normal -0.157433 -0.0123982 0.987452
    outer loop
      vertex 3.43 -3 3.5685
      vertex 2.90308 -3.03911 3.484
      vertex 3.43308 -3.03911 3.5685
    endloop
  endfacet
  facet normal -0.157433 -0.0123982 0.987452
    outer loop
      vertex 2.90308 -3.03911 3.484
      vertex 3.43 -3 3.5685
      vertex 2.9 -3 3.484
    endloop
  endfacet
  facet normal 0.147171 -0.355328 -0.923083
    outer loop
      vertex 3.81725 -3.23776 2.3185
      vertex 3.32349 -3.22275 2.234
      vertex 3.85349 -3.22275 2.3185
    endloop
  endfacet
  facet normal 0.147171 -0.355328 -0.923083
    outer loop
      vertex 3.32349 -3.22275 2.234
      vertex 3.81725 -3.23776 2.3185
      vertex 3.28725 -3.23776 2.234
    endloop
  endfacet
  facet normal 0.131673 -0.548256 -0.82588
    outer loop
      vertex 3.77911 -3.24692 2.3185
      vertex 3.28725 -3.23776 2.234
      vertex 3.81725 -3.23776 2.3185
    endloop
  endfacet
  facet normal 0.131673 -0.548256 -0.82588
    outer loop
      vertex 3.28725 -3.23776 2.234
      vertex 3.77911 -3.24692 2.3185
      vertex 3.24911 -3.24692 2.234
    endloop
  endfacet
  facet normal -0.157413 0 0.987533
    outer loop
      vertex 3.43 3 3.5685
      vertex 3.38 1.125 3.56053
      vertex 3.43 1.125 3.5685
    endloop
  endfacet
  facet normal -0.157449 0 0.987527
    outer loop
      vertex 3.38 1.125 3.56053
      vertex 2.9 3 3.484
      vertex 3.38 -1.125 3.56053
    endloop
  endfacet
  facet normal -0.157445 8.94365e-07 0.987528
    outer loop
      vertex 2.9 3 3.484
      vertex 3.38 1.125 3.56053
      vertex 3.43 3 3.5685
    endloop
  endfacet
  facet normal -0.157413 0 0.987533
    outer loop
      vertex 3.38 -1.125 3.56053
      vertex 3.43 -3 3.5685
      vertex 3.43 -1.125 3.5685
    endloop
  endfacet
  facet normal -0.157449 0 0.987527
    outer loop
      vertex 2.9 -3 3.484
      vertex 3.38 -1.125 3.56053
      vertex 2.9 3 3.484
    endloop
  endfacet
  facet normal -0.157445 -8.94365e-07 0.987528
    outer loop
      vertex 3.38 -1.125 3.56053
      vertex 2.9 -3 3.484
      vertex 3.43 -3 3.5685
    endloop
  endfacet
  facet normal -0.147171 -0.355328 0.923083
    outer loop
      vertex 3.56651 -3.22275 3.5685
      vertex 3.07275 -3.23776 3.484
      vertex 3.60275 -3.23776 3.5685
    endloop
  endfacet
  facet normal -0.147171 -0.355328 0.923083
    outer loop
      vertex 3.07275 -3.23776 3.484
      vertex 3.56651 -3.22275 3.5685
      vertex 3.03651 -3.22275 3.484
    endloop
  endfacet
  facet normal -0.131673 -0.548256 0.82588
    outer loop
      vertex 3.60275 -3.23776 3.5685
      vertex 3.11089 -3.24692 3.484
      vertex 3.64089 -3.24692 3.5685
    endloop
  endfacet
  facet normal -0.131673 -0.548256 0.82588
    outer loop
      vertex 3.11089 -3.24692 3.484
      vertex 3.60275 -3.23776 3.5685
      vertex 3.07275 -3.23776 3.484
    endloop
  endfacet
  facet normal 0.157433 -0.0123982 -0.987452
    outer loop
      vertex 3.98692 -3.03911 2.3185
      vertex 3.46 -3 2.234
      vertex 3.99 -3 2.3185
    endloop
  endfacet
  facet normal 0.157433 -0.0123982 -0.987452
    outer loop
      vertex 3.46 -3 2.234
      vertex 3.98692 -3.03911 2.3185
      vertex 3.45692 -3.03911 2.234
    endloop
  endfacet
  facet normal -0.157333 -0.0377764 0.986823
    outer loop
      vertex 3.43308 -3.03911 3.5685
      vertex 2.91224 -3.07726 3.484
      vertex 3.44224 -3.07726 3.5685
    endloop
  endfacet
  facet normal -0.157333 -0.0377764 0.986823
    outer loop
      vertex 2.91224 -3.07726 3.484
      vertex 3.43308 -3.03911 3.5685
      vertex 2.90308 -3.03911 3.484
    endloop
  endfacet
  facet normal -0.156041 0.133286 0.978717
    outer loop
      vertex 2.97323 3.17677 3.484
      vertex 3.47775 3.14694 3.5685
      vertex 3.50323 3.17677 3.5685
    endloop
  endfacet
  facet normal -0.156041 0.133286 0.978717
    outer loop
      vertex 3.47775 3.14694 3.5685
      vertex 2.97323 3.17677 3.484
      vertex 2.94775 3.14694 3.484
    endloop
  endfacet
  facet normal -0.0704329 0.89436 0.441768
    outer loop
      vertex 3.15 3.25 3.484
      vertex 3.64089 3.24692 3.5685
      vertex 3.68 3.25 3.5685
    endloop
  endfacet
  facet normal -0.0704329 0.89436 0.441768
    outer loop
      vertex 3.64089 3.24692 3.5685
      vertex 3.15 3.25 3.484
      vertex 3.11089 3.24692 3.484
    endloop
  endfacet
  facet normal -0.156041 -0.133286 0.978717
    outer loop
      vertex 3.47775 -3.14694 3.5685
      vertex 2.97323 -3.17677 3.484
      vertex 3.50323 -3.17677 3.5685
    endloop
  endfacet
  facet normal -0.156041 -0.133286 0.978717
    outer loop
      vertex 2.97323 -3.17677 3.484
      vertex 3.47775 -3.14694 3.5685
      vertex 2.94775 -3.14694 3.484
    endloop
  endfacet
  facet normal -0.157112 -0.0650909 0.985433
    outer loop
      vertex 3.44224 -3.07726 3.5685
      vertex 2.92725 -3.11349 3.484
      vertex 3.45725 -3.11349 3.5685
    endloop
  endfacet
  facet normal -0.157112 -0.0650909 0.985433
    outer loop
      vertex 2.92725 -3.11349 3.484
      vertex 3.44224 -3.07726 3.5685
      vertex 2.91224 -3.07726 3.484
    endloop
  endfacet
  facet normal -0.131673 0.548256 0.82588
    outer loop
      vertex 3.11089 3.24692 3.484
      vertex 3.60275 3.23776 3.5685
      vertex 3.64089 3.24692 3.5685
    endloop
  endfacet
  facet normal -0.131673 0.548256 0.82588
    outer loop
      vertex 3.60275 3.23776 3.5685
      vertex 3.11089 3.24692 3.484
      vertex 3.07275 3.23776 3.484
    endloop
  endfacet
  facet normal 0.157445 0 -0.987528
    outer loop
      vertex 3.46 -3 2.234
      vertex 3.99 3 2.3185
      vertex 3.99 -3 2.3185
    endloop
  endfacet
  facet normal 0.157445 0 -0.987528
    outer loop
      vertex 3.99 3 2.3185
      vertex 3.46 -3 2.234
      vertex 3.46 3 2.234
    endloop
  endfacet
  facet normal -0.157333 0.0377764 0.986823
    outer loop
      vertex 2.91224 3.07726 3.484
      vertex 3.43308 3.03911 3.5685
      vertex 3.44224 3.07726 3.5685
    endloop
  endfacet
  facet normal -0.157333 0.0377764 0.986823
    outer loop
      vertex 3.43308 3.03911 3.5685
      vertex 2.91224 3.07726 3.484
      vertex 2.90308 3.03911 3.484
    endloop
  endfacet
  facet normal -0.156718 -0.0960452 0.982962
    outer loop
      vertex 3.45725 -3.11349 3.5685
      vertex 2.94775 -3.14694 3.484
      vertex 3.47775 -3.14694 3.5685
    endloop
  endfacet
  facet normal -0.156718 -0.0960452 0.982962
    outer loop
      vertex 2.94775 -3.14694 3.484
      vertex 3.45725 -3.11349 3.5685
      vertex 2.92725 -3.11349 3.484
    endloop
  endfacet
  facet normal -0.152489 -0.248939 0.95644
    outer loop
      vertex 3.53306 -3.20226 3.5685
      vertex 3.03651 -3.22275 3.484
      vertex 3.56651 -3.22275 3.5685
    endloop
  endfacet
  facet normal -0.152489 -0.248939 0.95644
    outer loop
      vertex 3.03651 -3.22275 3.484
      vertex 3.53306 -3.20226 3.5685
      vertex 3.00306 -3.20226 3.484
    endloop
  endfacet
  facet normal 0.152489 -0.248939 -0.95644
    outer loop
      vertex 3.85349 -3.22275 2.3185
      vertex 3.35694 -3.20226 2.234
      vertex 3.88694 -3.20226 2.3185
    endloop
  endfacet
  facet normal 0.152489 -0.248939 -0.95644
    outer loop
      vertex 3.35694 -3.20226 2.234
      vertex 3.85349 -3.22275 2.3185
      vertex 3.32349 -3.22275 2.234
    endloop
  endfacet
  facet normal 0.154839 -0.181202 -0.97118
    outer loop
      vertex 3.88694 -3.20226 2.3185
      vertex 3.38677 -3.17677 2.234
      vertex 3.91677 -3.17677 2.3185
    endloop
  endfacet
  facet normal 0.154839 -0.181202 -0.97118
    outer loop
      vertex 3.38677 -3.17677 2.234
      vertex 3.88694 -3.20226 2.3185
      vertex 3.35694 -3.20226 2.234
    endloop
  endfacet
  facet normal 0.157333 -0.0377764 -0.986823
    outer loop
      vertex 3.97776 -3.07726 2.3185
      vertex 3.45692 -3.03911 2.234
      vertex 3.98692 -3.03911 2.3185
    endloop
  endfacet
  facet normal 0.157333 -0.0377764 -0.986823
    outer loop
      vertex 3.45692 -3.03911 2.234
      vertex 3.97776 -3.07726 2.3185
      vertex 3.44776 -3.07726 2.234
    endloop
  endfacet
  facet normal 0.156718 -0.0960452 -0.982962
    outer loop
      vertex 3.94225 -3.14694 2.3185
      vertex 3.43275 -3.11349 2.234
      vertex 3.96275 -3.11349 2.3185
    endloop
  endfacet
  facet normal 0.156718 -0.0960452 -0.982962
    outer loop
      vertex 3.43275 -3.11349 2.234
      vertex 3.94225 -3.14694 2.3185
      vertex 3.41225 -3.14694 2.234
    endloop
  endfacet
  facet normal 0.156041 0.133286 -0.978717
    outer loop
      vertex 3.41225 3.14694 2.234
      vertex 3.91677 3.17677 2.3185
      vertex 3.94225 3.14694 2.3185
    endloop
  endfacet
  facet normal 0.156041 0.133286 -0.978717
    outer loop
      vertex 3.91677 3.17677 2.3185
      vertex 3.41225 3.14694 2.234
      vertex 3.38677 3.17677 2.234
    endloop
  endfacet
  facet normal 0.131673 0.548256 -0.82588
    outer loop
      vertex 3.28725 3.23776 2.234
      vertex 3.77911 3.24692 2.3185
      vertex 3.81725 3.23776 2.3185
    endloop
  endfacet
  facet normal 0.131673 0.548256 -0.82588
    outer loop
      vertex 3.77911 3.24692 2.3185
      vertex 3.28725 3.23776 2.234
      vertex 3.24911 3.24692 2.234
    endloop
  endfacet
  facet normal -0.0704329 -0.89436 0.441768
    outer loop
      vertex 3.15 -3.25 3.484
      vertex 3.64089 -3.24692 3.5685
      vertex 3.11089 -3.24692 3.484
    endloop
  endfacet
  facet normal -0.0704329 -0.89436 0.441768
    outer loop
      vertex 3.64089 -3.24692 3.5685
      vertex 3.15 -3.25 3.484
      vertex 3.68 -3.25 3.5685
    endloop
  endfacet
  facet normal 0.157433 0.0123982 -0.987452
    outer loop
      vertex 3.46 3 2.234
      vertex 3.98692 3.03911 2.3185
      vertex 3.99 3 2.3185
    endloop
  endfacet
  facet normal 0.157433 0.0123982 -0.987452
    outer loop
      vertex 3.98692 3.03911 2.3185
      vertex 3.46 3 2.234
      vertex 3.45692 3.03911 2.234
    endloop
  endfacet
  facet normal -0.147171 0.355328 0.923083
    outer loop
      vertex 3.07275 3.23776 3.484
      vertex 3.56651 3.22275 3.5685
      vertex 3.60275 3.23776 3.5685
    endloop
  endfacet
  facet normal -0.147171 0.355328 0.923083
    outer loop
      vertex 3.56651 3.22275 3.5685
      vertex 3.07275 3.23776 3.484
      vertex 3.03651 3.22275 3.484
    endloop
  endfacet
  facet normal -0.152489 0.248939 0.95644
    outer loop
      vertex 3.03651 3.22275 3.484
      vertex 3.53306 3.20226 3.5685
      vertex 3.56651 3.22275 3.5685
    endloop
  endfacet
  facet normal -0.152489 0.248939 0.95644
    outer loop
      vertex 3.53306 3.20226 3.5685
      vertex 3.03651 3.22275 3.484
      vertex 3.00306 3.20226 3.484
    endloop
  endfacet
  facet normal -0.154839 0.181202 0.97118
    outer loop
      vertex 3.00306 3.20226 3.484
      vertex 3.50323 3.17677 3.5685
      vertex 3.53306 3.20226 3.5685
    endloop
  endfacet
  facet normal -0.154839 0.181202 0.97118
    outer loop
      vertex 3.50323 3.17677 3.5685
      vertex 3.00306 3.20226 3.484
      vertex 2.97323 3.17677 3.484
    endloop
  endfacet
  facet normal -0.154839 -0.181202 0.97118
    outer loop
      vertex 3.50323 -3.17677 3.5685
      vertex 3.00306 -3.20226 3.484
      vertex 3.53306 -3.20226 3.5685
    endloop
  endfacet
  facet normal -0.154839 -0.181202 0.97118
    outer loop
      vertex 3.00306 -3.20226 3.484
      vertex 3.50323 -3.17677 3.5685
      vertex 2.97323 -3.17677 3.484
    endloop
  endfacet
  facet normal 0.156041 -0.133286 -0.978717
    outer loop
      vertex 3.91677 -3.17677 2.3185
      vertex 3.41225 -3.14694 2.234
      vertex 3.94225 -3.14694 2.3185
    endloop
  endfacet
  facet normal 0.156041 -0.133286 -0.978717
    outer loop
      vertex 3.41225 -3.14694 2.234
      vertex 3.91677 -3.17677 2.3185
      vertex 3.38677 -3.17677 2.234
    endloop
  endfacet
  facet normal 0.157112 -0.0650909 -0.985433
    outer loop
      vertex 3.96275 -3.11349 2.3185
      vertex 3.44776 -3.07726 2.234
      vertex 3.97776 -3.07726 2.3185
    endloop
  endfacet
  facet normal 0.157112 -0.0650909 -0.985433
    outer loop
      vertex 3.44776 -3.07726 2.234
      vertex 3.96275 -3.11349 2.3185
      vertex 3.43275 -3.11349 2.234
    endloop
  endfacet
  facet normal -0.157433 0.0123982 0.987452
    outer loop
      vertex 2.90308 3.03911 3.484
      vertex 3.43 3 3.5685
      vertex 3.43308 3.03911 3.5685
    endloop
  endfacet
  facet normal -0.157433 0.0123982 0.987452
    outer loop
      vertex 3.43 3 3.5685
      vertex 2.90308 3.03911 3.484
      vertex 2.9 3 3.484
    endloop
  endfacet
  facet normal -0.157112 0.0650909 0.985433
    outer loop
      vertex 2.92725 3.11349 3.484
      vertex 3.44224 3.07726 3.5685
      vertex 3.45725 3.11349 3.5685
    endloop
  endfacet
  facet normal -0.157112 0.0650909 0.985433
    outer loop
      vertex 3.44224 3.07726 3.5685
      vertex 2.92725 3.11349 3.484
      vertex 2.91224 3.07726 3.484
    endloop
  endfacet
  facet normal -0.156718 0.0960452 0.982962
    outer loop
      vertex 2.94775 3.14694 3.484
      vertex 3.45725 3.11349 3.5685
      vertex 3.47775 3.14694 3.5685
    endloop
  endfacet
  facet normal -0.156718 0.0960452 0.982962
    outer loop
      vertex 3.45725 3.11349 3.5685
      vertex 2.94775 3.14694 3.484
      vertex 2.92725 3.11349 3.484
    endloop
  endfacet
  facet normal 0.157333 0.0377764 -0.986823
    outer loop
      vertex 3.45692 3.03911 2.234
      vertex 3.97776 3.07726 2.3185
      vertex 3.98692 3.03911 2.3185
    endloop
  endfacet
  facet normal 0.157333 0.0377764 -0.986823
    outer loop
      vertex 3.97776 3.07726 2.3185
      vertex 3.45692 3.03911 2.234
      vertex 3.44776 3.07726 2.234
    endloop
  endfacet
  facet normal 0.156718 0.0960452 -0.982962
    outer loop
      vertex 3.43275 3.11349 2.234
      vertex 3.94225 3.14694 2.3185
      vertex 3.96275 3.11349 2.3185
    endloop
  endfacet
  facet normal 0.156718 0.0960452 -0.982962
    outer loop
      vertex 3.94225 3.14694 2.3185
      vertex 3.43275 3.11349 2.234
      vertex 3.41225 3.14694 2.234
    endloop
  endfacet
  facet normal 0.154839 0.181202 -0.97118
    outer loop
      vertex 3.38677 3.17677 2.234
      vertex 3.88694 3.20226 2.3185
      vertex 3.91677 3.17677 2.3185
    endloop
  endfacet
  facet normal 0.154839 0.181202 -0.97118
    outer loop
      vertex 3.88694 3.20226 2.3185
      vertex 3.38677 3.17677 2.234
      vertex 3.35694 3.20226 2.234
    endloop
  endfacet
  facet normal 0.157112 0.0650909 -0.985433
    outer loop
      vertex 3.44776 3.07726 2.234
      vertex 3.96275 3.11349 2.3185
      vertex 3.97776 3.07726 2.3185
    endloop
  endfacet
  facet normal 0.157112 0.0650909 -0.985433
    outer loop
      vertex 3.96275 3.11349 2.3185
      vertex 3.44776 3.07726 2.234
      vertex 3.43275 3.11349 2.234
    endloop
  endfacet
  facet normal 0.0704329 0.89436 -0.441768
    outer loop
      vertex 3.24911 3.24692 2.234
      vertex 3.74 3.25 2.3185
      vertex 3.77911 3.24692 2.3185
    endloop
  endfacet
  facet normal 0.0704329 0.89436 -0.441768
    outer loop
      vertex 3.74 3.25 2.3185
      vertex 3.24911 3.24692 2.234
      vertex 3.21 3.25 2.234
    endloop
  endfacet
  facet normal 0.147171 0.355328 -0.923083
    outer loop
      vertex 3.32349 3.22275 2.234
      vertex 3.81725 3.23776 2.3185
      vertex 3.85349 3.22275 2.3185
    endloop
  endfacet
  facet normal 0.147171 0.355328 -0.923083
    outer loop
      vertex 3.81725 3.23776 2.3185
      vertex 3.32349 3.22275 2.234
      vertex 3.28725 3.23776 2.234
    endloop
  endfacet
  facet normal 0.152489 0.248939 -0.95644
    outer loop
      vertex 3.35694 3.20226 2.234
      vertex 3.85349 3.22275 2.3185
      vertex 3.88694 3.20226 2.3185
    endloop
  endfacet
  facet normal 0.152489 0.248939 -0.95644
    outer loop
      vertex 3.85349 3.22275 2.3185
      vertex 3.35694 3.20226 2.234
      vertex 3.32349 3.22275 2.234
    endloop
  endfacet
  facet normal 0.0722084 -0.916906 -0.392517
    outer loop
      vertex 3.77911 -3.24692 2.3185
      vertex 4.27 -3.25 2.416
      vertex 3.74 -3.25 2.3185
    endloop
  endfacet
  facet normal 0.0722084 -0.916906 -0.392517
    outer loop
      vertex 4.27 -3.25 2.416
      vertex 3.77911 -3.24692 2.3185
      vertex 4.30911 -3.24692 2.416
    endloop
  endfacet
  facet normal -0.180908 -0.0142469 0.983397
    outer loop
      vertex 3.96 -3 3.666
      vertex 3.43308 -3.03911 3.5685
      vertex 3.96308 -3.03911 3.666
    endloop
  endfacet
  facet normal -0.180908 -0.0142469 0.983397
    outer loop
      vertex 3.43308 -3.03911 3.5685
      vertex 3.96 -3 3.666
      vertex 3.43 -3 3.5685
    endloop
  endfacet
  facet normal 0.165798 -0.400301 -0.90126
    outer loop
      vertex 4.34725 -3.23776 2.416
      vertex 3.85349 -3.22275 2.3185
      vertex 4.38349 -3.22275 2.416
    endloop
  endfacet
  facet normal 0.165798 -0.400301 -0.90126
    outer loop
      vertex 3.85349 -3.22275 2.3185
      vertex 4.34725 -3.23776 2.416
      vertex 3.81725 -3.23776 2.3185
    endloop
  endfacet
  facet normal 0.14451 -0.601702 -0.785539
    outer loop
      vertex 4.30911 -3.24692 2.416
      vertex 3.81725 -3.23776 2.3185
      vertex 4.34725 -3.23776 2.416
    endloop
  endfacet
  facet normal 0.14451 -0.601702 -0.785539
    outer loop
      vertex 3.81725 -3.23776 2.3185
      vertex 4.30911 -3.24692 2.416
      vertex 3.77911 -3.24692 2.3185
    endloop
  endfacet
  facet normal -0.180923 0 0.983497
    outer loop
      vertex 3.96 3 3.666
      vertex 3.72 1.125 3.62185
      vertex 3.96 -3 3.666
    endloop
  endfacet
  facet normal -0.180926 4.94841e-07 0.983497
    outer loop
      vertex 3.43 3 3.5685
      vertex 3.72 1.125 3.62185
      vertex 3.96 3 3.666
    endloop
  endfacet
  facet normal -0.180929 0 0.983496
    outer loop
      vertex 3.72 1.125 3.62185
      vertex 3.43 3 3.5685
      vertex 3.43 1.125 3.5685
    endloop
  endfacet
  facet normal -0.180923 0 0.983497
    outer loop
      vertex 3.72 -1.125 3.62185
      vertex 3.96 -3 3.666
      vertex 3.72 1.125 3.62185
    endloop
  endfacet
  facet normal -0.180929 0 0.983496
    outer loop
      vertex 3.43 -3 3.5685
      vertex 3.72 -1.125 3.62185
      vertex 3.43 -1.125 3.5685
    endloop
  endfacet
  facet normal -0.180926 -4.94841e-07 0.983497
    outer loop
      vertex 3.72 -1.125 3.62185
      vertex 3.43 -3 3.5685
      vertex 3.96 -3 3.666
    endloop
  endfacet
  facet normal -0.165798 -0.400301 0.90126
    outer loop
      vertex 4.09651 -3.22275 3.666
      vertex 3.60275 -3.23776 3.5685
      vertex 4.13275 -3.23776 3.666
    endloop
  endfacet
  facet normal -0.165798 -0.400301 0.90126
    outer loop
      vertex 3.60275 -3.23776 3.5685
      vertex 4.09651 -3.22275 3.666
      vertex 3.56651 -3.22275 3.5685
    endloop
  endfacet
  facet normal -0.14451 -0.601702 0.785539
    outer loop
      vertex 4.13275 -3.23776 3.666
      vertex 3.64089 -3.24692 3.5685
      vertex 4.17089 -3.24692 3.666
    endloop
  endfacet
  facet normal -0.14451 -0.601702 0.785539
    outer loop
      vertex 3.64089 -3.24692 3.5685
      vertex 4.13275 -3.23776 3.666
      vertex 3.60275 -3.23776 3.5685
    endloop
  endfacet
  facet normal 0.180908 -0.0142469 -0.983397
    outer loop
      vertex 4.51692 -3.03911 2.416
      vertex 3.99 -3 2.3185
      vertex 4.52 -3 2.416
    endloop
  endfacet
  facet normal 0.180908 -0.0142469 -0.983397
    outer loop
      vertex 3.99 -3 2.3185
      vertex 4.51692 -3.03911 2.416
      vertex 3.98692 -3.03911 2.3185
    endloop
  endfacet
  facet normal -0.0722084 0.916906 0.392517
    outer loop
      vertex 3.68 3.25 3.5685
      vertex 4.17089 3.24692 3.666
      vertex 4.21 3.25 3.666
    endloop
  endfacet
  facet normal -0.0722084 0.916906 0.392517
    outer loop
      vertex 4.17089 3.24692 3.666
      vertex 3.68 3.25 3.5685
      vertex 3.64089 3.24692 3.5685
    endloop
  endfacet
  facet normal -0.177002 -0.207139 0.962166
    outer loop
      vertex 4.03323 -3.17677 3.666
      vertex 3.53306 -3.20226 3.5685
      vertex 4.06306 -3.20226 3.666
    endloop
  endfacet
  facet normal -0.177002 -0.207139 0.962166
    outer loop
      vertex 3.53306 -3.20226 3.5685
      vertex 4.03323 -3.17677 3.666
      vertex 3.50323 -3.17677 3.5685
    endloop
  endfacet
  facet normal 0.177002 -0.207139 -0.962166
    outer loop
      vertex 4.41694 -3.20226 2.416
      vertex 3.91677 -3.17677 2.3185
      vertex 4.44677 -3.17677 2.416
    endloop
  endfacet
  facet normal 0.177002 -0.207139 -0.962166
    outer loop
      vertex 3.91677 -3.17677 2.3185
      vertex 4.41694 -3.20226 2.416
      vertex 3.88694 -3.20226 2.3185
    endloop
  endfacet
  facet normal 0.179824 -0.110206 -0.977506
    outer loop
      vertex 4.47225 -3.14694 2.416
      vertex 3.96275 -3.11349 2.3185
      vertex 4.49275 -3.11349 2.416
    endloop
  endfacet
  facet normal 0.179824 -0.110206 -0.977506
    outer loop
      vertex 3.96275 -3.11349 2.3185
      vertex 4.47225 -3.14694 2.416
      vertex 3.94225 -3.14694 2.3185
    endloop
  endfacet
  facet normal -0.14451 0.601702 0.785539
    outer loop
      vertex 3.64089 3.24692 3.5685
      vertex 4.13275 3.23776 3.666
      vertex 4.17089 3.24692 3.666
    endloop
  endfacet
  facet normal -0.14451 0.601702 0.785539
    outer loop
      vertex 4.13275 3.23776 3.666
      vertex 3.64089 3.24692 3.5685
      vertex 3.60275 3.23776 3.5685
    endloop
  endfacet
  facet normal -0.18042 -0.0747476 0.980745
    outer loop
      vertex 3.97224 -3.07726 3.666
      vertex 3.45725 -3.11349 3.5685
      vertex 3.98725 -3.11349 3.666
    endloop
  endfacet
  facet normal -0.18042 -0.0747476 0.980745
    outer loop
      vertex 3.45725 -3.11349 3.5685
      vertex 3.97224 -3.07726 3.666
      vertex 3.44224 -3.07726 3.5685
    endloop
  endfacet
  facet normal -0.180756 -0.0434003 0.98257
    outer loop
      vertex 3.96308 -3.03911 3.666
      vertex 3.44224 -3.07726 3.5685
      vertex 3.97224 -3.07726 3.666
    endloop
  endfacet
  facet normal -0.180756 -0.0434003 0.98257
    outer loop
      vertex 3.44224 -3.07726 3.5685
      vertex 3.96308 -3.03911 3.666
      vertex 3.43308 -3.03911 3.5685
    endloop
  endfacet
  facet normal -0.173516 -0.283265 0.943214
    outer loop
      vertex 4.06306 -3.20226 3.666
      vertex 3.56651 -3.22275 3.5685
      vertex 4.09651 -3.22275 3.666
    endloop
  endfacet
  facet normal -0.173516 -0.283265 0.943214
    outer loop
      vertex 3.56651 -3.22275 3.5685
      vertex 4.06306 -3.20226 3.666
      vertex 3.53306 -3.20226 3.5685
    endloop
  endfacet
  facet normal -0.178804 -0.152729 0.971958
    outer loop
      vertex 4.00775 -3.14694 3.666
      vertex 3.50323 -3.17677 3.5685
      vertex 4.03323 -3.17677 3.666
    endloop
  endfacet
  facet normal -0.178804 -0.152729 0.971958
    outer loop
      vertex 3.50323 -3.17677 3.5685
      vertex 4.00775 -3.14694 3.666
      vertex 3.47775 -3.14694 3.5685
    endloop
  endfacet
  facet normal 0.173516 -0.283265 -0.943214
    outer loop
      vertex 4.38349 -3.22275 2.416
      vertex 3.88694 -3.20226 2.3185
      vertex 4.41694 -3.20226 2.416
    endloop
  endfacet
  facet normal 0.173516 -0.283265 -0.943214
    outer loop
      vertex 3.88694 -3.20226 2.3185
      vertex 4.38349 -3.22275 2.416
      vertex 3.85349 -3.22275 2.3185
    endloop
  endfacet
  facet normal 0.180756 -0.0434003 -0.98257
    outer loop
      vertex 4.50776 -3.07726 2.416
      vertex 3.98692 -3.03911 2.3185
      vertex 4.51692 -3.03911 2.416
    endloop
  endfacet
  facet normal 0.180756 -0.0434003 -0.98257
    outer loop
      vertex 3.98692 -3.03911 2.3185
      vertex 4.50776 -3.07726 2.416
      vertex 3.97776 -3.07726 2.3185
    endloop
  endfacet
  facet normal 0.18042 -0.0747476 -0.980745
    outer loop
      vertex 4.49275 -3.11349 2.416
      vertex 3.97776 -3.07726 2.3185
      vertex 4.50776 -3.07726 2.416
    endloop
  endfacet
  facet normal 0.18042 -0.0747476 -0.980745
    outer loop
      vertex 3.97776 -3.07726 2.3185
      vertex 4.49275 -3.11349 2.416
      vertex 3.96275 -3.11349 2.3185
    endloop
  endfacet
  facet normal 0.178804 0.152729 -0.971958
    outer loop
      vertex 3.94225 3.14694 2.3185
      vertex 4.44677 3.17677 2.416
      vertex 4.47225 3.14694 2.416
    endloop
  endfacet
  facet normal 0.178804 0.152729 -0.971958
    outer loop
      vertex 4.44677 3.17677 2.416
      vertex 3.94225 3.14694 2.3185
      vertex 3.91677 3.17677 2.3185
    endloop
  endfacet
  facet normal -0.0722084 -0.916906 0.392517
    outer loop
      vertex 3.68 -3.25 3.5685
      vertex 4.17089 -3.24692 3.666
      vertex 3.64089 -3.24692 3.5685
    endloop
  endfacet
  facet normal -0.0722084 -0.916906 0.392517
    outer loop
      vertex 4.17089 -3.24692 3.666
      vertex 3.68 -3.25 3.5685
      vertex 4.21 -3.25 3.666
    endloop
  endfacet
  facet normal 0.180756 0.0434003 -0.98257
    outer loop
      vertex 3.98692 3.03911 2.3185
      vertex 4.50776 3.07726 2.416
      vertex 4.51692 3.03911 2.416
    endloop
  endfacet
  facet normal 0.180756 0.0434003 -0.98257
    outer loop
      vertex 4.50776 3.07726 2.416
      vertex 3.98692 3.03911 2.3185
      vertex 3.97776 3.07726 2.3185
    endloop
  endfacet
  facet normal 0.180908 0.0142469 -0.983397
    outer loop
      vertex 3.99 3 2.3185
      vertex 4.51692 3.03911 2.416
      vertex 4.52 3 2.416
    endloop
  endfacet
  facet normal 0.180908 0.0142469 -0.983397
    outer loop
      vertex 4.51692 3.03911 2.416
      vertex 3.99 3 2.3185
      vertex 3.98692 3.03911 2.3185
    endloop
  endfacet
  facet normal 0.180926 0 -0.983497
    outer loop
      vertex 3.99 -3 2.3185
      vertex 4.52 3 2.416
      vertex 4.52 -3 2.416
    endloop
  endfacet
  facet normal 0.180926 0 -0.983497
    outer loop
      vertex 4.52 3 2.416
      vertex 3.99 -3 2.3185
      vertex 3.99 3 2.3185
    endloop
  endfacet
  facet normal -0.179824 0.110206 0.977506
    outer loop
      vertex 3.47775 3.14694 3.5685
      vertex 3.98725 3.11349 3.666
      vertex 4.00775 3.14694 3.666
    endloop
  endfacet
  facet normal -0.179824 0.110206 0.977506
    outer loop
      vertex 3.98725 3.11349 3.666
      vertex 3.47775 3.14694 3.5685
      vertex 3.45725 3.11349 3.5685
    endloop
  endfacet
  facet normal -0.173516 0.283265 0.943214
    outer loop
      vertex 3.56651 3.22275 3.5685
      vertex 4.06306 3.20226 3.666
      vertex 4.09651 3.22275 3.666
    endloop
  endfacet
  facet normal -0.173516 0.283265 0.943214
    outer loop
      vertex 4.06306 3.20226 3.666
      vertex 3.56651 3.22275 3.5685
      vertex 3.53306 3.20226 3.5685
    endloop
  endfacet
  facet normal -0.165798 0.400301 0.90126
    outer loop
      vertex 3.60275 3.23776 3.5685
      vertex 4.09651 3.22275 3.666
      vertex 4.13275 3.23776 3.666
    endloop
  endfacet
  facet normal -0.165798 0.400301 0.90126
    outer loop
      vertex 4.09651 3.22275 3.666
      vertex 3.60275 3.23776 3.5685
      vertex 3.56651 3.22275 3.5685
    endloop
  endfacet
  facet normal -0.178804 0.152729 0.971958
    outer loop
      vertex 3.50323 3.17677 3.5685
      vertex 4.00775 3.14694 3.666
      vertex 4.03323 3.17677 3.666
    endloop
  endfacet
  facet normal -0.178804 0.152729 0.971958
    outer loop
      vertex 4.00775 3.14694 3.666
      vertex 3.50323 3.17677 3.5685
      vertex 3.47775 3.14694 3.5685
    endloop
  endfacet
  facet normal -0.177002 0.207139 0.962166
    outer loop
      vertex 3.53306 3.20226 3.5685
      vertex 4.03323 3.17677 3.666
      vertex 4.06306 3.20226 3.666
    endloop
  endfacet
  facet normal -0.177002 0.207139 0.962166
    outer loop
      vertex 4.03323 3.17677 3.666
      vertex 3.53306 3.20226 3.5685
      vertex 3.50323 3.17677 3.5685
    endloop
  endfacet
  facet normal 0.178804 -0.152729 -0.971958
    outer loop
      vertex 4.44677 -3.17677 2.416
      vertex 3.94225 -3.14694 2.3185
      vertex 4.47225 -3.14694 2.416
    endloop
  endfacet
  facet normal 0.178804 -0.152729 -0.971958
    outer loop
      vertex 3.94225 -3.14694 2.3185
      vertex 4.44677 -3.17677 2.416
      vertex 3.91677 -3.17677 2.3185
    endloop
  endfacet
  facet normal -0.18042 0.0747476 0.980745
    outer loop
      vertex 3.45725 3.11349 3.5685
      vertex 3.97224 3.07726 3.666
      vertex 3.98725 3.11349 3.666
    endloop
  endfacet
  facet normal -0.18042 0.0747476 0.980745
    outer loop
      vertex 3.97224 3.07726 3.666
      vertex 3.45725 3.11349 3.5685
      vertex 3.44224 3.07726 3.5685
    endloop
  endfacet
  facet normal -0.180908 0.0142469 0.983397
    outer loop
      vertex 3.43308 3.03911 3.5685
      vertex 3.96 3 3.666
      vertex 3.96308 3.03911 3.666
    endloop
  endfacet
  facet normal -0.180908 0.0142469 0.983397
    outer loop
      vertex 3.96 3 3.666
      vertex 3.43308 3.03911 3.5685
      vertex 3.43 3 3.5685
    endloop
  endfacet
  facet normal -0.180756 0.0434003 0.98257
    outer loop
      vertex 3.44224 3.07726 3.5685
      vertex 3.96308 3.03911 3.666
      vertex 3.97224 3.07726 3.666
    endloop
  endfacet
  facet normal -0.180756 0.0434003 0.98257
    outer loop
      vertex 3.96308 3.03911 3.666
      vertex 3.44224 3.07726 3.5685
      vertex 3.43308 3.03911 3.5685
    endloop
  endfacet
  facet normal -0.179824 -0.110206 0.977506
    outer loop
      vertex 3.98725 -3.11349 3.666
      vertex 3.47775 -3.14694 3.5685
      vertex 4.00775 -3.14694 3.666
    endloop
  endfacet
  facet normal -0.179824 -0.110206 0.977506
    outer loop
      vertex 3.47775 -3.14694 3.5685
      vertex 3.98725 -3.11349 3.666
      vertex 3.45725 -3.11349 3.5685
    endloop
  endfacet
  facet normal 0.179824 0.110206 -0.977506
    outer loop
      vertex 3.96275 3.11349 2.3185
      vertex 4.47225 3.14694 2.416
      vertex 4.49275 3.11349 2.416
    endloop
  endfacet
  facet normal 0.179824 0.110206 -0.977506
    outer loop
      vertex 4.47225 3.14694 2.416
      vertex 3.96275 3.11349 2.3185
      vertex 3.94225 3.14694 2.3185
    endloop
  endfacet
  facet normal 0.165798 0.400301 -0.90126
    outer loop
      vertex 3.85349 3.22275 2.3185
      vertex 4.34725 3.23776 2.416
      vertex 4.38349 3.22275 2.416
    endloop
  endfacet
  facet normal 0.165798 0.400301 -0.90126
    outer loop
      vertex 4.34725 3.23776 2.416
      vertex 3.85349 3.22275 2.3185
      vertex 3.81725 3.23776 2.3185
    endloop
  endfacet
  facet normal 0.177002 0.207139 -0.962166
    outer loop
      vertex 3.91677 3.17677 2.3185
      vertex 4.41694 3.20226 2.416
      vertex 4.44677 3.17677 2.416
    endloop
  endfacet
  facet normal 0.177002 0.207139 -0.962166
    outer loop
      vertex 4.41694 3.20226 2.416
      vertex 3.91677 3.17677 2.3185
      vertex 3.88694 3.20226 2.3185
    endloop
  endfacet
  facet normal 0.18042 0.0747476 -0.980745
    outer loop
      vertex 3.97776 3.07726 2.3185
      vertex 4.49275 3.11349 2.416
      vertex 4.50776 3.07726 2.416
    endloop
  endfacet
  facet normal 0.18042 0.0747476 -0.980745
    outer loop
      vertex 4.49275 3.11349 2.416
      vertex 3.97776 3.07726 2.3185
      vertex 3.96275 3.11349 2.3185
    endloop
  endfacet
  facet normal 0.0722084 0.916906 -0.392517
    outer loop
      vertex 3.77911 3.24692 2.3185
      vertex 4.27 3.25 2.416
      vertex 4.30911 3.24692 2.416
    endloop
  endfacet
  facet normal 0.0722084 0.916906 -0.392517
    outer loop
      vertex 4.27 3.25 2.416
      vertex 3.77911 3.24692 2.3185
      vertex 3.74 3.25 2.3185
    endloop
  endfacet
  facet normal 0.14451 0.601702 -0.785539
    outer loop
      vertex 3.81725 3.23776 2.3185
      vertex 4.30911 3.24692 2.416
      vertex 4.34725 3.23776 2.416
    endloop
  endfacet
  facet normal 0.14451 0.601702 -0.785539
    outer loop
      vertex 4.30911 3.24692 2.416
      vertex 3.81725 3.23776 2.3185
      vertex 3.77911 3.24692 2.3185
    endloop
  endfacet
  facet normal 0.173516 0.283265 -0.943214
    outer loop
      vertex 3.88694 3.20226 2.3185
      vertex 4.38349 3.22275 2.416
      vertex 4.41694 3.20226 2.416
    endloop
  endfacet
  facet normal 0.173516 0.283265 -0.943214
    outer loop
      vertex 4.38349 3.22275 2.416
      vertex 3.88694 3.20226 2.3185
      vertex 3.85349 3.22275 2.3185
    endloop
  endfacet
  facet normal 0.0734727 -0.93296 -0.352403
    outer loop
      vertex 4.30911 -3.24692 2.416
      vertex 4.8 -3.25 2.5265
      vertex 4.27 -3.25 2.416
    endloop
  endfacet
  facet normal 0.0734727 -0.93296 -0.352403
    outer loop
      vertex 4.8 -3.25 2.5265
      vertex 4.30911 -3.24692 2.416
      vertex 4.83911 -3.24692 2.5265
    endloop
  endfacet
  facet normal -0.204075 -0.0160714 0.978823
    outer loop
      vertex 4.49 -3 3.7765
      vertex 3.96308 -3.03911 3.666
      vertex 4.49308 -3.03911 3.7765
    endloop
  endfacet
  facet normal -0.204075 -0.0160714 0.978823
    outer loop
      vertex 3.96308 -3.03911 3.666
      vertex 4.49 -3 3.7765
      vertex 3.96 -3 3.666
    endloop
  endfacet
  facet normal 0.18308 -0.442026 -0.87812
    outer loop
      vertex 4.87725 -3.23776 2.5265
      vertex 4.38349 -3.22275 2.416
      vertex 4.91349 -3.22275 2.5265
    endloop
  endfacet
  facet normal 0.18308 -0.442026 -0.87812
    outer loop
      vertex 4.38349 -3.22275 2.416
      vertex 4.87725 -3.23776 2.5265
      vertex 4.34725 -3.23776 2.416
    endloop
  endfacet
  facet normal 0.155526 -0.647573 -0.745963
    outer loop
      vertex 4.83911 -3.24692 2.5265
      vertex 4.34725 -3.23776 2.416
      vertex 4.87725 -3.23776 2.5265
    endloop
  endfacet
  facet normal 0.155526 -0.647573 -0.745963
    outer loop
      vertex 4.34725 -3.23776 2.416
      vertex 4.83911 -3.24692 2.5265
      vertex 4.30911 -3.24692 2.416
    endloop
  endfacet
  facet normal -0.204102 0 0.97895
    outer loop
      vertex 3.96 3 3.666
      vertex 4.49 -3 3.7765
      vertex 4.49 3 3.7765
    endloop
  endfacet
  facet normal -0.204102 0 0.97895
    outer loop
      vertex 4.49 -3 3.7765
      vertex 3.96 3 3.666
      vertex 3.96 -3 3.666
    endloop
  endfacet
  facet normal -0.18308 -0.442026 0.87812
    outer loop
      vertex 4.62651 -3.22275 3.7765
      vertex 4.13275 -3.23776 3.666
      vertex 4.66275 -3.23776 3.7765
    endloop
  endfacet
  facet normal -0.18308 -0.442026 0.87812
    outer loop
      vertex 4.13275 -3.23776 3.666
      vertex 4.62651 -3.22275 3.7765
      vertex 4.09651 -3.22275 3.666
    endloop
  endfacet
  facet normal -0.155526 -0.647573 0.745963
    outer loop
      vertex 4.66275 -3.23776 3.7765
      vertex 4.17089 -3.24692 3.666
      vertex 4.70089 -3.24692 3.7765
    endloop
  endfacet
  facet normal -0.155526 -0.647573 0.745963
    outer loop
      vertex 4.17089 -3.24692 3.666
      vertex 4.66275 -3.23776 3.7765
      vertex 4.13275 -3.23776 3.666
    endloop
  endfacet
  facet normal -0.201069 0.171748 0.964403
    outer loop
      vertex 4.03323 3.17677 3.666
      vertex 4.53775 3.14694 3.7765
      vertex 4.56323 3.17677 3.7765
    endloop
  endfacet
  facet normal -0.201069 0.171748 0.964403
    outer loop
      vertex 4.53775 3.14694 3.7765
      vertex 4.03323 3.17677 3.666
      vertex 4.00775 3.14694 3.666
    endloop
  endfacet
  facet normal -0.0734727 0.93296 0.352403
    outer loop
      vertex 4.21 3.25 3.666
      vertex 4.70089 3.24692 3.7765
      vertex 4.74 3.25 3.7765
    endloop
  endfacet
  facet normal -0.0734727 0.93296 0.352403
    outer loop
      vertex 4.70089 3.24692 3.7765
      vertex 4.21 3.25 3.666
      vertex 4.17089 3.24692 3.666
    endloop
  endfacet
  facet normal -0.201069 -0.171748 0.964403
    outer loop
      vertex 4.53775 -3.14694 3.7765
      vertex 4.03323 -3.17677 3.666
      vertex 4.56323 -3.17677 3.7765
    endloop
  endfacet
  facet normal -0.201069 -0.171748 0.964403
    outer loop
      vertex 4.03323 -3.17677 3.666
      vertex 4.53775 -3.14694 3.7765
      vertex 4.00775 -3.14694 3.666
    endloop
  endfacet
  facet normal -0.0734727 -0.93296 0.352403
    outer loop
      vertex 4.21 -3.25 3.666
      vertex 4.70089 -3.24692 3.7765
      vertex 4.17089 -3.24692 3.666
    endloop
  endfacet
  facet normal -0.0734727 -0.93296 0.352403
    outer loop
      vertex 4.70089 -3.24692 3.7765
      vertex 4.21 -3.25 3.666
      vertex 4.74 -3.25 3.7765
    endloop
  endfacet
  facet normal -0.155526 0.647573 0.745963
    outer loop
      vertex 4.17089 3.24692 3.666
      vertex 4.66275 3.23776 3.7765
      vertex 4.70089 3.24692 3.7765
    endloop
  endfacet
  facet normal -0.155526 0.647573 0.745963
    outer loop
      vertex 4.66275 3.23776 3.7765
      vertex 4.17089 3.24692 3.666
      vertex 4.13275 3.23776 3.666
    endloop
  endfacet
  facet normal -0.203857 0.0489471 0.977776
    outer loop
      vertex 3.97224 3.07726 3.666
      vertex 4.49308 3.03911 3.7765
      vertex 4.50224 3.07726 3.7765
    endloop
  endfacet
  facet normal -0.203857 0.0489471 0.977776
    outer loop
      vertex 4.49308 3.03911 3.7765
      vertex 3.97224 3.07726 3.666
      vertex 3.96308 3.03911 3.666
    endloop
  endfacet
  facet normal -0.202524 -0.124118 0.97138
    outer loop
      vertex 4.51725 -3.11349 3.7765
      vertex 4.00775 -3.14694 3.666
      vertex 4.53775 -3.14694 3.7765
    endloop
  endfacet
  facet normal -0.202524 -0.124118 0.97138
    outer loop
      vertex 4.00775 -3.14694 3.666
      vertex 4.51725 -3.11349 3.7765
      vertex 3.98725 -3.11349 3.666
    endloop
  endfacet
  facet normal -0.203376 -0.0842582 0.975468
    outer loop
      vertex 4.50224 -3.07726 3.7765
      vertex 3.98725 -3.11349 3.666
      vertex 4.51725 -3.11349 3.7765
    endloop
  endfacet
  facet normal -0.203376 -0.0842582 0.975468
    outer loop
      vertex 3.98725 -3.11349 3.666
      vertex 4.50224 -3.07726 3.7765
      vertex 3.97224 -3.07726 3.666
    endloop
  endfacet
  facet normal -0.203857 -0.0489471 0.977776
    outer loop
      vertex 4.49308 -3.03911 3.7765
      vertex 3.97224 -3.07726 3.666
      vertex 4.50224 -3.07726 3.7765
    endloop
  endfacet
  facet normal -0.203857 -0.0489471 0.977776
    outer loop
      vertex 3.97224 -3.07726 3.666
      vertex 4.49308 -3.03911 3.7765
      vertex 3.96308 -3.03911 3.666
    endloop
  endfacet
  facet normal -0.193636 -0.316111 0.928751
    outer loop
      vertex 4.59306 -3.20226 3.7765
      vertex 4.09651 -3.22275 3.666
      vertex 4.62651 -3.22275 3.7765
    endloop
  endfacet
  facet normal -0.193636 -0.316111 0.928751
    outer loop
      vertex 4.09651 -3.22275 3.666
      vertex 4.59306 -3.20226 3.7765
      vertex 4.06306 -3.20226 3.666
    endloop
  endfacet
  facet normal 0.193636 -0.316111 -0.928751
    outer loop
      vertex 4.91349 -3.22275 2.5265
      vertex 4.41694 -3.20226 2.416
      vertex 4.94694 -3.20226 2.5265
    endloop
  endfacet
  facet normal 0.193636 -0.316111 -0.928751
    outer loop
      vertex 4.41694 -3.20226 2.416
      vertex 4.91349 -3.22275 2.5265
      vertex 4.38349 -3.22275 2.416
    endloop
  endfacet
  facet normal 0.198518 -0.232318 -0.952166
    outer loop
      vertex 4.94694 -3.20226 2.5265
      vertex 4.44677 -3.17677 2.416
      vertex 4.97677 -3.17677 2.5265
    endloop
  endfacet
  facet normal 0.198518 -0.232318 -0.952166
    outer loop
      vertex 4.44677 -3.17677 2.416
      vertex 4.94694 -3.20226 2.5265
      vertex 4.41694 -3.20226 2.416
    endloop
  endfacet
  facet normal 0.203857 -0.0489471 -0.977776
    outer loop
      vertex 5.03776 -3.07726 2.5265
      vertex 4.51692 -3.03911 2.416
      vertex 5.04692 -3.03911 2.5265
    endloop
  endfacet
  facet normal 0.203857 -0.0489471 -0.977776
    outer loop
      vertex 4.51692 -3.03911 2.416
      vertex 5.03776 -3.07726 2.5265
      vertex 4.50776 -3.07726 2.416
    endloop
  endfacet
  facet normal 0.203376 -0.0842582 -0.975468
    outer loop
      vertex 5.02275 -3.11349 2.5265
      vertex 4.50776 -3.07726 2.416
      vertex 5.03776 -3.07726 2.5265
    endloop
  endfacet
  facet normal 0.203376 -0.0842582 -0.975468
    outer loop
      vertex 4.50776 -3.07726 2.416
      vertex 5.02275 -3.11349 2.5265
      vertex 4.49275 -3.11349 2.416
    endloop
  endfacet
  facet normal 0.202524 -0.124118 -0.97138
    outer loop
      vertex 5.00225 -3.14694 2.5265
      vertex 4.49275 -3.11349 2.416
      vertex 5.02275 -3.11349 2.5265
    endloop
  endfacet
  facet normal 0.202524 -0.124118 -0.97138
    outer loop
      vertex 4.49275 -3.11349 2.416
      vertex 5.00225 -3.14694 2.5265
      vertex 4.47225 -3.14694 2.416
    endloop
  endfacet
  facet normal 0.201069 0.171748 -0.964403
    outer loop
      vertex 4.47225 3.14694 2.416
      vertex 4.97677 3.17677 2.5265
      vertex 5.00225 3.14694 2.5265
    endloop
  endfacet
  facet normal 0.201069 0.171748 -0.964403
    outer loop
      vertex 4.97677 3.17677 2.5265
      vertex 4.47225 3.14694 2.416
      vertex 4.44677 3.17677 2.416
    endloop
  endfacet
  facet normal 0.204075 0.0160714 -0.978823
    outer loop
      vertex 4.52 3 2.416
      vertex 5.04692 3.03911 2.5265
      vertex 5.05 3 2.5265
    endloop
  endfacet
  facet normal 0.204075 0.0160714 -0.978823
    outer loop
      vertex 5.04692 3.03911 2.5265
      vertex 4.52 3 2.416
      vertex 4.51692 3.03911 2.416
    endloop
  endfacet
  facet normal 0.204102 0 -0.97895
    outer loop
      vertex 4.52 -3 2.416
      vertex 5.05 3 2.5265
      vertex 5.05 -3 2.5265
    endloop
  endfacet
  facet normal 0.204102 0 -0.97895
    outer loop
      vertex 5.05 3 2.5265
      vertex 4.52 -3 2.416
      vertex 4.52 3 2.416
    endloop
  endfacet
  facet normal -0.18308 0.442026 0.87812
    outer loop
      vertex 4.13275 3.23776 3.666
      vertex 4.62651 3.22275 3.7765
      vertex 4.66275 3.23776 3.7765
    endloop
  endfacet
  facet normal -0.18308 0.442026 0.87812
    outer loop
      vertex 4.62651 3.22275 3.7765
      vertex 4.13275 3.23776 3.666
      vertex 4.09651 3.22275 3.666
    endloop
  endfacet
  facet normal -0.193636 0.316111 0.928751
    outer loop
      vertex 4.09651 3.22275 3.666
      vertex 4.59306 3.20226 3.7765
      vertex 4.62651 3.22275 3.7765
    endloop
  endfacet
  facet normal -0.193636 0.316111 0.928751
    outer loop
      vertex 4.59306 3.20226 3.7765
      vertex 4.09651 3.22275 3.666
      vertex 4.06306 3.20226 3.666
    endloop
  endfacet
  facet normal -0.198518 0.232318 0.952166
    outer loop
      vertex 4.06306 3.20226 3.666
      vertex 4.56323 3.17677 3.7765
      vertex 4.59306 3.20226 3.7765
    endloop
  endfacet
  facet normal -0.198518 0.232318 0.952166
    outer loop
      vertex 4.56323 3.17677 3.7765
      vertex 4.06306 3.20226 3.666
      vertex 4.03323 3.17677 3.666
    endloop
  endfacet
  facet normal -0.198518 -0.232318 0.952166
    outer loop
      vertex 4.56323 -3.17677 3.7765
      vertex 4.06306 -3.20226 3.666
      vertex 4.59306 -3.20226 3.7765
    endloop
  endfacet
  facet normal -0.198518 -0.232318 0.952166
    outer loop
      vertex 4.06306 -3.20226 3.666
      vertex 4.56323 -3.17677 3.7765
      vertex 4.03323 -3.17677 3.666
    endloop
  endfacet
  facet normal 0.201069 -0.171748 -0.964403
    outer loop
      vertex 4.97677 -3.17677 2.5265
      vertex 4.47225 -3.14694 2.416
      vertex 5.00225 -3.14694 2.5265
    endloop
  endfacet
  facet normal 0.201069 -0.171748 -0.964403
    outer loop
      vertex 4.47225 -3.14694 2.416
      vertex 4.97677 -3.17677 2.5265
      vertex 4.44677 -3.17677 2.416
    endloop
  endfacet
  facet normal -0.204075 0.0160714 0.978823
    outer loop
      vertex 3.96308 3.03911 3.666
      vertex 4.49 3 3.7765
      vertex 4.49308 3.03911 3.7765
    endloop
  endfacet
  facet normal -0.204075 0.0160714 0.978823
    outer loop
      vertex 4.49 3 3.7765
      vertex 3.96308 3.03911 3.666
      vertex 3.96 3 3.666
    endloop
  endfacet
  facet normal 0.204075 -0.0160714 -0.978823
    outer loop
      vertex 5.04692 -3.03911 2.5265
      vertex 4.52 -3 2.416
      vertex 5.05 -3 2.5265
    endloop
  endfacet
  facet normal 0.204075 -0.0160714 -0.978823
    outer loop
      vertex 4.52 -3 2.416
      vertex 5.04692 -3.03911 2.5265
      vertex 4.51692 -3.03911 2.416
    endloop
  endfacet
  facet normal -0.203376 0.0842582 0.975468
    outer loop
      vertex 3.98725 3.11349 3.666
      vertex 4.50224 3.07726 3.7765
      vertex 4.51725 3.11349 3.7765
    endloop
  endfacet
  facet normal -0.203376 0.0842582 0.975468
    outer loop
      vertex 4.50224 3.07726 3.7765
      vertex 3.98725 3.11349 3.666
      vertex 3.97224 3.07726 3.666
    endloop
  endfacet
  facet normal -0.202524 0.124118 0.97138
    outer loop
      vertex 4.00775 3.14694 3.666
      vertex 4.51725 3.11349 3.7765
      vertex 4.53775 3.14694 3.7765
    endloop
  endfacet
  facet normal -0.202524 0.124118 0.97138
    outer loop
      vertex 4.51725 3.11349 3.7765
      vertex 4.00775 3.14694 3.666
      vertex 3.98725 3.11349 3.666
    endloop
  endfacet
  facet normal 0.202524 0.124118 -0.97138
    outer loop
      vertex 4.49275 3.11349 2.416
      vertex 5.00225 3.14694 2.5265
      vertex 5.02275 3.11349 2.5265
    endloop
  endfacet
  facet normal 0.202524 0.124118 -0.97138
    outer loop
      vertex 5.00225 3.14694 2.5265
      vertex 4.49275 3.11349 2.416
      vertex 4.47225 3.14694 2.416
    endloop
  endfacet
  facet normal 0.203857 0.0489471 -0.977776
    outer loop
      vertex 4.51692 3.03911 2.416
      vertex 5.03776 3.07726 2.5265
      vertex 5.04692 3.03911 2.5265
    endloop
  endfacet
  facet normal 0.203857 0.0489471 -0.977776
    outer loop
      vertex 5.03776 3.07726 2.5265
      vertex 4.51692 3.03911 2.416
      vertex 4.50776 3.07726 2.416
    endloop
  endfacet
  facet normal 0.18308 0.442026 -0.87812
    outer loop
      vertex 4.38349 3.22275 2.416
      vertex 4.87725 3.23776 2.5265
      vertex 4.91349 3.22275 2.5265
    endloop
  endfacet
  facet normal 0.18308 0.442026 -0.87812
    outer loop
      vertex 4.87725 3.23776 2.5265
      vertex 4.38349 3.22275 2.416
      vertex 4.34725 3.23776 2.416
    endloop
  endfacet
  facet normal 0.203376 0.0842582 -0.975468
    outer loop
      vertex 4.50776 3.07726 2.416
      vertex 5.02275 3.11349 2.5265
      vertex 5.03776 3.07726 2.5265
    endloop
  endfacet
  facet normal 0.203376 0.0842582 -0.975468
    outer loop
      vertex 5.02275 3.11349 2.5265
      vertex 4.50776 3.07726 2.416
      vertex 4.49275 3.11349 2.416
    endloop
  endfacet
  facet normal 0.198518 0.232318 -0.952166
    outer loop
      vertex 4.44677 3.17677 2.416
      vertex 4.94694 3.20226 2.5265
      vertex 4.97677 3.17677 2.5265
    endloop
  endfacet
  facet normal 0.198518 0.232318 -0.952166
    outer loop
      vertex 4.94694 3.20226 2.5265
      vertex 4.44677 3.17677 2.416
      vertex 4.41694 3.20226 2.416
    endloop
  endfacet
  facet normal 0.193636 0.316111 -0.928751
    outer loop
      vertex 4.41694 3.20226 2.416
      vertex 4.91349 3.22275 2.5265
      vertex 4.94694 3.20226 2.5265
    endloop
  endfacet
  facet normal 0.193636 0.316111 -0.928751
    outer loop
      vertex 4.91349 3.22275 2.5265
      vertex 4.41694 3.20226 2.416
      vertex 4.38349 3.22275 2.416
    endloop
  endfacet
  facet normal 0.0734727 0.93296 -0.352403
    outer loop
      vertex 4.30911 3.24692 2.416
      vertex 4.8 3.25 2.5265
      vertex 4.83911 3.24692 2.5265
    endloop
  endfacet
  facet normal 0.0734727 0.93296 -0.352403
    outer loop
      vertex 4.8 3.25 2.5265
      vertex 4.30911 3.24692 2.416
      vertex 4.27 3.25 2.416
    endloop
  endfacet
  facet normal 0.155526 0.647573 -0.745963
    outer loop
      vertex 4.34725 3.23776 2.416
      vertex 4.83911 3.24692 2.5265
      vertex 4.87725 3.23776 2.5265
    endloop
  endfacet
  facet normal 0.155526 0.647573 -0.745963
    outer loop
      vertex 4.83911 3.24692 2.5265
      vertex 4.34725 3.23776 2.416
      vertex 4.30911 3.24692 2.416
    endloop
  endfacet
  facet normal 0.0743998 -0.944733 -0.319287
    outer loop
      vertex 4.83911 -3.24692 2.5265
      vertex 5.33 -3.25 2.65
      vertex 4.8 -3.25 2.5265
    endloop
  endfacet
  facet normal 0.0743998 -0.944733 -0.319287
    outer loop
      vertex 5.33 -3.25 2.65
      vertex 4.83911 -3.24692 2.5265
      vertex 5.36911 -3.24692 2.65
    endloop
  endfacet
  facet normal -0.226903 -0.0178691 0.973753
    outer loop
      vertex 5.02 -3 3.9
      vertex 4.49308 -3.03911 3.7765
      vertex 5.02308 -3.03911 3.9
    endloop
  endfacet
  facet normal -0.226903 -0.0178691 0.973753
    outer loop
      vertex 4.49308 -3.03911 3.7765
      vertex 5.02 -3 3.9
      vertex 4.49 -3 3.7765
    endloop
  endfacet
  facet normal 0.199022 -0.480517 -0.854104
    outer loop
      vertex 5.40725 -3.23776 2.65
      vertex 4.91349 -3.22275 2.5265
      vertex 5.44349 -3.22275 2.65
    endloop
  endfacet
  facet normal 0.199022 -0.480517 -0.854104
    outer loop
      vertex 4.91349 -3.22275 2.5265
      vertex 5.40725 -3.23776 2.65
      vertex 4.87725 -3.23776 2.5265
    endloop
  endfacet
  facet normal 0.164949 -0.686806 -0.707877
    outer loop
      vertex 5.36911 -3.24692 2.65
      vertex 4.87725 -3.23776 2.5265
      vertex 5.40725 -3.23776 2.65
    endloop
  endfacet
  facet normal 0.164949 -0.686806 -0.707877
    outer loop
      vertex 4.87725 -3.23776 2.5265
      vertex 5.36911 -3.24692 2.65
      vertex 4.83911 -3.24692 2.5265
    endloop
  endfacet
  facet normal -0.226939 0 0.973909
    outer loop
      vertex 4.49 3 3.7765
      vertex 5.02 -3 3.9
      vertex 5.02 3 3.9
    endloop
  endfacet
  facet normal -0.226939 0 0.973909
    outer loop
      vertex 5.02 -3 3.9
      vertex 4.49 3 3.7765
      vertex 4.49 -3 3.7765
    endloop
  endfacet
  facet normal -0.164949 0.686806 0.707877
    outer loop
      vertex 4.70089 3.24692 3.7765
      vertex 5.19275 3.23776 3.9
      vertex 5.23089 3.24692 3.9
    endloop
  endfacet
  facet normal -0.164949 0.686806 0.707877
    outer loop
      vertex 5.19275 3.23776 3.9
      vertex 4.70089 3.24692 3.7765
      vertex 4.66275 3.23776 3.7765
    endloop
  endfacet
  facet normal -0.199022 -0.480517 0.854104
    outer loop
      vertex 5.15651 -3.22275 3.9
      vertex 4.66275 -3.23776 3.7765
      vertex 5.19275 -3.23776 3.9
    endloop
  endfacet
  facet normal -0.199022 -0.480517 0.854104
    outer loop
      vertex 4.66275 -3.23776 3.7765
      vertex 5.15651 -3.22275 3.9
      vertex 4.62651 -3.22275 3.7765
    endloop
  endfacet
  facet normal 0.226903 0.0178691 -0.973753
    outer loop
      vertex 5.05 3 2.5265
      vertex 5.57692 3.03911 2.65
      vertex 5.58 3 2.65
    endloop
  endfacet
  facet normal 0.226903 0.0178691 -0.973753
    outer loop
      vertex 5.57692 3.03911 2.65
      vertex 5.05 3 2.5265
      vertex 5.04692 3.03911 2.5265
    endloop
  endfacet
  facet normal 0.0785092 -0.996913 0
    outer loop
      vertex 5.33 -3.25 2.65
      vertex 5.36911 -3.24692 3.9
      vertex 5.33 -3.25 3.9
    endloop
  endfacet
  facet normal 0.0785092 -0.996913 0
    outer loop
      vertex 5.36911 -3.24692 3.9
      vertex 5.33 -3.25 2.65
      vertex 5.36911 -3.24692 2.65
    endloop
  endfacet
  facet normal 0 0 1
    outer loop
      vertex 5.33 3.25 3.9
      vertex 5.58 3 3.9
      vertex 5.57692 3.03911 3.9
    endloop
  endfacet
  facet normal 0 0 1
    outer loop
      vertex 5.58 3 3.9
      vertex 5.02 3 3.9
      vertex 5.58 -3 3.9
    endloop
  endfacet
  facet normal 0 0 1
    outer loop
      vertex 5.33 3.25 3.9
      vertex 5.57692 3.03911 3.9
      vertex 5.56776 3.07726 3.9
    endloop
  endfacet
  facet normal 0 0 1
    outer loop
      vertex 5.02 -3 3.9
      vertex 5.58 -3 3.9
      vertex 5.02 3 3.9
    endloop
  endfacet
  facet normal 0 0 1
    outer loop
      vertex 5.33 3.25 3.9
      vertex 5.56776 3.07726 3.9
      vertex 5.55275 3.11349 3.9
    endloop
  endfacet
  facet normal 0 -0 1
    outer loop
      vertex 5.33 -3.25 3.9
      vertex 5.58 -3 3.9
      vertex 5.02 -3 3.9
    endloop
  endfacet
  facet normal 0 0 1
    outer loop
      vertex 5.33 3.25 3.9
      vertex 5.55275 3.11349 3.9
      vertex 5.53225 3.14694 3.9
    endloop
  endfacet
  facet normal 0 0 1
    outer loop
      vertex 5.58 -3 3.9
      vertex 5.33 -3.25 3.9
      vertex 5.57692 -3.03911 3.9
    endloop
  endfacet
  facet normal 0 0 1
    outer loop
      vertex 5.33 3.25 3.9
      vertex 5.53225 3.14694 3.9
      vertex 5.50677 3.17677 3.9
    endloop
  endfacet
  facet normal 0 0 1
    outer loop
      vertex 5.57692 -3.03911 3.9
      vertex 5.33 -3.25 3.9
      vertex 5.56776 -3.07726 3.9
    endloop
  endfacet
  facet normal 0 0 1
    outer loop
      vertex 5.33 3.25 3.9
      vertex 5.50677 3.17677 3.9
      vertex 5.47694 3.20226 3.9
    endloop
  endfacet
  facet normal 0 0 1
    outer loop
      vertex 5.56776 -3.07726 3.9
      vertex 5.33 -3.25 3.9
      vertex 5.55275 -3.11349 3.9
    endloop
  endfacet
  facet normal 0 0 1
    outer loop
      vertex 5.33 3.25 3.9
      vertex 5.47694 3.20226 3.9
      vertex 5.44349 3.22275 3.9
    endloop
  endfacet
  facet normal 0 0 1
    outer loop
      vertex 5.55275 -3.11349 3.9
      vertex 5.33 -3.25 3.9
      vertex 5.53225 -3.14694 3.9
    endloop
  endfacet
  facet normal 0 0 1
    outer loop
      vertex 5.33 3.25 3.9
      vertex 5.44349 3.22275 3.9
      vertex 5.40725 3.23776 3.9
    endloop
  endfacet
  facet normal 0 0 1
    outer loop
      vertex 5.53225 -3.14694 3.9
      vertex 5.33 -3.25 3.9
      vertex 5.50677 -3.17677 3.9
    endloop
  endfacet
  facet normal 0 0 1
    outer loop
      vertex 5.33 3.25 3.9
      vertex 5.40725 3.23776 3.9
      vertex 5.36911 3.24692 3.9
    endloop
  endfacet
  facet normal 0 0 1
    outer loop
      vertex 5.50677 -3.17677 3.9
      vertex 5.33 -3.25 3.9
      vertex 5.47694 -3.20226 3.9
    endloop
  endfacet
  facet normal 0 0 1
    outer loop
      vertex 5.58 3 3.9
      vertex 5.33 3.25 3.9
      vertex 5.02 3 3.9
    endloop
  endfacet
  facet normal 0 0 1
    outer loop
      vertex 5.47694 -3.20226 3.9
      vertex 5.33 -3.25 3.9
      vertex 5.44349 -3.22275 3.9
    endloop
  endfacet
  facet normal 0 0 1
    outer loop
      vertex 5.02 3 3.9
      vertex 5.33 3.25 3.9
      vertex 5.27 3.25 3.9
    endloop
  endfacet
  facet normal 0 0 1
    outer loop
      vertex 5.44349 -3.22275 3.9
      vertex 5.33 -3.25 3.9
      vertex 5.40725 -3.23776 3.9
    endloop
  endfacet
  facet normal 0 0 1
    outer loop
      vertex 5.02 3 3.9
      vertex 5.27 3.25 3.9
      vertex 5.23089 3.24692 3.9
    endloop
  endfacet
  facet normal 0 0 1
    outer loop
      vertex 5.40725 -3.23776 3.9
      vertex 5.33 -3.25 3.9
      vertex 5.36911 -3.24692 3.9
    endloop
  endfacet
  facet normal 0 0 1
    outer loop
      vertex 5.02 3 3.9
      vertex 5.23089 3.24692 3.9
      vertex 5.19275 3.23776 3.9
    endloop
  endfacet
  facet normal 0 0 1
    outer loop
      vertex 5.33 -3.25 3.9
      vertex 5.02 -3 3.9
      vertex 5.27 -3.25 3.9
    endloop
  endfacet
  facet normal 0 0 1
    outer loop
      vertex 5.02 3 3.9
      vertex 5.19275 3.23776 3.9
      vertex 5.15651 3.22275 3.9
    endloop
  endfacet
  facet normal 0 0 1
    outer loop
      vertex 5.27 -3.25 3.9
      vertex 5.02 -3 3.9
      vertex 5.23089 -3.24692 3.9
    endloop
  endfacet
  facet normal 0 0 1
    outer loop
      vertex 5.02 3 3.9
      vertex 5.15651 3.22275 3.9
      vertex 5.12306 3.20226 3.9
    endloop
  endfacet
  facet normal 0 0 1
    outer loop
      vertex 5.23089 -3.24692 3.9
      vertex 5.02 -3 3.9
      vertex 5.19275 -3.23776 3.9
    endloop
  endfacet
  facet normal 0 0 1
    outer loop
      vertex 5.02 3 3.9
      vertex 5.12306 3.20226 3.9
      vertex 5.09323 3.17677 3.9
    endloop
  endfacet
  facet normal 0 0 1
    outer loop
      vertex 5.19275 -3.23776 3.9
      vertex 5.02 -3 3.9
      vertex 5.15651 -3.22275 3.9
    endloop
  endfacet
  facet normal 0 0 1
    outer loop
      vertex 5.02 3 3.9
      vertex 5.09323 3.17677 3.9
      vertex 5.06775 3.14694 3.9
    endloop
  endfacet
  facet normal 0 0 1
    outer loop
      vertex 5.15651 -3.22275 3.9
      vertex 5.02 -3 3.9
      vertex 5.12306 -3.20226 3.9
    endloop
  endfacet
  facet normal 0 0 1
    outer loop
      vertex 5.02 3 3.9
      vertex 5.06775 3.14694 3.9
      vertex 5.04725 3.11349 3.9
    endloop
  endfacet
  facet normal 0 0 1
    outer loop
      vertex 5.12306 -3.20226 3.9
      vertex 5.02 -3 3.9
      vertex 5.09323 -3.17677 3.9
    endloop
  endfacet
  facet normal 0 0 1
    outer loop
      vertex 5.02 3 3.9
      vertex 5.04725 3.11349 3.9
      vertex 5.03224 3.07726 3.9
    endloop
  endfacet
  facet normal 0 0 1
    outer loop
      vertex 5.09323 -3.17677 3.9
      vertex 5.02 -3 3.9
      vertex 5.06775 -3.14694 3.9
    endloop
  endfacet
  facet normal 0 0 1
    outer loop
      vertex 5.02 3 3.9
      vertex 5.03224 3.07726 3.9
      vertex 5.02308 3.03911 3.9
    endloop
  endfacet
  facet normal 0 0 1
    outer loop
      vertex 5.06775 -3.14694 3.9
      vertex 5.02 -3 3.9
      vertex 5.04725 -3.11349 3.9
    endloop
  endfacet
  facet normal 0 0 1
    outer loop
      vertex 5.04725 -3.11349 3.9
      vertex 5.02 -3 3.9
      vertex 5.03224 -3.07726 3.9
    endloop
  endfacet
  facet normal 0 0 1
    outer loop
      vertex 5.03224 -3.07726 3.9
      vertex 5.02 -3 3.9
      vertex 5.02308 -3.03911 3.9
    endloop
  endfacet
  facet normal -0.164949 -0.686806 0.707877
    outer loop
      vertex 5.19275 -3.23776 3.9
      vertex 4.70089 -3.24692 3.7765
      vertex 5.23089 -3.24692 3.9
    endloop
  endfacet
  facet normal -0.164949 -0.686806 0.707877
    outer loop
      vertex 4.70089 -3.24692 3.7765
      vertex 5.19275 -3.23776 3.9
      vertex 4.66275 -3.23776 3.7765
    endloop
  endfacet
  facet normal 0.226903 -0.0178691 -0.973753
    outer loop
      vertex 5.57692 -3.03911 2.65
      vertex 5.05 -3 2.5265
      vertex 5.58 -3 2.65
    endloop
  endfacet
  facet normal 0.226903 -0.0178691 -0.973753
    outer loop
      vertex 5.05 -3 2.5265
      vertex 5.57692 -3.03911 2.65
      vertex 5.04692 -3.03911 2.5265
    endloop
  endfacet
  facet normal -0.0743998 0.944733 0.319287
    outer loop
      vertex 4.74 3.25 3.7765
      vertex 5.23089 3.24692 3.9
      vertex 5.27 3.25 3.9
    endloop
  endfacet
  facet normal -0.0743998 0.944733 0.319287
    outer loop
      vertex 5.23089 3.24692 3.9
      vertex 4.74 3.25 3.7765
      vertex 4.70089 3.24692 3.7765
    endloop
  endfacet
  facet normal 1 -0 0
    outer loop
      vertex 5.58 -3 3.9
      vertex 5.58 3 2.65
      vertex 5.58 3 3.9
    endloop
  endfacet
  facet normal 1 0 0
    outer loop
      vertex 5.58 3 2.65
      vertex 5.58 -3 3.9
      vertex 5.58 -3 2.65
    endloop
  endfacet
  facet normal 0.226939 0 -0.973909
    outer loop
      vertex 5.05 -3 2.5265
      vertex 5.58 3 2.65
      vertex 5.58 -3 2.65
    endloop
  endfacet
  facet normal 0.226939 0 -0.973909
    outer loop
      vertex 5.58 3 2.65
      vertex 5.05 -3 2.5265
      vertex 5.05 3 2.5265
    endloop
  endfacet
  facet normal -0.226603 -0.0544085 0.972466
    outer loop
      vertex 5.02308 -3.03911 3.9
      vertex 4.50224 -3.07726 3.7765
      vertex 5.03224 -3.07726 3.9
    endloop
  endfacet
  facet normal -0.226603 -0.0544085 0.972466
    outer loop
      vertex 4.50224 -3.07726 3.7765
      vertex 5.02308 -3.03911 3.9
      vertex 4.49308 -3.03911 3.7765
    endloop
  endfacet
  facet normal 0.85262 0.522532 0
    outer loop
      vertex 5.55275 3.11349 3.9
      vertex 5.53225 3.14694 2.65
      vertex 5.53225 3.14694 3.9
    endloop
  endfacet
  facet normal 0.85262 0.522532 0
    outer loop
      vertex 5.53225 3.14694 2.65
      vertex 5.55275 3.11349 3.9
      vertex 5.55275 3.11349 2.65
    endloop
  endfacet
  facet normal -0.222792 0.190303 0.956111
    outer loop
      vertex 4.56323 3.17677 3.7765
      vertex 5.06775 3.14694 3.9
      vertex 5.09323 3.17677 3.9
    endloop
  endfacet
  facet normal -0.222792 0.190303 0.956111
    outer loop
      vertex 5.06775 3.14694 3.9
      vertex 4.56323 3.17677 3.7765
      vertex 4.53775 3.14694 3.7765
    endloop
  endfacet
  facet normal 0.972364 -0.233469 0
    outer loop
      vertex 5.56776 -3.07726 3.9
      vertex 5.57692 -3.03911 2.65
      vertex 5.57692 -3.03911 3.9
    endloop
  endfacet
  facet normal 0.972364 -0.233469 0
    outer loop
      vertex 5.57692 -3.03911 2.65
      vertex 5.56776 -3.07726 3.9
      vertex 5.56776 -3.07726 2.65
    endloop
  endfacet
  facet normal -0.222792 -0.190303 0.956111
    outer loop
      vertex 5.06775 -3.14694 3.9
      vertex 4.56323 -3.17677 3.7765
      vertex 5.09323 -3.17677 3.9
    endloop
  endfacet
  facet normal -0.222792 -0.190303 0.956111
    outer loop
      vertex 4.56323 -3.17677 3.7765
      vertex 5.06775 -3.14694 3.9
      vertex 4.53775 -3.14694 3.7765
    endloop
  endfacet
  facet normal -0.225943 -0.0936075 0.969633
    outer loop
      vertex 5.03224 -3.07726 3.9
      vertex 4.51725 -3.11349 3.7765
      vertex 5.04725 -3.11349 3.9
    endloop
  endfacet
  facet normal -0.225943 -0.0936075 0.969633
    outer loop
      vertex 4.51725 -3.11349 3.7765
      vertex 5.03224 -3.07726 3.9
      vertex 4.50224 -3.07726 3.7765
    endloop
  endfacet
  facet normal 0.649636 -0.760245 0
    outer loop
      vertex 5.47694 -3.20226 2.65
      vertex 5.50677 -3.17677 3.9
      vertex 5.47694 -3.20226 3.9
    endloop
  endfacet
  facet normal 0.649636 -0.760245 0
    outer loop
      vertex 5.50677 -3.17677 3.9
      vertex 5.47694 -3.20226 2.65
      vertex 5.50677 -3.17677 2.65
    endloop
  endfacet
  facet normal 0.923852 0.38275 0
    outer loop
      vertex 5.56776 3.07726 3.9
      vertex 5.55275 3.11349 2.65
      vertex 5.55275 3.11349 3.9
    endloop
  endfacet
  facet normal 0.923852 0.38275 0
    outer loop
      vertex 5.55275 3.11349 2.65
      vertex 5.56776 3.07726 3.9
      vertex 5.56776 3.07726 2.65
    endloop
  endfacet
  facet normal 0.996913 0.0785092 0
    outer loop
      vertex 5.58 3 3.9
      vertex 5.57692 3.03911 2.65
      vertex 5.57692 3.03911 3.9
    endloop
  endfacet
  facet normal 0.996913 0.0785092 0
    outer loop
      vertex 5.57692 3.03911 2.65
      vertex 5.58 3 3.9
      vertex 5.58 3 2.65
    endloop
  endfacet
  facet normal -0.226603 0.0544085 0.972466
    outer loop
      vertex 4.50224 3.07726 3.7765
      vertex 5.02308 3.03911 3.9
      vertex 5.03224 3.07726 3.9
    endloop
  endfacet
  facet normal -0.226603 0.0544085 0.972466
    outer loop
      vertex 5.02308 3.03911 3.9
      vertex 4.50224 3.07726 3.7765
      vertex 4.49308 3.03911 3.7765
    endloop
  endfacet
  facet normal -0.224776 -0.137755 0.964624
    outer loop
      vertex 5.04725 -3.11349 3.9
      vertex 4.53775 -3.14694 3.7765
      vertex 5.06775 -3.14694 3.9
    endloop
  endfacet
  facet normal -0.224776 -0.137755 0.964624
    outer loop
      vertex 4.53775 -3.14694 3.7765
      vertex 5.04725 -3.11349 3.9
      vertex 4.51725 -3.11349 3.7765
    endloop
  endfacet
  facet normal -0.212804 -0.347404 0.91325
    outer loop
      vertex 5.12306 -3.20226 3.9
      vertex 4.62651 -3.22275 3.7765
      vertex 5.15651 -3.22275 3.9
    endloop
  endfacet
  facet normal -0.212804 -0.347404 0.91325
    outer loop
      vertex 4.62651 -3.22275 3.7765
      vertex 5.12306 -3.20226 3.9
      vertex 4.59306 -3.20226 3.7765
    endloop
  endfacet
  facet normal 0.233527 -0.97235 0
    outer loop
      vertex 5.36911 -3.24692 2.65
      vertex 5.40725 -3.23776 3.9
      vertex 5.36911 -3.24692 3.9
    endloop
  endfacet
  facet normal 0.233527 -0.97235 0
    outer loop
      vertex 5.40725 -3.23776 3.9
      vertex 5.36911 -3.24692 2.65
      vertex 5.40725 -3.23776 2.65
    endloop
  endfacet
  facet normal 0.212804 -0.347404 -0.91325
    outer loop
      vertex 5.44349 -3.22275 2.65
      vertex 4.94694 -3.20226 2.5265
      vertex 5.47694 -3.20226 2.65
    endloop
  endfacet
  facet normal 0.212804 -0.347404 -0.91325
    outer loop
      vertex 4.94694 -3.20226 2.5265
      vertex 5.44349 -3.22275 2.65
      vertex 4.91349 -3.22275 2.5265
    endloop
  endfacet
  facet normal 0.522347 -0.852733 0
    outer loop
      vertex 5.44349 -3.22275 2.65
      vertex 5.47694 -3.20226 3.9
      vertex 5.44349 -3.22275 3.9
    endloop
  endfacet
  facet normal 0.522347 -0.852733 0
    outer loop
      vertex 5.47694 -3.20226 3.9
      vertex 5.44349 -3.22275 2.65
      vertex 5.47694 -3.20226 2.65
    endloop
  endfacet
  facet normal 0.219336 -0.256681 -0.941279
    outer loop
      vertex 5.47694 -3.20226 2.65
      vertex 4.97677 -3.17677 2.5265
      vertex 5.50677 -3.17677 2.65
    endloop
  endfacet
  facet normal 0.219336 -0.256681 -0.941279
    outer loop
      vertex 4.97677 -3.17677 2.5265
      vertex 5.47694 -3.20226 2.65
      vertex 4.94694 -3.20226 2.5265
    endloop
  endfacet
  facet normal 0.85262 -0.522532 0
    outer loop
      vertex 5.53225 -3.14694 3.9
      vertex 5.55275 -3.11349 2.65
      vertex 5.55275 -3.11349 3.9
    endloop
  endfacet
  facet normal 0.85262 -0.522532 0
    outer loop
      vertex 5.55275 -3.11349 2.65
      vertex 5.53225 -3.14694 3.9
      vertex 5.53225 -3.14694 2.65
    endloop
  endfacet
  facet normal 0.226603 -0.0544085 -0.972466
    outer loop
      vertex 5.56776 -3.07726 2.65
      vertex 5.04692 -3.03911 2.5265
      vertex 5.57692 -3.03911 2.65
    endloop
  endfacet
  facet normal 0.226603 -0.0544085 -0.972466
    outer loop
      vertex 5.04692 -3.03911 2.5265
      vertex 5.56776 -3.07726 2.65
      vertex 5.03776 -3.07726 2.5265
    endloop
  endfacet
  facet normal 0.224776 -0.137755 -0.964624
    outer loop
      vertex 5.53225 -3.14694 2.65
      vertex 5.02275 -3.11349 2.5265
      vertex 5.55275 -3.11349 2.65
    endloop
  endfacet
  facet normal 0.224776 -0.137755 -0.964624
    outer loop
      vertex 5.02275 -3.11349 2.5265
      vertex 5.53225 -3.14694 2.65
      vertex 5.00225 -3.14694 2.5265
    endloop
  endfacet
  facet normal 0.522347 0.852733 -0
    outer loop
      vertex 5.47694 3.20226 2.65
      vertex 5.44349 3.22275 3.9
      vertex 5.47694 3.20226 3.9
    endloop
  endfacet
  facet normal 0.522347 0.852733 0
    outer loop
      vertex 5.44349 3.22275 3.9
      vertex 5.47694 3.20226 2.65
      vertex 5.44349 3.22275 2.65
    endloop
  endfacet
  facet normal -0.0743998 -0.944733 0.319287
    outer loop
      vertex 4.74 -3.25 3.7765
      vertex 5.23089 -3.24692 3.9
      vertex 4.70089 -3.24692 3.7765
    endloop
  endfacet
  facet normal -0.0743998 -0.944733 0.319287
    outer loop
      vertex 5.23089 -3.24692 3.9
      vertex 4.74 -3.25 3.7765
      vertex 5.27 -3.25 3.9
    endloop
  endfacet
  facet normal 0.0785092 0.996913 -0
    outer loop
      vertex 5.36911 3.24692 2.65
      vertex 5.33 3.25 3.9
      vertex 5.36911 3.24692 3.9
    endloop
  endfacet
  facet normal 0.0785092 0.996913 0
    outer loop
      vertex 5.33 3.25 3.9
      vertex 5.36911 3.24692 2.65
      vertex 5.33 3.25 2.65
    endloop
  endfacet
  facet normal -0.219336 -0.256681 0.941279
    outer loop
      vertex 5.09323 -3.17677 3.9
      vertex 4.59306 -3.20226 3.7765
      vertex 5.12306 -3.20226 3.9
    endloop
  endfacet
  facet normal -0.219336 -0.256681 0.941279
    outer loop
      vertex 4.59306 -3.20226 3.7765
      vertex 5.09323 -3.17677 3.9
      vertex 4.56323 -3.17677 3.7765
    endloop
  endfacet
  facet normal 0.38266 -0.923889 0
    outer loop
      vertex 5.40725 -3.23776 2.65
      vertex 5.44349 -3.22275 3.9
      vertex 5.40725 -3.23776 3.9
    endloop
  endfacet
  facet normal 0.38266 -0.923889 0
    outer loop
      vertex 5.44349 -3.22275 3.9
      vertex 5.40725 -3.23776 2.65
      vertex 5.44349 -3.22275 2.65
    endloop
  endfacet
  facet normal 0.222792 -0.190303 -0.956111
    outer loop
      vertex 5.50677 -3.17677 2.65
      vertex 5.00225 -3.14694 2.5265
      vertex 5.53225 -3.14694 2.65
    endloop
  endfacet
  facet normal 0.222792 -0.190303 -0.956111
    outer loop
      vertex 5.00225 -3.14694 2.5265
      vertex 5.50677 -3.17677 2.65
      vertex 4.97677 -3.17677 2.5265
    endloop
  endfacet
  facet normal 0.760371 -0.649489 0
    outer loop
      vertex 5.50677 -3.17677 3.9
      vertex 5.53225 -3.14694 2.65
      vertex 5.53225 -3.14694 3.9
    endloop
  endfacet
  facet normal 0.760371 -0.649489 0
    outer loop
      vertex 5.53225 -3.14694 2.65
      vertex 5.50677 -3.17677 3.9
      vertex 5.50677 -3.17677 2.65
    endloop
  endfacet
  facet normal 0.225943 -0.0936075 -0.969633
    outer loop
      vertex 5.55275 -3.11349 2.65
      vertex 5.03776 -3.07726 2.5265
      vertex 5.56776 -3.07726 2.65
    endloop
  endfacet
  facet normal 0.225943 -0.0936075 -0.969633
    outer loop
      vertex 5.03776 -3.07726 2.5265
      vertex 5.55275 -3.11349 2.65
      vertex 5.02275 -3.11349 2.5265
    endloop
  endfacet
  facet normal 0.996913 -0.0785092 0
    outer loop
      vertex 5.57692 -3.03911 3.9
      vertex 5.58 -3 2.65
      vertex 5.58 -3 3.9
    endloop
  endfacet
  facet normal 0.996913 -0.0785092 0
    outer loop
      vertex 5.58 -3 2.65
      vertex 5.57692 -3.03911 3.9
      vertex 5.57692 -3.03911 2.65
    endloop
  endfacet
  facet normal 0.972364 0.233469 0
    outer loop
      vertex 5.57692 3.03911 3.9
      vertex 5.56776 3.07726 2.65
      vertex 5.56776 3.07726 3.9
    endloop
  endfacet
  facet normal 0.972364 0.233469 0
    outer loop
      vertex 5.56776 3.07726 2.65
      vertex 5.57692 3.03911 3.9
      vertex 5.57692 3.03911 2.65
    endloop
  endfacet
  facet normal -0.226903 0.0178691 0.973753
    outer loop
      vertex 4.49308 3.03911 3.7765
      vertex 5.02 3 3.9
      vertex 5.02308 3.03911 3.9
    endloop
  endfacet
  facet normal -0.226903 0.0178691 0.973753
    outer loop
      vertex 5.02 3 3.9
      vertex 4.49308 3.03911 3.7765
      vertex 4.49 3 3.7765
    endloop
  endfacet
  facet normal -0.219336 0.256681 0.941279
    outer loop
      vertex 4.59306 3.20226 3.7765
      vertex 5.09323 3.17677 3.9
      vertex 5.12306 3.20226 3.9
    endloop
  endfacet
  facet normal -0.219336 0.256681 0.941279
    outer loop
      vertex 5.09323 3.17677 3.9
      vertex 4.59306 3.20226 3.7765
      vertex 4.56323 3.17677 3.7765
    endloop
  endfacet
  facet normal 0.164949 0.686806 -0.707877
    outer loop
      vertex 4.87725 3.23776 2.5265
      vertex 5.36911 3.24692 2.65
      vertex 5.40725 3.23776 2.65
    endloop
  endfacet
  facet normal 0.164949 0.686806 -0.707877
    outer loop
      vertex 5.36911 3.24692 2.65
      vertex 4.87725 3.23776 2.5265
      vertex 4.83911 3.24692 2.5265
    endloop
  endfacet
  facet normal 0.923852 -0.38275 0
    outer loop
      vertex 5.55275 -3.11349 3.9
      vertex 5.56776 -3.07726 2.65
      vertex 5.56776 -3.07726 3.9
    endloop
  endfacet
  facet normal 0.923852 -0.38275 0
    outer loop
      vertex 5.56776 -3.07726 2.65
      vertex 5.55275 -3.11349 3.9
      vertex 5.55275 -3.11349 2.65
    endloop
  endfacet
  facet normal 0.224776 0.137755 -0.964624
    outer loop
      vertex 5.02275 3.11349 2.5265
      vertex 5.53225 3.14694 2.65
      vertex 5.55275 3.11349 2.65
    endloop
  endfacet
  facet normal 0.224776 0.137755 -0.964624
    outer loop
      vertex 5.53225 3.14694 2.65
      vertex 5.02275 3.11349 2.5265
      vertex 5.00225 3.14694 2.5265
    endloop
  endfacet
  facet normal -0.225943 0.0936075 0.969633
    outer loop
      vertex 4.51725 3.11349 3.7765
      vertex 5.03224 3.07726 3.9
      vertex 5.04725 3.11349 3.9
    endloop
  endfacet
  facet normal -0.225943 0.0936075 0.969633
    outer loop
      vertex 5.03224 3.07726 3.9
      vertex 4.51725 3.11349 3.7765
      vertex 4.50224 3.07726 3.7765
    endloop
  endfacet
  facet normal -0.224776 0.137755 0.964624
    outer loop
      vertex 4.53775 3.14694 3.7765
      vertex 5.04725 3.11349 3.9
      vertex 5.06775 3.14694 3.9
    endloop
  endfacet
  facet normal -0.224776 0.137755 0.964624
    outer loop
      vertex 5.04725 3.11349 3.9
      vertex 4.53775 3.14694 3.7765
      vertex 4.51725 3.11349 3.7765
    endloop
  endfacet
  facet normal -0.212804 0.347404 0.91325
    outer loop
      vertex 4.62651 3.22275 3.7765
      vertex 5.12306 3.20226 3.9
      vertex 5.15651 3.22275 3.9
    endloop
  endfacet
  facet normal -0.212804 0.347404 0.91325
    outer loop
      vertex 5.12306 3.20226 3.9
      vertex 4.62651 3.22275 3.7765
      vertex 4.59306 3.20226 3.7765
    endloop
  endfacet
  facet normal -0.199022 0.480517 0.854104
    outer loop
      vertex 4.66275 3.23776 3.7765
      vertex 5.15651 3.22275 3.9
      vertex 5.19275 3.23776 3.9
    endloop
  endfacet
  facet normal -0.199022 0.480517 0.854104
    outer loop
      vertex 5.15651 3.22275 3.9
      vertex 4.66275 3.23776 3.7765
      vertex 4.62651 3.22275 3.7765
    endloop
  endfacet
  facet normal 0.225943 0.0936075 -0.969633
    outer loop
      vertex 5.03776 3.07726 2.5265
      vertex 5.55275 3.11349 2.65
      vertex 5.56776 3.07726 2.65
    endloop
  endfacet
  facet normal 0.225943 0.0936075 -0.969633
    outer loop
      vertex 5.55275 3.11349 2.65
      vertex 5.03776 3.07726 2.5265
      vertex 5.02275 3.11349 2.5265
    endloop
  endfacet
  facet normal 0.226603 0.0544085 -0.972466
    outer loop
      vertex 5.04692 3.03911 2.5265
      vertex 5.56776 3.07726 2.65
      vertex 5.57692 3.03911 2.65
    endloop
  endfacet
  facet normal 0.226603 0.0544085 -0.972466
    outer loop
      vertex 5.56776 3.07726 2.65
      vertex 5.04692 3.03911 2.5265
      vertex 5.03776 3.07726 2.5265
    endloop
  endfacet
  facet normal 0.0743998 0.944733 -0.319287
    outer loop
      vertex 4.83911 3.24692 2.5265
      vertex 5.33 3.25 2.65
      vertex 5.36911 3.24692 2.65
    endloop
  endfacet
  facet normal 0.0743998 0.944733 -0.319287
    outer loop
      vertex 5.33 3.25 2.65
      vertex 4.83911 3.24692 2.5265
      vertex 4.8 3.25 2.5265
    endloop
  endfacet
  facet normal 0.199022 0.480517 -0.854104
    outer loop
      vertex 4.91349 3.22275 2.5265
      vertex 5.40725 3.23776 2.65
      vertex 5.44349 3.22275 2.65
    endloop
  endfacet
  facet normal 0.199022 0.480517 -0.854104
    outer loop
      vertex 5.40725 3.23776 2.65
      vertex 4.91349 3.22275 2.5265
      vertex 4.87725 3.23776 2.5265
    endloop
  endfacet
  facet normal 0.212804 0.347404 -0.91325
    outer loop
      vertex 4.94694 3.20226 2.5265
      vertex 5.44349 3.22275 2.65
      vertex 5.47694 3.20226 2.65
    endloop
  endfacet
  facet normal 0.212804 0.347404 -0.91325
    outer loop
      vertex 5.44349 3.22275 2.65
      vertex 4.94694 3.20226 2.5265
      vertex 4.91349 3.22275 2.5265
    endloop
  endfacet
  facet normal 0.233527 0.97235 -0
    outer loop
      vertex 5.40725 3.23776 2.65
      vertex 5.36911 3.24692 3.9
      vertex 5.40725 3.23776 3.9
    endloop
  endfacet
  facet normal 0.233527 0.97235 0
    outer loop
      vertex 5.36911 3.24692 3.9
      vertex 5.40725 3.23776 2.65
      vertex 5.36911 3.24692 2.65
    endloop
  endfacet
  facet normal 0.38266 0.923889 -0
    outer loop
      vertex 5.44349 3.22275 2.65
      vertex 5.40725 3.23776 3.9
      vertex 5.44349 3.22275 3.9
    endloop
  endfacet
  facet normal 0.38266 0.923889 0
    outer loop
      vertex 5.40725 3.23776 3.9
      vertex 5.44349 3.22275 2.65
      vertex 5.40725 3.23776 2.65
    endloop
  endfacet
  facet normal 0.219336 0.256681 -0.941279
    outer loop
      vertex 4.97677 3.17677 2.5265
      vertex 5.47694 3.20226 2.65
      vertex 5.50677 3.17677 2.65
    endloop
  endfacet
  facet normal 0.219336 0.256681 -0.941279
    outer loop
      vertex 5.47694 3.20226 2.65
      vertex 4.97677 3.17677 2.5265
      vertex 4.94694 3.20226 2.5265
    endloop
  endfacet
  facet normal 0.222792 0.190303 -0.956111
    outer loop
      vertex 5.00225 3.14694 2.5265
      vertex 5.50677 3.17677 2.65
      vertex 5.53225 3.14694 2.65
    endloop
  endfacet
  facet normal 0.222792 0.190303 -0.956111
    outer loop
      vertex 5.50677 3.17677 2.65
      vertex 5.00225 3.14694 2.5265
      vertex 4.97677 3.17677 2.5265
    endloop
  endfacet
  facet normal 0.649636 0.760245 -0
    outer loop
      vertex 5.50677 3.17677 2.65
      vertex 5.47694 3.20226 3.9
      vertex 5.50677 3.17677 3.9
    endloop
  endfacet
  facet normal 0.649636 0.760245 0
    outer loop
      vertex 5.47694 3.20226 3.9
      vertex 5.50677 3.17677 2.65
      vertex 5.47694 3.20226 2.65
    endloop
  endfacet
  facet normal 0.760371 0.649489 0
    outer loop
      vertex 5.53225 3.14694 3.9
      vertex 5.50677 3.17677 2.65
      vertex 5.50677 3.17677 3.9
    endloop
  endfacet
  facet normal 0.760371 0.649489 0
    outer loop
      vertex 5.50677 3.17677 2.65
      vertex 5.53225 3.14694 3.9
      vertex 5.53225 3.14694 2.65
    endloop
  endfacet
  facet normal -1 0 0
    outer loop
      vertex -3.92 -1.125 3.65864
      vertex -3.92 1.125 3.6904
      vertex -3.92 1.125 3.65864
    endloop
  endfacet
  facet normal -1 -0 0
    outer loop
      vertex -3.92 1.125 3.6904
      vertex -3.92 -1.125 3.65864
      vertex -3.92 -1.125 3.6904
    endloop
  endfacet
  facet normal -0 0 1
    outer loop
      vertex -3.92 1.125 3.6904
      vertex -3.58 -1.125 3.6904
      vertex -3.58 1.125 3.6904
    endloop
  endfacet
  facet normal 0 0 1
    outer loop
      vertex -3.58 -1.125 3.6904
      vertex -3.92 1.125 3.6904
      vertex -3.92 -1.125 3.6904
    endloop
  endfacet
  facet normal 1 -0 0
    outer loop
      vertex -3.58 -1.125 3.6904
      vertex -3.58 1.125 3.59609
      vertex -3.58 1.125 3.6904
    endloop
  endfacet
  facet normal 1 0 0
    outer loop
      vertex -3.58 1.125 3.59609
      vertex -3.58 -1.125 3.6904
      vertex -3.58 -1.125 3.59609
    endloop
  endfacet
  facet normal 0 1 0
    outer loop
      vertex -3.58 1.125 3.6904
      vertex -3.92 1.125 3.65864
      vertex -3.92 1.125 3.6904
    endloop
  endfacet
  facet normal -0 1 0
    outer loop
      vertex -3.92 1.125 3.65864
      vertex -3.58 1.125 3.6904
      vertex -3.58 1.125 3.59609
    endloop
  endfacet
  facet normal 0 -1 0
    outer loop
      vertex -3.92 -1.125 3.65864
      vertex -3.58 -1.125 3.6904
      vertex -3.92 -1.125 3.6904
    endloop
  endfacet
  facet normal 0 -1 -0
    outer loop
      vertex -3.58 -1.125 3.6904
      vertex -3.92 -1.125 3.65864
      vertex -3.58 -1.125 3.59609
    endloop
  endfacet
  facet normal -1 0 0
    outer loop
      vertex -3.22 -1.125 3.53502
      vertex -3.22 1.125 3.58026
      vertex -3.22 1.125 3.53502
    endloop
  endfacet
  facet normal -1 -0 0
    outer loop
      vertex -3.22 1.125 3.58026
      vertex -3.22 -1.125 3.53502
      vertex -3.22 -1.125 3.58026
    endloop
  endfacet
  facet normal -0 0 1
    outer loop
      vertex -3.22 1.125 3.58026
      vertex -2.88 -1.125 3.58026
      vertex -2.88 1.125 3.58026
    endloop
  endfacet
  facet normal 0 0 1
    outer loop
      vertex -2.88 -1.125 3.58026
      vertex -3.22 1.125 3.58026
      vertex -3.22 -1.125 3.58026
    endloop
  endfacet
  facet normal 1 -0 0
    outer loop
      vertex -2.88 -1.125 3.58026
      vertex -2.88 1.125 3.4813
      vertex -2.88 1.125 3.58026
    endloop
  endfacet
  facet normal 1 0 0
    outer loop
      vertex -2.88 1.125 3.4813
      vertex -2.88 -1.125 3.58026
      vertex -2.88 -1.125 3.4813
    endloop
  endfacet
  facet normal 0 -1 0
    outer loop
      vertex -2.9 -1.125 3.484
      vertex -3.22 -1.125 3.58026
      vertex -3.22 -1.125 3.53502
    endloop
  endfacet
  facet normal 0 -1 0
    outer loop
      vertex -3.22 -1.125 3.58026
      vertex -2.9 -1.125 3.484
      vertex -2.88 -1.125 3.58026
    endloop
  endfacet
  facet normal 0 -1 -0
    outer loop
      vertex -2.88 -1.125 3.58026
      vertex -2.9 -1.125 3.484
      vertex -2.88 -1.125 3.4813
    endloop
  endfacet
  facet normal 0 1 -0
    outer loop
      vertex -2.9 1.125 3.484
      vertex -3.22 1.125 3.58026
      vertex -2.88 1.125 3.58026
    endloop
  endfacet
  facet normal 0 1 0
    outer loop
      vertex -3.22 1.125 3.58026
      vertex -2.9 1.125 3.484
      vertex -3.22 1.125 3.53502
    endloop
  endfacet
  facet normal -0 1 0
    outer loop
      vertex -2.9 1.125 3.484
      vertex -2.88 1.125 3.58026
      vertex -2.88 1.125 3.4813
    endloop
  endfacet
  facet normal 0 0 -1
    outer loop
      vertex 0.310974 -0.610336 3.265
      vertex 0.481032 -0.90365 3.265
      vertex 0.465332 -0.913269 3.265
    endloop
  endfacet
  facet normal 0 0 -1
    outer loop
      vertex 0.481032 -0.90365 3.265
      vertex 0.402618 -0.554169 3.265
      vertex 0.481032 -0.487202 3.265
    endloop
  endfacet
  facet normal 0 0 -1
    outer loop
      vertex 0.310974 -0.610336 3.265
      vertex 0.465332 -0.913269 3.265
      vertex 0.316742 -0.974823 3.265
    endloop
  endfacet
  facet normal 0 0 -1
    outer loop
      vertex 0.481032 -0.90365 3.265
      vertex 0.310974 -0.610336 3.265
      vertex 0.402618 -0.554169 3.265
    endloop
  endfacet
  facet normal 0 0 -1
    outer loop
      vertex 0.316742 -0.974823 3.265
      vertex 0.21167 -0.651459 3.265
      vertex 0.310974 -0.610336 3.265
    endloop
  endfacet
  facet normal 0 0 -1
    outer loop
      vertex 0.160339 -1.01237 3.265
      vertex 0.21167 -0.651459 3.265
      vertex 0.316742 -0.974823 3.265
    endloop
  endfacet
  facet normal 0 0 -1
    outer loop
      vertex 0.160339 -1.01237 3.265
      vertex 0.107147 -0.676559 3.265
      vertex 0.21167 -0.651459 3.265
    endloop
  endfacet
  facet normal 0 0 -1
    outer loop
      vertex 0 -1.02499 3.265
      vertex 0.107147 -0.676559 3.265
      vertex 0.160339 -1.01237 3.265
    endloop
  endfacet
  facet normal 0 0 -1
    outer loop
      vertex 0 -1.02499 3.265
      vertex 0 -0.684998 3.265
      vertex 0.107147 -0.676559 3.265
    endloop
  endfacet
  facet normal 0 0 -1
    outer loop
      vertex 0 -1.02499 3.265
      vertex -0.107147 -0.676559 3.265
      vertex 0 -0.684998 3.265
    endloop
  endfacet
  facet normal 0 0 -1
    outer loop
      vertex -0.160339 -1.01237 3.265
      vertex -0.107147 -0.676559 3.265
      vertex 0 -1.02499 3.265
    endloop
  endfacet
  facet normal 0 0 -1
    outer loop
      vertex -0.160339 -1.01237 3.265
      vertex -0.21167 -0.651459 3.265
      vertex -0.107147 -0.676559 3.265
    endloop
  endfacet
  facet normal 0 0 -1
    outer loop
      vertex -0.316742 -0.974823 3.265
      vertex -0.21167 -0.651459 3.265
      vertex -0.160339 -1.01237 3.265
    endloop
  endfacet
  facet normal -0 0 -1
    outer loop
      vertex -0.21167 -0.651459 3.265
      vertex -0.316742 -0.974823 3.265
      vertex -0.310974 -0.610336 3.265
    endloop
  endfacet
  facet normal 0 0 -1
    outer loop
      vertex -0.465332 -0.913269 3.265
      vertex -0.310974 -0.610336 3.265
      vertex -0.316742 -0.974823 3.265
    endloop
  endfacet
  facet normal 0 0 -1
    outer loop
      vertex -0.481032 -0.90365 3.265
      vertex -0.310974 -0.610336 3.265
      vertex -0.465332 -0.913269 3.265
    endloop
  endfacet
  facet normal -0 0 -1
    outer loop
      vertex -0.310974 -0.610336 3.265
      vertex -0.481032 -0.90365 3.265
      vertex -0.402618 -0.554169 3.265
    endloop
  endfacet
  facet normal -0 0 -1
    outer loop
      vertex -0.402618 -0.554169 3.265
      vertex -0.481032 -0.90365 3.265
      vertex -0.481032 -0.487202 3.265
    endloop
  endfacet
  facet normal 0 0 -1
    outer loop
      vertex 0.402618 0.554169 3.265
      vertex 0.481032 0.90365 3.265
      vertex 0.481032 0.487202 3.265
    endloop
  endfacet
  facet normal 0 0 -1
    outer loop
      vertex 0.310974 0.610336 3.265
      vertex 0.481032 0.90365 3.265
      vertex 0.402618 0.554169 3.265
    endloop
  endfacet
  facet normal -0 0 -1
    outer loop
      vertex 0.481032 0.90365 3.265
      vertex 0.310974 0.610336 3.265
      vertex 0.465332 0.913269 3.265
    endloop
  endfacet
  facet normal -0 0 -1
    outer loop
      vertex 0.465332 0.913269 3.265
      vertex 0.310974 0.610336 3.265
      vertex 0.316742 0.974823 3.265
    endloop
  endfacet
  facet normal 0 0 -1
    outer loop
      vertex 0.21167 0.651459 3.265
      vertex 0.316742 0.974823 3.265
      vertex 0.310974 0.610336 3.265
    endloop
  endfacet
  facet normal 0 0 -1
    outer loop
      vertex 0.21167 0.651459 3.265
      vertex 0.160339 1.01237 3.265
      vertex 0.316742 0.974823 3.265
    endloop
  endfacet
  facet normal 0 0 -1
    outer loop
      vertex 0.107147 0.676559 3.265
      vertex 0.160339 1.01237 3.265
      vertex 0.21167 0.651459 3.265
    endloop
  endfacet
  facet normal 0 0 -1
    outer loop
      vertex 0 0.684998 3.265
      vertex 0.160339 1.01237 3.265
      vertex 0.107147 0.676559 3.265
    endloop
  endfacet
  facet normal 0 0 -1
    outer loop
      vertex 0 0.684998 3.265
      vertex 0 1.02499 3.265
      vertex 0.160339 1.01237 3.265
    endloop
  endfacet
  facet normal 0 0 -1
    outer loop
      vertex -0.107147 0.676559 3.265
      vertex 0 1.02499 3.265
      vertex 0 0.684998 3.265
    endloop
  endfacet
  facet normal 0 0 -1
    outer loop
      vertex -0.107147 0.676559 3.265
      vertex -0.160339 1.01237 3.265
      vertex 0 1.02499 3.265
    endloop
  endfacet
  facet normal 0 0 -1
    outer loop
      vertex -0.21167 0.651459 3.265
      vertex -0.160339 1.01237 3.265
      vertex -0.107147 0.676559 3.265
    endloop
  endfacet
  facet normal 0 0 -1
    outer loop
      vertex -0.316742 0.974823 3.265
      vertex -0.21167 0.651459 3.265
      vertex -0.310974 0.610336 3.265
    endloop
  endfacet
  facet normal 0 0 -1
    outer loop
      vertex -0.21167 0.651459 3.265
      vertex -0.316742 0.974823 3.265
      vertex -0.160339 1.01237 3.265
    endloop
  endfacet
  facet normal 0 0 -1
    outer loop
      vertex -0.481032 0.90365 3.265
      vertex -0.310974 0.610336 3.265
      vertex -0.402618 0.554169 3.265
    endloop
  endfacet
  facet normal 0 0 -1
    outer loop
      vertex -0.310974 0.610336 3.265
      vertex -0.465332 0.913269 3.265
      vertex -0.316742 0.974823 3.265
    endloop
  endfacet
  facet normal 0 0 -1
    outer loop
      vertex -0.481032 0.90365 3.265
      vertex -0.402618 0.554169 3.265
      vertex -0.481032 0.487202 3.265
    endloop
  endfacet
  facet normal 0 0 -1
    outer loop
      vertex -0.310974 0.610336 3.265
      vertex -0.481032 0.90365 3.265
      vertex -0.465332 0.913269 3.265
    endloop
  endfacet
  facet normal 0 0 1
    outer loop
      vertex 0.684998 0 3.365
      vertex 1.02499 0 3.365
      vertex 1.01237 0.160339 3.365
    endloop
  endfacet
  facet normal 0 0 1
    outer loop
      vertex 0.676559 0.107147 3.365
      vertex 1.01237 0.160339 3.365
      vertex 0.974823 0.316742 3.365
    endloop
  endfacet
  facet normal 0 0 1
    outer loop
      vertex 1.02499 0 3.365
      vertex 0.684998 0 3.365
      vertex 1.01237 -0.160339 3.365
    endloop
  endfacet
  facet normal 0 0 1
    outer loop
      vertex 0.651459 0.21167 3.365
      vertex 0.974823 0.316742 3.365
      vertex 0.913269 0.465332 3.365
    endloop
  endfacet
  facet normal -0 0 1
    outer loop
      vertex 0.676559 -0.107147 3.365
      vertex 1.01237 -0.160339 3.365
      vertex 0.684998 0 3.365
    endloop
  endfacet
  facet normal 0 0 1
    outer loop
      vertex 0.610336 0.310974 3.365
      vertex 0.913269 0.465332 3.365
      vertex 0.829239 0.602478 3.365
    endloop
  endfacet
  facet normal 0 0 1
    outer loop
      vertex 1.01237 -0.160339 3.365
      vertex 0.676559 -0.107147 3.365
      vertex 0.974823 -0.316742 3.365
    endloop
  endfacet
  facet normal 0 0 1
    outer loop
      vertex 0.554169 0.402618 3.365
      vertex 0.829239 0.602478 3.365
      vertex 0.724777 0.724777 3.365
    endloop
  endfacet
  facet normal -0 0 1
    outer loop
      vertex 0.651459 -0.21167 3.365
      vertex 0.974823 -0.316742 3.365
      vertex 0.676559 -0.107147 3.365
    endloop
  endfacet
  facet normal 0 0 1
    outer loop
      vertex 0.974823 -0.316742 3.365
      vertex 0.651459 -0.21167 3.365
      vertex 0.913269 -0.465332 3.365
    endloop
  endfacet
  facet normal 0 0 1
    outer loop
      vertex 1.01237 0.160339 3.365
      vertex 0.676559 0.107147 3.365
      vertex 0.684998 0 3.365
    endloop
  endfacet
  facet normal 0 0 1
    outer loop
      vertex 0.974823 0.316742 3.365
      vertex 0.651459 0.21167 3.365
      vertex 0.676559 0.107147 3.365
    endloop
  endfacet
  facet normal 0 0 1
    outer loop
      vertex 0.913269 0.465332 3.365
      vertex 0.610336 0.310974 3.365
      vertex 0.651459 0.21167 3.365
    endloop
  endfacet
  facet normal 0 0 1
    outer loop
      vertex 0.48436 0.48436 3.365
      vertex 0.724777 0.724777 3.365
      vertex 0.602478 0.829239 3.365
    endloop
  endfacet
  facet normal 0 0 1
    outer loop
      vertex 0.829239 0.602478 3.365
      vertex 0.554169 0.402618 3.365
      vertex 0.610336 0.310974 3.365
    endloop
  endfacet
  facet normal 0 0 1
    outer loop
      vertex 0.724777 0.724777 3.365
      vertex 0.48436 0.48436 3.365
      vertex 0.554169 0.402618 3.365
    endloop
  endfacet
  facet normal 0 0 1
    outer loop
      vertex 0.402618 0.554169 3.365
      vertex 0.602478 0.829239 3.365
      vertex 0.465332 0.913269 3.365
    endloop
  endfacet
  facet normal 0 0 1
    outer loop
      vertex 0.602478 0.829239 3.365
      vertex 0.402618 0.554169 3.365
      vertex 0.48436 0.48436 3.365
    endloop
  endfacet
  facet normal 0 0 1
    outer loop
      vertex 0.310974 0.610336 3.365
      vertex 0.465332 0.913269 3.365
      vertex 0.316742 0.974823 3.365
    endloop
  endfacet
  facet normal 0 0 1
    outer loop
      vertex 0.465332 0.913269 3.365
      vertex 0.310974 0.610336 3.365
      vertex 0.402618 0.554169 3.365
    endloop
  endfacet
  facet normal 0 0 1
    outer loop
      vertex 0.316742 0.974823 3.365
      vertex 0.21167 0.651459 3.365
      vertex 0.310974 0.610336 3.365
    endloop
  endfacet
  facet normal 0 0 1
    outer loop
      vertex 0.160339 1.01237 3.365
      vertex 0.21167 0.651459 3.365
      vertex 0.316742 0.974823 3.365
    endloop
  endfacet
  facet normal 0 0 1
    outer loop
      vertex 0.160339 1.01237 3.365
      vertex 0.107147 0.676559 3.365
      vertex 0.21167 0.651459 3.365
    endloop
  endfacet
  facet normal 0 0 1
    outer loop
      vertex 0 1.02499 3.365
      vertex 0.107147 0.676559 3.365
      vertex 0.160339 1.01237 3.365
    endloop
  endfacet
  facet normal 0 0 1
    outer loop
      vertex 0 1.02499 3.365
      vertex 0 0.684998 3.365
      vertex 0.107147 0.676559 3.365
    endloop
  endfacet
  facet normal 0 0 1
    outer loop
      vertex 0 1.02499 3.365
      vertex -0.107147 0.676559 3.365
      vertex 0 0.684998 3.365
    endloop
  endfacet
  facet normal -0 0 1
    outer loop
      vertex -0.160339 1.01237 3.365
      vertex -0.107147 0.676559 3.365
      vertex 0 1.02499 3.365
    endloop
  endfacet
  facet normal 0 0 1
    outer loop
      vertex -0.160339 1.01237 3.365
      vertex -0.21167 0.651459 3.365
      vertex -0.107147 0.676559 3.365
    endloop
  endfacet
  facet normal -0 0 1
    outer loop
      vertex -0.316742 0.974823 3.365
      vertex -0.21167 0.651459 3.365
      vertex -0.160339 1.01237 3.365
    endloop
  endfacet
  facet normal 0 0 1
    outer loop
      vertex -0.21167 0.651459 3.365
      vertex -0.316742 0.974823 3.365
      vertex -0.310974 0.610336 3.365
    endloop
  endfacet
  facet normal -0 0 1
    outer loop
      vertex -0.465332 0.913269 3.365
      vertex -0.310974 0.610336 3.365
      vertex -0.316742 0.974823 3.365
    endloop
  endfacet
  facet normal 0 0 1
    outer loop
      vertex -0.310974 0.610336 3.365
      vertex -0.465332 0.913269 3.365
      vertex -0.402618 0.554169 3.365
    endloop
  endfacet
  facet normal -0 0 1
    outer loop
      vertex -0.602478 0.829239 3.365
      vertex -0.402618 0.554169 3.365
      vertex -0.465332 0.913269 3.365
    endloop
  endfacet
  facet normal 0 0 1
    outer loop
      vertex -0.402618 0.554169 3.365
      vertex -0.602478 0.829239 3.365
      vertex -0.48436 0.48436 3.365
    endloop
  endfacet
  facet normal -0 0 1
    outer loop
      vertex -0.724777 0.724777 3.365
      vertex -0.48436 0.48436 3.365
      vertex -0.602478 0.829239 3.365
    endloop
  endfacet
  facet normal 0 0 1
    outer loop
      vertex -0.48436 0.48436 3.365
      vertex -0.724777 0.724777 3.365
      vertex -0.554169 0.402618 3.365
    endloop
  endfacet
  facet normal -0 0 1
    outer loop
      vertex -0.829239 0.602478 3.365
      vertex -0.554169 0.402618 3.365
      vertex -0.724777 0.724777 3.365
    endloop
  endfacet
  facet normal 0 0 1
    outer loop
      vertex -0.554169 0.402618 3.365
      vertex -0.829239 0.602478 3.365
      vertex -0.610336 0.310974 3.365
    endloop
  endfacet
  facet normal 0 0 1
    outer loop
      vertex -0.610336 0.310974 3.365
      vertex -0.913269 0.465332 3.365
      vertex -0.651459 0.21167 3.365
    endloop
  endfacet
  facet normal -0 0 1
    outer loop
      vertex -0.913269 0.465332 3.365
      vertex -0.610336 0.310974 3.365
      vertex -0.829239 0.602478 3.365
    endloop
  endfacet
  facet normal -0 0 1
    outer loop
      vertex 0.610336 -0.310974 3.365
      vertex 0.913269 -0.465332 3.365
      vertex 0.651459 -0.21167 3.365
    endloop
  endfacet
  facet normal 0 0 1
    outer loop
      vertex 0.913269 -0.465332 3.365
      vertex 0.610336 -0.310974 3.365
      vertex 0.829239 -0.602478 3.365
    endloop
  endfacet
  facet normal -0 0 1
    outer loop
      vertex 0.554169 -0.402618 3.365
      vertex 0.829239 -0.602478 3.365
      vertex 0.610336 -0.310974 3.365
    endloop
  endfacet
  facet normal 0 0 1
    outer loop
      vertex 0.829239 -0.602478 3.365
      vertex 0.554169 -0.402618 3.365
      vertex 0.724777 -0.724777 3.365
    endloop
  endfacet
  facet normal -0 0 1
    outer loop
      vertex 0.48436 -0.48436 3.365
      vertex 0.724777 -0.724777 3.365
      vertex 0.554169 -0.402618 3.365
    endloop
  endfacet
  facet normal 0 0 1
    outer loop
      vertex 0.724777 -0.724777 3.365
      vertex 0.48436 -0.48436 3.365
      vertex 0.602478 -0.829239 3.365
    endloop
  endfacet
  facet normal -0 0 1
    outer loop
      vertex 0.402618 -0.554169 3.365
      vertex 0.602478 -0.829239 3.365
      vertex 0.48436 -0.48436 3.365
    endloop
  endfacet
  facet normal 0 0 1
    outer loop
      vertex 0.602478 -0.829239 3.365
      vertex 0.402618 -0.554169 3.365
      vertex 0.465332 -0.913269 3.365
    endloop
  endfacet
  facet normal -0 0 1
    outer loop
      vertex 0.310974 -0.610336 3.365
      vertex 0.465332 -0.913269 3.365
      vertex 0.402618 -0.554169 3.365
    endloop
  endfacet
  facet normal 0 0 1
    outer loop
      vertex 0.465332 -0.913269 3.365
      vertex 0.310974 -0.610336 3.365
      vertex 0.316742 -0.974823 3.365
    endloop
  endfacet
  facet normal -0 0 1
    outer loop
      vertex 0.21167 -0.651459 3.365
      vertex 0.316742 -0.974823 3.365
      vertex 0.310974 -0.610336 3.365
    endloop
  endfacet
  facet normal 0 0 1
    outer loop
      vertex 0.21167 -0.651459 3.365
      vertex 0.160339 -1.01237 3.365
      vertex 0.316742 -0.974823 3.365
    endloop
  endfacet
  facet normal -0 0 1
    outer loop
      vertex 0.107147 -0.676559 3.365
      vertex 0.160339 -1.01237 3.365
      vertex 0.21167 -0.651459 3.365
    endloop
  endfacet
  facet normal -0 0 1
    outer loop
      vertex 0 -0.684998 3.365
      vertex 0.160339 -1.01237 3.365
      vertex 0.107147 -0.676559 3.365
    endloop
  endfacet
  facet normal 0 0 1
    outer loop
      vertex 0 -0.684998 3.365
      vertex 0 -1.02499 3.365
      vertex 0.160339 -1.01237 3.365
    endloop
  endfacet
  facet normal 0 0 1
    outer loop
      vertex -0.107147 -0.676559 3.365
      vertex 0 -1.02499 3.365
      vertex 0 -0.684998 3.365
    endloop
  endfacet
  facet normal 0 0 1
    outer loop
      vertex -0.107147 -0.676559 3.365
      vertex -0.160339 -1.01237 3.365
      vertex 0 -1.02499 3.365
    endloop
  endfacet
  facet normal 0 0 1
    outer loop
      vertex -0.21167 -0.651459 3.365
      vertex -0.160339 -1.01237 3.365
      vertex -0.107147 -0.676559 3.365
    endloop
  endfacet
  facet normal 0 0 1
    outer loop
      vertex -0.316742 -0.974823 3.365
      vertex -0.21167 -0.651459 3.365
      vertex -0.310974 -0.610336 3.365
    endloop
  endfacet
  facet normal 0 0 1
    outer loop
      vertex -0.21167 -0.651459 3.365
      vertex -0.316742 -0.974823 3.365
      vertex -0.160339 -1.01237 3.365
    endloop
  endfacet
  facet normal 0 0 1
    outer loop
      vertex -0.465332 -0.913269 3.365
      vertex -0.310974 -0.610336 3.365
      vertex -0.402618 -0.554169 3.365
    endloop
  endfacet
  facet normal 0 0 1
    outer loop
      vertex -0.310974 -0.610336 3.365
      vertex -0.465332 -0.913269 3.365
      vertex -0.316742 -0.974823 3.365
    endloop
  endfacet
  facet normal 0 0 1
    outer loop
      vertex -0.602478 -0.829239 3.365
      vertex -0.402618 -0.554169 3.365
      vertex -0.48436 -0.48436 3.365
    endloop
  endfacet
  facet normal 0 0 1
    outer loop
      vertex -0.724777 -0.724777 3.365
      vertex -0.48436 -0.48436 3.365
      vertex -0.554169 -0.402618 3.365
    endloop
  endfacet
  facet normal 0 0 1
    outer loop
      vertex -0.402618 -0.554169 3.365
      vertex -0.602478 -0.829239 3.365
      vertex -0.465332 -0.913269 3.365
    endloop
  endfacet
  facet normal 0 0 1
    outer loop
      vertex -0.829239 -0.602478 3.365
      vertex -0.554169 -0.402618 3.365
      vertex -0.610336 -0.310974 3.365
    endloop
  endfacet
  facet normal 0 0 1
    outer loop
      vertex -0.913269 -0.465332 3.365
      vertex -0.610336 -0.310974 3.365
      vertex -0.651459 -0.21167 3.365
    endloop
  endfacet
  facet normal 0 0 1
    outer loop
      vertex -0.974823 -0.316742 3.365
      vertex -0.651459 -0.21167 3.365
      vertex -0.676559 -0.107147 3.365
    endloop
  endfacet
  facet normal 0 0 1
    outer loop
      vertex -0.48436 -0.48436 3.365
      vertex -0.724777 -0.724777 3.365
      vertex -0.602478 -0.829239 3.365
    endloop
  endfacet
  facet normal 0 0 1
    outer loop
      vertex -1.01237 -0.160339 3.365
      vertex -0.676559 -0.107147 3.365
      vertex -0.684998 0 3.365
    endloop
  endfacet
  facet normal -0 0 1
    outer loop
      vertex -0.974823 0.316742 3.365
      vertex -0.651459 0.21167 3.365
      vertex -0.913269 0.465332 3.365
    endloop
  endfacet
  facet normal 0 0 1
    outer loop
      vertex -0.651459 0.21167 3.365
      vertex -0.974823 0.316742 3.365
      vertex -0.676559 0.107147 3.365
    endloop
  endfacet
  facet normal 0 0 1
    outer loop
      vertex -0.554169 -0.402618 3.365
      vertex -0.829239 -0.602478 3.365
      vertex -0.724777 -0.724777 3.365
    endloop
  endfacet
  facet normal -0 0 1
    outer loop
      vertex -1.01237 0.160339 3.365
      vertex -0.676559 0.107147 3.365
      vertex -0.974823 0.316742 3.365
    endloop
  endfacet
  facet normal 0 0 1
    outer loop
      vertex -0.610336 -0.310974 3.365
      vertex -0.913269 -0.465332 3.365
      vertex -0.829239 -0.602478 3.365
    endloop
  endfacet
  facet normal 0 0 1
    outer loop
      vertex -0.676559 0.107147 3.365
      vertex -1.01237 0.160339 3.365
      vertex -0.684998 0 3.365
    endloop
  endfacet
  facet normal 0 0 1
    outer loop
      vertex -0.651459 -0.21167 3.365
      vertex -0.974823 -0.316742 3.365
      vertex -0.913269 -0.465332 3.365
    endloop
  endfacet
  facet normal 0 0 1
    outer loop
      vertex -1.02499 0 3.365
      vertex -0.684998 0 3.365
      vertex -1.01237 0.160339 3.365
    endloop
  endfacet
  facet normal 0 0 1
    outer loop
      vertex -0.676559 -0.107147 3.365
      vertex -1.01237 -0.160339 3.365
      vertex -0.974823 -0.316742 3.365
    endloop
  endfacet
  facet normal 0 0 1
    outer loop
      vertex -0.684998 0 3.365
      vertex -1.02499 0 3.365
      vertex -1.01237 -0.160339 3.365
    endloop
  endfacet
  facet normal 0.233433 -0.972373 0
    outer loop
      vertex 0.160339 -1.01237 3.265
      vertex 0.316742 -0.974823 3.365
      vertex 0.160339 -1.01237 3.365
    endloop
  endfacet
  facet normal 0.233433 -0.972373 0
    outer loop
      vertex 0.316742 -0.974823 3.365
      vertex 0.160339 -1.01237 3.265
      vertex 0.316742 -0.974823 3.265
    endloop
  endfacet
  facet normal 0.382715 -0.923866 0
    outer loop
      vertex 0.316742 -0.974823 3.265
      vertex 0.465332 -0.913269 3.365
      vertex 0.316742 -0.974823 3.365
    endloop
  endfacet
  facet normal 0.382715 -0.923866 0
    outer loop
      vertex 0.465332 -0.913269 3.365
      vertex 0.316742 -0.974823 3.265
      vertex 0.465332 -0.913269 3.265
    endloop
  endfacet
  facet normal 0.522439 -0.852677 3.95581e-06
    outer loop
      vertex 0.481032 -0.90365 3.265
      vertex 0.602478 -0.829239 3.365
      vertex 0.465332 -0.913269 3.365
    endloop
  endfacet
  facet normal 0.522421 -0.852688 0
    outer loop
      vertex 0.481032 -0.90365 3.265
      vertex 0.465332 -0.913269 3.365
      vertex 0.465332 -0.913269 3.265
    endloop
  endfacet
  facet normal 0.522441 -0.852675 0
    outer loop
      vertex 0.602478 -0.829239 3.365
      vertex 0.481032 -0.90365 3.265
      vertex 0.602478 -0.829239 3.26947
    endloop
  endfacet
  facet normal 0.64948 -0.760379 0
    outer loop
      vertex 0.602478 -0.829239 3.365
      vertex 0.724777 -0.724777 3.27397
      vertex 0.724777 -0.724777 3.365
    endloop
  endfacet
  facet normal 0.64948 -0.760379 0
    outer loop
      vertex 0.724777 -0.724777 3.27397
      vertex 0.602478 -0.829239 3.365
      vertex 0.602478 -0.829239 3.26947
    endloop
  endfacet
  facet normal 0.760382 -0.649476 0
    outer loop
      vertex 0.829239 -0.602478 3.365
      vertex 0.780001 -0.660124 3.276
      vertex 0.829239 -0.602478 3.27902
    endloop
  endfacet
  facet normal 0.760379 -0.64948 4.07203e-06
    outer loop
      vertex 0.724777 -0.724777 3.365
      vertex 0.780001 -0.660124 3.276
      vertex 0.829239 -0.602478 3.365
    endloop
  endfacet
  facet normal 0.760376 -0.649483 0
    outer loop
      vertex 0.780001 -0.660124 3.276
      vertex 0.724777 -0.724777 3.365
      vertex 0.724777 -0.724777 3.27397
    endloop
  endfacet
  facet normal 0.852677 -0.522439 0
    outer loop
      vertex 0.829239 -0.602478 3.365
      vertex 0.913269 -0.465332 3.28417
      vertex 0.913269 -0.465332 3.365
    endloop
  endfacet
  facet normal 0.852677 -0.522439 0
    outer loop
      vertex 0.913269 -0.465332 3.28417
      vertex 0.829239 -0.602478 3.365
      vertex 0.829239 -0.602478 3.27902
    endloop
  endfacet
  facet normal 0.923866 -0.382715 0
    outer loop
      vertex 0.913269 -0.465332 3.365
      vertex 0.974823 -0.316742 3.28795
      vertex 0.974823 -0.316742 3.365
    endloop
  endfacet
  facet normal 0.923866 -0.382715 0
    outer loop
      vertex 0.974823 -0.316742 3.28795
      vertex 0.913269 -0.465332 3.365
      vertex 0.913269 -0.465332 3.28417
    endloop
  endfacet
  facet normal 0.972373 -0.233433 0
    outer loop
      vertex 0.974823 -0.316742 3.365
      vertex 1.01237 -0.160339 3.29025
      vertex 1.01237 -0.160339 3.365
    endloop
  endfacet
  facet normal 0.972373 -0.233433 0
    outer loop
      vertex 1.01237 -0.160339 3.29025
      vertex 0.974823 -0.316742 3.365
      vertex 0.974823 -0.316742 3.28795
    endloop
  endfacet
  facet normal 0.996917 -0.0784656 0
    outer loop
      vertex 1.01237 -0.160339 3.365
      vertex 1.02499 0 3.29102
      vertex 1.02499 0 3.365
    endloop
  endfacet
  facet normal 0.996917 -0.0784656 0
    outer loop
      vertex 1.02499 0 3.29102
      vertex 1.01237 -0.160339 3.365
      vertex 1.01237 -0.160339 3.29025
    endloop
  endfacet
  facet normal 0.996917 0.0784656 0
    outer loop
      vertex 1.02499 0 3.365
      vertex 1.01237 0.160339 3.29025
      vertex 1.01237 0.160339 3.365
    endloop
  endfacet
  facet normal 0.996917 0.0784656 0
    outer loop
      vertex 1.01237 0.160339 3.29025
      vertex 1.02499 0 3.365
      vertex 1.02499 0 3.29102
    endloop
  endfacet
  facet normal 0.972373 0.233433 -0
    outer loop
      vertex 1.01237 0.160339 3.29025
      vertex 0.974823 0.316742 3.365
      vertex 1.01237 0.160339 3.365
    endloop
  endfacet
  facet normal 0.972373 0.233433 0
    outer loop
      vertex 0.974823 0.316742 3.365
      vertex 1.01237 0.160339 3.29025
      vertex 0.974823 0.316742 3.28795
    endloop
  endfacet
  facet normal 0.923866 0.382715 -0
    outer loop
      vertex 0.974823 0.316742 3.28795
      vertex 0.913269 0.465332 3.365
      vertex 0.974823 0.316742 3.365
    endloop
  endfacet
  facet normal 0.923866 0.382715 0
    outer loop
      vertex 0.913269 0.465332 3.365
      vertex 0.974823 0.316742 3.28795
      vertex 0.913269 0.465332 3.28417
    endloop
  endfacet
  facet normal 0.852677 0.522439 -0
    outer loop
      vertex 0.913269 0.465332 3.28417
      vertex 0.829239 0.602478 3.365
      vertex 0.913269 0.465332 3.365
    endloop
  endfacet
  facet normal 0.852677 0.522439 0
    outer loop
      vertex 0.829239 0.602478 3.365
      vertex 0.913269 0.465332 3.28417
      vertex 0.829239 0.602478 3.27902
    endloop
  endfacet
  facet normal 0.760376 0.649483 0
    outer loop
      vertex 0.724777 0.724777 3.365
      vertex 0.780001 0.660124 3.276
      vertex 0.724777 0.724777 3.27397
    endloop
  endfacet
  facet normal 0.760379 0.64948 4.07203e-06
    outer loop
      vertex 0.829239 0.602478 3.365
      vertex 0.780001 0.660124 3.276
      vertex 0.724777 0.724777 3.365
    endloop
  endfacet
  facet normal 0.760382 0.649476 0
    outer loop
      vertex 0.780001 0.660124 3.276
      vertex 0.829239 0.602478 3.365
      vertex 0.829239 0.602478 3.27902
    endloop
  endfacet
  facet normal 0.64948 0.760379 -0
    outer loop
      vertex 0.724777 0.724777 3.27397
      vertex 0.602478 0.829239 3.365
      vertex 0.724777 0.724777 3.365
    endloop
  endfacet
  facet normal 0.64948 0.760379 0
    outer loop
      vertex 0.602478 0.829239 3.365
      vertex 0.724777 0.724777 3.27397
      vertex 0.602478 0.829239 3.26947
    endloop
  endfacet
  facet normal 0.522441 0.852675 0
    outer loop
      vertex 0.481032 0.90365 3.265
      vertex 0.602478 0.829239 3.365
      vertex 0.602478 0.829239 3.26947
    endloop
  endfacet
  facet normal 0.522439 0.852677 3.95581e-06
    outer loop
      vertex 0.602478 0.829239 3.365
      vertex 0.481032 0.90365 3.265
      vertex 0.465332 0.913269 3.365
    endloop
  endfacet
  facet normal 0.522421 0.852688 0
    outer loop
      vertex 0.465332 0.913269 3.365
      vertex 0.481032 0.90365 3.265
      vertex 0.465332 0.913269 3.265
    endloop
  endfacet
  facet normal 0.382715 0.923866 -0
    outer loop
      vertex 0.465332 0.913269 3.265
      vertex 0.316742 0.974823 3.365
      vertex 0.465332 0.913269 3.365
    endloop
  endfacet
  facet normal 0.382715 0.923866 0
    outer loop
      vertex 0.316742 0.974823 3.365
      vertex 0.465332 0.913269 3.265
      vertex 0.316742 0.974823 3.265
    endloop
  endfacet
  facet normal 0.233433 0.972373 -0
    outer loop
      vertex 0.316742 0.974823 3.265
      vertex 0.160339 1.01237 3.365
      vertex 0.316742 0.974823 3.365
    endloop
  endfacet
  facet normal 0.233433 0.972373 0
    outer loop
      vertex 0.160339 1.01237 3.365
      vertex 0.316742 0.974823 3.265
      vertex 0.160339 1.01237 3.265
    endloop
  endfacet
  facet normal 0.0784656 0.996917 -0
    outer loop
      vertex 0.160339 1.01237 3.265
      vertex 0 1.02499 3.365
      vertex 0.160339 1.01237 3.365
    endloop
  endfacet
  facet normal 0.0784656 0.996917 0
    outer loop
      vertex 0 1.02499 3.365
      vertex 0.160339 1.01237 3.265
      vertex 0 1.02499 3.265
    endloop
  endfacet
  facet normal -0.0784656 0.996917 0
    outer loop
      vertex 0 1.02499 3.265
      vertex -0.160339 1.01237 3.365
      vertex 0 1.02499 3.365
    endloop
  endfacet
  facet normal -0.0784656 0.996917 0
    outer loop
      vertex -0.160339 1.01237 3.365
      vertex 0 1.02499 3.265
      vertex -0.160339 1.01237 3.265
    endloop
  endfacet
  facet normal -0.233433 0.972373 0
    outer loop
      vertex -0.160339 1.01237 3.265
      vertex -0.316742 0.974823 3.365
      vertex -0.160339 1.01237 3.365
    endloop
  endfacet
  facet normal -0.233433 0.972373 0
    outer loop
      vertex -0.316742 0.974823 3.365
      vertex -0.160339 1.01237 3.265
      vertex -0.316742 0.974823 3.265
    endloop
  endfacet
  facet normal -0.382715 0.923866 0
    outer loop
      vertex -0.316742 0.974823 3.265
      vertex -0.465332 0.913269 3.365
      vertex -0.316742 0.974823 3.365
    endloop
  endfacet
  facet normal -0.382715 0.923866 0
    outer loop
      vertex -0.465332 0.913269 3.365
      vertex -0.316742 0.974823 3.265
      vertex -0.465332 0.913269 3.265
    endloop
  endfacet
  facet normal -0.522439 0.852677 3.95581e-06
    outer loop
      vertex -0.481032 0.90365 3.265
      vertex -0.602478 0.829239 3.365
      vertex -0.465332 0.913269 3.365
    endloop
  endfacet
  facet normal -0.522421 0.852688 0
    outer loop
      vertex -0.481032 0.90365 3.265
      vertex -0.465332 0.913269 3.365
      vertex -0.465332 0.913269 3.265
    endloop
  endfacet
  facet normal -0.522441 0.852675 0
    outer loop
      vertex -0.602478 0.829239 3.365
      vertex -0.481032 0.90365 3.265
      vertex -0.602478 0.829239 3.26947
    endloop
  endfacet
  facet normal -0.64948 0.760379 0
    outer loop
      vertex -0.602478 0.829239 3.365
      vertex -0.724777 0.724777 3.27397
      vertex -0.724777 0.724777 3.365
    endloop
  endfacet
  facet normal -0.64948 0.760379 0
    outer loop
      vertex -0.724777 0.724777 3.27397
      vertex -0.602478 0.829239 3.365
      vertex -0.602478 0.829239 3.26947
    endloop
  endfacet
  facet normal -0.760376 0.649483 0
    outer loop
      vertex -0.780001 0.660124 3.276
      vertex -0.724777 0.724777 3.365
      vertex -0.724777 0.724777 3.27397
    endloop
  endfacet
  facet normal -0.760382 0.649476 0
    outer loop
      vertex -0.829239 0.602478 3.365
      vertex -0.780001 0.660124 3.276
      vertex -0.829239 0.602478 3.27902
    endloop
  endfacet
  facet normal -0.760379 0.64948 4.07203e-06
    outer loop
      vertex -0.780001 0.660124 3.276
      vertex -0.829239 0.602478 3.365
      vertex -0.724777 0.724777 3.365
    endloop
  endfacet
  facet normal -0.852677 0.522439 0
    outer loop
      vertex -0.913269 0.465332 3.28417
      vertex -0.829239 0.602478 3.365
      vertex -0.829239 0.602478 3.27902
    endloop
  endfacet
  facet normal -0.852677 0.522439 0
    outer loop
      vertex -0.829239 0.602478 3.365
      vertex -0.913269 0.465332 3.28417
      vertex -0.913269 0.465332 3.365
    endloop
  endfacet
  facet normal -0.923866 0.382715 0
    outer loop
      vertex -0.974823 0.316742 3.28795
      vertex -0.913269 0.465332 3.365
      vertex -0.913269 0.465332 3.28417
    endloop
  endfacet
  facet normal -0.923866 0.382715 0
    outer loop
      vertex -0.913269 0.465332 3.365
      vertex -0.974823 0.316742 3.28795
      vertex -0.974823 0.316742 3.365
    endloop
  endfacet
  facet normal -0.972373 0.233433 0
    outer loop
      vertex -1.01237 0.160339 3.29025
      vertex -0.974823 0.316742 3.365
      vertex -0.974823 0.316742 3.28795
    endloop
  endfacet
  facet normal -0.972373 0.233433 0
    outer loop
      vertex -0.974823 0.316742 3.365
      vertex -1.01237 0.160339 3.29025
      vertex -1.01237 0.160339 3.365
    endloop
  endfacet
  facet normal -0.996917 0.0784656 0
    outer loop
      vertex -1.02499 0 3.29102
      vertex -1.01237 0.160339 3.365
      vertex -1.01237 0.160339 3.29025
    endloop
  endfacet
  facet normal -0.996917 0.0784656 0
    outer loop
      vertex -1.01237 0.160339 3.365
      vertex -1.02499 0 3.29102
      vertex -1.02499 0 3.365
    endloop
  endfacet
  facet normal -0.996917 -0.0784656 0
    outer loop
      vertex -1.01237 -0.160339 3.29025
      vertex -1.02499 0 3.365
      vertex -1.02499 0 3.29102
    endloop
  endfacet
  facet normal -0.996917 -0.0784656 0
    outer loop
      vertex -1.02499 0 3.365
      vertex -1.01237 -0.160339 3.29025
      vertex -1.01237 -0.160339 3.365
    endloop
  endfacet
  facet normal -0.972373 -0.233433 -0
    outer loop
      vertex -0.974823 -0.316742 3.365
      vertex -1.01237 -0.160339 3.29025
      vertex -0.974823 -0.316742 3.28795
    endloop
  endfacet
  facet normal -0.972373 -0.233433 0
    outer loop
      vertex -1.01237 -0.160339 3.29025
      vertex -0.974823 -0.316742 3.365
      vertex -1.01237 -0.160339 3.365
    endloop
  endfacet
  facet normal -0.923866 -0.382715 -0
    outer loop
      vertex -0.913269 -0.465332 3.365
      vertex -0.974823 -0.316742 3.28795
      vertex -0.913269 -0.465332 3.28417
    endloop
  endfacet
  facet normal -0.923866 -0.382715 0
    outer loop
      vertex -0.974823 -0.316742 3.28795
      vertex -0.913269 -0.465332 3.365
      vertex -0.974823 -0.316742 3.365
    endloop
  endfacet
  facet normal -0.852677 -0.522439 -0
    outer loop
      vertex -0.829239 -0.602478 3.365
      vertex -0.913269 -0.465332 3.28417
      vertex -0.829239 -0.602478 3.27902
    endloop
  endfacet
  facet normal -0.852677 -0.522439 0
    outer loop
      vertex -0.913269 -0.465332 3.28417
      vertex -0.829239 -0.602478 3.365
      vertex -0.913269 -0.465332 3.365
    endloop
  endfacet
  facet normal -0.760382 -0.649476 0
    outer loop
      vertex -0.780001 -0.660124 3.276
      vertex -0.829239 -0.602478 3.365
      vertex -0.829239 -0.602478 3.27902
    endloop
  endfacet
  facet normal -0.760376 -0.649483 -0
    outer loop
      vertex -0.724777 -0.724777 3.365
      vertex -0.780001 -0.660124 3.276
      vertex -0.724777 -0.724777 3.27397
    endloop
  endfacet
  facet normal -0.760379 -0.64948 4.07203e-06
    outer loop
      vertex -0.780001 -0.660124 3.276
      vertex -0.724777 -0.724777 3.365
      vertex -0.829239 -0.602478 3.365
    endloop
  endfacet
  facet normal -0.64948 -0.760379 0
    outer loop
      vertex -0.724777 -0.724777 3.27397
      vertex -0.602478 -0.829239 3.365
      vertex -0.724777 -0.724777 3.365
    endloop
  endfacet
  facet normal -0.64948 -0.760379 -0
    outer loop
      vertex -0.602478 -0.829239 3.365
      vertex -0.724777 -0.724777 3.27397
      vertex -0.602478 -0.829239 3.26947
    endloop
  endfacet
  facet normal -0.522441 -0.852675 0
    outer loop
      vertex -0.481032 -0.90365 3.265
      vertex -0.602478 -0.829239 3.365
      vertex -0.602478 -0.829239 3.26947
    endloop
  endfacet
  facet normal -0.522439 -0.852677 3.95581e-06
    outer loop
      vertex -0.602478 -0.829239 3.365
      vertex -0.481032 -0.90365 3.265
      vertex -0.465332 -0.913269 3.365
    endloop
  endfacet
  facet normal -0.522421 -0.852688 -0
    outer loop
      vertex -0.465332 -0.913269 3.365
      vertex -0.481032 -0.90365 3.265
      vertex -0.465332 -0.913269 3.265
    endloop
  endfacet
  facet normal -0.382715 -0.923866 0
    outer loop
      vertex -0.465332 -0.913269 3.265
      vertex -0.316742 -0.974823 3.365
      vertex -0.465332 -0.913269 3.365
    endloop
  endfacet
  facet normal -0.382715 -0.923866 -0
    outer loop
      vertex -0.316742 -0.974823 3.365
      vertex -0.465332 -0.913269 3.265
      vertex -0.316742 -0.974823 3.265
    endloop
  endfacet
  facet normal -0.233433 -0.972373 0
    outer loop
      vertex -0.316742 -0.974823 3.265
      vertex -0.160339 -1.01237 3.365
      vertex -0.316742 -0.974823 3.365
    endloop
  endfacet
  facet normal -0.233433 -0.972373 -0
    outer loop
      vertex -0.160339 -1.01237 3.365
      vertex -0.316742 -0.974823 3.265
      vertex -0.160339 -1.01237 3.265
    endloop
  endfacet
  facet normal -0.0784656 -0.996917 0
    outer loop
      vertex -0.160339 -1.01237 3.265
      vertex 0 -1.02499 3.365
      vertex -0.160339 -1.01237 3.365
    endloop
  endfacet
  facet normal -0.0784656 -0.996917 -0
    outer loop
      vertex 0 -1.02499 3.365
      vertex -0.160339 -1.01237 3.265
      vertex 0 -1.02499 3.265
    endloop
  endfacet
  facet normal 0.0784656 -0.996917 0
    outer loop
      vertex 0 -1.02499 3.265
      vertex 0.160339 -1.01237 3.365
      vertex 0 -1.02499 3.365
    endloop
  endfacet
  facet normal 0.0784656 -0.996917 0
    outer loop
      vertex 0.160339 -1.01237 3.365
      vertex 0 -1.02499 3.265
      vertex 0.160339 -1.01237 3.265
    endloop
  endfacet
  facet normal 0.2335 0.972357 -0
    outer loop
      vertex -0.107147 -0.676559 3.265
      vertex -0.21167 -0.651459 3.365
      vertex -0.107147 -0.676559 3.365
    endloop
  endfacet
  facet normal 0.2335 0.972357 0
    outer loop
      vertex -0.21167 -0.651459 3.365
      vertex -0.107147 -0.676559 3.265
      vertex -0.21167 -0.651459 3.265
    endloop
  endfacet
  facet normal 0.382604 0.923913 -0
    outer loop
      vertex -0.21167 -0.651459 3.265
      vertex -0.310974 -0.610336 3.365
      vertex -0.21167 -0.651459 3.365
    endloop
  endfacet
  facet normal 0.382604 0.923913 0
    outer loop
      vertex -0.310974 -0.610336 3.365
      vertex -0.21167 -0.651459 3.265
      vertex -0.310974 -0.610336 3.265
    endloop
  endfacet
  facet normal 0.522549 0.852609 -0
    outer loop
      vertex -0.310974 -0.610336 3.265
      vertex -0.402618 -0.554169 3.365
      vertex -0.310974 -0.610336 3.365
    endloop
  endfacet
  facet normal 0.522549 0.852609 0
    outer loop
      vertex -0.402618 -0.554169 3.365
      vertex -0.310974 -0.610336 3.265
      vertex -0.402618 -0.554169 3.265
    endloop
  endfacet
  facet normal 0.64942 0.76043 1.26407e-06
    outer loop
      vertex -0.481032 -0.487202 3.265
      vertex -0.48436 -0.48436 3.365
      vertex -0.402618 -0.554169 3.365
    endloop
  endfacet
  facet normal 0.649421 0.760429 0
    outer loop
      vertex -0.481032 -0.487202 3.265
      vertex -0.402618 -0.554169 3.365
      vertex -0.402618 -0.554169 3.265
    endloop
  endfacet
  facet normal 0.649398 0.760449 0
    outer loop
      vertex -0.48436 -0.48436 3.365
      vertex -0.481032 -0.487202 3.265
      vertex -0.48436 -0.48436 3.26512
    endloop
  endfacet
  facet normal 0.76043 0.64942 0
    outer loop
      vertex -0.48436 -0.48436 3.365
      vertex -0.554169 -0.402618 3.26769
      vertex -0.554169 -0.402618 3.365
    endloop
  endfacet
  facet normal 0.76043 0.64942 0
    outer loop
      vertex -0.554169 -0.402618 3.26769
      vertex -0.48436 -0.48436 3.365
      vertex -0.48436 -0.48436 3.26512
    endloop
  endfacet
  facet normal 0.852609 0.522549 0
    outer loop
      vertex -0.554169 -0.402618 3.365
      vertex -0.610336 -0.310974 3.26976
      vertex -0.610336 -0.310974 3.365
    endloop
  endfacet
  facet normal 0.852609 0.522549 0
    outer loop
      vertex -0.610336 -0.310974 3.26976
      vertex -0.554169 -0.402618 3.365
      vertex -0.554169 -0.402618 3.26769
    endloop
  endfacet
  facet normal 0.923913 0.382604 0
    outer loop
      vertex -0.610336 -0.310974 3.365
      vertex -0.651459 -0.21167 3.27127
      vertex -0.651459 -0.21167 3.365
    endloop
  endfacet
  facet normal 0.923913 0.382604 0
    outer loop
      vertex -0.651459 -0.21167 3.27127
      vertex -0.610336 -0.310974 3.365
      vertex -0.610336 -0.310974 3.26976
    endloop
  endfacet
  facet normal 0.972357 0.2335 0
    outer loop
      vertex -0.651459 -0.21167 3.365
      vertex -0.676559 -0.107147 3.27219
      vertex -0.676559 -0.107147 3.365
    endloop
  endfacet
  facet normal 0.972357 0.2335 0
    outer loop
      vertex -0.676559 -0.107147 3.27219
      vertex -0.651459 -0.21167 3.365
      vertex -0.651459 -0.21167 3.27127
    endloop
  endfacet
  facet normal 0.996913 0.0785178 0
    outer loop
      vertex -0.676559 -0.107147 3.365
      vertex -0.684998 0 3.2725
      vertex -0.684998 0 3.365
    endloop
  endfacet
  facet normal 0.996913 0.0785178 0
    outer loop
      vertex -0.684998 0 3.2725
      vertex -0.676559 -0.107147 3.365
      vertex -0.676559 -0.107147 3.27219
    endloop
  endfacet
  facet normal 0.996913 -0.0785178 0
    outer loop
      vertex -0.684998 0 3.365
      vertex -0.676559 0.107147 3.27219
      vertex -0.676559 0.107147 3.365
    endloop
  endfacet
  facet normal 0.996913 -0.0785178 0
    outer loop
      vertex -0.676559 0.107147 3.27219
      vertex -0.684998 0 3.365
      vertex -0.684998 0 3.2725
    endloop
  endfacet
  facet normal 0.972357 -0.2335 0
    outer loop
      vertex -0.676559 0.107147 3.365
      vertex -0.651459 0.21167 3.27127
      vertex -0.651459 0.21167 3.365
    endloop
  endfacet
  facet normal 0.972357 -0.2335 0
    outer loop
      vertex -0.651459 0.21167 3.27127
      vertex -0.676559 0.107147 3.365
      vertex -0.676559 0.107147 3.27219
    endloop
  endfacet
  facet normal 0.923913 -0.382604 0
    outer loop
      vertex -0.651459 0.21167 3.27127
      vertex -0.610336 0.310974 3.365
      vertex -0.651459 0.21167 3.365
    endloop
  endfacet
  facet normal 0.923913 -0.382604 0
    outer loop
      vertex -0.610336 0.310974 3.365
      vertex -0.651459 0.21167 3.27127
      vertex -0.610336 0.310974 3.26976
    endloop
  endfacet
  facet normal 0.852609 -0.522549 0
    outer loop
      vertex -0.610336 0.310974 3.26976
      vertex -0.554169 0.402618 3.365
      vertex -0.610336 0.310974 3.365
    endloop
  endfacet
  facet normal 0.852609 -0.522549 0
    outer loop
      vertex -0.554169 0.402618 3.365
      vertex -0.610336 0.310974 3.26976
      vertex -0.554169 0.402618 3.26769
    endloop
  endfacet
  facet normal 0.76043 -0.64942 0
    outer loop
      vertex -0.554169 0.402618 3.26769
      vertex -0.48436 0.48436 3.365
      vertex -0.554169 0.402618 3.365
    endloop
  endfacet
  facet normal 0.76043 -0.64942 0
    outer loop
      vertex -0.48436 0.48436 3.365
      vertex -0.554169 0.402618 3.26769
      vertex -0.48436 0.48436 3.26512
    endloop
  endfacet
  facet normal 0.649398 -0.760449 0
    outer loop
      vertex -0.481032 0.487202 3.265
      vertex -0.48436 0.48436 3.365
      vertex -0.48436 0.48436 3.26512
    endloop
  endfacet
  facet normal 0.64942 -0.76043 1.26407e-06
    outer loop
      vertex -0.48436 0.48436 3.365
      vertex -0.481032 0.487202 3.265
      vertex -0.402618 0.554169 3.365
    endloop
  endfacet
  facet normal 0.649421 -0.760429 0
    outer loop
      vertex -0.402618 0.554169 3.365
      vertex -0.481032 0.487202 3.265
      vertex -0.402618 0.554169 3.265
    endloop
  endfacet
  facet normal 0.522549 -0.852609 0
    outer loop
      vertex -0.402618 0.554169 3.265
      vertex -0.310974 0.610336 3.365
      vertex -0.402618 0.554169 3.365
    endloop
  endfacet
  facet normal 0.522549 -0.852609 0
    outer loop
      vertex -0.310974 0.610336 3.365
      vertex -0.402618 0.554169 3.265
      vertex -0.310974 0.610336 3.265
    endloop
  endfacet
  facet normal 0.382604 -0.923913 0
    outer loop
      vertex -0.310974 0.610336 3.265
      vertex -0.21167 0.651459 3.365
      vertex -0.310974 0.610336 3.365
    endloop
  endfacet
  facet normal 0.382604 -0.923913 0
    outer loop
      vertex -0.21167 0.651459 3.365
      vertex -0.310974 0.610336 3.265
      vertex -0.21167 0.651459 3.265
    endloop
  endfacet
  facet normal 0.2335 -0.972357 0
    outer loop
      vertex -0.21167 0.651459 3.265
      vertex -0.107147 0.676559 3.365
      vertex -0.21167 0.651459 3.365
    endloop
  endfacet
  facet normal 0.2335 -0.972357 0
    outer loop
      vertex -0.107147 0.676559 3.365
      vertex -0.21167 0.651459 3.265
      vertex -0.107147 0.676559 3.265
    endloop
  endfacet
  facet normal 0.0785178 -0.996913 0
    outer loop
      vertex -0.107147 0.676559 3.265
      vertex 0 0.684998 3.365
      vertex -0.107147 0.676559 3.365
    endloop
  endfacet
  facet normal 0.0785178 -0.996913 0
    outer loop
      vertex 0 0.684998 3.365
      vertex -0.107147 0.676559 3.265
      vertex 0 0.684998 3.265
    endloop
  endfacet
  facet normal -0.0785178 -0.996913 0
    outer loop
      vertex 0 0.684998 3.265
      vertex 0.107147 0.676559 3.365
      vertex 0 0.684998 3.365
    endloop
  endfacet
  facet normal -0.0785178 -0.996913 -0
    outer loop
      vertex 0.107147 0.676559 3.365
      vertex 0 0.684998 3.265
      vertex 0.107147 0.676559 3.265
    endloop
  endfacet
  facet normal -0.2335 -0.972357 0
    outer loop
      vertex 0.107147 0.676559 3.265
      vertex 0.21167 0.651459 3.365
      vertex 0.107147 0.676559 3.365
    endloop
  endfacet
  facet normal -0.2335 -0.972357 -0
    outer loop
      vertex 0.21167 0.651459 3.365
      vertex 0.107147 0.676559 3.265
      vertex 0.21167 0.651459 3.265
    endloop
  endfacet
  facet normal -0.382604 -0.923913 0
    outer loop
      vertex 0.21167 0.651459 3.265
      vertex 0.310974 0.610336 3.365
      vertex 0.21167 0.651459 3.365
    endloop
  endfacet
  facet normal -0.382604 -0.923913 -0
    outer loop
      vertex 0.310974 0.610336 3.365
      vertex 0.21167 0.651459 3.265
      vertex 0.310974 0.610336 3.265
    endloop
  endfacet
  facet normal -0.522549 -0.852609 0
    outer loop
      vertex 0.310974 0.610336 3.265
      vertex 0.402618 0.554169 3.365
      vertex 0.310974 0.610336 3.365
    endloop
  endfacet
  facet normal -0.522549 -0.852609 -0
    outer loop
      vertex 0.402618 0.554169 3.365
      vertex 0.310974 0.610336 3.265
      vertex 0.402618 0.554169 3.265
    endloop
  endfacet
  facet normal -0.64942 -0.76043 1.26407e-06
    outer loop
      vertex 0.481032 0.487202 3.265
      vertex 0.48436 0.48436 3.365
      vertex 0.402618 0.554169 3.365
    endloop
  endfacet
  facet normal -0.649421 -0.760429 0
    outer loop
      vertex 0.481032 0.487202 3.265
      vertex 0.402618 0.554169 3.365
      vertex 0.402618 0.554169 3.265
    endloop
  endfacet
  facet normal -0.649398 -0.760449 -0
    outer loop
      vertex 0.48436 0.48436 3.365
      vertex 0.481032 0.487202 3.265
      vertex 0.48436 0.48436 3.26512
    endloop
  endfacet
  facet normal -0.76043 -0.64942 0
    outer loop
      vertex 0.554169 0.402618 3.26769
      vertex 0.48436 0.48436 3.365
      vertex 0.48436 0.48436 3.26512
    endloop
  endfacet
  facet normal -0.76043 -0.64942 0
    outer loop
      vertex 0.48436 0.48436 3.365
      vertex 0.554169 0.402618 3.26769
      vertex 0.554169 0.402618 3.365
    endloop
  endfacet
  facet normal -0.852609 -0.522549 0
    outer loop
      vertex 0.610336 0.310974 3.26976
      vertex 0.554169 0.402618 3.365
      vertex 0.554169 0.402618 3.26769
    endloop
  endfacet
  facet normal -0.852609 -0.522549 0
    outer loop
      vertex 0.554169 0.402618 3.365
      vertex 0.610336 0.310974 3.26976
      vertex 0.610336 0.310974 3.365
    endloop
  endfacet
  facet normal -0.923913 -0.382604 0
    outer loop
      vertex 0.651459 0.21167 3.27127
      vertex 0.610336 0.310974 3.365
      vertex 0.610336 0.310974 3.26976
    endloop
  endfacet
  facet normal -0.923913 -0.382604 0
    outer loop
      vertex 0.610336 0.310974 3.365
      vertex 0.651459 0.21167 3.27127
      vertex 0.651459 0.21167 3.365
    endloop
  endfacet
  facet normal -0.972357 -0.2335 0
    outer loop
      vertex 0.676559 0.107147 3.27219
      vertex 0.651459 0.21167 3.365
      vertex 0.651459 0.21167 3.27127
    endloop
  endfacet
  facet normal -0.972357 -0.2335 0
    outer loop
      vertex 0.651459 0.21167 3.365
      vertex 0.676559 0.107147 3.27219
      vertex 0.676559 0.107147 3.365
    endloop
  endfacet
  facet normal -0.996913 -0.0785178 0
    outer loop
      vertex 0.684998 0 3.2725
      vertex 0.676559 0.107147 3.365
      vertex 0.676559 0.107147 3.27219
    endloop
  endfacet
  facet normal -0.996913 -0.0785178 0
    outer loop
      vertex 0.676559 0.107147 3.365
      vertex 0.684998 0 3.2725
      vertex 0.684998 0 3.365
    endloop
  endfacet
  facet normal -0.996913 0.0785178 0
    outer loop
      vertex 0.676559 -0.107147 3.27219
      vertex 0.684998 0 3.365
      vertex 0.684998 0 3.2725
    endloop
  endfacet
  facet normal -0.996913 0.0785178 0
    outer loop
      vertex 0.684998 0 3.365
      vertex 0.676559 -0.107147 3.27219
      vertex 0.676559 -0.107147 3.365
    endloop
  endfacet
  facet normal -0.972357 0.2335 0
    outer loop
      vertex 0.651459 -0.21167 3.27127
      vertex 0.676559 -0.107147 3.365
      vertex 0.676559 -0.107147 3.27219
    endloop
  endfacet
  facet normal -0.972357 0.2335 0
    outer loop
      vertex 0.676559 -0.107147 3.365
      vertex 0.651459 -0.21167 3.27127
      vertex 0.651459 -0.21167 3.365
    endloop
  endfacet
  facet normal -0.923913 0.382604 0
    outer loop
      vertex 0.610336 -0.310974 3.365
      vertex 0.651459 -0.21167 3.27127
      vertex 0.610336 -0.310974 3.26976
    endloop
  endfacet
  facet normal -0.923913 0.382604 0
    outer loop
      vertex 0.651459 -0.21167 3.27127
      vertex 0.610336 -0.310974 3.365
      vertex 0.651459 -0.21167 3.365
    endloop
  endfacet
  facet normal -0.852609 0.522549 0
    outer loop
      vertex 0.554169 -0.402618 3.365
      vertex 0.610336 -0.310974 3.26976
      vertex 0.554169 -0.402618 3.26769
    endloop
  endfacet
  facet normal -0.852609 0.522549 0
    outer loop
      vertex 0.610336 -0.310974 3.26976
      vertex 0.554169 -0.402618 3.365
      vertex 0.610336 -0.310974 3.365
    endloop
  endfacet
  facet normal -0.76043 0.64942 0
    outer loop
      vertex 0.48436 -0.48436 3.365
      vertex 0.554169 -0.402618 3.26769
      vertex 0.48436 -0.48436 3.26512
    endloop
  endfacet
  facet normal -0.76043 0.64942 0
    outer loop
      vertex 0.554169 -0.402618 3.26769
      vertex 0.48436 -0.48436 3.365
      vertex 0.554169 -0.402618 3.365
    endloop
  endfacet
  facet normal -0.649398 0.760449 0
    outer loop
      vertex 0.481032 -0.487202 3.265
      vertex 0.48436 -0.48436 3.365
      vertex 0.48436 -0.48436 3.26512
    endloop
  endfacet
  facet normal -0.64942 0.76043 1.26407e-06
    outer loop
      vertex 0.48436 -0.48436 3.365
      vertex 0.481032 -0.487202 3.265
      vertex 0.402618 -0.554169 3.365
    endloop
  endfacet
  facet normal -0.649421 0.760429 0
    outer loop
      vertex 0.402618 -0.554169 3.365
      vertex 0.481032 -0.487202 3.265
      vertex 0.402618 -0.554169 3.265
    endloop
  endfacet
  facet normal -0.522549 0.852609 0
    outer loop
      vertex 0.402618 -0.554169 3.265
      vertex 0.310974 -0.610336 3.365
      vertex 0.402618 -0.554169 3.365
    endloop
  endfacet
  facet normal -0.522549 0.852609 0
    outer loop
      vertex 0.310974 -0.610336 3.365
      vertex 0.402618 -0.554169 3.265
      vertex 0.310974 -0.610336 3.265
    endloop
  endfacet
  facet normal -0.382604 0.923913 0
    outer loop
      vertex 0.310974 -0.610336 3.265
      vertex 0.21167 -0.651459 3.365
      vertex 0.310974 -0.610336 3.365
    endloop
  endfacet
  facet normal -0.382604 0.923913 0
    outer loop
      vertex 0.21167 -0.651459 3.365
      vertex 0.310974 -0.610336 3.265
      vertex 0.21167 -0.651459 3.265
    endloop
  endfacet
  facet normal -0.2335 0.972357 0
    outer loop
      vertex 0.21167 -0.651459 3.265
      vertex 0.107147 -0.676559 3.365
      vertex 0.21167 -0.651459 3.365
    endloop
  endfacet
  facet normal -0.2335 0.972357 0
    outer loop
      vertex 0.107147 -0.676559 3.365
      vertex 0.21167 -0.651459 3.265
      vertex 0.107147 -0.676559 3.265
    endloop
  endfacet
  facet normal -0.0785178 0.996913 0
    outer loop
      vertex 0.107147 -0.676559 3.265
      vertex 0 -0.684998 3.365
      vertex 0.107147 -0.676559 3.365
    endloop
  endfacet
  facet normal -0.0785178 0.996913 0
    outer loop
      vertex 0 -0.684998 3.365
      vertex 0.107147 -0.676559 3.265
      vertex 0 -0.684998 3.265
    endloop
  endfacet
  facet normal 0.0785178 0.996913 -0
    outer loop
      vertex 0 -0.684998 3.265
      vertex -0.107147 -0.676559 3.365
      vertex 0 -0.684998 3.365
    endloop
  endfacet
  facet normal 0.0785178 0.996913 0
    outer loop
      vertex -0.107147 -0.676559 3.365
      vertex 0 -0.684998 3.265
      vertex -0.107147 -0.676559 3.265
    endloop
  endfacet
  facet normal -1 0 0
    outer loop
      vertex 3.38 -1.125 3.56053
      vertex 3.38 1.125 3.65662
      vertex 3.38 1.125 3.56053
    endloop
  endfacet
  facet normal -1 -0 0
    outer loop
      vertex 3.38 1.125 3.65662
      vertex 3.38 -1.125 3.56053
      vertex 3.38 -1.125 3.65662
    endloop
  endfacet
  facet normal -0 0 1
    outer loop
      vertex 3.38 1.125 3.65662
      vertex 3.72 -1.125 3.65662
      vertex 3.72 1.125 3.65662
    endloop
  endfacet
  facet normal 0 0 1
    outer loop
      vertex 3.72 -1.125 3.65662
      vertex 3.38 1.125 3.65662
      vertex 3.38 -1.125 3.65662
    endloop
  endfacet
  facet normal 1 -0 0
    outer loop
      vertex 3.72 -1.125 3.65662
      vertex 3.72 1.125 3.62185
      vertex 3.72 1.125 3.65662
    endloop
  endfacet
  facet normal 1 0 0
    outer loop
      vertex 3.72 1.125 3.62185
      vertex 3.72 -1.125 3.65662
      vertex 3.72 -1.125 3.62185
    endloop
  endfacet
  facet normal 0 1 0
    outer loop
      vertex 3.43 1.125 3.5685
      vertex 3.72 1.125 3.65662
      vertex 3.72 1.125 3.62185
    endloop
  endfacet
  facet normal 0 1 0
    outer loop
      vertex 3.72 1.125 3.65662
      vertex 3.43 1.125 3.5685
      vertex 3.38 1.125 3.65662
    endloop
  endfacet
  facet normal 0 1 0
    outer loop
      vertex 3.38 1.125 3.65662
      vertex 3.43 1.125 3.5685
      vertex 3.38 1.125 3.56053
    endloop
  endfacet
  facet normal 0 -1 0
    outer loop
      vertex 3.43 -1.125 3.5685
      vertex 3.72 -1.125 3.65662
      vertex 3.38 -1.125 3.65662
    endloop
  endfacet
  facet normal 0 -1 -0
    outer loop
      vertex 3.72 -1.125 3.65662
      vertex 3.43 -1.125 3.5685
      vertex 3.72 -1.125 3.62185
    endloop
  endfacet
  facet normal -0 -1 0
    outer loop
      vertex 3.43 -1.125 3.5685
      vertex 3.38 -1.125 3.65662
      vertex 3.38 -1.125 3.56053
    endloop
  endfacet
  facet normal 0 0.925547 -0.378633
    outer loop
      vertex -4.8 1.625 -16.5
      vertex -5.2 1.85 -15.95
      vertex -4.8 1.85 -15.95
    endloop
  endfacet
  facet normal 0 0.925547 -0.378633
    outer loop
      vertex -5.2 1.85 -15.95
      vertex -4.8 1.625 -16.5
      vertex -5.2 1.625 -16.5
    endloop
  endfacet
  facet normal 1 -0 0
    outer loop
      vertex -4.8 0.549999 -13.5
      vertex -4.8 1.85 -15.95
      vertex -4.8 1.85 -10.2
    endloop
  endfacet
  facet normal 1 -0 0
    outer loop
      vertex -4.8 0.549999 -15.65
      vertex -4.8 1.85 -15.95
      vertex -4.8 0.549999 -13.5
    endloop
  endfacet
  facet normal 1 0 0
    outer loop
      vertex -4.8 1.85 -10.2
      vertex -4.8 -0.549999 -13.5
      vertex -4.8 0.549999 -13.5
    endloop
  endfacet
  facet normal 1 0 0
    outer loop
      vertex -4.8 -1.85 -15.95
      vertex -4.8 -0.549999 -15.65
      vertex -4.8 -0.549999 -13.5
    endloop
  endfacet
  facet normal 1 -0 0
    outer loop
      vertex -4.8 -1.85 -10.2
      vertex -4.8 -0.549999 -13.5
      vertex -4.8 1.85 -10.2
    endloop
  endfacet
  facet normal 1 0 0
    outer loop
      vertex -4.8 -1.85 -15.95
      vertex -4.8 -0.549999 -13.5
      vertex -4.8 -1.85 -10.2
    endloop
  endfacet
  facet normal 1 0 0
    outer loop
      vertex -4.8 -0.549999 -15.65
      vertex -4.8 -1.85 -15.95
      vertex -4.8 -1.625 -16.5
    endloop
  endfacet
  facet normal 1 0 0
    outer loop
      vertex -4.8 1.85 -15.95
      vertex -4.8 0.549999 -15.65
      vertex -4.8 1.625 -16.5
    endloop
  endfacet
  facet normal 1 -0 0
    outer loop
      vertex -4.8 -0.549999 -15.65
      vertex -4.8 1.625 -16.5
      vertex -4.8 0.549999 -15.65
    endloop
  endfacet
  facet normal 1 0 0
    outer loop
      vertex -4.8 1.625 -16.5
      vertex -4.8 -0.549999 -15.65
      vertex -4.8 -1.625 -16.5
    endloop
  endfacet
  facet normal 0 -1 0
    outer loop
      vertex -5.2 -1.85 -15.95
      vertex -4.8 -1.85 -10.2
      vertex -5.2 -1.85 -10.2
    endloop
  endfacet
  facet normal 0 -1 -0
    outer loop
      vertex -4.8 -1.85 -10.2
      vertex -5.2 -1.85 -15.95
      vertex -4.8 -1.85 -15.95
    endloop
  endfacet
  facet normal 0 1 -0
    outer loop
      vertex -4.8 1.85 -15.95
      vertex -5.2 1.85 -10.2
      vertex -4.8 1.85 -10.2
    endloop
  endfacet
  facet normal 0 1 0
    outer loop
      vertex -5.2 1.85 -10.2
      vertex -4.8 1.85 -15.95
      vertex -5.2 1.85 -15.95
    endloop
  endfacet
  facet normal 0 -0.925547 -0.378633
    outer loop
      vertex -5.2 -1.625 -16.5
      vertex -4.8 -1.85 -15.95
      vertex -5.2 -1.85 -15.95
    endloop
  endfacet
  facet normal 0 -0.925547 -0.378633
    outer loop
      vertex -4.8 -1.85 -15.95
      vertex -5.2 -1.625 -16.5
      vertex -4.8 -1.625 -16.5
    endloop
  endfacet
  facet normal -1 0 0
    outer loop
      vertex -5.2 1.625 -16.5
      vertex -5.2 -0.549999 -15.65
      vertex -5.2 0.549999 -15.65
    endloop
  endfacet
  facet normal -1 0 0
    outer loop
      vertex -5.2 -1.85 -15.95
      vertex -5.2 -0.549999 -15.65
      vertex -5.2 -1.625 -16.5
    endloop
  endfacet
  facet normal -1 0 0
    outer loop
      vertex -5.2 -1.625 -16.5
      vertex -5.2 -0.549999 -15.65
      vertex -5.2 1.625 -16.5
    endloop
  endfacet
  facet normal -1 0 0
    outer loop
      vertex -5.2 0.549999 -15.65
      vertex -5.2 1.85 -15.95
      vertex -5.2 1.625 -16.5
    endloop
  endfacet
  facet normal -1 0 0
    outer loop
      vertex -5.2 1.85 -15.95
      vertex -5.2 0.549999 -15.65
      vertex -5.2 0.549999 -13.5
    endloop
  endfacet
  facet normal -1 0 0
    outer loop
      vertex -5.2 1.85 -15.95
      vertex -5.2 0.549999 -13.5
      vertex -5.2 1.85 -10.2
    endloop
  endfacet
  facet normal -1 0 0
    outer loop
      vertex -5.2 -0.549999 -13.5
      vertex -5.2 1.85 -10.2
      vertex -5.2 0.549999 -13.5
    endloop
  endfacet
  facet normal -1 -0 0
    outer loop
      vertex -5.2 -0.549999 -15.65
      vertex -5.2 -1.85 -15.95
      vertex -5.2 -0.549999 -13.5
    endloop
  endfacet
  facet normal -1 0 0
    outer loop
      vertex -5.2 -0.549999 -13.5
      vertex -5.2 -1.85 -10.2
      vertex -5.2 1.85 -10.2
    endloop
  endfacet
  facet normal -1 0 0
    outer loop
      vertex -5.2 -1.85 -10.2
      vertex -5.2 -0.549999 -13.5
      vertex -5.2 -1.85 -15.95
    endloop
  endfacet
  facet normal 0 0 -1
    outer loop
      vertex -5.2 -1.625 -16.5
      vertex -4.8 1.625 -16.5
      vertex -4.8 -1.625 -16.5
    endloop
  endfacet
  facet normal -0 0 -1
    outer loop
      vertex -4.8 1.625 -16.5
      vertex -5.2 -1.625 -16.5
      vertex -5.2 1.625 -16.5
    endloop
  endfacet
  facet normal 0 0 -1
    outer loop
      vertex -5.2 -0.549999 -13.5
      vertex -4.8 0.549999 -13.5
      vertex -4.8 -0.549999 -13.5
    endloop
  endfacet
  facet normal -0 0 -1
    outer loop
      vertex -4.8 0.549999 -13.5
      vertex -5.2 -0.549999 -13.5
      vertex -5.2 0.549999 -13.5
    endloop
  endfacet
  facet normal 0 -1 0
    outer loop
      vertex -5.2 0.549999 -15.65
      vertex -4.8 0.549999 -13.5
      vertex -5.2 0.549999 -13.5
    endloop
  endfacet
  facet normal 0 -1 -0
    outer loop
      vertex -4.8 0.549999 -13.5
      vertex -5.2 0.549999 -15.65
      vertex -4.8 0.549999 -15.65
    endloop
  endfacet
  facet normal -0 0 1
    outer loop
      vertex -5.2 0.549999 -15.65
      vertex -4.8 -0.549999 -15.65
      vertex -4.8 0.549999 -15.65
    endloop
  endfacet
  facet normal 0 0 1
    outer loop
      vertex -4.8 -0.549999 -15.65
      vertex -5.2 0.549999 -15.65
      vertex -5.2 -0.549999 -15.65
    endloop
  endfacet
  facet normal 0 1 -0
    outer loop
      vertex -4.8 -0.549999 -15.65
      vertex -5.2 -0.549999 -13.5
      vertex -4.8 -0.549999 -13.5
    endloop
  endfacet
  facet normal 0 1 0
    outer loop
      vertex -5.2 -0.549999 -13.5
      vertex -4.8 -0.549999 -15.65
      vertex -5.2 -0.549999 -15.65
    endloop
  endfacet
  facet normal 0 0.925547 -0.378633
    outer loop
      vertex 0.2 1.625 -16.5
      vertex -0.2 1.85 -15.95
      vertex 0.2 1.85 -15.95
    endloop
  endfacet
  facet normal 0 0.925547 -0.378633
    outer loop
      vertex -0.2 1.85 -15.95
      vertex 0.2 1.625 -16.5
      vertex -0.2 1.625 -16.5
    endloop
  endfacet
  facet normal 1 -0 0
    outer loop
      vertex 0.2 0.549999 -13.5
      vertex 0.2 1.85 -15.95
      vertex 0.2 1.85 -10.2
    endloop
  endfacet
  facet normal 1 -0 0
    outer loop
      vertex 0.2 0.549999 -15.65
      vertex 0.2 1.85 -15.95
      vertex 0.2 0.549999 -13.5
    endloop
  endfacet
  facet normal 1 0 0
    outer loop
      vertex 0.2 1.85 -10.2
      vertex 0.2 -0.549999 -13.5
      vertex 0.2 0.549999 -13.5
    endloop
  endfacet
  facet normal 1 0 0
    outer loop
      vertex 0.2 -1.85 -15.95
      vertex 0.2 -0.549999 -15.65
      vertex 0.2 -0.549999 -13.5
    endloop
  endfacet
  facet normal 1 -0 0
    outer loop
      vertex 0.2 -1.85 -10.2
      vertex 0.2 -0.549999 -13.5
      vertex 0.2 1.85 -10.2
    endloop
  endfacet
  facet normal 1 0 0
    outer loop
      vertex 0.2 -1.85 -15.95
      vertex 0.2 -0.549999 -13.5
      vertex 0.2 -1.85 -10.2
    endloop
  endfacet
  facet normal 1 0 0
    outer loop
      vertex 0.2 -0.549999 -15.65
      vertex 0.2 -1.85 -15.95
      vertex 0.2 -1.625 -16.5
    endloop
  endfacet
  facet normal 1 0 0
    outer loop
      vertex 0.2 1.85 -15.95
      vertex 0.2 0.549999 -15.65
      vertex 0.2 1.625 -16.5
    endloop
  endfacet
  facet normal 1 -0 0
    outer loop
      vertex 0.2 -0.549999 -15.65
      vertex 0.2 1.625 -16.5
      vertex 0.2 0.549999 -15.65
    endloop
  endfacet
  facet normal 1 0 0
    outer loop
      vertex 0.2 1.625 -16.5
      vertex 0.2 -0.549999 -15.65
      vertex 0.2 -1.625 -16.5
    endloop
  endfacet
  facet normal 0 -1 0
    outer loop
      vertex -0.2 -1.85 -15.95
      vertex 0.2 -1.85 -10.2
      vertex -0.2 -1.85 -10.2
    endloop
  endfacet
  facet normal 0 -1 -0
    outer loop
      vertex 0.2 -1.85 -10.2
      vertex -0.2 -1.85 -15.95
      vertex 0.2 -1.85 -15.95
    endloop
  endfacet
  facet normal 0 1 -0
    outer loop
      vertex 0.2 1.85 -15.95
      vertex -0.2 1.85 -10.2
      vertex 0.2 1.85 -10.2
    endloop
  endfacet
  facet normal 0 1 0
    outer loop
      vertex -0.2 1.85 -10.2
      vertex 0.2 1.85 -15.95
      vertex -0.2 1.85 -15.95
    endloop
  endfacet
  facet normal 0 -0.925547 -0.378633
    outer loop
      vertex -0.2 -1.625 -16.5
      vertex 0.2 -1.85 -15.95
      vertex -0.2 -1.85 -15.95
    endloop
  endfacet
  facet normal 0 -0.925547 -0.378633
    outer loop
      vertex 0.2 -1.85 -15.95
      vertex -0.2 -1.625 -16.5
      vertex 0.2 -1.625 -16.5
    endloop
  endfacet
  facet normal -1 0 0
    outer loop
      vertex -0.2 1.625 -16.5
      vertex -0.2 -0.549999 -15.65
      vertex -0.2 0.549999 -15.65
    endloop
  endfacet
  facet normal -1 0 0
    outer loop
      vertex -0.2 -1.85 -15.95
      vertex -0.2 -0.549999 -15.65
      vertex -0.2 -1.625 -16.5
    endloop
  endfacet
  facet normal -1 0 0
    outer loop
      vertex -0.2 -1.625 -16.5
      vertex -0.2 -0.549999 -15.65
      vertex -0.2 1.625 -16.5
    endloop
  endfacet
  facet normal -1 0 0
    outer loop
      vertex -0.2 0.549999 -15.65
      vertex -0.2 1.85 -15.95
      vertex -0.2 1.625 -16.5
    endloop
  endfacet
  facet normal -1 0 0
    outer loop
      vertex -0.2 1.85 -15.95
      vertex -0.2 0.549999 -15.65
      vertex -0.2 0.549999 -13.5
    endloop
  endfacet
  facet normal -1 0 0
    outer loop
      vertex -0.2 1.85 -15.95
      vertex -0.2 0.549999 -13.5
      vertex -0.2 1.85 -10.2
    endloop
  endfacet
  facet normal -1 0 0
    outer loop
      vertex -0.2 -0.549999 -13.5
      vertex -0.2 1.85 -10.2
      vertex -0.2 0.549999 -13.5
    endloop
  endfacet
  facet normal -1 -0 0
    outer loop
      vertex -0.2 -0.549999 -15.65
      vertex -0.2 -1.85 -15.95
      vertex -0.2 -0.549999 -13.5
    endloop
  endfacet
  facet normal -1 0 0
    outer loop
      vertex -0.2 -0.549999 -13.5
      vertex -0.2 -1.85 -10.2
      vertex -0.2 1.85 -10.2
    endloop
  endfacet
  facet normal -1 0 0
    outer loop
      vertex -0.2 -1.85 -10.2
      vertex -0.2 -0.549999 -13.5
      vertex -0.2 -1.85 -15.95
    endloop
  endfacet
  facet normal 0 0 -1
    outer loop
      vertex -0.2 -1.625 -16.5
      vertex 0.2 1.625 -16.5
      vertex 0.2 -1.625 -16.5
    endloop
  endfacet
  facet normal -0 0 -1
    outer loop
      vertex 0.2 1.625 -16.5
      vertex -0.2 -1.625 -16.5
      vertex -0.2 1.625 -16.5
    endloop
  endfacet
  facet normal 0 0 -1
    outer loop
      vertex -0.2 -0.549999 -13.5
      vertex 0.2 0.549999 -13.5
      vertex 0.2 -0.549999 -13.5
    endloop
  endfacet
  facet normal -0 0 -1
    outer loop
      vertex 0.2 0.549999 -13.5
      vertex -0.2 -0.549999 -13.5
      vertex -0.2 0.549999 -13.5
    endloop
  endfacet
  facet normal 0 -1 0
    outer loop
      vertex -0.2 0.549999 -15.65
      vertex 0.2 0.549999 -13.5
      vertex -0.2 0.549999 -13.5
    endloop
  endfacet
  facet normal 0 -1 -0
    outer loop
      vertex 0.2 0.549999 -13.5
      vertex -0.2 0.549999 -15.65
      vertex 0.2 0.549999 -15.65
    endloop
  endfacet
  facet normal -0 0 1
    outer loop
      vertex -0.2 0.549999 -15.65
      vertex 0.2 -0.549999 -15.65
      vertex 0.2 0.549999 -15.65
    endloop
  endfacet
  facet normal 0 0 1
    outer loop
      vertex 0.2 -0.549999 -15.65
      vertex -0.2 0.549999 -15.65
      vertex -0.2 -0.549999 -15.65
    endloop
  endfacet
  facet normal 0 1 -0
    outer loop
      vertex 0.2 -0.549999 -15.65
      vertex -0.2 -0.549999 -13.5
      vertex 0.2 -0.549999 -13.5
    endloop
  endfacet
  facet normal 0 1 0
    outer loop
      vertex -0.2 -0.549999 -13.5
      vertex 0.2 -0.549999 -15.65
      vertex -0.2 -0.549999 -15.65
    endloop
  endfacet
  facet normal 0 0.925547 -0.378633
    outer loop
      vertex 5.2 1.625 -16.5
      vertex 4.8 1.85 -15.95
      vertex 5.2 1.85 -15.95
    endloop
  endfacet
  facet normal 0 0.925547 -0.378633
    outer loop
      vertex 4.8 1.85 -15.95
      vertex 5.2 1.625 -16.5
      vertex 4.8 1.625 -16.5
    endloop
  endfacet
  facet normal 1 -0 0
    outer loop
      vertex 5.2 0.549999 -13.5
      vertex 5.2 1.85 -15.95
      vertex 5.2 1.85 -10.2
    endloop
  endfacet
  facet normal 1 -0 0
    outer loop
      vertex 5.2 0.549999 -15.65
      vertex 5.2 1.85 -15.95
      vertex 5.2 0.549999 -13.5
    endloop
  endfacet
  facet normal 1 0 0
    outer loop
      vertex 5.2 1.85 -10.2
      vertex 5.2 -0.549999 -13.5
      vertex 5.2 0.549999 -13.5
    endloop
  endfacet
  facet normal 1 0 0
    outer loop
      vertex 5.2 -1.85 -15.95
      vertex 5.2 -0.549999 -15.65
      vertex 5.2 -0.549999 -13.5
    endloop
  endfacet
  facet normal 1 -0 0
    outer loop
      vertex 5.2 -1.85 -10.2
      vertex 5.2 -0.549999 -13.5
      vertex 5.2 1.85 -10.2
    endloop
  endfacet
  facet normal 1 0 0
    outer loop
      vertex 5.2 -1.85 -15.95
      vertex 5.2 -0.549999 -13.5
      vertex 5.2 -1.85 -10.2
    endloop
  endfacet
  facet normal 1 0 0
    outer loop
      vertex 5.2 -0.549999 -15.65
      vertex 5.2 -1.85 -15.95
      vertex 5.2 -1.625 -16.5
    endloop
  endfacet
  facet normal 1 0 0
    outer loop
      vertex 5.2 1.85 -15.95
      vertex 5.2 0.549999 -15.65
      vertex 5.2 1.625 -16.5
    endloop
  endfacet
  facet normal 1 -0 0
    outer loop
      vertex 5.2 -0.549999 -15.65
      vertex 5.2 1.625 -16.5
      vertex 5.2 0.549999 -15.65
    endloop
  endfacet
  facet normal 1 0 0
    outer loop
      vertex 5.2 1.625 -16.5
      vertex 5.2 -0.549999 -15.65
      vertex 5.2 -1.625 -16.5
    endloop
  endfacet
  facet normal 0 -1 0
    outer loop
      vertex 4.8 -1.85 -15.95
      vertex 5.2 -1.85 -10.2
      vertex 4.8 -1.85 -10.2
    endloop
  endfacet
  facet normal 0 -1 -0
    outer loop
      vertex 5.2 -1.85 -10.2
      vertex 4.8 -1.85 -15.95
      vertex 5.2 -1.85 -15.95
    endloop
  endfacet
  facet normal 0 1 -0
    outer loop
      vertex 5.2 1.85 -15.95
      vertex 4.8 1.85 -10.2
      vertex 5.2 1.85 -10.2
    endloop
  endfacet
  facet normal 0 1 0
    outer loop
      vertex 4.8 1.85 -10.2
      vertex 5.2 1.85 -15.95
      vertex 4.8 1.85 -15.95
    endloop
  endfacet
  facet normal 0 -0.925547 -0.378633
    outer loop
      vertex 4.8 -1.625 -16.5
      vertex 5.2 -1.85 -15.95
      vertex 4.8 -1.85 -15.95
    endloop
  endfacet
  facet normal 0 -0.925547 -0.378633
    outer loop
      vertex 5.2 -1.85 -15.95
      vertex 4.8 -1.625 -16.5
      vertex 5.2 -1.625 -16.5
    endloop
  endfacet
  facet normal -1 0 0
    outer loop
      vertex 4.8 1.625 -16.5
      vertex 4.8 -0.549999 -15.65
      vertex 4.8 0.549999 -15.65
    endloop
  endfacet
  facet normal -1 0 0
    outer loop
      vertex 4.8 -1.85 -15.95
      vertex 4.8 -0.549999 -15.65
      vertex 4.8 -1.625 -16.5
    endloop
  endfacet
  facet normal -1 0 0
    outer loop
      vertex 4.8 -1.625 -16.5
      vertex 4.8 -0.549999 -15.65
      vertex 4.8 1.625 -16.5
    endloop
  endfacet
  facet normal -1 0 0
    outer loop
      vertex 4.8 0.549999 -15.65
      vertex 4.8 1.85 -15.95
      vertex 4.8 1.625 -16.5
    endloop
  endfacet
  facet normal -1 0 0
    outer loop
      vertex 4.8 1.85 -15.95
      vertex 4.8 0.549999 -15.65
      vertex 4.8 0.549999 -13.5
    endloop
  endfacet
  facet normal -1 0 0
    outer loop
      vertex 4.8 1.85 -15.95
      vertex 4.8 0.549999 -13.5
      vertex 4.8 1.85 -10.2
    endloop
  endfacet
  facet normal -1 0 0
    outer loop
      vertex 4.8 -0.549999 -13.5
      vertex 4.8 1.85 -10.2
      vertex 4.8 0.549999 -13.5
    endloop
  endfacet
  facet normal -1 -0 0
    outer loop
      vertex 4.8 -0.549999 -15.65
      vertex 4.8 -1.85 -15.95
      vertex 4.8 -0.549999 -13.5
    endloop
  endfacet
  facet normal -1 0 0
    outer loop
      vertex 4.8 -0.549999 -13.5
      vertex 4.8 -1.85 -10.2
      vertex 4.8 1.85 -10.2
    endloop
  endfacet
  facet normal -1 0 0
    outer loop
      vertex 4.8 -1.85 -10.2
      vertex 4.8 -0.549999 -13.5
      vertex 4.8 -1.85 -15.95
    endloop
  endfacet
  facet normal 0 0 -1
    outer loop
      vertex 4.8 -1.625 -16.5
      vertex 5.2 1.625 -16.5
      vertex 5.2 -1.625 -16.5
    endloop
  endfacet
  facet normal -0 0 -1
    outer loop
      vertex 5.2 1.625 -16.5
      vertex 4.8 -1.625 -16.5
      vertex 4.8 1.625 -16.5
    endloop
  endfacet
  facet normal 0 0 -1
    outer loop
      vertex 4.8 -0.549999 -13.5
      vertex 5.2 0.549999 -13.5
      vertex 5.2 -0.549999 -13.5
    endloop
  endfacet
  facet normal -0 0 -1
    outer loop
      vertex 5.2 0.549999 -13.5
      vertex 4.8 -0.549999 -13.5
      vertex 4.8 0.549999 -13.5
    endloop
  endfacet
  facet normal -0 0 1
    outer loop
      vertex 4.8 0.549999 -15.65
      vertex 5.2 -0.549999 -15.65
      vertex 5.2 0.549999 -15.65
    endloop
  endfacet
  facet normal 0 0 1
    outer loop
      vertex 5.2 -0.549999 -15.65
      vertex 4.8 0.549999 -15.65
      vertex 4.8 -0.549999 -15.65
    endloop
  endfacet
  facet normal 0 1 -0
    outer loop
      vertex 5.2 -0.549999 -15.65
      vertex 4.8 -0.549999 -13.5
      vertex 5.2 -0.549999 -13.5
    endloop
  endfacet
  facet normal 0 1 0
    outer loop
      vertex 4.8 -0.549999 -13.5
      vertex 5.2 -0.549999 -15.65
      vertex 4.8 -0.549999 -15.65
    endloop
  endfacet
  facet normal 0 -1 0
    outer loop
      vertex 4.8 0.549999 -15.65
      vertex 5.2 0.549999 -13.5
      vertex 4.8 0.549999 -13.5
    endloop
  endfacet
  facet normal 0 -1 -0
    outer loop
      vertex 5.2 0.549999 -13.5
      vertex 4.8 0.549999 -15.65
      vertex 5.2 0.549999 -15.65
    endloop
  endfacet
endsolid OpenSCAD_Model
