solid matek_bec12s_pro
  facet normal 0 0 -1
    outer loop
      vertex 0 0 0
      vertex 17.487688 11.156434 0
      vertex 17.5 11 0
    endloop
  endfacet
  facet normal 0 0 1
    outer loop
      vertex 0 0 1.2
      vertex 17.5 11 1.2
      vertex 17.487688 11.156434 1.2
    endloop
  endfacet
  facet normal 0.99691733 0.078459096 0
    outer loop
      vertex 17.5 11 0
      vertex 17.487688 11.156434 0
      vertex 17.487688 11.156434 1.2
    endloop
  endfacet
  facet normal 0.99691733 0.078459096 -0
    outer loop
      vertex 17.5 11 0
      vertex 17.487688 11.156434 1.2
      vertex 17.5 11 1.2
    endloop
  endfacet
  facet normal 0 0 -1
    outer loop
      vertex 0 0 0
      vertex 17.451057 11.309017 0
      vertex 17.487688 11.156434 0
    endloop
  endfacet
  facet normal 0 0 1
    outer loop
      vertex 0 0 1.2
      vertex 17.487688 11.156434 1.2
      vertex 17.451057 11.309017 1.2
    endloop
  endfacet
  facet normal 0.97236992 0.23344536 0
    outer loop
      vertex 17.487688 11.156434 0
      vertex 17.451057 11.309017 0
      vertex 17.451057 11.309017 1.2
    endloop
  endfacet
  facet normal 0.97236992 0.23344536 -0
    outer loop
      vertex 17.487688 11.156434 0
      vertex 17.451057 11.309017 1.2
      vertex 17.487688 11.156434 1.2
    endloop
  endfacet
  facet normal 0 0 -1
    outer loop
      vertex 0 0 0
      vertex 17.391007 11.45399 0
      vertex 17.451057 11.309017 0
    endloop
  endfacet
  facet normal 0 0 1
    outer loop
      vertex 0 0 1.2
      vertex 17.451057 11.309017 1.2
      vertex 17.391007 11.45399 1.2
    endloop
  endfacet
  facet normal 0.92387953 0.38268343 0
    outer loop
      vertex 17.451057 11.309017 0
      vertex 17.391007 11.45399 0
      vertex 17.391007 11.45399 1.2
    endloop
  endfacet
  facet normal 0.92387953 0.38268343 -0
    outer loop
      vertex 17.451057 11.309017 0
      vertex 17.391007 11.45399 1.2
      vertex 17.451057 11.309017 1.2
    endloop
  endfacet
  facet normal 0 0 -1
    outer loop
      vertex 0 0 0
      vertex 17.309017 11.587785 0
      vertex 17.391007 11.45399 0
    endloop
  endfacet
  facet normal 0 0 1
    outer loop
      vertex 0 0 1.2
      vertex 17.391007 11.45399 1.2
      vertex 17.309017 11.587785 1.2
    endloop
  endfacet
  facet normal 0.85264016 0.52249856 0
    outer loop
      vertex 17.391007 11.45399 0
      vertex 17.309017 11.587785 0
      vertex 17.309017 11.587785 1.2
    endloop
  endfacet
  facet normal 0.85264016 0.52249856 -0
    outer loop
      vertex 17.391007 11.45399 0
      vertex 17.309017 11.587785 1.2
      vertex 17.391007 11.45399 1.2
    endloop
  endfacet
  facet normal 0 0 -1
    outer loop
      vertex 0 0 0
      vertex 17.207107 11.707107 0
      vertex 17.309017 11.587785 0
    endloop
  endfacet
  facet normal 0 0 1
    outer loop
      vertex 0 0 1.2
      vertex 17.309017 11.587785 1.2
      vertex 17.207107 11.707107 1.2
    endloop
  endfacet
  facet normal 0.76040597 0.64944805 0
    outer loop
      vertex 17.309017 11.587785 0
      vertex 17.207107 11.707107 0
      vertex 17.207107 11.707107 1.2
    endloop
  endfacet
  facet normal 0.76040597 0.64944805 -0
    outer loop
      vertex 17.309017 11.587785 0
      vertex 17.207107 11.707107 1.2
      vertex 17.309017 11.587785 1.2
    endloop
  endfacet
  facet normal 0 0 -1
    outer loop
      vertex 0 0 0
      vertex 17.087785 11.809017 0
      vertex 17.207107 11.707107 0
    endloop
  endfacet
  facet normal 0 0 1
    outer loop
      vertex 0 0 1.2
      vertex 17.207107 11.707107 1.2
      vertex 17.087785 11.809017 1.2
    endloop
  endfacet
  facet normal 0.64944805 0.76040597 0
    outer loop
      vertex 17.207107 11.707107 0
      vertex 17.087785 11.809017 0
      vertex 17.087785 11.809017 1.2
    endloop
  endfacet
  facet normal 0.64944805 0.76040597 -0
    outer loop
      vertex 17.207107 11.707107 0
      vertex 17.087785 11.809017 1.2
      vertex 17.207107 11.707107 1.2
    endloop
  endfacet
  facet normal 0 0 -1
    outer loop
      vertex 0 0 0
      vertex 16.95399 11.891007 0
      vertex 17.087785 11.809017 0
    endloop
  endfacet
  facet normal 0 0 1
    outer loop
      vertex 0 0 1.2
      vertex 17.087785 11.809017 1.2
      vertex 16.95399 11.891007 1.2
    endloop
  endfacet
  facet normal 0.52249856 0.85264016 0
    outer loop
      vertex 17.087785 11.809017 0
      vertex 16.95399 11.891007 0
      vertex 16.95399 11.891007 1.2
    endloop
  endfacet
  facet normal 0.52249856 0.85264016 -0
    outer loop
      vertex 17.087785 11.809017 0
      vertex 16.95399 11.891007 1.2
      vertex 17.087785 11.809017 1.2
    endloop
  endfacet
  facet normal 0 0 -1
    outer loop
      vertex 0 0 0
      vertex 16.809017 11.951057 0
      vertex 16.95399 11.891007 0
    endloop
  endfacet
  facet normal 0 0 1
    outer loop
      vertex 0 0 1.2
      vertex 16.95399 11.891007 1.2
      vertex 16.809017 11.951057 1.2
    endloop
  endfacet
  facet normal 0.38268343 0.92387953 0
    outer loop
      vertex 16.95399 11.891007 0
      vertex 16.809017 11.951057 0
      vertex 16.809017 11.951057 1.2
    endloop
  endfacet
  facet normal 0.38268343 0.92387953 -0
    outer loop
      vertex 16.95399 11.891007 0
      vertex 16.809017 11.951057 1.2
      vertex 16.95399 11.891007 1.2
    endloop
  endfacet
  facet normal 0 0 -1
    outer loop
      vertex 0 0 0
      vertex 16.656434 11.987688 0
      vertex 16.809017 11.951057 0
    endloop
  endfacet
  facet normal 0 0 1
    outer loop
      vertex 0 0 1.2
      vertex 16.809017 11.951057 1.2
      vertex 16.656434 11.987688 1.2
    endloop
  endfacet
  facet normal 0.23344536 0.97236992 0
    outer loop
      vertex 16.809017 11.951057 0
      vertex 16.656434 11.987688 0
      vertex 16.656434 11.987688 1.2
    endloop
  endfacet
  facet normal 0.23344536 0.97236992 -0
    outer loop
      vertex 16.809017 11.951057 0
      vertex 16.656434 11.987688 1.2
      vertex 16.809017 11.951057 1.2
    endloop
  endfacet
  facet normal 0 0 -1
    outer loop
      vertex 0 0 0
      vertex 16.5 12 0
      vertex 16.656434 11.987688 0
    endloop
  endfacet
  facet normal 0 0 1
    outer loop
      vertex 0 0 1.2
      vertex 16.656434 11.987688 1.2
      vertex 16.5 12 1.2
    endloop
  endfacet
  facet normal 0.078459096 0.99691733 0
    outer loop
      vertex 16.656434 11.987688 0
      vertex 16.5 12 0
      vertex 16.5 12 1.2
    endloop
  endfacet
  facet normal 0.078459096 0.99691733 -0
    outer loop
      vertex 16.656434 11.987688 0
      vertex 16.5 12 1.2
      vertex 16.656434 11.987688 1.2
    endloop
  endfacet
  facet normal 0 0 -1
    outer loop
      vertex 0 0 0
      vertex -16.5 12 0
      vertex 16.5 12 0
    endloop
  endfacet
  facet normal 0 -0 1
    outer loop
      vertex 0 0 1.2
      vertex 16.5 12 1.2
      vertex -16.5 12 1.2
    endloop
  endfacet
  facet normal 0 1 0
    outer loop
      vertex 16.5 12 0
      vertex -16.5 12 0
      vertex -16.5 12 1.2
    endloop
  endfacet
  facet normal 0 1 -0
    outer loop
      vertex 16.5 12 0
      vertex -16.5 12 1.2
      vertex 16.5 12 1.2
    endloop
  endfacet
  facet normal 0 0 -1
    outer loop
      vertex 0 0 0
      vertex -16.656434 11.987688 0
      vertex -16.5 12 0
    endloop
  endfacet
  facet normal 0 0 1
    outer loop
      vertex 0 0 1.2
      vertex -16.5 12 1.2
      vertex -16.656434 11.987688 1.2
    endloop
  endfacet
  facet normal -0.078459096 0.99691733 0
    outer loop
      vertex -16.5 12 0
      vertex -16.656434 11.987688 0
      vertex -16.656434 11.987688 1.2
    endloop
  endfacet
  facet normal -0.078459096 0.99691733 0
    outer loop
      vertex -16.5 12 0
      vertex -16.656434 11.987688 1.2
      vertex -16.5 12 1.2
    endloop
  endfacet
  facet normal 0 0 -1
    outer loop
      vertex 0 0 0
      vertex -16.809017 11.951057 0
      vertex -16.656434 11.987688 0
    endloop
  endfacet
  facet normal 0 0 1
    outer loop
      vertex 0 0 1.2
      vertex -16.656434 11.987688 1.2
      vertex -16.809017 11.951057 1.2
    endloop
  endfacet
  facet normal -0.23344536 0.97236992 0
    outer loop
      vertex -16.656434 11.987688 0
      vertex -16.809017 11.951057 0
      vertex -16.809017 11.951057 1.2
    endloop
  endfacet
  facet normal -0.23344536 0.97236992 0
    outer loop
      vertex -16.656434 11.987688 0
      vertex -16.809017 11.951057 1.2
      vertex -16.656434 11.987688 1.2
    endloop
  endfacet
  facet normal 0 0 -1
    outer loop
      vertex 0 0 0
      vertex -16.95399 11.891007 0
      vertex -16.809017 11.951057 0
    endloop
  endfacet
  facet normal 0 0 1
    outer loop
      vertex 0 0 1.2
      vertex -16.809017 11.951057 1.2
      vertex -16.95399 11.891007 1.2
    endloop
  endfacet
  facet normal -0.38268343 0.92387953 0
    outer loop
      vertex -16.809017 11.951057 0
      vertex -16.95399 11.891007 0
      vertex -16.95399 11.891007 1.2
    endloop
  endfacet
  facet normal -0.38268343 0.92387953 0
    outer loop
      vertex -16.809017 11.951057 0
      vertex -16.95399 11.891007 1.2
      vertex -16.809017 11.951057 1.2
    endloop
  endfacet
  facet normal 0 0 -1
    outer loop
      vertex 0 0 0
      vertex -17.087785 11.809017 0
      vertex -16.95399 11.891007 0
    endloop
  endfacet
  facet normal 0 0 1
    outer loop
      vertex 0 0 1.2
      vertex -16.95399 11.891007 1.2
      vertex -17.087785 11.809017 1.2
    endloop
  endfacet
  facet normal -0.52249856 0.85264016 0
    outer loop
      vertex -16.95399 11.891007 0
      vertex -17.087785 11.809017 0
      vertex -17.087785 11.809017 1.2
    endloop
  endfacet
  facet normal -0.52249856 0.85264016 0
    outer loop
      vertex -16.95399 11.891007 0
      vertex -17.087785 11.809017 1.2
      vertex -16.95399 11.891007 1.2
    endloop
  endfacet
  facet normal 0 0 -1
    outer loop
      vertex 0 0 0
      vertex -17.207107 11.707107 0
      vertex -17.087785 11.809017 0
    endloop
  endfacet
  facet normal 0 0 1
    outer loop
      vertex 0 0 1.2
      vertex -17.087785 11.809017 1.2
      vertex -17.207107 11.707107 1.2
    endloop
  endfacet
  facet normal -0.64944805 0.76040597 0
    outer loop
      vertex -17.087785 11.809017 0
      vertex -17.207107 11.707107 0
      vertex -17.207107 11.707107 1.2
    endloop
  endfacet
  facet normal -0.64944805 0.76040597 0
    outer loop
      vertex -17.087785 11.809017 0
      vertex -17.207107 11.707107 1.2
      vertex -17.087785 11.809017 1.2
    endloop
  endfacet
  facet normal 0 0 -1
    outer loop
      vertex 0 0 0
      vertex -17.309017 11.587785 0
      vertex -17.207107 11.707107 0
    endloop
  endfacet
  facet normal 0 0 1
    outer loop
      vertex 0 0 1.2
      vertex -17.207107 11.707107 1.2
      vertex -17.309017 11.587785 1.2
    endloop
  endfacet
  facet normal -0.76040597 0.64944805 0
    outer loop
      vertex -17.207107 11.707107 0
      vertex -17.309017 11.587785 0
      vertex -17.309017 11.587785 1.2
    endloop
  endfacet
  facet normal -0.76040597 0.64944805 0
    outer loop
      vertex -17.207107 11.707107 0
      vertex -17.309017 11.587785 1.2
      vertex -17.207107 11.707107 1.2
    endloop
  endfacet
  facet normal 0 0 -1
    outer loop
      vertex 0 0 0
      vertex -17.391007 11.45399 0
      vertex -17.309017 11.587785 0
    endloop
  endfacet
  facet normal 0 0 1
    outer loop
      vertex 0 0 1.2
      vertex -17.309017 11.587785 1.2
      vertex -17.391007 11.45399 1.2
    endloop
  endfacet
  facet normal -0.85264016 0.52249856 0
    outer loop
      vertex -17.309017 11.587785 0
      vertex -17.391007 11.45399 0
      vertex -17.391007 11.45399 1.2
    endloop
  endfacet
  facet normal -0.85264016 0.52249856 0
    outer loop
      vertex -17.309017 11.587785 0
      vertex -17.391007 11.45399 1.2
      vertex -17.309017 11.587785 1.2
    endloop
  endfacet
  facet normal 0 0 -1
    outer loop
      vertex 0 0 0
      vertex -17.451057 11.309017 0
      vertex -17.391007 11.45399 0
    endloop
  endfacet
  facet normal 0 0 1
    outer loop
      vertex 0 0 1.2
      vertex -17.391007 11.45399 1.2
      vertex -17.451057 11.309017 1.2
    endloop
  endfacet
  facet normal -0.92387953 0.38268343 0
    outer loop
      vertex -17.391007 11.45399 0
      vertex -17.451057 11.309017 0
      vertex -17.451057 11.309017 1.2
    endloop
  endfacet
  facet normal -0.92387953 0.38268343 0
    outer loop
      vertex -17.391007 11.45399 0
      vertex -17.451057 11.309017 1.2
      vertex -17.391007 11.45399 1.2
    endloop
  endfacet
  facet normal 0 0 -1
    outer loop
      vertex 0 0 0
      vertex -17.487688 11.156434 0
      vertex -17.451057 11.309017 0
    endloop
  endfacet
  facet normal 0 0 1
    outer loop
      vertex 0 0 1.2
      vertex -17.451057 11.309017 1.2
      vertex -17.487688 11.156434 1.2
    endloop
  endfacet
  facet normal -0.97236992 0.23344536 0
    outer loop
      vertex -17.451057 11.309017 0
      vertex -17.487688 11.156434 0
      vertex -17.487688 11.156434 1.2
    endloop
  endfacet
  facet normal -0.97236992 0.23344536 0
    outer loop
      vertex -17.451057 11.309017 0
      vertex -17.487688 11.156434 1.2
      vertex -17.451057 11.309017 1.2
    endloop
  endfacet
  facet normal 0 0 -1
    outer loop
      vertex 0 0 0
      vertex -17.5 11 0
      vertex -17.487688 11.156434 0
    endloop
  endfacet
  facet normal 0 0 1
    outer loop
      vertex 0 0 1.2
      vertex -17.487688 11.156434 1.2
      vertex -17.5 11 1.2
    endloop
  endfacet
  facet normal -0.99691733 0.078459096 0
    outer loop
      vertex -17.487688 11.156434 0
      vertex -17.5 11 0
      vertex -17.5 11 1.2
    endloop
  endfacet
  facet normal -0.99691733 0.078459096 0
    outer loop
      vertex -17.487688 11.156434 0
      vertex -17.5 11 1.2
      vertex -17.487688 11.156434 1.2
    endloop
  endfacet
  facet normal -0 0 -1
    outer loop
      vertex 0 0 0
      vertex -17.5 -11 0
      vertex -17.5 11 0
    endloop
  endfacet
  facet normal 0 0 1
    outer loop
      vertex 0 0 1.2
      vertex -17.5 11 1.2
      vertex -17.5 -11 1.2
    endloop
  endfacet
  facet normal -1 0 0
    outer loop
      vertex -17.5 11 0
      vertex -17.5 -11 0
      vertex -17.5 -11 1.2
    endloop
  endfacet
  facet normal -1 0 0
    outer loop
      vertex -17.5 11 0
      vertex -17.5 -11 1.2
      vertex -17.5 11 1.2
    endloop
  endfacet
  facet normal 0 0 -1
    outer loop
      vertex 0 0 0
      vertex -17.487688 -11.156434 0
      vertex -17.5 -11 0
    endloop
  endfacet
  facet normal 0 0 1
    outer loop
      vertex 0 0 1.2
      vertex -17.5 -11 1.2
      vertex -17.487688 -11.156434 1.2
    endloop
  endfacet
  facet normal -0.99691733 -0.078459096 0
    outer loop
      vertex -17.5 -11 0
      vertex -17.487688 -11.156434 0
      vertex -17.487688 -11.156434 1.2
    endloop
  endfacet
  facet normal -0.99691733 -0.078459096 0
    outer loop
      vertex -17.5 -11 0
      vertex -17.487688 -11.156434 1.2
      vertex -17.5 -11 1.2
    endloop
  endfacet
  facet normal 0 0 -1
    outer loop
      vertex 0 0 0
      vertex -17.451057 -11.309017 0
      vertex -17.487688 -11.156434 0
    endloop
  endfacet
  facet normal 0 0 1
    outer loop
      vertex 0 0 1.2
      vertex -17.487688 -11.156434 1.2
      vertex -17.451057 -11.309017 1.2
    endloop
  endfacet
  facet normal -0.97236992 -0.23344536 0
    outer loop
      vertex -17.487688 -11.156434 0
      vertex -17.451057 -11.309017 0
      vertex -17.451057 -11.309017 1.2
    endloop
  endfacet
  facet normal -0.97236992 -0.23344536 0
    outer loop
      vertex -17.487688 -11.156434 0
      vertex -17.451057 -11.309017 1.2
      vertex -17.487688 -11.156434 1.2
    endloop
  endfacet
  facet normal 0 0 -1
    outer loop
      vertex 0 0 0
      vertex -17.391007 -11.45399 0
      vertex -17.451057 -11.309017 0
    endloop
  endfacet
  facet normal 0 0 1
    outer loop
      vertex 0 0 1.2
      vertex -17.451057 -11.309017 1.2
      vertex -17.391007 -11.45399 1.2
    endloop
  endfacet
  facet normal -0.92387953 -0.38268343 0
    outer loop
      vertex -17.451057 -11.309017 0
      vertex -17.391007 -11.45399 0
      vertex -17.391007 -11.45399 1.2
    endloop
  endfacet
  facet normal -0.92387953 -0.38268343 0
    outer loop
      vertex -17.451057 -11.309017 0
      vertex -17.391007 -11.45399 1.2
      vertex -17.451057 -11.309017 1.2
    endloop
  endfacet
  facet normal 0 0 -1
    outer loop
      vertex 0 0 0
      vertex -17.309017 -11.587785 0
      vertex -17.391007 -11.45399 0
    endloop
  endfacet
  facet normal 0 0 1
    outer loop
      vertex 0 0 1.2
      vertex -17.391007 -11.45399 1.2
      vertex -17.309017 -11.587785 1.2
    endloop
  endfacet
  facet normal -0.85264016 -0.52249856 0
    outer loop
      vertex -17.391007 -11.45399 0
      vertex -17.309017 -11.587785 0
      vertex -17.309017 -11.587785 1.2
    endloop
  endfacet
  facet normal -0.85264016 -0.52249856 0
    outer loop
      vertex -17.391007 -11.45399 0
      vertex -17.309017 -11.587785 1.2
      vertex -17.391007 -11.45399 1.2
    endloop
  endfacet
  facet normal 0 0 -1
    outer loop
      vertex 0 0 0
      vertex -17.207107 -11.707107 0
      vertex -17.309017 -11.587785 0
    endloop
  endfacet
  facet normal 0 0 1
    outer loop
      vertex 0 0 1.2
      vertex -17.309017 -11.587785 1.2
      vertex -17.207107 -11.707107 1.2
    endloop
  endfacet
  facet normal -0.76040597 -0.64944805 0
    outer loop
      vertex -17.309017 -11.587785 0
      vertex -17.207107 -11.707107 0
      vertex -17.207107 -11.707107 1.2
    endloop
  endfacet
  facet normal -0.76040597 -0.64944805 0
    outer loop
      vertex -17.309017 -11.587785 0
      vertex -17.207107 -11.707107 1.2
      vertex -17.309017 -11.587785 1.2
    endloop
  endfacet
  facet normal 0 0 -1
    outer loop
      vertex 0 0 0
      vertex -17.087785 -11.809017 0
      vertex -17.207107 -11.707107 0
    endloop
  endfacet
  facet normal 0 0 1
    outer loop
      vertex 0 0 1.2
      vertex -17.207107 -11.707107 1.2
      vertex -17.087785 -11.809017 1.2
    endloop
  endfacet
  facet normal -0.64944805 -0.76040597 0
    outer loop
      vertex -17.207107 -11.707107 0
      vertex -17.087785 -11.809017 0
      vertex -17.087785 -11.809017 1.2
    endloop
  endfacet
  facet normal -0.64944805 -0.76040597 0
    outer loop
      vertex -17.207107 -11.707107 0
      vertex -17.087785 -11.809017 1.2
      vertex -17.207107 -11.707107 1.2
    endloop
  endfacet
  facet normal 0 0 -1
    outer loop
      vertex 0 0 0
      vertex -16.95399 -11.891007 0
      vertex -17.087785 -11.809017 0
    endloop
  endfacet
  facet normal 0 0 1
    outer loop
      vertex 0 0 1.2
      vertex -17.087785 -11.809017 1.2
      vertex -16.95399 -11.891007 1.2
    endloop
  endfacet
  facet normal -0.52249856 -0.85264016 0
    outer loop
      vertex -17.087785 -11.809017 0
      vertex -16.95399 -11.891007 0
      vertex -16.95399 -11.891007 1.2
    endloop
  endfacet
  facet normal -0.52249856 -0.85264016 0
    outer loop
      vertex -17.087785 -11.809017 0
      vertex -16.95399 -11.891007 1.2
      vertex -17.087785 -11.809017 1.2
    endloop
  endfacet
  facet normal 0 0 -1
    outer loop
      vertex 0 0 0
      vertex -16.809017 -11.951057 0
      vertex -16.95399 -11.891007 0
    endloop
  endfacet
  facet normal 0 0 1
    outer loop
      vertex 0 0 1.2
      vertex -16.95399 -11.891007 1.2
      vertex -16.809017 -11.951057 1.2
    endloop
  endfacet
  facet normal -0.38268343 -0.92387953 0
    outer loop
      vertex -16.95399 -11.891007 0
      vertex -16.809017 -11.951057 0
      vertex -16.809017 -11.951057 1.2
    endloop
  endfacet
  facet normal -0.38268343 -0.92387953 0
    outer loop
      vertex -16.95399 -11.891007 0
      vertex -16.809017 -11.951057 1.2
      vertex -16.95399 -11.891007 1.2
    endloop
  endfacet
  facet normal 0 0 -1
    outer loop
      vertex 0 0 0
      vertex -16.656434 -11.987688 0
      vertex -16.809017 -11.951057 0
    endloop
  endfacet
  facet normal 0 0 1
    outer loop
      vertex 0 0 1.2
      vertex -16.809017 -11.951057 1.2
      vertex -16.656434 -11.987688 1.2
    endloop
  endfacet
  facet normal -0.23344536 -0.97236992 0
    outer loop
      vertex -16.809017 -11.951057 0
      vertex -16.656434 -11.987688 0
      vertex -16.656434 -11.987688 1.2
    endloop
  endfacet
  facet normal -0.23344536 -0.97236992 0
    outer loop
      vertex -16.809017 -11.951057 0
      vertex -16.656434 -11.987688 1.2
      vertex -16.809017 -11.951057 1.2
    endloop
  endfacet
  facet normal 0 0 -1
    outer loop
      vertex 0 0 0
      vertex -16.5 -12 0
      vertex -16.656434 -11.987688 0
    endloop
  endfacet
  facet normal 0 0 1
    outer loop
      vertex 0 0 1.2
      vertex -16.656434 -11.987688 1.2
      vertex -16.5 -12 1.2
    endloop
  endfacet
  facet normal -0.078459096 -0.99691733 0
    outer loop
      vertex -16.656434 -11.987688 0
      vertex -16.5 -12 0
      vertex -16.5 -12 1.2
    endloop
  endfacet
  facet normal -0.078459096 -0.99691733 0
    outer loop
      vertex -16.656434 -11.987688 0
      vertex -16.5 -12 1.2
      vertex -16.656434 -11.987688 1.2
    endloop
  endfacet
  facet normal 0 -0 -1
    outer loop
      vertex 0 0 0
      vertex 16.5 -12 0
      vertex -16.5 -12 0
    endloop
  endfacet
  facet normal 0 0 1
    outer loop
      vertex 0 0 1.2
      vertex -16.5 -12 1.2
      vertex 16.5 -12 1.2
    endloop
  endfacet
  facet normal 0 -1 0
    outer loop
      vertex -16.5 -12 0
      vertex 16.5 -12 0
      vertex 16.5 -12 1.2
    endloop
  endfacet
  facet normal 0 -1 0
    outer loop
      vertex -16.5 -12 0
      vertex 16.5 -12 1.2
      vertex -16.5 -12 1.2
    endloop
  endfacet
  facet normal 0 0 -1
    outer loop
      vertex 0 0 0
      vertex 16.656434 -11.987688 0
      vertex 16.5 -12 0
    endloop
  endfacet
  facet normal 0 0 1
    outer loop
      vertex 0 0 1.2
      vertex 16.5 -12 1.2
      vertex 16.656434 -11.987688 1.2
    endloop
  endfacet
  facet normal 0.078459096 -0.99691733 0
    outer loop
      vertex 16.5 -12 0
      vertex 16.656434 -11.987688 0
      vertex 16.656434 -11.987688 1.2
    endloop
  endfacet
  facet normal 0.078459096 -0.99691733 0
    outer loop
      vertex 16.5 -12 0
      vertex 16.656434 -11.987688 1.2
      vertex 16.5 -12 1.2
    endloop
  endfacet
  facet normal 0 0 -1
    outer loop
      vertex 0 0 0
      vertex 16.809017 -11.951057 0
      vertex 16.656434 -11.987688 0
    endloop
  endfacet
  facet normal 0 0 1
    outer loop
      vertex 0 0 1.2
      vertex 16.656434 -11.987688 1.2
      vertex 16.809017 -11.951057 1.2
    endloop
  endfacet
  facet normal 0.23344536 -0.97236992 0
    outer loop
      vertex 16.656434 -11.987688 0
      vertex 16.809017 -11.951057 0
      vertex 16.809017 -11.951057 1.2
    endloop
  endfacet
  facet normal 0.23344536 -0.97236992 0
    outer loop
      vertex 16.656434 -11.987688 0
      vertex 16.809017 -11.951057 1.2
      vertex 16.656434 -11.987688 1.2
    endloop
  endfacet
  facet normal 0 0 -1
    outer loop
      vertex 0 0 0
      vertex 16.95399 -11.891007 0
      vertex 16.809017 -11.951057 0
    endloop
  endfacet
  facet normal 0 0 1
    outer loop
      vertex 0 0 1.2
      vertex 16.809017 -11.951057 1.2
      vertex 16.95399 -11.891007 1.2
    endloop
  endfacet
  facet normal 0.38268343 -0.92387953 0
    outer loop
      vertex 16.809017 -11.951057 0
      vertex 16.95399 -11.891007 0
      vertex 16.95399 -11.891007 1.2
    endloop
  endfacet
  facet normal 0.38268343 -0.92387953 0
    outer loop
      vertex 16.809017 -11.951057 0
      vertex 16.95399 -11.891007 1.2
      vertex 16.809017 -11.951057 1.2
    endloop
  endfacet
  facet normal 0 0 -1
    outer loop
      vertex 0 0 0
      vertex 17.087785 -11.809017 0
      vertex 16.95399 -11.891007 0
    endloop
  endfacet
  facet normal 0 0 1
    outer loop
      vertex 0 0 1.2
      vertex 16.95399 -11.891007 1.2
      vertex 17.087785 -11.809017 1.2
    endloop
  endfacet
  facet normal 0.52249856 -0.85264016 0
    outer loop
      vertex 16.95399 -11.891007 0
      vertex 17.087785 -11.809017 0
      vertex 17.087785 -11.809017 1.2
    endloop
  endfacet
  facet normal 0.52249856 -0.85264016 0
    outer loop
      vertex 16.95399 -11.891007 0
      vertex 17.087785 -11.809017 1.2
      vertex 16.95399 -11.891007 1.2
    endloop
  endfacet
  facet normal 0 0 -1
    outer loop
      vertex 0 0 0
      vertex 17.207107 -11.707107 0
      vertex 17.087785 -11.809017 0
    endloop
  endfacet
  facet normal 0 0 1
    outer loop
      vertex 0 0 1.2
      vertex 17.087785 -11.809017 1.2
      vertex 17.207107 -11.707107 1.2
    endloop
  endfacet
  facet normal 0.64944805 -0.76040597 0
    outer loop
      vertex 17.087785 -11.809017 0
      vertex 17.207107 -11.707107 0
      vertex 17.207107 -11.707107 1.2
    endloop
  endfacet
  facet normal 0.64944805 -0.76040597 0
    outer loop
      vertex 17.087785 -11.809017 0
      vertex 17.207107 -11.707107 1.2
      vertex 17.087785 -11.809017 1.2
    endloop
  endfacet
  facet normal 0 0 -1
    outer loop
      vertex 0 0 0
      vertex 17.309017 -11.587785 0
      vertex 17.207107 -11.707107 0
    endloop
  endfacet
  facet normal 0 0 1
    outer loop
      vertex 0 0 1.2
      vertex 17.207107 -11.707107 1.2
      vertex 17.309017 -11.587785 1.2
    endloop
  endfacet
  facet normal 0.76040597 -0.64944805 0
    outer loop
      vertex 17.207107 -11.707107 0
      vertex 17.309017 -11.587785 0
      vertex 17.309017 -11.587785 1.2
    endloop
  endfacet
  facet normal 0.76040597 -0.64944805 0
    outer loop
      vertex 17.207107 -11.707107 0
      vertex 17.309017 -11.587785 1.2
      vertex 17.207107 -11.707107 1.2
    endloop
  endfacet
  facet normal 0 0 -1
    outer loop
      vertex 0 0 0
      vertex 17.391007 -11.45399 0
      vertex 17.309017 -11.587785 0
    endloop
  endfacet
  facet normal 0 0 1
    outer loop
      vertex 0 0 1.2
      vertex 17.309017 -11.587785 1.2
      vertex 17.391007 -11.45399 1.2
    endloop
  endfacet
  facet normal 0.85264016 -0.52249856 0
    outer loop
      vertex 17.309017 -11.587785 0
      vertex 17.391007 -11.45399 0
      vertex 17.391007 -11.45399 1.2
    endloop
  endfacet
  facet normal 0.85264016 -0.52249856 0
    outer loop
      vertex 17.309017 -11.587785 0
      vertex 17.391007 -11.45399 1.2
      vertex 17.309017 -11.587785 1.2
    endloop
  endfacet
  facet normal 0 0 -1
    outer loop
      vertex 0 0 0
      vertex 17.451057 -11.309017 0
      vertex 17.391007 -11.45399 0
    endloop
  endfacet
  facet normal 0 0 1
    outer loop
      vertex 0 0 1.2
      vertex 17.391007 -11.45399 1.2
      vertex 17.451057 -11.309017 1.2
    endloop
  endfacet
  facet normal 0.92387953 -0.38268343 0
    outer loop
      vertex 17.391007 -11.45399 0
      vertex 17.451057 -11.309017 0
      vertex 17.451057 -11.309017 1.2
    endloop
  endfacet
  facet normal 0.92387953 -0.38268343 0
    outer loop
      vertex 17.391007 -11.45399 0
      vertex 17.451057 -11.309017 1.2
      vertex 17.391007 -11.45399 1.2
    endloop
  endfacet
  facet normal 0 0 -1
    outer loop
      vertex 0 0 0
      vertex 17.487688 -11.156434 0
      vertex 17.451057 -11.309017 0
    endloop
  endfacet
  facet normal 0 0 1
    outer loop
      vertex 0 0 1.2
      vertex 17.451057 -11.309017 1.2
      vertex 17.487688 -11.156434 1.2
    endloop
  endfacet
  facet normal 0.97236992 -0.23344536 0
    outer loop
      vertex 17.451057 -11.309017 0
      vertex 17.487688 -11.156434 0
      vertex 17.487688 -11.156434 1.2
    endloop
  endfacet
  facet normal 0.97236992 -0.23344536 0
    outer loop
      vertex 17.451057 -11.309017 0
      vertex 17.487688 -11.156434 1.2
      vertex 17.451057 -11.309017 1.2
    endloop
  endfacet
  facet normal 0 0 -1
    outer loop
      vertex 0 0 0
      vertex 17.5 -11 0
      vertex 17.487688 -11.156434 0
    endloop
  endfacet
  facet normal 0 0 1
    outer loop
      vertex 0 0 1.2
      vertex 17.487688 -11.156434 1.2
      vertex 17.5 -11 1.2
    endloop
  endfacet
  facet normal 0.99691733 -0.078459096 0
    outer loop
      vertex 17.487688 -11.156434 0
      vertex 17.5 -11 0
      vertex 17.5 -11 1.2
    endloop
  endfacet
  facet normal 0.99691733 -0.078459096 0
    outer loop
      vertex 17.487688 -11.156434 0
      vertex 17.5 -11 1.2
      vertex 17.487688 -11.156434 1.2
    endloop
  endfacet
  facet normal 0 0 -1
    outer loop
      vertex 0 0 0
      vertex 17.5 11 0
      vertex 17.5 -11 0
    endloop
  endfacet
  facet normal -0 0 1
    outer loop
      vertex 0 0 1.2
      vertex 17.5 -11 1.2
      vertex 17.5 11 1.2
    endloop
  endfacet
  facet normal 1 0 0
    outer loop
      vertex 17.5 -11 0
      vertex 17.5 11 0
      vertex 17.5 11 1.2
    endloop
  endfacet
  facet normal 1 0 0
    outer loop
      vertex 17.5 -11 0
      vertex 17.5 11 1.2
      vertex 17.5 -11 1.2
    endloop
  endfacet
  facet normal 0 0 -1
    outer loop
      vertex -15.3 -5.715 1.2
      vertex -13.917236 -5.4959917 1.2
      vertex -13.9 -5.715 1.2
    endloop
  endfacet
  facet normal 0 0 1
    outer loop
      vertex -15.3 -5.715 1.32
      vertex -13.9 -5.715 1.32
      vertex -13.917236 -5.4959917 1.32
    endloop
  endfacet
  facet normal 0.99691733 0.078459096 0
    outer loop
      vertex -13.9 -5.715 1.2
      vertex -13.917236 -5.4959917 1.2
      vertex -13.917236 -5.4959917 1.32
    endloop
  endfacet
  facet normal 0.99691733 0.078459096 -0
    outer loop
      vertex -13.9 -5.715 1.2
      vertex -13.917236 -5.4959917 1.32
      vertex -13.9 -5.715 1.32
    endloop
  endfacet
  facet normal 0 0 -1
    outer loop
      vertex -15.3 -5.715 1.2
      vertex -13.968521 -5.2823762 1.2
      vertex -13.917236 -5.4959917 1.2
    endloop
  endfacet
  facet normal 0 0 1
    outer loop
      vertex -15.3 -5.715 1.32
      vertex -13.917236 -5.4959917 1.32
      vertex -13.968521 -5.2823762 1.32
    endloop
  endfacet
  facet normal 0.97236992 0.23344536 0
    outer loop
      vertex -13.917236 -5.4959917 1.2
      vertex -13.968521 -5.2823762 1.2
      vertex -13.968521 -5.2823762 1.32
    endloop
  endfacet
  facet normal 0.97236992 0.23344536 -0
    outer loop
      vertex -13.917236 -5.4959917 1.2
      vertex -13.968521 -5.2823762 1.32
      vertex -13.917236 -5.4959917 1.32
    endloop
  endfacet
  facet normal 0 0 -1
    outer loop
      vertex -15.3 -5.715 1.2
      vertex -14.052591 -5.0794133 1.2
      vertex -13.968521 -5.2823762 1.2
    endloop
  endfacet
  facet normal 0 0 1
    outer loop
      vertex -15.3 -5.715 1.32
      vertex -13.968521 -5.2823762 1.32
      vertex -14.052591 -5.0794133 1.32
    endloop
  endfacet
  facet normal 0.92387953 0.38268343 0
    outer loop
      vertex -13.968521 -5.2823762 1.2
      vertex -14.052591 -5.0794133 1.2
      vertex -14.052591 -5.0794133 1.32
    endloop
  endfacet
  facet normal 0.92387953 0.38268343 -0
    outer loop
      vertex -13.968521 -5.2823762 1.2
      vertex -14.052591 -5.0794133 1.32
      vertex -13.968521 -5.2823762 1.32
    endloop
  endfacet
  facet normal 0 0 -1
    outer loop
      vertex -15.3 -5.715 1.2
      vertex -14.167376 -4.8921006 1.2
      vertex -14.052591 -5.0794133 1.2
    endloop
  endfacet
  facet normal 0 0 1
    outer loop
      vertex -15.3 -5.715 1.32
      vertex -14.052591 -5.0794133 1.32
      vertex -14.167376 -4.8921006 1.32
    endloop
  endfacet
  facet normal 0.85264016 0.52249856 0
    outer loop
      vertex -14.052591 -5.0794133 1.2
      vertex -14.167376 -4.8921006 1.2
      vertex -14.167376 -4.8921006 1.32
    endloop
  endfacet
  facet normal 0.85264016 0.52249856 -0
    outer loop
      vertex -14.052591 -5.0794133 1.2
      vertex -14.167376 -4.8921006 1.32
      vertex -14.052591 -5.0794133 1.32
    endloop
  endfacet
  facet normal 0 0 -1
    outer loop
      vertex -15.3 -5.715 1.2
      vertex -14.310051 -4.7250505 1.2
      vertex -14.167376 -4.8921006 1.2
    endloop
  endfacet
  facet normal 0 0 1
    outer loop
      vertex -15.3 -5.715 1.32
      vertex -14.167376 -4.8921006 1.32
      vertex -14.310051 -4.7250505 1.32
    endloop
  endfacet
  facet normal 0.76040597 0.64944805 0
    outer loop
      vertex -14.167376 -4.8921006 1.2
      vertex -14.310051 -4.7250505 1.2
      vertex -14.310051 -4.7250505 1.32
    endloop
  endfacet
  facet normal 0.76040597 0.64944805 -0
    outer loop
      vertex -14.167376 -4.8921006 1.2
      vertex -14.310051 -4.7250505 1.32
      vertex -14.167376 -4.8921006 1.32
    endloop
  endfacet
  facet normal 0 0 -1
    outer loop
      vertex -15.3 -5.715 1.2
      vertex -14.477101 -4.5823762 1.2
      vertex -14.310051 -4.7250505 1.2
    endloop
  endfacet
  facet normal 0 0 1
    outer loop
      vertex -15.3 -5.715 1.32
      vertex -14.310051 -4.7250505 1.32
      vertex -14.477101 -4.5823762 1.32
    endloop
  endfacet
  facet normal 0.64944805 0.76040597 0
    outer loop
      vertex -14.310051 -4.7250505 1.2
      vertex -14.477101 -4.5823762 1.2
      vertex -14.477101 -4.5823762 1.32
    endloop
  endfacet
  facet normal 0.64944805 0.76040597 -0
    outer loop
      vertex -14.310051 -4.7250505 1.2
      vertex -14.477101 -4.5823762 1.32
      vertex -14.310051 -4.7250505 1.32
    endloop
  endfacet
  facet normal 0 0 -1
    outer loop
      vertex -15.3 -5.715 1.2
      vertex -14.664413 -4.4675909 1.2
      vertex -14.477101 -4.5823762 1.2
    endloop
  endfacet
  facet normal 0 0 1
    outer loop
      vertex -15.3 -5.715 1.32
      vertex -14.477101 -4.5823762 1.32
      vertex -14.664413 -4.4675909 1.32
    endloop
  endfacet
  facet normal 0.52249856 0.85264016 0
    outer loop
      vertex -14.477101 -4.5823762 1.2
      vertex -14.664413 -4.4675909 1.2
      vertex -14.664413 -4.4675909 1.32
    endloop
  endfacet
  facet normal 0.52249856 0.85264016 -0
    outer loop
      vertex -14.477101 -4.5823762 1.2
      vertex -14.664413 -4.4675909 1.32
      vertex -14.477101 -4.5823762 1.32
    endloop
  endfacet
  facet normal 0 0 -1
    outer loop
      vertex -15.3 -5.715 1.2
      vertex -14.867376 -4.3835209 1.2
      vertex -14.664413 -4.4675909 1.2
    endloop
  endfacet
  facet normal 0 0 1
    outer loop
      vertex -15.3 -5.715 1.32
      vertex -14.664413 -4.4675909 1.32
      vertex -14.867376 -4.3835209 1.32
    endloop
  endfacet
  facet normal 0.38268343 0.92387953 0
    outer loop
      vertex -14.664413 -4.4675909 1.2
      vertex -14.867376 -4.3835209 1.2
      vertex -14.867376 -4.3835209 1.32
    endloop
  endfacet
  facet normal 0.38268343 0.92387953 -0
    outer loop
      vertex -14.664413 -4.4675909 1.2
      vertex -14.867376 -4.3835209 1.32
      vertex -14.664413 -4.4675909 1.32
    endloop
  endfacet
  facet normal 0 0 -1
    outer loop
      vertex -15.3 -5.715 1.2
      vertex -15.080992 -4.3322363 1.2
      vertex -14.867376 -4.3835209 1.2
    endloop
  endfacet
  facet normal 0 0 1
    outer loop
      vertex -15.3 -5.715 1.32
      vertex -14.867376 -4.3835209 1.32
      vertex -15.080992 -4.3322363 1.32
    endloop
  endfacet
  facet normal 0.23344536 0.97236992 0
    outer loop
      vertex -14.867376 -4.3835209 1.2
      vertex -15.080992 -4.3322363 1.2
      vertex -15.080992 -4.3322363 1.32
    endloop
  endfacet
  facet normal 0.23344536 0.97236992 -0
    outer loop
      vertex -14.867376 -4.3835209 1.2
      vertex -15.080992 -4.3322363 1.32
      vertex -14.867376 -4.3835209 1.32
    endloop
  endfacet
  facet normal 0 0 -1
    outer loop
      vertex -15.3 -5.715 1.2
      vertex -15.3 -4.315 1.2
      vertex -15.080992 -4.3322363 1.2
    endloop
  endfacet
  facet normal 0 0 1
    outer loop
      vertex -15.3 -5.715 1.32
      vertex -15.080992 -4.3322363 1.32
      vertex -15.3 -4.315 1.32
    endloop
  endfacet
  facet normal 0.078459096 0.99691733 0
    outer loop
      vertex -15.080992 -4.3322363 1.2
      vertex -15.3 -4.315 1.2
      vertex -15.3 -4.315 1.32
    endloop
  endfacet
  facet normal 0.078459096 0.99691733 -0
    outer loop
      vertex -15.080992 -4.3322363 1.2
      vertex -15.3 -4.315 1.32
      vertex -15.080992 -4.3322363 1.32
    endloop
  endfacet
  facet normal 0 0 -1
    outer loop
      vertex -15.3 -5.715 1.2
      vertex -15.519008 -4.3322363 1.2
      vertex -15.3 -4.315 1.2
    endloop
  endfacet
  facet normal 0 -0 1
    outer loop
      vertex -15.3 -5.715 1.32
      vertex -15.3 -4.315 1.32
      vertex -15.519008 -4.3322363 1.32
    endloop
  endfacet
  facet normal -0.078459096 0.99691733 0
    outer loop
      vertex -15.3 -4.315 1.2
      vertex -15.519008 -4.3322363 1.2
      vertex -15.519008 -4.3322363 1.32
    endloop
  endfacet
  facet normal -0.078459096 0.99691733 0
    outer loop
      vertex -15.3 -4.315 1.2
      vertex -15.519008 -4.3322363 1.32
      vertex -15.3 -4.315 1.32
    endloop
  endfacet
  facet normal 0 0 -1
    outer loop
      vertex -15.3 -5.715 1.2
      vertex -15.732624 -4.3835209 1.2
      vertex -15.519008 -4.3322363 1.2
    endloop
  endfacet
  facet normal 0 0 1
    outer loop
      vertex -15.3 -5.715 1.32
      vertex -15.519008 -4.3322363 1.32
      vertex -15.732624 -4.3835209 1.32
    endloop
  endfacet
  facet normal -0.23344536 0.97236992 0
    outer loop
      vertex -15.519008 -4.3322363 1.2
      vertex -15.732624 -4.3835209 1.2
      vertex -15.732624 -4.3835209 1.32
    endloop
  endfacet
  facet normal -0.23344536 0.97236992 0
    outer loop
      vertex -15.519008 -4.3322363 1.2
      vertex -15.732624 -4.3835209 1.32
      vertex -15.519008 -4.3322363 1.32
    endloop
  endfacet
  facet normal 0 0 -1
    outer loop
      vertex -15.3 -5.715 1.2
      vertex -15.935587 -4.4675909 1.2
      vertex -15.732624 -4.3835209 1.2
    endloop
  endfacet
  facet normal 0 0 1
    outer loop
      vertex -15.3 -5.715 1.32
      vertex -15.732624 -4.3835209 1.32
      vertex -15.935587 -4.4675909 1.32
    endloop
  endfacet
  facet normal -0.38268343 0.92387953 0
    outer loop
      vertex -15.732624 -4.3835209 1.2
      vertex -15.935587 -4.4675909 1.2
      vertex -15.935587 -4.4675909 1.32
    endloop
  endfacet
  facet normal -0.38268343 0.92387953 0
    outer loop
      vertex -15.732624 -4.3835209 1.2
      vertex -15.935587 -4.4675909 1.32
      vertex -15.732624 -4.3835209 1.32
    endloop
  endfacet
  facet normal 0 0 -1
    outer loop
      vertex -15.3 -5.715 1.2
      vertex -16.122899 -4.5823762 1.2
      vertex -15.935587 -4.4675909 1.2
    endloop
  endfacet
  facet normal 0 0 1
    outer loop
      vertex -15.3 -5.715 1.32
      vertex -15.935587 -4.4675909 1.32
      vertex -16.122899 -4.5823762 1.32
    endloop
  endfacet
  facet normal -0.52249856 0.85264016 0
    outer loop
      vertex -15.935587 -4.4675909 1.2
      vertex -16.122899 -4.5823762 1.2
      vertex -16.122899 -4.5823762 1.32
    endloop
  endfacet
  facet normal -0.52249856 0.85264016 0
    outer loop
      vertex -15.935587 -4.4675909 1.2
      vertex -16.122899 -4.5823762 1.32
      vertex -15.935587 -4.4675909 1.32
    endloop
  endfacet
  facet normal 0 0 -1
    outer loop
      vertex -15.3 -5.715 1.2
      vertex -16.289949 -4.7250505 1.2
      vertex -16.122899 -4.5823762 1.2
    endloop
  endfacet
  facet normal 0 0 1
    outer loop
      vertex -15.3 -5.715 1.32
      vertex -16.122899 -4.5823762 1.32
      vertex -16.289949 -4.7250505 1.32
    endloop
  endfacet
  facet normal -0.64944805 0.76040597 0
    outer loop
      vertex -16.122899 -4.5823762 1.2
      vertex -16.289949 -4.7250505 1.2
      vertex -16.289949 -4.7250505 1.32
    endloop
  endfacet
  facet normal -0.64944805 0.76040597 0
    outer loop
      vertex -16.122899 -4.5823762 1.2
      vertex -16.289949 -4.7250505 1.32
      vertex -16.122899 -4.5823762 1.32
    endloop
  endfacet
  facet normal 0 0 -1
    outer loop
      vertex -15.3 -5.715 1.2
      vertex -16.432624 -4.8921006 1.2
      vertex -16.289949 -4.7250505 1.2
    endloop
  endfacet
  facet normal 0 0 1
    outer loop
      vertex -15.3 -5.715 1.32
      vertex -16.289949 -4.7250505 1.32
      vertex -16.432624 -4.8921006 1.32
    endloop
  endfacet
  facet normal -0.76040597 0.64944805 0
    outer loop
      vertex -16.289949 -4.7250505 1.2
      vertex -16.432624 -4.8921006 1.2
      vertex -16.432624 -4.8921006 1.32
    endloop
  endfacet
  facet normal -0.76040597 0.64944805 0
    outer loop
      vertex -16.289949 -4.7250505 1.2
      vertex -16.432624 -4.8921006 1.32
      vertex -16.289949 -4.7250505 1.32
    endloop
  endfacet
  facet normal 0 0 -1
    outer loop
      vertex -15.3 -5.715 1.2
      vertex -16.547409 -5.0794133 1.2
      vertex -16.432624 -4.8921006 1.2
    endloop
  endfacet
  facet normal 0 0 1
    outer loop
      vertex -15.3 -5.715 1.32
      vertex -16.432624 -4.8921006 1.32
      vertex -16.547409 -5.0794133 1.32
    endloop
  endfacet
  facet normal -0.85264016 0.52249856 0
    outer loop
      vertex -16.432624 -4.8921006 1.2
      vertex -16.547409 -5.0794133 1.2
      vertex -16.547409 -5.0794133 1.32
    endloop
  endfacet
  facet normal -0.85264016 0.52249856 0
    outer loop
      vertex -16.432624 -4.8921006 1.2
      vertex -16.547409 -5.0794133 1.32
      vertex -16.432624 -4.8921006 1.32
    endloop
  endfacet
  facet normal 0 0 -1
    outer loop
      vertex -15.3 -5.715 1.2
      vertex -16.631479 -5.2823762 1.2
      vertex -16.547409 -5.0794133 1.2
    endloop
  endfacet
  facet normal 0 0 1
    outer loop
      vertex -15.3 -5.715 1.32
      vertex -16.547409 -5.0794133 1.32
      vertex -16.631479 -5.2823762 1.32
    endloop
  endfacet
  facet normal -0.92387953 0.38268343 0
    outer loop
      vertex -16.547409 -5.0794133 1.2
      vertex -16.631479 -5.2823762 1.2
      vertex -16.631479 -5.2823762 1.32
    endloop
  endfacet
  facet normal -0.92387953 0.38268343 0
    outer loop
      vertex -16.547409 -5.0794133 1.2
      vertex -16.631479 -5.2823762 1.32
      vertex -16.547409 -5.0794133 1.32
    endloop
  endfacet
  facet normal 0 0 -1
    outer loop
      vertex -15.3 -5.715 1.2
      vertex -16.682764 -5.4959917 1.2
      vertex -16.631479 -5.2823762 1.2
    endloop
  endfacet
  facet normal 0 0 1
    outer loop
      vertex -15.3 -5.715 1.32
      vertex -16.631479 -5.2823762 1.32
      vertex -16.682764 -5.4959917 1.32
    endloop
  endfacet
  facet normal -0.97236992 0.23344536 0
    outer loop
      vertex -16.631479 -5.2823762 1.2
      vertex -16.682764 -5.4959917 1.2
      vertex -16.682764 -5.4959917 1.32
    endloop
  endfacet
  facet normal -0.97236992 0.23344536 0
    outer loop
      vertex -16.631479 -5.2823762 1.2
      vertex -16.682764 -5.4959917 1.32
      vertex -16.631479 -5.2823762 1.32
    endloop
  endfacet
  facet normal 0 0 -1
    outer loop
      vertex -15.3 -5.715 1.2
      vertex -16.7 -5.715 1.2
      vertex -16.682764 -5.4959917 1.2
    endloop
  endfacet
  facet normal 0 0 1
    outer loop
      vertex -15.3 -5.715 1.32
      vertex -16.682764 -5.4959917 1.32
      vertex -16.7 -5.715 1.32
    endloop
  endfacet
  facet normal -0.99691733 0.078459096 0
    outer loop
      vertex -16.682764 -5.4959917 1.2
      vertex -16.7 -5.715 1.2
      vertex -16.7 -5.715 1.32
    endloop
  endfacet
  facet normal -0.99691733 0.078459096 0
    outer loop
      vertex -16.682764 -5.4959917 1.2
      vertex -16.7 -5.715 1.32
      vertex -16.682764 -5.4959917 1.32
    endloop
  endfacet
  facet normal -0 0 -1
    outer loop
      vertex -15.3 -5.715 1.2
      vertex -16.682764 -5.9340083 1.2
      vertex -16.7 -5.715 1.2
    endloop
  endfacet
  facet normal 0 0 1
    outer loop
      vertex -15.3 -5.715 1.32
      vertex -16.7 -5.715 1.32
      vertex -16.682764 -5.9340083 1.32
    endloop
  endfacet
  facet normal -0.99691733 -0.078459096 0
    outer loop
      vertex -16.7 -5.715 1.2
      vertex -16.682764 -5.9340083 1.2
      vertex -16.682764 -5.9340083 1.32
    endloop
  endfacet
  facet normal -0.99691733 -0.078459096 0
    outer loop
      vertex -16.7 -5.715 1.2
      vertex -16.682764 -5.9340083 1.32
      vertex -16.7 -5.715 1.32
    endloop
  endfacet
  facet normal 0 0 -1
    outer loop
      vertex -15.3 -5.715 1.2
      vertex -16.631479 -6.1476238 1.2
      vertex -16.682764 -5.9340083 1.2
    endloop
  endfacet
  facet normal 0 0 1
    outer loop
      vertex -15.3 -5.715 1.32
      vertex -16.682764 -5.9340083 1.32
      vertex -16.631479 -6.1476238 1.32
    endloop
  endfacet
  facet normal -0.97236992 -0.23344536 0
    outer loop
      vertex -16.682764 -5.9340083 1.2
      vertex -16.631479 -6.1476238 1.2
      vertex -16.631479 -6.1476238 1.32
    endloop
  endfacet
  facet normal -0.97236992 -0.23344536 0
    outer loop
      vertex -16.682764 -5.9340083 1.2
      vertex -16.631479 -6.1476238 1.32
      vertex -16.682764 -5.9340083 1.32
    endloop
  endfacet
  facet normal 0 0 -1
    outer loop
      vertex -15.3 -5.715 1.2
      vertex -16.547409 -6.3505867 1.2
      vertex -16.631479 -6.1476238 1.2
    endloop
  endfacet
  facet normal 0 0 1
    outer loop
      vertex -15.3 -5.715 1.32
      vertex -16.631479 -6.1476238 1.32
      vertex -16.547409 -6.3505867 1.32
    endloop
  endfacet
  facet normal -0.92387953 -0.38268343 0
    outer loop
      vertex -16.631479 -6.1476238 1.2
      vertex -16.547409 -6.3505867 1.2
      vertex -16.547409 -6.3505867 1.32
    endloop
  endfacet
  facet normal -0.92387953 -0.38268343 0
    outer loop
      vertex -16.631479 -6.1476238 1.2
      vertex -16.547409 -6.3505867 1.32
      vertex -16.631479 -6.1476238 1.32
    endloop
  endfacet
  facet normal 0 0 -1
    outer loop
      vertex -15.3 -5.715 1.2
      vertex -16.432624 -6.5378994 1.2
      vertex -16.547409 -6.3505867 1.2
    endloop
  endfacet
  facet normal 0 0 1
    outer loop
      vertex -15.3 -5.715 1.32
      vertex -16.547409 -6.3505867 1.32
      vertex -16.432624 -6.5378994 1.32
    endloop
  endfacet
  facet normal -0.85264016 -0.52249856 0
    outer loop
      vertex -16.547409 -6.3505867 1.2
      vertex -16.432624 -6.5378994 1.2
      vertex -16.432624 -6.5378994 1.32
    endloop
  endfacet
  facet normal -0.85264016 -0.52249856 0
    outer loop
      vertex -16.547409 -6.3505867 1.2
      vertex -16.432624 -6.5378994 1.32
      vertex -16.547409 -6.3505867 1.32
    endloop
  endfacet
  facet normal 0 0 -1
    outer loop
      vertex -15.3 -5.715 1.2
      vertex -16.289949 -6.7049495 1.2
      vertex -16.432624 -6.5378994 1.2
    endloop
  endfacet
  facet normal 0 0 1
    outer loop
      vertex -15.3 -5.715 1.32
      vertex -16.432624 -6.5378994 1.32
      vertex -16.289949 -6.7049495 1.32
    endloop
  endfacet
  facet normal -0.76040597 -0.64944805 0
    outer loop
      vertex -16.432624 -6.5378994 1.2
      vertex -16.289949 -6.7049495 1.2
      vertex -16.289949 -6.7049495 1.32
    endloop
  endfacet
  facet normal -0.76040597 -0.64944805 0
    outer loop
      vertex -16.432624 -6.5378994 1.2
      vertex -16.289949 -6.7049495 1.32
      vertex -16.432624 -6.5378994 1.32
    endloop
  endfacet
  facet normal 0 0 -1
    outer loop
      vertex -15.3 -5.715 1.2
      vertex -16.122899 -6.8476238 1.2
      vertex -16.289949 -6.7049495 1.2
    endloop
  endfacet
  facet normal 0 0 1
    outer loop
      vertex -15.3 -5.715 1.32
      vertex -16.289949 -6.7049495 1.32
      vertex -16.122899 -6.8476238 1.32
    endloop
  endfacet
  facet normal -0.64944805 -0.76040597 0
    outer loop
      vertex -16.289949 -6.7049495 1.2
      vertex -16.122899 -6.8476238 1.2
      vertex -16.122899 -6.8476238 1.32
    endloop
  endfacet
  facet normal -0.64944805 -0.76040597 0
    outer loop
      vertex -16.289949 -6.7049495 1.2
      vertex -16.122899 -6.8476238 1.32
      vertex -16.289949 -6.7049495 1.32
    endloop
  endfacet
  facet normal 0 0 -1
    outer loop
      vertex -15.3 -5.715 1.2
      vertex -15.935587 -6.9624091 1.2
      vertex -16.122899 -6.8476238 1.2
    endloop
  endfacet
  facet normal 0 0 1
    outer loop
      vertex -15.3 -5.715 1.32
      vertex -16.122899 -6.8476238 1.32
      vertex -15.935587 -6.9624091 1.32
    endloop
  endfacet
  facet normal -0.52249856 -0.85264016 0
    outer loop
      vertex -16.122899 -6.8476238 1.2
      vertex -15.935587 -6.9624091 1.2
      vertex -15.935587 -6.9624091 1.32
    endloop
  endfacet
  facet normal -0.52249856 -0.85264016 0
    outer loop
      vertex -16.122899 -6.8476238 1.2
      vertex -15.935587 -6.9624091 1.32
      vertex -16.122899 -6.8476238 1.32
    endloop
  endfacet
  facet normal 0 0 -1
    outer loop
      vertex -15.3 -5.715 1.2
      vertex -15.732624 -7.0464791 1.2
      vertex -15.935587 -6.9624091 1.2
    endloop
  endfacet
  facet normal 0 0 1
    outer loop
      vertex -15.3 -5.715 1.32
      vertex -15.935587 -6.9624091 1.32
      vertex -15.732624 -7.0464791 1.32
    endloop
  endfacet
  facet normal -0.38268343 -0.92387953 0
    outer loop
      vertex -15.935587 -6.9624091 1.2
      vertex -15.732624 -7.0464791 1.2
      vertex -15.732624 -7.0464791 1.32
    endloop
  endfacet
  facet normal -0.38268343 -0.92387953 0
    outer loop
      vertex -15.935587 -6.9624091 1.2
      vertex -15.732624 -7.0464791 1.32
      vertex -15.935587 -6.9624091 1.32
    endloop
  endfacet
  facet normal 0 0 -1
    outer loop
      vertex -15.3 -5.715 1.2
      vertex -15.519008 -7.0977637 1.2
      vertex -15.732624 -7.0464791 1.2
    endloop
  endfacet
  facet normal 0 0 1
    outer loop
      vertex -15.3 -5.715 1.32
      vertex -15.732624 -7.0464791 1.32
      vertex -15.519008 -7.0977637 1.32
    endloop
  endfacet
  facet normal -0.23344536 -0.97236992 0
    outer loop
      vertex -15.732624 -7.0464791 1.2
      vertex -15.519008 -7.0977637 1.2
      vertex -15.519008 -7.0977637 1.32
    endloop
  endfacet
  facet normal -0.23344536 -0.97236992 0
    outer loop
      vertex -15.732624 -7.0464791 1.2
      vertex -15.519008 -7.0977637 1.32
      vertex -15.732624 -7.0464791 1.32
    endloop
  endfacet
  facet normal 0 -0 -1
    outer loop
      vertex -15.3 -5.715 1.2
      vertex -15.3 -7.115 1.2
      vertex -15.519008 -7.0977637 1.2
    endloop
  endfacet
  facet normal 0 0 1
    outer loop
      vertex -15.3 -5.715 1.32
      vertex -15.519008 -7.0977637 1.32
      vertex -15.3 -7.115 1.32
    endloop
  endfacet
  facet normal -0.078459096 -0.99691733 0
    outer loop
      vertex -15.519008 -7.0977637 1.2
      vertex -15.3 -7.115 1.2
      vertex -15.3 -7.115 1.32
    endloop
  endfacet
  facet normal -0.078459096 -0.99691733 0
    outer loop
      vertex -15.519008 -7.0977637 1.2
      vertex -15.3 -7.115 1.32
      vertex -15.519008 -7.0977637 1.32
    endloop
  endfacet
  facet normal 0 0 -1
    outer loop
      vertex -15.3 -5.715 1.2
      vertex -15.080992 -7.0977637 1.2
      vertex -15.3 -7.115 1.2
    endloop
  endfacet
  facet normal 0 0 1
    outer loop
      vertex -15.3 -5.715 1.32
      vertex -15.3 -7.115 1.32
      vertex -15.080992 -7.0977637 1.32
    endloop
  endfacet
  facet normal 0.078459096 -0.99691733 0
    outer loop
      vertex -15.3 -7.115 1.2
      vertex -15.080992 -7.0977637 1.2
      vertex -15.080992 -7.0977637 1.32
    endloop
  endfacet
  facet normal 0.078459096 -0.99691733 0
    outer loop
      vertex -15.3 -7.115 1.2
      vertex -15.080992 -7.0977637 1.32
      vertex -15.3 -7.115 1.32
    endloop
  endfacet
  facet normal 0 0 -1
    outer loop
      vertex -15.3 -5.715 1.2
      vertex -14.867376 -7.0464791 1.2
      vertex -15.080992 -7.0977637 1.2
    endloop
  endfacet
  facet normal 0 0 1
    outer loop
      vertex -15.3 -5.715 1.32
      vertex -15.080992 -7.0977637 1.32
      vertex -14.867376 -7.0464791 1.32
    endloop
  endfacet
  facet normal 0.23344536 -0.97236992 0
    outer loop
      vertex -15.080992 -7.0977637 1.2
      vertex -14.867376 -7.0464791 1.2
      vertex -14.867376 -7.0464791 1.32
    endloop
  endfacet
  facet normal 0.23344536 -0.97236992 0
    outer loop
      vertex -15.080992 -7.0977637 1.2
      vertex -14.867376 -7.0464791 1.32
      vertex -15.080992 -7.0977637 1.32
    endloop
  endfacet
  facet normal 0 0 -1
    outer loop
      vertex -15.3 -5.715 1.2
      vertex -14.664413 -6.9624091 1.2
      vertex -14.867376 -7.0464791 1.2
    endloop
  endfacet
  facet normal 0 0 1
    outer loop
      vertex -15.3 -5.715 1.32
      vertex -14.867376 -7.0464791 1.32
      vertex -14.664413 -6.9624091 1.32
    endloop
  endfacet
  facet normal 0.38268343 -0.92387953 0
    outer loop
      vertex -14.867376 -7.0464791 1.2
      vertex -14.664413 -6.9624091 1.2
      vertex -14.664413 -6.9624091 1.32
    endloop
  endfacet
  facet normal 0.38268343 -0.92387953 0
    outer loop
      vertex -14.867376 -7.0464791 1.2
      vertex -14.664413 -6.9624091 1.32
      vertex -14.867376 -7.0464791 1.32
    endloop
  endfacet
  facet normal 0 0 -1
    outer loop
      vertex -15.3 -5.715 1.2
      vertex -14.477101 -6.8476238 1.2
      vertex -14.664413 -6.9624091 1.2
    endloop
  endfacet
  facet normal 0 0 1
    outer loop
      vertex -15.3 -5.715 1.32
      vertex -14.664413 -6.9624091 1.32
      vertex -14.477101 -6.8476238 1.32
    endloop
  endfacet
  facet normal 0.52249856 -0.85264016 0
    outer loop
      vertex -14.664413 -6.9624091 1.2
      vertex -14.477101 -6.8476238 1.2
      vertex -14.477101 -6.8476238 1.32
    endloop
  endfacet
  facet normal 0.52249856 -0.85264016 0
    outer loop
      vertex -14.664413 -6.9624091 1.2
      vertex -14.477101 -6.8476238 1.32
      vertex -14.664413 -6.9624091 1.32
    endloop
  endfacet
  facet normal 0 0 -1
    outer loop
      vertex -15.3 -5.715 1.2
      vertex -14.310051 -6.7049495 1.2
      vertex -14.477101 -6.8476238 1.2
    endloop
  endfacet
  facet normal 0 0 1
    outer loop
      vertex -15.3 -5.715 1.32
      vertex -14.477101 -6.8476238 1.32
      vertex -14.310051 -6.7049495 1.32
    endloop
  endfacet
  facet normal 0.64944805 -0.76040597 0
    outer loop
      vertex -14.477101 -6.8476238 1.2
      vertex -14.310051 -6.7049495 1.2
      vertex -14.310051 -6.7049495 1.32
    endloop
  endfacet
  facet normal 0.64944805 -0.76040597 0
    outer loop
      vertex -14.477101 -6.8476238 1.2
      vertex -14.310051 -6.7049495 1.32
      vertex -14.477101 -6.8476238 1.32
    endloop
  endfacet
  facet normal 0 0 -1
    outer loop
      vertex -15.3 -5.715 1.2
      vertex -14.167376 -6.5378994 1.2
      vertex -14.310051 -6.7049495 1.2
    endloop
  endfacet
  facet normal 0 0 1
    outer loop
      vertex -15.3 -5.715 1.32
      vertex -14.310051 -6.7049495 1.32
      vertex -14.167376 -6.5378994 1.32
    endloop
  endfacet
  facet normal 0.76040597 -0.64944805 0
    outer loop
      vertex -14.310051 -6.7049495 1.2
      vertex -14.167376 -6.5378994 1.2
      vertex -14.167376 -6.5378994 1.32
    endloop
  endfacet
  facet normal 0.76040597 -0.64944805 0
    outer loop
      vertex -14.310051 -6.7049495 1.2
      vertex -14.167376 -6.5378994 1.32
      vertex -14.310051 -6.7049495 1.32
    endloop
  endfacet
  facet normal 0 0 -1
    outer loop
      vertex -15.3 -5.715 1.2
      vertex -14.052591 -6.3505867 1.2
      vertex -14.167376 -6.5378994 1.2
    endloop
  endfacet
  facet normal 0 0 1
    outer loop
      vertex -15.3 -5.715 1.32
      vertex -14.167376 -6.5378994 1.32
      vertex -14.052591 -6.3505867 1.32
    endloop
  endfacet
  facet normal 0.85264016 -0.52249856 0
    outer loop
      vertex -14.167376 -6.5378994 1.2
      vertex -14.052591 -6.3505867 1.2
      vertex -14.052591 -6.3505867 1.32
    endloop
  endfacet
  facet normal 0.85264016 -0.52249856 0
    outer loop
      vertex -14.167376 -6.5378994 1.2
      vertex -14.052591 -6.3505867 1.32
      vertex -14.167376 -6.5378994 1.32
    endloop
  endfacet
  facet normal 0 0 -1
    outer loop
      vertex -15.3 -5.715 1.2
      vertex -13.968521 -6.1476238 1.2
      vertex -14.052591 -6.3505867 1.2
    endloop
  endfacet
  facet normal 0 0 1
    outer loop
      vertex -15.3 -5.715 1.32
      vertex -14.052591 -6.3505867 1.32
      vertex -13.968521 -6.1476238 1.32
    endloop
  endfacet
  facet normal 0.92387953 -0.38268343 0
    outer loop
      vertex -14.052591 -6.3505867 1.2
      vertex -13.968521 -6.1476238 1.2
      vertex -13.968521 -6.1476238 1.32
    endloop
  endfacet
  facet normal 0.92387953 -0.38268343 0
    outer loop
      vertex -14.052591 -6.3505867 1.2
      vertex -13.968521 -6.1476238 1.32
      vertex -14.052591 -6.3505867 1.32
    endloop
  endfacet
  facet normal 0 0 -1
    outer loop
      vertex -15.3 -5.715 1.2
      vertex -13.917236 -5.9340083 1.2
      vertex -13.968521 -6.1476238 1.2
    endloop
  endfacet
  facet normal 0 0 1
    outer loop
      vertex -15.3 -5.715 1.32
      vertex -13.968521 -6.1476238 1.32
      vertex -13.917236 -5.9340083 1.32
    endloop
  endfacet
  facet normal 0.97236992 -0.23344536 0
    outer loop
      vertex -13.968521 -6.1476238 1.2
      vertex -13.917236 -5.9340083 1.2
      vertex -13.917236 -5.9340083 1.32
    endloop
  endfacet
  facet normal 0.97236992 -0.23344536 0
    outer loop
      vertex -13.968521 -6.1476238 1.2
      vertex -13.917236 -5.9340083 1.32
      vertex -13.968521 -6.1476238 1.32
    endloop
  endfacet
  facet normal 0 0 -1
    outer loop
      vertex -15.3 -5.715 1.2
      vertex -13.9 -5.715 1.2
      vertex -13.917236 -5.9340083 1.2
    endloop
  endfacet
  facet normal -0 0 1
    outer loop
      vertex -15.3 -5.715 1.32
      vertex -13.917236 -5.9340083 1.32
      vertex -13.9 -5.715 1.32
    endloop
  endfacet
  facet normal 0.99691733 -0.078459096 0
    outer loop
      vertex -13.917236 -5.9340083 1.2
      vertex -13.9 -5.715 1.2
      vertex -13.9 -5.715 1.32
    endloop
  endfacet
  facet normal 0.99691733 -0.078459096 0
    outer loop
      vertex -13.917236 -5.9340083 1.2
      vertex -13.9 -5.715 1.32
      vertex -13.917236 -5.9340083 1.32
    endloop
  endfacet
  facet normal 0 0 -1
    outer loop
      vertex -15.3 -5.715 1.31
      vertex -14.756771 -5.628961 1.31
      vertex -14.75 -5.715 1.31
    endloop
  endfacet
  facet normal 0 0 1
    outer loop
      vertex -15.3 -5.715 1.34
      vertex -14.75 -5.715 1.34
      vertex -14.756771 -5.628961 1.34
    endloop
  endfacet
  facet normal 0.99691733 0.078459096 0
    outer loop
      vertex -14.75 -5.715 1.31
      vertex -14.756771 -5.628961 1.31
      vertex -14.756771 -5.628961 1.34
    endloop
  endfacet
  facet normal 0.99691733 0.078459096 -0
    outer loop
      vertex -14.75 -5.715 1.31
      vertex -14.756771 -5.628961 1.34
      vertex -14.75 -5.715 1.34
    endloop
  endfacet
  facet normal 0 0 -1
    outer loop
      vertex -15.3 -5.715 1.31
      vertex -14.776919 -5.5450407 1.31
      vertex -14.756771 -5.628961 1.31
    endloop
  endfacet
  facet normal 0 0 1
    outer loop
      vertex -15.3 -5.715 1.34
      vertex -14.756771 -5.628961 1.34
      vertex -14.776919 -5.5450407 1.34
    endloop
  endfacet
  facet normal 0.97236992 0.23344536 0
    outer loop
      vertex -14.756771 -5.628961 1.31
      vertex -14.776919 -5.5450407 1.31
      vertex -14.776919 -5.5450407 1.34
    endloop
  endfacet
  facet normal 0.97236992 0.23344536 -0
    outer loop
      vertex -14.756771 -5.628961 1.31
      vertex -14.776919 -5.5450407 1.34
      vertex -14.756771 -5.628961 1.34
    endloop
  endfacet
  facet normal 0 0 -1
    outer loop
      vertex -15.3 -5.715 1.31
      vertex -14.809946 -5.4653052 1.31
      vertex -14.776919 -5.5450407 1.31
    endloop
  endfacet
  facet normal 0 0 1
    outer loop
      vertex -15.3 -5.715 1.34
      vertex -14.776919 -5.5450407 1.34
      vertex -14.809946 -5.4653052 1.34
    endloop
  endfacet
  facet normal 0.92387953 0.38268343 0
    outer loop
      vertex -14.776919 -5.5450407 1.31
      vertex -14.809946 -5.4653052 1.31
      vertex -14.809946 -5.4653052 1.34
    endloop
  endfacet
  facet normal 0.92387953 0.38268343 -0
    outer loop
      vertex -14.776919 -5.5450407 1.31
      vertex -14.809946 -5.4653052 1.34
      vertex -14.776919 -5.5450407 1.34
    endloop
  endfacet
  facet normal 0 0 -1
    outer loop
      vertex -15.3 -5.715 1.31
      vertex -14.855041 -5.3917181 1.31
      vertex -14.809946 -5.4653052 1.31
    endloop
  endfacet
  facet normal 0 0 1
    outer loop
      vertex -15.3 -5.715 1.34
      vertex -14.809946 -5.4653052 1.34
      vertex -14.855041 -5.3917181 1.34
    endloop
  endfacet
  facet normal 0.85264016 0.52249856 0
    outer loop
      vertex -14.809946 -5.4653052 1.31
      vertex -14.855041 -5.3917181 1.31
      vertex -14.855041 -5.3917181 1.34
    endloop
  endfacet
  facet normal 0.85264016 0.52249856 -0
    outer loop
      vertex -14.809946 -5.4653052 1.31
      vertex -14.855041 -5.3917181 1.34
      vertex -14.809946 -5.4653052 1.34
    endloop
  endfacet
  facet normal 0 0 -1
    outer loop
      vertex -15.3 -5.715 1.31
      vertex -14.911091 -5.3260913 1.31
      vertex -14.855041 -5.3917181 1.31
    endloop
  endfacet
  facet normal 0 0 1
    outer loop
      vertex -15.3 -5.715 1.34
      vertex -14.855041 -5.3917181 1.34
      vertex -14.911091 -5.3260913 1.34
    endloop
  endfacet
  facet normal 0.76040597 0.64944805 0
    outer loop
      vertex -14.855041 -5.3917181 1.31
      vertex -14.911091 -5.3260913 1.31
      vertex -14.911091 -5.3260913 1.34
    endloop
  endfacet
  facet normal 0.76040597 0.64944805 -0
    outer loop
      vertex -14.855041 -5.3917181 1.31
      vertex -14.911091 -5.3260913 1.34
      vertex -14.855041 -5.3917181 1.34
    endloop
  endfacet
  facet normal 0 0 -1
    outer loop
      vertex -15.3 -5.715 1.31
      vertex -14.976718 -5.2700407 1.31
      vertex -14.911091 -5.3260913 1.31
    endloop
  endfacet
  facet normal 0 0 1
    outer loop
      vertex -15.3 -5.715 1.34
      vertex -14.911091 -5.3260913 1.34
      vertex -14.976718 -5.2700407 1.34
    endloop
  endfacet
  facet normal 0.64944805 0.76040597 0
    outer loop
      vertex -14.911091 -5.3260913 1.31
      vertex -14.976718 -5.2700407 1.31
      vertex -14.976718 -5.2700407 1.34
    endloop
  endfacet
  facet normal 0.64944805 0.76040597 -0
    outer loop
      vertex -14.911091 -5.3260913 1.31
      vertex -14.976718 -5.2700407 1.34
      vertex -14.911091 -5.3260913 1.34
    endloop
  endfacet
  facet normal 0 0 -1
    outer loop
      vertex -15.3 -5.715 1.31
      vertex -15.050305 -5.2249464 1.31
      vertex -14.976718 -5.2700407 1.31
    endloop
  endfacet
  facet normal 0 0 1
    outer loop
      vertex -15.3 -5.715 1.34
      vertex -14.976718 -5.2700407 1.34
      vertex -15.050305 -5.2249464 1.34
    endloop
  endfacet
  facet normal 0.52249856 0.85264016 0
    outer loop
      vertex -14.976718 -5.2700407 1.31
      vertex -15.050305 -5.2249464 1.31
      vertex -15.050305 -5.2249464 1.34
    endloop
  endfacet
  facet normal 0.52249856 0.85264016 -0
    outer loop
      vertex -14.976718 -5.2700407 1.31
      vertex -15.050305 -5.2249464 1.34
      vertex -14.976718 -5.2700407 1.34
    endloop
  endfacet
  facet normal 0 0 -1
    outer loop
      vertex -15.3 -5.715 1.31
      vertex -15.130041 -5.1919189 1.31
      vertex -15.050305 -5.2249464 1.31
    endloop
  endfacet
  facet normal 0 0 1
    outer loop
      vertex -15.3 -5.715 1.34
      vertex -15.050305 -5.2249464 1.34
      vertex -15.130041 -5.1919189 1.34
    endloop
  endfacet
  facet normal 0.38268343 0.92387953 0
    outer loop
      vertex -15.050305 -5.2249464 1.31
      vertex -15.130041 -5.1919189 1.31
      vertex -15.130041 -5.1919189 1.34
    endloop
  endfacet
  facet normal 0.38268343 0.92387953 -0
    outer loop
      vertex -15.050305 -5.2249464 1.31
      vertex -15.130041 -5.1919189 1.34
      vertex -15.050305 -5.2249464 1.34
    endloop
  endfacet
  facet normal 0 0 -1
    outer loop
      vertex -15.3 -5.715 1.31
      vertex -15.213961 -5.1717714 1.31
      vertex -15.130041 -5.1919189 1.31
    endloop
  endfacet
  facet normal 0 0 1
    outer loop
      vertex -15.3 -5.715 1.34
      vertex -15.130041 -5.1919189 1.34
      vertex -15.213961 -5.1717714 1.34
    endloop
  endfacet
  facet normal 0.23344536 0.97236992 0
    outer loop
      vertex -15.130041 -5.1919189 1.31
      vertex -15.213961 -5.1717714 1.31
      vertex -15.213961 -5.1717714 1.34
    endloop
  endfacet
  facet normal 0.23344536 0.97236992 -0
    outer loop
      vertex -15.130041 -5.1919189 1.31
      vertex -15.213961 -5.1717714 1.34
      vertex -15.130041 -5.1919189 1.34
    endloop
  endfacet
  facet normal 0 0 -1
    outer loop
      vertex -15.3 -5.715 1.31
      vertex -15.3 -5.165 1.31
      vertex -15.213961 -5.1717714 1.31
    endloop
  endfacet
  facet normal 0 0 1
    outer loop
      vertex -15.3 -5.715 1.34
      vertex -15.213961 -5.1717714 1.34
      vertex -15.3 -5.165 1.34
    endloop
  endfacet
  facet normal 0.078459096 0.99691733 0
    outer loop
      vertex -15.213961 -5.1717714 1.31
      vertex -15.3 -5.165 1.31
      vertex -15.3 -5.165 1.34
    endloop
  endfacet
  facet normal 0.078459096 0.99691733 -0
    outer loop
      vertex -15.213961 -5.1717714 1.31
      vertex -15.3 -5.165 1.34
      vertex -15.213961 -5.1717714 1.34
    endloop
  endfacet
  facet normal 0 0 -1
    outer loop
      vertex -15.3 -5.715 1.31
      vertex -15.386039 -5.1717714 1.31
      vertex -15.3 -5.165 1.31
    endloop
  endfacet
  facet normal 0 -0 1
    outer loop
      vertex -15.3 -5.715 1.34
      vertex -15.3 -5.165 1.34
      vertex -15.386039 -5.1717714 1.34
    endloop
  endfacet
  facet normal -0.078459096 0.99691733 0
    outer loop
      vertex -15.3 -5.165 1.31
      vertex -15.386039 -5.1717714 1.31
      vertex -15.386039 -5.1717714 1.34
    endloop
  endfacet
  facet normal -0.078459096 0.99691733 0
    outer loop
      vertex -15.3 -5.165 1.31
      vertex -15.386039 -5.1717714 1.34
      vertex -15.3 -5.165 1.34
    endloop
  endfacet
  facet normal 0 0 -1
    outer loop
      vertex -15.3 -5.715 1.31
      vertex -15.469959 -5.1919189 1.31
      vertex -15.386039 -5.1717714 1.31
    endloop
  endfacet
  facet normal 0 0 1
    outer loop
      vertex -15.3 -5.715 1.34
      vertex -15.386039 -5.1717714 1.34
      vertex -15.469959 -5.1919189 1.34
    endloop
  endfacet
  facet normal -0.23344536 0.97236992 0
    outer loop
      vertex -15.386039 -5.1717714 1.31
      vertex -15.469959 -5.1919189 1.31
      vertex -15.469959 -5.1919189 1.34
    endloop
  endfacet
  facet normal -0.23344536 0.97236992 0
    outer loop
      vertex -15.386039 -5.1717714 1.31
      vertex -15.469959 -5.1919189 1.34
      vertex -15.386039 -5.1717714 1.34
    endloop
  endfacet
  facet normal 0 0 -1
    outer loop
      vertex -15.3 -5.715 1.31
      vertex -15.549695 -5.2249464 1.31
      vertex -15.469959 -5.1919189 1.31
    endloop
  endfacet
  facet normal 0 0 1
    outer loop
      vertex -15.3 -5.715 1.34
      vertex -15.469959 -5.1919189 1.34
      vertex -15.549695 -5.2249464 1.34
    endloop
  endfacet
  facet normal -0.38268343 0.92387953 0
    outer loop
      vertex -15.469959 -5.1919189 1.31
      vertex -15.549695 -5.2249464 1.31
      vertex -15.549695 -5.2249464 1.34
    endloop
  endfacet
  facet normal -0.38268343 0.92387953 0
    outer loop
      vertex -15.469959 -5.1919189 1.31
      vertex -15.549695 -5.2249464 1.34
      vertex -15.469959 -5.1919189 1.34
    endloop
  endfacet
  facet normal 0 0 -1
    outer loop
      vertex -15.3 -5.715 1.31
      vertex -15.623282 -5.2700407 1.31
      vertex -15.549695 -5.2249464 1.31
    endloop
  endfacet
  facet normal 0 0 1
    outer loop
      vertex -15.3 -5.715 1.34
      vertex -15.549695 -5.2249464 1.34
      vertex -15.623282 -5.2700407 1.34
    endloop
  endfacet
  facet normal -0.52249856 0.85264016 0
    outer loop
      vertex -15.549695 -5.2249464 1.31
      vertex -15.623282 -5.2700407 1.31
      vertex -15.623282 -5.2700407 1.34
    endloop
  endfacet
  facet normal -0.52249856 0.85264016 0
    outer loop
      vertex -15.549695 -5.2249464 1.31
      vertex -15.623282 -5.2700407 1.34
      vertex -15.549695 -5.2249464 1.34
    endloop
  endfacet
  facet normal 0 0 -1
    outer loop
      vertex -15.3 -5.715 1.31
      vertex -15.688909 -5.3260913 1.31
      vertex -15.623282 -5.2700407 1.31
    endloop
  endfacet
  facet normal 0 0 1
    outer loop
      vertex -15.3 -5.715 1.34
      vertex -15.623282 -5.2700407 1.34
      vertex -15.688909 -5.3260913 1.34
    endloop
  endfacet
  facet normal -0.64944805 0.76040597 0
    outer loop
      vertex -15.623282 -5.2700407 1.31
      vertex -15.688909 -5.3260913 1.31
      vertex -15.688909 -5.3260913 1.34
    endloop
  endfacet
  facet normal -0.64944805 0.76040597 0
    outer loop
      vertex -15.623282 -5.2700407 1.31
      vertex -15.688909 -5.3260913 1.34
      vertex -15.623282 -5.2700407 1.34
    endloop
  endfacet
  facet normal 0 0 -1
    outer loop
      vertex -15.3 -5.715 1.31
      vertex -15.744959 -5.3917181 1.31
      vertex -15.688909 -5.3260913 1.31
    endloop
  endfacet
  facet normal 0 0 1
    outer loop
      vertex -15.3 -5.715 1.34
      vertex -15.688909 -5.3260913 1.34
      vertex -15.744959 -5.3917181 1.34
    endloop
  endfacet
  facet normal -0.76040597 0.64944805 0
    outer loop
      vertex -15.688909 -5.3260913 1.31
      vertex -15.744959 -5.3917181 1.31
      vertex -15.744959 -5.3917181 1.34
    endloop
  endfacet
  facet normal -0.76040597 0.64944805 0
    outer loop
      vertex -15.688909 -5.3260913 1.31
      vertex -15.744959 -5.3917181 1.34
      vertex -15.688909 -5.3260913 1.34
    endloop
  endfacet
  facet normal 0 0 -1
    outer loop
      vertex -15.3 -5.715 1.31
      vertex -15.790054 -5.4653052 1.31
      vertex -15.744959 -5.3917181 1.31
    endloop
  endfacet
  facet normal 0 0 1
    outer loop
      vertex -15.3 -5.715 1.34
      vertex -15.744959 -5.3917181 1.34
      vertex -15.790054 -5.4653052 1.34
    endloop
  endfacet
  facet normal -0.85264016 0.52249856 0
    outer loop
      vertex -15.744959 -5.3917181 1.31
      vertex -15.790054 -5.4653052 1.31
      vertex -15.790054 -5.4653052 1.34
    endloop
  endfacet
  facet normal -0.85264016 0.52249856 0
    outer loop
      vertex -15.744959 -5.3917181 1.31
      vertex -15.790054 -5.4653052 1.34
      vertex -15.744959 -5.3917181 1.34
    endloop
  endfacet
  facet normal 0 0 -1
    outer loop
      vertex -15.3 -5.715 1.31
      vertex -15.823081 -5.5450407 1.31
      vertex -15.790054 -5.4653052 1.31
    endloop
  endfacet
  facet normal 0 0 1
    outer loop
      vertex -15.3 -5.715 1.34
      vertex -15.790054 -5.4653052 1.34
      vertex -15.823081 -5.5450407 1.34
    endloop
  endfacet
  facet normal -0.92387953 0.38268343 0
    outer loop
      vertex -15.790054 -5.4653052 1.31
      vertex -15.823081 -5.5450407 1.31
      vertex -15.823081 -5.5450407 1.34
    endloop
  endfacet
  facet normal -0.92387953 0.38268343 0
    outer loop
      vertex -15.790054 -5.4653052 1.31
      vertex -15.823081 -5.5450407 1.34
      vertex -15.790054 -5.4653052 1.34
    endloop
  endfacet
  facet normal 0 0 -1
    outer loop
      vertex -15.3 -5.715 1.31
      vertex -15.843229 -5.628961 1.31
      vertex -15.823081 -5.5450407 1.31
    endloop
  endfacet
  facet normal 0 0 1
    outer loop
      vertex -15.3 -5.715 1.34
      vertex -15.823081 -5.5450407 1.34
      vertex -15.843229 -5.628961 1.34
    endloop
  endfacet
  facet normal -0.97236992 0.23344536 0
    outer loop
      vertex -15.823081 -5.5450407 1.31
      vertex -15.843229 -5.628961 1.31
      vertex -15.843229 -5.628961 1.34
    endloop
  endfacet
  facet normal -0.97236992 0.23344536 0
    outer loop
      vertex -15.823081 -5.5450407 1.31
      vertex -15.843229 -5.628961 1.34
      vertex -15.823081 -5.5450407 1.34
    endloop
  endfacet
  facet normal 0 0 -1
    outer loop
      vertex -15.3 -5.715 1.31
      vertex -15.85 -5.715 1.31
      vertex -15.843229 -5.628961 1.31
    endloop
  endfacet
  facet normal 0 0 1
    outer loop
      vertex -15.3 -5.715 1.34
      vertex -15.843229 -5.628961 1.34
      vertex -15.85 -5.715 1.34
    endloop
  endfacet
  facet normal -0.99691733 0.078459096 0
    outer loop
      vertex -15.843229 -5.628961 1.31
      vertex -15.85 -5.715 1.31
      vertex -15.85 -5.715 1.34
    endloop
  endfacet
  facet normal -0.99691733 0.078459096 0
    outer loop
      vertex -15.843229 -5.628961 1.31
      vertex -15.85 -5.715 1.34
      vertex -15.843229 -5.628961 1.34
    endloop
  endfacet
  facet normal -0 0 -1
    outer loop
      vertex -15.3 -5.715 1.31
      vertex -15.843229 -5.801039 1.31
      vertex -15.85 -5.715 1.31
    endloop
  endfacet
  facet normal 0 0 1
    outer loop
      vertex -15.3 -5.715 1.34
      vertex -15.85 -5.715 1.34
      vertex -15.843229 -5.801039 1.34
    endloop
  endfacet
  facet normal -0.99691733 -0.078459096 0
    outer loop
      vertex -15.85 -5.715 1.31
      vertex -15.843229 -5.801039 1.31
      vertex -15.843229 -5.801039 1.34
    endloop
  endfacet
  facet normal -0.99691733 -0.078459096 0
    outer loop
      vertex -15.85 -5.715 1.31
      vertex -15.843229 -5.801039 1.34
      vertex -15.85 -5.715 1.34
    endloop
  endfacet
  facet normal 0 0 -1
    outer loop
      vertex -15.3 -5.715 1.31
      vertex -15.823081 -5.8849593 1.31
      vertex -15.843229 -5.801039 1.31
    endloop
  endfacet
  facet normal 0 0 1
    outer loop
      vertex -15.3 -5.715 1.34
      vertex -15.843229 -5.801039 1.34
      vertex -15.823081 -5.8849593 1.34
    endloop
  endfacet
  facet normal -0.97236992 -0.23344536 0
    outer loop
      vertex -15.843229 -5.801039 1.31
      vertex -15.823081 -5.8849593 1.31
      vertex -15.823081 -5.8849593 1.34
    endloop
  endfacet
  facet normal -0.97236992 -0.23344536 0
    outer loop
      vertex -15.843229 -5.801039 1.31
      vertex -15.823081 -5.8849593 1.34
      vertex -15.843229 -5.801039 1.34
    endloop
  endfacet
  facet normal 0 0 -1
    outer loop
      vertex -15.3 -5.715 1.31
      vertex -15.790054 -5.9646948 1.31
      vertex -15.823081 -5.8849593 1.31
    endloop
  endfacet
  facet normal 0 0 1
    outer loop
      vertex -15.3 -5.715 1.34
      vertex -15.823081 -5.8849593 1.34
      vertex -15.790054 -5.9646948 1.34
    endloop
  endfacet
  facet normal -0.92387953 -0.38268343 0
    outer loop
      vertex -15.823081 -5.8849593 1.31
      vertex -15.790054 -5.9646948 1.31
      vertex -15.790054 -5.9646948 1.34
    endloop
  endfacet
  facet normal -0.92387953 -0.38268343 0
    outer loop
      vertex -15.823081 -5.8849593 1.31
      vertex -15.790054 -5.9646948 1.34
      vertex -15.823081 -5.8849593 1.34
    endloop
  endfacet
  facet normal 0 0 -1
    outer loop
      vertex -15.3 -5.715 1.31
      vertex -15.744959 -6.0382819 1.31
      vertex -15.790054 -5.9646948 1.31
    endloop
  endfacet
  facet normal 0 0 1
    outer loop
      vertex -15.3 -5.715 1.34
      vertex -15.790054 -5.9646948 1.34
      vertex -15.744959 -6.0382819 1.34
    endloop
  endfacet
  facet normal -0.85264016 -0.52249856 0
    outer loop
      vertex -15.790054 -5.9646948 1.31
      vertex -15.744959 -6.0382819 1.31
      vertex -15.744959 -6.0382819 1.34
    endloop
  endfacet
  facet normal -0.85264016 -0.52249856 0
    outer loop
      vertex -15.790054 -5.9646948 1.31
      vertex -15.744959 -6.0382819 1.34
      vertex -15.790054 -5.9646948 1.34
    endloop
  endfacet
  facet normal 0 0 -1
    outer loop
      vertex -15.3 -5.715 1.31
      vertex -15.688909 -6.1039087 1.31
      vertex -15.744959 -6.0382819 1.31
    endloop
  endfacet
  facet normal 0 0 1
    outer loop
      vertex -15.3 -5.715 1.34
      vertex -15.744959 -6.0382819 1.34
      vertex -15.688909 -6.1039087 1.34
    endloop
  endfacet
  facet normal -0.76040597 -0.64944805 0
    outer loop
      vertex -15.744959 -6.0382819 1.31
      vertex -15.688909 -6.1039087 1.31
      vertex -15.688909 -6.1039087 1.34
    endloop
  endfacet
  facet normal -0.76040597 -0.64944805 0
    outer loop
      vertex -15.744959 -6.0382819 1.31
      vertex -15.688909 -6.1039087 1.34
      vertex -15.744959 -6.0382819 1.34
    endloop
  endfacet
  facet normal 0 0 -1
    outer loop
      vertex -15.3 -5.715 1.31
      vertex -15.623282 -6.1599593 1.31
      vertex -15.688909 -6.1039087 1.31
    endloop
  endfacet
  facet normal 0 0 1
    outer loop
      vertex -15.3 -5.715 1.34
      vertex -15.688909 -6.1039087 1.34
      vertex -15.623282 -6.1599593 1.34
    endloop
  endfacet
  facet normal -0.64944805 -0.76040597 0
    outer loop
      vertex -15.688909 -6.1039087 1.31
      vertex -15.623282 -6.1599593 1.31
      vertex -15.623282 -6.1599593 1.34
    endloop
  endfacet
  facet normal -0.64944805 -0.76040597 0
    outer loop
      vertex -15.688909 -6.1039087 1.31
      vertex -15.623282 -6.1599593 1.34
      vertex -15.688909 -6.1039087 1.34
    endloop
  endfacet
  facet normal 0 0 -1
    outer loop
      vertex -15.3 -5.715 1.31
      vertex -15.549695 -6.2050536 1.31
      vertex -15.623282 -6.1599593 1.31
    endloop
  endfacet
  facet normal 0 0 1
    outer loop
      vertex -15.3 -5.715 1.34
      vertex -15.623282 -6.1599593 1.34
      vertex -15.549695 -6.2050536 1.34
    endloop
  endfacet
  facet normal -0.52249856 -0.85264016 0
    outer loop
      vertex -15.623282 -6.1599593 1.31
      vertex -15.549695 -6.2050536 1.31
      vertex -15.549695 -6.2050536 1.34
    endloop
  endfacet
  facet normal -0.52249856 -0.85264016 0
    outer loop
      vertex -15.623282 -6.1599593 1.31
      vertex -15.549695 -6.2050536 1.34
      vertex -15.623282 -6.1599593 1.34
    endloop
  endfacet
  facet normal 0 0 -1
    outer loop
      vertex -15.3 -5.715 1.31
      vertex -15.469959 -6.2380811 1.31
      vertex -15.549695 -6.2050536 1.31
    endloop
  endfacet
  facet normal 0 0 1
    outer loop
      vertex -15.3 -5.715 1.34
      vertex -15.549695 -6.2050536 1.34
      vertex -15.469959 -6.2380811 1.34
    endloop
  endfacet
  facet normal -0.38268343 -0.92387953 0
    outer loop
      vertex -15.549695 -6.2050536 1.31
      vertex -15.469959 -6.2380811 1.31
      vertex -15.469959 -6.2380811 1.34
    endloop
  endfacet
  facet normal -0.38268343 -0.92387953 0
    outer loop
      vertex -15.549695 -6.2050536 1.31
      vertex -15.469959 -6.2380811 1.34
      vertex -15.549695 -6.2050536 1.34
    endloop
  endfacet
  facet normal 0 0 -1
    outer loop
      vertex -15.3 -5.715 1.31
      vertex -15.386039 -6.2582286 1.31
      vertex -15.469959 -6.2380811 1.31
    endloop
  endfacet
  facet normal 0 0 1
    outer loop
      vertex -15.3 -5.715 1.34
      vertex -15.469959 -6.2380811 1.34
      vertex -15.386039 -6.2582286 1.34
    endloop
  endfacet
  facet normal -0.23344536 -0.97236992 0
    outer loop
      vertex -15.469959 -6.2380811 1.31
      vertex -15.386039 -6.2582286 1.31
      vertex -15.386039 -6.2582286 1.34
    endloop
  endfacet
  facet normal -0.23344536 -0.97236992 0
    outer loop
      vertex -15.469959 -6.2380811 1.31
      vertex -15.386039 -6.2582286 1.34
      vertex -15.469959 -6.2380811 1.34
    endloop
  endfacet
  facet normal 0 -0 -1
    outer loop
      vertex -15.3 -5.715 1.31
      vertex -15.3 -6.265 1.31
      vertex -15.386039 -6.2582286 1.31
    endloop
  endfacet
  facet normal 0 0 1
    outer loop
      vertex -15.3 -5.715 1.34
      vertex -15.386039 -6.2582286 1.34
      vertex -15.3 -6.265 1.34
    endloop
  endfacet
  facet normal -0.078459096 -0.99691733 0
    outer loop
      vertex -15.386039 -6.2582286 1.31
      vertex -15.3 -6.265 1.31
      vertex -15.3 -6.265 1.34
    endloop
  endfacet
  facet normal -0.078459096 -0.99691733 0
    outer loop
      vertex -15.386039 -6.2582286 1.31
      vertex -15.3 -6.265 1.34
      vertex -15.386039 -6.2582286 1.34
    endloop
  endfacet
  facet normal 0 0 -1
    outer loop
      vertex -15.3 -5.715 1.31
      vertex -15.213961 -6.2582286 1.31
      vertex -15.3 -6.265 1.31
    endloop
  endfacet
  facet normal 0 0 1
    outer loop
      vertex -15.3 -5.715 1.34
      vertex -15.3 -6.265 1.34
      vertex -15.213961 -6.2582286 1.34
    endloop
  endfacet
  facet normal 0.078459096 -0.99691733 0
    outer loop
      vertex -15.3 -6.265 1.31
      vertex -15.213961 -6.2582286 1.31
      vertex -15.213961 -6.2582286 1.34
    endloop
  endfacet
  facet normal 0.078459096 -0.99691733 0
    outer loop
      vertex -15.3 -6.265 1.31
      vertex -15.213961 -6.2582286 1.34
      vertex -15.3 -6.265 1.34
    endloop
  endfacet
  facet normal 0 0 -1
    outer loop
      vertex -15.3 -5.715 1.31
      vertex -15.130041 -6.2380811 1.31
      vertex -15.213961 -6.2582286 1.31
    endloop
  endfacet
  facet normal 0 0 1
    outer loop
      vertex -15.3 -5.715 1.34
      vertex -15.213961 -6.2582286 1.34
      vertex -15.130041 -6.2380811 1.34
    endloop
  endfacet
  facet normal 0.23344536 -0.97236992 0
    outer loop
      vertex -15.213961 -6.2582286 1.31
      vertex -15.130041 -6.2380811 1.31
      vertex -15.130041 -6.2380811 1.34
    endloop
  endfacet
  facet normal 0.23344536 -0.97236992 0
    outer loop
      vertex -15.213961 -6.2582286 1.31
      vertex -15.130041 -6.2380811 1.34
      vertex -15.213961 -6.2582286 1.34
    endloop
  endfacet
  facet normal 0 0 -1
    outer loop
      vertex -15.3 -5.715 1.31
      vertex -15.050305 -6.2050536 1.31
      vertex -15.130041 -6.2380811 1.31
    endloop
  endfacet
  facet normal 0 0 1
    outer loop
      vertex -15.3 -5.715 1.34
      vertex -15.130041 -6.2380811 1.34
      vertex -15.050305 -6.2050536 1.34
    endloop
  endfacet
  facet normal 0.38268343 -0.92387953 0
    outer loop
      vertex -15.130041 -6.2380811 1.31
      vertex -15.050305 -6.2050536 1.31
      vertex -15.050305 -6.2050536 1.34
    endloop
  endfacet
  facet normal 0.38268343 -0.92387953 0
    outer loop
      vertex -15.130041 -6.2380811 1.31
      vertex -15.050305 -6.2050536 1.34
      vertex -15.130041 -6.2380811 1.34
    endloop
  endfacet
  facet normal 0 0 -1
    outer loop
      vertex -15.3 -5.715 1.31
      vertex -14.976718 -6.1599593 1.31
      vertex -15.050305 -6.2050536 1.31
    endloop
  endfacet
  facet normal 0 0 1
    outer loop
      vertex -15.3 -5.715 1.34
      vertex -15.050305 -6.2050536 1.34
      vertex -14.976718 -6.1599593 1.34
    endloop
  endfacet
  facet normal 0.52249856 -0.85264016 0
    outer loop
      vertex -15.050305 -6.2050536 1.31
      vertex -14.976718 -6.1599593 1.31
      vertex -14.976718 -6.1599593 1.34
    endloop
  endfacet
  facet normal 0.52249856 -0.85264016 0
    outer loop
      vertex -15.050305 -6.2050536 1.31
      vertex -14.976718 -6.1599593 1.34
      vertex -15.050305 -6.2050536 1.34
    endloop
  endfacet
  facet normal 0 0 -1
    outer loop
      vertex -15.3 -5.715 1.31
      vertex -14.911091 -6.1039087 1.31
      vertex -14.976718 -6.1599593 1.31
    endloop
  endfacet
  facet normal 0 0 1
    outer loop
      vertex -15.3 -5.715 1.34
      vertex -14.976718 -6.1599593 1.34
      vertex -14.911091 -6.1039087 1.34
    endloop
  endfacet
  facet normal 0.64944805 -0.76040597 0
    outer loop
      vertex -14.976718 -6.1599593 1.31
      vertex -14.911091 -6.1039087 1.31
      vertex -14.911091 -6.1039087 1.34
    endloop
  endfacet
  facet normal 0.64944805 -0.76040597 0
    outer loop
      vertex -14.976718 -6.1599593 1.31
      vertex -14.911091 -6.1039087 1.34
      vertex -14.976718 -6.1599593 1.34
    endloop
  endfacet
  facet normal 0 0 -1
    outer loop
      vertex -15.3 -5.715 1.31
      vertex -14.855041 -6.0382819 1.31
      vertex -14.911091 -6.1039087 1.31
    endloop
  endfacet
  facet normal 0 0 1
    outer loop
      vertex -15.3 -5.715 1.34
      vertex -14.911091 -6.1039087 1.34
      vertex -14.855041 -6.0382819 1.34
    endloop
  endfacet
  facet normal 0.76040597 -0.64944805 0
    outer loop
      vertex -14.911091 -6.1039087 1.31
      vertex -14.855041 -6.0382819 1.31
      vertex -14.855041 -6.0382819 1.34
    endloop
  endfacet
  facet normal 0.76040597 -0.64944805 0
    outer loop
      vertex -14.911091 -6.1039087 1.31
      vertex -14.855041 -6.0382819 1.34
      vertex -14.911091 -6.1039087 1.34
    endloop
  endfacet
  facet normal 0 0 -1
    outer loop
      vertex -15.3 -5.715 1.31
      vertex -14.809946 -5.9646948 1.31
      vertex -14.855041 -6.0382819 1.31
    endloop
  endfacet
  facet normal 0 0 1
    outer loop
      vertex -15.3 -5.715 1.34
      vertex -14.855041 -6.0382819 1.34
      vertex -14.809946 -5.9646948 1.34
    endloop
  endfacet
  facet normal 0.85264016 -0.52249856 0
    outer loop
      vertex -14.855041 -6.0382819 1.31
      vertex -14.809946 -5.9646948 1.31
      vertex -14.809946 -5.9646948 1.34
    endloop
  endfacet
  facet normal 0.85264016 -0.52249856 0
    outer loop
      vertex -14.855041 -6.0382819 1.31
      vertex -14.809946 -5.9646948 1.34
      vertex -14.855041 -6.0382819 1.34
    endloop
  endfacet
  facet normal 0 0 -1
    outer loop
      vertex -15.3 -5.715 1.31
      vertex -14.776919 -5.8849593 1.31
      vertex -14.809946 -5.9646948 1.31
    endloop
  endfacet
  facet normal 0 0 1
    outer loop
      vertex -15.3 -5.715 1.34
      vertex -14.809946 -5.9646948 1.34
      vertex -14.776919 -5.8849593 1.34
    endloop
  endfacet
  facet normal 0.92387953 -0.38268343 0
    outer loop
      vertex -14.809946 -5.9646948 1.31
      vertex -14.776919 -5.8849593 1.31
      vertex -14.776919 -5.8849593 1.34
    endloop
  endfacet
  facet normal 0.92387953 -0.38268343 0
    outer loop
      vertex -14.809946 -5.9646948 1.31
      vertex -14.776919 -5.8849593 1.34
      vertex -14.809946 -5.9646948 1.34
    endloop
  endfacet
  facet normal 0 0 -1
    outer loop
      vertex -15.3 -5.715 1.31
      vertex -14.756771 -5.801039 1.31
      vertex -14.776919 -5.8849593 1.31
    endloop
  endfacet
  facet normal 0 0 1
    outer loop
      vertex -15.3 -5.715 1.34
      vertex -14.776919 -5.8849593 1.34
      vertex -14.756771 -5.801039 1.34
    endloop
  endfacet
  facet normal 0.97236992 -0.23344536 0
    outer loop
      vertex -14.776919 -5.8849593 1.31
      vertex -14.756771 -5.801039 1.31
      vertex -14.756771 -5.801039 1.34
    endloop
  endfacet
  facet normal 0.97236992 -0.23344536 0
    outer loop
      vertex -14.776919 -5.8849593 1.31
      vertex -14.756771 -5.801039 1.34
      vertex -14.776919 -5.8849593 1.34
    endloop
  endfacet
  facet normal 0 0 -1
    outer loop
      vertex -15.3 -5.715 1.31
      vertex -14.75 -5.715 1.31
      vertex -14.756771 -5.801039 1.31
    endloop
  endfacet
  facet normal -0 0 1
    outer loop
      vertex -15.3 -5.715 1.34
      vertex -14.756771 -5.801039 1.34
      vertex -14.75 -5.715 1.34
    endloop
  endfacet
  facet normal 0.99691733 -0.078459096 0
    outer loop
      vertex -14.756771 -5.801039 1.31
      vertex -14.75 -5.715 1.31
      vertex -14.75 -5.715 1.34
    endloop
  endfacet
  facet normal 0.99691733 -0.078459096 0
    outer loop
      vertex -14.756771 -5.801039 1.31
      vertex -14.75 -5.715 1.34
      vertex -14.756771 -5.801039 1.34
    endloop
  endfacet
  facet normal 0 0 -1
    outer loop
      vertex -15.3 -1.905 1.2
      vertex -13.917236 -1.6859917 1.2
      vertex -13.9 -1.905 1.2
    endloop
  endfacet
  facet normal 0 0 1
    outer loop
      vertex -15.3 -1.905 1.32
      vertex -13.9 -1.905 1.32
      vertex -13.917236 -1.6859917 1.32
    endloop
  endfacet
  facet normal 0.99691733 0.078459096 0
    outer loop
      vertex -13.9 -1.905 1.2
      vertex -13.917236 -1.6859917 1.2
      vertex -13.917236 -1.6859917 1.32
    endloop
  endfacet
  facet normal 0.99691733 0.078459096 -0
    outer loop
      vertex -13.9 -1.905 1.2
      vertex -13.917236 -1.6859917 1.32
      vertex -13.9 -1.905 1.32
    endloop
  endfacet
  facet normal 0 0 -1
    outer loop
      vertex -15.3 -1.905 1.2
      vertex -13.968521 -1.4723762 1.2
      vertex -13.917236 -1.6859917 1.2
    endloop
  endfacet
  facet normal 0 0 1
    outer loop
      vertex -15.3 -1.905 1.32
      vertex -13.917236 -1.6859917 1.32
      vertex -13.968521 -1.4723762 1.32
    endloop
  endfacet
  facet normal 0.97236992 0.23344536 0
    outer loop
      vertex -13.917236 -1.6859917 1.2
      vertex -13.968521 -1.4723762 1.2
      vertex -13.968521 -1.4723762 1.32
    endloop
  endfacet
  facet normal 0.97236992 0.23344536 -0
    outer loop
      vertex -13.917236 -1.6859917 1.2
      vertex -13.968521 -1.4723762 1.32
      vertex -13.917236 -1.6859917 1.32
    endloop
  endfacet
  facet normal 0 0 -1
    outer loop
      vertex -15.3 -1.905 1.2
      vertex -14.052591 -1.2694133 1.2
      vertex -13.968521 -1.4723762 1.2
    endloop
  endfacet
  facet normal 0 0 1
    outer loop
      vertex -15.3 -1.905 1.32
      vertex -13.968521 -1.4723762 1.32
      vertex -14.052591 -1.2694133 1.32
    endloop
  endfacet
  facet normal 0.92387953 0.38268343 0
    outer loop
      vertex -13.968521 -1.4723762 1.2
      vertex -14.052591 -1.2694133 1.2
      vertex -14.052591 -1.2694133 1.32
    endloop
  endfacet
  facet normal 0.92387953 0.38268343 -0
    outer loop
      vertex -13.968521 -1.4723762 1.2
      vertex -14.052591 -1.2694133 1.32
      vertex -13.968521 -1.4723762 1.32
    endloop
  endfacet
  facet normal 0 0 -1
    outer loop
      vertex -15.3 -1.905 1.2
      vertex -14.167376 -1.0821006 1.2
      vertex -14.052591 -1.2694133 1.2
    endloop
  endfacet
  facet normal 0 0 1
    outer loop
      vertex -15.3 -1.905 1.32
      vertex -14.052591 -1.2694133 1.32
      vertex -14.167376 -1.0821006 1.32
    endloop
  endfacet
  facet normal 0.85264016 0.52249856 0
    outer loop
      vertex -14.052591 -1.2694133 1.2
      vertex -14.167376 -1.0821006 1.2
      vertex -14.167376 -1.0821006 1.32
    endloop
  endfacet
  facet normal 0.85264016 0.52249856 -0
    outer loop
      vertex -14.052591 -1.2694133 1.2
      vertex -14.167376 -1.0821006 1.32
      vertex -14.052591 -1.2694133 1.32
    endloop
  endfacet
  facet normal 0 0 -1
    outer loop
      vertex -15.3 -1.905 1.2
      vertex -14.310051 -0.91505051 1.2
      vertex -14.167376 -1.0821006 1.2
    endloop
  endfacet
  facet normal 0 0 1
    outer loop
      vertex -15.3 -1.905 1.32
      vertex -14.167376 -1.0821006 1.32
      vertex -14.310051 -0.91505051 1.32
    endloop
  endfacet
  facet normal 0.76040597 0.64944805 0
    outer loop
      vertex -14.167376 -1.0821006 1.2
      vertex -14.310051 -0.91505051 1.2
      vertex -14.310051 -0.91505051 1.32
    endloop
  endfacet
  facet normal 0.76040597 0.64944805 -0
    outer loop
      vertex -14.167376 -1.0821006 1.2
      vertex -14.310051 -0.91505051 1.32
      vertex -14.167376 -1.0821006 1.32
    endloop
  endfacet
  facet normal 0 0 -1
    outer loop
      vertex -15.3 -1.905 1.2
      vertex -14.477101 -0.77237621 1.2
      vertex -14.310051 -0.91505051 1.2
    endloop
  endfacet
  facet normal 0 0 1
    outer loop
      vertex -15.3 -1.905 1.32
      vertex -14.310051 -0.91505051 1.32
      vertex -14.477101 -0.77237621 1.32
    endloop
  endfacet
  facet normal 0.64944805 0.76040597 0
    outer loop
      vertex -14.310051 -0.91505051 1.2
      vertex -14.477101 -0.77237621 1.2
      vertex -14.477101 -0.77237621 1.32
    endloop
  endfacet
  facet normal 0.64944805 0.76040597 -0
    outer loop
      vertex -14.310051 -0.91505051 1.2
      vertex -14.477101 -0.77237621 1.32
      vertex -14.310051 -0.91505051 1.32
    endloop
  endfacet
  facet normal 0 0 -1
    outer loop
      vertex -15.3 -1.905 1.2
      vertex -14.664413 -0.65759087 1.2
      vertex -14.477101 -0.77237621 1.2
    endloop
  endfacet
  facet normal 0 0 1
    outer loop
      vertex -15.3 -1.905 1.32
      vertex -14.477101 -0.77237621 1.32
      vertex -14.664413 -0.65759087 1.32
    endloop
  endfacet
  facet normal 0.52249856 0.85264016 0
    outer loop
      vertex -14.477101 -0.77237621 1.2
      vertex -14.664413 -0.65759087 1.2
      vertex -14.664413 -0.65759087 1.32
    endloop
  endfacet
  facet normal 0.52249856 0.85264016 -0
    outer loop
      vertex -14.477101 -0.77237621 1.2
      vertex -14.664413 -0.65759087 1.32
      vertex -14.477101 -0.77237621 1.32
    endloop
  endfacet
  facet normal 0 0 -1
    outer loop
      vertex -15.3 -1.905 1.2
      vertex -14.867376 -0.57352088 1.2
      vertex -14.664413 -0.65759087 1.2
    endloop
  endfacet
  facet normal 0 0 1
    outer loop
      vertex -15.3 -1.905 1.32
      vertex -14.664413 -0.65759087 1.32
      vertex -14.867376 -0.57352088 1.32
    endloop
  endfacet
  facet normal 0.38268343 0.92387953 0
    outer loop
      vertex -14.664413 -0.65759087 1.2
      vertex -14.867376 -0.57352088 1.2
      vertex -14.867376 -0.57352088 1.32
    endloop
  endfacet
  facet normal 0.38268343 0.92387953 -0
    outer loop
      vertex -14.664413 -0.65759087 1.2
      vertex -14.867376 -0.57352088 1.32
      vertex -14.664413 -0.65759087 1.32
    endloop
  endfacet
  facet normal 0 0 -1
    outer loop
      vertex -15.3 -1.905 1.2
      vertex -15.080992 -0.52223632 1.2
      vertex -14.867376 -0.57352088 1.2
    endloop
  endfacet
  facet normal 0 0 1
    outer loop
      vertex -15.3 -1.905 1.32
      vertex -14.867376 -0.57352088 1.32
      vertex -15.080992 -0.52223632 1.32
    endloop
  endfacet
  facet normal 0.23344536 0.97236992 0
    outer loop
      vertex -14.867376 -0.57352088 1.2
      vertex -15.080992 -0.52223632 1.2
      vertex -15.080992 -0.52223632 1.32
    endloop
  endfacet
  facet normal 0.23344536 0.97236992 -0
    outer loop
      vertex -14.867376 -0.57352088 1.2
      vertex -15.080992 -0.52223632 1.32
      vertex -14.867376 -0.57352088 1.32
    endloop
  endfacet
  facet normal 0 0 -1
    outer loop
      vertex -15.3 -1.905 1.2
      vertex -15.3 -0.505 1.2
      vertex -15.080992 -0.52223632 1.2
    endloop
  endfacet
  facet normal 0 0 1
    outer loop
      vertex -15.3 -1.905 1.32
      vertex -15.080992 -0.52223632 1.32
      vertex -15.3 -0.505 1.32
    endloop
  endfacet
  facet normal 0.078459096 0.99691733 0
    outer loop
      vertex -15.080992 -0.52223632 1.2
      vertex -15.3 -0.505 1.2
      vertex -15.3 -0.505 1.32
    endloop
  endfacet
  facet normal 0.078459096 0.99691733 -0
    outer loop
      vertex -15.080992 -0.52223632 1.2
      vertex -15.3 -0.505 1.32
      vertex -15.080992 -0.52223632 1.32
    endloop
  endfacet
  facet normal 0 0 -1
    outer loop
      vertex -15.3 -1.905 1.2
      vertex -15.519008 -0.52223632 1.2
      vertex -15.3 -0.505 1.2
    endloop
  endfacet
  facet normal 0 -0 1
    outer loop
      vertex -15.3 -1.905 1.32
      vertex -15.3 -0.505 1.32
      vertex -15.519008 -0.52223632 1.32
    endloop
  endfacet
  facet normal -0.078459096 0.99691733 0
    outer loop
      vertex -15.3 -0.505 1.2
      vertex -15.519008 -0.52223632 1.2
      vertex -15.519008 -0.52223632 1.32
    endloop
  endfacet
  facet normal -0.078459096 0.99691733 0
    outer loop
      vertex -15.3 -0.505 1.2
      vertex -15.519008 -0.52223632 1.32
      vertex -15.3 -0.505 1.32
    endloop
  endfacet
  facet normal 0 0 -1
    outer loop
      vertex -15.3 -1.905 1.2
      vertex -15.732624 -0.57352088 1.2
      vertex -15.519008 -0.52223632 1.2
    endloop
  endfacet
  facet normal 0 0 1
    outer loop
      vertex -15.3 -1.905 1.32
      vertex -15.519008 -0.52223632 1.32
      vertex -15.732624 -0.57352088 1.32
    endloop
  endfacet
  facet normal -0.23344536 0.97236992 0
    outer loop
      vertex -15.519008 -0.52223632 1.2
      vertex -15.732624 -0.57352088 1.2
      vertex -15.732624 -0.57352088 1.32
    endloop
  endfacet
  facet normal -0.23344536 0.97236992 0
    outer loop
      vertex -15.519008 -0.52223632 1.2
      vertex -15.732624 -0.57352088 1.32
      vertex -15.519008 -0.52223632 1.32
    endloop
  endfacet
  facet normal 0 0 -1
    outer loop
      vertex -15.3 -1.905 1.2
      vertex -15.935587 -0.65759087 1.2
      vertex -15.732624 -0.57352088 1.2
    endloop
  endfacet
  facet normal 0 0 1
    outer loop
      vertex -15.3 -1.905 1.32
      vertex -15.732624 -0.57352088 1.32
      vertex -15.935587 -0.65759087 1.32
    endloop
  endfacet
  facet normal -0.38268343 0.92387953 0
    outer loop
      vertex -15.732624 -0.57352088 1.2
      vertex -15.935587 -0.65759087 1.2
      vertex -15.935587 -0.65759087 1.32
    endloop
  endfacet
  facet normal -0.38268343 0.92387953 0
    outer loop
      vertex -15.732624 -0.57352088 1.2
      vertex -15.935587 -0.65759087 1.32
      vertex -15.732624 -0.57352088 1.32
    endloop
  endfacet
  facet normal 0 0 -1
    outer loop
      vertex -15.3 -1.905 1.2
      vertex -16.122899 -0.77237621 1.2
      vertex -15.935587 -0.65759087 1.2
    endloop
  endfacet
  facet normal 0 0 1
    outer loop
      vertex -15.3 -1.905 1.32
      vertex -15.935587 -0.65759087 1.32
      vertex -16.122899 -0.77237621 1.32
    endloop
  endfacet
  facet normal -0.52249856 0.85264016 0
    outer loop
      vertex -15.935587 -0.65759087 1.2
      vertex -16.122899 -0.77237621 1.2
      vertex -16.122899 -0.77237621 1.32
    endloop
  endfacet
  facet normal -0.52249856 0.85264016 0
    outer loop
      vertex -15.935587 -0.65759087 1.2
      vertex -16.122899 -0.77237621 1.32
      vertex -15.935587 -0.65759087 1.32
    endloop
  endfacet
  facet normal 0 0 -1
    outer loop
      vertex -15.3 -1.905 1.2
      vertex -16.289949 -0.91505051 1.2
      vertex -16.122899 -0.77237621 1.2
    endloop
  endfacet
  facet normal 0 0 1
    outer loop
      vertex -15.3 -1.905 1.32
      vertex -16.122899 -0.77237621 1.32
      vertex -16.289949 -0.91505051 1.32
    endloop
  endfacet
  facet normal -0.64944805 0.76040597 0
    outer loop
      vertex -16.122899 -0.77237621 1.2
      vertex -16.289949 -0.91505051 1.2
      vertex -16.289949 -0.91505051 1.32
    endloop
  endfacet
  facet normal -0.64944805 0.76040597 0
    outer loop
      vertex -16.122899 -0.77237621 1.2
      vertex -16.289949 -0.91505051 1.32
      vertex -16.122899 -0.77237621 1.32
    endloop
  endfacet
  facet normal 0 0 -1
    outer loop
      vertex -15.3 -1.905 1.2
      vertex -16.432624 -1.0821006 1.2
      vertex -16.289949 -0.91505051 1.2
    endloop
  endfacet
  facet normal 0 0 1
    outer loop
      vertex -15.3 -1.905 1.32
      vertex -16.289949 -0.91505051 1.32
      vertex -16.432624 -1.0821006 1.32
    endloop
  endfacet
  facet normal -0.76040597 0.64944805 0
    outer loop
      vertex -16.289949 -0.91505051 1.2
      vertex -16.432624 -1.0821006 1.2
      vertex -16.432624 -1.0821006 1.32
    endloop
  endfacet
  facet normal -0.76040597 0.64944805 0
    outer loop
      vertex -16.289949 -0.91505051 1.2
      vertex -16.432624 -1.0821006 1.32
      vertex -16.289949 -0.91505051 1.32
    endloop
  endfacet
  facet normal 0 0 -1
    outer loop
      vertex -15.3 -1.905 1.2
      vertex -16.547409 -1.2694133 1.2
      vertex -16.432624 -1.0821006 1.2
    endloop
  endfacet
  facet normal 0 0 1
    outer loop
      vertex -15.3 -1.905 1.32
      vertex -16.432624 -1.0821006 1.32
      vertex -16.547409 -1.2694133 1.32
    endloop
  endfacet
  facet normal -0.85264016 0.52249856 0
    outer loop
      vertex -16.432624 -1.0821006 1.2
      vertex -16.547409 -1.2694133 1.2
      vertex -16.547409 -1.2694133 1.32
    endloop
  endfacet
  facet normal -0.85264016 0.52249856 0
    outer loop
      vertex -16.432624 -1.0821006 1.2
      vertex -16.547409 -1.2694133 1.32
      vertex -16.432624 -1.0821006 1.32
    endloop
  endfacet
  facet normal 0 0 -1
    outer loop
      vertex -15.3 -1.905 1.2
      vertex -16.631479 -1.4723762 1.2
      vertex -16.547409 -1.2694133 1.2
    endloop
  endfacet
  facet normal 0 0 1
    outer loop
      vertex -15.3 -1.905 1.32
      vertex -16.547409 -1.2694133 1.32
      vertex -16.631479 -1.4723762 1.32
    endloop
  endfacet
  facet normal -0.92387953 0.38268343 0
    outer loop
      vertex -16.547409 -1.2694133 1.2
      vertex -16.631479 -1.4723762 1.2
      vertex -16.631479 -1.4723762 1.32
    endloop
  endfacet
  facet normal -0.92387953 0.38268343 0
    outer loop
      vertex -16.547409 -1.2694133 1.2
      vertex -16.631479 -1.4723762 1.32
      vertex -16.547409 -1.2694133 1.32
    endloop
  endfacet
  facet normal 0 0 -1
    outer loop
      vertex -15.3 -1.905 1.2
      vertex -16.682764 -1.6859917 1.2
      vertex -16.631479 -1.4723762 1.2
    endloop
  endfacet
  facet normal 0 0 1
    outer loop
      vertex -15.3 -1.905 1.32
      vertex -16.631479 -1.4723762 1.32
      vertex -16.682764 -1.6859917 1.32
    endloop
  endfacet
  facet normal -0.97236992 0.23344536 0
    outer loop
      vertex -16.631479 -1.4723762 1.2
      vertex -16.682764 -1.6859917 1.2
      vertex -16.682764 -1.6859917 1.32
    endloop
  endfacet
  facet normal -0.97236992 0.23344536 0
    outer loop
      vertex -16.631479 -1.4723762 1.2
      vertex -16.682764 -1.6859917 1.32
      vertex -16.631479 -1.4723762 1.32
    endloop
  endfacet
  facet normal 0 0 -1
    outer loop
      vertex -15.3 -1.905 1.2
      vertex -16.7 -1.905 1.2
      vertex -16.682764 -1.6859917 1.2
    endloop
  endfacet
  facet normal 0 0 1
    outer loop
      vertex -15.3 -1.905 1.32
      vertex -16.682764 -1.6859917 1.32
      vertex -16.7 -1.905 1.32
    endloop
  endfacet
  facet normal -0.99691733 0.078459096 0
    outer loop
      vertex -16.682764 -1.6859917 1.2
      vertex -16.7 -1.905 1.2
      vertex -16.7 -1.905 1.32
    endloop
  endfacet
  facet normal -0.99691733 0.078459096 0
    outer loop
      vertex -16.682764 -1.6859917 1.2
      vertex -16.7 -1.905 1.32
      vertex -16.682764 -1.6859917 1.32
    endloop
  endfacet
  facet normal -0 0 -1
    outer loop
      vertex -15.3 -1.905 1.2
      vertex -16.682764 -2.1240083 1.2
      vertex -16.7 -1.905 1.2
    endloop
  endfacet
  facet normal 0 0 1
    outer loop
      vertex -15.3 -1.905 1.32
      vertex -16.7 -1.905 1.32
      vertex -16.682764 -2.1240083 1.32
    endloop
  endfacet
  facet normal -0.99691733 -0.078459096 0
    outer loop
      vertex -16.7 -1.905 1.2
      vertex -16.682764 -2.1240083 1.2
      vertex -16.682764 -2.1240083 1.32
    endloop
  endfacet
  facet normal -0.99691733 -0.078459096 0
    outer loop
      vertex -16.7 -1.905 1.2
      vertex -16.682764 -2.1240083 1.32
      vertex -16.7 -1.905 1.32
    endloop
  endfacet
  facet normal 0 0 -1
    outer loop
      vertex -15.3 -1.905 1.2
      vertex -16.631479 -2.3376238 1.2
      vertex -16.682764 -2.1240083 1.2
    endloop
  endfacet
  facet normal 0 0 1
    outer loop
      vertex -15.3 -1.905 1.32
      vertex -16.682764 -2.1240083 1.32
      vertex -16.631479 -2.3376238 1.32
    endloop
  endfacet
  facet normal -0.97236992 -0.23344536 0
    outer loop
      vertex -16.682764 -2.1240083 1.2
      vertex -16.631479 -2.3376238 1.2
      vertex -16.631479 -2.3376238 1.32
    endloop
  endfacet
  facet normal -0.97236992 -0.23344536 0
    outer loop
      vertex -16.682764 -2.1240083 1.2
      vertex -16.631479 -2.3376238 1.32
      vertex -16.682764 -2.1240083 1.32
    endloop
  endfacet
  facet normal 0 0 -1
    outer loop
      vertex -15.3 -1.905 1.2
      vertex -16.547409 -2.5405867 1.2
      vertex -16.631479 -2.3376238 1.2
    endloop
  endfacet
  facet normal 0 0 1
    outer loop
      vertex -15.3 -1.905 1.32
      vertex -16.631479 -2.3376238 1.32
      vertex -16.547409 -2.5405867 1.32
    endloop
  endfacet
  facet normal -0.92387953 -0.38268343 0
    outer loop
      vertex -16.631479 -2.3376238 1.2
      vertex -16.547409 -2.5405867 1.2
      vertex -16.547409 -2.5405867 1.32
    endloop
  endfacet
  facet normal -0.92387953 -0.38268343 0
    outer loop
      vertex -16.631479 -2.3376238 1.2
      vertex -16.547409 -2.5405867 1.32
      vertex -16.631479 -2.3376238 1.32
    endloop
  endfacet
  facet normal 0 0 -1
    outer loop
      vertex -15.3 -1.905 1.2
      vertex -16.432624 -2.7278994 1.2
      vertex -16.547409 -2.5405867 1.2
    endloop
  endfacet
  facet normal 0 0 1
    outer loop
      vertex -15.3 -1.905 1.32
      vertex -16.547409 -2.5405867 1.32
      vertex -16.432624 -2.7278994 1.32
    endloop
  endfacet
  facet normal -0.85264016 -0.52249856 0
    outer loop
      vertex -16.547409 -2.5405867 1.2
      vertex -16.432624 -2.7278994 1.2
      vertex -16.432624 -2.7278994 1.32
    endloop
  endfacet
  facet normal -0.85264016 -0.52249856 0
    outer loop
      vertex -16.547409 -2.5405867 1.2
      vertex -16.432624 -2.7278994 1.32
      vertex -16.547409 -2.5405867 1.32
    endloop
  endfacet
  facet normal 0 0 -1
    outer loop
      vertex -15.3 -1.905 1.2
      vertex -16.289949 -2.8949495 1.2
      vertex -16.432624 -2.7278994 1.2
    endloop
  endfacet
  facet normal 0 0 1
    outer loop
      vertex -15.3 -1.905 1.32
      vertex -16.432624 -2.7278994 1.32
      vertex -16.289949 -2.8949495 1.32
    endloop
  endfacet
  facet normal -0.76040597 -0.64944805 0
    outer loop
      vertex -16.432624 -2.7278994 1.2
      vertex -16.289949 -2.8949495 1.2
      vertex -16.289949 -2.8949495 1.32
    endloop
  endfacet
  facet normal -0.76040597 -0.64944805 0
    outer loop
      vertex -16.432624 -2.7278994 1.2
      vertex -16.289949 -2.8949495 1.32
      vertex -16.432624 -2.7278994 1.32
    endloop
  endfacet
  facet normal 0 0 -1
    outer loop
      vertex -15.3 -1.905 1.2
      vertex -16.122899 -3.0376238 1.2
      vertex -16.289949 -2.8949495 1.2
    endloop
  endfacet
  facet normal 0 0 1
    outer loop
      vertex -15.3 -1.905 1.32
      vertex -16.289949 -2.8949495 1.32
      vertex -16.122899 -3.0376238 1.32
    endloop
  endfacet
  facet normal -0.64944805 -0.76040597 0
    outer loop
      vertex -16.289949 -2.8949495 1.2
      vertex -16.122899 -3.0376238 1.2
      vertex -16.122899 -3.0376238 1.32
    endloop
  endfacet
  facet normal -0.64944805 -0.76040597 0
    outer loop
      vertex -16.289949 -2.8949495 1.2
      vertex -16.122899 -3.0376238 1.32
      vertex -16.289949 -2.8949495 1.32
    endloop
  endfacet
  facet normal 0 0 -1
    outer loop
      vertex -15.3 -1.905 1.2
      vertex -15.935587 -3.1524091 1.2
      vertex -16.122899 -3.0376238 1.2
    endloop
  endfacet
  facet normal 0 0 1
    outer loop
      vertex -15.3 -1.905 1.32
      vertex -16.122899 -3.0376238 1.32
      vertex -15.935587 -3.1524091 1.32
    endloop
  endfacet
  facet normal -0.52249856 -0.85264016 0
    outer loop
      vertex -16.122899 -3.0376238 1.2
      vertex -15.935587 -3.1524091 1.2
      vertex -15.935587 -3.1524091 1.32
    endloop
  endfacet
  facet normal -0.52249856 -0.85264016 0
    outer loop
      vertex -16.122899 -3.0376238 1.2
      vertex -15.935587 -3.1524091 1.32
      vertex -16.122899 -3.0376238 1.32
    endloop
  endfacet
  facet normal 0 0 -1
    outer loop
      vertex -15.3 -1.905 1.2
      vertex -15.732624 -3.2364791 1.2
      vertex -15.935587 -3.1524091 1.2
    endloop
  endfacet
  facet normal 0 0 1
    outer loop
      vertex -15.3 -1.905 1.32
      vertex -15.935587 -3.1524091 1.32
      vertex -15.732624 -3.2364791 1.32
    endloop
  endfacet
  facet normal -0.38268343 -0.92387953 0
    outer loop
      vertex -15.935587 -3.1524091 1.2
      vertex -15.732624 -3.2364791 1.2
      vertex -15.732624 -3.2364791 1.32
    endloop
  endfacet
  facet normal -0.38268343 -0.92387953 0
    outer loop
      vertex -15.935587 -3.1524091 1.2
      vertex -15.732624 -3.2364791 1.32
      vertex -15.935587 -3.1524091 1.32
    endloop
  endfacet
  facet normal 0 0 -1
    outer loop
      vertex -15.3 -1.905 1.2
      vertex -15.519008 -3.2877637 1.2
      vertex -15.732624 -3.2364791 1.2
    endloop
  endfacet
  facet normal 0 0 1
    outer loop
      vertex -15.3 -1.905 1.32
      vertex -15.732624 -3.2364791 1.32
      vertex -15.519008 -3.2877637 1.32
    endloop
  endfacet
  facet normal -0.23344536 -0.97236992 0
    outer loop
      vertex -15.732624 -3.2364791 1.2
      vertex -15.519008 -3.2877637 1.2
      vertex -15.519008 -3.2877637 1.32
    endloop
  endfacet
  facet normal -0.23344536 -0.97236992 0
    outer loop
      vertex -15.732624 -3.2364791 1.2
      vertex -15.519008 -3.2877637 1.32
      vertex -15.732624 -3.2364791 1.32
    endloop
  endfacet
  facet normal 0 -0 -1
    outer loop
      vertex -15.3 -1.905 1.2
      vertex -15.3 -3.305 1.2
      vertex -15.519008 -3.2877637 1.2
    endloop
  endfacet
  facet normal 0 0 1
    outer loop
      vertex -15.3 -1.905 1.32
      vertex -15.519008 -3.2877637 1.32
      vertex -15.3 -3.305 1.32
    endloop
  endfacet
  facet normal -0.078459096 -0.99691733 0
    outer loop
      vertex -15.519008 -3.2877637 1.2
      vertex -15.3 -3.305 1.2
      vertex -15.3 -3.305 1.32
    endloop
  endfacet
  facet normal -0.078459096 -0.99691733 0
    outer loop
      vertex -15.519008 -3.2877637 1.2
      vertex -15.3 -3.305 1.32
      vertex -15.519008 -3.2877637 1.32
    endloop
  endfacet
  facet normal 0 0 -1
    outer loop
      vertex -15.3 -1.905 1.2
      vertex -15.080992 -3.2877637 1.2
      vertex -15.3 -3.305 1.2
    endloop
  endfacet
  facet normal 0 0 1
    outer loop
      vertex -15.3 -1.905 1.32
      vertex -15.3 -3.305 1.32
      vertex -15.080992 -3.2877637 1.32
    endloop
  endfacet
  facet normal 0.078459096 -0.99691733 0
    outer loop
      vertex -15.3 -3.305 1.2
      vertex -15.080992 -3.2877637 1.2
      vertex -15.080992 -3.2877637 1.32
    endloop
  endfacet
  facet normal 0.078459096 -0.99691733 0
    outer loop
      vertex -15.3 -3.305 1.2
      vertex -15.080992 -3.2877637 1.32
      vertex -15.3 -3.305 1.32
    endloop
  endfacet
  facet normal 0 0 -1
    outer loop
      vertex -15.3 -1.905 1.2
      vertex -14.867376 -3.2364791 1.2
      vertex -15.080992 -3.2877637 1.2
    endloop
  endfacet
  facet normal 0 0 1
    outer loop
      vertex -15.3 -1.905 1.32
      vertex -15.080992 -3.2877637 1.32
      vertex -14.867376 -3.2364791 1.32
    endloop
  endfacet
  facet normal 0.23344536 -0.97236992 0
    outer loop
      vertex -15.080992 -3.2877637 1.2
      vertex -14.867376 -3.2364791 1.2
      vertex -14.867376 -3.2364791 1.32
    endloop
  endfacet
  facet normal 0.23344536 -0.97236992 0
    outer loop
      vertex -15.080992 -3.2877637 1.2
      vertex -14.867376 -3.2364791 1.32
      vertex -15.080992 -3.2877637 1.32
    endloop
  endfacet
  facet normal 0 0 -1
    outer loop
      vertex -15.3 -1.905 1.2
      vertex -14.664413 -3.1524091 1.2
      vertex -14.867376 -3.2364791 1.2
    endloop
  endfacet
  facet normal 0 0 1
    outer loop
      vertex -15.3 -1.905 1.32
      vertex -14.867376 -3.2364791 1.32
      vertex -14.664413 -3.1524091 1.32
    endloop
  endfacet
  facet normal 0.38268343 -0.92387953 0
    outer loop
      vertex -14.867376 -3.2364791 1.2
      vertex -14.664413 -3.1524091 1.2
      vertex -14.664413 -3.1524091 1.32
    endloop
  endfacet
  facet normal 0.38268343 -0.92387953 0
    outer loop
      vertex -14.867376 -3.2364791 1.2
      vertex -14.664413 -3.1524091 1.32
      vertex -14.867376 -3.2364791 1.32
    endloop
  endfacet
  facet normal 0 0 -1
    outer loop
      vertex -15.3 -1.905 1.2
      vertex -14.477101 -3.0376238 1.2
      vertex -14.664413 -3.1524091 1.2
    endloop
  endfacet
  facet normal 0 0 1
    outer loop
      vertex -15.3 -1.905 1.32
      vertex -14.664413 -3.1524091 1.32
      vertex -14.477101 -3.0376238 1.32
    endloop
  endfacet
  facet normal 0.52249856 -0.85264016 0
    outer loop
      vertex -14.664413 -3.1524091 1.2
      vertex -14.477101 -3.0376238 1.2
      vertex -14.477101 -3.0376238 1.32
    endloop
  endfacet
  facet normal 0.52249856 -0.85264016 0
    outer loop
      vertex -14.664413 -3.1524091 1.2
      vertex -14.477101 -3.0376238 1.32
      vertex -14.664413 -3.1524091 1.32
    endloop
  endfacet
  facet normal 0 0 -1
    outer loop
      vertex -15.3 -1.905 1.2
      vertex -14.310051 -2.8949495 1.2
      vertex -14.477101 -3.0376238 1.2
    endloop
  endfacet
  facet normal 0 0 1
    outer loop
      vertex -15.3 -1.905 1.32
      vertex -14.477101 -3.0376238 1.32
      vertex -14.310051 -2.8949495 1.32
    endloop
  endfacet
  facet normal 0.64944805 -0.76040597 0
    outer loop
      vertex -14.477101 -3.0376238 1.2
      vertex -14.310051 -2.8949495 1.2
      vertex -14.310051 -2.8949495 1.32
    endloop
  endfacet
  facet normal 0.64944805 -0.76040597 0
    outer loop
      vertex -14.477101 -3.0376238 1.2
      vertex -14.310051 -2.8949495 1.32
      vertex -14.477101 -3.0376238 1.32
    endloop
  endfacet
  facet normal 0 0 -1
    outer loop
      vertex -15.3 -1.905 1.2
      vertex -14.167376 -2.7278994 1.2
      vertex -14.310051 -2.8949495 1.2
    endloop
  endfacet
  facet normal 0 0 1
    outer loop
      vertex -15.3 -1.905 1.32
      vertex -14.310051 -2.8949495 1.32
      vertex -14.167376 -2.7278994 1.32
    endloop
  endfacet
  facet normal 0.76040597 -0.64944805 0
    outer loop
      vertex -14.310051 -2.8949495 1.2
      vertex -14.167376 -2.7278994 1.2
      vertex -14.167376 -2.7278994 1.32
    endloop
  endfacet
  facet normal 0.76040597 -0.64944805 0
    outer loop
      vertex -14.310051 -2.8949495 1.2
      vertex -14.167376 -2.7278994 1.32
      vertex -14.310051 -2.8949495 1.32
    endloop
  endfacet
  facet normal 0 0 -1
    outer loop
      vertex -15.3 -1.905 1.2
      vertex -14.052591 -2.5405867 1.2
      vertex -14.167376 -2.7278994 1.2
    endloop
  endfacet
  facet normal 0 0 1
    outer loop
      vertex -15.3 -1.905 1.32
      vertex -14.167376 -2.7278994 1.32
      vertex -14.052591 -2.5405867 1.32
    endloop
  endfacet
  facet normal 0.85264016 -0.52249856 0
    outer loop
      vertex -14.167376 -2.7278994 1.2
      vertex -14.052591 -2.5405867 1.2
      vertex -14.052591 -2.5405867 1.32
    endloop
  endfacet
  facet normal 0.85264016 -0.52249856 0
    outer loop
      vertex -14.167376 -2.7278994 1.2
      vertex -14.052591 -2.5405867 1.32
      vertex -14.167376 -2.7278994 1.32
    endloop
  endfacet
  facet normal 0 0 -1
    outer loop
      vertex -15.3 -1.905 1.2
      vertex -13.968521 -2.3376238 1.2
      vertex -14.052591 -2.5405867 1.2
    endloop
  endfacet
  facet normal 0 0 1
    outer loop
      vertex -15.3 -1.905 1.32
      vertex -14.052591 -2.5405867 1.32
      vertex -13.968521 -2.3376238 1.32
    endloop
  endfacet
  facet normal 0.92387953 -0.38268343 0
    outer loop
      vertex -14.052591 -2.5405867 1.2
      vertex -13.968521 -2.3376238 1.2
      vertex -13.968521 -2.3376238 1.32
    endloop
  endfacet
  facet normal 0.92387953 -0.38268343 0
    outer loop
      vertex -14.052591 -2.5405867 1.2
      vertex -13.968521 -2.3376238 1.32
      vertex -14.052591 -2.5405867 1.32
    endloop
  endfacet
  facet normal 0 0 -1
    outer loop
      vertex -15.3 -1.905 1.2
      vertex -13.917236 -2.1240083 1.2
      vertex -13.968521 -2.3376238 1.2
    endloop
  endfacet
  facet normal 0 0 1
    outer loop
      vertex -15.3 -1.905 1.32
      vertex -13.968521 -2.3376238 1.32
      vertex -13.917236 -2.1240083 1.32
    endloop
  endfacet
  facet normal 0.97236992 -0.23344536 0
    outer loop
      vertex -13.968521 -2.3376238 1.2
      vertex -13.917236 -2.1240083 1.2
      vertex -13.917236 -2.1240083 1.32
    endloop
  endfacet
  facet normal 0.97236992 -0.23344536 0
    outer loop
      vertex -13.968521 -2.3376238 1.2
      vertex -13.917236 -2.1240083 1.32
      vertex -13.968521 -2.3376238 1.32
    endloop
  endfacet
  facet normal 0 0 -1
    outer loop
      vertex -15.3 -1.905 1.2
      vertex -13.9 -1.905 1.2
      vertex -13.917236 -2.1240083 1.2
    endloop
  endfacet
  facet normal -0 0 1
    outer loop
      vertex -15.3 -1.905 1.32
      vertex -13.917236 -2.1240083 1.32
      vertex -13.9 -1.905 1.32
    endloop
  endfacet
  facet normal 0.99691733 -0.078459096 0
    outer loop
      vertex -13.917236 -2.1240083 1.2
      vertex -13.9 -1.905 1.2
      vertex -13.9 -1.905 1.32
    endloop
  endfacet
  facet normal 0.99691733 -0.078459096 0
    outer loop
      vertex -13.917236 -2.1240083 1.2
      vertex -13.9 -1.905 1.32
      vertex -13.917236 -2.1240083 1.32
    endloop
  endfacet
  facet normal 0 0 -1
    outer loop
      vertex -15.3 -1.905 1.31
      vertex -14.756771 -1.818961 1.31
      vertex -14.75 -1.905 1.31
    endloop
  endfacet
  facet normal 0 0 1
    outer loop
      vertex -15.3 -1.905 1.34
      vertex -14.75 -1.905 1.34
      vertex -14.756771 -1.818961 1.34
    endloop
  endfacet
  facet normal 0.99691733 0.078459096 0
    outer loop
      vertex -14.75 -1.905 1.31
      vertex -14.756771 -1.818961 1.31
      vertex -14.756771 -1.818961 1.34
    endloop
  endfacet
  facet normal 0.99691733 0.078459096 -0
    outer loop
      vertex -14.75 -1.905 1.31
      vertex -14.756771 -1.818961 1.34
      vertex -14.75 -1.905 1.34
    endloop
  endfacet
  facet normal 0 0 -1
    outer loop
      vertex -15.3 -1.905 1.31
      vertex -14.776919 -1.7350407 1.31
      vertex -14.756771 -1.818961 1.31
    endloop
  endfacet
  facet normal 0 0 1
    outer loop
      vertex -15.3 -1.905 1.34
      vertex -14.756771 -1.818961 1.34
      vertex -14.776919 -1.7350407 1.34
    endloop
  endfacet
  facet normal 0.97236992 0.23344536 0
    outer loop
      vertex -14.756771 -1.818961 1.31
      vertex -14.776919 -1.7350407 1.31
      vertex -14.776919 -1.7350407 1.34
    endloop
  endfacet
  facet normal 0.97236992 0.23344536 -0
    outer loop
      vertex -14.756771 -1.818961 1.31
      vertex -14.776919 -1.7350407 1.34
      vertex -14.756771 -1.818961 1.34
    endloop
  endfacet
  facet normal 0 0 -1
    outer loop
      vertex -15.3 -1.905 1.31
      vertex -14.809946 -1.6553052 1.31
      vertex -14.776919 -1.7350407 1.31
    endloop
  endfacet
  facet normal 0 0 1
    outer loop
      vertex -15.3 -1.905 1.34
      vertex -14.776919 -1.7350407 1.34
      vertex -14.809946 -1.6553052 1.34
    endloop
  endfacet
  facet normal 0.92387953 0.38268343 0
    outer loop
      vertex -14.776919 -1.7350407 1.31
      vertex -14.809946 -1.6553052 1.31
      vertex -14.809946 -1.6553052 1.34
    endloop
  endfacet
  facet normal 0.92387953 0.38268343 -0
    outer loop
      vertex -14.776919 -1.7350407 1.31
      vertex -14.809946 -1.6553052 1.34
      vertex -14.776919 -1.7350407 1.34
    endloop
  endfacet
  facet normal 0 0 -1
    outer loop
      vertex -15.3 -1.905 1.31
      vertex -14.855041 -1.5817181 1.31
      vertex -14.809946 -1.6553052 1.31
    endloop
  endfacet
  facet normal 0 0 1
    outer loop
      vertex -15.3 -1.905 1.34
      vertex -14.809946 -1.6553052 1.34
      vertex -14.855041 -1.5817181 1.34
    endloop
  endfacet
  facet normal 0.85264016 0.52249856 0
    outer loop
      vertex -14.809946 -1.6553052 1.31
      vertex -14.855041 -1.5817181 1.31
      vertex -14.855041 -1.5817181 1.34
    endloop
  endfacet
  facet normal 0.85264016 0.52249856 -0
    outer loop
      vertex -14.809946 -1.6553052 1.31
      vertex -14.855041 -1.5817181 1.34
      vertex -14.809946 -1.6553052 1.34
    endloop
  endfacet
  facet normal 0 0 -1
    outer loop
      vertex -15.3 -1.905 1.31
      vertex -14.911091 -1.5160913 1.31
      vertex -14.855041 -1.5817181 1.31
    endloop
  endfacet
  facet normal 0 0 1
    outer loop
      vertex -15.3 -1.905 1.34
      vertex -14.855041 -1.5817181 1.34
      vertex -14.911091 -1.5160913 1.34
    endloop
  endfacet
  facet normal 0.76040597 0.64944805 0
    outer loop
      vertex -14.855041 -1.5817181 1.31
      vertex -14.911091 -1.5160913 1.31
      vertex -14.911091 -1.5160913 1.34
    endloop
  endfacet
  facet normal 0.76040597 0.64944805 -0
    outer loop
      vertex -14.855041 -1.5817181 1.31
      vertex -14.911091 -1.5160913 1.34
      vertex -14.855041 -1.5817181 1.34
    endloop
  endfacet
  facet normal 0 0 -1
    outer loop
      vertex -15.3 -1.905 1.31
      vertex -14.976718 -1.4600407 1.31
      vertex -14.911091 -1.5160913 1.31
    endloop
  endfacet
  facet normal 0 0 1
    outer loop
      vertex -15.3 -1.905 1.34
      vertex -14.911091 -1.5160913 1.34
      vertex -14.976718 -1.4600407 1.34
    endloop
  endfacet
  facet normal 0.64944805 0.76040597 0
    outer loop
      vertex -14.911091 -1.5160913 1.31
      vertex -14.976718 -1.4600407 1.31
      vertex -14.976718 -1.4600407 1.34
    endloop
  endfacet
  facet normal 0.64944805 0.76040597 -0
    outer loop
      vertex -14.911091 -1.5160913 1.31
      vertex -14.976718 -1.4600407 1.34
      vertex -14.911091 -1.5160913 1.34
    endloop
  endfacet
  facet normal 0 0 -1
    outer loop
      vertex -15.3 -1.905 1.31
      vertex -15.050305 -1.4149464 1.31
      vertex -14.976718 -1.4600407 1.31
    endloop
  endfacet
  facet normal 0 0 1
    outer loop
      vertex -15.3 -1.905 1.34
      vertex -14.976718 -1.4600407 1.34
      vertex -15.050305 -1.4149464 1.34
    endloop
  endfacet
  facet normal 0.52249856 0.85264016 0
    outer loop
      vertex -14.976718 -1.4600407 1.31
      vertex -15.050305 -1.4149464 1.31
      vertex -15.050305 -1.4149464 1.34
    endloop
  endfacet
  facet normal 0.52249856 0.85264016 -0
    outer loop
      vertex -14.976718 -1.4600407 1.31
      vertex -15.050305 -1.4149464 1.34
      vertex -14.976718 -1.4600407 1.34
    endloop
  endfacet
  facet normal 0 0 -1
    outer loop
      vertex -15.3 -1.905 1.31
      vertex -15.130041 -1.3819189 1.31
      vertex -15.050305 -1.4149464 1.31
    endloop
  endfacet
  facet normal 0 0 1
    outer loop
      vertex -15.3 -1.905 1.34
      vertex -15.050305 -1.4149464 1.34
      vertex -15.130041 -1.3819189 1.34
    endloop
  endfacet
  facet normal 0.38268343 0.92387953 0
    outer loop
      vertex -15.050305 -1.4149464 1.31
      vertex -15.130041 -1.3819189 1.31
      vertex -15.130041 -1.3819189 1.34
    endloop
  endfacet
  facet normal 0.38268343 0.92387953 -0
    outer loop
      vertex -15.050305 -1.4149464 1.31
      vertex -15.130041 -1.3819189 1.34
      vertex -15.050305 -1.4149464 1.34
    endloop
  endfacet
  facet normal 0 0 -1
    outer loop
      vertex -15.3 -1.905 1.31
      vertex -15.213961 -1.3617714 1.31
      vertex -15.130041 -1.3819189 1.31
    endloop
  endfacet
  facet normal 0 0 1
    outer loop
      vertex -15.3 -1.905 1.34
      vertex -15.130041 -1.3819189 1.34
      vertex -15.213961 -1.3617714 1.34
    endloop
  endfacet
  facet normal 0.23344536 0.97236992 0
    outer loop
      vertex -15.130041 -1.3819189 1.31
      vertex -15.213961 -1.3617714 1.31
      vertex -15.213961 -1.3617714 1.34
    endloop
  endfacet
  facet normal 0.23344536 0.97236992 -0
    outer loop
      vertex -15.130041 -1.3819189 1.31
      vertex -15.213961 -1.3617714 1.34
      vertex -15.130041 -1.3819189 1.34
    endloop
  endfacet
  facet normal 0 0 -1
    outer loop
      vertex -15.3 -1.905 1.31
      vertex -15.3 -1.355 1.31
      vertex -15.213961 -1.3617714 1.31
    endloop
  endfacet
  facet normal 0 0 1
    outer loop
      vertex -15.3 -1.905 1.34
      vertex -15.213961 -1.3617714 1.34
      vertex -15.3 -1.355 1.34
    endloop
  endfacet
  facet normal 0.078459096 0.99691733 0
    outer loop
      vertex -15.213961 -1.3617714 1.31
      vertex -15.3 -1.355 1.31
      vertex -15.3 -1.355 1.34
    endloop
  endfacet
  facet normal 0.078459096 0.99691733 -0
    outer loop
      vertex -15.213961 -1.3617714 1.31
      vertex -15.3 -1.355 1.34
      vertex -15.213961 -1.3617714 1.34
    endloop
  endfacet
  facet normal 0 0 -1
    outer loop
      vertex -15.3 -1.905 1.31
      vertex -15.386039 -1.3617714 1.31
      vertex -15.3 -1.355 1.31
    endloop
  endfacet
  facet normal 0 -0 1
    outer loop
      vertex -15.3 -1.905 1.34
      vertex -15.3 -1.355 1.34
      vertex -15.386039 -1.3617714 1.34
    endloop
  endfacet
  facet normal -0.078459096 0.99691733 0
    outer loop
      vertex -15.3 -1.355 1.31
      vertex -15.386039 -1.3617714 1.31
      vertex -15.386039 -1.3617714 1.34
    endloop
  endfacet
  facet normal -0.078459096 0.99691733 0
    outer loop
      vertex -15.3 -1.355 1.31
      vertex -15.386039 -1.3617714 1.34
      vertex -15.3 -1.355 1.34
    endloop
  endfacet
  facet normal 0 0 -1
    outer loop
      vertex -15.3 -1.905 1.31
      vertex -15.469959 -1.3819189 1.31
      vertex -15.386039 -1.3617714 1.31
    endloop
  endfacet
  facet normal 0 0 1
    outer loop
      vertex -15.3 -1.905 1.34
      vertex -15.386039 -1.3617714 1.34
      vertex -15.469959 -1.3819189 1.34
    endloop
  endfacet
  facet normal -0.23344536 0.97236992 0
    outer loop
      vertex -15.386039 -1.3617714 1.31
      vertex -15.469959 -1.3819189 1.31
      vertex -15.469959 -1.3819189 1.34
    endloop
  endfacet
  facet normal -0.23344536 0.97236992 0
    outer loop
      vertex -15.386039 -1.3617714 1.31
      vertex -15.469959 -1.3819189 1.34
      vertex -15.386039 -1.3617714 1.34
    endloop
  endfacet
  facet normal 0 0 -1
    outer loop
      vertex -15.3 -1.905 1.31
      vertex -15.549695 -1.4149464 1.31
      vertex -15.469959 -1.3819189 1.31
    endloop
  endfacet
  facet normal 0 0 1
    outer loop
      vertex -15.3 -1.905 1.34
      vertex -15.469959 -1.3819189 1.34
      vertex -15.549695 -1.4149464 1.34
    endloop
  endfacet
  facet normal -0.38268343 0.92387953 0
    outer loop
      vertex -15.469959 -1.3819189 1.31
      vertex -15.549695 -1.4149464 1.31
      vertex -15.549695 -1.4149464 1.34
    endloop
  endfacet
  facet normal -0.38268343 0.92387953 0
    outer loop
      vertex -15.469959 -1.3819189 1.31
      vertex -15.549695 -1.4149464 1.34
      vertex -15.469959 -1.3819189 1.34
    endloop
  endfacet
  facet normal 0 0 -1
    outer loop
      vertex -15.3 -1.905 1.31
      vertex -15.623282 -1.4600407 1.31
      vertex -15.549695 -1.4149464 1.31
    endloop
  endfacet
  facet normal 0 0 1
    outer loop
      vertex -15.3 -1.905 1.34
      vertex -15.549695 -1.4149464 1.34
      vertex -15.623282 -1.4600407 1.34
    endloop
  endfacet
  facet normal -0.52249856 0.85264016 0
    outer loop
      vertex -15.549695 -1.4149464 1.31
      vertex -15.623282 -1.4600407 1.31
      vertex -15.623282 -1.4600407 1.34
    endloop
  endfacet
  facet normal -0.52249856 0.85264016 0
    outer loop
      vertex -15.549695 -1.4149464 1.31
      vertex -15.623282 -1.4600407 1.34
      vertex -15.549695 -1.4149464 1.34
    endloop
  endfacet
  facet normal 0 0 -1
    outer loop
      vertex -15.3 -1.905 1.31
      vertex -15.688909 -1.5160913 1.31
      vertex -15.623282 -1.4600407 1.31
    endloop
  endfacet
  facet normal 0 0 1
    outer loop
      vertex -15.3 -1.905 1.34
      vertex -15.623282 -1.4600407 1.34
      vertex -15.688909 -1.5160913 1.34
    endloop
  endfacet
  facet normal -0.64944805 0.76040597 0
    outer loop
      vertex -15.623282 -1.4600407 1.31
      vertex -15.688909 -1.5160913 1.31
      vertex -15.688909 -1.5160913 1.34
    endloop
  endfacet
  facet normal -0.64944805 0.76040597 0
    outer loop
      vertex -15.623282 -1.4600407 1.31
      vertex -15.688909 -1.5160913 1.34
      vertex -15.623282 -1.4600407 1.34
    endloop
  endfacet
  facet normal 0 0 -1
    outer loop
      vertex -15.3 -1.905 1.31
      vertex -15.744959 -1.5817181 1.31
      vertex -15.688909 -1.5160913 1.31
    endloop
  endfacet
  facet normal 0 0 1
    outer loop
      vertex -15.3 -1.905 1.34
      vertex -15.688909 -1.5160913 1.34
      vertex -15.744959 -1.5817181 1.34
    endloop
  endfacet
  facet normal -0.76040597 0.64944805 0
    outer loop
      vertex -15.688909 -1.5160913 1.31
      vertex -15.744959 -1.5817181 1.31
      vertex -15.744959 -1.5817181 1.34
    endloop
  endfacet
  facet normal -0.76040597 0.64944805 0
    outer loop
      vertex -15.688909 -1.5160913 1.31
      vertex -15.744959 -1.5817181 1.34
      vertex -15.688909 -1.5160913 1.34
    endloop
  endfacet
  facet normal 0 0 -1
    outer loop
      vertex -15.3 -1.905 1.31
      vertex -15.790054 -1.6553052 1.31
      vertex -15.744959 -1.5817181 1.31
    endloop
  endfacet
  facet normal 0 0 1
    outer loop
      vertex -15.3 -1.905 1.34
      vertex -15.744959 -1.5817181 1.34
      vertex -15.790054 -1.6553052 1.34
    endloop
  endfacet
  facet normal -0.85264016 0.52249856 0
    outer loop
      vertex -15.744959 -1.5817181 1.31
      vertex -15.790054 -1.6553052 1.31
      vertex -15.790054 -1.6553052 1.34
    endloop
  endfacet
  facet normal -0.85264016 0.52249856 0
    outer loop
      vertex -15.744959 -1.5817181 1.31
      vertex -15.790054 -1.6553052 1.34
      vertex -15.744959 -1.5817181 1.34
    endloop
  endfacet
  facet normal 0 0 -1
    outer loop
      vertex -15.3 -1.905 1.31
      vertex -15.823081 -1.7350407 1.31
      vertex -15.790054 -1.6553052 1.31
    endloop
  endfacet
  facet normal 0 0 1
    outer loop
      vertex -15.3 -1.905 1.34
      vertex -15.790054 -1.6553052 1.34
      vertex -15.823081 -1.7350407 1.34
    endloop
  endfacet
  facet normal -0.92387953 0.38268343 0
    outer loop
      vertex -15.790054 -1.6553052 1.31
      vertex -15.823081 -1.7350407 1.31
      vertex -15.823081 -1.7350407 1.34
    endloop
  endfacet
  facet normal -0.92387953 0.38268343 0
    outer loop
      vertex -15.790054 -1.6553052 1.31
      vertex -15.823081 -1.7350407 1.34
      vertex -15.790054 -1.6553052 1.34
    endloop
  endfacet
  facet normal 0 0 -1
    outer loop
      vertex -15.3 -1.905 1.31
      vertex -15.843229 -1.818961 1.31
      vertex -15.823081 -1.7350407 1.31
    endloop
  endfacet
  facet normal 0 0 1
    outer loop
      vertex -15.3 -1.905 1.34
      vertex -15.823081 -1.7350407 1.34
      vertex -15.843229 -1.818961 1.34
    endloop
  endfacet
  facet normal -0.97236992 0.23344536 0
    outer loop
      vertex -15.823081 -1.7350407 1.31
      vertex -15.843229 -1.818961 1.31
      vertex -15.843229 -1.818961 1.34
    endloop
  endfacet
  facet normal -0.97236992 0.23344536 0
    outer loop
      vertex -15.823081 -1.7350407 1.31
      vertex -15.843229 -1.818961 1.34
      vertex -15.823081 -1.7350407 1.34
    endloop
  endfacet
  facet normal 0 0 -1
    outer loop
      vertex -15.3 -1.905 1.31
      vertex -15.85 -1.905 1.31
      vertex -15.843229 -1.818961 1.31
    endloop
  endfacet
  facet normal 0 0 1
    outer loop
      vertex -15.3 -1.905 1.34
      vertex -15.843229 -1.818961 1.34
      vertex -15.85 -1.905 1.34
    endloop
  endfacet
  facet normal -0.99691733 0.078459096 0
    outer loop
      vertex -15.843229 -1.818961 1.31
      vertex -15.85 -1.905 1.31
      vertex -15.85 -1.905 1.34
    endloop
  endfacet
  facet normal -0.99691733 0.078459096 0
    outer loop
      vertex -15.843229 -1.818961 1.31
      vertex -15.85 -1.905 1.34
      vertex -15.843229 -1.818961 1.34
    endloop
  endfacet
  facet normal -0 0 -1
    outer loop
      vertex -15.3 -1.905 1.31
      vertex -15.843229 -1.991039 1.31
      vertex -15.85 -1.905 1.31
    endloop
  endfacet
  facet normal 0 0 1
    outer loop
      vertex -15.3 -1.905 1.34
      vertex -15.85 -1.905 1.34
      vertex -15.843229 -1.991039 1.34
    endloop
  endfacet
  facet normal -0.99691733 -0.078459096 0
    outer loop
      vertex -15.85 -1.905 1.31
      vertex -15.843229 -1.991039 1.31
      vertex -15.843229 -1.991039 1.34
    endloop
  endfacet
  facet normal -0.99691733 -0.078459096 0
    outer loop
      vertex -15.85 -1.905 1.31
      vertex -15.843229 -1.991039 1.34
      vertex -15.85 -1.905 1.34
    endloop
  endfacet
  facet normal 0 0 -1
    outer loop
      vertex -15.3 -1.905 1.31
      vertex -15.823081 -2.0749593 1.31
      vertex -15.843229 -1.991039 1.31
    endloop
  endfacet
  facet normal 0 0 1
    outer loop
      vertex -15.3 -1.905 1.34
      vertex -15.843229 -1.991039 1.34
      vertex -15.823081 -2.0749593 1.34
    endloop
  endfacet
  facet normal -0.97236992 -0.23344536 0
    outer loop
      vertex -15.843229 -1.991039 1.31
      vertex -15.823081 -2.0749593 1.31
      vertex -15.823081 -2.0749593 1.34
    endloop
  endfacet
  facet normal -0.97236992 -0.23344536 0
    outer loop
      vertex -15.843229 -1.991039 1.31
      vertex -15.823081 -2.0749593 1.34
      vertex -15.843229 -1.991039 1.34
    endloop
  endfacet
  facet normal 0 0 -1
    outer loop
      vertex -15.3 -1.905 1.31
      vertex -15.790054 -2.1546948 1.31
      vertex -15.823081 -2.0749593 1.31
    endloop
  endfacet
  facet normal 0 0 1
    outer loop
      vertex -15.3 -1.905 1.34
      vertex -15.823081 -2.0749593 1.34
      vertex -15.790054 -2.1546948 1.34
    endloop
  endfacet
  facet normal -0.92387953 -0.38268343 0
    outer loop
      vertex -15.823081 -2.0749593 1.31
      vertex -15.790054 -2.1546948 1.31
      vertex -15.790054 -2.1546948 1.34
    endloop
  endfacet
  facet normal -0.92387953 -0.38268343 0
    outer loop
      vertex -15.823081 -2.0749593 1.31
      vertex -15.790054 -2.1546948 1.34
      vertex -15.823081 -2.0749593 1.34
    endloop
  endfacet
  facet normal 0 0 -1
    outer loop
      vertex -15.3 -1.905 1.31
      vertex -15.744959 -2.2282819 1.31
      vertex -15.790054 -2.1546948 1.31
    endloop
  endfacet
  facet normal 0 0 1
    outer loop
      vertex -15.3 -1.905 1.34
      vertex -15.790054 -2.1546948 1.34
      vertex -15.744959 -2.2282819 1.34
    endloop
  endfacet
  facet normal -0.85264016 -0.52249856 0
    outer loop
      vertex -15.790054 -2.1546948 1.31
      vertex -15.744959 -2.2282819 1.31
      vertex -15.744959 -2.2282819 1.34
    endloop
  endfacet
  facet normal -0.85264016 -0.52249856 0
    outer loop
      vertex -15.790054 -2.1546948 1.31
      vertex -15.744959 -2.2282819 1.34
      vertex -15.790054 -2.1546948 1.34
    endloop
  endfacet
  facet normal 0 0 -1
    outer loop
      vertex -15.3 -1.905 1.31
      vertex -15.688909 -2.2939087 1.31
      vertex -15.744959 -2.2282819 1.31
    endloop
  endfacet
  facet normal 0 0 1
    outer loop
      vertex -15.3 -1.905 1.34
      vertex -15.744959 -2.2282819 1.34
      vertex -15.688909 -2.2939087 1.34
    endloop
  endfacet
  facet normal -0.76040597 -0.64944805 0
    outer loop
      vertex -15.744959 -2.2282819 1.31
      vertex -15.688909 -2.2939087 1.31
      vertex -15.688909 -2.2939087 1.34
    endloop
  endfacet
  facet normal -0.76040597 -0.64944805 0
    outer loop
      vertex -15.744959 -2.2282819 1.31
      vertex -15.688909 -2.2939087 1.34
      vertex -15.744959 -2.2282819 1.34
    endloop
  endfacet
  facet normal 0 0 -1
    outer loop
      vertex -15.3 -1.905 1.31
      vertex -15.623282 -2.3499593 1.31
      vertex -15.688909 -2.2939087 1.31
    endloop
  endfacet
  facet normal 0 0 1
    outer loop
      vertex -15.3 -1.905 1.34
      vertex -15.688909 -2.2939087 1.34
      vertex -15.623282 -2.3499593 1.34
    endloop
  endfacet
  facet normal -0.64944805 -0.76040597 0
    outer loop
      vertex -15.688909 -2.2939087 1.31
      vertex -15.623282 -2.3499593 1.31
      vertex -15.623282 -2.3499593 1.34
    endloop
  endfacet
  facet normal -0.64944805 -0.76040597 0
    outer loop
      vertex -15.688909 -2.2939087 1.31
      vertex -15.623282 -2.3499593 1.34
      vertex -15.688909 -2.2939087 1.34
    endloop
  endfacet
  facet normal 0 0 -1
    outer loop
      vertex -15.3 -1.905 1.31
      vertex -15.549695 -2.3950536 1.31
      vertex -15.623282 -2.3499593 1.31
    endloop
  endfacet
  facet normal 0 0 1
    outer loop
      vertex -15.3 -1.905 1.34
      vertex -15.623282 -2.3499593 1.34
      vertex -15.549695 -2.3950536 1.34
    endloop
  endfacet
  facet normal -0.52249856 -0.85264016 0
    outer loop
      vertex -15.623282 -2.3499593 1.31
      vertex -15.549695 -2.3950536 1.31
      vertex -15.549695 -2.3950536 1.34
    endloop
  endfacet
  facet normal -0.52249856 -0.85264016 0
    outer loop
      vertex -15.623282 -2.3499593 1.31
      vertex -15.549695 -2.3950536 1.34
      vertex -15.623282 -2.3499593 1.34
    endloop
  endfacet
  facet normal 0 0 -1
    outer loop
      vertex -15.3 -1.905 1.31
      vertex -15.469959 -2.4280811 1.31
      vertex -15.549695 -2.3950536 1.31
    endloop
  endfacet
  facet normal 0 0 1
    outer loop
      vertex -15.3 -1.905 1.34
      vertex -15.549695 -2.3950536 1.34
      vertex -15.469959 -2.4280811 1.34
    endloop
  endfacet
  facet normal -0.38268343 -0.92387953 0
    outer loop
      vertex -15.549695 -2.3950536 1.31
      vertex -15.469959 -2.4280811 1.31
      vertex -15.469959 -2.4280811 1.34
    endloop
  endfacet
  facet normal -0.38268343 -0.92387953 0
    outer loop
      vertex -15.549695 -2.3950536 1.31
      vertex -15.469959 -2.4280811 1.34
      vertex -15.549695 -2.3950536 1.34
    endloop
  endfacet
  facet normal 0 0 -1
    outer loop
      vertex -15.3 -1.905 1.31
      vertex -15.386039 -2.4482286 1.31
      vertex -15.469959 -2.4280811 1.31
    endloop
  endfacet
  facet normal 0 0 1
    outer loop
      vertex -15.3 -1.905 1.34
      vertex -15.469959 -2.4280811 1.34
      vertex -15.386039 -2.4482286 1.34
    endloop
  endfacet
  facet normal -0.23344536 -0.97236992 0
    outer loop
      vertex -15.469959 -2.4280811 1.31
      vertex -15.386039 -2.4482286 1.31
      vertex -15.386039 -2.4482286 1.34
    endloop
  endfacet
  facet normal -0.23344536 -0.97236992 0
    outer loop
      vertex -15.469959 -2.4280811 1.31
      vertex -15.386039 -2.4482286 1.34
      vertex -15.469959 -2.4280811 1.34
    endloop
  endfacet
  facet normal 0 -0 -1
    outer loop
      vertex -15.3 -1.905 1.31
      vertex -15.3 -2.455 1.31
      vertex -15.386039 -2.4482286 1.31
    endloop
  endfacet
  facet normal 0 0 1
    outer loop
      vertex -15.3 -1.905 1.34
      vertex -15.386039 -2.4482286 1.34
      vertex -15.3 -2.455 1.34
    endloop
  endfacet
  facet normal -0.078459096 -0.99691733 0
    outer loop
      vertex -15.386039 -2.4482286 1.31
      vertex -15.3 -2.455 1.31
      vertex -15.3 -2.455 1.34
    endloop
  endfacet
  facet normal -0.078459096 -0.99691733 0
    outer loop
      vertex -15.386039 -2.4482286 1.31
      vertex -15.3 -2.455 1.34
      vertex -15.386039 -2.4482286 1.34
    endloop
  endfacet
  facet normal 0 0 -1
    outer loop
      vertex -15.3 -1.905 1.31
      vertex -15.213961 -2.4482286 1.31
      vertex -15.3 -2.455 1.31
    endloop
  endfacet
  facet normal 0 0 1
    outer loop
      vertex -15.3 -1.905 1.34
      vertex -15.3 -2.455 1.34
      vertex -15.213961 -2.4482286 1.34
    endloop
  endfacet
  facet normal 0.078459096 -0.99691733 0
    outer loop
      vertex -15.3 -2.455 1.31
      vertex -15.213961 -2.4482286 1.31
      vertex -15.213961 -2.4482286 1.34
    endloop
  endfacet
  facet normal 0.078459096 -0.99691733 0
    outer loop
      vertex -15.3 -2.455 1.31
      vertex -15.213961 -2.4482286 1.34
      vertex -15.3 -2.455 1.34
    endloop
  endfacet
  facet normal 0 0 -1
    outer loop
      vertex -15.3 -1.905 1.31
      vertex -15.130041 -2.4280811 1.31
      vertex -15.213961 -2.4482286 1.31
    endloop
  endfacet
  facet normal 0 0 1
    outer loop
      vertex -15.3 -1.905 1.34
      vertex -15.213961 -2.4482286 1.34
      vertex -15.130041 -2.4280811 1.34
    endloop
  endfacet
  facet normal 0.23344536 -0.97236992 0
    outer loop
      vertex -15.213961 -2.4482286 1.31
      vertex -15.130041 -2.4280811 1.31
      vertex -15.130041 -2.4280811 1.34
    endloop
  endfacet
  facet normal 0.23344536 -0.97236992 0
    outer loop
      vertex -15.213961 -2.4482286 1.31
      vertex -15.130041 -2.4280811 1.34
      vertex -15.213961 -2.4482286 1.34
    endloop
  endfacet
  facet normal 0 0 -1
    outer loop
      vertex -15.3 -1.905 1.31
      vertex -15.050305 -2.3950536 1.31
      vertex -15.130041 -2.4280811 1.31
    endloop
  endfacet
  facet normal 0 0 1
    outer loop
      vertex -15.3 -1.905 1.34
      vertex -15.130041 -2.4280811 1.34
      vertex -15.050305 -2.3950536 1.34
    endloop
  endfacet
  facet normal 0.38268343 -0.92387953 0
    outer loop
      vertex -15.130041 -2.4280811 1.31
      vertex -15.050305 -2.3950536 1.31
      vertex -15.050305 -2.3950536 1.34
    endloop
  endfacet
  facet normal 0.38268343 -0.92387953 0
    outer loop
      vertex -15.130041 -2.4280811 1.31
      vertex -15.050305 -2.3950536 1.34
      vertex -15.130041 -2.4280811 1.34
    endloop
  endfacet
  facet normal 0 0 -1
    outer loop
      vertex -15.3 -1.905 1.31
      vertex -14.976718 -2.3499593 1.31
      vertex -15.050305 -2.3950536 1.31
    endloop
  endfacet
  facet normal 0 0 1
    outer loop
      vertex -15.3 -1.905 1.34
      vertex -15.050305 -2.3950536 1.34
      vertex -14.976718 -2.3499593 1.34
    endloop
  endfacet
  facet normal 0.52249856 -0.85264016 0
    outer loop
      vertex -15.050305 -2.3950536 1.31
      vertex -14.976718 -2.3499593 1.31
      vertex -14.976718 -2.3499593 1.34
    endloop
  endfacet
  facet normal 0.52249856 -0.85264016 0
    outer loop
      vertex -15.050305 -2.3950536 1.31
      vertex -14.976718 -2.3499593 1.34
      vertex -15.050305 -2.3950536 1.34
    endloop
  endfacet
  facet normal 0 0 -1
    outer loop
      vertex -15.3 -1.905 1.31
      vertex -14.911091 -2.2939087 1.31
      vertex -14.976718 -2.3499593 1.31
    endloop
  endfacet
  facet normal 0 0 1
    outer loop
      vertex -15.3 -1.905 1.34
      vertex -14.976718 -2.3499593 1.34
      vertex -14.911091 -2.2939087 1.34
    endloop
  endfacet
  facet normal 0.64944805 -0.76040597 0
    outer loop
      vertex -14.976718 -2.3499593 1.31
      vertex -14.911091 -2.2939087 1.31
      vertex -14.911091 -2.2939087 1.34
    endloop
  endfacet
  facet normal 0.64944805 -0.76040597 0
    outer loop
      vertex -14.976718 -2.3499593 1.31
      vertex -14.911091 -2.2939087 1.34
      vertex -14.976718 -2.3499593 1.34
    endloop
  endfacet
  facet normal 0 0 -1
    outer loop
      vertex -15.3 -1.905 1.31
      vertex -14.855041 -2.2282819 1.31
      vertex -14.911091 -2.2939087 1.31
    endloop
  endfacet
  facet normal 0 0 1
    outer loop
      vertex -15.3 -1.905 1.34
      vertex -14.911091 -2.2939087 1.34
      vertex -14.855041 -2.2282819 1.34
    endloop
  endfacet
  facet normal 0.76040597 -0.64944805 0
    outer loop
      vertex -14.911091 -2.2939087 1.31
      vertex -14.855041 -2.2282819 1.31
      vertex -14.855041 -2.2282819 1.34
    endloop
  endfacet
  facet normal 0.76040597 -0.64944805 0
    outer loop
      vertex -14.911091 -2.2939087 1.31
      vertex -14.855041 -2.2282819 1.34
      vertex -14.911091 -2.2939087 1.34
    endloop
  endfacet
  facet normal 0 0 -1
    outer loop
      vertex -15.3 -1.905 1.31
      vertex -14.809946 -2.1546948 1.31
      vertex -14.855041 -2.2282819 1.31
    endloop
  endfacet
  facet normal 0 0 1
    outer loop
      vertex -15.3 -1.905 1.34
      vertex -14.855041 -2.2282819 1.34
      vertex -14.809946 -2.1546948 1.34
    endloop
  endfacet
  facet normal 0.85264016 -0.52249856 0
    outer loop
      vertex -14.855041 -2.2282819 1.31
      vertex -14.809946 -2.1546948 1.31
      vertex -14.809946 -2.1546948 1.34
    endloop
  endfacet
  facet normal 0.85264016 -0.52249856 0
    outer loop
      vertex -14.855041 -2.2282819 1.31
      vertex -14.809946 -2.1546948 1.34
      vertex -14.855041 -2.2282819 1.34
    endloop
  endfacet
  facet normal 0 0 -1
    outer loop
      vertex -15.3 -1.905 1.31
      vertex -14.776919 -2.0749593 1.31
      vertex -14.809946 -2.1546948 1.31
    endloop
  endfacet
  facet normal 0 0 1
    outer loop
      vertex -15.3 -1.905 1.34
      vertex -14.809946 -2.1546948 1.34
      vertex -14.776919 -2.0749593 1.34
    endloop
  endfacet
  facet normal 0.92387953 -0.38268343 0
    outer loop
      vertex -14.809946 -2.1546948 1.31
      vertex -14.776919 -2.0749593 1.31
      vertex -14.776919 -2.0749593 1.34
    endloop
  endfacet
  facet normal 0.92387953 -0.38268343 0
    outer loop
      vertex -14.809946 -2.1546948 1.31
      vertex -14.776919 -2.0749593 1.34
      vertex -14.809946 -2.1546948 1.34
    endloop
  endfacet
  facet normal 0 0 -1
    outer loop
      vertex -15.3 -1.905 1.31
      vertex -14.756771 -1.991039 1.31
      vertex -14.776919 -2.0749593 1.31
    endloop
  endfacet
  facet normal 0 0 1
    outer loop
      vertex -15.3 -1.905 1.34
      vertex -14.776919 -2.0749593 1.34
      vertex -14.756771 -1.991039 1.34
    endloop
  endfacet
  facet normal 0.97236992 -0.23344536 0
    outer loop
      vertex -14.776919 -2.0749593 1.31
      vertex -14.756771 -1.991039 1.31
      vertex -14.756771 -1.991039 1.34
    endloop
  endfacet
  facet normal 0.97236992 -0.23344536 0
    outer loop
      vertex -14.776919 -2.0749593 1.31
      vertex -14.756771 -1.991039 1.34
      vertex -14.776919 -2.0749593 1.34
    endloop
  endfacet
  facet normal 0 0 -1
    outer loop
      vertex -15.3 -1.905 1.31
      vertex -14.75 -1.905 1.31
      vertex -14.756771 -1.991039 1.31
    endloop
  endfacet
  facet normal -0 0 1
    outer loop
      vertex -15.3 -1.905 1.34
      vertex -14.756771 -1.991039 1.34
      vertex -14.75 -1.905 1.34
    endloop
  endfacet
  facet normal 0.99691733 -0.078459096 0
    outer loop
      vertex -14.756771 -1.991039 1.31
      vertex -14.75 -1.905 1.31
      vertex -14.75 -1.905 1.34
    endloop
  endfacet
  facet normal 0.99691733 -0.078459096 0
    outer loop
      vertex -14.756771 -1.991039 1.31
      vertex -14.75 -1.905 1.34
      vertex -14.756771 -1.991039 1.34
    endloop
  endfacet
  facet normal 0 0 -1
    outer loop
      vertex -15.3 1.905 1.2
      vertex -13.917236 2.1240083 1.2
      vertex -13.9 1.905 1.2
    endloop
  endfacet
  facet normal 0 0 1
    outer loop
      vertex -15.3 1.905 1.32
      vertex -13.9 1.905 1.32
      vertex -13.917236 2.1240083 1.32
    endloop
  endfacet
  facet normal 0.99691733 0.078459096 0
    outer loop
      vertex -13.9 1.905 1.2
      vertex -13.917236 2.1240083 1.2
      vertex -13.917236 2.1240083 1.32
    endloop
  endfacet
  facet normal 0.99691733 0.078459096 -0
    outer loop
      vertex -13.9 1.905 1.2
      vertex -13.917236 2.1240083 1.32
      vertex -13.9 1.905 1.32
    endloop
  endfacet
  facet normal 0 0 -1
    outer loop
      vertex -15.3 1.905 1.2
      vertex -13.968521 2.3376238 1.2
      vertex -13.917236 2.1240083 1.2
    endloop
  endfacet
  facet normal 0 0 1
    outer loop
      vertex -15.3 1.905 1.32
      vertex -13.917236 2.1240083 1.32
      vertex -13.968521 2.3376238 1.32
    endloop
  endfacet
  facet normal 0.97236992 0.23344536 0
    outer loop
      vertex -13.917236 2.1240083 1.2
      vertex -13.968521 2.3376238 1.2
      vertex -13.968521 2.3376238 1.32
    endloop
  endfacet
  facet normal 0.97236992 0.23344536 -0
    outer loop
      vertex -13.917236 2.1240083 1.2
      vertex -13.968521 2.3376238 1.32
      vertex -13.917236 2.1240083 1.32
    endloop
  endfacet
  facet normal 0 0 -1
    outer loop
      vertex -15.3 1.905 1.2
      vertex -14.052591 2.5405867 1.2
      vertex -13.968521 2.3376238 1.2
    endloop
  endfacet
  facet normal 0 0 1
    outer loop
      vertex -15.3 1.905 1.32
      vertex -13.968521 2.3376238 1.32
      vertex -14.052591 2.5405867 1.32
    endloop
  endfacet
  facet normal 0.92387953 0.38268343 0
    outer loop
      vertex -13.968521 2.3376238 1.2
      vertex -14.052591 2.5405867 1.2
      vertex -14.052591 2.5405867 1.32
    endloop
  endfacet
  facet normal 0.92387953 0.38268343 -0
    outer loop
      vertex -13.968521 2.3376238 1.2
      vertex -14.052591 2.5405867 1.32
      vertex -13.968521 2.3376238 1.32
    endloop
  endfacet
  facet normal 0 0 -1
    outer loop
      vertex -15.3 1.905 1.2
      vertex -14.167376 2.7278994 1.2
      vertex -14.052591 2.5405867 1.2
    endloop
  endfacet
  facet normal 0 0 1
    outer loop
      vertex -15.3 1.905 1.32
      vertex -14.052591 2.5405867 1.32
      vertex -14.167376 2.7278994 1.32
    endloop
  endfacet
  facet normal 0.85264016 0.52249856 0
    outer loop
      vertex -14.052591 2.5405867 1.2
      vertex -14.167376 2.7278994 1.2
      vertex -14.167376 2.7278994 1.32
    endloop
  endfacet
  facet normal 0.85264016 0.52249856 -0
    outer loop
      vertex -14.052591 2.5405867 1.2
      vertex -14.167376 2.7278994 1.32
      vertex -14.052591 2.5405867 1.32
    endloop
  endfacet
  facet normal 0 0 -1
    outer loop
      vertex -15.3 1.905 1.2
      vertex -14.310051 2.8949495 1.2
      vertex -14.167376 2.7278994 1.2
    endloop
  endfacet
  facet normal 0 0 1
    outer loop
      vertex -15.3 1.905 1.32
      vertex -14.167376 2.7278994 1.32
      vertex -14.310051 2.8949495 1.32
    endloop
  endfacet
  facet normal 0.76040597 0.64944805 0
    outer loop
      vertex -14.167376 2.7278994 1.2
      vertex -14.310051 2.8949495 1.2
      vertex -14.310051 2.8949495 1.32
    endloop
  endfacet
  facet normal 0.76040597 0.64944805 -0
    outer loop
      vertex -14.167376 2.7278994 1.2
      vertex -14.310051 2.8949495 1.32
      vertex -14.167376 2.7278994 1.32
    endloop
  endfacet
  facet normal 0 0 -1
    outer loop
      vertex -15.3 1.905 1.2
      vertex -14.477101 3.0376238 1.2
      vertex -14.310051 2.8949495 1.2
    endloop
  endfacet
  facet normal 0 0 1
    outer loop
      vertex -15.3 1.905 1.32
      vertex -14.310051 2.8949495 1.32
      vertex -14.477101 3.0376238 1.32
    endloop
  endfacet
  facet normal 0.64944805 0.76040597 0
    outer loop
      vertex -14.310051 2.8949495 1.2
      vertex -14.477101 3.0376238 1.2
      vertex -14.477101 3.0376238 1.32
    endloop
  endfacet
  facet normal 0.64944805 0.76040597 -0
    outer loop
      vertex -14.310051 2.8949495 1.2
      vertex -14.477101 3.0376238 1.32
      vertex -14.310051 2.8949495 1.32
    endloop
  endfacet
  facet normal 0 0 -1
    outer loop
      vertex -15.3 1.905 1.2
      vertex -14.664413 3.1524091 1.2
      vertex -14.477101 3.0376238 1.2
    endloop
  endfacet
  facet normal 0 0 1
    outer loop
      vertex -15.3 1.905 1.32
      vertex -14.477101 3.0376238 1.32
      vertex -14.664413 3.1524091 1.32
    endloop
  endfacet
  facet normal 0.52249856 0.85264016 0
    outer loop
      vertex -14.477101 3.0376238 1.2
      vertex -14.664413 3.1524091 1.2
      vertex -14.664413 3.1524091 1.32
    endloop
  endfacet
  facet normal 0.52249856 0.85264016 -0
    outer loop
      vertex -14.477101 3.0376238 1.2
      vertex -14.664413 3.1524091 1.32
      vertex -14.477101 3.0376238 1.32
    endloop
  endfacet
  facet normal 0 0 -1
    outer loop
      vertex -15.3 1.905 1.2
      vertex -14.867376 3.2364791 1.2
      vertex -14.664413 3.1524091 1.2
    endloop
  endfacet
  facet normal 0 0 1
    outer loop
      vertex -15.3 1.905 1.32
      vertex -14.664413 3.1524091 1.32
      vertex -14.867376 3.2364791 1.32
    endloop
  endfacet
  facet normal 0.38268343 0.92387953 0
    outer loop
      vertex -14.664413 3.1524091 1.2
      vertex -14.867376 3.2364791 1.2
      vertex -14.867376 3.2364791 1.32
    endloop
  endfacet
  facet normal 0.38268343 0.92387953 -0
    outer loop
      vertex -14.664413 3.1524091 1.2
      vertex -14.867376 3.2364791 1.32
      vertex -14.664413 3.1524091 1.32
    endloop
  endfacet
  facet normal 0 0 -1
    outer loop
      vertex -15.3 1.905 1.2
      vertex -15.080992 3.2877637 1.2
      vertex -14.867376 3.2364791 1.2
    endloop
  endfacet
  facet normal 0 0 1
    outer loop
      vertex -15.3 1.905 1.32
      vertex -14.867376 3.2364791 1.32
      vertex -15.080992 3.2877637 1.32
    endloop
  endfacet
  facet normal 0.23344536 0.97236992 0
    outer loop
      vertex -14.867376 3.2364791 1.2
      vertex -15.080992 3.2877637 1.2
      vertex -15.080992 3.2877637 1.32
    endloop
  endfacet
  facet normal 0.23344536 0.97236992 -0
    outer loop
      vertex -14.867376 3.2364791 1.2
      vertex -15.080992 3.2877637 1.32
      vertex -14.867376 3.2364791 1.32
    endloop
  endfacet
  facet normal 0 0 -1
    outer loop
      vertex -15.3 1.905 1.2
      vertex -15.3 3.305 1.2
      vertex -15.080992 3.2877637 1.2
    endloop
  endfacet
  facet normal 0 0 1
    outer loop
      vertex -15.3 1.905 1.32
      vertex -15.080992 3.2877637 1.32
      vertex -15.3 3.305 1.32
    endloop
  endfacet
  facet normal 0.078459096 0.99691733 0
    outer loop
      vertex -15.080992 3.2877637 1.2
      vertex -15.3 3.305 1.2
      vertex -15.3 3.305 1.32
    endloop
  endfacet
  facet normal 0.078459096 0.99691733 -0
    outer loop
      vertex -15.080992 3.2877637 1.2
      vertex -15.3 3.305 1.32
      vertex -15.080992 3.2877637 1.32
    endloop
  endfacet
  facet normal 0 0 -1
    outer loop
      vertex -15.3 1.905 1.2
      vertex -15.519008 3.2877637 1.2
      vertex -15.3 3.305 1.2
    endloop
  endfacet
  facet normal 0 -0 1
    outer loop
      vertex -15.3 1.905 1.32
      vertex -15.3 3.305 1.32
      vertex -15.519008 3.2877637 1.32
    endloop
  endfacet
  facet normal -0.078459096 0.99691733 0
    outer loop
      vertex -15.3 3.305 1.2
      vertex -15.519008 3.2877637 1.2
      vertex -15.519008 3.2877637 1.32
    endloop
  endfacet
  facet normal -0.078459096 0.99691733 0
    outer loop
      vertex -15.3 3.305 1.2
      vertex -15.519008 3.2877637 1.32
      vertex -15.3 3.305 1.32
    endloop
  endfacet
  facet normal 0 0 -1
    outer loop
      vertex -15.3 1.905 1.2
      vertex -15.732624 3.2364791 1.2
      vertex -15.519008 3.2877637 1.2
    endloop
  endfacet
  facet normal 0 0 1
    outer loop
      vertex -15.3 1.905 1.32
      vertex -15.519008 3.2877637 1.32
      vertex -15.732624 3.2364791 1.32
    endloop
  endfacet
  facet normal -0.23344536 0.97236992 0
    outer loop
      vertex -15.519008 3.2877637 1.2
      vertex -15.732624 3.2364791 1.2
      vertex -15.732624 3.2364791 1.32
    endloop
  endfacet
  facet normal -0.23344536 0.97236992 0
    outer loop
      vertex -15.519008 3.2877637 1.2
      vertex -15.732624 3.2364791 1.32
      vertex -15.519008 3.2877637 1.32
    endloop
  endfacet
  facet normal 0 0 -1
    outer loop
      vertex -15.3 1.905 1.2
      vertex -15.935587 3.1524091 1.2
      vertex -15.732624 3.2364791 1.2
    endloop
  endfacet
  facet normal 0 0 1
    outer loop
      vertex -15.3 1.905 1.32
      vertex -15.732624 3.2364791 1.32
      vertex -15.935587 3.1524091 1.32
    endloop
  endfacet
  facet normal -0.38268343 0.92387953 0
    outer loop
      vertex -15.732624 3.2364791 1.2
      vertex -15.935587 3.1524091 1.2
      vertex -15.935587 3.1524091 1.32
    endloop
  endfacet
  facet normal -0.38268343 0.92387953 0
    outer loop
      vertex -15.732624 3.2364791 1.2
      vertex -15.935587 3.1524091 1.32
      vertex -15.732624 3.2364791 1.32
    endloop
  endfacet
  facet normal 0 0 -1
    outer loop
      vertex -15.3 1.905 1.2
      vertex -16.122899 3.0376238 1.2
      vertex -15.935587 3.1524091 1.2
    endloop
  endfacet
  facet normal 0 0 1
    outer loop
      vertex -15.3 1.905 1.32
      vertex -15.935587 3.1524091 1.32
      vertex -16.122899 3.0376238 1.32
    endloop
  endfacet
  facet normal -0.52249856 0.85264016 0
    outer loop
      vertex -15.935587 3.1524091 1.2
      vertex -16.122899 3.0376238 1.2
      vertex -16.122899 3.0376238 1.32
    endloop
  endfacet
  facet normal -0.52249856 0.85264016 0
    outer loop
      vertex -15.935587 3.1524091 1.2
      vertex -16.122899 3.0376238 1.32
      vertex -15.935587 3.1524091 1.32
    endloop
  endfacet
  facet normal 0 0 -1
    outer loop
      vertex -15.3 1.905 1.2
      vertex -16.289949 2.8949495 1.2
      vertex -16.122899 3.0376238 1.2
    endloop
  endfacet
  facet normal 0 0 1
    outer loop
      vertex -15.3 1.905 1.32
      vertex -16.122899 3.0376238 1.32
      vertex -16.289949 2.8949495 1.32
    endloop
  endfacet
  facet normal -0.64944805 0.76040597 0
    outer loop
      vertex -16.122899 3.0376238 1.2
      vertex -16.289949 2.8949495 1.2
      vertex -16.289949 2.8949495 1.32
    endloop
  endfacet
  facet normal -0.64944805 0.76040597 0
    outer loop
      vertex -16.122899 3.0376238 1.2
      vertex -16.289949 2.8949495 1.32
      vertex -16.122899 3.0376238 1.32
    endloop
  endfacet
  facet normal 0 0 -1
    outer loop
      vertex -15.3 1.905 1.2
      vertex -16.432624 2.7278994 1.2
      vertex -16.289949 2.8949495 1.2
    endloop
  endfacet
  facet normal 0 0 1
    outer loop
      vertex -15.3 1.905 1.32
      vertex -16.289949 2.8949495 1.32
      vertex -16.432624 2.7278994 1.32
    endloop
  endfacet
  facet normal -0.76040597 0.64944805 0
    outer loop
      vertex -16.289949 2.8949495 1.2
      vertex -16.432624 2.7278994 1.2
      vertex -16.432624 2.7278994 1.32
    endloop
  endfacet
  facet normal -0.76040597 0.64944805 0
    outer loop
      vertex -16.289949 2.8949495 1.2
      vertex -16.432624 2.7278994 1.32
      vertex -16.289949 2.8949495 1.32
    endloop
  endfacet
  facet normal 0 0 -1
    outer loop
      vertex -15.3 1.905 1.2
      vertex -16.547409 2.5405867 1.2
      vertex -16.432624 2.7278994 1.2
    endloop
  endfacet
  facet normal 0 0 1
    outer loop
      vertex -15.3 1.905 1.32
      vertex -16.432624 2.7278994 1.32
      vertex -16.547409 2.5405867 1.32
    endloop
  endfacet
  facet normal -0.85264016 0.52249856 0
    outer loop
      vertex -16.432624 2.7278994 1.2
      vertex -16.547409 2.5405867 1.2
      vertex -16.547409 2.5405867 1.32
    endloop
  endfacet
  facet normal -0.85264016 0.52249856 0
    outer loop
      vertex -16.432624 2.7278994 1.2
      vertex -16.547409 2.5405867 1.32
      vertex -16.432624 2.7278994 1.32
    endloop
  endfacet
  facet normal 0 0 -1
    outer loop
      vertex -15.3 1.905 1.2
      vertex -16.631479 2.3376238 1.2
      vertex -16.547409 2.5405867 1.2
    endloop
  endfacet
  facet normal 0 0 1
    outer loop
      vertex -15.3 1.905 1.32
      vertex -16.547409 2.5405867 1.32
      vertex -16.631479 2.3376238 1.32
    endloop
  endfacet
  facet normal -0.92387953 0.38268343 0
    outer loop
      vertex -16.547409 2.5405867 1.2
      vertex -16.631479 2.3376238 1.2
      vertex -16.631479 2.3376238 1.32
    endloop
  endfacet
  facet normal -0.92387953 0.38268343 0
    outer loop
      vertex -16.547409 2.5405867 1.2
      vertex -16.631479 2.3376238 1.32
      vertex -16.547409 2.5405867 1.32
    endloop
  endfacet
  facet normal 0 0 -1
    outer loop
      vertex -15.3 1.905 1.2
      vertex -16.682764 2.1240083 1.2
      vertex -16.631479 2.3376238 1.2
    endloop
  endfacet
  facet normal 0 0 1
    outer loop
      vertex -15.3 1.905 1.32
      vertex -16.631479 2.3376238 1.32
      vertex -16.682764 2.1240083 1.32
    endloop
  endfacet
  facet normal -0.97236992 0.23344536 0
    outer loop
      vertex -16.631479 2.3376238 1.2
      vertex -16.682764 2.1240083 1.2
      vertex -16.682764 2.1240083 1.32
    endloop
  endfacet
  facet normal -0.97236992 0.23344536 0
    outer loop
      vertex -16.631479 2.3376238 1.2
      vertex -16.682764 2.1240083 1.32
      vertex -16.631479 2.3376238 1.32
    endloop
  endfacet
  facet normal 0 0 -1
    outer loop
      vertex -15.3 1.905 1.2
      vertex -16.7 1.905 1.2
      vertex -16.682764 2.1240083 1.2
    endloop
  endfacet
  facet normal 0 0 1
    outer loop
      vertex -15.3 1.905 1.32
      vertex -16.682764 2.1240083 1.32
      vertex -16.7 1.905 1.32
    endloop
  endfacet
  facet normal -0.99691733 0.078459096 0
    outer loop
      vertex -16.682764 2.1240083 1.2
      vertex -16.7 1.905 1.2
      vertex -16.7 1.905 1.32
    endloop
  endfacet
  facet normal -0.99691733 0.078459096 0
    outer loop
      vertex -16.682764 2.1240083 1.2
      vertex -16.7 1.905 1.32
      vertex -16.682764 2.1240083 1.32
    endloop
  endfacet
  facet normal -0 0 -1
    outer loop
      vertex -15.3 1.905 1.2
      vertex -16.682764 1.6859917 1.2
      vertex -16.7 1.905 1.2
    endloop
  endfacet
  facet normal 0 0 1
    outer loop
      vertex -15.3 1.905 1.32
      vertex -16.7 1.905 1.32
      vertex -16.682764 1.6859917 1.32
    endloop
  endfacet
  facet normal -0.99691733 -0.078459096 0
    outer loop
      vertex -16.7 1.905 1.2
      vertex -16.682764 1.6859917 1.2
      vertex -16.682764 1.6859917 1.32
    endloop
  endfacet
  facet normal -0.99691733 -0.078459096 0
    outer loop
      vertex -16.7 1.905 1.2
      vertex -16.682764 1.6859917 1.32
      vertex -16.7 1.905 1.32
    endloop
  endfacet
  facet normal 0 0 -1
    outer loop
      vertex -15.3 1.905 1.2
      vertex -16.631479 1.4723762 1.2
      vertex -16.682764 1.6859917 1.2
    endloop
  endfacet
  facet normal 0 0 1
    outer loop
      vertex -15.3 1.905 1.32
      vertex -16.682764 1.6859917 1.32
      vertex -16.631479 1.4723762 1.32
    endloop
  endfacet
  facet normal -0.97236992 -0.23344536 0
    outer loop
      vertex -16.682764 1.6859917 1.2
      vertex -16.631479 1.4723762 1.2
      vertex -16.631479 1.4723762 1.32
    endloop
  endfacet
  facet normal -0.97236992 -0.23344536 0
    outer loop
      vertex -16.682764 1.6859917 1.2
      vertex -16.631479 1.4723762 1.32
      vertex -16.682764 1.6859917 1.32
    endloop
  endfacet
  facet normal 0 0 -1
    outer loop
      vertex -15.3 1.905 1.2
      vertex -16.547409 1.2694133 1.2
      vertex -16.631479 1.4723762 1.2
    endloop
  endfacet
  facet normal 0 0 1
    outer loop
      vertex -15.3 1.905 1.32
      vertex -16.631479 1.4723762 1.32
      vertex -16.547409 1.2694133 1.32
    endloop
  endfacet
  facet normal -0.92387953 -0.38268343 0
    outer loop
      vertex -16.631479 1.4723762 1.2
      vertex -16.547409 1.2694133 1.2
      vertex -16.547409 1.2694133 1.32
    endloop
  endfacet
  facet normal -0.92387953 -0.38268343 0
    outer loop
      vertex -16.631479 1.4723762 1.2
      vertex -16.547409 1.2694133 1.32
      vertex -16.631479 1.4723762 1.32
    endloop
  endfacet
  facet normal 0 0 -1
    outer loop
      vertex -15.3 1.905 1.2
      vertex -16.432624 1.0821006 1.2
      vertex -16.547409 1.2694133 1.2
    endloop
  endfacet
  facet normal 0 0 1
    outer loop
      vertex -15.3 1.905 1.32
      vertex -16.547409 1.2694133 1.32
      vertex -16.432624 1.0821006 1.32
    endloop
  endfacet
  facet normal -0.85264016 -0.52249856 0
    outer loop
      vertex -16.547409 1.2694133 1.2
      vertex -16.432624 1.0821006 1.2
      vertex -16.432624 1.0821006 1.32
    endloop
  endfacet
  facet normal -0.85264016 -0.52249856 0
    outer loop
      vertex -16.547409 1.2694133 1.2
      vertex -16.432624 1.0821006 1.32
      vertex -16.547409 1.2694133 1.32
    endloop
  endfacet
  facet normal 0 0 -1
    outer loop
      vertex -15.3 1.905 1.2
      vertex -16.289949 0.91505051 1.2
      vertex -16.432624 1.0821006 1.2
    endloop
  endfacet
  facet normal 0 0 1
    outer loop
      vertex -15.3 1.905 1.32
      vertex -16.432624 1.0821006 1.32
      vertex -16.289949 0.91505051 1.32
    endloop
  endfacet
  facet normal -0.76040597 -0.64944805 0
    outer loop
      vertex -16.432624 1.0821006 1.2
      vertex -16.289949 0.91505051 1.2
      vertex -16.289949 0.91505051 1.32
    endloop
  endfacet
  facet normal -0.76040597 -0.64944805 0
    outer loop
      vertex -16.432624 1.0821006 1.2
      vertex -16.289949 0.91505051 1.32
      vertex -16.432624 1.0821006 1.32
    endloop
  endfacet
  facet normal 0 0 -1
    outer loop
      vertex -15.3 1.905 1.2
      vertex -16.122899 0.77237621 1.2
      vertex -16.289949 0.91505051 1.2
    endloop
  endfacet
  facet normal 0 0 1
    outer loop
      vertex -15.3 1.905 1.32
      vertex -16.289949 0.91505051 1.32
      vertex -16.122899 0.77237621 1.32
    endloop
  endfacet
  facet normal -0.64944805 -0.76040597 0
    outer loop
      vertex -16.289949 0.91505051 1.2
      vertex -16.122899 0.77237621 1.2
      vertex -16.122899 0.77237621 1.32
    endloop
  endfacet
  facet normal -0.64944805 -0.76040597 0
    outer loop
      vertex -16.289949 0.91505051 1.2
      vertex -16.122899 0.77237621 1.32
      vertex -16.289949 0.91505051 1.32
    endloop
  endfacet
  facet normal 0 0 -1
    outer loop
      vertex -15.3 1.905 1.2
      vertex -15.935587 0.65759087 1.2
      vertex -16.122899 0.77237621 1.2
    endloop
  endfacet
  facet normal 0 0 1
    outer loop
      vertex -15.3 1.905 1.32
      vertex -16.122899 0.77237621 1.32
      vertex -15.935587 0.65759087 1.32
    endloop
  endfacet
  facet normal -0.52249856 -0.85264016 0
    outer loop
      vertex -16.122899 0.77237621 1.2
      vertex -15.935587 0.65759087 1.2
      vertex -15.935587 0.65759087 1.32
    endloop
  endfacet
  facet normal -0.52249856 -0.85264016 0
    outer loop
      vertex -16.122899 0.77237621 1.2
      vertex -15.935587 0.65759087 1.32
      vertex -16.122899 0.77237621 1.32
    endloop
  endfacet
  facet normal 0 0 -1
    outer loop
      vertex -15.3 1.905 1.2
      vertex -15.732624 0.57352088 1.2
      vertex -15.935587 0.65759087 1.2
    endloop
  endfacet
  facet normal 0 0 1
    outer loop
      vertex -15.3 1.905 1.32
      vertex -15.935587 0.65759087 1.32
      vertex -15.732624 0.57352088 1.32
    endloop
  endfacet
  facet normal -0.38268343 -0.92387953 0
    outer loop
      vertex -15.935587 0.65759087 1.2
      vertex -15.732624 0.57352088 1.2
      vertex -15.732624 0.57352088 1.32
    endloop
  endfacet
  facet normal -0.38268343 -0.92387953 0
    outer loop
      vertex -15.935587 0.65759087 1.2
      vertex -15.732624 0.57352088 1.32
      vertex -15.935587 0.65759087 1.32
    endloop
  endfacet
  facet normal 0 0 -1
    outer loop
      vertex -15.3 1.905 1.2
      vertex -15.519008 0.52223632 1.2
      vertex -15.732624 0.57352088 1.2
    endloop
  endfacet
  facet normal 0 0 1
    outer loop
      vertex -15.3 1.905 1.32
      vertex -15.732624 0.57352088 1.32
      vertex -15.519008 0.52223632 1.32
    endloop
  endfacet
  facet normal -0.23344536 -0.97236992 0
    outer loop
      vertex -15.732624 0.57352088 1.2
      vertex -15.519008 0.52223632 1.2
      vertex -15.519008 0.52223632 1.32
    endloop
  endfacet
  facet normal -0.23344536 -0.97236992 0
    outer loop
      vertex -15.732624 0.57352088 1.2
      vertex -15.519008 0.52223632 1.32
      vertex -15.732624 0.57352088 1.32
    endloop
  endfacet
  facet normal 0 -0 -1
    outer loop
      vertex -15.3 1.905 1.2
      vertex -15.3 0.505 1.2
      vertex -15.519008 0.52223632 1.2
    endloop
  endfacet
  facet normal 0 0 1
    outer loop
      vertex -15.3 1.905 1.32
      vertex -15.519008 0.52223632 1.32
      vertex -15.3 0.505 1.32
    endloop
  endfacet
  facet normal -0.078459096 -0.99691733 0
    outer loop
      vertex -15.519008 0.52223632 1.2
      vertex -15.3 0.505 1.2
      vertex -15.3 0.505 1.32
    endloop
  endfacet
  facet normal -0.078459096 -0.99691733 0
    outer loop
      vertex -15.519008 0.52223632 1.2
      vertex -15.3 0.505 1.32
      vertex -15.519008 0.52223632 1.32
    endloop
  endfacet
  facet normal 0 0 -1
    outer loop
      vertex -15.3 1.905 1.2
      vertex -15.080992 0.52223632 1.2
      vertex -15.3 0.505 1.2
    endloop
  endfacet
  facet normal 0 0 1
    outer loop
      vertex -15.3 1.905 1.32
      vertex -15.3 0.505 1.32
      vertex -15.080992 0.52223632 1.32
    endloop
  endfacet
  facet normal 0.078459096 -0.99691733 0
    outer loop
      vertex -15.3 0.505 1.2
      vertex -15.080992 0.52223632 1.2
      vertex -15.080992 0.52223632 1.32
    endloop
  endfacet
  facet normal 0.078459096 -0.99691733 0
    outer loop
      vertex -15.3 0.505 1.2
      vertex -15.080992 0.52223632 1.32
      vertex -15.3 0.505 1.32
    endloop
  endfacet
  facet normal 0 0 -1
    outer loop
      vertex -15.3 1.905 1.2
      vertex -14.867376 0.57352088 1.2
      vertex -15.080992 0.52223632 1.2
    endloop
  endfacet
  facet normal 0 0 1
    outer loop
      vertex -15.3 1.905 1.32
      vertex -15.080992 0.52223632 1.32
      vertex -14.867376 0.57352088 1.32
    endloop
  endfacet
  facet normal 0.23344536 -0.97236992 0
    outer loop
      vertex -15.080992 0.52223632 1.2
      vertex -14.867376 0.57352088 1.2
      vertex -14.867376 0.57352088 1.32
    endloop
  endfacet
  facet normal 0.23344536 -0.97236992 0
    outer loop
      vertex -15.080992 0.52223632 1.2
      vertex -14.867376 0.57352088 1.32
      vertex -15.080992 0.52223632 1.32
    endloop
  endfacet
  facet normal 0 0 -1
    outer loop
      vertex -15.3 1.905 1.2
      vertex -14.664413 0.65759087 1.2
      vertex -14.867376 0.57352088 1.2
    endloop
  endfacet
  facet normal 0 0 1
    outer loop
      vertex -15.3 1.905 1.32
      vertex -14.867376 0.57352088 1.32
      vertex -14.664413 0.65759087 1.32
    endloop
  endfacet
  facet normal 0.38268343 -0.92387953 0
    outer loop
      vertex -14.867376 0.57352088 1.2
      vertex -14.664413 0.65759087 1.2
      vertex -14.664413 0.65759087 1.32
    endloop
  endfacet
  facet normal 0.38268343 -0.92387953 0
    outer loop
      vertex -14.867376 0.57352088 1.2
      vertex -14.664413 0.65759087 1.32
      vertex -14.867376 0.57352088 1.32
    endloop
  endfacet
  facet normal 0 0 -1
    outer loop
      vertex -15.3 1.905 1.2
      vertex -14.477101 0.77237621 1.2
      vertex -14.664413 0.65759087 1.2
    endloop
  endfacet
  facet normal 0 0 1
    outer loop
      vertex -15.3 1.905 1.32
      vertex -14.664413 0.65759087 1.32
      vertex -14.477101 0.77237621 1.32
    endloop
  endfacet
  facet normal 0.52249856 -0.85264016 0
    outer loop
      vertex -14.664413 0.65759087 1.2
      vertex -14.477101 0.77237621 1.2
      vertex -14.477101 0.77237621 1.32
    endloop
  endfacet
  facet normal 0.52249856 -0.85264016 0
    outer loop
      vertex -14.664413 0.65759087 1.2
      vertex -14.477101 0.77237621 1.32
      vertex -14.664413 0.65759087 1.32
    endloop
  endfacet
  facet normal 0 0 -1
    outer loop
      vertex -15.3 1.905 1.2
      vertex -14.310051 0.91505051 1.2
      vertex -14.477101 0.77237621 1.2
    endloop
  endfacet
  facet normal 0 0 1
    outer loop
      vertex -15.3 1.905 1.32
      vertex -14.477101 0.77237621 1.32
      vertex -14.310051 0.91505051 1.32
    endloop
  endfacet
  facet normal 0.64944805 -0.76040597 0
    outer loop
      vertex -14.477101 0.77237621 1.2
      vertex -14.310051 0.91505051 1.2
      vertex -14.310051 0.91505051 1.32
    endloop
  endfacet
  facet normal 0.64944805 -0.76040597 0
    outer loop
      vertex -14.477101 0.77237621 1.2
      vertex -14.310051 0.91505051 1.32
      vertex -14.477101 0.77237621 1.32
    endloop
  endfacet
  facet normal 0 0 -1
    outer loop
      vertex -15.3 1.905 1.2
      vertex -14.167376 1.0821006 1.2
      vertex -14.310051 0.91505051 1.2
    endloop
  endfacet
  facet normal 0 0 1
    outer loop
      vertex -15.3 1.905 1.32
      vertex -14.310051 0.91505051 1.32
      vertex -14.167376 1.0821006 1.32
    endloop
  endfacet
  facet normal 0.76040597 -0.64944805 0
    outer loop
      vertex -14.310051 0.91505051 1.2
      vertex -14.167376 1.0821006 1.2
      vertex -14.167376 1.0821006 1.32
    endloop
  endfacet
  facet normal 0.76040597 -0.64944805 0
    outer loop
      vertex -14.310051 0.91505051 1.2
      vertex -14.167376 1.0821006 1.32
      vertex -14.310051 0.91505051 1.32
    endloop
  endfacet
  facet normal 0 0 -1
    outer loop
      vertex -15.3 1.905 1.2
      vertex -14.052591 1.2694133 1.2
      vertex -14.167376 1.0821006 1.2
    endloop
  endfacet
  facet normal 0 0 1
    outer loop
      vertex -15.3 1.905 1.32
      vertex -14.167376 1.0821006 1.32
      vertex -14.052591 1.2694133 1.32
    endloop
  endfacet
  facet normal 0.85264016 -0.52249856 0
    outer loop
      vertex -14.167376 1.0821006 1.2
      vertex -14.052591 1.2694133 1.2
      vertex -14.052591 1.2694133 1.32
    endloop
  endfacet
  facet normal 0.85264016 -0.52249856 0
    outer loop
      vertex -14.167376 1.0821006 1.2
      vertex -14.052591 1.2694133 1.32
      vertex -14.167376 1.0821006 1.32
    endloop
  endfacet
  facet normal 0 0 -1
    outer loop
      vertex -15.3 1.905 1.2
      vertex -13.968521 1.4723762 1.2
      vertex -14.052591 1.2694133 1.2
    endloop
  endfacet
  facet normal 0 0 1
    outer loop
      vertex -15.3 1.905 1.32
      vertex -14.052591 1.2694133 1.32
      vertex -13.968521 1.4723762 1.32
    endloop
  endfacet
  facet normal 0.92387953 -0.38268343 0
    outer loop
      vertex -14.052591 1.2694133 1.2
      vertex -13.968521 1.4723762 1.2
      vertex -13.968521 1.4723762 1.32
    endloop
  endfacet
  facet normal 0.92387953 -0.38268343 0
    outer loop
      vertex -14.052591 1.2694133 1.2
      vertex -13.968521 1.4723762 1.32
      vertex -14.052591 1.2694133 1.32
    endloop
  endfacet
  facet normal 0 0 -1
    outer loop
      vertex -15.3 1.905 1.2
      vertex -13.917236 1.6859917 1.2
      vertex -13.968521 1.4723762 1.2
    endloop
  endfacet
  facet normal 0 0 1
    outer loop
      vertex -15.3 1.905 1.32
      vertex -13.968521 1.4723762 1.32
      vertex -13.917236 1.6859917 1.32
    endloop
  endfacet
  facet normal 0.97236992 -0.23344536 0
    outer loop
      vertex -13.968521 1.4723762 1.2
      vertex -13.917236 1.6859917 1.2
      vertex -13.917236 1.6859917 1.32
    endloop
  endfacet
  facet normal 0.97236992 -0.23344536 0
    outer loop
      vertex -13.968521 1.4723762 1.2
      vertex -13.917236 1.6859917 1.32
      vertex -13.968521 1.4723762 1.32
    endloop
  endfacet
  facet normal 0 0 -1
    outer loop
      vertex -15.3 1.905 1.2
      vertex -13.9 1.905 1.2
      vertex -13.917236 1.6859917 1.2
    endloop
  endfacet
  facet normal -0 0 1
    outer loop
      vertex -15.3 1.905 1.32
      vertex -13.917236 1.6859917 1.32
      vertex -13.9 1.905 1.32
    endloop
  endfacet
  facet normal 0.99691733 -0.078459096 0
    outer loop
      vertex -13.917236 1.6859917 1.2
      vertex -13.9 1.905 1.2
      vertex -13.9 1.905 1.32
    endloop
  endfacet
  facet normal 0.99691733 -0.078459096 0
    outer loop
      vertex -13.917236 1.6859917 1.2
      vertex -13.9 1.905 1.32
      vertex -13.917236 1.6859917 1.32
    endloop
  endfacet
  facet normal 0 0 -1
    outer loop
      vertex -15.3 1.905 1.31
      vertex -14.756771 1.991039 1.31
      vertex -14.75 1.905 1.31
    endloop
  endfacet
  facet normal 0 0 1
    outer loop
      vertex -15.3 1.905 1.34
      vertex -14.75 1.905 1.34
      vertex -14.756771 1.991039 1.34
    endloop
  endfacet
  facet normal 0.99691733 0.078459096 0
    outer loop
      vertex -14.75 1.905 1.31
      vertex -14.756771 1.991039 1.31
      vertex -14.756771 1.991039 1.34
    endloop
  endfacet
  facet normal 0.99691733 0.078459096 -0
    outer loop
      vertex -14.75 1.905 1.31
      vertex -14.756771 1.991039 1.34
      vertex -14.75 1.905 1.34
    endloop
  endfacet
  facet normal 0 0 -1
    outer loop
      vertex -15.3 1.905 1.31
      vertex -14.776919 2.0749593 1.31
      vertex -14.756771 1.991039 1.31
    endloop
  endfacet
  facet normal 0 0 1
    outer loop
      vertex -15.3 1.905 1.34
      vertex -14.756771 1.991039 1.34
      vertex -14.776919 2.0749593 1.34
    endloop
  endfacet
  facet normal 0.97236992 0.23344536 0
    outer loop
      vertex -14.756771 1.991039 1.31
      vertex -14.776919 2.0749593 1.31
      vertex -14.776919 2.0749593 1.34
    endloop
  endfacet
  facet normal 0.97236992 0.23344536 -0
    outer loop
      vertex -14.756771 1.991039 1.31
      vertex -14.776919 2.0749593 1.34
      vertex -14.756771 1.991039 1.34
    endloop
  endfacet
  facet normal 0 0 -1
    outer loop
      vertex -15.3 1.905 1.31
      vertex -14.809946 2.1546948 1.31
      vertex -14.776919 2.0749593 1.31
    endloop
  endfacet
  facet normal 0 0 1
    outer loop
      vertex -15.3 1.905 1.34
      vertex -14.776919 2.0749593 1.34
      vertex -14.809946 2.1546948 1.34
    endloop
  endfacet
  facet normal 0.92387953 0.38268343 0
    outer loop
      vertex -14.776919 2.0749593 1.31
      vertex -14.809946 2.1546948 1.31
      vertex -14.809946 2.1546948 1.34
    endloop
  endfacet
  facet normal 0.92387953 0.38268343 -0
    outer loop
      vertex -14.776919 2.0749593 1.31
      vertex -14.809946 2.1546948 1.34
      vertex -14.776919 2.0749593 1.34
    endloop
  endfacet
  facet normal 0 0 -1
    outer loop
      vertex -15.3 1.905 1.31
      vertex -14.855041 2.2282819 1.31
      vertex -14.809946 2.1546948 1.31
    endloop
  endfacet
  facet normal 0 0 1
    outer loop
      vertex -15.3 1.905 1.34
      vertex -14.809946 2.1546948 1.34
      vertex -14.855041 2.2282819 1.34
    endloop
  endfacet
  facet normal 0.85264016 0.52249856 0
    outer loop
      vertex -14.809946 2.1546948 1.31
      vertex -14.855041 2.2282819 1.31
      vertex -14.855041 2.2282819 1.34
    endloop
  endfacet
  facet normal 0.85264016 0.52249856 -0
    outer loop
      vertex -14.809946 2.1546948 1.31
      vertex -14.855041 2.2282819 1.34
      vertex -14.809946 2.1546948 1.34
    endloop
  endfacet
  facet normal 0 0 -1
    outer loop
      vertex -15.3 1.905 1.31
      vertex -14.911091 2.2939087 1.31
      vertex -14.855041 2.2282819 1.31
    endloop
  endfacet
  facet normal 0 0 1
    outer loop
      vertex -15.3 1.905 1.34
      vertex -14.855041 2.2282819 1.34
      vertex -14.911091 2.2939087 1.34
    endloop
  endfacet
  facet normal 0.76040597 0.64944805 0
    outer loop
      vertex -14.855041 2.2282819 1.31
      vertex -14.911091 2.2939087 1.31
      vertex -14.911091 2.2939087 1.34
    endloop
  endfacet
  facet normal 0.76040597 0.64944805 -0
    outer loop
      vertex -14.855041 2.2282819 1.31
      vertex -14.911091 2.2939087 1.34
      vertex -14.855041 2.2282819 1.34
    endloop
  endfacet
  facet normal 0 0 -1
    outer loop
      vertex -15.3 1.905 1.31
      vertex -14.976718 2.3499593 1.31
      vertex -14.911091 2.2939087 1.31
    endloop
  endfacet
  facet normal 0 0 1
    outer loop
      vertex -15.3 1.905 1.34
      vertex -14.911091 2.2939087 1.34
      vertex -14.976718 2.3499593 1.34
    endloop
  endfacet
  facet normal 0.64944805 0.76040597 0
    outer loop
      vertex -14.911091 2.2939087 1.31
      vertex -14.976718 2.3499593 1.31
      vertex -14.976718 2.3499593 1.34
    endloop
  endfacet
  facet normal 0.64944805 0.76040597 -0
    outer loop
      vertex -14.911091 2.2939087 1.31
      vertex -14.976718 2.3499593 1.34
      vertex -14.911091 2.2939087 1.34
    endloop
  endfacet
  facet normal 0 0 -1
    outer loop
      vertex -15.3 1.905 1.31
      vertex -15.050305 2.3950536 1.31
      vertex -14.976718 2.3499593 1.31
    endloop
  endfacet
  facet normal 0 0 1
    outer loop
      vertex -15.3 1.905 1.34
      vertex -14.976718 2.3499593 1.34
      vertex -15.050305 2.3950536 1.34
    endloop
  endfacet
  facet normal 0.52249856 0.85264016 0
    outer loop
      vertex -14.976718 2.3499593 1.31
      vertex -15.050305 2.3950536 1.31
      vertex -15.050305 2.3950536 1.34
    endloop
  endfacet
  facet normal 0.52249856 0.85264016 -0
    outer loop
      vertex -14.976718 2.3499593 1.31
      vertex -15.050305 2.3950536 1.34
      vertex -14.976718 2.3499593 1.34
    endloop
  endfacet
  facet normal 0 0 -1
    outer loop
      vertex -15.3 1.905 1.31
      vertex -15.130041 2.4280811 1.31
      vertex -15.050305 2.3950536 1.31
    endloop
  endfacet
  facet normal 0 0 1
    outer loop
      vertex -15.3 1.905 1.34
      vertex -15.050305 2.3950536 1.34
      vertex -15.130041 2.4280811 1.34
    endloop
  endfacet
  facet normal 0.38268343 0.92387953 0
    outer loop
      vertex -15.050305 2.3950536 1.31
      vertex -15.130041 2.4280811 1.31
      vertex -15.130041 2.4280811 1.34
    endloop
  endfacet
  facet normal 0.38268343 0.92387953 -0
    outer loop
      vertex -15.050305 2.3950536 1.31
      vertex -15.130041 2.4280811 1.34
      vertex -15.050305 2.3950536 1.34
    endloop
  endfacet
  facet normal 0 0 -1
    outer loop
      vertex -15.3 1.905 1.31
      vertex -15.213961 2.4482286 1.31
      vertex -15.130041 2.4280811 1.31
    endloop
  endfacet
  facet normal 0 0 1
    outer loop
      vertex -15.3 1.905 1.34
      vertex -15.130041 2.4280811 1.34
      vertex -15.213961 2.4482286 1.34
    endloop
  endfacet
  facet normal 0.23344536 0.97236992 0
    outer loop
      vertex -15.130041 2.4280811 1.31
      vertex -15.213961 2.4482286 1.31
      vertex -15.213961 2.4482286 1.34
    endloop
  endfacet
  facet normal 0.23344536 0.97236992 -0
    outer loop
      vertex -15.130041 2.4280811 1.31
      vertex -15.213961 2.4482286 1.34
      vertex -15.130041 2.4280811 1.34
    endloop
  endfacet
  facet normal 0 0 -1
    outer loop
      vertex -15.3 1.905 1.31
      vertex -15.3 2.455 1.31
      vertex -15.213961 2.4482286 1.31
    endloop
  endfacet
  facet normal 0 0 1
    outer loop
      vertex -15.3 1.905 1.34
      vertex -15.213961 2.4482286 1.34
      vertex -15.3 2.455 1.34
    endloop
  endfacet
  facet normal 0.078459096 0.99691733 0
    outer loop
      vertex -15.213961 2.4482286 1.31
      vertex -15.3 2.455 1.31
      vertex -15.3 2.455 1.34
    endloop
  endfacet
  facet normal 0.078459096 0.99691733 -0
    outer loop
      vertex -15.213961 2.4482286 1.31
      vertex -15.3 2.455 1.34
      vertex -15.213961 2.4482286 1.34
    endloop
  endfacet
  facet normal 0 0 -1
    outer loop
      vertex -15.3 1.905 1.31
      vertex -15.386039 2.4482286 1.31
      vertex -15.3 2.455 1.31
    endloop
  endfacet
  facet normal 0 -0 1
    outer loop
      vertex -15.3 1.905 1.34
      vertex -15.3 2.455 1.34
      vertex -15.386039 2.4482286 1.34
    endloop
  endfacet
  facet normal -0.078459096 0.99691733 0
    outer loop
      vertex -15.3 2.455 1.31
      vertex -15.386039 2.4482286 1.31
      vertex -15.386039 2.4482286 1.34
    endloop
  endfacet
  facet normal -0.078459096 0.99691733 0
    outer loop
      vertex -15.3 2.455 1.31
      vertex -15.386039 2.4482286 1.34
      vertex -15.3 2.455 1.34
    endloop
  endfacet
  facet normal 0 0 -1
    outer loop
      vertex -15.3 1.905 1.31
      vertex -15.469959 2.4280811 1.31
      vertex -15.386039 2.4482286 1.31
    endloop
  endfacet
  facet normal 0 0 1
    outer loop
      vertex -15.3 1.905 1.34
      vertex -15.386039 2.4482286 1.34
      vertex -15.469959 2.4280811 1.34
    endloop
  endfacet
  facet normal -0.23344536 0.97236992 0
    outer loop
      vertex -15.386039 2.4482286 1.31
      vertex -15.469959 2.4280811 1.31
      vertex -15.469959 2.4280811 1.34
    endloop
  endfacet
  facet normal -0.23344536 0.97236992 0
    outer loop
      vertex -15.386039 2.4482286 1.31
      vertex -15.469959 2.4280811 1.34
      vertex -15.386039 2.4482286 1.34
    endloop
  endfacet
  facet normal 0 0 -1
    outer loop
      vertex -15.3 1.905 1.31
      vertex -15.549695 2.3950536 1.31
      vertex -15.469959 2.4280811 1.31
    endloop
  endfacet
  facet normal 0 0 1
    outer loop
      vertex -15.3 1.905 1.34
      vertex -15.469959 2.4280811 1.34
      vertex -15.549695 2.3950536 1.34
    endloop
  endfacet
  facet normal -0.38268343 0.92387953 0
    outer loop
      vertex -15.469959 2.4280811 1.31
      vertex -15.549695 2.3950536 1.31
      vertex -15.549695 2.3950536 1.34
    endloop
  endfacet
  facet normal -0.38268343 0.92387953 0
    outer loop
      vertex -15.469959 2.4280811 1.31
      vertex -15.549695 2.3950536 1.34
      vertex -15.469959 2.4280811 1.34
    endloop
  endfacet
  facet normal 0 0 -1
    outer loop
      vertex -15.3 1.905 1.31
      vertex -15.623282 2.3499593 1.31
      vertex -15.549695 2.3950536 1.31
    endloop
  endfacet
  facet normal 0 0 1
    outer loop
      vertex -15.3 1.905 1.34
      vertex -15.549695 2.3950536 1.34
      vertex -15.623282 2.3499593 1.34
    endloop
  endfacet
  facet normal -0.52249856 0.85264016 0
    outer loop
      vertex -15.549695 2.3950536 1.31
      vertex -15.623282 2.3499593 1.31
      vertex -15.623282 2.3499593 1.34
    endloop
  endfacet
  facet normal -0.52249856 0.85264016 0
    outer loop
      vertex -15.549695 2.3950536 1.31
      vertex -15.623282 2.3499593 1.34
      vertex -15.549695 2.3950536 1.34
    endloop
  endfacet
  facet normal 0 0 -1
    outer loop
      vertex -15.3 1.905 1.31
      vertex -15.688909 2.2939087 1.31
      vertex -15.623282 2.3499593 1.31
    endloop
  endfacet
  facet normal 0 0 1
    outer loop
      vertex -15.3 1.905 1.34
      vertex -15.623282 2.3499593 1.34
      vertex -15.688909 2.2939087 1.34
    endloop
  endfacet
  facet normal -0.64944805 0.76040597 0
    outer loop
      vertex -15.623282 2.3499593 1.31
      vertex -15.688909 2.2939087 1.31
      vertex -15.688909 2.2939087 1.34
    endloop
  endfacet
  facet normal -0.64944805 0.76040597 0
    outer loop
      vertex -15.623282 2.3499593 1.31
      vertex -15.688909 2.2939087 1.34
      vertex -15.623282 2.3499593 1.34
    endloop
  endfacet
  facet normal 0 0 -1
    outer loop
      vertex -15.3 1.905 1.31
      vertex -15.744959 2.2282819 1.31
      vertex -15.688909 2.2939087 1.31
    endloop
  endfacet
  facet normal 0 0 1
    outer loop
      vertex -15.3 1.905 1.34
      vertex -15.688909 2.2939087 1.34
      vertex -15.744959 2.2282819 1.34
    endloop
  endfacet
  facet normal -0.76040597 0.64944805 0
    outer loop
      vertex -15.688909 2.2939087 1.31
      vertex -15.744959 2.2282819 1.31
      vertex -15.744959 2.2282819 1.34
    endloop
  endfacet
  facet normal -0.76040597 0.64944805 0
    outer loop
      vertex -15.688909 2.2939087 1.31
      vertex -15.744959 2.2282819 1.34
      vertex -15.688909 2.2939087 1.34
    endloop
  endfacet
  facet normal 0 0 -1
    outer loop
      vertex -15.3 1.905 1.31
      vertex -15.790054 2.1546948 1.31
      vertex -15.744959 2.2282819 1.31
    endloop
  endfacet
  facet normal 0 0 1
    outer loop
      vertex -15.3 1.905 1.34
      vertex -15.744959 2.2282819 1.34
      vertex -15.790054 2.1546948 1.34
    endloop
  endfacet
  facet normal -0.85264016 0.52249856 0
    outer loop
      vertex -15.744959 2.2282819 1.31
      vertex -15.790054 2.1546948 1.31
      vertex -15.790054 2.1546948 1.34
    endloop
  endfacet
  facet normal -0.85264016 0.52249856 0
    outer loop
      vertex -15.744959 2.2282819 1.31
      vertex -15.790054 2.1546948 1.34
      vertex -15.744959 2.2282819 1.34
    endloop
  endfacet
  facet normal 0 0 -1
    outer loop
      vertex -15.3 1.905 1.31
      vertex -15.823081 2.0749593 1.31
      vertex -15.790054 2.1546948 1.31
    endloop
  endfacet
  facet normal 0 0 1
    outer loop
      vertex -15.3 1.905 1.34
      vertex -15.790054 2.1546948 1.34
      vertex -15.823081 2.0749593 1.34
    endloop
  endfacet
  facet normal -0.92387953 0.38268343 0
    outer loop
      vertex -15.790054 2.1546948 1.31
      vertex -15.823081 2.0749593 1.31
      vertex -15.823081 2.0749593 1.34
    endloop
  endfacet
  facet normal -0.92387953 0.38268343 0
    outer loop
      vertex -15.790054 2.1546948 1.31
      vertex -15.823081 2.0749593 1.34
      vertex -15.790054 2.1546948 1.34
    endloop
  endfacet
  facet normal 0 0 -1
    outer loop
      vertex -15.3 1.905 1.31
      vertex -15.843229 1.991039 1.31
      vertex -15.823081 2.0749593 1.31
    endloop
  endfacet
  facet normal 0 0 1
    outer loop
      vertex -15.3 1.905 1.34
      vertex -15.823081 2.0749593 1.34
      vertex -15.843229 1.991039 1.34
    endloop
  endfacet
  facet normal -0.97236992 0.23344536 0
    outer loop
      vertex -15.823081 2.0749593 1.31
      vertex -15.843229 1.991039 1.31
      vertex -15.843229 1.991039 1.34
    endloop
  endfacet
  facet normal -0.97236992 0.23344536 0
    outer loop
      vertex -15.823081 2.0749593 1.31
      vertex -15.843229 1.991039 1.34
      vertex -15.823081 2.0749593 1.34
    endloop
  endfacet
  facet normal 0 0 -1
    outer loop
      vertex -15.3 1.905 1.31
      vertex -15.85 1.905 1.31
      vertex -15.843229 1.991039 1.31
    endloop
  endfacet
  facet normal 0 0 1
    outer loop
      vertex -15.3 1.905 1.34
      vertex -15.843229 1.991039 1.34
      vertex -15.85 1.905 1.34
    endloop
  endfacet
  facet normal -0.99691733 0.078459096 0
    outer loop
      vertex -15.843229 1.991039 1.31
      vertex -15.85 1.905 1.31
      vertex -15.85 1.905 1.34
    endloop
  endfacet
  facet normal -0.99691733 0.078459096 0
    outer loop
      vertex -15.843229 1.991039 1.31
      vertex -15.85 1.905 1.34
      vertex -15.843229 1.991039 1.34
    endloop
  endfacet
  facet normal -0 0 -1
    outer loop
      vertex -15.3 1.905 1.31
      vertex -15.843229 1.818961 1.31
      vertex -15.85 1.905 1.31
    endloop
  endfacet
  facet normal 0 0 1
    outer loop
      vertex -15.3 1.905 1.34
      vertex -15.85 1.905 1.34
      vertex -15.843229 1.818961 1.34
    endloop
  endfacet
  facet normal -0.99691733 -0.078459096 0
    outer loop
      vertex -15.85 1.905 1.31
      vertex -15.843229 1.818961 1.31
      vertex -15.843229 1.818961 1.34
    endloop
  endfacet
  facet normal -0.99691733 -0.078459096 0
    outer loop
      vertex -15.85 1.905 1.31
      vertex -15.843229 1.818961 1.34
      vertex -15.85 1.905 1.34
    endloop
  endfacet
  facet normal 0 0 -1
    outer loop
      vertex -15.3 1.905 1.31
      vertex -15.823081 1.7350407 1.31
      vertex -15.843229 1.818961 1.31
    endloop
  endfacet
  facet normal 0 0 1
    outer loop
      vertex -15.3 1.905 1.34
      vertex -15.843229 1.818961 1.34
      vertex -15.823081 1.7350407 1.34
    endloop
  endfacet
  facet normal -0.97236992 -0.23344536 0
    outer loop
      vertex -15.843229 1.818961 1.31
      vertex -15.823081 1.7350407 1.31
      vertex -15.823081 1.7350407 1.34
    endloop
  endfacet
  facet normal -0.97236992 -0.23344536 0
    outer loop
      vertex -15.843229 1.818961 1.31
      vertex -15.823081 1.7350407 1.34
      vertex -15.843229 1.818961 1.34
    endloop
  endfacet
  facet normal 0 0 -1
    outer loop
      vertex -15.3 1.905 1.31
      vertex -15.790054 1.6553052 1.31
      vertex -15.823081 1.7350407 1.31
    endloop
  endfacet
  facet normal 0 0 1
    outer loop
      vertex -15.3 1.905 1.34
      vertex -15.823081 1.7350407 1.34
      vertex -15.790054 1.6553052 1.34
    endloop
  endfacet
  facet normal -0.92387953 -0.38268343 0
    outer loop
      vertex -15.823081 1.7350407 1.31
      vertex -15.790054 1.6553052 1.31
      vertex -15.790054 1.6553052 1.34
    endloop
  endfacet
  facet normal -0.92387953 -0.38268343 0
    outer loop
      vertex -15.823081 1.7350407 1.31
      vertex -15.790054 1.6553052 1.34
      vertex -15.823081 1.7350407 1.34
    endloop
  endfacet
  facet normal 0 0 -1
    outer loop
      vertex -15.3 1.905 1.31
      vertex -15.744959 1.5817181 1.31
      vertex -15.790054 1.6553052 1.31
    endloop
  endfacet
  facet normal 0 0 1
    outer loop
      vertex -15.3 1.905 1.34
      vertex -15.790054 1.6553052 1.34
      vertex -15.744959 1.5817181 1.34
    endloop
  endfacet
  facet normal -0.85264016 -0.52249856 0
    outer loop
      vertex -15.790054 1.6553052 1.31
      vertex -15.744959 1.5817181 1.31
      vertex -15.744959 1.5817181 1.34
    endloop
  endfacet
  facet normal -0.85264016 -0.52249856 0
    outer loop
      vertex -15.790054 1.6553052 1.31
      vertex -15.744959 1.5817181 1.34
      vertex -15.790054 1.6553052 1.34
    endloop
  endfacet
  facet normal 0 0 -1
    outer loop
      vertex -15.3 1.905 1.31
      vertex -15.688909 1.5160913 1.31
      vertex -15.744959 1.5817181 1.31
    endloop
  endfacet
  facet normal 0 0 1
    outer loop
      vertex -15.3 1.905 1.34
      vertex -15.744959 1.5817181 1.34
      vertex -15.688909 1.5160913 1.34
    endloop
  endfacet
  facet normal -0.76040597 -0.64944805 0
    outer loop
      vertex -15.744959 1.5817181 1.31
      vertex -15.688909 1.5160913 1.31
      vertex -15.688909 1.5160913 1.34
    endloop
  endfacet
  facet normal -0.76040597 -0.64944805 0
    outer loop
      vertex -15.744959 1.5817181 1.31
      vertex -15.688909 1.5160913 1.34
      vertex -15.744959 1.5817181 1.34
    endloop
  endfacet
  facet normal 0 0 -1
    outer loop
      vertex -15.3 1.905 1.31
      vertex -15.623282 1.4600407 1.31
      vertex -15.688909 1.5160913 1.31
    endloop
  endfacet
  facet normal 0 0 1
    outer loop
      vertex -15.3 1.905 1.34
      vertex -15.688909 1.5160913 1.34
      vertex -15.623282 1.4600407 1.34
    endloop
  endfacet
  facet normal -0.64944805 -0.76040597 0
    outer loop
      vertex -15.688909 1.5160913 1.31
      vertex -15.623282 1.4600407 1.31
      vertex -15.623282 1.4600407 1.34
    endloop
  endfacet
  facet normal -0.64944805 -0.76040597 0
    outer loop
      vertex -15.688909 1.5160913 1.31
      vertex -15.623282 1.4600407 1.34
      vertex -15.688909 1.5160913 1.34
    endloop
  endfacet
  facet normal 0 0 -1
    outer loop
      vertex -15.3 1.905 1.31
      vertex -15.549695 1.4149464 1.31
      vertex -15.623282 1.4600407 1.31
    endloop
  endfacet
  facet normal 0 0 1
    outer loop
      vertex -15.3 1.905 1.34
      vertex -15.623282 1.4600407 1.34
      vertex -15.549695 1.4149464 1.34
    endloop
  endfacet
  facet normal -0.52249856 -0.85264016 0
    outer loop
      vertex -15.623282 1.4600407 1.31
      vertex -15.549695 1.4149464 1.31
      vertex -15.549695 1.4149464 1.34
    endloop
  endfacet
  facet normal -0.52249856 -0.85264016 0
    outer loop
      vertex -15.623282 1.4600407 1.31
      vertex -15.549695 1.4149464 1.34
      vertex -15.623282 1.4600407 1.34
    endloop
  endfacet
  facet normal 0 0 -1
    outer loop
      vertex -15.3 1.905 1.31
      vertex -15.469959 1.3819189 1.31
      vertex -15.549695 1.4149464 1.31
    endloop
  endfacet
  facet normal 0 0 1
    outer loop
      vertex -15.3 1.905 1.34
      vertex -15.549695 1.4149464 1.34
      vertex -15.469959 1.3819189 1.34
    endloop
  endfacet
  facet normal -0.38268343 -0.92387953 0
    outer loop
      vertex -15.549695 1.4149464 1.31
      vertex -15.469959 1.3819189 1.31
      vertex -15.469959 1.3819189 1.34
    endloop
  endfacet
  facet normal -0.38268343 -0.92387953 0
    outer loop
      vertex -15.549695 1.4149464 1.31
      vertex -15.469959 1.3819189 1.34
      vertex -15.549695 1.4149464 1.34
    endloop
  endfacet
  facet normal 0 0 -1
    outer loop
      vertex -15.3 1.905 1.31
      vertex -15.386039 1.3617714 1.31
      vertex -15.469959 1.3819189 1.31
    endloop
  endfacet
  facet normal 0 0 1
    outer loop
      vertex -15.3 1.905 1.34
      vertex -15.469959 1.3819189 1.34
      vertex -15.386039 1.3617714 1.34
    endloop
  endfacet
  facet normal -0.23344536 -0.97236992 0
    outer loop
      vertex -15.469959 1.3819189 1.31
      vertex -15.386039 1.3617714 1.31
      vertex -15.386039 1.3617714 1.34
    endloop
  endfacet
  facet normal -0.23344536 -0.97236992 0
    outer loop
      vertex -15.469959 1.3819189 1.31
      vertex -15.386039 1.3617714 1.34
      vertex -15.469959 1.3819189 1.34
    endloop
  endfacet
  facet normal 0 -0 -1
    outer loop
      vertex -15.3 1.905 1.31
      vertex -15.3 1.355 1.31
      vertex -15.386039 1.3617714 1.31
    endloop
  endfacet
  facet normal 0 0 1
    outer loop
      vertex -15.3 1.905 1.34
      vertex -15.386039 1.3617714 1.34
      vertex -15.3 1.355 1.34
    endloop
  endfacet
  facet normal -0.078459096 -0.99691733 0
    outer loop
      vertex -15.386039 1.3617714 1.31
      vertex -15.3 1.355 1.31
      vertex -15.3 1.355 1.34
    endloop
  endfacet
  facet normal -0.078459096 -0.99691733 0
    outer loop
      vertex -15.386039 1.3617714 1.31
      vertex -15.3 1.355 1.34
      vertex -15.386039 1.3617714 1.34
    endloop
  endfacet
  facet normal 0 0 -1
    outer loop
      vertex -15.3 1.905 1.31
      vertex -15.213961 1.3617714 1.31
      vertex -15.3 1.355 1.31
    endloop
  endfacet
  facet normal 0 0 1
    outer loop
      vertex -15.3 1.905 1.34
      vertex -15.3 1.355 1.34
      vertex -15.213961 1.3617714 1.34
    endloop
  endfacet
  facet normal 0.078459096 -0.99691733 0
    outer loop
      vertex -15.3 1.355 1.31
      vertex -15.213961 1.3617714 1.31
      vertex -15.213961 1.3617714 1.34
    endloop
  endfacet
  facet normal 0.078459096 -0.99691733 0
    outer loop
      vertex -15.3 1.355 1.31
      vertex -15.213961 1.3617714 1.34
      vertex -15.3 1.355 1.34
    endloop
  endfacet
  facet normal 0 0 -1
    outer loop
      vertex -15.3 1.905 1.31
      vertex -15.130041 1.3819189 1.31
      vertex -15.213961 1.3617714 1.31
    endloop
  endfacet
  facet normal 0 0 1
    outer loop
      vertex -15.3 1.905 1.34
      vertex -15.213961 1.3617714 1.34
      vertex -15.130041 1.3819189 1.34
    endloop
  endfacet
  facet normal 0.23344536 -0.97236992 0
    outer loop
      vertex -15.213961 1.3617714 1.31
      vertex -15.130041 1.3819189 1.31
      vertex -15.130041 1.3819189 1.34
    endloop
  endfacet
  facet normal 0.23344536 -0.97236992 0
    outer loop
      vertex -15.213961 1.3617714 1.31
      vertex -15.130041 1.3819189 1.34
      vertex -15.213961 1.3617714 1.34
    endloop
  endfacet
  facet normal 0 0 -1
    outer loop
      vertex -15.3 1.905 1.31
      vertex -15.050305 1.4149464 1.31
      vertex -15.130041 1.3819189 1.31
    endloop
  endfacet
  facet normal 0 0 1
    outer loop
      vertex -15.3 1.905 1.34
      vertex -15.130041 1.3819189 1.34
      vertex -15.050305 1.4149464 1.34
    endloop
  endfacet
  facet normal 0.38268343 -0.92387953 0
    outer loop
      vertex -15.130041 1.3819189 1.31
      vertex -15.050305 1.4149464 1.31
      vertex -15.050305 1.4149464 1.34
    endloop
  endfacet
  facet normal 0.38268343 -0.92387953 0
    outer loop
      vertex -15.130041 1.3819189 1.31
      vertex -15.050305 1.4149464 1.34
      vertex -15.130041 1.3819189 1.34
    endloop
  endfacet
  facet normal 0 0 -1
    outer loop
      vertex -15.3 1.905 1.31
      vertex -14.976718 1.4600407 1.31
      vertex -15.050305 1.4149464 1.31
    endloop
  endfacet
  facet normal 0 0 1
    outer loop
      vertex -15.3 1.905 1.34
      vertex -15.050305 1.4149464 1.34
      vertex -14.976718 1.4600407 1.34
    endloop
  endfacet
  facet normal 0.52249856 -0.85264016 0
    outer loop
      vertex -15.050305 1.4149464 1.31
      vertex -14.976718 1.4600407 1.31
      vertex -14.976718 1.4600407 1.34
    endloop
  endfacet
  facet normal 0.52249856 -0.85264016 0
    outer loop
      vertex -15.050305 1.4149464 1.31
      vertex -14.976718 1.4600407 1.34
      vertex -15.050305 1.4149464 1.34
    endloop
  endfacet
  facet normal 0 0 -1
    outer loop
      vertex -15.3 1.905 1.31
      vertex -14.911091 1.5160913 1.31
      vertex -14.976718 1.4600407 1.31
    endloop
  endfacet
  facet normal 0 0 1
    outer loop
      vertex -15.3 1.905 1.34
      vertex -14.976718 1.4600407 1.34
      vertex -14.911091 1.5160913 1.34
    endloop
  endfacet
  facet normal 0.64944805 -0.76040597 0
    outer loop
      vertex -14.976718 1.4600407 1.31
      vertex -14.911091 1.5160913 1.31
      vertex -14.911091 1.5160913 1.34
    endloop
  endfacet
  facet normal 0.64944805 -0.76040597 0
    outer loop
      vertex -14.976718 1.4600407 1.31
      vertex -14.911091 1.5160913 1.34
      vertex -14.976718 1.4600407 1.34
    endloop
  endfacet
  facet normal 0 0 -1
    outer loop
      vertex -15.3 1.905 1.31
      vertex -14.855041 1.5817181 1.31
      vertex -14.911091 1.5160913 1.31
    endloop
  endfacet
  facet normal 0 0 1
    outer loop
      vertex -15.3 1.905 1.34
      vertex -14.911091 1.5160913 1.34
      vertex -14.855041 1.5817181 1.34
    endloop
  endfacet
  facet normal 0.76040597 -0.64944805 0
    outer loop
      vertex -14.911091 1.5160913 1.31
      vertex -14.855041 1.5817181 1.31
      vertex -14.855041 1.5817181 1.34
    endloop
  endfacet
  facet normal 0.76040597 -0.64944805 0
    outer loop
      vertex -14.911091 1.5160913 1.31
      vertex -14.855041 1.5817181 1.34
      vertex -14.911091 1.5160913 1.34
    endloop
  endfacet
  facet normal 0 0 -1
    outer loop
      vertex -15.3 1.905 1.31
      vertex -14.809946 1.6553052 1.31
      vertex -14.855041 1.5817181 1.31
    endloop
  endfacet
  facet normal 0 0 1
    outer loop
      vertex -15.3 1.905 1.34
      vertex -14.855041 1.5817181 1.34
      vertex -14.809946 1.6553052 1.34
    endloop
  endfacet
  facet normal 0.85264016 -0.52249856 0
    outer loop
      vertex -14.855041 1.5817181 1.31
      vertex -14.809946 1.6553052 1.31
      vertex -14.809946 1.6553052 1.34
    endloop
  endfacet
  facet normal 0.85264016 -0.52249856 0
    outer loop
      vertex -14.855041 1.5817181 1.31
      vertex -14.809946 1.6553052 1.34
      vertex -14.855041 1.5817181 1.34
    endloop
  endfacet
  facet normal 0 0 -1
    outer loop
      vertex -15.3 1.905 1.31
      vertex -14.776919 1.7350407 1.31
      vertex -14.809946 1.6553052 1.31
    endloop
  endfacet
  facet normal 0 0 1
    outer loop
      vertex -15.3 1.905 1.34
      vertex -14.809946 1.6553052 1.34
      vertex -14.776919 1.7350407 1.34
    endloop
  endfacet
  facet normal 0.92387953 -0.38268343 0
    outer loop
      vertex -14.809946 1.6553052 1.31
      vertex -14.776919 1.7350407 1.31
      vertex -14.776919 1.7350407 1.34
    endloop
  endfacet
  facet normal 0.92387953 -0.38268343 0
    outer loop
      vertex -14.809946 1.6553052 1.31
      vertex -14.776919 1.7350407 1.34
      vertex -14.809946 1.6553052 1.34
    endloop
  endfacet
  facet normal 0 0 -1
    outer loop
      vertex -15.3 1.905 1.31
      vertex -14.756771 1.818961 1.31
      vertex -14.776919 1.7350407 1.31
    endloop
  endfacet
  facet normal 0 0 1
    outer loop
      vertex -15.3 1.905 1.34
      vertex -14.776919 1.7350407 1.34
      vertex -14.756771 1.818961 1.34
    endloop
  endfacet
  facet normal 0.97236992 -0.23344536 0
    outer loop
      vertex -14.776919 1.7350407 1.31
      vertex -14.756771 1.818961 1.31
      vertex -14.756771 1.818961 1.34
    endloop
  endfacet
  facet normal 0.97236992 -0.23344536 0
    outer loop
      vertex -14.776919 1.7350407 1.31
      vertex -14.756771 1.818961 1.34
      vertex -14.776919 1.7350407 1.34
    endloop
  endfacet
  facet normal 0 0 -1
    outer loop
      vertex -15.3 1.905 1.31
      vertex -14.75 1.905 1.31
      vertex -14.756771 1.818961 1.31
    endloop
  endfacet
  facet normal -0 0 1
    outer loop
      vertex -15.3 1.905 1.34
      vertex -14.756771 1.818961 1.34
      vertex -14.75 1.905 1.34
    endloop
  endfacet
  facet normal 0.99691733 -0.078459096 0
    outer loop
      vertex -14.756771 1.818961 1.31
      vertex -14.75 1.905 1.31
      vertex -14.75 1.905 1.34
    endloop
  endfacet
  facet normal 0.99691733 -0.078459096 0
    outer loop
      vertex -14.756771 1.818961 1.31
      vertex -14.75 1.905 1.34
      vertex -14.756771 1.818961 1.34
    endloop
  endfacet
  facet normal 0 0 -1
    outer loop
      vertex -15.3 5.715 1.2
      vertex -13.917236 5.9340083 1.2
      vertex -13.9 5.715 1.2
    endloop
  endfacet
  facet normal 0 0 1
    outer loop
      vertex -15.3 5.715 1.32
      vertex -13.9 5.715 1.32
      vertex -13.917236 5.9340083 1.32
    endloop
  endfacet
  facet normal 0.99691733 0.078459096 0
    outer loop
      vertex -13.9 5.715 1.2
      vertex -13.917236 5.9340083 1.2
      vertex -13.917236 5.9340083 1.32
    endloop
  endfacet
  facet normal 0.99691733 0.078459096 -0
    outer loop
      vertex -13.9 5.715 1.2
      vertex -13.917236 5.9340083 1.32
      vertex -13.9 5.715 1.32
    endloop
  endfacet
  facet normal 0 0 -1
    outer loop
      vertex -15.3 5.715 1.2
      vertex -13.968521 6.1476238 1.2
      vertex -13.917236 5.9340083 1.2
    endloop
  endfacet
  facet normal 0 0 1
    outer loop
      vertex -15.3 5.715 1.32
      vertex -13.917236 5.9340083 1.32
      vertex -13.968521 6.1476238 1.32
    endloop
  endfacet
  facet normal 0.97236992 0.23344536 0
    outer loop
      vertex -13.917236 5.9340083 1.2
      vertex -13.968521 6.1476238 1.2
      vertex -13.968521 6.1476238 1.32
    endloop
  endfacet
  facet normal 0.97236992 0.23344536 -0
    outer loop
      vertex -13.917236 5.9340083 1.2
      vertex -13.968521 6.1476238 1.32
      vertex -13.917236 5.9340083 1.32
    endloop
  endfacet
  facet normal 0 0 -1
    outer loop
      vertex -15.3 5.715 1.2
      vertex -14.052591 6.3505867 1.2
      vertex -13.968521 6.1476238 1.2
    endloop
  endfacet
  facet normal 0 0 1
    outer loop
      vertex -15.3 5.715 1.32
      vertex -13.968521 6.1476238 1.32
      vertex -14.052591 6.3505867 1.32
    endloop
  endfacet
  facet normal 0.92387953 0.38268343 0
    outer loop
      vertex -13.968521 6.1476238 1.2
      vertex -14.052591 6.3505867 1.2
      vertex -14.052591 6.3505867 1.32
    endloop
  endfacet
  facet normal 0.92387953 0.38268343 -0
    outer loop
      vertex -13.968521 6.1476238 1.2
      vertex -14.052591 6.3505867 1.32
      vertex -13.968521 6.1476238 1.32
    endloop
  endfacet
  facet normal 0 0 -1
    outer loop
      vertex -15.3 5.715 1.2
      vertex -14.167376 6.5378994 1.2
      vertex -14.052591 6.3505867 1.2
    endloop
  endfacet
  facet normal 0 0 1
    outer loop
      vertex -15.3 5.715 1.32
      vertex -14.052591 6.3505867 1.32
      vertex -14.167376 6.5378994 1.32
    endloop
  endfacet
  facet normal 0.85264016 0.52249856 0
    outer loop
      vertex -14.052591 6.3505867 1.2
      vertex -14.167376 6.5378994 1.2
      vertex -14.167376 6.5378994 1.32
    endloop
  endfacet
  facet normal 0.85264016 0.52249856 -0
    outer loop
      vertex -14.052591 6.3505867 1.2
      vertex -14.167376 6.5378994 1.32
      vertex -14.052591 6.3505867 1.32
    endloop
  endfacet
  facet normal 0 0 -1
    outer loop
      vertex -15.3 5.715 1.2
      vertex -14.310051 6.7049495 1.2
      vertex -14.167376 6.5378994 1.2
    endloop
  endfacet
  facet normal 0 0 1
    outer loop
      vertex -15.3 5.715 1.32
      vertex -14.167376 6.5378994 1.32
      vertex -14.310051 6.7049495 1.32
    endloop
  endfacet
  facet normal 0.76040597 0.64944805 0
    outer loop
      vertex -14.167376 6.5378994 1.2
      vertex -14.310051 6.7049495 1.2
      vertex -14.310051 6.7049495 1.32
    endloop
  endfacet
  facet normal 0.76040597 0.64944805 -0
    outer loop
      vertex -14.167376 6.5378994 1.2
      vertex -14.310051 6.7049495 1.32
      vertex -14.167376 6.5378994 1.32
    endloop
  endfacet
  facet normal 0 0 -1
    outer loop
      vertex -15.3 5.715 1.2
      vertex -14.477101 6.8476238 1.2
      vertex -14.310051 6.7049495 1.2
    endloop
  endfacet
  facet normal 0 0 1
    outer loop
      vertex -15.3 5.715 1.32
      vertex -14.310051 6.7049495 1.32
      vertex -14.477101 6.8476238 1.32
    endloop
  endfacet
  facet normal 0.64944805 0.76040597 0
    outer loop
      vertex -14.310051 6.7049495 1.2
      vertex -14.477101 6.8476238 1.2
      vertex -14.477101 6.8476238 1.32
    endloop
  endfacet
  facet normal 0.64944805 0.76040597 -0
    outer loop
      vertex -14.310051 6.7049495 1.2
      vertex -14.477101 6.8476238 1.32
      vertex -14.310051 6.7049495 1.32
    endloop
  endfacet
  facet normal 0 0 -1
    outer loop
      vertex -15.3 5.715 1.2
      vertex -14.664413 6.9624091 1.2
      vertex -14.477101 6.8476238 1.2
    endloop
  endfacet
  facet normal 0 0 1
    outer loop
      vertex -15.3 5.715 1.32
      vertex -14.477101 6.8476238 1.32
      vertex -14.664413 6.9624091 1.32
    endloop
  endfacet
  facet normal 0.52249856 0.85264016 0
    outer loop
      vertex -14.477101 6.8476238 1.2
      vertex -14.664413 6.9624091 1.2
      vertex -14.664413 6.9624091 1.32
    endloop
  endfacet
  facet normal 0.52249856 0.85264016 -0
    outer loop
      vertex -14.477101 6.8476238 1.2
      vertex -14.664413 6.9624091 1.32
      vertex -14.477101 6.8476238 1.32
    endloop
  endfacet
  facet normal 0 0 -1
    outer loop
      vertex -15.3 5.715 1.2
      vertex -14.867376 7.0464791 1.2
      vertex -14.664413 6.9624091 1.2
    endloop
  endfacet
  facet normal 0 0 1
    outer loop
      vertex -15.3 5.715 1.32
      vertex -14.664413 6.9624091 1.32
      vertex -14.867376 7.0464791 1.32
    endloop
  endfacet
  facet normal 0.38268343 0.92387953 0
    outer loop
      vertex -14.664413 6.9624091 1.2
      vertex -14.867376 7.0464791 1.2
      vertex -14.867376 7.0464791 1.32
    endloop
  endfacet
  facet normal 0.38268343 0.92387953 -0
    outer loop
      vertex -14.664413 6.9624091 1.2
      vertex -14.867376 7.0464791 1.32
      vertex -14.664413 6.9624091 1.32
    endloop
  endfacet
  facet normal 0 0 -1
    outer loop
      vertex -15.3 5.715 1.2
      vertex -15.080992 7.0977637 1.2
      vertex -14.867376 7.0464791 1.2
    endloop
  endfacet
  facet normal 0 0 1
    outer loop
      vertex -15.3 5.715 1.32
      vertex -14.867376 7.0464791 1.32
      vertex -15.080992 7.0977637 1.32
    endloop
  endfacet
  facet normal 0.23344536 0.97236992 0
    outer loop
      vertex -14.867376 7.0464791 1.2
      vertex -15.080992 7.0977637 1.2
      vertex -15.080992 7.0977637 1.32
    endloop
  endfacet
  facet normal 0.23344536 0.97236992 -0
    outer loop
      vertex -14.867376 7.0464791 1.2
      vertex -15.080992 7.0977637 1.32
      vertex -14.867376 7.0464791 1.32
    endloop
  endfacet
  facet normal 0 0 -1
    outer loop
      vertex -15.3 5.715 1.2
      vertex -15.3 7.115 1.2
      vertex -15.080992 7.0977637 1.2
    endloop
  endfacet
  facet normal 0 0 1
    outer loop
      vertex -15.3 5.715 1.32
      vertex -15.080992 7.0977637 1.32
      vertex -15.3 7.115 1.32
    endloop
  endfacet
  facet normal 0.078459096 0.99691733 0
    outer loop
      vertex -15.080992 7.0977637 1.2
      vertex -15.3 7.115 1.2
      vertex -15.3 7.115 1.32
    endloop
  endfacet
  facet normal 0.078459096 0.99691733 -0
    outer loop
      vertex -15.080992 7.0977637 1.2
      vertex -15.3 7.115 1.32
      vertex -15.080992 7.0977637 1.32
    endloop
  endfacet
  facet normal 0 0 -1
    outer loop
      vertex -15.3 5.715 1.2
      vertex -15.519008 7.0977637 1.2
      vertex -15.3 7.115 1.2
    endloop
  endfacet
  facet normal 0 -0 1
    outer loop
      vertex -15.3 5.715 1.32
      vertex -15.3 7.115 1.32
      vertex -15.519008 7.0977637 1.32
    endloop
  endfacet
  facet normal -0.078459096 0.99691733 0
    outer loop
      vertex -15.3 7.115 1.2
      vertex -15.519008 7.0977637 1.2
      vertex -15.519008 7.0977637 1.32
    endloop
  endfacet
  facet normal -0.078459096 0.99691733 0
    outer loop
      vertex -15.3 7.115 1.2
      vertex -15.519008 7.0977637 1.32
      vertex -15.3 7.115 1.32
    endloop
  endfacet
  facet normal 0 0 -1
    outer loop
      vertex -15.3 5.715 1.2
      vertex -15.732624 7.0464791 1.2
      vertex -15.519008 7.0977637 1.2
    endloop
  endfacet
  facet normal 0 0 1
    outer loop
      vertex -15.3 5.715 1.32
      vertex -15.519008 7.0977637 1.32
      vertex -15.732624 7.0464791 1.32
    endloop
  endfacet
  facet normal -0.23344536 0.97236992 0
    outer loop
      vertex -15.519008 7.0977637 1.2
      vertex -15.732624 7.0464791 1.2
      vertex -15.732624 7.0464791 1.32
    endloop
  endfacet
  facet normal -0.23344536 0.97236992 0
    outer loop
      vertex -15.519008 7.0977637 1.2
      vertex -15.732624 7.0464791 1.32
      vertex -15.519008 7.0977637 1.32
    endloop
  endfacet
  facet normal 0 0 -1
    outer loop
      vertex -15.3 5.715 1.2
      vertex -15.935587 6.9624091 1.2
      vertex -15.732624 7.0464791 1.2
    endloop
  endfacet
  facet normal 0 0 1
    outer loop
      vertex -15.3 5.715 1.32
      vertex -15.732624 7.0464791 1.32
      vertex -15.935587 6.9624091 1.32
    endloop
  endfacet
  facet normal -0.38268343 0.92387953 0
    outer loop
      vertex -15.732624 7.0464791 1.2
      vertex -15.935587 6.9624091 1.2
      vertex -15.935587 6.9624091 1.32
    endloop
  endfacet
  facet normal -0.38268343 0.92387953 0
    outer loop
      vertex -15.732624 7.0464791 1.2
      vertex -15.935587 6.9624091 1.32
      vertex -15.732624 7.0464791 1.32
    endloop
  endfacet
  facet normal 0 0 -1
    outer loop
      vertex -15.3 5.715 1.2
      vertex -16.122899 6.8476238 1.2
      vertex -15.935587 6.9624091 1.2
    endloop
  endfacet
  facet normal 0 0 1
    outer loop
      vertex -15.3 5.715 1.32
      vertex -15.935587 6.9624091 1.32
      vertex -16.122899 6.8476238 1.32
    endloop
  endfacet
  facet normal -0.52249856 0.85264016 0
    outer loop
      vertex -15.935587 6.9624091 1.2
      vertex -16.122899 6.8476238 1.2
      vertex -16.122899 6.8476238 1.32
    endloop
  endfacet
  facet normal -0.52249856 0.85264016 0
    outer loop
      vertex -15.935587 6.9624091 1.2
      vertex -16.122899 6.8476238 1.32
      vertex -15.935587 6.9624091 1.32
    endloop
  endfacet
  facet normal 0 0 -1
    outer loop
      vertex -15.3 5.715 1.2
      vertex -16.289949 6.7049495 1.2
      vertex -16.122899 6.8476238 1.2
    endloop
  endfacet
  facet normal 0 0 1
    outer loop
      vertex -15.3 5.715 1.32
      vertex -16.122899 6.8476238 1.32
      vertex -16.289949 6.7049495 1.32
    endloop
  endfacet
  facet normal -0.64944805 0.76040597 0
    outer loop
      vertex -16.122899 6.8476238 1.2
      vertex -16.289949 6.7049495 1.2
      vertex -16.289949 6.7049495 1.32
    endloop
  endfacet
  facet normal -0.64944805 0.76040597 0
    outer loop
      vertex -16.122899 6.8476238 1.2
      vertex -16.289949 6.7049495 1.32
      vertex -16.122899 6.8476238 1.32
    endloop
  endfacet
  facet normal 0 0 -1
    outer loop
      vertex -15.3 5.715 1.2
      vertex -16.432624 6.5378994 1.2
      vertex -16.289949 6.7049495 1.2
    endloop
  endfacet
  facet normal 0 0 1
    outer loop
      vertex -15.3 5.715 1.32
      vertex -16.289949 6.7049495 1.32
      vertex -16.432624 6.5378994 1.32
    endloop
  endfacet
  facet normal -0.76040597 0.64944805 0
    outer loop
      vertex -16.289949 6.7049495 1.2
      vertex -16.432624 6.5378994 1.2
      vertex -16.432624 6.5378994 1.32
    endloop
  endfacet
  facet normal -0.76040597 0.64944805 0
    outer loop
      vertex -16.289949 6.7049495 1.2
      vertex -16.432624 6.5378994 1.32
      vertex -16.289949 6.7049495 1.32
    endloop
  endfacet
  facet normal 0 0 -1
    outer loop
      vertex -15.3 5.715 1.2
      vertex -16.547409 6.3505867 1.2
      vertex -16.432624 6.5378994 1.2
    endloop
  endfacet
  facet normal 0 0 1
    outer loop
      vertex -15.3 5.715 1.32
      vertex -16.432624 6.5378994 1.32
      vertex -16.547409 6.3505867 1.32
    endloop
  endfacet
  facet normal -0.85264016 0.52249856 0
    outer loop
      vertex -16.432624 6.5378994 1.2
      vertex -16.547409 6.3505867 1.2
      vertex -16.547409 6.3505867 1.32
    endloop
  endfacet
  facet normal -0.85264016 0.52249856 0
    outer loop
      vertex -16.432624 6.5378994 1.2
      vertex -16.547409 6.3505867 1.32
      vertex -16.432624 6.5378994 1.32
    endloop
  endfacet
  facet normal 0 0 -1
    outer loop
      vertex -15.3 5.715 1.2
      vertex -16.631479 6.1476238 1.2
      vertex -16.547409 6.3505867 1.2
    endloop
  endfacet
  facet normal 0 0 1
    outer loop
      vertex -15.3 5.715 1.32
      vertex -16.547409 6.3505867 1.32
      vertex -16.631479 6.1476238 1.32
    endloop
  endfacet
  facet normal -0.92387953 0.38268343 0
    outer loop
      vertex -16.547409 6.3505867 1.2
      vertex -16.631479 6.1476238 1.2
      vertex -16.631479 6.1476238 1.32
    endloop
  endfacet
  facet normal -0.92387953 0.38268343 0
    outer loop
      vertex -16.547409 6.3505867 1.2
      vertex -16.631479 6.1476238 1.32
      vertex -16.547409 6.3505867 1.32
    endloop
  endfacet
  facet normal 0 0 -1
    outer loop
      vertex -15.3 5.715 1.2
      vertex -16.682764 5.9340083 1.2
      vertex -16.631479 6.1476238 1.2
    endloop
  endfacet
  facet normal 0 0 1
    outer loop
      vertex -15.3 5.715 1.32
      vertex -16.631479 6.1476238 1.32
      vertex -16.682764 5.9340083 1.32
    endloop
  endfacet
  facet normal -0.97236992 0.23344536 0
    outer loop
      vertex -16.631479 6.1476238 1.2
      vertex -16.682764 5.9340083 1.2
      vertex -16.682764 5.9340083 1.32
    endloop
  endfacet
  facet normal -0.97236992 0.23344536 0
    outer loop
      vertex -16.631479 6.1476238 1.2
      vertex -16.682764 5.9340083 1.32
      vertex -16.631479 6.1476238 1.32
    endloop
  endfacet
  facet normal 0 0 -1
    outer loop
      vertex -15.3 5.715 1.2
      vertex -16.7 5.715 1.2
      vertex -16.682764 5.9340083 1.2
    endloop
  endfacet
  facet normal 0 0 1
    outer loop
      vertex -15.3 5.715 1.32
      vertex -16.682764 5.9340083 1.32
      vertex -16.7 5.715 1.32
    endloop
  endfacet
  facet normal -0.99691733 0.078459096 0
    outer loop
      vertex -16.682764 5.9340083 1.2
      vertex -16.7 5.715 1.2
      vertex -16.7 5.715 1.32
    endloop
  endfacet
  facet normal -0.99691733 0.078459096 0
    outer loop
      vertex -16.682764 5.9340083 1.2
      vertex -16.7 5.715 1.32
      vertex -16.682764 5.9340083 1.32
    endloop
  endfacet
  facet normal -0 0 -1
    outer loop
      vertex -15.3 5.715 1.2
      vertex -16.682764 5.4959917 1.2
      vertex -16.7 5.715 1.2
    endloop
  endfacet
  facet normal 0 0 1
    outer loop
      vertex -15.3 5.715 1.32
      vertex -16.7 5.715 1.32
      vertex -16.682764 5.4959917 1.32
    endloop
  endfacet
  facet normal -0.99691733 -0.078459096 0
    outer loop
      vertex -16.7 5.715 1.2
      vertex -16.682764 5.4959917 1.2
      vertex -16.682764 5.4959917 1.32
    endloop
  endfacet
  facet normal -0.99691733 -0.078459096 0
    outer loop
      vertex -16.7 5.715 1.2
      vertex -16.682764 5.4959917 1.32
      vertex -16.7 5.715 1.32
    endloop
  endfacet
  facet normal 0 0 -1
    outer loop
      vertex -15.3 5.715 1.2
      vertex -16.631479 5.2823762 1.2
      vertex -16.682764 5.4959917 1.2
    endloop
  endfacet
  facet normal 0 0 1
    outer loop
      vertex -15.3 5.715 1.32
      vertex -16.682764 5.4959917 1.32
      vertex -16.631479 5.2823762 1.32
    endloop
  endfacet
  facet normal -0.97236992 -0.23344536 0
    outer loop
      vertex -16.682764 5.4959917 1.2
      vertex -16.631479 5.2823762 1.2
      vertex -16.631479 5.2823762 1.32
    endloop
  endfacet
  facet normal -0.97236992 -0.23344536 0
    outer loop
      vertex -16.682764 5.4959917 1.2
      vertex -16.631479 5.2823762 1.32
      vertex -16.682764 5.4959917 1.32
    endloop
  endfacet
  facet normal 0 0 -1
    outer loop
      vertex -15.3 5.715 1.2
      vertex -16.547409 5.0794133 1.2
      vertex -16.631479 5.2823762 1.2
    endloop
  endfacet
  facet normal 0 0 1
    outer loop
      vertex -15.3 5.715 1.32
      vertex -16.631479 5.2823762 1.32
      vertex -16.547409 5.0794133 1.32
    endloop
  endfacet
  facet normal -0.92387953 -0.38268343 0
    outer loop
      vertex -16.631479 5.2823762 1.2
      vertex -16.547409 5.0794133 1.2
      vertex -16.547409 5.0794133 1.32
    endloop
  endfacet
  facet normal -0.92387953 -0.38268343 0
    outer loop
      vertex -16.631479 5.2823762 1.2
      vertex -16.547409 5.0794133 1.32
      vertex -16.631479 5.2823762 1.32
    endloop
  endfacet
  facet normal 0 0 -1
    outer loop
      vertex -15.3 5.715 1.2
      vertex -16.432624 4.8921006 1.2
      vertex -16.547409 5.0794133 1.2
    endloop
  endfacet
  facet normal 0 0 1
    outer loop
      vertex -15.3 5.715 1.32
      vertex -16.547409 5.0794133 1.32
      vertex -16.432624 4.8921006 1.32
    endloop
  endfacet
  facet normal -0.85264016 -0.52249856 0
    outer loop
      vertex -16.547409 5.0794133 1.2
      vertex -16.432624 4.8921006 1.2
      vertex -16.432624 4.8921006 1.32
    endloop
  endfacet
  facet normal -0.85264016 -0.52249856 0
    outer loop
      vertex -16.547409 5.0794133 1.2
      vertex -16.432624 4.8921006 1.32
      vertex -16.547409 5.0794133 1.32
    endloop
  endfacet
  facet normal 0 0 -1
    outer loop
      vertex -15.3 5.715 1.2
      vertex -16.289949 4.7250505 1.2
      vertex -16.432624 4.8921006 1.2
    endloop
  endfacet
  facet normal 0 0 1
    outer loop
      vertex -15.3 5.715 1.32
      vertex -16.432624 4.8921006 1.32
      vertex -16.289949 4.7250505 1.32
    endloop
  endfacet
  facet normal -0.76040597 -0.64944805 0
    outer loop
      vertex -16.432624 4.8921006 1.2
      vertex -16.289949 4.7250505 1.2
      vertex -16.289949 4.7250505 1.32
    endloop
  endfacet
  facet normal -0.76040597 -0.64944805 0
    outer loop
      vertex -16.432624 4.8921006 1.2
      vertex -16.289949 4.7250505 1.32
      vertex -16.432624 4.8921006 1.32
    endloop
  endfacet
  facet normal 0 0 -1
    outer loop
      vertex -15.3 5.715 1.2
      vertex -16.122899 4.5823762 1.2
      vertex -16.289949 4.7250505 1.2
    endloop
  endfacet
  facet normal 0 0 1
    outer loop
      vertex -15.3 5.715 1.32
      vertex -16.289949 4.7250505 1.32
      vertex -16.122899 4.5823762 1.32
    endloop
  endfacet
  facet normal -0.64944805 -0.76040597 0
    outer loop
      vertex -16.289949 4.7250505 1.2
      vertex -16.122899 4.5823762 1.2
      vertex -16.122899 4.5823762 1.32
    endloop
  endfacet
  facet normal -0.64944805 -0.76040597 0
    outer loop
      vertex -16.289949 4.7250505 1.2
      vertex -16.122899 4.5823762 1.32
      vertex -16.289949 4.7250505 1.32
    endloop
  endfacet
  facet normal 0 0 -1
    outer loop
      vertex -15.3 5.715 1.2
      vertex -15.935587 4.4675909 1.2
      vertex -16.122899 4.5823762 1.2
    endloop
  endfacet
  facet normal 0 0 1
    outer loop
      vertex -15.3 5.715 1.32
      vertex -16.122899 4.5823762 1.32
      vertex -15.935587 4.4675909 1.32
    endloop
  endfacet
  facet normal -0.52249856 -0.85264016 0
    outer loop
      vertex -16.122899 4.5823762 1.2
      vertex -15.935587 4.4675909 1.2
      vertex -15.935587 4.4675909 1.32
    endloop
  endfacet
  facet normal -0.52249856 -0.85264016 0
    outer loop
      vertex -16.122899 4.5823762 1.2
      vertex -15.935587 4.4675909 1.32
      vertex -16.122899 4.5823762 1.32
    endloop
  endfacet
  facet normal 0 0 -1
    outer loop
      vertex -15.3 5.715 1.2
      vertex -15.732624 4.3835209 1.2
      vertex -15.935587 4.4675909 1.2
    endloop
  endfacet
  facet normal 0 0 1
    outer loop
      vertex -15.3 5.715 1.32
      vertex -15.935587 4.4675909 1.32
      vertex -15.732624 4.3835209 1.32
    endloop
  endfacet
  facet normal -0.38268343 -0.92387953 0
    outer loop
      vertex -15.935587 4.4675909 1.2
      vertex -15.732624 4.3835209 1.2
      vertex -15.732624 4.3835209 1.32
    endloop
  endfacet
  facet normal -0.38268343 -0.92387953 0
    outer loop
      vertex -15.935587 4.4675909 1.2
      vertex -15.732624 4.3835209 1.32
      vertex -15.935587 4.4675909 1.32
    endloop
  endfacet
  facet normal 0 0 -1
    outer loop
      vertex -15.3 5.715 1.2
      vertex -15.519008 4.3322363 1.2
      vertex -15.732624 4.3835209 1.2
    endloop
  endfacet
  facet normal 0 0 1
    outer loop
      vertex -15.3 5.715 1.32
      vertex -15.732624 4.3835209 1.32
      vertex -15.519008 4.3322363 1.32
    endloop
  endfacet
  facet normal -0.23344536 -0.97236992 0
    outer loop
      vertex -15.732624 4.3835209 1.2
      vertex -15.519008 4.3322363 1.2
      vertex -15.519008 4.3322363 1.32
    endloop
  endfacet
  facet normal -0.23344536 -0.97236992 0
    outer loop
      vertex -15.732624 4.3835209 1.2
      vertex -15.519008 4.3322363 1.32
      vertex -15.732624 4.3835209 1.32
    endloop
  endfacet
  facet normal 0 -0 -1
    outer loop
      vertex -15.3 5.715 1.2
      vertex -15.3 4.315 1.2
      vertex -15.519008 4.3322363 1.2
    endloop
  endfacet
  facet normal 0 0 1
    outer loop
      vertex -15.3 5.715 1.32
      vertex -15.519008 4.3322363 1.32
      vertex -15.3 4.315 1.32
    endloop
  endfacet
  facet normal -0.078459096 -0.99691733 0
    outer loop
      vertex -15.519008 4.3322363 1.2
      vertex -15.3 4.315 1.2
      vertex -15.3 4.315 1.32
    endloop
  endfacet
  facet normal -0.078459096 -0.99691733 0
    outer loop
      vertex -15.519008 4.3322363 1.2
      vertex -15.3 4.315 1.32
      vertex -15.519008 4.3322363 1.32
    endloop
  endfacet
  facet normal 0 0 -1
    outer loop
      vertex -15.3 5.715 1.2
      vertex -15.080992 4.3322363 1.2
      vertex -15.3 4.315 1.2
    endloop
  endfacet
  facet normal 0 0 1
    outer loop
      vertex -15.3 5.715 1.32
      vertex -15.3 4.315 1.32
      vertex -15.080992 4.3322363 1.32
    endloop
  endfacet
  facet normal 0.078459096 -0.99691733 0
    outer loop
      vertex -15.3 4.315 1.2
      vertex -15.080992 4.3322363 1.2
      vertex -15.080992 4.3322363 1.32
    endloop
  endfacet
  facet normal 0.078459096 -0.99691733 0
    outer loop
      vertex -15.3 4.315 1.2
      vertex -15.080992 4.3322363 1.32
      vertex -15.3 4.315 1.32
    endloop
  endfacet
  facet normal 0 0 -1
    outer loop
      vertex -15.3 5.715 1.2
      vertex -14.867376 4.3835209 1.2
      vertex -15.080992 4.3322363 1.2
    endloop
  endfacet
  facet normal 0 0 1
    outer loop
      vertex -15.3 5.715 1.32
      vertex -15.080992 4.3322363 1.32
      vertex -14.867376 4.3835209 1.32
    endloop
  endfacet
  facet normal 0.23344536 -0.97236992 0
    outer loop
      vertex -15.080992 4.3322363 1.2
      vertex -14.867376 4.3835209 1.2
      vertex -14.867376 4.3835209 1.32
    endloop
  endfacet
  facet normal 0.23344536 -0.97236992 0
    outer loop
      vertex -15.080992 4.3322363 1.2
      vertex -14.867376 4.3835209 1.32
      vertex -15.080992 4.3322363 1.32
    endloop
  endfacet
  facet normal 0 0 -1
    outer loop
      vertex -15.3 5.715 1.2
      vertex -14.664413 4.4675909 1.2
      vertex -14.867376 4.3835209 1.2
    endloop
  endfacet
  facet normal 0 0 1
    outer loop
      vertex -15.3 5.715 1.32
      vertex -14.867376 4.3835209 1.32
      vertex -14.664413 4.4675909 1.32
    endloop
  endfacet
  facet normal 0.38268343 -0.92387953 0
    outer loop
      vertex -14.867376 4.3835209 1.2
      vertex -14.664413 4.4675909 1.2
      vertex -14.664413 4.4675909 1.32
    endloop
  endfacet
  facet normal 0.38268343 -0.92387953 0
    outer loop
      vertex -14.867376 4.3835209 1.2
      vertex -14.664413 4.4675909 1.32
      vertex -14.867376 4.3835209 1.32
    endloop
  endfacet
  facet normal 0 0 -1
    outer loop
      vertex -15.3 5.715 1.2
      vertex -14.477101 4.5823762 1.2
      vertex -14.664413 4.4675909 1.2
    endloop
  endfacet
  facet normal 0 0 1
    outer loop
      vertex -15.3 5.715 1.32
      vertex -14.664413 4.4675909 1.32
      vertex -14.477101 4.5823762 1.32
    endloop
  endfacet
  facet normal 0.52249856 -0.85264016 0
    outer loop
      vertex -14.664413 4.4675909 1.2
      vertex -14.477101 4.5823762 1.2
      vertex -14.477101 4.5823762 1.32
    endloop
  endfacet
  facet normal 0.52249856 -0.85264016 0
    outer loop
      vertex -14.664413 4.4675909 1.2
      vertex -14.477101 4.5823762 1.32
      vertex -14.664413 4.4675909 1.32
    endloop
  endfacet
  facet normal 0 0 -1
    outer loop
      vertex -15.3 5.715 1.2
      vertex -14.310051 4.7250505 1.2
      vertex -14.477101 4.5823762 1.2
    endloop
  endfacet
  facet normal 0 0 1
    outer loop
      vertex -15.3 5.715 1.32
      vertex -14.477101 4.5823762 1.32
      vertex -14.310051 4.7250505 1.32
    endloop
  endfacet
  facet normal 0.64944805 -0.76040597 0
    outer loop
      vertex -14.477101 4.5823762 1.2
      vertex -14.310051 4.7250505 1.2
      vertex -14.310051 4.7250505 1.32
    endloop
  endfacet
  facet normal 0.64944805 -0.76040597 0
    outer loop
      vertex -14.477101 4.5823762 1.2
      vertex -14.310051 4.7250505 1.32
      vertex -14.477101 4.5823762 1.32
    endloop
  endfacet
  facet normal 0 0 -1
    outer loop
      vertex -15.3 5.715 1.2
      vertex -14.167376 4.8921006 1.2
      vertex -14.310051 4.7250505 1.2
    endloop
  endfacet
  facet normal 0 0 1
    outer loop
      vertex -15.3 5.715 1.32
      vertex -14.310051 4.7250505 1.32
      vertex -14.167376 4.8921006 1.32
    endloop
  endfacet
  facet normal 0.76040597 -0.64944805 0
    outer loop
      vertex -14.310051 4.7250505 1.2
      vertex -14.167376 4.8921006 1.2
      vertex -14.167376 4.8921006 1.32
    endloop
  endfacet
  facet normal 0.76040597 -0.64944805 0
    outer loop
      vertex -14.310051 4.7250505 1.2
      vertex -14.167376 4.8921006 1.32
      vertex -14.310051 4.7250505 1.32
    endloop
  endfacet
  facet normal 0 0 -1
    outer loop
      vertex -15.3 5.715 1.2
      vertex -14.052591 5.0794133 1.2
      vertex -14.167376 4.8921006 1.2
    endloop
  endfacet
  facet normal 0 0 1
    outer loop
      vertex -15.3 5.715 1.32
      vertex -14.167376 4.8921006 1.32
      vertex -14.052591 5.0794133 1.32
    endloop
  endfacet
  facet normal 0.85264016 -0.52249856 0
    outer loop
      vertex -14.167376 4.8921006 1.2
      vertex -14.052591 5.0794133 1.2
      vertex -14.052591 5.0794133 1.32
    endloop
  endfacet
  facet normal 0.85264016 -0.52249856 0
    outer loop
      vertex -14.167376 4.8921006 1.2
      vertex -14.052591 5.0794133 1.32
      vertex -14.167376 4.8921006 1.32
    endloop
  endfacet
  facet normal 0 0 -1
    outer loop
      vertex -15.3 5.715 1.2
      vertex -13.968521 5.2823762 1.2
      vertex -14.052591 5.0794133 1.2
    endloop
  endfacet
  facet normal 0 0 1
    outer loop
      vertex -15.3 5.715 1.32
      vertex -14.052591 5.0794133 1.32
      vertex -13.968521 5.2823762 1.32
    endloop
  endfacet
  facet normal 0.92387953 -0.38268343 0
    outer loop
      vertex -14.052591 5.0794133 1.2
      vertex -13.968521 5.2823762 1.2
      vertex -13.968521 5.2823762 1.32
    endloop
  endfacet
  facet normal 0.92387953 -0.38268343 0
    outer loop
      vertex -14.052591 5.0794133 1.2
      vertex -13.968521 5.2823762 1.32
      vertex -14.052591 5.0794133 1.32
    endloop
  endfacet
  facet normal 0 0 -1
    outer loop
      vertex -15.3 5.715 1.2
      vertex -13.917236 5.4959917 1.2
      vertex -13.968521 5.2823762 1.2
    endloop
  endfacet
  facet normal 0 0 1
    outer loop
      vertex -15.3 5.715 1.32
      vertex -13.968521 5.2823762 1.32
      vertex -13.917236 5.4959917 1.32
    endloop
  endfacet
  facet normal 0.97236992 -0.23344536 0
    outer loop
      vertex -13.968521 5.2823762 1.2
      vertex -13.917236 5.4959917 1.2
      vertex -13.917236 5.4959917 1.32
    endloop
  endfacet
  facet normal 0.97236992 -0.23344536 0
    outer loop
      vertex -13.968521 5.2823762 1.2
      vertex -13.917236 5.4959917 1.32
      vertex -13.968521 5.2823762 1.32
    endloop
  endfacet
  facet normal 0 0 -1
    outer loop
      vertex -15.3 5.715 1.2
      vertex -13.9 5.715 1.2
      vertex -13.917236 5.4959917 1.2
    endloop
  endfacet
  facet normal -0 0 1
    outer loop
      vertex -15.3 5.715 1.32
      vertex -13.917236 5.4959917 1.32
      vertex -13.9 5.715 1.32
    endloop
  endfacet
  facet normal 0.99691733 -0.078459096 0
    outer loop
      vertex -13.917236 5.4959917 1.2
      vertex -13.9 5.715 1.2
      vertex -13.9 5.715 1.32
    endloop
  endfacet
  facet normal 0.99691733 -0.078459096 0
    outer loop
      vertex -13.917236 5.4959917 1.2
      vertex -13.9 5.715 1.32
      vertex -13.917236 5.4959917 1.32
    endloop
  endfacet
  facet normal 0 0 -1
    outer loop
      vertex -15.3 5.715 1.31
      vertex -14.756771 5.801039 1.31
      vertex -14.75 5.715 1.31
    endloop
  endfacet
  facet normal 0 0 1
    outer loop
      vertex -15.3 5.715 1.34
      vertex -14.75 5.715 1.34
      vertex -14.756771 5.801039 1.34
    endloop
  endfacet
  facet normal 0.99691733 0.078459096 0
    outer loop
      vertex -14.75 5.715 1.31
      vertex -14.756771 5.801039 1.31
      vertex -14.756771 5.801039 1.34
    endloop
  endfacet
  facet normal 0.99691733 0.078459096 -0
    outer loop
      vertex -14.75 5.715 1.31
      vertex -14.756771 5.801039 1.34
      vertex -14.75 5.715 1.34
    endloop
  endfacet
  facet normal 0 0 -1
    outer loop
      vertex -15.3 5.715 1.31
      vertex -14.776919 5.8849593 1.31
      vertex -14.756771 5.801039 1.31
    endloop
  endfacet
  facet normal 0 0 1
    outer loop
      vertex -15.3 5.715 1.34
      vertex -14.756771 5.801039 1.34
      vertex -14.776919 5.8849593 1.34
    endloop
  endfacet
  facet normal 0.97236992 0.23344536 0
    outer loop
      vertex -14.756771 5.801039 1.31
      vertex -14.776919 5.8849593 1.31
      vertex -14.776919 5.8849593 1.34
    endloop
  endfacet
  facet normal 0.97236992 0.23344536 -0
    outer loop
      vertex -14.756771 5.801039 1.31
      vertex -14.776919 5.8849593 1.34
      vertex -14.756771 5.801039 1.34
    endloop
  endfacet
  facet normal 0 0 -1
    outer loop
      vertex -15.3 5.715 1.31
      vertex -14.809946 5.9646948 1.31
      vertex -14.776919 5.8849593 1.31
    endloop
  endfacet
  facet normal 0 0 1
    outer loop
      vertex -15.3 5.715 1.34
      vertex -14.776919 5.8849593 1.34
      vertex -14.809946 5.9646948 1.34
    endloop
  endfacet
  facet normal 0.92387953 0.38268343 0
    outer loop
      vertex -14.776919 5.8849593 1.31
      vertex -14.809946 5.9646948 1.31
      vertex -14.809946 5.9646948 1.34
    endloop
  endfacet
  facet normal 0.92387953 0.38268343 -0
    outer loop
      vertex -14.776919 5.8849593 1.31
      vertex -14.809946 5.9646948 1.34
      vertex -14.776919 5.8849593 1.34
    endloop
  endfacet
  facet normal 0 0 -1
    outer loop
      vertex -15.3 5.715 1.31
      vertex -14.855041 6.0382819 1.31
      vertex -14.809946 5.9646948 1.31
    endloop
  endfacet
  facet normal 0 0 1
    outer loop
      vertex -15.3 5.715 1.34
      vertex -14.809946 5.9646948 1.34
      vertex -14.855041 6.0382819 1.34
    endloop
  endfacet
  facet normal 0.85264016 0.52249856 0
    outer loop
      vertex -14.809946 5.9646948 1.31
      vertex -14.855041 6.0382819 1.31
      vertex -14.855041 6.0382819 1.34
    endloop
  endfacet
  facet normal 0.85264016 0.52249856 -0
    outer loop
      vertex -14.809946 5.9646948 1.31
      vertex -14.855041 6.0382819 1.34
      vertex -14.809946 5.9646948 1.34
    endloop
  endfacet
  facet normal 0 0 -1
    outer loop
      vertex -15.3 5.715 1.31
      vertex -14.911091 6.1039087 1.31
      vertex -14.855041 6.0382819 1.31
    endloop
  endfacet
  facet normal 0 0 1
    outer loop
      vertex -15.3 5.715 1.34
      vertex -14.855041 6.0382819 1.34
      vertex -14.911091 6.1039087 1.34
    endloop
  endfacet
  facet normal 0.76040597 0.64944805 0
    outer loop
      vertex -14.855041 6.0382819 1.31
      vertex -14.911091 6.1039087 1.31
      vertex -14.911091 6.1039087 1.34
    endloop
  endfacet
  facet normal 0.76040597 0.64944805 -0
    outer loop
      vertex -14.855041 6.0382819 1.31
      vertex -14.911091 6.1039087 1.34
      vertex -14.855041 6.0382819 1.34
    endloop
  endfacet
  facet normal 0 0 -1
    outer loop
      vertex -15.3 5.715 1.31
      vertex -14.976718 6.1599593 1.31
      vertex -14.911091 6.1039087 1.31
    endloop
  endfacet
  facet normal 0 0 1
    outer loop
      vertex -15.3 5.715 1.34
      vertex -14.911091 6.1039087 1.34
      vertex -14.976718 6.1599593 1.34
    endloop
  endfacet
  facet normal 0.64944805 0.76040597 0
    outer loop
      vertex -14.911091 6.1039087 1.31
      vertex -14.976718 6.1599593 1.31
      vertex -14.976718 6.1599593 1.34
    endloop
  endfacet
  facet normal 0.64944805 0.76040597 -0
    outer loop
      vertex -14.911091 6.1039087 1.31
      vertex -14.976718 6.1599593 1.34
      vertex -14.911091 6.1039087 1.34
    endloop
  endfacet
  facet normal 0 0 -1
    outer loop
      vertex -15.3 5.715 1.31
      vertex -15.050305 6.2050536 1.31
      vertex -14.976718 6.1599593 1.31
    endloop
  endfacet
  facet normal 0 0 1
    outer loop
      vertex -15.3 5.715 1.34
      vertex -14.976718 6.1599593 1.34
      vertex -15.050305 6.2050536 1.34
    endloop
  endfacet
  facet normal 0.52249856 0.85264016 0
    outer loop
      vertex -14.976718 6.1599593 1.31
      vertex -15.050305 6.2050536 1.31
      vertex -15.050305 6.2050536 1.34
    endloop
  endfacet
  facet normal 0.52249856 0.85264016 -0
    outer loop
      vertex -14.976718 6.1599593 1.31
      vertex -15.050305 6.2050536 1.34
      vertex -14.976718 6.1599593 1.34
    endloop
  endfacet
  facet normal 0 0 -1
    outer loop
      vertex -15.3 5.715 1.31
      vertex -15.130041 6.2380811 1.31
      vertex -15.050305 6.2050536 1.31
    endloop
  endfacet
  facet normal 0 0 1
    outer loop
      vertex -15.3 5.715 1.34
      vertex -15.050305 6.2050536 1.34
      vertex -15.130041 6.2380811 1.34
    endloop
  endfacet
  facet normal 0.38268343 0.92387953 0
    outer loop
      vertex -15.050305 6.2050536 1.31
      vertex -15.130041 6.2380811 1.31
      vertex -15.130041 6.2380811 1.34
    endloop
  endfacet
  facet normal 0.38268343 0.92387953 -0
    outer loop
      vertex -15.050305 6.2050536 1.31
      vertex -15.130041 6.2380811 1.34
      vertex -15.050305 6.2050536 1.34
    endloop
  endfacet
  facet normal 0 0 -1
    outer loop
      vertex -15.3 5.715 1.31
      vertex -15.213961 6.2582286 1.31
      vertex -15.130041 6.2380811 1.31
    endloop
  endfacet
  facet normal 0 0 1
    outer loop
      vertex -15.3 5.715 1.34
      vertex -15.130041 6.2380811 1.34
      vertex -15.213961 6.2582286 1.34
    endloop
  endfacet
  facet normal 0.23344536 0.97236992 0
    outer loop
      vertex -15.130041 6.2380811 1.31
      vertex -15.213961 6.2582286 1.31
      vertex -15.213961 6.2582286 1.34
    endloop
  endfacet
  facet normal 0.23344536 0.97236992 -0
    outer loop
      vertex -15.130041 6.2380811 1.31
      vertex -15.213961 6.2582286 1.34
      vertex -15.130041 6.2380811 1.34
    endloop
  endfacet
  facet normal 0 0 -1
    outer loop
      vertex -15.3 5.715 1.31
      vertex -15.3 6.265 1.31
      vertex -15.213961 6.2582286 1.31
    endloop
  endfacet
  facet normal 0 0 1
    outer loop
      vertex -15.3 5.715 1.34
      vertex -15.213961 6.2582286 1.34
      vertex -15.3 6.265 1.34
    endloop
  endfacet
  facet normal 0.078459096 0.99691733 0
    outer loop
      vertex -15.213961 6.2582286 1.31
      vertex -15.3 6.265 1.31
      vertex -15.3 6.265 1.34
    endloop
  endfacet
  facet normal 0.078459096 0.99691733 -0
    outer loop
      vertex -15.213961 6.2582286 1.31
      vertex -15.3 6.265 1.34
      vertex -15.213961 6.2582286 1.34
    endloop
  endfacet
  facet normal 0 0 -1
    outer loop
      vertex -15.3 5.715 1.31
      vertex -15.386039 6.2582286 1.31
      vertex -15.3 6.265 1.31
    endloop
  endfacet
  facet normal 0 -0 1
    outer loop
      vertex -15.3 5.715 1.34
      vertex -15.3 6.265 1.34
      vertex -15.386039 6.2582286 1.34
    endloop
  endfacet
  facet normal -0.078459096 0.99691733 0
    outer loop
      vertex -15.3 6.265 1.31
      vertex -15.386039 6.2582286 1.31
      vertex -15.386039 6.2582286 1.34
    endloop
  endfacet
  facet normal -0.078459096 0.99691733 0
    outer loop
      vertex -15.3 6.265 1.31
      vertex -15.386039 6.2582286 1.34
      vertex -15.3 6.265 1.34
    endloop
  endfacet
  facet normal 0 0 -1
    outer loop
      vertex -15.3 5.715 1.31
      vertex -15.469959 6.2380811 1.31
      vertex -15.386039 6.2582286 1.31
    endloop
  endfacet
  facet normal 0 0 1
    outer loop
      vertex -15.3 5.715 1.34
      vertex -15.386039 6.2582286 1.34
      vertex -15.469959 6.2380811 1.34
    endloop
  endfacet
  facet normal -0.23344536 0.97236992 0
    outer loop
      vertex -15.386039 6.2582286 1.31
      vertex -15.469959 6.2380811 1.31
      vertex -15.469959 6.2380811 1.34
    endloop
  endfacet
  facet normal -0.23344536 0.97236992 0
    outer loop
      vertex -15.386039 6.2582286 1.31
      vertex -15.469959 6.2380811 1.34
      vertex -15.386039 6.2582286 1.34
    endloop
  endfacet
  facet normal 0 0 -1
    outer loop
      vertex -15.3 5.715 1.31
      vertex -15.549695 6.2050536 1.31
      vertex -15.469959 6.2380811 1.31
    endloop
  endfacet
  facet normal 0 0 1
    outer loop
      vertex -15.3 5.715 1.34
      vertex -15.469959 6.2380811 1.34
      vertex -15.549695 6.2050536 1.34
    endloop
  endfacet
  facet normal -0.38268343 0.92387953 0
    outer loop
      vertex -15.469959 6.2380811 1.31
      vertex -15.549695 6.2050536 1.31
      vertex -15.549695 6.2050536 1.34
    endloop
  endfacet
  facet normal -0.38268343 0.92387953 0
    outer loop
      vertex -15.469959 6.2380811 1.31
      vertex -15.549695 6.2050536 1.34
      vertex -15.469959 6.2380811 1.34
    endloop
  endfacet
  facet normal 0 0 -1
    outer loop
      vertex -15.3 5.715 1.31
      vertex -15.623282 6.1599593 1.31
      vertex -15.549695 6.2050536 1.31
    endloop
  endfacet
  facet normal 0 0 1
    outer loop
      vertex -15.3 5.715 1.34
      vertex -15.549695 6.2050536 1.34
      vertex -15.623282 6.1599593 1.34
    endloop
  endfacet
  facet normal -0.52249856 0.85264016 0
    outer loop
      vertex -15.549695 6.2050536 1.31
      vertex -15.623282 6.1599593 1.31
      vertex -15.623282 6.1599593 1.34
    endloop
  endfacet
  facet normal -0.52249856 0.85264016 0
    outer loop
      vertex -15.549695 6.2050536 1.31
      vertex -15.623282 6.1599593 1.34
      vertex -15.549695 6.2050536 1.34
    endloop
  endfacet
  facet normal 0 0 -1
    outer loop
      vertex -15.3 5.715 1.31
      vertex -15.688909 6.1039087 1.31
      vertex -15.623282 6.1599593 1.31
    endloop
  endfacet
  facet normal 0 0 1
    outer loop
      vertex -15.3 5.715 1.34
      vertex -15.623282 6.1599593 1.34
      vertex -15.688909 6.1039087 1.34
    endloop
  endfacet
  facet normal -0.64944805 0.76040597 0
    outer loop
      vertex -15.623282 6.1599593 1.31
      vertex -15.688909 6.1039087 1.31
      vertex -15.688909 6.1039087 1.34
    endloop
  endfacet
  facet normal -0.64944805 0.76040597 0
    outer loop
      vertex -15.623282 6.1599593 1.31
      vertex -15.688909 6.1039087 1.34
      vertex -15.623282 6.1599593 1.34
    endloop
  endfacet
  facet normal 0 0 -1
    outer loop
      vertex -15.3 5.715 1.31
      vertex -15.744959 6.0382819 1.31
      vertex -15.688909 6.1039087 1.31
    endloop
  endfacet
  facet normal 0 0 1
    outer loop
      vertex -15.3 5.715 1.34
      vertex -15.688909 6.1039087 1.34
      vertex -15.744959 6.0382819 1.34
    endloop
  endfacet
  facet normal -0.76040597 0.64944805 0
    outer loop
      vertex -15.688909 6.1039087 1.31
      vertex -15.744959 6.0382819 1.31
      vertex -15.744959 6.0382819 1.34
    endloop
  endfacet
  facet normal -0.76040597 0.64944805 0
    outer loop
      vertex -15.688909 6.1039087 1.31
      vertex -15.744959 6.0382819 1.34
      vertex -15.688909 6.1039087 1.34
    endloop
  endfacet
  facet normal 0 0 -1
    outer loop
      vertex -15.3 5.715 1.31
      vertex -15.790054 5.9646948 1.31
      vertex -15.744959 6.0382819 1.31
    endloop
  endfacet
  facet normal 0 0 1
    outer loop
      vertex -15.3 5.715 1.34
      vertex -15.744959 6.0382819 1.34
      vertex -15.790054 5.9646948 1.34
    endloop
  endfacet
  facet normal -0.85264016 0.52249856 0
    outer loop
      vertex -15.744959 6.0382819 1.31
      vertex -15.790054 5.9646948 1.31
      vertex -15.790054 5.9646948 1.34
    endloop
  endfacet
  facet normal -0.85264016 0.52249856 0
    outer loop
      vertex -15.744959 6.0382819 1.31
      vertex -15.790054 5.9646948 1.34
      vertex -15.744959 6.0382819 1.34
    endloop
  endfacet
  facet normal 0 0 -1
    outer loop
      vertex -15.3 5.715 1.31
      vertex -15.823081 5.8849593 1.31
      vertex -15.790054 5.9646948 1.31
    endloop
  endfacet
  facet normal 0 0 1
    outer loop
      vertex -15.3 5.715 1.34
      vertex -15.790054 5.9646948 1.34
      vertex -15.823081 5.8849593 1.34
    endloop
  endfacet
  facet normal -0.92387953 0.38268343 0
    outer loop
      vertex -15.790054 5.9646948 1.31
      vertex -15.823081 5.8849593 1.31
      vertex -15.823081 5.8849593 1.34
    endloop
  endfacet
  facet normal -0.92387953 0.38268343 0
    outer loop
      vertex -15.790054 5.9646948 1.31
      vertex -15.823081 5.8849593 1.34
      vertex -15.790054 5.9646948 1.34
    endloop
  endfacet
  facet normal 0 0 -1
    outer loop
      vertex -15.3 5.715 1.31
      vertex -15.843229 5.801039 1.31
      vertex -15.823081 5.8849593 1.31
    endloop
  endfacet
  facet normal 0 0 1
    outer loop
      vertex -15.3 5.715 1.34
      vertex -15.823081 5.8849593 1.34
      vertex -15.843229 5.801039 1.34
    endloop
  endfacet
  facet normal -0.97236992 0.23344536 0
    outer loop
      vertex -15.823081 5.8849593 1.31
      vertex -15.843229 5.801039 1.31
      vertex -15.843229 5.801039 1.34
    endloop
  endfacet
  facet normal -0.97236992 0.23344536 0
    outer loop
      vertex -15.823081 5.8849593 1.31
      vertex -15.843229 5.801039 1.34
      vertex -15.823081 5.8849593 1.34
    endloop
  endfacet
  facet normal 0 0 -1
    outer loop
      vertex -15.3 5.715 1.31
      vertex -15.85 5.715 1.31
      vertex -15.843229 5.801039 1.31
    endloop
  endfacet
  facet normal 0 0 1
    outer loop
      vertex -15.3 5.715 1.34
      vertex -15.843229 5.801039 1.34
      vertex -15.85 5.715 1.34
    endloop
  endfacet
  facet normal -0.99691733 0.078459096 0
    outer loop
      vertex -15.843229 5.801039 1.31
      vertex -15.85 5.715 1.31
      vertex -15.85 5.715 1.34
    endloop
  endfacet
  facet normal -0.99691733 0.078459096 0
    outer loop
      vertex -15.843229 5.801039 1.31
      vertex -15.85 5.715 1.34
      vertex -15.843229 5.801039 1.34
    endloop
  endfacet
  facet normal -0 0 -1
    outer loop
      vertex -15.3 5.715 1.31
      vertex -15.843229 5.628961 1.31
      vertex -15.85 5.715 1.31
    endloop
  endfacet
  facet normal 0 0 1
    outer loop
      vertex -15.3 5.715 1.34
      vertex -15.85 5.715 1.34
      vertex -15.843229 5.628961 1.34
    endloop
  endfacet
  facet normal -0.99691733 -0.078459096 0
    outer loop
      vertex -15.85 5.715 1.31
      vertex -15.843229 5.628961 1.31
      vertex -15.843229 5.628961 1.34
    endloop
  endfacet
  facet normal -0.99691733 -0.078459096 0
    outer loop
      vertex -15.85 5.715 1.31
      vertex -15.843229 5.628961 1.34
      vertex -15.85 5.715 1.34
    endloop
  endfacet
  facet normal 0 0 -1
    outer loop
      vertex -15.3 5.715 1.31
      vertex -15.823081 5.5450407 1.31
      vertex -15.843229 5.628961 1.31
    endloop
  endfacet
  facet normal 0 0 1
    outer loop
      vertex -15.3 5.715 1.34
      vertex -15.843229 5.628961 1.34
      vertex -15.823081 5.5450407 1.34
    endloop
  endfacet
  facet normal -0.97236992 -0.23344536 0
    outer loop
      vertex -15.843229 5.628961 1.31
      vertex -15.823081 5.5450407 1.31
      vertex -15.823081 5.5450407 1.34
    endloop
  endfacet
  facet normal -0.97236992 -0.23344536 0
    outer loop
      vertex -15.843229 5.628961 1.31
      vertex -15.823081 5.5450407 1.34
      vertex -15.843229 5.628961 1.34
    endloop
  endfacet
  facet normal 0 0 -1
    outer loop
      vertex -15.3 5.715 1.31
      vertex -15.790054 5.4653052 1.31
      vertex -15.823081 5.5450407 1.31
    endloop
  endfacet
  facet normal 0 0 1
    outer loop
      vertex -15.3 5.715 1.34
      vertex -15.823081 5.5450407 1.34
      vertex -15.790054 5.4653052 1.34
    endloop
  endfacet
  facet normal -0.92387953 -0.38268343 0
    outer loop
      vertex -15.823081 5.5450407 1.31
      vertex -15.790054 5.4653052 1.31
      vertex -15.790054 5.4653052 1.34
    endloop
  endfacet
  facet normal -0.92387953 -0.38268343 0
    outer loop
      vertex -15.823081 5.5450407 1.31
      vertex -15.790054 5.4653052 1.34
      vertex -15.823081 5.5450407 1.34
    endloop
  endfacet
  facet normal 0 0 -1
    outer loop
      vertex -15.3 5.715 1.31
      vertex -15.744959 5.3917181 1.31
      vertex -15.790054 5.4653052 1.31
    endloop
  endfacet
  facet normal 0 0 1
    outer loop
      vertex -15.3 5.715 1.34
      vertex -15.790054 5.4653052 1.34
      vertex -15.744959 5.3917181 1.34
    endloop
  endfacet
  facet normal -0.85264016 -0.52249856 0
    outer loop
      vertex -15.790054 5.4653052 1.31
      vertex -15.744959 5.3917181 1.31
      vertex -15.744959 5.3917181 1.34
    endloop
  endfacet
  facet normal -0.85264016 -0.52249856 0
    outer loop
      vertex -15.790054 5.4653052 1.31
      vertex -15.744959 5.3917181 1.34
      vertex -15.790054 5.4653052 1.34
    endloop
  endfacet
  facet normal 0 0 -1
    outer loop
      vertex -15.3 5.715 1.31
      vertex -15.688909 5.3260913 1.31
      vertex -15.744959 5.3917181 1.31
    endloop
  endfacet
  facet normal 0 0 1
    outer loop
      vertex -15.3 5.715 1.34
      vertex -15.744959 5.3917181 1.34
      vertex -15.688909 5.3260913 1.34
    endloop
  endfacet
  facet normal -0.76040597 -0.64944805 0
    outer loop
      vertex -15.744959 5.3917181 1.31
      vertex -15.688909 5.3260913 1.31
      vertex -15.688909 5.3260913 1.34
    endloop
  endfacet
  facet normal -0.76040597 -0.64944805 0
    outer loop
      vertex -15.744959 5.3917181 1.31
      vertex -15.688909 5.3260913 1.34
      vertex -15.744959 5.3917181 1.34
    endloop
  endfacet
  facet normal 0 0 -1
    outer loop
      vertex -15.3 5.715 1.31
      vertex -15.623282 5.2700407 1.31
      vertex -15.688909 5.3260913 1.31
    endloop
  endfacet
  facet normal 0 0 1
    outer loop
      vertex -15.3 5.715 1.34
      vertex -15.688909 5.3260913 1.34
      vertex -15.623282 5.2700407 1.34
    endloop
  endfacet
  facet normal -0.64944805 -0.76040597 0
    outer loop
      vertex -15.688909 5.3260913 1.31
      vertex -15.623282 5.2700407 1.31
      vertex -15.623282 5.2700407 1.34
    endloop
  endfacet
  facet normal -0.64944805 -0.76040597 0
    outer loop
      vertex -15.688909 5.3260913 1.31
      vertex -15.623282 5.2700407 1.34
      vertex -15.688909 5.3260913 1.34
    endloop
  endfacet
  facet normal 0 0 -1
    outer loop
      vertex -15.3 5.715 1.31
      vertex -15.549695 5.2249464 1.31
      vertex -15.623282 5.2700407 1.31
    endloop
  endfacet
  facet normal 0 0 1
    outer loop
      vertex -15.3 5.715 1.34
      vertex -15.623282 5.2700407 1.34
      vertex -15.549695 5.2249464 1.34
    endloop
  endfacet
  facet normal -0.52249856 -0.85264016 0
    outer loop
      vertex -15.623282 5.2700407 1.31
      vertex -15.549695 5.2249464 1.31
      vertex -15.549695 5.2249464 1.34
    endloop
  endfacet
  facet normal -0.52249856 -0.85264016 0
    outer loop
      vertex -15.623282 5.2700407 1.31
      vertex -15.549695 5.2249464 1.34
      vertex -15.623282 5.2700407 1.34
    endloop
  endfacet
  facet normal 0 0 -1
    outer loop
      vertex -15.3 5.715 1.31
      vertex -15.469959 5.1919189 1.31
      vertex -15.549695 5.2249464 1.31
    endloop
  endfacet
  facet normal 0 0 1
    outer loop
      vertex -15.3 5.715 1.34
      vertex -15.549695 5.2249464 1.34
      vertex -15.469959 5.1919189 1.34
    endloop
  endfacet
  facet normal -0.38268343 -0.92387953 0
    outer loop
      vertex -15.549695 5.2249464 1.31
      vertex -15.469959 5.1919189 1.31
      vertex -15.469959 5.1919189 1.34
    endloop
  endfacet
  facet normal -0.38268343 -0.92387953 0
    outer loop
      vertex -15.549695 5.2249464 1.31
      vertex -15.469959 5.1919189 1.34
      vertex -15.549695 5.2249464 1.34
    endloop
  endfacet
  facet normal 0 0 -1
    outer loop
      vertex -15.3 5.715 1.31
      vertex -15.386039 5.1717714 1.31
      vertex -15.469959 5.1919189 1.31
    endloop
  endfacet
  facet normal 0 0 1
    outer loop
      vertex -15.3 5.715 1.34
      vertex -15.469959 5.1919189 1.34
      vertex -15.386039 5.1717714 1.34
    endloop
  endfacet
  facet normal -0.23344536 -0.97236992 0
    outer loop
      vertex -15.469959 5.1919189 1.31
      vertex -15.386039 5.1717714 1.31
      vertex -15.386039 5.1717714 1.34
    endloop
  endfacet
  facet normal -0.23344536 -0.97236992 0
    outer loop
      vertex -15.469959 5.1919189 1.31
      vertex -15.386039 5.1717714 1.34
      vertex -15.469959 5.1919189 1.34
    endloop
  endfacet
  facet normal 0 -0 -1
    outer loop
      vertex -15.3 5.715 1.31
      vertex -15.3 5.165 1.31
      vertex -15.386039 5.1717714 1.31
    endloop
  endfacet
  facet normal 0 0 1
    outer loop
      vertex -15.3 5.715 1.34
      vertex -15.386039 5.1717714 1.34
      vertex -15.3 5.165 1.34
    endloop
  endfacet
  facet normal -0.078459096 -0.99691733 0
    outer loop
      vertex -15.386039 5.1717714 1.31
      vertex -15.3 5.165 1.31
      vertex -15.3 5.165 1.34
    endloop
  endfacet
  facet normal -0.078459096 -0.99691733 0
    outer loop
      vertex -15.386039 5.1717714 1.31
      vertex -15.3 5.165 1.34
      vertex -15.386039 5.1717714 1.34
    endloop
  endfacet
  facet normal 0 0 -1
    outer loop
      vertex -15.3 5.715 1.31
      vertex -15.213961 5.1717714 1.31
      vertex -15.3 5.165 1.31
    endloop
  endfacet
  facet normal 0 0 1
    outer loop
      vertex -15.3 5.715 1.34
      vertex -15.3 5.165 1.34
      vertex -15.213961 5.1717714 1.34
    endloop
  endfacet
  facet normal 0.078459096 -0.99691733 0
    outer loop
      vertex -15.3 5.165 1.31
      vertex -15.213961 5.1717714 1.31
      vertex -15.213961 5.1717714 1.34
    endloop
  endfacet
  facet normal 0.078459096 -0.99691733 0
    outer loop
      vertex -15.3 5.165 1.31
      vertex -15.213961 5.1717714 1.34
      vertex -15.3 5.165 1.34
    endloop
  endfacet
  facet normal 0 0 -1
    outer loop
      vertex -15.3 5.715 1.31
      vertex -15.130041 5.1919189 1.31
      vertex -15.213961 5.1717714 1.31
    endloop
  endfacet
  facet normal 0 0 1
    outer loop
      vertex -15.3 5.715 1.34
      vertex -15.213961 5.1717714 1.34
      vertex -15.130041 5.1919189 1.34
    endloop
  endfacet
  facet normal 0.23344536 -0.97236992 0
    outer loop
      vertex -15.213961 5.1717714 1.31
      vertex -15.130041 5.1919189 1.31
      vertex -15.130041 5.1919189 1.34
    endloop
  endfacet
  facet normal 0.23344536 -0.97236992 0
    outer loop
      vertex -15.213961 5.1717714 1.31
      vertex -15.130041 5.1919189 1.34
      vertex -15.213961 5.1717714 1.34
    endloop
  endfacet
  facet normal 0 0 -1
    outer loop
      vertex -15.3 5.715 1.31
      vertex -15.050305 5.2249464 1.31
      vertex -15.130041 5.1919189 1.31
    endloop
  endfacet
  facet normal 0 0 1
    outer loop
      vertex -15.3 5.715 1.34
      vertex -15.130041 5.1919189 1.34
      vertex -15.050305 5.2249464 1.34
    endloop
  endfacet
  facet normal 0.38268343 -0.92387953 0
    outer loop
      vertex -15.130041 5.1919189 1.31
      vertex -15.050305 5.2249464 1.31
      vertex -15.050305 5.2249464 1.34
    endloop
  endfacet
  facet normal 0.38268343 -0.92387953 0
    outer loop
      vertex -15.130041 5.1919189 1.31
      vertex -15.050305 5.2249464 1.34
      vertex -15.130041 5.1919189 1.34
    endloop
  endfacet
  facet normal 0 0 -1
    outer loop
      vertex -15.3 5.715 1.31
      vertex -14.976718 5.2700407 1.31
      vertex -15.050305 5.2249464 1.31
    endloop
  endfacet
  facet normal 0 0 1
    outer loop
      vertex -15.3 5.715 1.34
      vertex -15.050305 5.2249464 1.34
      vertex -14.976718 5.2700407 1.34
    endloop
  endfacet
  facet normal 0.52249856 -0.85264016 0
    outer loop
      vertex -15.050305 5.2249464 1.31
      vertex -14.976718 5.2700407 1.31
      vertex -14.976718 5.2700407 1.34
    endloop
  endfacet
  facet normal 0.52249856 -0.85264016 0
    outer loop
      vertex -15.050305 5.2249464 1.31
      vertex -14.976718 5.2700407 1.34
      vertex -15.050305 5.2249464 1.34
    endloop
  endfacet
  facet normal 0 0 -1
    outer loop
      vertex -15.3 5.715 1.31
      vertex -14.911091 5.3260913 1.31
      vertex -14.976718 5.2700407 1.31
    endloop
  endfacet
  facet normal 0 0 1
    outer loop
      vertex -15.3 5.715 1.34
      vertex -14.976718 5.2700407 1.34
      vertex -14.911091 5.3260913 1.34
    endloop
  endfacet
  facet normal 0.64944805 -0.76040597 0
    outer loop
      vertex -14.976718 5.2700407 1.31
      vertex -14.911091 5.3260913 1.31
      vertex -14.911091 5.3260913 1.34
    endloop
  endfacet
  facet normal 0.64944805 -0.76040597 0
    outer loop
      vertex -14.976718 5.2700407 1.31
      vertex -14.911091 5.3260913 1.34
      vertex -14.976718 5.2700407 1.34
    endloop
  endfacet
  facet normal 0 0 -1
    outer loop
      vertex -15.3 5.715 1.31
      vertex -14.855041 5.3917181 1.31
      vertex -14.911091 5.3260913 1.31
    endloop
  endfacet
  facet normal 0 0 1
    outer loop
      vertex -15.3 5.715 1.34
      vertex -14.911091 5.3260913 1.34
      vertex -14.855041 5.3917181 1.34
    endloop
  endfacet
  facet normal 0.76040597 -0.64944805 0
    outer loop
      vertex -14.911091 5.3260913 1.31
      vertex -14.855041 5.3917181 1.31
      vertex -14.855041 5.3917181 1.34
    endloop
  endfacet
  facet normal 0.76040597 -0.64944805 0
    outer loop
      vertex -14.911091 5.3260913 1.31
      vertex -14.855041 5.3917181 1.34
      vertex -14.911091 5.3260913 1.34
    endloop
  endfacet
  facet normal 0 0 -1
    outer loop
      vertex -15.3 5.715 1.31
      vertex -14.809946 5.4653052 1.31
      vertex -14.855041 5.3917181 1.31
    endloop
  endfacet
  facet normal 0 0 1
    outer loop
      vertex -15.3 5.715 1.34
      vertex -14.855041 5.3917181 1.34
      vertex -14.809946 5.4653052 1.34
    endloop
  endfacet
  facet normal 0.85264016 -0.52249856 0
    outer loop
      vertex -14.855041 5.3917181 1.31
      vertex -14.809946 5.4653052 1.31
      vertex -14.809946 5.4653052 1.34
    endloop
  endfacet
  facet normal 0.85264016 -0.52249856 0
    outer loop
      vertex -14.855041 5.3917181 1.31
      vertex -14.809946 5.4653052 1.34
      vertex -14.855041 5.3917181 1.34
    endloop
  endfacet
  facet normal 0 0 -1
    outer loop
      vertex -15.3 5.715 1.31
      vertex -14.776919 5.5450407 1.31
      vertex -14.809946 5.4653052 1.31
    endloop
  endfacet
  facet normal 0 0 1
    outer loop
      vertex -15.3 5.715 1.34
      vertex -14.809946 5.4653052 1.34
      vertex -14.776919 5.5450407 1.34
    endloop
  endfacet
  facet normal 0.92387953 -0.38268343 0
    outer loop
      vertex -14.809946 5.4653052 1.31
      vertex -14.776919 5.5450407 1.31
      vertex -14.776919 5.5450407 1.34
    endloop
  endfacet
  facet normal 0.92387953 -0.38268343 0
    outer loop
      vertex -14.809946 5.4653052 1.31
      vertex -14.776919 5.5450407 1.34
      vertex -14.809946 5.4653052 1.34
    endloop
  endfacet
  facet normal 0 0 -1
    outer loop
      vertex -15.3 5.715 1.31
      vertex -14.756771 5.628961 1.31
      vertex -14.776919 5.5450407 1.31
    endloop
  endfacet
  facet normal 0 0 1
    outer loop
      vertex -15.3 5.715 1.34
      vertex -14.776919 5.5450407 1.34
      vertex -14.756771 5.628961 1.34
    endloop
  endfacet
  facet normal 0.97236992 -0.23344536 0
    outer loop
      vertex -14.776919 5.5450407 1.31
      vertex -14.756771 5.628961 1.31
      vertex -14.756771 5.628961 1.34
    endloop
  endfacet
  facet normal 0.97236992 -0.23344536 0
    outer loop
      vertex -14.776919 5.5450407 1.31
      vertex -14.756771 5.628961 1.34
      vertex -14.776919 5.5450407 1.34
    endloop
  endfacet
  facet normal 0 0 -1
    outer loop
      vertex -15.3 5.715 1.31
      vertex -14.75 5.715 1.31
      vertex -14.756771 5.628961 1.31
    endloop
  endfacet
  facet normal -0 0 1
    outer loop
      vertex -15.3 5.715 1.34
      vertex -14.756771 5.628961 1.34
      vertex -14.75 5.715 1.34
    endloop
  endfacet
  facet normal 0.99691733 -0.078459096 0
    outer loop
      vertex -14.756771 5.628961 1.31
      vertex -14.75 5.715 1.31
      vertex -14.75 5.715 1.34
    endloop
  endfacet
  facet normal 0.99691733 -0.078459096 0
    outer loop
      vertex -14.756771 5.628961 1.31
      vertex -14.75 5.715 1.34
      vertex -14.756771 5.628961 1.34
    endloop
  endfacet
  facet normal 0 0 -1
    outer loop
      vertex -6.2 -7.4 1.2
      vertex 3 1.8 1.2
      vertex 3 -7.4 1.2
    endloop
  endfacet
  facet normal 0 0 -1
    outer loop
      vertex -6.2 -7.4 1.2
      vertex -6.2 1.8 1.2
      vertex 3 1.8 1.2
    endloop
  endfacet
  facet normal 0 0 1
    outer loop
      vertex -6.2 -7.4 5.5
      vertex 3 -7.4 5.5
      vertex 3 1.8 5.5
    endloop
  endfacet
  facet normal 0 0 1
    outer loop
      vertex -6.2 -7.4 5.5
      vertex 3 1.8 5.5
      vertex -6.2 1.8 5.5
    endloop
  endfacet
  facet normal 0 -1 0
    outer loop
      vertex -6.2 -7.4 1.2
      vertex 3 -7.4 1.2
      vertex 3 -7.4 5.5
    endloop
  endfacet
  facet normal 0 -1 0
    outer loop
      vertex -6.2 -7.4 1.2
      vertex 3 -7.4 5.5
      vertex -6.2 -7.4 5.5
    endloop
  endfacet
  facet normal 1 0 0
    outer loop
      vertex 3 -7.4 1.2
      vertex 3 1.8 1.2
      vertex 3 1.8 5.5
    endloop
  endfacet
  facet normal 1 0 0
    outer loop
      vertex 3 -7.4 1.2
      vertex 3 1.8 5.5
      vertex 3 -7.4 5.5
    endloop
  endfacet
  facet normal 0 1 0
    outer loop
      vertex 3 1.8 1.2
      vertex -6.2 1.8 1.2
      vertex -6.2 1.8 5.5
    endloop
  endfacet
  facet normal 0 1 -0
    outer loop
      vertex 3 1.8 1.2
      vertex -6.2 1.8 5.5
      vertex 3 1.8 5.5
    endloop
  endfacet
  facet normal -1 0 0
    outer loop
      vertex -6.2 1.8 1.2
      vertex -6.2 -7.4 1.2
      vertex -6.2 -7.4 5.5
    endloop
  endfacet
  facet normal -1 0 0
    outer loop
      vertex -6.2 1.8 1.2
      vertex -6.2 -7.4 5.5
      vertex -6.2 1.8 5.5
    endloop
  endfacet
  facet normal 0 0 -1
    outer loop
      vertex -5.8 -7 5.32
      vertex 2.6 1.4 5.32
      vertex 2.6 -7 5.32
    endloop
  endfacet
  facet normal 0 0 -1
    outer loop
      vertex -5.8 -7 5.32
      vertex -5.8 1.4 5.32
      vertex 2.6 1.4 5.32
    endloop
  endfacet
  facet normal 0 0 1
    outer loop
      vertex -5.8 -7 5.5
      vertex 2.6 -7 5.5
      vertex 2.6 1.4 5.5
    endloop
  endfacet
  facet normal 0 0 1
    outer loop
      vertex -5.8 -7 5.5
      vertex 2.6 1.4 5.5
      vertex -5.8 1.4 5.5
    endloop
  endfacet
  facet normal 0 -1 0
    outer loop
      vertex -5.8 -7 5.32
      vertex 2.6 -7 5.32
      vertex 2.6 -7 5.5
    endloop
  endfacet
  facet normal 0 -1 0
    outer loop
      vertex -5.8 -7 5.32
      vertex 2.6 -7 5.5
      vertex -5.8 -7 5.5
    endloop
  endfacet
  facet normal 1 0 0
    outer loop
      vertex 2.6 -7 5.32
      vertex 2.6 1.4 5.32
      vertex 2.6 1.4 5.5
    endloop
  endfacet
  facet normal 1 0 0
    outer loop
      vertex 2.6 -7 5.32
      vertex 2.6 1.4 5.5
      vertex 2.6 -7 5.5
    endloop
  endfacet
  facet normal 0 1 0
    outer loop
      vertex 2.6 1.4 5.32
      vertex -5.8 1.4 5.32
      vertex -5.8 1.4 5.5
    endloop
  endfacet
  facet normal 0 1 -0
    outer loop
      vertex 2.6 1.4 5.32
      vertex -5.8 1.4 5.5
      vertex 2.6 1.4 5.5
    endloop
  endfacet
  facet normal -1 0 0
    outer loop
      vertex -5.8 1.4 5.32
      vertex -5.8 -7 5.32
      vertex -5.8 -7 5.5
    endloop
  endfacet
  facet normal -1 0 0
    outer loop
      vertex -5.8 1.4 5.32
      vertex -5.8 -7 5.5
      vertex -5.8 1.4 5.5
    endloop
  endfacet
  facet normal 0 0 -1
    outer loop
      vertex -13.6 4 1.2
      vertex -7.8 7.2 1.2
      vertex -7.8 4 1.2
    endloop
  endfacet
  facet normal 0 0 -1
    outer loop
      vertex -13.6 4 1.2
      vertex -13.6 7.2 1.2
      vertex -7.8 7.2 1.2
    endloop
  endfacet
  facet normal 0 0 1
    outer loop
      vertex -13.6 4 2.45
      vertex -7.8 4 2.45
      vertex -7.8 7.2 2.45
    endloop
  endfacet
  facet normal 0 0 1
    outer loop
      vertex -13.6 4 2.45
      vertex -7.8 7.2 2.45
      vertex -13.6 7.2 2.45
    endloop
  endfacet
  facet normal 0 -1 0
    outer loop
      vertex -13.6 4 1.2
      vertex -7.8 4 1.2
      vertex -7.8 4 2.45
    endloop
  endfacet
  facet normal 0 -1 0
    outer loop
      vertex -13.6 4 1.2
      vertex -7.8 4 2.45
      vertex -13.6 4 2.45
    endloop
  endfacet
  facet normal 1 0 0
    outer loop
      vertex -7.8 4 1.2
      vertex -7.8 7.2 1.2
      vertex -7.8 7.2 2.45
    endloop
  endfacet
  facet normal 1 0 0
    outer loop
      vertex -7.8 4 1.2
      vertex -7.8 7.2 2.45
      vertex -7.8 4 2.45
    endloop
  endfacet
  facet normal 0 1 0
    outer loop
      vertex -7.8 7.2 1.2
      vertex -13.6 7.2 1.2
      vertex -13.6 7.2 2.45
    endloop
  endfacet
  facet normal 0 1 -0
    outer loop
      vertex -7.8 7.2 1.2
      vertex -13.6 7.2 2.45
      vertex -7.8 7.2 2.45
    endloop
  endfacet
  facet normal -1 0 0
    outer loop
      vertex -13.6 7.2 1.2
      vertex -13.6 4 1.2
      vertex -13.6 4 2.45
    endloop
  endfacet
  facet normal -1 0 0
    outer loop
      vertex -13.6 7.2 1.2
      vertex -13.6 4 2.45
      vertex -13.6 7.2 2.45
    endloop
  endfacet
  facet normal 0 0 -1
    outer loop
      vertex -7.85 3.6 1.2
      vertex -3.75 6.8 1.2
      vertex -3.75 3.6 1.2
    endloop
  endfacet
  facet normal 0 0 -1
    outer loop
      vertex -7.85 3.6 1.2
      vertex -7.85 6.8 1.2
      vertex -3.75 6.8 1.2
    endloop
  endfacet
  facet normal 0 0 1
    outer loop
      vertex -7.85 3.6 2.35
      vertex -3.75 3.6 2.35
      vertex -3.75 6.8 2.35
    endloop
  endfacet
  facet normal 0 0 1
    outer loop
      vertex -7.85 3.6 2.35
      vertex -3.75 6.8 2.35
      vertex -7.85 6.8 2.35
    endloop
  endfacet
  facet normal 0 -1 0
    outer loop
      vertex -7.85 3.6 1.2
      vertex -3.75 3.6 1.2
      vertex -3.75 3.6 2.35
    endloop
  endfacet
  facet normal 0 -1 0
    outer loop
      vertex -7.85 3.6 1.2
      vertex -3.75 3.6 2.35
      vertex -7.85 3.6 2.35
    endloop
  endfacet
  facet normal 1 0 0
    outer loop
      vertex -3.75 3.6 1.2
      vertex -3.75 6.8 1.2
      vertex -3.75 6.8 2.35
    endloop
  endfacet
  facet normal 1 0 0
    outer loop
      vertex -3.75 3.6 1.2
      vertex -3.75 6.8 2.35
      vertex -3.75 3.6 2.35
    endloop
  endfacet
  facet normal 0 1 0
    outer loop
      vertex -3.75 6.8 1.2
      vertex -7.85 6.8 1.2
      vertex -7.85 6.8 2.35
    endloop
  endfacet
  facet normal 0 1 -0
    outer loop
      vertex -3.75 6.8 1.2
      vertex -7.85 6.8 2.35
      vertex -3.75 6.8 2.35
    endloop
  endfacet
  facet normal -1 0 0
    outer loop
      vertex -7.85 6.8 1.2
      vertex -7.85 3.6 1.2
      vertex -7.85 3.6 2.35
    endloop
  endfacet
  facet normal -1 0 0
    outer loop
      vertex -7.85 6.8 1.2
      vertex -7.85 3.6 2.35
      vertex -7.85 6.8 2.35
    endloop
  endfacet
  facet normal 0 0 -1
    outer loop
      vertex -11.1 -0.65 1.2
      vertex -5.7 2.05 1.2
      vertex -5.7 -0.65 1.2
    endloop
  endfacet
  facet normal 0 0 -1
    outer loop
      vertex -11.1 -0.65 1.2
      vertex -11.1 2.05 1.2
      vertex -5.7 2.05 1.2
    endloop
  endfacet
  facet normal 0 0 1
    outer loop
      vertex -11.1 -0.65 2.2
      vertex -5.7 -0.65 2.2
      vertex -5.7 2.05 2.2
    endloop
  endfacet
  facet normal 0 0 1
    outer loop
      vertex -11.1 -0.65 2.2
      vertex -5.7 2.05 2.2
      vertex -11.1 2.05 2.2
    endloop
  endfacet
  facet normal 0 -1 0
    outer loop
      vertex -11.1 -0.65 1.2
      vertex -5.7 -0.65 1.2
      vertex -5.7 -0.65 2.2
    endloop
  endfacet
  facet normal 0 -1 0
    outer loop
      vertex -11.1 -0.65 1.2
      vertex -5.7 -0.65 2.2
      vertex -11.1 -0.65 2.2
    endloop
  endfacet
  facet normal 1 0 0
    outer loop
      vertex -5.7 -0.65 1.2
      vertex -5.7 2.05 1.2
      vertex -5.7 2.05 2.2
    endloop
  endfacet
  facet normal 1 0 0
    outer loop
      vertex -5.7 -0.65 1.2
      vertex -5.7 2.05 2.2
      vertex -5.7 -0.65 2.2
    endloop
  endfacet
  facet normal 0 1 0
    outer loop
      vertex -5.7 2.05 1.2
      vertex -11.1 2.05 1.2
      vertex -11.1 2.05 2.2
    endloop
  endfacet
  facet normal 0 1 -0
    outer loop
      vertex -5.7 2.05 1.2
      vertex -11.1 2.05 2.2
      vertex -5.7 2.05 2.2
    endloop
  endfacet
  facet normal -1 0 0
    outer loop
      vertex -11.1 2.05 1.2
      vertex -11.1 -0.65 1.2
      vertex -11.1 -0.65 2.2
    endloop
  endfacet
  facet normal -1 0 0
    outer loop
      vertex -11.1 2.05 1.2
      vertex -11.1 -0.65 2.2
      vertex -11.1 2.05 2.2
    endloop
  endfacet
  facet normal 0 0 -1
    outer loop
      vertex 4.2 -0.55 1.2
      vertex 11.4 4.95 1.2
      vertex 11.4 -0.55 1.2
    endloop
  endfacet
  facet normal 0 0 -1
    outer loop
      vertex 4.2 -0.55 1.2
      vertex 4.2 4.95 1.2
      vertex 11.4 4.95 1.2
    endloop
  endfacet
  facet normal 0 0 1
    outer loop
      vertex 4.2 -0.55 2.45
      vertex 11.4 -0.55 2.45
      vertex 11.4 4.95 2.45
    endloop
  endfacet
  facet normal 0 0 1
    outer loop
      vertex 4.2 -0.55 2.45
      vertex 11.4 4.95 2.45
      vertex 4.2 4.95 2.45
    endloop
  endfacet
  facet normal 0 -1 0
    outer loop
      vertex 4.2 -0.55 1.2
      vertex 11.4 -0.55 1.2
      vertex 11.4 -0.55 2.45
    endloop
  endfacet
  facet normal 0 -1 0
    outer loop
      vertex 4.2 -0.55 1.2
      vertex 11.4 -0.55 2.45
      vertex 4.2 -0.55 2.45
    endloop
  endfacet
  facet normal 1 0 0
    outer loop
      vertex 11.4 -0.55 1.2
      vertex 11.4 4.95 1.2
      vertex 11.4 4.95 2.45
    endloop
  endfacet
  facet normal 1 0 0
    outer loop
      vertex 11.4 -0.55 1.2
      vertex 11.4 4.95 2.45
      vertex 11.4 -0.55 2.45
    endloop
  endfacet
  facet normal 0 1 0
    outer loop
      vertex 11.4 4.95 1.2
      vertex 4.2 4.95 1.2
      vertex 4.2 4.95 2.45
    endloop
  endfacet
  facet normal 0 1 -0
    outer loop
      vertex 11.4 4.95 1.2
      vertex 4.2 4.95 2.45
      vertex 11.4 4.95 2.45
    endloop
  endfacet
  facet normal -1 0 0
    outer loop
      vertex 4.2 4.95 1.2
      vertex 4.2 -0.55 1.2
      vertex 4.2 -0.55 2.45
    endloop
  endfacet
  facet normal -1 0 0
    outer loop
      vertex 4.2 4.95 1.2
      vertex 4.2 -0.55 2.45
      vertex 4.2 4.95 2.45
    endloop
  endfacet
  facet normal 0 0 -1
    outer loop
      vertex 3.5 6 1.2
      vertex 6.9 8 1.2
      vertex 6.9 6 1.2
    endloop
  endfacet
  facet normal 0 0 -1
    outer loop
      vertex 3.5 6 1.2
      vertex 3.5 8 1.2
      vertex 6.9 8 1.2
    endloop
  endfacet
  facet normal 0 0 1
    outer loop
      vertex 3.5 6 2.05
      vertex 6.9 6 2.05
      vertex 6.9 8 2.05
    endloop
  endfacet
  facet normal 0 0 1
    outer loop
      vertex 3.5 6 2.05
      vertex 6.9 8 2.05
      vertex 3.5 8 2.05
    endloop
  endfacet
  facet normal 0 -1 0
    outer loop
      vertex 3.5 6 1.2
      vertex 6.9 6 1.2
      vertex 6.9 6 2.05
    endloop
  endfacet
  facet normal 0 -1 0
    outer loop
      vertex 3.5 6 1.2
      vertex 6.9 6 2.05
      vertex 3.5 6 2.05
    endloop
  endfacet
  facet normal 1 0 0
    outer loop
      vertex 6.9 6 1.2
      vertex 6.9 8 1.2
      vertex 6.9 8 2.05
    endloop
  endfacet
  facet normal 1 0 0
    outer loop
      vertex 6.9 6 1.2
      vertex 6.9 8 2.05
      vertex 6.9 6 2.05
    endloop
  endfacet
  facet normal 0 1 0
    outer loop
      vertex 6.9 8 1.2
      vertex 3.5 8 1.2
      vertex 3.5 8 2.05
    endloop
  endfacet
  facet normal 0 1 -0
    outer loop
      vertex 6.9 8 1.2
      vertex 3.5 8 2.05
      vertex 6.9 8 2.05
    endloop
  endfacet
  facet normal -1 0 0
    outer loop
      vertex 3.5 8 1.2
      vertex 3.5 6 1.2
      vertex 3.5 6 2.05
    endloop
  endfacet
  facet normal -1 0 0
    outer loop
      vertex 3.5 8 1.2
      vertex 3.5 6 2.05
      vertex 3.5 8 2.05
    endloop
  endfacet
  facet normal 0 0 -1
    outer loop
      vertex 11.4 6 1.2
      vertex 13.6 7.2 1.2
      vertex 13.6 6 1.2
    endloop
  endfacet
  facet normal 0 0 -1
    outer loop
      vertex 11.4 6 1.2
      vertex 11.4 7.2 1.2
      vertex 13.6 7.2 1.2
    endloop
  endfacet
  facet normal 0 0 1
    outer loop
      vertex 11.4 6 1.85
      vertex 13.6 6 1.85
      vertex 13.6 7.2 1.85
    endloop
  endfacet
  facet normal 0 0 1
    outer loop
      vertex 11.4 6 1.85
      vertex 13.6 7.2 1.85
      vertex 11.4 7.2 1.85
    endloop
  endfacet
  facet normal 0 -1 0
    outer loop
      vertex 11.4 6 1.2
      vertex 13.6 6 1.2
      vertex 13.6 6 1.85
    endloop
  endfacet
  facet normal 0 -1 0
    outer loop
      vertex 11.4 6 1.2
      vertex 13.6 6 1.85
      vertex 11.4 6 1.85
    endloop
  endfacet
  facet normal 1 0 0
    outer loop
      vertex 13.6 6 1.2
      vertex 13.6 7.2 1.2
      vertex 13.6 7.2 1.85
    endloop
  endfacet
  facet normal 1 0 0
    outer loop
      vertex 13.6 6 1.2
      vertex 13.6 7.2 1.85
      vertex 13.6 6 1.85
    endloop
  endfacet
  facet normal 0 1 0
    outer loop
      vertex 13.6 7.2 1.2
      vertex 11.4 7.2 1.2
      vertex 11.4 7.2 1.85
    endloop
  endfacet
  facet normal 0 1 -0
    outer loop
      vertex 13.6 7.2 1.2
      vertex 11.4 7.2 1.85
      vertex 13.6 7.2 1.85
    endloop
  endfacet
  facet normal -1 0 0
    outer loop
      vertex 11.4 7.2 1.2
      vertex 11.4 6 1.2
      vertex 11.4 6 1.85
    endloop
  endfacet
  facet normal -1 0 0
    outer loop
      vertex 11.4 7.2 1.2
      vertex 11.4 6 1.85
      vertex 11.4 7.2 1.85
    endloop
  endfacet
  facet normal 0 0 -1
    outer loop
      vertex 13.4 3.8 1.2
      vertex 15.2 4.8 1.2
      vertex 15.2 3.8 1.2
    endloop
  endfacet
  facet normal 0 0 -1
    outer loop
      vertex 13.4 3.8 1.2
      vertex 13.4 4.8 1.2
      vertex 15.2 4.8 1.2
    endloop
  endfacet
  facet normal 0 0 1
    outer loop
      vertex 13.4 3.8 1.75
      vertex 15.2 3.8 1.75
      vertex 15.2 4.8 1.75
    endloop
  endfacet
  facet normal 0 0 1
    outer loop
      vertex 13.4 3.8 1.75
      vertex 15.2 4.8 1.75
      vertex 13.4 4.8 1.75
    endloop
  endfacet
  facet normal 0 -1 0
    outer loop
      vertex 13.4 3.8 1.2
      vertex 15.2 3.8 1.2
      vertex 15.2 3.8 1.75
    endloop
  endfacet
  facet normal 0 -1 0
    outer loop
      vertex 13.4 3.8 1.2
      vertex 15.2 3.8 1.75
      vertex 13.4 3.8 1.75
    endloop
  endfacet
  facet normal 1 0 0
    outer loop
      vertex 15.2 3.8 1.2
      vertex 15.2 4.8 1.2
      vertex 15.2 4.8 1.75
    endloop
  endfacet
  facet normal 1 0 0
    outer loop
      vertex 15.2 3.8 1.2
      vertex 15.2 4.8 1.75
      vertex 15.2 3.8 1.75
    endloop
  endfacet
  facet normal 0 1 0
    outer loop
      vertex 15.2 4.8 1.2
      vertex 13.4 4.8 1.2
      vertex 13.4 4.8 1.75
    endloop
  endfacet
  facet normal 0 1 -0
    outer loop
      vertex 15.2 4.8 1.2
      vertex 13.4 4.8 1.75
      vertex 15.2 4.8 1.75
    endloop
  endfacet
  facet normal -1 0 0
    outer loop
      vertex 13.4 4.8 1.2
      vertex 13.4 3.8 1.2
      vertex 13.4 3.8 1.75
    endloop
  endfacet
  facet normal -1 0 0
    outer loop
      vertex 13.4 4.8 1.2
      vertex 13.4 3.8 1.75
      vertex 13.4 4.8 1.75
    endloop
  endfacet
  facet normal 0 0 -1
    outer loop
      vertex 12.2 1.3 1.2
      vertex 14.2 2.3 1.2
      vertex 14.2 1.3 1.2
    endloop
  endfacet
  facet normal 0 0 -1
    outer loop
      vertex 12.2 1.3 1.2
      vertex 12.2 2.3 1.2
      vertex 14.2 2.3 1.2
    endloop
  endfacet
  facet normal 0 0 1
    outer loop
      vertex 12.2 1.3 1.75
      vertex 14.2 1.3 1.75
      vertex 14.2 2.3 1.75
    endloop
  endfacet
  facet normal 0 0 1
    outer loop
      vertex 12.2 1.3 1.75
      vertex 14.2 2.3 1.75
      vertex 12.2 2.3 1.75
    endloop
  endfacet
  facet normal 0 -1 0
    outer loop
      vertex 12.2 1.3 1.2
      vertex 14.2 1.3 1.2
      vertex 14.2 1.3 1.75
    endloop
  endfacet
  facet normal 0 -1 0
    outer loop
      vertex 12.2 1.3 1.2
      vertex 14.2 1.3 1.75
      vertex 12.2 1.3 1.75
    endloop
  endfacet
  facet normal 1 0 0
    outer loop
      vertex 14.2 1.3 1.2
      vertex 14.2 2.3 1.2
      vertex 14.2 2.3 1.75
    endloop
  endfacet
  facet normal 1 0 0
    outer loop
      vertex 14.2 1.3 1.2
      vertex 14.2 2.3 1.75
      vertex 14.2 1.3 1.75
    endloop
  endfacet
  facet normal 0 1 0
    outer loop
      vertex 14.2 2.3 1.2
      vertex 12.2 2.3 1.2
      vertex 12.2 2.3 1.75
    endloop
  endfacet
  facet normal 0 1 -0
    outer loop
      vertex 14.2 2.3 1.2
      vertex 12.2 2.3 1.75
      vertex 14.2 2.3 1.75
    endloop
  endfacet
  facet normal -1 0 0
    outer loop
      vertex 12.2 2.3 1.2
      vertex 12.2 1.3 1.2
      vertex 12.2 1.3 1.75
    endloop
  endfacet
  facet normal -1 0 0
    outer loop
      vertex 12.2 2.3 1.2
      vertex 12.2 1.3 1.75
      vertex 12.2 2.3 1.75
    endloop
  endfacet
  facet normal 0 0 -1
    outer loop
      vertex 11.8 -1.8 1.2
      vertex 13.8 -0.8 1.2
      vertex 13.8 -1.8 1.2
    endloop
  endfacet
  facet normal 0 0 -1
    outer loop
      vertex 11.8 -1.8 1.2
      vertex 11.8 -0.8 1.2
      vertex 13.8 -0.8 1.2
    endloop
  endfacet
  facet normal 0 0 1
    outer loop
      vertex 11.8 -1.8 1.75
      vertex 13.8 -1.8 1.75
      vertex 13.8 -0.8 1.75
    endloop
  endfacet
  facet normal 0 0 1
    outer loop
      vertex 11.8 -1.8 1.75
      vertex 13.8 -0.8 1.75
      vertex 11.8 -0.8 1.75
    endloop
  endfacet
  facet normal 0 -1 0
    outer loop
      vertex 11.8 -1.8 1.2
      vertex 13.8 -1.8 1.2
      vertex 13.8 -1.8 1.75
    endloop
  endfacet
  facet normal 0 -1 0
    outer loop
      vertex 11.8 -1.8 1.2
      vertex 13.8 -1.8 1.75
      vertex 11.8 -1.8 1.75
    endloop
  endfacet
  facet normal 1 0 0
    outer loop
      vertex 13.8 -1.8 1.2
      vertex 13.8 -0.8 1.2
      vertex 13.8 -0.8 1.75
    endloop
  endfacet
  facet normal 1 0 0
    outer loop
      vertex 13.8 -1.8 1.2
      vertex 13.8 -0.8 1.75
      vertex 13.8 -1.8 1.75
    endloop
  endfacet
  facet normal 0 1 0
    outer loop
      vertex 13.8 -0.8 1.2
      vertex 11.8 -0.8 1.2
      vertex 11.8 -0.8 1.75
    endloop
  endfacet
  facet normal 0 1 -0
    outer loop
      vertex 13.8 -0.8 1.2
      vertex 11.8 -0.8 1.75
      vertex 13.8 -0.8 1.75
    endloop
  endfacet
  facet normal -1 0 0
    outer loop
      vertex 11.8 -0.8 1.2
      vertex 11.8 -1.8 1.2
      vertex 11.8 -1.8 1.75
    endloop
  endfacet
  facet normal -1 0 0
    outer loop
      vertex 11.8 -0.8 1.2
      vertex 11.8 -1.8 1.75
      vertex 11.8 -0.8 1.75
    endloop
  endfacet
  facet normal 0 0 -1
    outer loop
      vertex -9.4 7.1 1.2
      vertex -6.8 10.1 1.2
      vertex -6.8 7.1 1.2
    endloop
  endfacet
  facet normal 0 0 -1
    outer loop
      vertex -9.4 7.1 1.2
      vertex -9.4 10.1 1.2
      vertex -6.8 10.1 1.2
    endloop
  endfacet
  facet normal 0 0 1
    outer loop
      vertex -9.4 7.1 2.75
      vertex -6.8 7.1 2.75
      vertex -6.8 10.1 2.75
    endloop
  endfacet
  facet normal 0 0 1
    outer loop
      vertex -9.4 7.1 2.75
      vertex -6.8 10.1 2.75
      vertex -9.4 10.1 2.75
    endloop
  endfacet
  facet normal 0 -1 0
    outer loop
      vertex -9.4 7.1 1.2
      vertex -6.8 7.1 1.2
      vertex -6.8 7.1 2.75
    endloop
  endfacet
  facet normal 0 -1 0
    outer loop
      vertex -9.4 7.1 1.2
      vertex -6.8 7.1 2.75
      vertex -9.4 7.1 2.75
    endloop
  endfacet
  facet normal 1 0 0
    outer loop
      vertex -6.8 7.1 1.2
      vertex -6.8 10.1 1.2
      vertex -6.8 10.1 2.75
    endloop
  endfacet
  facet normal 1 0 0
    outer loop
      vertex -6.8 7.1 1.2
      vertex -6.8 10.1 2.75
      vertex -6.8 7.1 2.75
    endloop
  endfacet
  facet normal 0 1 0
    outer loop
      vertex -6.8 10.1 1.2
      vertex -9.4 10.1 1.2
      vertex -9.4 10.1 2.75
    endloop
  endfacet
  facet normal 0 1 -0
    outer loop
      vertex -6.8 10.1 1.2
      vertex -9.4 10.1 2.75
      vertex -6.8 10.1 2.75
    endloop
  endfacet
  facet normal -1 0 0
    outer loop
      vertex -9.4 10.1 1.2
      vertex -9.4 7.1 1.2
      vertex -9.4 7.1 2.75
    endloop
  endfacet
  facet normal -1 0 0
    outer loop
      vertex -9.4 10.1 1.2
      vertex -9.4 7.1 2.75
      vertex -9.4 10.1 2.75
    endloop
  endfacet
  facet normal 0 0 -1
    outer loop
      vertex -9.4 7.075 1.23
      vertex -9.16 10.125 1.23
      vertex -9.16 7.075 1.23
    endloop
  endfacet
  facet normal 0 0 -1
    outer loop
      vertex -9.4 7.075 1.23
      vertex -9.4 10.125 1.23
      vertex -9.16 10.125 1.23
    endloop
  endfacet
  facet normal 0 0 1
    outer loop
      vertex -9.4 7.075 2.72
      vertex -9.16 7.075 2.72
      vertex -9.16 10.125 2.72
    endloop
  endfacet
  facet normal 0 0 1
    outer loop
      vertex -9.4 7.075 2.72
      vertex -9.16 10.125 2.72
      vertex -9.4 10.125 2.72
    endloop
  endfacet
  facet normal 0 -1 0
    outer loop
      vertex -9.4 7.075 1.23
      vertex -9.16 7.075 1.23
      vertex -9.16 7.075 2.72
    endloop
  endfacet
  facet normal 0 -1 0
    outer loop
      vertex -9.4 7.075 1.23
      vertex -9.16 7.075 2.72
      vertex -9.4 7.075 2.72
    endloop
  endfacet
  facet normal 1 0 0
    outer loop
      vertex -9.16 7.075 1.23
      vertex -9.16 10.125 1.23
      vertex -9.16 10.125 2.72
    endloop
  endfacet
  facet normal 1 0 0
    outer loop
      vertex -9.16 7.075 1.23
      vertex -9.16 10.125 2.72
      vertex -9.16 7.075 2.72
    endloop
  endfacet
  facet normal 0 1 0
    outer loop
      vertex -9.16 10.125 1.23
      vertex -9.4 10.125 1.23
      vertex -9.4 10.125 2.72
    endloop
  endfacet
  facet normal 0 1 -0
    outer loop
      vertex -9.16 10.125 1.23
      vertex -9.4 10.125 2.72
      vertex -9.16 10.125 2.72
    endloop
  endfacet
  facet normal -1 0 0
    outer loop
      vertex -9.4 10.125 1.23
      vertex -9.4 7.075 1.23
      vertex -9.4 7.075 2.72
    endloop
  endfacet
  facet normal -1 0 0
    outer loop
      vertex -9.4 10.125 1.23
      vertex -9.4 7.075 2.72
      vertex -9.4 10.125 2.72
    endloop
  endfacet
  facet normal 0 0 -1
    outer loop
      vertex -7.04 7.075 1.23
      vertex -6.8 10.125 1.23
      vertex -6.8 7.075 1.23
    endloop
  endfacet
  facet normal 0 0 -1
    outer loop
      vertex -7.04 7.075 1.23
      vertex -7.04 10.125 1.23
      vertex -6.8 10.125 1.23
    endloop
  endfacet
  facet normal 0 0 1
    outer loop
      vertex -7.04 7.075 2.72
      vertex -6.8 7.075 2.72
      vertex -6.8 10.125 2.72
    endloop
  endfacet
  facet normal 0 0 1
    outer loop
      vertex -7.04 7.075 2.72
      vertex -6.8 10.125 2.72
      vertex -7.04 10.125 2.72
    endloop
  endfacet
  facet normal 0 -1 0
    outer loop
      vertex -7.04 7.075 1.23
      vertex -6.8 7.075 1.23
      vertex -6.8 7.075 2.72
    endloop
  endfacet
  facet normal 0 -1 0
    outer loop
      vertex -7.04 7.075 1.23
      vertex -6.8 7.075 2.72
      vertex -7.04 7.075 2.72
    endloop
  endfacet
  facet normal 1 0 0
    outer loop
      vertex -6.8 7.075 1.23
      vertex -6.8 10.125 1.23
      vertex -6.8 10.125 2.72
    endloop
  endfacet
  facet normal 1 0 0
    outer loop
      vertex -6.8 7.075 1.23
      vertex -6.8 10.125 2.72
      vertex -6.8 7.075 2.72
    endloop
  endfacet
  facet normal 0 1 0
    outer loop
      vertex -6.8 10.125 1.23
      vertex -7.04 10.125 1.23
      vertex -7.04 10.125 2.72
    endloop
  endfacet
  facet normal 0 1 -0
    outer loop
      vertex -6.8 10.125 1.23
      vertex -7.04 10.125 2.72
      vertex -6.8 10.125 2.72
    endloop
  endfacet
  facet normal -1 0 0
    outer loop
      vertex -7.04 10.125 1.23
      vertex -7.04 7.075 1.23
      vertex -7.04 7.075 2.72
    endloop
  endfacet
  facet normal -1 0 0
    outer loop
      vertex -7.04 10.125 1.23
      vertex -7.04 7.075 2.72
      vertex -7.04 10.125 2.72
    endloop
  endfacet
  facet normal 0 0 -1
    outer loop
      vertex -12.3 6.9 1.2
      vertex -9.7 9.9 1.2
      vertex -9.7 6.9 1.2
    endloop
  endfacet
  facet normal 0 0 -1
    outer loop
      vertex -12.3 6.9 1.2
      vertex -12.3 9.9 1.2
      vertex -9.7 9.9 1.2
    endloop
  endfacet
  facet normal 0 0 1
    outer loop
      vertex -12.3 6.9 2.75
      vertex -9.7 6.9 2.75
      vertex -9.7 9.9 2.75
    endloop
  endfacet
  facet normal 0 0 1
    outer loop
      vertex -12.3 6.9 2.75
      vertex -9.7 9.9 2.75
      vertex -12.3 9.9 2.75
    endloop
  endfacet
  facet normal 0 -1 0
    outer loop
      vertex -12.3 6.9 1.2
      vertex -9.7 6.9 1.2
      vertex -9.7 6.9 2.75
    endloop
  endfacet
  facet normal 0 -1 0
    outer loop
      vertex -12.3 6.9 1.2
      vertex -9.7 6.9 2.75
      vertex -12.3 6.9 2.75
    endloop
  endfacet
  facet normal 1 0 0
    outer loop
      vertex -9.7 6.9 1.2
      vertex -9.7 9.9 1.2
      vertex -9.7 9.9 2.75
    endloop
  endfacet
  facet normal 1 0 0
    outer loop
      vertex -9.7 6.9 1.2
      vertex -9.7 9.9 2.75
      vertex -9.7 6.9 2.75
    endloop
  endfacet
  facet normal 0 1 0
    outer loop
      vertex -9.7 9.9 1.2
      vertex -12.3 9.9 1.2
      vertex -12.3 9.9 2.75
    endloop
  endfacet
  facet normal 0 1 -0
    outer loop
      vertex -9.7 9.9 1.2
      vertex -12.3 9.9 2.75
      vertex -9.7 9.9 2.75
    endloop
  endfacet
  facet normal -1 0 0
    outer loop
      vertex -12.3 9.9 1.2
      vertex -12.3 6.9 1.2
      vertex -12.3 6.9 2.75
    endloop
  endfacet
  facet normal -1 0 0
    outer loop
      vertex -12.3 9.9 1.2
      vertex -12.3 6.9 2.75
      vertex -12.3 9.9 2.75
    endloop
  endfacet
  facet normal 0 0 -1
    outer loop
      vertex -12.3 6.875 1.23
      vertex -12.06 9.925 1.23
      vertex -12.06 6.875 1.23
    endloop
  endfacet
  facet normal 0 0 -1
    outer loop
      vertex -12.3 6.875 1.23
      vertex -12.3 9.925 1.23
      vertex -12.06 9.925 1.23
    endloop
  endfacet
  facet normal 0 0 1
    outer loop
      vertex -12.3 6.875 2.72
      vertex -12.06 6.875 2.72
      vertex -12.06 9.925 2.72
    endloop
  endfacet
  facet normal 0 0 1
    outer loop
      vertex -12.3 6.875 2.72
      vertex -12.06 9.925 2.72
      vertex -12.3 9.925 2.72
    endloop
  endfacet
  facet normal 0 -1 0
    outer loop
      vertex -12.3 6.875 1.23
      vertex -12.06 6.875 1.23
      vertex -12.06 6.875 2.72
    endloop
  endfacet
  facet normal 0 -1 0
    outer loop
      vertex -12.3 6.875 1.23
      vertex -12.06 6.875 2.72
      vertex -12.3 6.875 2.72
    endloop
  endfacet
  facet normal 1 0 0
    outer loop
      vertex -12.06 6.875 1.23
      vertex -12.06 9.925 1.23
      vertex -12.06 9.925 2.72
    endloop
  endfacet
  facet normal 1 0 0
    outer loop
      vertex -12.06 6.875 1.23
      vertex -12.06 9.925 2.72
      vertex -12.06 6.875 2.72
    endloop
  endfacet
  facet normal 0 1 0
    outer loop
      vertex -12.06 9.925 1.23
      vertex -12.3 9.925 1.23
      vertex -12.3 9.925 2.72
    endloop
  endfacet
  facet normal 0 1 -0
    outer loop
      vertex -12.06 9.925 1.23
      vertex -12.3 9.925 2.72
      vertex -12.06 9.925 2.72
    endloop
  endfacet
  facet normal -1 0 0
    outer loop
      vertex -12.3 9.925 1.23
      vertex -12.3 6.875 1.23
      vertex -12.3 6.875 2.72
    endloop
  endfacet
  facet normal -1 0 0
    outer loop
      vertex -12.3 9.925 1.23
      vertex -12.3 6.875 2.72
      vertex -12.3 9.925 2.72
    endloop
  endfacet
  facet normal 0 0 -1
    outer loop
      vertex -9.94 6.875 1.23
      vertex -9.7 9.925 1.23
      vertex -9.7 6.875 1.23
    endloop
  endfacet
  facet normal 0 0 -1
    outer loop
      vertex -9.94 6.875 1.23
      vertex -9.94 9.925 1.23
      vertex -9.7 9.925 1.23
    endloop
  endfacet
  facet normal 0 0 1
    outer loop
      vertex -9.94 6.875 2.72
      vertex -9.7 6.875 2.72
      vertex -9.7 9.925 2.72
    endloop
  endfacet
  facet normal 0 0 1
    outer loop
      vertex -9.94 6.875 2.72
      vertex -9.7 9.925 2.72
      vertex -9.94 9.925 2.72
    endloop
  endfacet
  facet normal 0 -1 0
    outer loop
      vertex -9.94 6.875 1.23
      vertex -9.7 6.875 1.23
      vertex -9.7 6.875 2.72
    endloop
  endfacet
  facet normal 0 -1 0
    outer loop
      vertex -9.94 6.875 1.23
      vertex -9.7 6.875 2.72
      vertex -9.94 6.875 2.72
    endloop
  endfacet
  facet normal 1 0 0
    outer loop
      vertex -9.7 6.875 1.23
      vertex -9.7 9.925 1.23
      vertex -9.7 9.925 2.72
    endloop
  endfacet
  facet normal 1 0 0
    outer loop
      vertex -9.7 6.875 1.23
      vertex -9.7 9.925 2.72
      vertex -9.7 6.875 2.72
    endloop
  endfacet
  facet normal 0 1 0
    outer loop
      vertex -9.7 9.925 1.23
      vertex -9.94 9.925 1.23
      vertex -9.94 9.925 2.72
    endloop
  endfacet
  facet normal 0 1 -0
    outer loop
      vertex -9.7 9.925 1.23
      vertex -9.94 9.925 2.72
      vertex -9.7 9.925 2.72
    endloop
  endfacet
  facet normal -1 0 0
    outer loop
      vertex -9.94 9.925 1.23
      vertex -9.94 6.875 1.23
      vertex -9.94 6.875 2.72
    endloop
  endfacet
  facet normal -1 0 0
    outer loop
      vertex -9.94 9.925 1.23
      vertex -9.94 6.875 2.72
      vertex -9.94 9.925 2.72
    endloop
  endfacet
  facet normal 0 0 -1
    outer loop
      vertex -12.85 -5.15 1.2
      vertex -11.15 -2.85 1.2
      vertex -11.15 -5.15 1.2
    endloop
  endfacet
  facet normal 0 0 -1
    outer loop
      vertex -12.85 -5.15 1.2
      vertex -12.85 -2.85 1.2
      vertex -11.15 -2.85 1.2
    endloop
  endfacet
  facet normal 0 0 1
    outer loop
      vertex -12.85 -5.15 2
      vertex -11.15 -5.15 2
      vertex -11.15 -2.85 2
    endloop
  endfacet
  facet normal 0 0 1
    outer loop
      vertex -12.85 -5.15 2
      vertex -11.15 -2.85 2
      vertex -12.85 -2.85 2
    endloop
  endfacet
  facet normal 0 -1 0
    outer loop
      vertex -12.85 -5.15 1.2
      vertex -11.15 -5.15 1.2
      vertex -11.15 -5.15 2
    endloop
  endfacet
  facet normal 0 -1 0
    outer loop
      vertex -12.85 -5.15 1.2
      vertex -11.15 -5.15 2
      vertex -12.85 -5.15 2
    endloop
  endfacet
  facet normal 1 0 0
    outer loop
      vertex -11.15 -5.15 1.2
      vertex -11.15 -2.85 1.2
      vertex -11.15 -2.85 2
    endloop
  endfacet
  facet normal 1 0 0
    outer loop
      vertex -11.15 -5.15 1.2
      vertex -11.15 -2.85 2
      vertex -11.15 -5.15 2
    endloop
  endfacet
  facet normal 0 1 0
    outer loop
      vertex -11.15 -2.85 1.2
      vertex -12.85 -2.85 1.2
      vertex -12.85 -2.85 2
    endloop
  endfacet
  facet normal 0 1 -0
    outer loop
      vertex -11.15 -2.85 1.2
      vertex -12.85 -2.85 2
      vertex -11.15 -2.85 2
    endloop
  endfacet
  facet normal -1 0 0
    outer loop
      vertex -12.85 -2.85 1.2
      vertex -12.85 -5.15 1.2
      vertex -12.85 -5.15 2
    endloop
  endfacet
  facet normal -1 0 0
    outer loop
      vertex -12.85 -2.85 1.2
      vertex -12.85 -5.15 2
      vertex -12.85 -2.85 2
    endloop
  endfacet
  facet normal 0 0 -1
    outer loop
      vertex -12.85 -5.175 1.23
      vertex -12.61 -2.825 1.23
      vertex -12.61 -5.175 1.23
    endloop
  endfacet
  facet normal 0 0 -1
    outer loop
      vertex -12.85 -5.175 1.23
      vertex -12.85 -2.825 1.23
      vertex -12.61 -2.825 1.23
    endloop
  endfacet
  facet normal 0 0 1
    outer loop
      vertex -12.85 -5.175 1.97
      vertex -12.61 -5.175 1.97
      vertex -12.61 -2.825 1.97
    endloop
  endfacet
  facet normal 0 0 1
    outer loop
      vertex -12.85 -5.175 1.97
      vertex -12.61 -2.825 1.97
      vertex -12.85 -2.825 1.97
    endloop
  endfacet
  facet normal 0 -1 0
    outer loop
      vertex -12.85 -5.175 1.23
      vertex -12.61 -5.175 1.23
      vertex -12.61 -5.175 1.97
    endloop
  endfacet
  facet normal 0 -1 0
    outer loop
      vertex -12.85 -5.175 1.23
      vertex -12.61 -5.175 1.97
      vertex -12.85 -5.175 1.97
    endloop
  endfacet
  facet normal 1 0 0
    outer loop
      vertex -12.61 -5.175 1.23
      vertex -12.61 -2.825 1.23
      vertex -12.61 -2.825 1.97
    endloop
  endfacet
  facet normal 1 0 0
    outer loop
      vertex -12.61 -5.175 1.23
      vertex -12.61 -2.825 1.97
      vertex -12.61 -5.175 1.97
    endloop
  endfacet
  facet normal 0 1 0
    outer loop
      vertex -12.61 -2.825 1.23
      vertex -12.85 -2.825 1.23
      vertex -12.85 -2.825 1.97
    endloop
  endfacet
  facet normal 0 1 -0
    outer loop
      vertex -12.61 -2.825 1.23
      vertex -12.85 -2.825 1.97
      vertex -12.61 -2.825 1.97
    endloop
  endfacet
  facet normal -1 0 0
    outer loop
      vertex -12.85 -2.825 1.23
      vertex -12.85 -5.175 1.23
      vertex -12.85 -5.175 1.97
    endloop
  endfacet
  facet normal -1 0 0
    outer loop
      vertex -12.85 -2.825 1.23
      vertex -12.85 -5.175 1.97
      vertex -12.85 -2.825 1.97
    endloop
  endfacet
  facet normal 0 0 -1
    outer loop
      vertex -11.39 -5.175 1.23
      vertex -11.15 -2.825 1.23
      vertex -11.15 -5.175 1.23
    endloop
  endfacet
  facet normal 0 0 -1
    outer loop
      vertex -11.39 -5.175 1.23
      vertex -11.39 -2.825 1.23
      vertex -11.15 -2.825 1.23
    endloop
  endfacet
  facet normal 0 0 1
    outer loop
      vertex -11.39 -5.175 1.97
      vertex -11.15 -5.175 1.97
      vertex -11.15 -2.825 1.97
    endloop
  endfacet
  facet normal 0 0 1
    outer loop
      vertex -11.39 -5.175 1.97
      vertex -11.15 -2.825 1.97
      vertex -11.39 -2.825 1.97
    endloop
  endfacet
  facet normal 0 -1 0
    outer loop
      vertex -11.39 -5.175 1.23
      vertex -11.15 -5.175 1.23
      vertex -11.15 -5.175 1.97
    endloop
  endfacet
  facet normal 0 -1 0
    outer loop
      vertex -11.39 -5.175 1.23
      vertex -11.15 -5.175 1.97
      vertex -11.39 -5.175 1.97
    endloop
  endfacet
  facet normal 1 0 0
    outer loop
      vertex -11.15 -5.175 1.23
      vertex -11.15 -2.825 1.23
      vertex -11.15 -2.825 1.97
    endloop
  endfacet
  facet normal 1 0 0
    outer loop
      vertex -11.15 -5.175 1.23
      vertex -11.15 -2.825 1.97
      vertex -11.15 -5.175 1.97
    endloop
  endfacet
  facet normal 0 1 0
    outer loop
      vertex -11.15 -2.825 1.23
      vertex -11.39 -2.825 1.23
      vertex -11.39 -2.825 1.97
    endloop
  endfacet
  facet normal 0 1 -0
    outer loop
      vertex -11.15 -2.825 1.23
      vertex -11.39 -2.825 1.97
      vertex -11.15 -2.825 1.97
    endloop
  endfacet
  facet normal -1 0 0
    outer loop
      vertex -11.39 -2.825 1.23
      vertex -11.39 -5.175 1.23
      vertex -11.39 -5.175 1.97
    endloop
  endfacet
  facet normal -1 0 0
    outer loop
      vertex -11.39 -2.825 1.23
      vertex -11.39 -5.175 1.97
      vertex -11.39 -2.825 1.97
    endloop
  endfacet
  facet normal 0 0 -1
    outer loop
      vertex -10.85 -5.15 1.2
      vertex -9.15 -2.85 1.2
      vertex -9.15 -5.15 1.2
    endloop
  endfacet
  facet normal 0 0 -1
    outer loop
      vertex -10.85 -5.15 1.2
      vertex -10.85 -2.85 1.2
      vertex -9.15 -2.85 1.2
    endloop
  endfacet
  facet normal 0 0 1
    outer loop
      vertex -10.85 -5.15 2
      vertex -9.15 -5.15 2
      vertex -9.15 -2.85 2
    endloop
  endfacet
  facet normal 0 0 1
    outer loop
      vertex -10.85 -5.15 2
      vertex -9.15 -2.85 2
      vertex -10.85 -2.85 2
    endloop
  endfacet
  facet normal 0 -1 0
    outer loop
      vertex -10.85 -5.15 1.2
      vertex -9.15 -5.15 1.2
      vertex -9.15 -5.15 2
    endloop
  endfacet
  facet normal 0 -1 0
    outer loop
      vertex -10.85 -5.15 1.2
      vertex -9.15 -5.15 2
      vertex -10.85 -5.15 2
    endloop
  endfacet
  facet normal 1 0 0
    outer loop
      vertex -9.15 -5.15 1.2
      vertex -9.15 -2.85 1.2
      vertex -9.15 -2.85 2
    endloop
  endfacet
  facet normal 1 0 0
    outer loop
      vertex -9.15 -5.15 1.2
      vertex -9.15 -2.85 2
      vertex -9.15 -5.15 2
    endloop
  endfacet
  facet normal 0 1 0
    outer loop
      vertex -9.15 -2.85 1.2
      vertex -10.85 -2.85 1.2
      vertex -10.85 -2.85 2
    endloop
  endfacet
  facet normal 0 1 -0
    outer loop
      vertex -9.15 -2.85 1.2
      vertex -10.85 -2.85 2
      vertex -9.15 -2.85 2
    endloop
  endfacet
  facet normal -1 0 0
    outer loop
      vertex -10.85 -2.85 1.2
      vertex -10.85 -5.15 1.2
      vertex -10.85 -5.15 2
    endloop
  endfacet
  facet normal -1 0 0
    outer loop
      vertex -10.85 -2.85 1.2
      vertex -10.85 -5.15 2
      vertex -10.85 -2.85 2
    endloop
  endfacet
  facet normal 0 0 -1
    outer loop
      vertex -10.85 -5.175 1.23
      vertex -10.61 -2.825 1.23
      vertex -10.61 -5.175 1.23
    endloop
  endfacet
  facet normal 0 0 -1
    outer loop
      vertex -10.85 -5.175 1.23
      vertex -10.85 -2.825 1.23
      vertex -10.61 -2.825 1.23
    endloop
  endfacet
  facet normal 0 0 1
    outer loop
      vertex -10.85 -5.175 1.97
      vertex -10.61 -5.175 1.97
      vertex -10.61 -2.825 1.97
    endloop
  endfacet
  facet normal 0 0 1
    outer loop
      vertex -10.85 -5.175 1.97
      vertex -10.61 -2.825 1.97
      vertex -10.85 -2.825 1.97
    endloop
  endfacet
  facet normal 0 -1 0
    outer loop
      vertex -10.85 -5.175 1.23
      vertex -10.61 -5.175 1.23
      vertex -10.61 -5.175 1.97
    endloop
  endfacet
  facet normal 0 -1 0
    outer loop
      vertex -10.85 -5.175 1.23
      vertex -10.61 -5.175 1.97
      vertex -10.85 -5.175 1.97
    endloop
  endfacet
  facet normal 1 0 0
    outer loop
      vertex -10.61 -5.175 1.23
      vertex -10.61 -2.825 1.23
      vertex -10.61 -2.825 1.97
    endloop
  endfacet
  facet normal 1 0 0
    outer loop
      vertex -10.61 -5.175 1.23
      vertex -10.61 -2.825 1.97
      vertex -10.61 -5.175 1.97
    endloop
  endfacet
  facet normal 0 1 0
    outer loop
      vertex -10.61 -2.825 1.23
      vertex -10.85 -2.825 1.23
      vertex -10.85 -2.825 1.97
    endloop
  endfacet
  facet normal 0 1 -0
    outer loop
      vertex -10.61 -2.825 1.23
      vertex -10.85 -2.825 1.97
      vertex -10.61 -2.825 1.97
    endloop
  endfacet
  facet normal -1 0 0
    outer loop
      vertex -10.85 -2.825 1.23
      vertex -10.85 -5.175 1.23
      vertex -10.85 -5.175 1.97
    endloop
  endfacet
  facet normal -1 0 0
    outer loop
      vertex -10.85 -2.825 1.23
      vertex -10.85 -5.175 1.97
      vertex -10.85 -2.825 1.97
    endloop
  endfacet
  facet normal 0 0 -1
    outer loop
      vertex -9.39 -5.175 1.23
      vertex -9.15 -2.825 1.23
      vertex -9.15 -5.175 1.23
    endloop
  endfacet
  facet normal 0 0 -1
    outer loop
      vertex -9.39 -5.175 1.23
      vertex -9.39 -2.825 1.23
      vertex -9.15 -2.825 1.23
    endloop
  endfacet
  facet normal 0 0 1
    outer loop
      vertex -9.39 -5.175 1.97
      vertex -9.15 -5.175 1.97
      vertex -9.15 -2.825 1.97
    endloop
  endfacet
  facet normal 0 0 1
    outer loop
      vertex -9.39 -5.175 1.97
      vertex -9.15 -2.825 1.97
      vertex -9.39 -2.825 1.97
    endloop
  endfacet
  facet normal 0 -1 0
    outer loop
      vertex -9.39 -5.175 1.23
      vertex -9.15 -5.175 1.23
      vertex -9.15 -5.175 1.97
    endloop
  endfacet
  facet normal 0 -1 0
    outer loop
      vertex -9.39 -5.175 1.23
      vertex -9.15 -5.175 1.97
      vertex -9.39 -5.175 1.97
    endloop
  endfacet
  facet normal 1 0 0
    outer loop
      vertex -9.15 -5.175 1.23
      vertex -9.15 -2.825 1.23
      vertex -9.15 -2.825 1.97
    endloop
  endfacet
  facet normal 1 0 0
    outer loop
      vertex -9.15 -5.175 1.23
      vertex -9.15 -2.825 1.97
      vertex -9.15 -5.175 1.97
    endloop
  endfacet
  facet normal 0 1 0
    outer loop
      vertex -9.15 -2.825 1.23
      vertex -9.39 -2.825 1.23
      vertex -9.39 -2.825 1.97
    endloop
  endfacet
  facet normal 0 1 -0
    outer loop
      vertex -9.15 -2.825 1.23
      vertex -9.39 -2.825 1.97
      vertex -9.15 -2.825 1.97
    endloop
  endfacet
  facet normal -1 0 0
    outer loop
      vertex -9.39 -2.825 1.23
      vertex -9.39 -5.175 1.23
      vertex -9.39 -5.175 1.97
    endloop
  endfacet
  facet normal -1 0 0
    outer loop
      vertex -9.39 -2.825 1.23
      vertex -9.39 -5.175 1.97
      vertex -9.39 -2.825 1.97
    endloop
  endfacet
  facet normal 0 0 -1
    outer loop
      vertex -8.85 -5.15 1.2
      vertex -7.15 -2.85 1.2
      vertex -7.15 -5.15 1.2
    endloop
  endfacet
  facet normal 0 0 -1
    outer loop
      vertex -8.85 -5.15 1.2
      vertex -8.85 -2.85 1.2
      vertex -7.15 -2.85 1.2
    endloop
  endfacet
  facet normal 0 0 1
    outer loop
      vertex -8.85 -5.15 2
      vertex -7.15 -5.15 2
      vertex -7.15 -2.85 2
    endloop
  endfacet
  facet normal 0 0 1
    outer loop
      vertex -8.85 -5.15 2
      vertex -7.15 -2.85 2
      vertex -8.85 -2.85 2
    endloop
  endfacet
  facet normal 0 -1 0
    outer loop
      vertex -8.85 -5.15 1.2
      vertex -7.15 -5.15 1.2
      vertex -7.15 -5.15 2
    endloop
  endfacet
  facet normal 0 -1 0
    outer loop
      vertex -8.85 -5.15 1.2
      vertex -7.15 -5.15 2
      vertex -8.85 -5.15 2
    endloop
  endfacet
  facet normal 1 0 0
    outer loop
      vertex -7.15 -5.15 1.2
      vertex -7.15 -2.85 1.2
      vertex -7.15 -2.85 2
    endloop
  endfacet
  facet normal 1 0 0
    outer loop
      vertex -7.15 -5.15 1.2
      vertex -7.15 -2.85 2
      vertex -7.15 -5.15 2
    endloop
  endfacet
  facet normal 0 1 0
    outer loop
      vertex -7.15 -2.85 1.2
      vertex -8.85 -2.85 1.2
      vertex -8.85 -2.85 2
    endloop
  endfacet
  facet normal 0 1 -0
    outer loop
      vertex -7.15 -2.85 1.2
      vertex -8.85 -2.85 2
      vertex -7.15 -2.85 2
    endloop
  endfacet
  facet normal -1 0 0
    outer loop
      vertex -8.85 -2.85 1.2
      vertex -8.85 -5.15 1.2
      vertex -8.85 -5.15 2
    endloop
  endfacet
  facet normal -1 0 0
    outer loop
      vertex -8.85 -2.85 1.2
      vertex -8.85 -5.15 2
      vertex -8.85 -2.85 2
    endloop
  endfacet
  facet normal 0 0 -1
    outer loop
      vertex -8.85 -5.175 1.23
      vertex -8.61 -2.825 1.23
      vertex -8.61 -5.175 1.23
    endloop
  endfacet
  facet normal 0 0 -1
    outer loop
      vertex -8.85 -5.175 1.23
      vertex -8.85 -2.825 1.23
      vertex -8.61 -2.825 1.23
    endloop
  endfacet
  facet normal 0 0 1
    outer loop
      vertex -8.85 -5.175 1.97
      vertex -8.61 -5.175 1.97
      vertex -8.61 -2.825 1.97
    endloop
  endfacet
  facet normal 0 0 1
    outer loop
      vertex -8.85 -5.175 1.97
      vertex -8.61 -2.825 1.97
      vertex -8.85 -2.825 1.97
    endloop
  endfacet
  facet normal 0 -1 0
    outer loop
      vertex -8.85 -5.175 1.23
      vertex -8.61 -5.175 1.23
      vertex -8.61 -5.175 1.97
    endloop
  endfacet
  facet normal 0 -1 0
    outer loop
      vertex -8.85 -5.175 1.23
      vertex -8.61 -5.175 1.97
      vertex -8.85 -5.175 1.97
    endloop
  endfacet
  facet normal 1 0 0
    outer loop
      vertex -8.61 -5.175 1.23
      vertex -8.61 -2.825 1.23
      vertex -8.61 -2.825 1.97
    endloop
  endfacet
  facet normal 1 0 0
    outer loop
      vertex -8.61 -5.175 1.23
      vertex -8.61 -2.825 1.97
      vertex -8.61 -5.175 1.97
    endloop
  endfacet
  facet normal 0 1 0
    outer loop
      vertex -8.61 -2.825 1.23
      vertex -8.85 -2.825 1.23
      vertex -8.85 -2.825 1.97
    endloop
  endfacet
  facet normal 0 1 -0
    outer loop
      vertex -8.61 -2.825 1.23
      vertex -8.85 -2.825 1.97
      vertex -8.61 -2.825 1.97
    endloop
  endfacet
  facet normal -1 0 0
    outer loop
      vertex -8.85 -2.825 1.23
      vertex -8.85 -5.175 1.23
      vertex -8.85 -5.175 1.97
    endloop
  endfacet
  facet normal -1 0 0
    outer loop
      vertex -8.85 -2.825 1.23
      vertex -8.85 -5.175 1.97
      vertex -8.85 -2.825 1.97
    endloop
  endfacet
  facet normal 0 0 -1
    outer loop
      vertex -7.39 -5.175 1.23
      vertex -7.15 -2.825 1.23
      vertex -7.15 -5.175 1.23
    endloop
  endfacet
  facet normal 0 0 -1
    outer loop
      vertex -7.39 -5.175 1.23
      vertex -7.39 -2.825 1.23
      vertex -7.15 -2.825 1.23
    endloop
  endfacet
  facet normal 0 0 1
    outer loop
      vertex -7.39 -5.175 1.97
      vertex -7.15 -5.175 1.97
      vertex -7.15 -2.825 1.97
    endloop
  endfacet
  facet normal 0 0 1
    outer loop
      vertex -7.39 -5.175 1.97
      vertex -7.15 -2.825 1.97
      vertex -7.39 -2.825 1.97
    endloop
  endfacet
  facet normal 0 -1 0
    outer loop
      vertex -7.39 -5.175 1.23
      vertex -7.15 -5.175 1.23
      vertex -7.15 -5.175 1.97
    endloop
  endfacet
  facet normal 0 -1 0
    outer loop
      vertex -7.39 -5.175 1.23
      vertex -7.15 -5.175 1.97
      vertex -7.39 -5.175 1.97
    endloop
  endfacet
  facet normal 1 0 0
    outer loop
      vertex -7.15 -5.175 1.23
      vertex -7.15 -2.825 1.23
      vertex -7.15 -2.825 1.97
    endloop
  endfacet
  facet normal 1 0 0
    outer loop
      vertex -7.15 -5.175 1.23
      vertex -7.15 -2.825 1.97
      vertex -7.15 -5.175 1.97
    endloop
  endfacet
  facet normal 0 1 0
    outer loop
      vertex -7.15 -2.825 1.23
      vertex -7.39 -2.825 1.23
      vertex -7.39 -2.825 1.97
    endloop
  endfacet
  facet normal 0 1 -0
    outer loop
      vertex -7.15 -2.825 1.23
      vertex -7.39 -2.825 1.97
      vertex -7.15 -2.825 1.97
    endloop
  endfacet
  facet normal -1 0 0
    outer loop
      vertex -7.39 -2.825 1.23
      vertex -7.39 -5.175 1.23
      vertex -7.39 -5.175 1.97
    endloop
  endfacet
  facet normal -1 0 0
    outer loop
      vertex -7.39 -2.825 1.23
      vertex -7.39 -5.175 1.97
      vertex -7.39 -2.825 1.97
    endloop
  endfacet
  facet normal 0 0 -1
    outer loop
      vertex -6.85 -5.15 1.2
      vertex -5.15 -2.85 1.2
      vertex -5.15 -5.15 1.2
    endloop
  endfacet
  facet normal 0 0 -1
    outer loop
      vertex -6.85 -5.15 1.2
      vertex -6.85 -2.85 1.2
      vertex -5.15 -2.85 1.2
    endloop
  endfacet
  facet normal 0 0 1
    outer loop
      vertex -6.85 -5.15 2
      vertex -5.15 -5.15 2
      vertex -5.15 -2.85 2
    endloop
  endfacet
  facet normal 0 0 1
    outer loop
      vertex -6.85 -5.15 2
      vertex -5.15 -2.85 2
      vertex -6.85 -2.85 2
    endloop
  endfacet
  facet normal 0 -1 0
    outer loop
      vertex -6.85 -5.15 1.2
      vertex -5.15 -5.15 1.2
      vertex -5.15 -5.15 2
    endloop
  endfacet
  facet normal 0 -1 0
    outer loop
      vertex -6.85 -5.15 1.2
      vertex -5.15 -5.15 2
      vertex -6.85 -5.15 2
    endloop
  endfacet
  facet normal 1 0 0
    outer loop
      vertex -5.15 -5.15 1.2
      vertex -5.15 -2.85 1.2
      vertex -5.15 -2.85 2
    endloop
  endfacet
  facet normal 1 0 0
    outer loop
      vertex -5.15 -5.15 1.2
      vertex -5.15 -2.85 2
      vertex -5.15 -5.15 2
    endloop
  endfacet
  facet normal 0 1 0
    outer loop
      vertex -5.15 -2.85 1.2
      vertex -6.85 -2.85 1.2
      vertex -6.85 -2.85 2
    endloop
  endfacet
  facet normal 0 1 -0
    outer loop
      vertex -5.15 -2.85 1.2
      vertex -6.85 -2.85 2
      vertex -5.15 -2.85 2
    endloop
  endfacet
  facet normal -1 0 0
    outer loop
      vertex -6.85 -2.85 1.2
      vertex -6.85 -5.15 1.2
      vertex -6.85 -5.15 2
    endloop
  endfacet
  facet normal -1 0 0
    outer loop
      vertex -6.85 -2.85 1.2
      vertex -6.85 -5.15 2
      vertex -6.85 -2.85 2
    endloop
  endfacet
  facet normal 0 0 -1
    outer loop
      vertex -6.85 -5.175 1.23
      vertex -6.61 -2.825 1.23
      vertex -6.61 -5.175 1.23
    endloop
  endfacet
  facet normal 0 0 -1
    outer loop
      vertex -6.85 -5.175 1.23
      vertex -6.85 -2.825 1.23
      vertex -6.61 -2.825 1.23
    endloop
  endfacet
  facet normal 0 0 1
    outer loop
      vertex -6.85 -5.175 1.97
      vertex -6.61 -5.175 1.97
      vertex -6.61 -2.825 1.97
    endloop
  endfacet
  facet normal 0 0 1
    outer loop
      vertex -6.85 -5.175 1.97
      vertex -6.61 -2.825 1.97
      vertex -6.85 -2.825 1.97
    endloop
  endfacet
  facet normal 0 -1 0
    outer loop
      vertex -6.85 -5.175 1.23
      vertex -6.61 -5.175 1.23
      vertex -6.61 -5.175 1.97
    endloop
  endfacet
  facet normal 0 -1 0
    outer loop
      vertex -6.85 -5.175 1.23
      vertex -6.61 -5.175 1.97
      vertex -6.85 -5.175 1.97
    endloop
  endfacet
  facet normal 1 0 0
    outer loop
      vertex -6.61 -5.175 1.23
      vertex -6.61 -2.825 1.23
      vertex -6.61 -2.825 1.97
    endloop
  endfacet
  facet normal 1 0 0
    outer loop
      vertex -6.61 -5.175 1.23
      vertex -6.61 -2.825 1.97
      vertex -6.61 -5.175 1.97
    endloop
  endfacet
  facet normal 0 1 0
    outer loop
      vertex -6.61 -2.825 1.23
      vertex -6.85 -2.825 1.23
      vertex -6.85 -2.825 1.97
    endloop
  endfacet
  facet normal 0 1 -0
    outer loop
      vertex -6.61 -2.825 1.23
      vertex -6.85 -2.825 1.97
      vertex -6.61 -2.825 1.97
    endloop
  endfacet
  facet normal -1 0 0
    outer loop
      vertex -6.85 -2.825 1.23
      vertex -6.85 -5.175 1.23
      vertex -6.85 -5.175 1.97
    endloop
  endfacet
  facet normal -1 0 0
    outer loop
      vertex -6.85 -2.825 1.23
      vertex -6.85 -5.175 1.97
      vertex -6.85 -2.825 1.97
    endloop
  endfacet
  facet normal 0 0 -1
    outer loop
      vertex -5.39 -5.175 1.23
      vertex -5.15 -2.825 1.23
      vertex -5.15 -5.175 1.23
    endloop
  endfacet
  facet normal 0 0 -1
    outer loop
      vertex -5.39 -5.175 1.23
      vertex -5.39 -2.825 1.23
      vertex -5.15 -2.825 1.23
    endloop
  endfacet
  facet normal 0 0 1
    outer loop
      vertex -5.39 -5.175 1.97
      vertex -5.15 -5.175 1.97
      vertex -5.15 -2.825 1.97
    endloop
  endfacet
  facet normal 0 0 1
    outer loop
      vertex -5.39 -5.175 1.97
      vertex -5.15 -2.825 1.97
      vertex -5.39 -2.825 1.97
    endloop
  endfacet
  facet normal 0 -1 0
    outer loop
      vertex -5.39 -5.175 1.23
      vertex -5.15 -5.175 1.23
      vertex -5.15 -5.175 1.97
    endloop
  endfacet
  facet normal 0 -1 0
    outer loop
      vertex -5.39 -5.175 1.23
      vertex -5.15 -5.175 1.97
      vertex -5.39 -5.175 1.97
    endloop
  endfacet
  facet normal 1 0 0
    outer loop
      vertex -5.15 -5.175 1.23
      vertex -5.15 -2.825 1.23
      vertex -5.15 -2.825 1.97
    endloop
  endfacet
  facet normal 1 0 0
    outer loop
      vertex -5.15 -5.175 1.23
      vertex -5.15 -2.825 1.97
      vertex -5.15 -5.175 1.97
    endloop
  endfacet
  facet normal 0 1 0
    outer loop
      vertex -5.15 -2.825 1.23
      vertex -5.39 -2.825 1.23
      vertex -5.39 -2.825 1.97
    endloop
  endfacet
  facet normal 0 1 -0
    outer loop
      vertex -5.15 -2.825 1.23
      vertex -5.39 -2.825 1.97
      vertex -5.15 -2.825 1.97
    endloop
  endfacet
  facet normal -1 0 0
    outer loop
      vertex -5.39 -2.825 1.23
      vertex -5.39 -5.175 1.23
      vertex -5.39 -5.175 1.97
    endloop
  endfacet
  facet normal -1 0 0
    outer loop
      vertex -5.39 -2.825 1.23
      vertex -5.39 -5.175 1.97
      vertex -5.39 -2.825 1.97
    endloop
  endfacet
  facet normal 0 0 -1
    outer loop
      vertex 1.05 6.8 1.2
      vertex 2.75 8 1.2
      vertex 2.75 6.8 1.2
    endloop
  endfacet
  facet normal 0 0 -1
    outer loop
      vertex 1.05 6.8 1.2
      vertex 1.05 8 1.2
      vertex 2.75 8 1.2
    endloop
  endfacet
  facet normal 0 0 1
    outer loop
      vertex 1.05 6.8 1.95
      vertex 2.75 6.8 1.95
      vertex 2.75 8 1.95
    endloop
  endfacet
  facet normal 0 0 1
    outer loop
      vertex 1.05 6.8 1.95
      vertex 2.75 8 1.95
      vertex 1.05 8 1.95
    endloop
  endfacet
  facet normal 0 -1 0
    outer loop
      vertex 1.05 6.8 1.2
      vertex 2.75 6.8 1.2
      vertex 2.75 6.8 1.95
    endloop
  endfacet
  facet normal 0 -1 0
    outer loop
      vertex 1.05 6.8 1.2
      vertex 2.75 6.8 1.95
      vertex 1.05 6.8 1.95
    endloop
  endfacet
  facet normal 1 0 0
    outer loop
      vertex 2.75 6.8 1.2
      vertex 2.75 8 1.2
      vertex 2.75 8 1.95
    endloop
  endfacet
  facet normal 1 0 0
    outer loop
      vertex 2.75 6.8 1.2
      vertex 2.75 8 1.95
      vertex 2.75 6.8 1.95
    endloop
  endfacet
  facet normal 0 1 0
    outer loop
      vertex 2.75 8 1.2
      vertex 1.05 8 1.2
      vertex 1.05 8 1.95
    endloop
  endfacet
  facet normal 0 1 -0
    outer loop
      vertex 2.75 8 1.2
      vertex 1.05 8 1.95
      vertex 2.75 8 1.95
    endloop
  endfacet
  facet normal -1 0 0
    outer loop
      vertex 1.05 8 1.2
      vertex 1.05 6.8 1.2
      vertex 1.05 6.8 1.95
    endloop
  endfacet
  facet normal -1 0 0
    outer loop
      vertex 1.05 8 1.2
      vertex 1.05 6.8 1.95
      vertex 1.05 8 1.95
    endloop
  endfacet
  facet normal 0 0 -1
    outer loop
      vertex 1.05 6.775 1.23
      vertex 1.29 8.025 1.23
      vertex 1.29 6.775 1.23
    endloop
  endfacet
  facet normal 0 0 -1
    outer loop
      vertex 1.05 6.775 1.23
      vertex 1.05 8.025 1.23
      vertex 1.29 8.025 1.23
    endloop
  endfacet
  facet normal 0 0 1
    outer loop
      vertex 1.05 6.775 1.92
      vertex 1.29 6.775 1.92
      vertex 1.29 8.025 1.92
    endloop
  endfacet
  facet normal 0 0 1
    outer loop
      vertex 1.05 6.775 1.92
      vertex 1.29 8.025 1.92
      vertex 1.05 8.025 1.92
    endloop
  endfacet
  facet normal 0 -1 0
    outer loop
      vertex 1.05 6.775 1.23
      vertex 1.29 6.775 1.23
      vertex 1.29 6.775 1.92
    endloop
  endfacet
  facet normal 0 -1 0
    outer loop
      vertex 1.05 6.775 1.23
      vertex 1.29 6.775 1.92
      vertex 1.05 6.775 1.92
    endloop
  endfacet
  facet normal 1 0 0
    outer loop
      vertex 1.29 6.775 1.23
      vertex 1.29 8.025 1.23
      vertex 1.29 8.025 1.92
    endloop
  endfacet
  facet normal 1 0 0
    outer loop
      vertex 1.29 6.775 1.23
      vertex 1.29 8.025 1.92
      vertex 1.29 6.775 1.92
    endloop
  endfacet
  facet normal 0 1 0
    outer loop
      vertex 1.29 8.025 1.23
      vertex 1.05 8.025 1.23
      vertex 1.05 8.025 1.92
    endloop
  endfacet
  facet normal 0 1 -0
    outer loop
      vertex 1.29 8.025 1.23
      vertex 1.05 8.025 1.92
      vertex 1.29 8.025 1.92
    endloop
  endfacet
  facet normal -1 0 0
    outer loop
      vertex 1.05 8.025 1.23
      vertex 1.05 6.775 1.23
      vertex 1.05 6.775 1.92
    endloop
  endfacet
  facet normal -1 0 0
    outer loop
      vertex 1.05 8.025 1.23
      vertex 1.05 6.775 1.92
      vertex 1.05 8.025 1.92
    endloop
  endfacet
  facet normal 0 0 -1
    outer loop
      vertex 2.51 6.775 1.23
      vertex 2.75 8.025 1.23
      vertex 2.75 6.775 1.23
    endloop
  endfacet
  facet normal 0 0 -1
    outer loop
      vertex 2.51 6.775 1.23
      vertex 2.51 8.025 1.23
      vertex 2.75 8.025 1.23
    endloop
  endfacet
  facet normal 0 0 1
    outer loop
      vertex 2.51 6.775 1.92
      vertex 2.75 6.775 1.92
      vertex 2.75 8.025 1.92
    endloop
  endfacet
  facet normal 0 0 1
    outer loop
      vertex 2.51 6.775 1.92
      vertex 2.75 8.025 1.92
      vertex 2.51 8.025 1.92
    endloop
  endfacet
  facet normal 0 -1 0
    outer loop
      vertex 2.51 6.775 1.23
      vertex 2.75 6.775 1.23
      vertex 2.75 6.775 1.92
    endloop
  endfacet
  facet normal 0 -1 0
    outer loop
      vertex 2.51 6.775 1.23
      vertex 2.75 6.775 1.92
      vertex 2.51 6.775 1.92
    endloop
  endfacet
  facet normal 1 0 0
    outer loop
      vertex 2.75 6.775 1.23
      vertex 2.75 8.025 1.23
      vertex 2.75 8.025 1.92
    endloop
  endfacet
  facet normal 1 0 0
    outer loop
      vertex 2.75 6.775 1.23
      vertex 2.75 8.025 1.92
      vertex 2.75 6.775 1.92
    endloop
  endfacet
  facet normal 0 1 0
    outer loop
      vertex 2.75 8.025 1.23
      vertex 2.51 8.025 1.23
      vertex 2.51 8.025 1.92
    endloop
  endfacet
  facet normal 0 1 -0
    outer loop
      vertex 2.75 8.025 1.23
      vertex 2.51 8.025 1.92
      vertex 2.75 8.025 1.92
    endloop
  endfacet
  facet normal -1 0 0
    outer loop
      vertex 2.51 8.025 1.23
      vertex 2.51 6.775 1.23
      vertex 2.51 6.775 1.92
    endloop
  endfacet
  facet normal -1 0 0
    outer loop
      vertex 2.51 8.025 1.23
      vertex 2.51 6.775 1.92
      vertex 2.51 8.025 1.92
    endloop
  endfacet
  facet normal 0 0 -1
    outer loop
      vertex -0.6 6.9 1.2
      vertex 0.8 7.9 1.2
      vertex 0.8 6.9 1.2
    endloop
  endfacet
  facet normal 0 0 -1
    outer loop
      vertex -0.6 6.9 1.2
      vertex -0.6 7.9 1.2
      vertex 0.8 7.9 1.2
    endloop
  endfacet
  facet normal 0 0 1
    outer loop
      vertex -0.6 6.9 1.85
      vertex 0.8 6.9 1.85
      vertex 0.8 7.9 1.85
    endloop
  endfacet
  facet normal 0 0 1
    outer loop
      vertex -0.6 6.9 1.85
      vertex 0.8 7.9 1.85
      vertex -0.6 7.9 1.85
    endloop
  endfacet
  facet normal 0 -1 0
    outer loop
      vertex -0.6 6.9 1.2
      vertex 0.8 6.9 1.2
      vertex 0.8 6.9 1.85
    endloop
  endfacet
  facet normal 0 -1 0
    outer loop
      vertex -0.6 6.9 1.2
      vertex 0.8 6.9 1.85
      vertex -0.6 6.9 1.85
    endloop
  endfacet
  facet normal 1 0 0
    outer loop
      vertex 0.8 6.9 1.2
      vertex 0.8 7.9 1.2
      vertex 0.8 7.9 1.85
    endloop
  endfacet
  facet normal 1 0 0
    outer loop
      vertex 0.8 6.9 1.2
      vertex 0.8 7.9 1.85
      vertex 0.8 6.9 1.85
    endloop
  endfacet
  facet normal 0 1 0
    outer loop
      vertex 0.8 7.9 1.2
      vertex -0.6 7.9 1.2
      vertex -0.6 7.9 1.85
    endloop
  endfacet
  facet normal 0 1 -0
    outer loop
      vertex 0.8 7.9 1.2
      vertex -0.6 7.9 1.85
      vertex 0.8 7.9 1.85
    endloop
  endfacet
  facet normal -1 0 0
    outer loop
      vertex -0.6 7.9 1.2
      vertex -0.6 6.9 1.2
      vertex -0.6 6.9 1.85
    endloop
  endfacet
  facet normal -1 0 0
    outer loop
      vertex -0.6 7.9 1.2
      vertex -0.6 6.9 1.85
      vertex -0.6 7.9 1.85
    endloop
  endfacet
  facet normal 0 0 -1
    outer loop
      vertex -0.6 6.875 1.23
      vertex -0.36 7.925 1.23
      vertex -0.36 6.875 1.23
    endloop
  endfacet
  facet normal 0 0 -1
    outer loop
      vertex -0.6 6.875 1.23
      vertex -0.6 7.925 1.23
      vertex -0.36 7.925 1.23
    endloop
  endfacet
  facet normal 0 0 1
    outer loop
      vertex -0.6 6.875 1.82
      vertex -0.36 6.875 1.82
      vertex -0.36 7.925 1.82
    endloop
  endfacet
  facet normal 0 0 1
    outer loop
      vertex -0.6 6.875 1.82
      vertex -0.36 7.925 1.82
      vertex -0.6 7.925 1.82
    endloop
  endfacet
  facet normal 0 -1 0
    outer loop
      vertex -0.6 6.875 1.23
      vertex -0.36 6.875 1.23
      vertex -0.36 6.875 1.82
    endloop
  endfacet
  facet normal 0 -1 0
    outer loop
      vertex -0.6 6.875 1.23
      vertex -0.36 6.875 1.82
      vertex -0.6 6.875 1.82
    endloop
  endfacet
  facet normal 1 0 0
    outer loop
      vertex -0.36 6.875 1.23
      vertex -0.36 7.925 1.23
      vertex -0.36 7.925 1.82
    endloop
  endfacet
  facet normal 1 0 0
    outer loop
      vertex -0.36 6.875 1.23
      vertex -0.36 7.925 1.82
      vertex -0.36 6.875 1.82
    endloop
  endfacet
  facet normal 0 1 0
    outer loop
      vertex -0.36 7.925 1.23
      vertex -0.6 7.925 1.23
      vertex -0.6 7.925 1.82
    endloop
  endfacet
  facet normal 0 1 -0
    outer loop
      vertex -0.36 7.925 1.23
      vertex -0.6 7.925 1.82
      vertex -0.36 7.925 1.82
    endloop
  endfacet
  facet normal -1 0 0
    outer loop
      vertex -0.6 7.925 1.23
      vertex -0.6 6.875 1.23
      vertex -0.6 6.875 1.82
    endloop
  endfacet
  facet normal -1 0 0
    outer loop
      vertex -0.6 7.925 1.23
      vertex -0.6 6.875 1.82
      vertex -0.6 7.925 1.82
    endloop
  endfacet
  facet normal 0 0 -1
    outer loop
      vertex 0.56 6.875 1.23
      vertex 0.8 7.925 1.23
      vertex 0.8 6.875 1.23
    endloop
  endfacet
  facet normal 0 0 -1
    outer loop
      vertex 0.56 6.875 1.23
      vertex 0.56 7.925 1.23
      vertex 0.8 7.925 1.23
    endloop
  endfacet
  facet normal 0 0 1
    outer loop
      vertex 0.56 6.875 1.82
      vertex 0.8 6.875 1.82
      vertex 0.8 7.925 1.82
    endloop
  endfacet
  facet normal 0 0 1
    outer loop
      vertex 0.56 6.875 1.82
      vertex 0.8 7.925 1.82
      vertex 0.56 7.925 1.82
    endloop
  endfacet
  facet normal 0 -1 0
    outer loop
      vertex 0.56 6.875 1.23
      vertex 0.8 6.875 1.23
      vertex 0.8 6.875 1.82
    endloop
  endfacet
  facet normal 0 -1 0
    outer loop
      vertex 0.56 6.875 1.23
      vertex 0.8 6.875 1.82
      vertex 0.56 6.875 1.82
    endloop
  endfacet
  facet normal 1 0 0
    outer loop
      vertex 0.8 6.875 1.23
      vertex 0.8 7.925 1.23
      vertex 0.8 7.925 1.82
    endloop
  endfacet
  facet normal 1 0 0
    outer loop
      vertex 0.8 6.875 1.23
      vertex 0.8 7.925 1.82
      vertex 0.8 6.875 1.82
    endloop
  endfacet
  facet normal 0 1 0
    outer loop
      vertex 0.8 7.925 1.23
      vertex 0.56 7.925 1.23
      vertex 0.56 7.925 1.82
    endloop
  endfacet
  facet normal 0 1 -0
    outer loop
      vertex 0.8 7.925 1.23
      vertex 0.56 7.925 1.82
      vertex 0.8 7.925 1.82
    endloop
  endfacet
  facet normal -1 0 0
    outer loop
      vertex 0.56 7.925 1.23
      vertex 0.56 6.875 1.23
      vertex 0.56 6.875 1.82
    endloop
  endfacet
  facet normal -1 0 0
    outer loop
      vertex 0.56 7.925 1.23
      vertex 0.56 6.875 1.82
      vertex 0.56 7.925 1.82
    endloop
  endfacet
  facet normal 0 0 -1
    outer loop
      vertex 3.4 -1.075 1.2
      vertex 4.4 -0.525 1.2
      vertex 4.4 -1.075 1.2
    endloop
  endfacet
  facet normal 0 0 -1
    outer loop
      vertex 3.4 -1.075 1.2
      vertex 3.4 -0.525 1.2
      vertex 4.4 -0.525 1.2
    endloop
  endfacet
  facet normal 0 0 1
    outer loop
      vertex 3.4 -1.075 1.65
      vertex 4.4 -1.075 1.65
      vertex 4.4 -0.525 1.65
    endloop
  endfacet
  facet normal 0 0 1
    outer loop
      vertex 3.4 -1.075 1.65
      vertex 4.4 -0.525 1.65
      vertex 3.4 -0.525 1.65
    endloop
  endfacet
  facet normal 0 -1 0
    outer loop
      vertex 3.4 -1.075 1.2
      vertex 4.4 -1.075 1.2
      vertex 4.4 -1.075 1.65
    endloop
  endfacet
  facet normal 0 -1 0
    outer loop
      vertex 3.4 -1.075 1.2
      vertex 4.4 -1.075 1.65
      vertex 3.4 -1.075 1.65
    endloop
  endfacet
  facet normal 1 0 0
    outer loop
      vertex 4.4 -1.075 1.2
      vertex 4.4 -0.525 1.2
      vertex 4.4 -0.525 1.65
    endloop
  endfacet
  facet normal 1 0 0
    outer loop
      vertex 4.4 -1.075 1.2
      vertex 4.4 -0.525 1.65
      vertex 4.4 -1.075 1.65
    endloop
  endfacet
  facet normal 0 1 0
    outer loop
      vertex 4.4 -0.525 1.2
      vertex 3.4 -0.525 1.2
      vertex 3.4 -0.525 1.65
    endloop
  endfacet
  facet normal 0 1 -0
    outer loop
      vertex 4.4 -0.525 1.2
      vertex 3.4 -0.525 1.65
      vertex 4.4 -0.525 1.65
    endloop
  endfacet
  facet normal -1 0 0
    outer loop
      vertex 3.4 -0.525 1.2
      vertex 3.4 -1.075 1.2
      vertex 3.4 -1.075 1.65
    endloop
  endfacet
  facet normal -1 0 0
    outer loop
      vertex 3.4 -0.525 1.2
      vertex 3.4 -1.075 1.65
      vertex 3.4 -0.525 1.65
    endloop
  endfacet
  facet normal 0 0 -1
    outer loop
      vertex 3.4 -1.1 1.23
      vertex 3.64 -0.5 1.23
      vertex 3.64 -1.1 1.23
    endloop
  endfacet
  facet normal 0 0 -1
    outer loop
      vertex 3.4 -1.1 1.23
      vertex 3.4 -0.5 1.23
      vertex 3.64 -0.5 1.23
    endloop
  endfacet
  facet normal 0 0 1
    outer loop
      vertex 3.4 -1.1 1.62
      vertex 3.64 -1.1 1.62
      vertex 3.64 -0.5 1.62
    endloop
  endfacet
  facet normal 0 0 1
    outer loop
      vertex 3.4 -1.1 1.62
      vertex 3.64 -0.5 1.62
      vertex 3.4 -0.5 1.62
    endloop
  endfacet
  facet normal 0 -1 0
    outer loop
      vertex 3.4 -1.1 1.23
      vertex 3.64 -1.1 1.23
      vertex 3.64 -1.1 1.62
    endloop
  endfacet
  facet normal 0 -1 0
    outer loop
      vertex 3.4 -1.1 1.23
      vertex 3.64 -1.1 1.62
      vertex 3.4 -1.1 1.62
    endloop
  endfacet
  facet normal 1 0 0
    outer loop
      vertex 3.64 -1.1 1.23
      vertex 3.64 -0.5 1.23
      vertex 3.64 -0.5 1.62
    endloop
  endfacet
  facet normal 1 0 0
    outer loop
      vertex 3.64 -1.1 1.23
      vertex 3.64 -0.5 1.62
      vertex 3.64 -1.1 1.62
    endloop
  endfacet
  facet normal 0 1 0
    outer loop
      vertex 3.64 -0.5 1.23
      vertex 3.4 -0.5 1.23
      vertex 3.4 -0.5 1.62
    endloop
  endfacet
  facet normal 0 1 -0
    outer loop
      vertex 3.64 -0.5 1.23
      vertex 3.4 -0.5 1.62
      vertex 3.64 -0.5 1.62
    endloop
  endfacet
  facet normal -1 0 0
    outer loop
      vertex 3.4 -0.5 1.23
      vertex 3.4 -1.1 1.23
      vertex 3.4 -1.1 1.62
    endloop
  endfacet
  facet normal -1 0 0
    outer loop
      vertex 3.4 -0.5 1.23
      vertex 3.4 -1.1 1.62
      vertex 3.4 -0.5 1.62
    endloop
  endfacet
  facet normal 0 0 -1
    outer loop
      vertex 4.16 -1.1 1.23
      vertex 4.4 -0.5 1.23
      vertex 4.4 -1.1 1.23
    endloop
  endfacet
  facet normal 0 0 -1
    outer loop
      vertex 4.16 -1.1 1.23
      vertex 4.16 -0.5 1.23
      vertex 4.4 -0.5 1.23
    endloop
  endfacet
  facet normal 0 0 1
    outer loop
      vertex 4.16 -1.1 1.62
      vertex 4.4 -1.1 1.62
      vertex 4.4 -0.5 1.62
    endloop
  endfacet
  facet normal 0 0 1
    outer loop
      vertex 4.16 -1.1 1.62
      vertex 4.4 -0.5 1.62
      vertex 4.16 -0.5 1.62
    endloop
  endfacet
  facet normal 0 -1 0
    outer loop
      vertex 4.16 -1.1 1.23
      vertex 4.4 -1.1 1.23
      vertex 4.4 -1.1 1.62
    endloop
  endfacet
  facet normal 0 -1 0
    outer loop
      vertex 4.16 -1.1 1.23
      vertex 4.4 -1.1 1.62
      vertex 4.16 -1.1 1.62
    endloop
  endfacet
  facet normal 1 0 0
    outer loop
      vertex 4.4 -1.1 1.23
      vertex 4.4 -0.5 1.23
      vertex 4.4 -0.5 1.62
    endloop
  endfacet
  facet normal 1 0 0
    outer loop
      vertex 4.4 -1.1 1.23
      vertex 4.4 -0.5 1.62
      vertex 4.4 -1.1 1.62
    endloop
  endfacet
  facet normal 0 1 0
    outer loop
      vertex 4.4 -0.5 1.23
      vertex 4.16 -0.5 1.23
      vertex 4.16 -0.5 1.62
    endloop
  endfacet
  facet normal 0 1 -0
    outer loop
      vertex 4.4 -0.5 1.23
      vertex 4.16 -0.5 1.62
      vertex 4.4 -0.5 1.62
    endloop
  endfacet
  facet normal -1 0 0
    outer loop
      vertex 4.16 -0.5 1.23
      vertex 4.16 -1.1 1.23
      vertex 4.16 -1.1 1.62
    endloop
  endfacet
  facet normal -1 0 0
    outer loop
      vertex 4.16 -0.5 1.23
      vertex 4.16 -1.1 1.62
      vertex 4.16 -0.5 1.62
    endloop
  endfacet
  facet normal 0 0 -1
    outer loop
      vertex 11.2 -1.075 1.2
      vertex 12.2 -0.525 1.2
      vertex 12.2 -1.075 1.2
    endloop
  endfacet
  facet normal 0 0 -1
    outer loop
      vertex 11.2 -1.075 1.2
      vertex 11.2 -0.525 1.2
      vertex 12.2 -0.525 1.2
    endloop
  endfacet
  facet normal 0 0 1
    outer loop
      vertex 11.2 -1.075 1.65
      vertex 12.2 -1.075 1.65
      vertex 12.2 -0.525 1.65
    endloop
  endfacet
  facet normal 0 0 1
    outer loop
      vertex 11.2 -1.075 1.65
      vertex 12.2 -0.525 1.65
      vertex 11.2 -0.525 1.65
    endloop
  endfacet
  facet normal 0 -1 0
    outer loop
      vertex 11.2 -1.075 1.2
      vertex 12.2 -1.075 1.2
      vertex 12.2 -1.075 1.65
    endloop
  endfacet
  facet normal 0 -1 0
    outer loop
      vertex 11.2 -1.075 1.2
      vertex 12.2 -1.075 1.65
      vertex 11.2 -1.075 1.65
    endloop
  endfacet
  facet normal 1 0 0
    outer loop
      vertex 12.2 -1.075 1.2
      vertex 12.2 -0.525 1.2
      vertex 12.2 -0.525 1.65
    endloop
  endfacet
  facet normal 1 0 0
    outer loop
      vertex 12.2 -1.075 1.2
      vertex 12.2 -0.525 1.65
      vertex 12.2 -1.075 1.65
    endloop
  endfacet
  facet normal 0 1 0
    outer loop
      vertex 12.2 -0.525 1.2
      vertex 11.2 -0.525 1.2
      vertex 11.2 -0.525 1.65
    endloop
  endfacet
  facet normal 0 1 -0
    outer loop
      vertex 12.2 -0.525 1.2
      vertex 11.2 -0.525 1.65
      vertex 12.2 -0.525 1.65
    endloop
  endfacet
  facet normal -1 0 0
    outer loop
      vertex 11.2 -0.525 1.2
      vertex 11.2 -1.075 1.2
      vertex 11.2 -1.075 1.65
    endloop
  endfacet
  facet normal -1 0 0
    outer loop
      vertex 11.2 -0.525 1.2
      vertex 11.2 -1.075 1.65
      vertex 11.2 -0.525 1.65
    endloop
  endfacet
  facet normal 0 0 -1
    outer loop
      vertex 11.2 -1.1 1.23
      vertex 11.44 -0.5 1.23
      vertex 11.44 -1.1 1.23
    endloop
  endfacet
  facet normal 0 0 -1
    outer loop
      vertex 11.2 -1.1 1.23
      vertex 11.2 -0.5 1.23
      vertex 11.44 -0.5 1.23
    endloop
  endfacet
  facet normal 0 0 1
    outer loop
      vertex 11.2 -1.1 1.62
      vertex 11.44 -1.1 1.62
      vertex 11.44 -0.5 1.62
    endloop
  endfacet
  facet normal 0 0 1
    outer loop
      vertex 11.2 -1.1 1.62
      vertex 11.44 -0.5 1.62
      vertex 11.2 -0.5 1.62
    endloop
  endfacet
  facet normal 0 -1 0
    outer loop
      vertex 11.2 -1.1 1.23
      vertex 11.44 -1.1 1.23
      vertex 11.44 -1.1 1.62
    endloop
  endfacet
  facet normal 0 -1 0
    outer loop
      vertex 11.2 -1.1 1.23
      vertex 11.44 -1.1 1.62
      vertex 11.2 -1.1 1.62
    endloop
  endfacet
  facet normal 1 0 0
    outer loop
      vertex 11.44 -1.1 1.23
      vertex 11.44 -0.5 1.23
      vertex 11.44 -0.5 1.62
    endloop
  endfacet
  facet normal 1 0 0
    outer loop
      vertex 11.44 -1.1 1.23
      vertex 11.44 -0.5 1.62
      vertex 11.44 -1.1 1.62
    endloop
  endfacet
  facet normal 0 1 0
    outer loop
      vertex 11.44 -0.5 1.23
      vertex 11.2 -0.5 1.23
      vertex 11.2 -0.5 1.62
    endloop
  endfacet
  facet normal 0 1 -0
    outer loop
      vertex 11.44 -0.5 1.23
      vertex 11.2 -0.5 1.62
      vertex 11.44 -0.5 1.62
    endloop
  endfacet
  facet normal -1 0 0
    outer loop
      vertex 11.2 -0.5 1.23
      vertex 11.2 -1.1 1.23
      vertex 11.2 -1.1 1.62
    endloop
  endfacet
  facet normal -1 0 0
    outer loop
      vertex 11.2 -0.5 1.23
      vertex 11.2 -1.1 1.62
      vertex 11.2 -0.5 1.62
    endloop
  endfacet
  facet normal 0 0 -1
    outer loop
      vertex 11.96 -1.1 1.23
      vertex 12.2 -0.5 1.23
      vertex 12.2 -1.1 1.23
    endloop
  endfacet
  facet normal 0 0 -1
    outer loop
      vertex 11.96 -1.1 1.23
      vertex 11.96 -0.5 1.23
      vertex 12.2 -0.5 1.23
    endloop
  endfacet
  facet normal 0 0 1
    outer loop
      vertex 11.96 -1.1 1.62
      vertex 12.2 -1.1 1.62
      vertex 12.2 -0.5 1.62
    endloop
  endfacet
  facet normal 0 0 1
    outer loop
      vertex 11.96 -1.1 1.62
      vertex 12.2 -0.5 1.62
      vertex 11.96 -0.5 1.62
    endloop
  endfacet
  facet normal 0 -1 0
    outer loop
      vertex 11.96 -1.1 1.23
      vertex 12.2 -1.1 1.23
      vertex 12.2 -1.1 1.62
    endloop
  endfacet
  facet normal 0 -1 0
    outer loop
      vertex 11.96 -1.1 1.23
      vertex 12.2 -1.1 1.62
      vertex 11.96 -1.1 1.62
    endloop
  endfacet
  facet normal 1 0 0
    outer loop
      vertex 12.2 -1.1 1.23
      vertex 12.2 -0.5 1.23
      vertex 12.2 -0.5 1.62
    endloop
  endfacet
  facet normal 1 0 0
    outer loop
      vertex 12.2 -1.1 1.23
      vertex 12.2 -0.5 1.62
      vertex 12.2 -1.1 1.62
    endloop
  endfacet
  facet normal 0 1 0
    outer loop
      vertex 12.2 -0.5 1.23
      vertex 11.96 -0.5 1.23
      vertex 11.96 -0.5 1.62
    endloop
  endfacet
  facet normal 0 1 -0
    outer loop
      vertex 12.2 -0.5 1.23
      vertex 11.96 -0.5 1.62
      vertex 12.2 -0.5 1.62
    endloop
  endfacet
  facet normal -1 0 0
    outer loop
      vertex 11.96 -0.5 1.23
      vertex 11.96 -1.1 1.23
      vertex 11.96 -1.1 1.62
    endloop
  endfacet
  facet normal -1 0 0
    outer loop
      vertex 11.96 -0.5 1.23
      vertex 11.96 -1.1 1.62
      vertex 11.96 -0.5 1.62
    endloop
  endfacet
  facet normal 0 0 -1
    outer loop
      vertex 3.4 -0.075 1.2
      vertex 4.4 0.475 1.2
      vertex 4.4 -0.075 1.2
    endloop
  endfacet
  facet normal 0 0 -1
    outer loop
      vertex 3.4 -0.075 1.2
      vertex 3.4 0.475 1.2
      vertex 4.4 0.475 1.2
    endloop
  endfacet
  facet normal 0 0 1
    outer loop
      vertex 3.4 -0.075 1.65
      vertex 4.4 -0.075 1.65
      vertex 4.4 0.475 1.65
    endloop
  endfacet
  facet normal 0 0 1
    outer loop
      vertex 3.4 -0.075 1.65
      vertex 4.4 0.475 1.65
      vertex 3.4 0.475 1.65
    endloop
  endfacet
  facet normal 0 -1 0
    outer loop
      vertex 3.4 -0.075 1.2
      vertex 4.4 -0.075 1.2
      vertex 4.4 -0.075 1.65
    endloop
  endfacet
  facet normal 0 -1 0
    outer loop
      vertex 3.4 -0.075 1.2
      vertex 4.4 -0.075 1.65
      vertex 3.4 -0.075 1.65
    endloop
  endfacet
  facet normal 1 0 0
    outer loop
      vertex 4.4 -0.075 1.2
      vertex 4.4 0.475 1.2
      vertex 4.4 0.475 1.65
    endloop
  endfacet
  facet normal 1 0 0
    outer loop
      vertex 4.4 -0.075 1.2
      vertex 4.4 0.475 1.65
      vertex 4.4 -0.075 1.65
    endloop
  endfacet
  facet normal 0 1 0
    outer loop
      vertex 4.4 0.475 1.2
      vertex 3.4 0.475 1.2
      vertex 3.4 0.475 1.65
    endloop
  endfacet
  facet normal 0 1 -0
    outer loop
      vertex 4.4 0.475 1.2
      vertex 3.4 0.475 1.65
      vertex 4.4 0.475 1.65
    endloop
  endfacet
  facet normal -1 0 0
    outer loop
      vertex 3.4 0.475 1.2
      vertex 3.4 -0.075 1.2
      vertex 3.4 -0.075 1.65
    endloop
  endfacet
  facet normal -1 0 0
    outer loop
      vertex 3.4 0.475 1.2
      vertex 3.4 -0.075 1.65
      vertex 3.4 0.475 1.65
    endloop
  endfacet
  facet normal 0 0 -1
    outer loop
      vertex 3.4 -0.1 1.23
      vertex 3.64 0.5 1.23
      vertex 3.64 -0.1 1.23
    endloop
  endfacet
  facet normal 0 0 -1
    outer loop
      vertex 3.4 -0.1 1.23
      vertex 3.4 0.5 1.23
      vertex 3.64 0.5 1.23
    endloop
  endfacet
  facet normal 0 0 1
    outer loop
      vertex 3.4 -0.1 1.62
      vertex 3.64 -0.1 1.62
      vertex 3.64 0.5 1.62
    endloop
  endfacet
  facet normal 0 0 1
    outer loop
      vertex 3.4 -0.1 1.62
      vertex 3.64 0.5 1.62
      vertex 3.4 0.5 1.62
    endloop
  endfacet
  facet normal 0 -1 0
    outer loop
      vertex 3.4 -0.1 1.23
      vertex 3.64 -0.1 1.23
      vertex 3.64 -0.1 1.62
    endloop
  endfacet
  facet normal 0 -1 0
    outer loop
      vertex 3.4 -0.1 1.23
      vertex 3.64 -0.1 1.62
      vertex 3.4 -0.1 1.62
    endloop
  endfacet
  facet normal 1 0 0
    outer loop
      vertex 3.64 -0.1 1.23
      vertex 3.64 0.5 1.23
      vertex 3.64 0.5 1.62
    endloop
  endfacet
  facet normal 1 0 0
    outer loop
      vertex 3.64 -0.1 1.23
      vertex 3.64 0.5 1.62
      vertex 3.64 -0.1 1.62
    endloop
  endfacet
  facet normal 0 1 0
    outer loop
      vertex 3.64 0.5 1.23
      vertex 3.4 0.5 1.23
      vertex 3.4 0.5 1.62
    endloop
  endfacet
  facet normal 0 1 -0
    outer loop
      vertex 3.64 0.5 1.23
      vertex 3.4 0.5 1.62
      vertex 3.64 0.5 1.62
    endloop
  endfacet
  facet normal -1 0 0
    outer loop
      vertex 3.4 0.5 1.23
      vertex 3.4 -0.1 1.23
      vertex 3.4 -0.1 1.62
    endloop
  endfacet
  facet normal -1 0 0
    outer loop
      vertex 3.4 0.5 1.23
      vertex 3.4 -0.1 1.62
      vertex 3.4 0.5 1.62
    endloop
  endfacet
  facet normal 0 0 -1
    outer loop
      vertex 4.16 -0.1 1.23
      vertex 4.4 0.5 1.23
      vertex 4.4 -0.1 1.23
    endloop
  endfacet
  facet normal 0 0 -1
    outer loop
      vertex 4.16 -0.1 1.23
      vertex 4.16 0.5 1.23
      vertex 4.4 0.5 1.23
    endloop
  endfacet
  facet normal 0 0 1
    outer loop
      vertex 4.16 -0.1 1.62
      vertex 4.4 -0.1 1.62
      vertex 4.4 0.5 1.62
    endloop
  endfacet
  facet normal 0 0 1
    outer loop
      vertex 4.16 -0.1 1.62
      vertex 4.4 0.5 1.62
      vertex 4.16 0.5 1.62
    endloop
  endfacet
  facet normal 0 -1 0
    outer loop
      vertex 4.16 -0.1 1.23
      vertex 4.4 -0.1 1.23
      vertex 4.4 -0.1 1.62
    endloop
  endfacet
  facet normal 0 -1 0
    outer loop
      vertex 4.16 -0.1 1.23
      vertex 4.4 -0.1 1.62
      vertex 4.16 -0.1 1.62
    endloop
  endfacet
  facet normal 1 0 0
    outer loop
      vertex 4.4 -0.1 1.23
      vertex 4.4 0.5 1.23
      vertex 4.4 0.5 1.62
    endloop
  endfacet
  facet normal 1 0 0
    outer loop
      vertex 4.4 -0.1 1.23
      vertex 4.4 0.5 1.62
      vertex 4.4 -0.1 1.62
    endloop
  endfacet
  facet normal 0 1 0
    outer loop
      vertex 4.4 0.5 1.23
      vertex 4.16 0.5 1.23
      vertex 4.16 0.5 1.62
    endloop
  endfacet
  facet normal 0 1 -0
    outer loop
      vertex 4.4 0.5 1.23
      vertex 4.16 0.5 1.62
      vertex 4.4 0.5 1.62
    endloop
  endfacet
  facet normal -1 0 0
    outer loop
      vertex 4.16 0.5 1.23
      vertex 4.16 -0.1 1.23
      vertex 4.16 -0.1 1.62
    endloop
  endfacet
  facet normal -1 0 0
    outer loop
      vertex 4.16 0.5 1.23
      vertex 4.16 -0.1 1.62
      vertex 4.16 0.5 1.62
    endloop
  endfacet
  facet normal 0 0 -1
    outer loop
      vertex 11.2 -0.075 1.2
      vertex 12.2 0.475 1.2
      vertex 12.2 -0.075 1.2
    endloop
  endfacet
  facet normal 0 0 -1
    outer loop
      vertex 11.2 -0.075 1.2
      vertex 11.2 0.475 1.2
      vertex 12.2 0.475 1.2
    endloop
  endfacet
  facet normal 0 0 1
    outer loop
      vertex 11.2 -0.075 1.65
      vertex 12.2 -0.075 1.65
      vertex 12.2 0.475 1.65
    endloop
  endfacet
  facet normal 0 0 1
    outer loop
      vertex 11.2 -0.075 1.65
      vertex 12.2 0.475 1.65
      vertex 11.2 0.475 1.65
    endloop
  endfacet
  facet normal 0 -1 0
    outer loop
      vertex 11.2 -0.075 1.2
      vertex 12.2 -0.075 1.2
      vertex 12.2 -0.075 1.65
    endloop
  endfacet
  facet normal 0 -1 0
    outer loop
      vertex 11.2 -0.075 1.2
      vertex 12.2 -0.075 1.65
      vertex 11.2 -0.075 1.65
    endloop
  endfacet
  facet normal 1 0 0
    outer loop
      vertex 12.2 -0.075 1.2
      vertex 12.2 0.475 1.2
      vertex 12.2 0.475 1.65
    endloop
  endfacet
  facet normal 1 0 0
    outer loop
      vertex 12.2 -0.075 1.2
      vertex 12.2 0.475 1.65
      vertex 12.2 -0.075 1.65
    endloop
  endfacet
  facet normal 0 1 0
    outer loop
      vertex 12.2 0.475 1.2
      vertex 11.2 0.475 1.2
      vertex 11.2 0.475 1.65
    endloop
  endfacet
  facet normal 0 1 -0
    outer loop
      vertex 12.2 0.475 1.2
      vertex 11.2 0.475 1.65
      vertex 12.2 0.475 1.65
    endloop
  endfacet
  facet normal -1 0 0
    outer loop
      vertex 11.2 0.475 1.2
      vertex 11.2 -0.075 1.2
      vertex 11.2 -0.075 1.65
    endloop
  endfacet
  facet normal -1 0 0
    outer loop
      vertex 11.2 0.475 1.2
      vertex 11.2 -0.075 1.65
      vertex 11.2 0.475 1.65
    endloop
  endfacet
  facet normal 0 0 -1
    outer loop
      vertex 11.2 -0.1 1.23
      vertex 11.44 0.5 1.23
      vertex 11.44 -0.1 1.23
    endloop
  endfacet
  facet normal 0 0 -1
    outer loop
      vertex 11.2 -0.1 1.23
      vertex 11.2 0.5 1.23
      vertex 11.44 0.5 1.23
    endloop
  endfacet
  facet normal 0 0 1
    outer loop
      vertex 11.2 -0.1 1.62
      vertex 11.44 -0.1 1.62
      vertex 11.44 0.5 1.62
    endloop
  endfacet
  facet normal 0 0 1
    outer loop
      vertex 11.2 -0.1 1.62
      vertex 11.44 0.5 1.62
      vertex 11.2 0.5 1.62
    endloop
  endfacet
  facet normal 0 -1 0
    outer loop
      vertex 11.2 -0.1 1.23
      vertex 11.44 -0.1 1.23
      vertex 11.44 -0.1 1.62
    endloop
  endfacet
  facet normal 0 -1 0
    outer loop
      vertex 11.2 -0.1 1.23
      vertex 11.44 -0.1 1.62
      vertex 11.2 -0.1 1.62
    endloop
  endfacet
  facet normal 1 0 0
    outer loop
      vertex 11.44 -0.1 1.23
      vertex 11.44 0.5 1.23
      vertex 11.44 0.5 1.62
    endloop
  endfacet
  facet normal 1 0 0
    outer loop
      vertex 11.44 -0.1 1.23
      vertex 11.44 0.5 1.62
      vertex 11.44 -0.1 1.62
    endloop
  endfacet
  facet normal 0 1 0
    outer loop
      vertex 11.44 0.5 1.23
      vertex 11.2 0.5 1.23
      vertex 11.2 0.5 1.62
    endloop
  endfacet
  facet normal 0 1 -0
    outer loop
      vertex 11.44 0.5 1.23
      vertex 11.2 0.5 1.62
      vertex 11.44 0.5 1.62
    endloop
  endfacet
  facet normal -1 0 0
    outer loop
      vertex 11.2 0.5 1.23
      vertex 11.2 -0.1 1.23
      vertex 11.2 -0.1 1.62
    endloop
  endfacet
  facet normal -1 0 0
    outer loop
      vertex 11.2 0.5 1.23
      vertex 11.2 -0.1 1.62
      vertex 11.2 0.5 1.62
    endloop
  endfacet
  facet normal 0 0 -1
    outer loop
      vertex 11.96 -0.1 1.23
      vertex 12.2 0.5 1.23
      vertex 12.2 -0.1 1.23
    endloop
  endfacet
  facet normal 0 0 -1
    outer loop
      vertex 11.96 -0.1 1.23
      vertex 11.96 0.5 1.23
      vertex 12.2 0.5 1.23
    endloop
  endfacet
  facet normal 0 0 1
    outer loop
      vertex 11.96 -0.1 1.62
      vertex 12.2 -0.1 1.62
      vertex 12.2 0.5 1.62
    endloop
  endfacet
  facet normal 0 0 1
    outer loop
      vertex 11.96 -0.1 1.62
      vertex 12.2 0.5 1.62
      vertex 11.96 0.5 1.62
    endloop
  endfacet
  facet normal 0 -1 0
    outer loop
      vertex 11.96 -0.1 1.23
      vertex 12.2 -0.1 1.23
      vertex 12.2 -0.1 1.62
    endloop
  endfacet
  facet normal 0 -1 0
    outer loop
      vertex 11.96 -0.1 1.23
      vertex 12.2 -0.1 1.62
      vertex 11.96 -0.1 1.62
    endloop
  endfacet
  facet normal 1 0 0
    outer loop
      vertex 12.2 -0.1 1.23
      vertex 12.2 0.5 1.23
      vertex 12.2 0.5 1.62
    endloop
  endfacet
  facet normal 1 0 0
    outer loop
      vertex 12.2 -0.1 1.23
      vertex 12.2 0.5 1.62
      vertex 12.2 -0.1 1.62
    endloop
  endfacet
  facet normal 0 1 0
    outer loop
      vertex 12.2 0.5 1.23
      vertex 11.96 0.5 1.23
      vertex 11.96 0.5 1.62
    endloop
  endfacet
  facet normal 0 1 -0
    outer loop
      vertex 12.2 0.5 1.23
      vertex 11.96 0.5 1.62
      vertex 12.2 0.5 1.62
    endloop
  endfacet
  facet normal -1 0 0
    outer loop
      vertex 11.96 0.5 1.23
      vertex 11.96 -0.1 1.23
      vertex 11.96 -0.1 1.62
    endloop
  endfacet
  facet normal -1 0 0
    outer loop
      vertex 11.96 0.5 1.23
      vertex 11.96 -0.1 1.62
      vertex 11.96 0.5 1.62
    endloop
  endfacet
  facet normal 0 0 -1
    outer loop
      vertex 3.4 0.925 1.2
      vertex 4.4 1.475 1.2
      vertex 4.4 0.925 1.2
    endloop
  endfacet
  facet normal 0 0 -1
    outer loop
      vertex 3.4 0.925 1.2
      vertex 3.4 1.475 1.2
      vertex 4.4 1.475 1.2
    endloop
  endfacet
  facet normal 0 0 1
    outer loop
      vertex 3.4 0.925 1.65
      vertex 4.4 0.925 1.65
      vertex 4.4 1.475 1.65
    endloop
  endfacet
  facet normal 0 0 1
    outer loop
      vertex 3.4 0.925 1.65
      vertex 4.4 1.475 1.65
      vertex 3.4 1.475 1.65
    endloop
  endfacet
  facet normal 0 -1 0
    outer loop
      vertex 3.4 0.925 1.2
      vertex 4.4 0.925 1.2
      vertex 4.4 0.925 1.65
    endloop
  endfacet
  facet normal 0 -1 0
    outer loop
      vertex 3.4 0.925 1.2
      vertex 4.4 0.925 1.65
      vertex 3.4 0.925 1.65
    endloop
  endfacet
  facet normal 1 0 0
    outer loop
      vertex 4.4 0.925 1.2
      vertex 4.4 1.475 1.2
      vertex 4.4 1.475 1.65
    endloop
  endfacet
  facet normal 1 0 0
    outer loop
      vertex 4.4 0.925 1.2
      vertex 4.4 1.475 1.65
      vertex 4.4 0.925 1.65
    endloop
  endfacet
  facet normal 0 1 0
    outer loop
      vertex 4.4 1.475 1.2
      vertex 3.4 1.475 1.2
      vertex 3.4 1.475 1.65
    endloop
  endfacet
  facet normal 0 1 -0
    outer loop
      vertex 4.4 1.475 1.2
      vertex 3.4 1.475 1.65
      vertex 4.4 1.475 1.65
    endloop
  endfacet
  facet normal -1 0 0
    outer loop
      vertex 3.4 1.475 1.2
      vertex 3.4 0.925 1.2
      vertex 3.4 0.925 1.65
    endloop
  endfacet
  facet normal -1 0 0
    outer loop
      vertex 3.4 1.475 1.2
      vertex 3.4 0.925 1.65
      vertex 3.4 1.475 1.65
    endloop
  endfacet
  facet normal 0 0 -1
    outer loop
      vertex 3.4 0.9 1.23
      vertex 3.64 1.5 1.23
      vertex 3.64 0.9 1.23
    endloop
  endfacet
  facet normal 0 0 -1
    outer loop
      vertex 3.4 0.9 1.23
      vertex 3.4 1.5 1.23
      vertex 3.64 1.5 1.23
    endloop
  endfacet
  facet normal 0 0 1
    outer loop
      vertex 3.4 0.9 1.62
      vertex 3.64 0.9 1.62
      vertex 3.64 1.5 1.62
    endloop
  endfacet
  facet normal 0 0 1
    outer loop
      vertex 3.4 0.9 1.62
      vertex 3.64 1.5 1.62
      vertex 3.4 1.5 1.62
    endloop
  endfacet
  facet normal 0 -1 0
    outer loop
      vertex 3.4 0.9 1.23
      vertex 3.64 0.9 1.23
      vertex 3.64 0.9 1.62
    endloop
  endfacet
  facet normal 0 -1 0
    outer loop
      vertex 3.4 0.9 1.23
      vertex 3.64 0.9 1.62
      vertex 3.4 0.9 1.62
    endloop
  endfacet
  facet normal 1 0 0
    outer loop
      vertex 3.64 0.9 1.23
      vertex 3.64 1.5 1.23
      vertex 3.64 1.5 1.62
    endloop
  endfacet
  facet normal 1 0 0
    outer loop
      vertex 3.64 0.9 1.23
      vertex 3.64 1.5 1.62
      vertex 3.64 0.9 1.62
    endloop
  endfacet
  facet normal 0 1 0
    outer loop
      vertex 3.64 1.5 1.23
      vertex 3.4 1.5 1.23
      vertex 3.4 1.5 1.62
    endloop
  endfacet
  facet normal 0 1 -0
    outer loop
      vertex 3.64 1.5 1.23
      vertex 3.4 1.5 1.62
      vertex 3.64 1.5 1.62
    endloop
  endfacet
  facet normal -1 0 0
    outer loop
      vertex 3.4 1.5 1.23
      vertex 3.4 0.9 1.23
      vertex 3.4 0.9 1.62
    endloop
  endfacet
  facet normal -1 0 0
    outer loop
      vertex 3.4 1.5 1.23
      vertex 3.4 0.9 1.62
      vertex 3.4 1.5 1.62
    endloop
  endfacet
  facet normal 0 0 -1
    outer loop
      vertex 4.16 0.9 1.23
      vertex 4.4 1.5 1.23
      vertex 4.4 0.9 1.23
    endloop
  endfacet
  facet normal 0 0 -1
    outer loop
      vertex 4.16 0.9 1.23
      vertex 4.16 1.5 1.23
      vertex 4.4 1.5 1.23
    endloop
  endfacet
  facet normal 0 0 1
    outer loop
      vertex 4.16 0.9 1.62
      vertex 4.4 0.9 1.62
      vertex 4.4 1.5 1.62
    endloop
  endfacet
  facet normal 0 0 1
    outer loop
      vertex 4.16 0.9 1.62
      vertex 4.4 1.5 1.62
      vertex 4.16 1.5 1.62
    endloop
  endfacet
  facet normal 0 -1 0
    outer loop
      vertex 4.16 0.9 1.23
      vertex 4.4 0.9 1.23
      vertex 4.4 0.9 1.62
    endloop
  endfacet
  facet normal 0 -1 0
    outer loop
      vertex 4.16 0.9 1.23
      vertex 4.4 0.9 1.62
      vertex 4.16 0.9 1.62
    endloop
  endfacet
  facet normal 1 0 0
    outer loop
      vertex 4.4 0.9 1.23
      vertex 4.4 1.5 1.23
      vertex 4.4 1.5 1.62
    endloop
  endfacet
  facet normal 1 0 0
    outer loop
      vertex 4.4 0.9 1.23
      vertex 4.4 1.5 1.62
      vertex 4.4 0.9 1.62
    endloop
  endfacet
  facet normal 0 1 0
    outer loop
      vertex 4.4 1.5 1.23
      vertex 4.16 1.5 1.23
      vertex 4.16 1.5 1.62
    endloop
  endfacet
  facet normal 0 1 -0
    outer loop
      vertex 4.4 1.5 1.23
      vertex 4.16 1.5 1.62
      vertex 4.4 1.5 1.62
    endloop
  endfacet
  facet normal -1 0 0
    outer loop
      vertex 4.16 1.5 1.23
      vertex 4.16 0.9 1.23
      vertex 4.16 0.9 1.62
    endloop
  endfacet
  facet normal -1 0 0
    outer loop
      vertex 4.16 1.5 1.23
      vertex 4.16 0.9 1.62
      vertex 4.16 1.5 1.62
    endloop
  endfacet
  facet normal 0 0 -1
    outer loop
      vertex 11.2 0.925 1.2
      vertex 12.2 1.475 1.2
      vertex 12.2 0.925 1.2
    endloop
  endfacet
  facet normal 0 0 -1
    outer loop
      vertex 11.2 0.925 1.2
      vertex 11.2 1.475 1.2
      vertex 12.2 1.475 1.2
    endloop
  endfacet
  facet normal 0 0 1
    outer loop
      vertex 11.2 0.925 1.65
      vertex 12.2 0.925 1.65
      vertex 12.2 1.475 1.65
    endloop
  endfacet
  facet normal 0 0 1
    outer loop
      vertex 11.2 0.925 1.65
      vertex 12.2 1.475 1.65
      vertex 11.2 1.475 1.65
    endloop
  endfacet
  facet normal 0 -1 0
    outer loop
      vertex 11.2 0.925 1.2
      vertex 12.2 0.925 1.2
      vertex 12.2 0.925 1.65
    endloop
  endfacet
  facet normal 0 -1 0
    outer loop
      vertex 11.2 0.925 1.2
      vertex 12.2 0.925 1.65
      vertex 11.2 0.925 1.65
    endloop
  endfacet
  facet normal 1 0 0
    outer loop
      vertex 12.2 0.925 1.2
      vertex 12.2 1.475 1.2
      vertex 12.2 1.475 1.65
    endloop
  endfacet
  facet normal 1 0 0
    outer loop
      vertex 12.2 0.925 1.2
      vertex 12.2 1.475 1.65
      vertex 12.2 0.925 1.65
    endloop
  endfacet
  facet normal 0 1 0
    outer loop
      vertex 12.2 1.475 1.2
      vertex 11.2 1.475 1.2
      vertex 11.2 1.475 1.65
    endloop
  endfacet
  facet normal 0 1 -0
    outer loop
      vertex 12.2 1.475 1.2
      vertex 11.2 1.475 1.65
      vertex 12.2 1.475 1.65
    endloop
  endfacet
  facet normal -1 0 0
    outer loop
      vertex 11.2 1.475 1.2
      vertex 11.2 0.925 1.2
      vertex 11.2 0.925 1.65
    endloop
  endfacet
  facet normal -1 0 0
    outer loop
      vertex 11.2 1.475 1.2
      vertex 11.2 0.925 1.65
      vertex 11.2 1.475 1.65
    endloop
  endfacet
  facet normal 0 0 -1
    outer loop
      vertex 11.2 0.9 1.23
      vertex 11.44 1.5 1.23
      vertex 11.44 0.9 1.23
    endloop
  endfacet
  facet normal 0 0 -1
    outer loop
      vertex 11.2 0.9 1.23
      vertex 11.2 1.5 1.23
      vertex 11.44 1.5 1.23
    endloop
  endfacet
  facet normal 0 0 1
    outer loop
      vertex 11.2 0.9 1.62
      vertex 11.44 0.9 1.62
      vertex 11.44 1.5 1.62
    endloop
  endfacet
  facet normal 0 0 1
    outer loop
      vertex 11.2 0.9 1.62
      vertex 11.44 1.5 1.62
      vertex 11.2 1.5 1.62
    endloop
  endfacet
  facet normal 0 -1 0
    outer loop
      vertex 11.2 0.9 1.23
      vertex 11.44 0.9 1.23
      vertex 11.44 0.9 1.62
    endloop
  endfacet
  facet normal 0 -1 0
    outer loop
      vertex 11.2 0.9 1.23
      vertex 11.44 0.9 1.62
      vertex 11.2 0.9 1.62
    endloop
  endfacet
  facet normal 1 0 0
    outer loop
      vertex 11.44 0.9 1.23
      vertex 11.44 1.5 1.23
      vertex 11.44 1.5 1.62
    endloop
  endfacet
  facet normal 1 0 0
    outer loop
      vertex 11.44 0.9 1.23
      vertex 11.44 1.5 1.62
      vertex 11.44 0.9 1.62
    endloop
  endfacet
  facet normal 0 1 0
    outer loop
      vertex 11.44 1.5 1.23
      vertex 11.2 1.5 1.23
      vertex 11.2 1.5 1.62
    endloop
  endfacet
  facet normal 0 1 -0
    outer loop
      vertex 11.44 1.5 1.23
      vertex 11.2 1.5 1.62
      vertex 11.44 1.5 1.62
    endloop
  endfacet
  facet normal -1 0 0
    outer loop
      vertex 11.2 1.5 1.23
      vertex 11.2 0.9 1.23
      vertex 11.2 0.9 1.62
    endloop
  endfacet
  facet normal -1 0 0
    outer loop
      vertex 11.2 1.5 1.23
      vertex 11.2 0.9 1.62
      vertex 11.2 1.5 1.62
    endloop
  endfacet
  facet normal 0 0 -1
    outer loop
      vertex 11.96 0.9 1.23
      vertex 12.2 1.5 1.23
      vertex 12.2 0.9 1.23
    endloop
  endfacet
  facet normal 0 0 -1
    outer loop
      vertex 11.96 0.9 1.23
      vertex 11.96 1.5 1.23
      vertex 12.2 1.5 1.23
    endloop
  endfacet
  facet normal 0 0 1
    outer loop
      vertex 11.96 0.9 1.62
      vertex 12.2 0.9 1.62
      vertex 12.2 1.5 1.62
    endloop
  endfacet
  facet normal 0 0 1
    outer loop
      vertex 11.96 0.9 1.62
      vertex 12.2 1.5 1.62
      vertex 11.96 1.5 1.62
    endloop
  endfacet
  facet normal 0 -1 0
    outer loop
      vertex 11.96 0.9 1.23
      vertex 12.2 0.9 1.23
      vertex 12.2 0.9 1.62
    endloop
  endfacet
  facet normal 0 -1 0
    outer loop
      vertex 11.96 0.9 1.23
      vertex 12.2 0.9 1.62
      vertex 11.96 0.9 1.62
    endloop
  endfacet
  facet normal 1 0 0
    outer loop
      vertex 12.2 0.9 1.23
      vertex 12.2 1.5 1.23
      vertex 12.2 1.5 1.62
    endloop
  endfacet
  facet normal 1 0 0
    outer loop
      vertex 12.2 0.9 1.23
      vertex 12.2 1.5 1.62
      vertex 12.2 0.9 1.62
    endloop
  endfacet
  facet normal 0 1 0
    outer loop
      vertex 12.2 1.5 1.23
      vertex 11.96 1.5 1.23
      vertex 11.96 1.5 1.62
    endloop
  endfacet
  facet normal 0 1 -0
    outer loop
      vertex 12.2 1.5 1.23
      vertex 11.96 1.5 1.62
      vertex 12.2 1.5 1.62
    endloop
  endfacet
  facet normal -1 0 0
    outer loop
      vertex 11.96 1.5 1.23
      vertex 11.96 0.9 1.23
      vertex 11.96 0.9 1.62
    endloop
  endfacet
  facet normal -1 0 0
    outer loop
      vertex 11.96 1.5 1.23
      vertex 11.96 0.9 1.62
      vertex 11.96 1.5 1.62
    endloop
  endfacet
  facet normal 0 0 -1
    outer loop
      vertex 3.4 1.925 1.2
      vertex 4.4 2.475 1.2
      vertex 4.4 1.925 1.2
    endloop
  endfacet
  facet normal 0 0 -1
    outer loop
      vertex 3.4 1.925 1.2
      vertex 3.4 2.475 1.2
      vertex 4.4 2.475 1.2
    endloop
  endfacet
  facet normal 0 0 1
    outer loop
      vertex 3.4 1.925 1.65
      vertex 4.4 1.925 1.65
      vertex 4.4 2.475 1.65
    endloop
  endfacet
  facet normal 0 0 1
    outer loop
      vertex 3.4 1.925 1.65
      vertex 4.4 2.475 1.65
      vertex 3.4 2.475 1.65
    endloop
  endfacet
  facet normal 0 -1 0
    outer loop
      vertex 3.4 1.925 1.2
      vertex 4.4 1.925 1.2
      vertex 4.4 1.925 1.65
    endloop
  endfacet
  facet normal 0 -1 0
    outer loop
      vertex 3.4 1.925 1.2
      vertex 4.4 1.925 1.65
      vertex 3.4 1.925 1.65
    endloop
  endfacet
  facet normal 1 0 0
    outer loop
      vertex 4.4 1.925 1.2
      vertex 4.4 2.475 1.2
      vertex 4.4 2.475 1.65
    endloop
  endfacet
  facet normal 1 0 0
    outer loop
      vertex 4.4 1.925 1.2
      vertex 4.4 2.475 1.65
      vertex 4.4 1.925 1.65
    endloop
  endfacet
  facet normal 0 1 0
    outer loop
      vertex 4.4 2.475 1.2
      vertex 3.4 2.475 1.2
      vertex 3.4 2.475 1.65
    endloop
  endfacet
  facet normal 0 1 -0
    outer loop
      vertex 4.4 2.475 1.2
      vertex 3.4 2.475 1.65
      vertex 4.4 2.475 1.65
    endloop
  endfacet
  facet normal -1 0 0
    outer loop
      vertex 3.4 2.475 1.2
      vertex 3.4 1.925 1.2
      vertex 3.4 1.925 1.65
    endloop
  endfacet
  facet normal -1 0 0
    outer loop
      vertex 3.4 2.475 1.2
      vertex 3.4 1.925 1.65
      vertex 3.4 2.475 1.65
    endloop
  endfacet
  facet normal 0 0 -1
    outer loop
      vertex 3.4 1.9 1.23
      vertex 3.64 2.5 1.23
      vertex 3.64 1.9 1.23
    endloop
  endfacet
  facet normal 0 0 -1
    outer loop
      vertex 3.4 1.9 1.23
      vertex 3.4 2.5 1.23
      vertex 3.64 2.5 1.23
    endloop
  endfacet
  facet normal 0 0 1
    outer loop
      vertex 3.4 1.9 1.62
      vertex 3.64 1.9 1.62
      vertex 3.64 2.5 1.62
    endloop
  endfacet
  facet normal 0 0 1
    outer loop
      vertex 3.4 1.9 1.62
      vertex 3.64 2.5 1.62
      vertex 3.4 2.5 1.62
    endloop
  endfacet
  facet normal 0 -1 0
    outer loop
      vertex 3.4 1.9 1.23
      vertex 3.64 1.9 1.23
      vertex 3.64 1.9 1.62
    endloop
  endfacet
  facet normal 0 -1 0
    outer loop
      vertex 3.4 1.9 1.23
      vertex 3.64 1.9 1.62
      vertex 3.4 1.9 1.62
    endloop
  endfacet
  facet normal 1 0 0
    outer loop
      vertex 3.64 1.9 1.23
      vertex 3.64 2.5 1.23
      vertex 3.64 2.5 1.62
    endloop
  endfacet
  facet normal 1 0 0
    outer loop
      vertex 3.64 1.9 1.23
      vertex 3.64 2.5 1.62
      vertex 3.64 1.9 1.62
    endloop
  endfacet
  facet normal 0 1 0
    outer loop
      vertex 3.64 2.5 1.23
      vertex 3.4 2.5 1.23
      vertex 3.4 2.5 1.62
    endloop
  endfacet
  facet normal 0 1 -0
    outer loop
      vertex 3.64 2.5 1.23
      vertex 3.4 2.5 1.62
      vertex 3.64 2.5 1.62
    endloop
  endfacet
  facet normal -1 0 0
    outer loop
      vertex 3.4 2.5 1.23
      vertex 3.4 1.9 1.23
      vertex 3.4 1.9 1.62
    endloop
  endfacet
  facet normal -1 0 0
    outer loop
      vertex 3.4 2.5 1.23
      vertex 3.4 1.9 1.62
      vertex 3.4 2.5 1.62
    endloop
  endfacet
  facet normal 0 0 -1
    outer loop
      vertex 4.16 1.9 1.23
      vertex 4.4 2.5 1.23
      vertex 4.4 1.9 1.23
    endloop
  endfacet
  facet normal 0 0 -1
    outer loop
      vertex 4.16 1.9 1.23
      vertex 4.16 2.5 1.23
      vertex 4.4 2.5 1.23
    endloop
  endfacet
  facet normal 0 0 1
    outer loop
      vertex 4.16 1.9 1.62
      vertex 4.4 1.9 1.62
      vertex 4.4 2.5 1.62
    endloop
  endfacet
  facet normal 0 0 1
    outer loop
      vertex 4.16 1.9 1.62
      vertex 4.4 2.5 1.62
      vertex 4.16 2.5 1.62
    endloop
  endfacet
  facet normal 0 -1 0
    outer loop
      vertex 4.16 1.9 1.23
      vertex 4.4 1.9 1.23
      vertex 4.4 1.9 1.62
    endloop
  endfacet
  facet normal 0 -1 0
    outer loop
      vertex 4.16 1.9 1.23
      vertex 4.4 1.9 1.62
      vertex 4.16 1.9 1.62
    endloop
  endfacet
  facet normal 1 0 0
    outer loop
      vertex 4.4 1.9 1.23
      vertex 4.4 2.5 1.23
      vertex 4.4 2.5 1.62
    endloop
  endfacet
  facet normal 1 0 0
    outer loop
      vertex 4.4 1.9 1.23
      vertex 4.4 2.5 1.62
      vertex 4.4 1.9 1.62
    endloop
  endfacet
  facet normal 0 1 0
    outer loop
      vertex 4.4 2.5 1.23
      vertex 4.16 2.5 1.23
      vertex 4.16 2.5 1.62
    endloop
  endfacet
  facet normal 0 1 -0
    outer loop
      vertex 4.4 2.5 1.23
      vertex 4.16 2.5 1.62
      vertex 4.4 2.5 1.62
    endloop
  endfacet
  facet normal -1 0 0
    outer loop
      vertex 4.16 2.5 1.23
      vertex 4.16 1.9 1.23
      vertex 4.16 1.9 1.62
    endloop
  endfacet
  facet normal -1 0 0
    outer loop
      vertex 4.16 2.5 1.23
      vertex 4.16 1.9 1.62
      vertex 4.16 2.5 1.62
    endloop
  endfacet
  facet normal 0 0 -1
    outer loop
      vertex 11.2 1.925 1.2
      vertex 12.2 2.475 1.2
      vertex 12.2 1.925 1.2
    endloop
  endfacet
  facet normal 0 0 -1
    outer loop
      vertex 11.2 1.925 1.2
      vertex 11.2 2.475 1.2
      vertex 12.2 2.475 1.2
    endloop
  endfacet
  facet normal 0 0 1
    outer loop
      vertex 11.2 1.925 1.65
      vertex 12.2 1.925 1.65
      vertex 12.2 2.475 1.65
    endloop
  endfacet
  facet normal 0 0 1
    outer loop
      vertex 11.2 1.925 1.65
      vertex 12.2 2.475 1.65
      vertex 11.2 2.475 1.65
    endloop
  endfacet
  facet normal 0 -1 0
    outer loop
      vertex 11.2 1.925 1.2
      vertex 12.2 1.925 1.2
      vertex 12.2 1.925 1.65
    endloop
  endfacet
  facet normal 0 -1 0
    outer loop
      vertex 11.2 1.925 1.2
      vertex 12.2 1.925 1.65
      vertex 11.2 1.925 1.65
    endloop
  endfacet
  facet normal 1 0 0
    outer loop
      vertex 12.2 1.925 1.2
      vertex 12.2 2.475 1.2
      vertex 12.2 2.475 1.65
    endloop
  endfacet
  facet normal 1 0 0
    outer loop
      vertex 12.2 1.925 1.2
      vertex 12.2 2.475 1.65
      vertex 12.2 1.925 1.65
    endloop
  endfacet
  facet normal 0 1 0
    outer loop
      vertex 12.2 2.475 1.2
      vertex 11.2 2.475 1.2
      vertex 11.2 2.475 1.65
    endloop
  endfacet
  facet normal 0 1 -0
    outer loop
      vertex 12.2 2.475 1.2
      vertex 11.2 2.475 1.65
      vertex 12.2 2.475 1.65
    endloop
  endfacet
  facet normal -1 0 0
    outer loop
      vertex 11.2 2.475 1.2
      vertex 11.2 1.925 1.2
      vertex 11.2 1.925 1.65
    endloop
  endfacet
  facet normal -1 0 0
    outer loop
      vertex 11.2 2.475 1.2
      vertex 11.2 1.925 1.65
      vertex 11.2 2.475 1.65
    endloop
  endfacet
  facet normal 0 0 -1
    outer loop
      vertex 11.2 1.9 1.23
      vertex 11.44 2.5 1.23
      vertex 11.44 1.9 1.23
    endloop
  endfacet
  facet normal 0 0 -1
    outer loop
      vertex 11.2 1.9 1.23
      vertex 11.2 2.5 1.23
      vertex 11.44 2.5 1.23
    endloop
  endfacet
  facet normal 0 0 1
    outer loop
      vertex 11.2 1.9 1.62
      vertex 11.44 1.9 1.62
      vertex 11.44 2.5 1.62
    endloop
  endfacet
  facet normal 0 0 1
    outer loop
      vertex 11.2 1.9 1.62
      vertex 11.44 2.5 1.62
      vertex 11.2 2.5 1.62
    endloop
  endfacet
  facet normal 0 -1 0
    outer loop
      vertex 11.2 1.9 1.23
      vertex 11.44 1.9 1.23
      vertex 11.44 1.9 1.62
    endloop
  endfacet
  facet normal 0 -1 0
    outer loop
      vertex 11.2 1.9 1.23
      vertex 11.44 1.9 1.62
      vertex 11.2 1.9 1.62
    endloop
  endfacet
  facet normal 1 0 0
    outer loop
      vertex 11.44 1.9 1.23
      vertex 11.44 2.5 1.23
      vertex 11.44 2.5 1.62
    endloop
  endfacet
  facet normal 1 0 0
    outer loop
      vertex 11.44 1.9 1.23
      vertex 11.44 2.5 1.62
      vertex 11.44 1.9 1.62
    endloop
  endfacet
  facet normal 0 1 0
    outer loop
      vertex 11.44 2.5 1.23
      vertex 11.2 2.5 1.23
      vertex 11.2 2.5 1.62
    endloop
  endfacet
  facet normal 0 1 -0
    outer loop
      vertex 11.44 2.5 1.23
      vertex 11.2 2.5 1.62
      vertex 11.44 2.5 1.62
    endloop
  endfacet
  facet normal -1 0 0
    outer loop
      vertex 11.2 2.5 1.23
      vertex 11.2 1.9 1.23
      vertex 11.2 1.9 1.62
    endloop
  endfacet
  facet normal -1 0 0
    outer loop
      vertex 11.2 2.5 1.23
      vertex 11.2 1.9 1.62
      vertex 11.2 2.5 1.62
    endloop
  endfacet
  facet normal 0 0 -1
    outer loop
      vertex 11.96 1.9 1.23
      vertex 12.2 2.5 1.23
      vertex 12.2 1.9 1.23
    endloop
  endfacet
  facet normal 0 0 -1
    outer loop
      vertex 11.96 1.9 1.23
      vertex 11.96 2.5 1.23
      vertex 12.2 2.5 1.23
    endloop
  endfacet
  facet normal 0 0 1
    outer loop
      vertex 11.96 1.9 1.62
      vertex 12.2 1.9 1.62
      vertex 12.2 2.5 1.62
    endloop
  endfacet
  facet normal 0 0 1
    outer loop
      vertex 11.96 1.9 1.62
      vertex 12.2 2.5 1.62
      vertex 11.96 2.5 1.62
    endloop
  endfacet
  facet normal 0 -1 0
    outer loop
      vertex 11.96 1.9 1.23
      vertex 12.2 1.9 1.23
      vertex 12.2 1.9 1.62
    endloop
  endfacet
  facet normal 0 -1 0
    outer loop
      vertex 11.96 1.9 1.23
      vertex 12.2 1.9 1.62
      vertex 11.96 1.9 1.62
    endloop
  endfacet
  facet normal 1 0 0
    outer loop
      vertex 12.2 1.9 1.23
      vertex 12.2 2.5 1.23
      vertex 12.2 2.5 1.62
    endloop
  endfacet
  facet normal 1 0 0
    outer loop
      vertex 12.2 1.9 1.23
      vertex 12.2 2.5 1.62
      vertex 12.2 1.9 1.62
    endloop
  endfacet
  facet normal 0 1 0
    outer loop
      vertex 12.2 2.5 1.23
      vertex 11.96 2.5 1.23
      vertex 11.96 2.5 1.62
    endloop
  endfacet
  facet normal 0 1 -0
    outer loop
      vertex 12.2 2.5 1.23
      vertex 11.96 2.5 1.62
      vertex 12.2 2.5 1.62
    endloop
  endfacet
  facet normal -1 0 0
    outer loop
      vertex 11.96 2.5 1.23
      vertex 11.96 1.9 1.23
      vertex 11.96 1.9 1.62
    endloop
  endfacet
  facet normal -1 0 0
    outer loop
      vertex 11.96 2.5 1.23
      vertex 11.96 1.9 1.62
      vertex 11.96 2.5 1.62
    endloop
  endfacet
  facet normal 0 0 -1
    outer loop
      vertex 3.4 2.925 1.2
      vertex 4.4 3.475 1.2
      vertex 4.4 2.925 1.2
    endloop
  endfacet
  facet normal 0 0 -1
    outer loop
      vertex 3.4 2.925 1.2
      vertex 3.4 3.475 1.2
      vertex 4.4 3.475 1.2
    endloop
  endfacet
  facet normal 0 0 1
    outer loop
      vertex 3.4 2.925 1.65
      vertex 4.4 2.925 1.65
      vertex 4.4 3.475 1.65
    endloop
  endfacet
  facet normal 0 0 1
    outer loop
      vertex 3.4 2.925 1.65
      vertex 4.4 3.475 1.65
      vertex 3.4 3.475 1.65
    endloop
  endfacet
  facet normal 0 -1 0
    outer loop
      vertex 3.4 2.925 1.2
      vertex 4.4 2.925 1.2
      vertex 4.4 2.925 1.65
    endloop
  endfacet
  facet normal 0 -1 0
    outer loop
      vertex 3.4 2.925 1.2
      vertex 4.4 2.925 1.65
      vertex 3.4 2.925 1.65
    endloop
  endfacet
  facet normal 1 0 0
    outer loop
      vertex 4.4 2.925 1.2
      vertex 4.4 3.475 1.2
      vertex 4.4 3.475 1.65
    endloop
  endfacet
  facet normal 1 0 0
    outer loop
      vertex 4.4 2.925 1.2
      vertex 4.4 3.475 1.65
      vertex 4.4 2.925 1.65
    endloop
  endfacet
  facet normal 0 1 0
    outer loop
      vertex 4.4 3.475 1.2
      vertex 3.4 3.475 1.2
      vertex 3.4 3.475 1.65
    endloop
  endfacet
  facet normal 0 1 -0
    outer loop
      vertex 4.4 3.475 1.2
      vertex 3.4 3.475 1.65
      vertex 4.4 3.475 1.65
    endloop
  endfacet
  facet normal -1 0 0
    outer loop
      vertex 3.4 3.475 1.2
      vertex 3.4 2.925 1.2
      vertex 3.4 2.925 1.65
    endloop
  endfacet
  facet normal -1 0 0
    outer loop
      vertex 3.4 3.475 1.2
      vertex 3.4 2.925 1.65
      vertex 3.4 3.475 1.65
    endloop
  endfacet
  facet normal 0 0 -1
    outer loop
      vertex 3.4 2.9 1.23
      vertex 3.64 3.5 1.23
      vertex 3.64 2.9 1.23
    endloop
  endfacet
  facet normal 0 0 -1
    outer loop
      vertex 3.4 2.9 1.23
      vertex 3.4 3.5 1.23
      vertex 3.64 3.5 1.23
    endloop
  endfacet
  facet normal 0 0 1
    outer loop
      vertex 3.4 2.9 1.62
      vertex 3.64 2.9 1.62
      vertex 3.64 3.5 1.62
    endloop
  endfacet
  facet normal 0 0 1
    outer loop
      vertex 3.4 2.9 1.62
      vertex 3.64 3.5 1.62
      vertex 3.4 3.5 1.62
    endloop
  endfacet
  facet normal 0 -1 0
    outer loop
      vertex 3.4 2.9 1.23
      vertex 3.64 2.9 1.23
      vertex 3.64 2.9 1.62
    endloop
  endfacet
  facet normal 0 -1 0
    outer loop
      vertex 3.4 2.9 1.23
      vertex 3.64 2.9 1.62
      vertex 3.4 2.9 1.62
    endloop
  endfacet
  facet normal 1 0 0
    outer loop
      vertex 3.64 2.9 1.23
      vertex 3.64 3.5 1.23
      vertex 3.64 3.5 1.62
    endloop
  endfacet
  facet normal 1 0 0
    outer loop
      vertex 3.64 2.9 1.23
      vertex 3.64 3.5 1.62
      vertex 3.64 2.9 1.62
    endloop
  endfacet
  facet normal 0 1 0
    outer loop
      vertex 3.64 3.5 1.23
      vertex 3.4 3.5 1.23
      vertex 3.4 3.5 1.62
    endloop
  endfacet
  facet normal 0 1 -0
    outer loop
      vertex 3.64 3.5 1.23
      vertex 3.4 3.5 1.62
      vertex 3.64 3.5 1.62
    endloop
  endfacet
  facet normal -1 0 0
    outer loop
      vertex 3.4 3.5 1.23
      vertex 3.4 2.9 1.23
      vertex 3.4 2.9 1.62
    endloop
  endfacet
  facet normal -1 0 0
    outer loop
      vertex 3.4 3.5 1.23
      vertex 3.4 2.9 1.62
      vertex 3.4 3.5 1.62
    endloop
  endfacet
  facet normal 0 0 -1
    outer loop
      vertex 4.16 2.9 1.23
      vertex 4.4 3.5 1.23
      vertex 4.4 2.9 1.23
    endloop
  endfacet
  facet normal 0 0 -1
    outer loop
      vertex 4.16 2.9 1.23
      vertex 4.16 3.5 1.23
      vertex 4.4 3.5 1.23
    endloop
  endfacet
  facet normal 0 0 1
    outer loop
      vertex 4.16 2.9 1.62
      vertex 4.4 2.9 1.62
      vertex 4.4 3.5 1.62
    endloop
  endfacet
  facet normal 0 0 1
    outer loop
      vertex 4.16 2.9 1.62
      vertex 4.4 3.5 1.62
      vertex 4.16 3.5 1.62
    endloop
  endfacet
  facet normal 0 -1 0
    outer loop
      vertex 4.16 2.9 1.23
      vertex 4.4 2.9 1.23
      vertex 4.4 2.9 1.62
    endloop
  endfacet
  facet normal 0 -1 0
    outer loop
      vertex 4.16 2.9 1.23
      vertex 4.4 2.9 1.62
      vertex 4.16 2.9 1.62
    endloop
  endfacet
  facet normal 1 0 0
    outer loop
      vertex 4.4 2.9 1.23
      vertex 4.4 3.5 1.23
      vertex 4.4 3.5 1.62
    endloop
  endfacet
  facet normal 1 0 0
    outer loop
      vertex 4.4 2.9 1.23
      vertex 4.4 3.5 1.62
      vertex 4.4 2.9 1.62
    endloop
  endfacet
  facet normal 0 1 0
    outer loop
      vertex 4.4 3.5 1.23
      vertex 4.16 3.5 1.23
      vertex 4.16 3.5 1.62
    endloop
  endfacet
  facet normal 0 1 -0
    outer loop
      vertex 4.4 3.5 1.23
      vertex 4.16 3.5 1.62
      vertex 4.4 3.5 1.62
    endloop
  endfacet
  facet normal -1 0 0
    outer loop
      vertex 4.16 3.5 1.23
      vertex 4.16 2.9 1.23
      vertex 4.16 2.9 1.62
    endloop
  endfacet
  facet normal -1 0 0
    outer loop
      vertex 4.16 3.5 1.23
      vertex 4.16 2.9 1.62
      vertex 4.16 3.5 1.62
    endloop
  endfacet
  facet normal 0 0 -1
    outer loop
      vertex 11.2 2.925 1.2
      vertex 12.2 3.475 1.2
      vertex 12.2 2.925 1.2
    endloop
  endfacet
  facet normal 0 0 -1
    outer loop
      vertex 11.2 2.925 1.2
      vertex 11.2 3.475 1.2
      vertex 12.2 3.475 1.2
    endloop
  endfacet
  facet normal 0 0 1
    outer loop
      vertex 11.2 2.925 1.65
      vertex 12.2 2.925 1.65
      vertex 12.2 3.475 1.65
    endloop
  endfacet
  facet normal 0 0 1
    outer loop
      vertex 11.2 2.925 1.65
      vertex 12.2 3.475 1.65
      vertex 11.2 3.475 1.65
    endloop
  endfacet
  facet normal 0 -1 0
    outer loop
      vertex 11.2 2.925 1.2
      vertex 12.2 2.925 1.2
      vertex 12.2 2.925 1.65
    endloop
  endfacet
  facet normal 0 -1 0
    outer loop
      vertex 11.2 2.925 1.2
      vertex 12.2 2.925 1.65
      vertex 11.2 2.925 1.65
    endloop
  endfacet
  facet normal 1 0 0
    outer loop
      vertex 12.2 2.925 1.2
      vertex 12.2 3.475 1.2
      vertex 12.2 3.475 1.65
    endloop
  endfacet
  facet normal 1 0 0
    outer loop
      vertex 12.2 2.925 1.2
      vertex 12.2 3.475 1.65
      vertex 12.2 2.925 1.65
    endloop
  endfacet
  facet normal 0 1 0
    outer loop
      vertex 12.2 3.475 1.2
      vertex 11.2 3.475 1.2
      vertex 11.2 3.475 1.65
    endloop
  endfacet
  facet normal 0 1 -0
    outer loop
      vertex 12.2 3.475 1.2
      vertex 11.2 3.475 1.65
      vertex 12.2 3.475 1.65
    endloop
  endfacet
  facet normal -1 0 0
    outer loop
      vertex 11.2 3.475 1.2
      vertex 11.2 2.925 1.2
      vertex 11.2 2.925 1.65
    endloop
  endfacet
  facet normal -1 0 0
    outer loop
      vertex 11.2 3.475 1.2
      vertex 11.2 2.925 1.65
      vertex 11.2 3.475 1.65
    endloop
  endfacet
  facet normal 0 0 -1
    outer loop
      vertex 11.2 2.9 1.23
      vertex 11.44 3.5 1.23
      vertex 11.44 2.9 1.23
    endloop
  endfacet
  facet normal 0 0 -1
    outer loop
      vertex 11.2 2.9 1.23
      vertex 11.2 3.5 1.23
      vertex 11.44 3.5 1.23
    endloop
  endfacet
  facet normal 0 0 1
    outer loop
      vertex 11.2 2.9 1.62
      vertex 11.44 2.9 1.62
      vertex 11.44 3.5 1.62
    endloop
  endfacet
  facet normal 0 0 1
    outer loop
      vertex 11.2 2.9 1.62
      vertex 11.44 3.5 1.62
      vertex 11.2 3.5 1.62
    endloop
  endfacet
  facet normal 0 -1 0
    outer loop
      vertex 11.2 2.9 1.23
      vertex 11.44 2.9 1.23
      vertex 11.44 2.9 1.62
    endloop
  endfacet
  facet normal 0 -1 0
    outer loop
      vertex 11.2 2.9 1.23
      vertex 11.44 2.9 1.62
      vertex 11.2 2.9 1.62
    endloop
  endfacet
  facet normal 1 0 0
    outer loop
      vertex 11.44 2.9 1.23
      vertex 11.44 3.5 1.23
      vertex 11.44 3.5 1.62
    endloop
  endfacet
  facet normal 1 0 0
    outer loop
      vertex 11.44 2.9 1.23
      vertex 11.44 3.5 1.62
      vertex 11.44 2.9 1.62
    endloop
  endfacet
  facet normal 0 1 0
    outer loop
      vertex 11.44 3.5 1.23
      vertex 11.2 3.5 1.23
      vertex 11.2 3.5 1.62
    endloop
  endfacet
  facet normal 0 1 -0
    outer loop
      vertex 11.44 3.5 1.23
      vertex 11.2 3.5 1.62
      vertex 11.44 3.5 1.62
    endloop
  endfacet
  facet normal -1 0 0
    outer loop
      vertex 11.2 3.5 1.23
      vertex 11.2 2.9 1.23
      vertex 11.2 2.9 1.62
    endloop
  endfacet
  facet normal -1 0 0
    outer loop
      vertex 11.2 3.5 1.23
      vertex 11.2 2.9 1.62
      vertex 11.2 3.5 1.62
    endloop
  endfacet
  facet normal 0 0 -1
    outer loop
      vertex 11.96 2.9 1.23
      vertex 12.2 3.5 1.23
      vertex 12.2 2.9 1.23
    endloop
  endfacet
  facet normal 0 0 -1
    outer loop
      vertex 11.96 2.9 1.23
      vertex 11.96 3.5 1.23
      vertex 12.2 3.5 1.23
    endloop
  endfacet
  facet normal 0 0 1
    outer loop
      vertex 11.96 2.9 1.62
      vertex 12.2 2.9 1.62
      vertex 12.2 3.5 1.62
    endloop
  endfacet
  facet normal 0 0 1
    outer loop
      vertex 11.96 2.9 1.62
      vertex 12.2 3.5 1.62
      vertex 11.96 3.5 1.62
    endloop
  endfacet
  facet normal 0 -1 0
    outer loop
      vertex 11.96 2.9 1.23
      vertex 12.2 2.9 1.23
      vertex 12.2 2.9 1.62
    endloop
  endfacet
  facet normal 0 -1 0
    outer loop
      vertex 11.96 2.9 1.23
      vertex 12.2 2.9 1.62
      vertex 11.96 2.9 1.62
    endloop
  endfacet
  facet normal 1 0 0
    outer loop
      vertex 12.2 2.9 1.23
      vertex 12.2 3.5 1.23
      vertex 12.2 3.5 1.62
    endloop
  endfacet
  facet normal 1 0 0
    outer loop
      vertex 12.2 2.9 1.23
      vertex 12.2 3.5 1.62
      vertex 12.2 2.9 1.62
    endloop
  endfacet
  facet normal 0 1 0
    outer loop
      vertex 12.2 3.5 1.23
      vertex 11.96 3.5 1.23
      vertex 11.96 3.5 1.62
    endloop
  endfacet
  facet normal 0 1 -0
    outer loop
      vertex 12.2 3.5 1.23
      vertex 11.96 3.5 1.62
      vertex 12.2 3.5 1.62
    endloop
  endfacet
  facet normal -1 0 0
    outer loop
      vertex 11.96 3.5 1.23
      vertex 11.96 2.9 1.23
      vertex 11.96 2.9 1.62
    endloop
  endfacet
  facet normal -1 0 0
    outer loop
      vertex 11.96 3.5 1.23
      vertex 11.96 2.9 1.62
      vertex 11.96 3.5 1.62
    endloop
  endfacet
  facet normal 0 0 -1
    outer loop
      vertex 3.4 3.925 1.2
      vertex 4.4 4.475 1.2
      vertex 4.4 3.925 1.2
    endloop
  endfacet
  facet normal 0 0 -1
    outer loop
      vertex 3.4 3.925 1.2
      vertex 3.4 4.475 1.2
      vertex 4.4 4.475 1.2
    endloop
  endfacet
  facet normal 0 0 1
    outer loop
      vertex 3.4 3.925 1.65
      vertex 4.4 3.925 1.65
      vertex 4.4 4.475 1.65
    endloop
  endfacet
  facet normal 0 0 1
    outer loop
      vertex 3.4 3.925 1.65
      vertex 4.4 4.475 1.65
      vertex 3.4 4.475 1.65
    endloop
  endfacet
  facet normal 0 -1 0
    outer loop
      vertex 3.4 3.925 1.2
      vertex 4.4 3.925 1.2
      vertex 4.4 3.925 1.65
    endloop
  endfacet
  facet normal 0 -1 0
    outer loop
      vertex 3.4 3.925 1.2
      vertex 4.4 3.925 1.65
      vertex 3.4 3.925 1.65
    endloop
  endfacet
  facet normal 1 0 0
    outer loop
      vertex 4.4 3.925 1.2
      vertex 4.4 4.475 1.2
      vertex 4.4 4.475 1.65
    endloop
  endfacet
  facet normal 1 0 0
    outer loop
      vertex 4.4 3.925 1.2
      vertex 4.4 4.475 1.65
      vertex 4.4 3.925 1.65
    endloop
  endfacet
  facet normal 0 1 0
    outer loop
      vertex 4.4 4.475 1.2
      vertex 3.4 4.475 1.2
      vertex 3.4 4.475 1.65
    endloop
  endfacet
  facet normal 0 1 -0
    outer loop
      vertex 4.4 4.475 1.2
      vertex 3.4 4.475 1.65
      vertex 4.4 4.475 1.65
    endloop
  endfacet
  facet normal -1 0 0
    outer loop
      vertex 3.4 4.475 1.2
      vertex 3.4 3.925 1.2
      vertex 3.4 3.925 1.65
    endloop
  endfacet
  facet normal -1 0 0
    outer loop
      vertex 3.4 4.475 1.2
      vertex 3.4 3.925 1.65
      vertex 3.4 4.475 1.65
    endloop
  endfacet
  facet normal 0 0 -1
    outer loop
      vertex 3.4 3.9 1.23
      vertex 3.64 4.5 1.23
      vertex 3.64 3.9 1.23
    endloop
  endfacet
  facet normal 0 0 -1
    outer loop
      vertex 3.4 3.9 1.23
      vertex 3.4 4.5 1.23
      vertex 3.64 4.5 1.23
    endloop
  endfacet
  facet normal 0 0 1
    outer loop
      vertex 3.4 3.9 1.62
      vertex 3.64 3.9 1.62
      vertex 3.64 4.5 1.62
    endloop
  endfacet
  facet normal 0 0 1
    outer loop
      vertex 3.4 3.9 1.62
      vertex 3.64 4.5 1.62
      vertex 3.4 4.5 1.62
    endloop
  endfacet
  facet normal 0 -1 0
    outer loop
      vertex 3.4 3.9 1.23
      vertex 3.64 3.9 1.23
      vertex 3.64 3.9 1.62
    endloop
  endfacet
  facet normal 0 -1 0
    outer loop
      vertex 3.4 3.9 1.23
      vertex 3.64 3.9 1.62
      vertex 3.4 3.9 1.62
    endloop
  endfacet
  facet normal 1 0 0
    outer loop
      vertex 3.64 3.9 1.23
      vertex 3.64 4.5 1.23
      vertex 3.64 4.5 1.62
    endloop
  endfacet
  facet normal 1 0 0
    outer loop
      vertex 3.64 3.9 1.23
      vertex 3.64 4.5 1.62
      vertex 3.64 3.9 1.62
    endloop
  endfacet
  facet normal 0 1 0
    outer loop
      vertex 3.64 4.5 1.23
      vertex 3.4 4.5 1.23
      vertex 3.4 4.5 1.62
    endloop
  endfacet
  facet normal 0 1 -0
    outer loop
      vertex 3.64 4.5 1.23
      vertex 3.4 4.5 1.62
      vertex 3.64 4.5 1.62
    endloop
  endfacet
  facet normal -1 0 0
    outer loop
      vertex 3.4 4.5 1.23
      vertex 3.4 3.9 1.23
      vertex 3.4 3.9 1.62
    endloop
  endfacet
  facet normal -1 0 0
    outer loop
      vertex 3.4 4.5 1.23
      vertex 3.4 3.9 1.62
      vertex 3.4 4.5 1.62
    endloop
  endfacet
  facet normal 0 0 -1
    outer loop
      vertex 4.16 3.9 1.23
      vertex 4.4 4.5 1.23
      vertex 4.4 3.9 1.23
    endloop
  endfacet
  facet normal 0 0 -1
    outer loop
      vertex 4.16 3.9 1.23
      vertex 4.16 4.5 1.23
      vertex 4.4 4.5 1.23
    endloop
  endfacet
  facet normal 0 0 1
    outer loop
      vertex 4.16 3.9 1.62
      vertex 4.4 3.9 1.62
      vertex 4.4 4.5 1.62
    endloop
  endfacet
  facet normal 0 0 1
    outer loop
      vertex 4.16 3.9 1.62
      vertex 4.4 4.5 1.62
      vertex 4.16 4.5 1.62
    endloop
  endfacet
  facet normal 0 -1 0
    outer loop
      vertex 4.16 3.9 1.23
      vertex 4.4 3.9 1.23
      vertex 4.4 3.9 1.62
    endloop
  endfacet
  facet normal 0 -1 0
    outer loop
      vertex 4.16 3.9 1.23
      vertex 4.4 3.9 1.62
      vertex 4.16 3.9 1.62
    endloop
  endfacet
  facet normal 1 0 0
    outer loop
      vertex 4.4 3.9 1.23
      vertex 4.4 4.5 1.23
      vertex 4.4 4.5 1.62
    endloop
  endfacet
  facet normal 1 0 0
    outer loop
      vertex 4.4 3.9 1.23
      vertex 4.4 4.5 1.62
      vertex 4.4 3.9 1.62
    endloop
  endfacet
  facet normal 0 1 0
    outer loop
      vertex 4.4 4.5 1.23
      vertex 4.16 4.5 1.23
      vertex 4.16 4.5 1.62
    endloop
  endfacet
  facet normal 0 1 -0
    outer loop
      vertex 4.4 4.5 1.23
      vertex 4.16 4.5 1.62
      vertex 4.4 4.5 1.62
    endloop
  endfacet
  facet normal -1 0 0
    outer loop
      vertex 4.16 4.5 1.23
      vertex 4.16 3.9 1.23
      vertex 4.16 3.9 1.62
    endloop
  endfacet
  facet normal -1 0 0
    outer loop
      vertex 4.16 4.5 1.23
      vertex 4.16 3.9 1.62
      vertex 4.16 4.5 1.62
    endloop
  endfacet
  facet normal 0 0 -1
    outer loop
      vertex 11.2 3.925 1.2
      vertex 12.2 4.475 1.2
      vertex 12.2 3.925 1.2
    endloop
  endfacet
  facet normal 0 0 -1
    outer loop
      vertex 11.2 3.925 1.2
      vertex 11.2 4.475 1.2
      vertex 12.2 4.475 1.2
    endloop
  endfacet
  facet normal 0 0 1
    outer loop
      vertex 11.2 3.925 1.65
      vertex 12.2 3.925 1.65
      vertex 12.2 4.475 1.65
    endloop
  endfacet
  facet normal 0 0 1
    outer loop
      vertex 11.2 3.925 1.65
      vertex 12.2 4.475 1.65
      vertex 11.2 4.475 1.65
    endloop
  endfacet
  facet normal 0 -1 0
    outer loop
      vertex 11.2 3.925 1.2
      vertex 12.2 3.925 1.2
      vertex 12.2 3.925 1.65
    endloop
  endfacet
  facet normal 0 -1 0
    outer loop
      vertex 11.2 3.925 1.2
      vertex 12.2 3.925 1.65
      vertex 11.2 3.925 1.65
    endloop
  endfacet
  facet normal 1 0 0
    outer loop
      vertex 12.2 3.925 1.2
      vertex 12.2 4.475 1.2
      vertex 12.2 4.475 1.65
    endloop
  endfacet
  facet normal 1 0 0
    outer loop
      vertex 12.2 3.925 1.2
      vertex 12.2 4.475 1.65
      vertex 12.2 3.925 1.65
    endloop
  endfacet
  facet normal 0 1 0
    outer loop
      vertex 12.2 4.475 1.2
      vertex 11.2 4.475 1.2
      vertex 11.2 4.475 1.65
    endloop
  endfacet
  facet normal 0 1 -0
    outer loop
      vertex 12.2 4.475 1.2
      vertex 11.2 4.475 1.65
      vertex 12.2 4.475 1.65
    endloop
  endfacet
  facet normal -1 0 0
    outer loop
      vertex 11.2 4.475 1.2
      vertex 11.2 3.925 1.2
      vertex 11.2 3.925 1.65
    endloop
  endfacet
  facet normal -1 0 0
    outer loop
      vertex 11.2 4.475 1.2
      vertex 11.2 3.925 1.65
      vertex 11.2 4.475 1.65
    endloop
  endfacet
  facet normal 0 0 -1
    outer loop
      vertex 11.2 3.9 1.23
      vertex 11.44 4.5 1.23
      vertex 11.44 3.9 1.23
    endloop
  endfacet
  facet normal 0 0 -1
    outer loop
      vertex 11.2 3.9 1.23
      vertex 11.2 4.5 1.23
      vertex 11.44 4.5 1.23
    endloop
  endfacet
  facet normal 0 0 1
    outer loop
      vertex 11.2 3.9 1.62
      vertex 11.44 3.9 1.62
      vertex 11.44 4.5 1.62
    endloop
  endfacet
  facet normal 0 0 1
    outer loop
      vertex 11.2 3.9 1.62
      vertex 11.44 4.5 1.62
      vertex 11.2 4.5 1.62
    endloop
  endfacet
  facet normal 0 -1 0
    outer loop
      vertex 11.2 3.9 1.23
      vertex 11.44 3.9 1.23
      vertex 11.44 3.9 1.62
    endloop
  endfacet
  facet normal 0 -1 0
    outer loop
      vertex 11.2 3.9 1.23
      vertex 11.44 3.9 1.62
      vertex 11.2 3.9 1.62
    endloop
  endfacet
  facet normal 1 0 0
    outer loop
      vertex 11.44 3.9 1.23
      vertex 11.44 4.5 1.23
      vertex 11.44 4.5 1.62
    endloop
  endfacet
  facet normal 1 0 0
    outer loop
      vertex 11.44 3.9 1.23
      vertex 11.44 4.5 1.62
      vertex 11.44 3.9 1.62
    endloop
  endfacet
  facet normal 0 1 0
    outer loop
      vertex 11.44 4.5 1.23
      vertex 11.2 4.5 1.23
      vertex 11.2 4.5 1.62
    endloop
  endfacet
  facet normal 0 1 -0
    outer loop
      vertex 11.44 4.5 1.23
      vertex 11.2 4.5 1.62
      vertex 11.44 4.5 1.62
    endloop
  endfacet
  facet normal -1 0 0
    outer loop
      vertex 11.2 4.5 1.23
      vertex 11.2 3.9 1.23
      vertex 11.2 3.9 1.62
    endloop
  endfacet
  facet normal -1 0 0
    outer loop
      vertex 11.2 4.5 1.23
      vertex 11.2 3.9 1.62
      vertex 11.2 4.5 1.62
    endloop
  endfacet
  facet normal 0 0 -1
    outer loop
      vertex 11.96 3.9 1.23
      vertex 12.2 4.5 1.23
      vertex 12.2 3.9 1.23
    endloop
  endfacet
  facet normal 0 0 -1
    outer loop
      vertex 11.96 3.9 1.23
      vertex 11.96 4.5 1.23
      vertex 12.2 4.5 1.23
    endloop
  endfacet
  facet normal 0 0 1
    outer loop
      vertex 11.96 3.9 1.62
      vertex 12.2 3.9 1.62
      vertex 12.2 4.5 1.62
    endloop
  endfacet
  facet normal 0 0 1
    outer loop
      vertex 11.96 3.9 1.62
      vertex 12.2 4.5 1.62
      vertex 11.96 4.5 1.62
    endloop
  endfacet
  facet normal 0 -1 0
    outer loop
      vertex 11.96 3.9 1.23
      vertex 12.2 3.9 1.23
      vertex 12.2 3.9 1.62
    endloop
  endfacet
  facet normal 0 -1 0
    outer loop
      vertex 11.96 3.9 1.23
      vertex 12.2 3.9 1.62
      vertex 11.96 3.9 1.62
    endloop
  endfacet
  facet normal 1 0 0
    outer loop
      vertex 12.2 3.9 1.23
      vertex 12.2 4.5 1.23
      vertex 12.2 4.5 1.62
    endloop
  endfacet
  facet normal 1 0 0
    outer loop
      vertex 12.2 3.9 1.23
      vertex 12.2 4.5 1.62
      vertex 12.2 3.9 1.62
    endloop
  endfacet
  facet normal 0 1 0
    outer loop
      vertex 12.2 4.5 1.23
      vertex 11.96 4.5 1.23
      vertex 11.96 4.5 1.62
    endloop
  endfacet
  facet normal 0 1 -0
    outer loop
      vertex 12.2 4.5 1.23
      vertex 11.96 4.5 1.62
      vertex 12.2 4.5 1.62
    endloop
  endfacet
  facet normal -1 0 0
    outer loop
      vertex 11.96 4.5 1.23
      vertex 11.96 3.9 1.23
      vertex 11.96 3.9 1.62
    endloop
  endfacet
  facet normal -1 0 0
    outer loop
      vertex 11.96 4.5 1.23
      vertex 11.96 3.9 1.62
      vertex 11.96 4.5 1.62
    endloop
  endfacet
  facet normal 0 0 -1
    outer loop
      vertex 3.4 4.925 1.2
      vertex 4.4 5.475 1.2
      vertex 4.4 4.925 1.2
    endloop
  endfacet
  facet normal 0 0 -1
    outer loop
      vertex 3.4 4.925 1.2
      vertex 3.4 5.475 1.2
      vertex 4.4 5.475 1.2
    endloop
  endfacet
  facet normal 0 0 1
    outer loop
      vertex 3.4 4.925 1.65
      vertex 4.4 4.925 1.65
      vertex 4.4 5.475 1.65
    endloop
  endfacet
  facet normal 0 0 1
    outer loop
      vertex 3.4 4.925 1.65
      vertex 4.4 5.475 1.65
      vertex 3.4 5.475 1.65
    endloop
  endfacet
  facet normal 0 -1 0
    outer loop
      vertex 3.4 4.925 1.2
      vertex 4.4 4.925 1.2
      vertex 4.4 4.925 1.65
    endloop
  endfacet
  facet normal 0 -1 0
    outer loop
      vertex 3.4 4.925 1.2
      vertex 4.4 4.925 1.65
      vertex 3.4 4.925 1.65
    endloop
  endfacet
  facet normal 1 0 0
    outer loop
      vertex 4.4 4.925 1.2
      vertex 4.4 5.475 1.2
      vertex 4.4 5.475 1.65
    endloop
  endfacet
  facet normal 1 0 0
    outer loop
      vertex 4.4 4.925 1.2
      vertex 4.4 5.475 1.65
      vertex 4.4 4.925 1.65
    endloop
  endfacet
  facet normal 0 1 0
    outer loop
      vertex 4.4 5.475 1.2
      vertex 3.4 5.475 1.2
      vertex 3.4 5.475 1.65
    endloop
  endfacet
  facet normal 0 1 -0
    outer loop
      vertex 4.4 5.475 1.2
      vertex 3.4 5.475 1.65
      vertex 4.4 5.475 1.65
    endloop
  endfacet
  facet normal -1 0 0
    outer loop
      vertex 3.4 5.475 1.2
      vertex 3.4 4.925 1.2
      vertex 3.4 4.925 1.65
    endloop
  endfacet
  facet normal -1 0 0
    outer loop
      vertex 3.4 5.475 1.2
      vertex 3.4 4.925 1.65
      vertex 3.4 5.475 1.65
    endloop
  endfacet
  facet normal 0 0 -1
    outer loop
      vertex 3.4 4.9 1.23
      vertex 3.64 5.5 1.23
      vertex 3.64 4.9 1.23
    endloop
  endfacet
  facet normal 0 0 -1
    outer loop
      vertex 3.4 4.9 1.23
      vertex 3.4 5.5 1.23
      vertex 3.64 5.5 1.23
    endloop
  endfacet
  facet normal 0 0 1
    outer loop
      vertex 3.4 4.9 1.62
      vertex 3.64 4.9 1.62
      vertex 3.64 5.5 1.62
    endloop
  endfacet
  facet normal 0 0 1
    outer loop
      vertex 3.4 4.9 1.62
      vertex 3.64 5.5 1.62
      vertex 3.4 5.5 1.62
    endloop
  endfacet
  facet normal 0 -1 0
    outer loop
      vertex 3.4 4.9 1.23
      vertex 3.64 4.9 1.23
      vertex 3.64 4.9 1.62
    endloop
  endfacet
  facet normal 0 -1 0
    outer loop
      vertex 3.4 4.9 1.23
      vertex 3.64 4.9 1.62
      vertex 3.4 4.9 1.62
    endloop
  endfacet
  facet normal 1 0 0
    outer loop
      vertex 3.64 4.9 1.23
      vertex 3.64 5.5 1.23
      vertex 3.64 5.5 1.62
    endloop
  endfacet
  facet normal 1 0 0
    outer loop
      vertex 3.64 4.9 1.23
      vertex 3.64 5.5 1.62
      vertex 3.64 4.9 1.62
    endloop
  endfacet
  facet normal 0 1 0
    outer loop
      vertex 3.64 5.5 1.23
      vertex 3.4 5.5 1.23
      vertex 3.4 5.5 1.62
    endloop
  endfacet
  facet normal 0 1 -0
    outer loop
      vertex 3.64 5.5 1.23
      vertex 3.4 5.5 1.62
      vertex 3.64 5.5 1.62
    endloop
  endfacet
  facet normal -1 0 0
    outer loop
      vertex 3.4 5.5 1.23
      vertex 3.4 4.9 1.23
      vertex 3.4 4.9 1.62
    endloop
  endfacet
  facet normal -1 0 0
    outer loop
      vertex 3.4 5.5 1.23
      vertex 3.4 4.9 1.62
      vertex 3.4 5.5 1.62
    endloop
  endfacet
  facet normal 0 0 -1
    outer loop
      vertex 4.16 4.9 1.23
      vertex 4.4 5.5 1.23
      vertex 4.4 4.9 1.23
    endloop
  endfacet
  facet normal 0 0 -1
    outer loop
      vertex 4.16 4.9 1.23
      vertex 4.16 5.5 1.23
      vertex 4.4 5.5 1.23
    endloop
  endfacet
  facet normal 0 0 1
    outer loop
      vertex 4.16 4.9 1.62
      vertex 4.4 4.9 1.62
      vertex 4.4 5.5 1.62
    endloop
  endfacet
  facet normal 0 0 1
    outer loop
      vertex 4.16 4.9 1.62
      vertex 4.4 5.5 1.62
      vertex 4.16 5.5 1.62
    endloop
  endfacet
  facet normal 0 -1 0
    outer loop
      vertex 4.16 4.9 1.23
      vertex 4.4 4.9 1.23
      vertex 4.4 4.9 1.62
    endloop
  endfacet
  facet normal 0 -1 0
    outer loop
      vertex 4.16 4.9 1.23
      vertex 4.4 4.9 1.62
      vertex 4.16 4.9 1.62
    endloop
  endfacet
  facet normal 1 0 0
    outer loop
      vertex 4.4 4.9 1.23
      vertex 4.4 5.5 1.23
      vertex 4.4 5.5 1.62
    endloop
  endfacet
  facet normal 1 0 0
    outer loop
      vertex 4.4 4.9 1.23
      vertex 4.4 5.5 1.62
      vertex 4.4 4.9 1.62
    endloop
  endfacet
  facet normal 0 1 0
    outer loop
      vertex 4.4 5.5 1.23
      vertex 4.16 5.5 1.23
      vertex 4.16 5.5 1.62
    endloop
  endfacet
  facet normal 0 1 -0
    outer loop
      vertex 4.4 5.5 1.23
      vertex 4.16 5.5 1.62
      vertex 4.4 5.5 1.62
    endloop
  endfacet
  facet normal -1 0 0
    outer loop
      vertex 4.16 5.5 1.23
      vertex 4.16 4.9 1.23
      vertex 4.16 4.9 1.62
    endloop
  endfacet
  facet normal -1 0 0
    outer loop
      vertex 4.16 5.5 1.23
      vertex 4.16 4.9 1.62
      vertex 4.16 5.5 1.62
    endloop
  endfacet
  facet normal 0 0 -1
    outer loop
      vertex 11.2 4.925 1.2
      vertex 12.2 5.475 1.2
      vertex 12.2 4.925 1.2
    endloop
  endfacet
  facet normal 0 0 -1
    outer loop
      vertex 11.2 4.925 1.2
      vertex 11.2 5.475 1.2
      vertex 12.2 5.475 1.2
    endloop
  endfacet
  facet normal 0 0 1
    outer loop
      vertex 11.2 4.925 1.65
      vertex 12.2 4.925 1.65
      vertex 12.2 5.475 1.65
    endloop
  endfacet
  facet normal 0 0 1
    outer loop
      vertex 11.2 4.925 1.65
      vertex 12.2 5.475 1.65
      vertex 11.2 5.475 1.65
    endloop
  endfacet
  facet normal 0 -1 0
    outer loop
      vertex 11.2 4.925 1.2
      vertex 12.2 4.925 1.2
      vertex 12.2 4.925 1.65
    endloop
  endfacet
  facet normal 0 -1 0
    outer loop
      vertex 11.2 4.925 1.2
      vertex 12.2 4.925 1.65
      vertex 11.2 4.925 1.65
    endloop
  endfacet
  facet normal 1 0 0
    outer loop
      vertex 12.2 4.925 1.2
      vertex 12.2 5.475 1.2
      vertex 12.2 5.475 1.65
    endloop
  endfacet
  facet normal 1 0 0
    outer loop
      vertex 12.2 4.925 1.2
      vertex 12.2 5.475 1.65
      vertex 12.2 4.925 1.65
    endloop
  endfacet
  facet normal 0 1 0
    outer loop
      vertex 12.2 5.475 1.2
      vertex 11.2 5.475 1.2
      vertex 11.2 5.475 1.65
    endloop
  endfacet
  facet normal 0 1 -0
    outer loop
      vertex 12.2 5.475 1.2
      vertex 11.2 5.475 1.65
      vertex 12.2 5.475 1.65
    endloop
  endfacet
  facet normal -1 0 0
    outer loop
      vertex 11.2 5.475 1.2
      vertex 11.2 4.925 1.2
      vertex 11.2 4.925 1.65
    endloop
  endfacet
  facet normal -1 0 0
    outer loop
      vertex 11.2 5.475 1.2
      vertex 11.2 4.925 1.65
      vertex 11.2 5.475 1.65
    endloop
  endfacet
  facet normal 0 0 -1
    outer loop
      vertex 11.2 4.9 1.23
      vertex 11.44 5.5 1.23
      vertex 11.44 4.9 1.23
    endloop
  endfacet
  facet normal 0 0 -1
    outer loop
      vertex 11.2 4.9 1.23
      vertex 11.2 5.5 1.23
      vertex 11.44 5.5 1.23
    endloop
  endfacet
  facet normal 0 0 1
    outer loop
      vertex 11.2 4.9 1.62
      vertex 11.44 4.9 1.62
      vertex 11.44 5.5 1.62
    endloop
  endfacet
  facet normal 0 0 1
    outer loop
      vertex 11.2 4.9 1.62
      vertex 11.44 5.5 1.62
      vertex 11.2 5.5 1.62
    endloop
  endfacet
  facet normal 0 -1 0
    outer loop
      vertex 11.2 4.9 1.23
      vertex 11.44 4.9 1.23
      vertex 11.44 4.9 1.62
    endloop
  endfacet
  facet normal 0 -1 0
    outer loop
      vertex 11.2 4.9 1.23
      vertex 11.44 4.9 1.62
      vertex 11.2 4.9 1.62
    endloop
  endfacet
  facet normal 1 0 0
    outer loop
      vertex 11.44 4.9 1.23
      vertex 11.44 5.5 1.23
      vertex 11.44 5.5 1.62
    endloop
  endfacet
  facet normal 1 0 0
    outer loop
      vertex 11.44 4.9 1.23
      vertex 11.44 5.5 1.62
      vertex 11.44 4.9 1.62
    endloop
  endfacet
  facet normal 0 1 0
    outer loop
      vertex 11.44 5.5 1.23
      vertex 11.2 5.5 1.23
      vertex 11.2 5.5 1.62
    endloop
  endfacet
  facet normal 0 1 -0
    outer loop
      vertex 11.44 5.5 1.23
      vertex 11.2 5.5 1.62
      vertex 11.44 5.5 1.62
    endloop
  endfacet
  facet normal -1 0 0
    outer loop
      vertex 11.2 5.5 1.23
      vertex 11.2 4.9 1.23
      vertex 11.2 4.9 1.62
    endloop
  endfacet
  facet normal -1 0 0
    outer loop
      vertex 11.2 5.5 1.23
      vertex 11.2 4.9 1.62
      vertex 11.2 5.5 1.62
    endloop
  endfacet
  facet normal 0 0 -1
    outer loop
      vertex 11.96 4.9 1.23
      vertex 12.2 5.5 1.23
      vertex 12.2 4.9 1.23
    endloop
  endfacet
  facet normal 0 0 -1
    outer loop
      vertex 11.96 4.9 1.23
      vertex 11.96 5.5 1.23
      vertex 12.2 5.5 1.23
    endloop
  endfacet
  facet normal 0 0 1
    outer loop
      vertex 11.96 4.9 1.62
      vertex 12.2 4.9 1.62
      vertex 12.2 5.5 1.62
    endloop
  endfacet
  facet normal 0 0 1
    outer loop
      vertex 11.96 4.9 1.62
      vertex 12.2 5.5 1.62
      vertex 11.96 5.5 1.62
    endloop
  endfacet
  facet normal 0 -1 0
    outer loop
      vertex 11.96 4.9 1.23
      vertex 12.2 4.9 1.23
      vertex 12.2 4.9 1.62
    endloop
  endfacet
  facet normal 0 -1 0
    outer loop
      vertex 11.96 4.9 1.23
      vertex 12.2 4.9 1.62
      vertex 11.96 4.9 1.62
    endloop
  endfacet
  facet normal 1 0 0
    outer loop
      vertex 12.2 4.9 1.23
      vertex 12.2 5.5 1.23
      vertex 12.2 5.5 1.62
    endloop
  endfacet
  facet normal 1 0 0
    outer loop
      vertex 12.2 4.9 1.23
      vertex 12.2 5.5 1.62
      vertex 12.2 4.9 1.62
    endloop
  endfacet
  facet normal 0 1 0
    outer loop
      vertex 12.2 5.5 1.23
      vertex 11.96 5.5 1.23
      vertex 11.96 5.5 1.62
    endloop
  endfacet
  facet normal 0 1 -0
    outer loop
      vertex 12.2 5.5 1.23
      vertex 11.96 5.5 1.62
      vertex 12.2 5.5 1.62
    endloop
  endfacet
  facet normal -1 0 0
    outer loop
      vertex 11.96 5.5 1.23
      vertex 11.96 4.9 1.23
      vertex 11.96 4.9 1.62
    endloop
  endfacet
  facet normal -1 0 0
    outer loop
      vertex 11.96 5.5 1.23
      vertex 11.96 4.9 1.62
      vertex 11.96 5.5 1.62
    endloop
  endfacet
  facet normal 0 0 -1
    outer loop
      vertex 7.5 -10.25 1.2
      vertex 9.7 -8.75 1.2
      vertex 9.7 -10.25 1.2
    endloop
  endfacet
  facet normal 0 0 -1
    outer loop
      vertex 7.5 -10.25 1.2
      vertex 7.5 -8.75 1.2
      vertex 9.7 -8.75 1.2
    endloop
  endfacet
  facet normal 0 0 1
    outer loop
      vertex 7.5 -10.25 1.32
      vertex 9.7 -10.25 1.32
      vertex 9.7 -8.75 1.32
    endloop
  endfacet
  facet normal 0 0 1
    outer loop
      vertex 7.5 -10.25 1.32
      vertex 9.7 -8.75 1.32
      vertex 7.5 -8.75 1.32
    endloop
  endfacet
  facet normal 0 -1 0
    outer loop
      vertex 7.5 -10.25 1.2
      vertex 9.7 -10.25 1.2
      vertex 9.7 -10.25 1.32
    endloop
  endfacet
  facet normal 0 -1 0
    outer loop
      vertex 7.5 -10.25 1.2
      vertex 9.7 -10.25 1.32
      vertex 7.5 -10.25 1.32
    endloop
  endfacet
  facet normal 1 0 0
    outer loop
      vertex 9.7 -10.25 1.2
      vertex 9.7 -8.75 1.2
      vertex 9.7 -8.75 1.32
    endloop
  endfacet
  facet normal 1 0 0
    outer loop
      vertex 9.7 -10.25 1.2
      vertex 9.7 -8.75 1.32
      vertex 9.7 -10.25 1.32
    endloop
  endfacet
  facet normal 0 1 0
    outer loop
      vertex 9.7 -8.75 1.2
      vertex 7.5 -8.75 1.2
      vertex 7.5 -8.75 1.32
    endloop
  endfacet
  facet normal 0 1 -0
    outer loop
      vertex 9.7 -8.75 1.2
      vertex 7.5 -8.75 1.32
      vertex 9.7 -8.75 1.32
    endloop
  endfacet
  facet normal -1 0 0
    outer loop
      vertex 7.5 -8.75 1.2
      vertex 7.5 -10.25 1.2
      vertex 7.5 -10.25 1.32
    endloop
  endfacet
  facet normal -1 0 0
    outer loop
      vertex 7.5 -8.75 1.2
      vertex 7.5 -10.25 1.32
      vertex 7.5 -8.75 1.32
    endloop
  endfacet
  facet normal 0 0 -1
    outer loop
      vertex 10.9 -10.25 1.2
      vertex 13.1 -8.75 1.2
      vertex 13.1 -10.25 1.2
    endloop
  endfacet
  facet normal 0 0 -1
    outer loop
      vertex 10.9 -10.25 1.2
      vertex 10.9 -8.75 1.2
      vertex 13.1 -8.75 1.2
    endloop
  endfacet
  facet normal 0 0 1
    outer loop
      vertex 10.9 -10.25 1.32
      vertex 13.1 -10.25 1.32
      vertex 13.1 -8.75 1.32
    endloop
  endfacet
  facet normal 0 0 1
    outer loop
      vertex 10.9 -10.25 1.32
      vertex 13.1 -8.75 1.32
      vertex 10.9 -8.75 1.32
    endloop
  endfacet
  facet normal 0 -1 0
    outer loop
      vertex 10.9 -10.25 1.2
      vertex 13.1 -10.25 1.2
      vertex 13.1 -10.25 1.32
    endloop
  endfacet
  facet normal 0 -1 0
    outer loop
      vertex 10.9 -10.25 1.2
      vertex 13.1 -10.25 1.32
      vertex 10.9 -10.25 1.32
    endloop
  endfacet
  facet normal 1 0 0
    outer loop
      vertex 13.1 -10.25 1.2
      vertex 13.1 -8.75 1.2
      vertex 13.1 -8.75 1.32
    endloop
  endfacet
  facet normal 1 0 0
    outer loop
      vertex 13.1 -10.25 1.2
      vertex 13.1 -8.75 1.32
      vertex 13.1 -10.25 1.32
    endloop
  endfacet
  facet normal 0 1 0
    outer loop
      vertex 13.1 -8.75 1.2
      vertex 10.9 -8.75 1.2
      vertex 10.9 -8.75 1.32
    endloop
  endfacet
  facet normal 0 1 -0
    outer loop
      vertex 13.1 -8.75 1.2
      vertex 10.9 -8.75 1.32
      vertex 13.1 -8.75 1.32
    endloop
  endfacet
  facet normal -1 0 0
    outer loop
      vertex 10.9 -8.75 1.2
      vertex 10.9 -10.25 1.2
      vertex 10.9 -10.25 1.32
    endloop
  endfacet
  facet normal -1 0 0
    outer loop
      vertex 10.9 -8.75 1.2
      vertex 10.9 -10.25 1.32
      vertex 10.9 -8.75 1.32
    endloop
  endfacet
  facet normal 0 0 -1
    outer loop
      vertex 13.9 -10.25 1.2
      vertex 16.1 -8.75 1.2
      vertex 16.1 -10.25 1.2
    endloop
  endfacet
  facet normal 0 0 -1
    outer loop
      vertex 13.9 -10.25 1.2
      vertex 13.9 -8.75 1.2
      vertex 16.1 -8.75 1.2
    endloop
  endfacet
  facet normal 0 0 1
    outer loop
      vertex 13.9 -10.25 1.32
      vertex 16.1 -10.25 1.32
      vertex 16.1 -8.75 1.32
    endloop
  endfacet
  facet normal 0 0 1
    outer loop
      vertex 13.9 -10.25 1.32
      vertex 16.1 -8.75 1.32
      vertex 13.9 -8.75 1.32
    endloop
  endfacet
  facet normal 0 -1 0
    outer loop
      vertex 13.9 -10.25 1.2
      vertex 16.1 -10.25 1.2
      vertex 16.1 -10.25 1.32
    endloop
  endfacet
  facet normal 0 -1 0
    outer loop
      vertex 13.9 -10.25 1.2
      vertex 16.1 -10.25 1.32
      vertex 13.9 -10.25 1.32
    endloop
  endfacet
  facet normal 1 0 0
    outer loop
      vertex 16.1 -10.25 1.2
      vertex 16.1 -8.75 1.2
      vertex 16.1 -8.75 1.32
    endloop
  endfacet
  facet normal 1 0 0
    outer loop
      vertex 16.1 -10.25 1.2
      vertex 16.1 -8.75 1.32
      vertex 16.1 -10.25 1.32
    endloop
  endfacet
  facet normal 0 1 0
    outer loop
      vertex 16.1 -8.75 1.2
      vertex 13.9 -8.75 1.2
      vertex 13.9 -8.75 1.32
    endloop
  endfacet
  facet normal 0 1 -0
    outer loop
      vertex 16.1 -8.75 1.2
      vertex 13.9 -8.75 1.32
      vertex 16.1 -8.75 1.32
    endloop
  endfacet
  facet normal -1 0 0
    outer loop
      vertex 13.9 -8.75 1.2
      vertex 13.9 -10.25 1.2
      vertex 13.9 -10.25 1.32
    endloop
  endfacet
  facet normal -1 0 0
    outer loop
      vertex 13.9 -8.75 1.2
      vertex 13.9 -10.25 1.32
      vertex 13.9 -8.75 1.32
    endloop
  endfacet
  facet normal 0 0 -1
    outer loop
      vertex 2.35 -10.2 1.2
      vertex 4.45 -8.8 1.2
      vertex 4.45 -10.2 1.2
    endloop
  endfacet
  facet normal 0 0 -1
    outer loop
      vertex 2.35 -10.2 1.2
      vertex 2.35 -8.8 1.2
      vertex 4.45 -8.8 1.2
    endloop
  endfacet
  facet normal 0 0 1
    outer loop
      vertex 2.35 -10.2 1.32
      vertex 4.45 -10.2 1.32
      vertex 4.45 -8.8 1.32
    endloop
  endfacet
  facet normal 0 0 1
    outer loop
      vertex 2.35 -10.2 1.32
      vertex 4.45 -8.8 1.32
      vertex 2.35 -8.8 1.32
    endloop
  endfacet
  facet normal 0 -1 0
    outer loop
      vertex 2.35 -10.2 1.2
      vertex 4.45 -10.2 1.2
      vertex 4.45 -10.2 1.32
    endloop
  endfacet
  facet normal 0 -1 0
    outer loop
      vertex 2.35 -10.2 1.2
      vertex 4.45 -10.2 1.32
      vertex 2.35 -10.2 1.32
    endloop
  endfacet
  facet normal 1 0 0
    outer loop
      vertex 4.45 -10.2 1.2
      vertex 4.45 -8.8 1.2
      vertex 4.45 -8.8 1.32
    endloop
  endfacet
  facet normal 1 0 0
    outer loop
      vertex 4.45 -10.2 1.2
      vertex 4.45 -8.8 1.32
      vertex 4.45 -10.2 1.32
    endloop
  endfacet
  facet normal 0 1 0
    outer loop
      vertex 4.45 -8.8 1.2
      vertex 2.35 -8.8 1.2
      vertex 2.35 -8.8 1.32
    endloop
  endfacet
  facet normal 0 1 -0
    outer loop
      vertex 4.45 -8.8 1.2
      vertex 2.35 -8.8 1.32
      vertex 4.45 -8.8 1.32
    endloop
  endfacet
  facet normal -1 0 0
    outer loop
      vertex 2.35 -8.8 1.2
      vertex 2.35 -10.2 1.2
      vertex 2.35 -10.2 1.32
    endloop
  endfacet
  facet normal -1 0 0
    outer loop
      vertex 2.35 -8.8 1.2
      vertex 2.35 -10.2 1.32
      vertex 2.35 -8.8 1.32
    endloop
  endfacet
endsolid matek_bec12s_pro
