solid OpenSCAD_Model
  facet normal 0 -0.671593 -0.740921
    outer loop
      vertex 0 -3.77351 -0.848526
      vertex 7.24 -3.68626 -0.927612
      vertex 7.24 -3.77351 -0.848526
    endloop
  endfacet
  facet normal -0 -0.671593 -0.740921
    outer loop
      vertex 7.24 -3.68626 -0.927612
      vertex 0 -3.77351 -0.848526
      vertex 0 -3.68626 -0.927612
    endloop
  endfacet
  facet normal 0 -0.146663 0.989187
    outer loop
      vertex 0 -3.04262 1.19421
      vertex 7.24 -3.1591 1.17694
      vertex 7.24 -3.04262 1.19421
    endloop
  endfacet
  facet normal 0 -0.146663 0.989187
    outer loop
      vertex 7.24 -3.1591 1.17694
      vertex 0 -3.04262 1.19421
      vertex 0 -3.1591 1.17694
    endloop
  endfacet
  facet normal 0 -0.427539 -0.903997
    outer loop
      vertex 0 -3.49066 -1.0583
      vertex 7.24 -3.38422 -1.10864
      vertex 7.24 -3.49066 -1.0583
    endloop
  endfacet
  facet normal -0 -0.427539 -0.903997
    outer loop
      vertex 7.24 -3.38422 -1.10864
      vertex 0 -3.49066 -1.0583
      vertex 0 -3.38422 -1.10864
    endloop
  endfacet
  facet normal 0 -0.0491626 0.998791
    outer loop
      vertex 0 -2.92499 1.2
      vertex 7.24 -3.04262 1.19421
      vertex 7.24 -2.92499 1.2
    endloop
  endfacet
  facet normal 0 -0.0491626 0.998791
    outer loop
      vertex 7.24 -3.04262 1.19421
      vertex 0 -2.92499 1.2
      vertex 0 -3.04262 1.19421
    endloop
  endfacet
  facet normal 0 -0.595657 -0.803239
    outer loop
      vertex 0 -3.68626 -0.927612
      vertex 7.24 -3.59167 -0.997757
      vertex 7.24 -3.68626 -0.927612
    endloop
  endfacet
  facet normal -0 -0.595657 -0.803239
    outer loop
      vertex 7.24 -3.59167 -0.997757
      vertex 0 -3.68626 -0.927612
      vertex 0 -3.59167 -0.997757
    endloop
  endfacet
  facet normal 0 0.998795 -0.0490842
    outer loop
      vertex 7.24 4.11922 -0.117615
      vertex 0 4.125 0
      vertex 7.24 4.125 0
    endloop
  endfacet
  facet normal 0 0.998795 -0.0490842
    outer loop
      vertex 0 4.125 0
      vertex 7.24 4.11922 -0.117615
      vertex 0 4.11922 -0.117615
    endloop
  endfacet
  facet normal 0 0.146663 -0.989187
    outer loop
      vertex 0 3.04262 -1.19421
      vertex 7.24 3.1591 -1.17694
      vertex 7.24 3.04262 -1.19421
    endloop
  endfacet
  facet normal 0 0.146663 -0.989187
    outer loop
      vertex 7.24 3.1591 -1.17694
      vertex 0 3.04262 -1.19421
      vertex 0 3.1591 -1.17694
    endloop
  endfacet
  facet normal 0 -0.803175 -0.595743
    outer loop
      vertex 0 -3.8526 -0.761261
      vertex 7.24 -3.92276 -0.666672
      vertex 0 -3.92276 -0.666672
    endloop
  endfacet
  facet normal 0 -0.803175 -0.595743
    outer loop
      vertex 7.24 -3.92276 -0.666672
      vertex 0 -3.8526 -0.761261
      vertex 7.24 -3.8526 -0.761261
    endloop
  endfacet
  facet normal 0 0.803175 -0.595743
    outer loop
      vertex 7.24 3.8526 -0.761261
      vertex 0 3.92276 -0.666672
      vertex 7.24 3.92276 -0.666672
    endloop
  endfacet
  facet normal 0 0.803175 -0.595743
    outer loop
      vertex 0 3.92276 -0.666672
      vertex 7.24 3.8526 -0.761261
      vertex 0 3.8526 -0.761261
    endloop
  endfacet
  facet normal 0 0 -1
    outer loop
      vertex 0 -2.92499 -1.2
      vertex 7.24 2.92499 -1.2
      vertex 7.24 -2.92499 -1.2
    endloop
  endfacet
  facet normal -0 0 -1
    outer loop
      vertex 7.24 2.92499 -1.2
      vertex 0 -2.92499 -1.2
      vertex 0 2.92499 -1.2
    endloop
  endfacet
  facet normal -0 0 1
    outer loop
      vertex 0 2.92499 1.2
      vertex 7.24 -2.92499 1.2
      vertex 7.24 2.92499 1.2
    endloop
  endfacet
  facet normal 0 0 1
    outer loop
      vertex 7.24 -2.92499 1.2
      vertex 0 2.92499 1.2
      vertex 0 -2.92499 1.2
    endloop
  endfacet
  facet normal 0 0.989163 -0.146823
    outer loop
      vertex 7.24 4.10193 -0.2341
      vertex 0 4.11922 -0.117615
      vertex 7.24 4.11922 -0.117615
    endloop
  endfacet
  facet normal 0 0.989163 -0.146823
    outer loop
      vertex 0 4.11922 -0.117615
      vertex 7.24 4.10193 -0.2341
      vertex 0 4.10193 -0.2341
    endloop
  endfacet
  facet normal -0 0.336912 0.941536
    outer loop
      vertex 0 3.38422 1.10864
      vertex 7.24 3.27333 1.14832
      vertex 7.24 3.38422 1.10864
    endloop
  endfacet
  facet normal 0 0.336912 0.941536
    outer loop
      vertex 7.24 3.27333 1.14832
      vertex 0 3.38422 1.10864
      vertex 0 3.27333 1.14832
    endloop
  endfacet
  facet normal 0 0.740961 0.671548
    outer loop
      vertex 7.24 3.8526 0.761261
      vertex 0 3.77351 0.848526
      vertex 7.24 3.77351 0.848526
    endloop
  endfacet
  facet normal 0 0.740961 0.671548
    outer loop
      vertex 0 3.77351 0.848526
      vertex 7.24 3.8526 0.761261
      vertex 0 3.8526 0.761261
    endloop
  endfacet
  facet normal 0 -0.514102 0.857729
    outer loop
      vertex 0 -3.49066 1.0583
      vertex 7.24 -3.59167 0.997757
      vertex 7.24 -3.49066 1.0583
    endloop
  endfacet
  facet normal 0 -0.514102 0.857729
    outer loop
      vertex 7.24 -3.59167 0.997757
      vertex 0 -3.49066 1.0583
      vertex 0 -3.59167 0.997757
    endloop
  endfacet
  facet normal 0 -0.740961 0.671548
    outer loop
      vertex 0 -3.8526 0.761261
      vertex 7.24 -3.77351 0.848526
      vertex 0 -3.77351 0.848526
    endloop
  endfacet
  facet normal 0 -0.740961 0.671548
    outer loop
      vertex 7.24 -3.77351 0.848526
      vertex 0 -3.8526 0.761261
      vertex 7.24 -3.8526 0.761261
    endloop
  endfacet
  facet normal -0 0.146663 0.989187
    outer loop
      vertex 0 3.1591 1.17694
      vertex 7.24 3.04262 1.19421
      vertex 7.24 3.1591 1.17694
    endloop
  endfacet
  facet normal 0 0.146663 0.989187
    outer loop
      vertex 7.24 3.04262 1.19421
      vertex 0 3.1591 1.17694
      vertex 0 3.04262 1.19421
    endloop
  endfacet
  facet normal 0 -0.146663 -0.989187
    outer loop
      vertex 0 -3.1591 -1.17694
      vertex 7.24 -3.04262 -1.19421
      vertex 7.24 -3.1591 -1.17694
    endloop
  endfacet
  facet normal -0 -0.146663 -0.989187
    outer loop
      vertex 7.24 -3.04262 -1.19421
      vertex 0 -3.1591 -1.17694
      vertex 0 -3.04262 -1.19421
    endloop
  endfacet
  facet normal 0 0.989163 0.146823
    outer loop
      vertex 7.24 4.11922 0.117615
      vertex 0 4.10193 0.2341
      vertex 7.24 4.10193 0.2341
    endloop
  endfacet
  facet normal 0 0.989163 0.146823
    outer loop
      vertex 0 4.10193 0.2341
      vertex 7.24 4.11922 0.117615
      vertex 0 4.11922 0.117615
    endloop
  endfacet
  facet normal 0 0.970037 0.242959
    outer loop
      vertex 7.24 4.10193 0.2341
      vertex 0 4.07332 0.348328
      vertex 7.24 4.07332 0.348328
    endloop
  endfacet
  facet normal 0 0.970037 0.242959
    outer loop
      vertex 0 4.07332 0.348328
      vertex 7.24 4.10193 0.2341
      vertex 0 4.10193 0.2341
    endloop
  endfacet
  facet normal -0 0.0491626 0.998791
    outer loop
      vertex 0 3.04262 1.19421
      vertex 7.24 2.92499 1.2
      vertex 7.24 3.04262 1.19421
    endloop
  endfacet
  facet normal 0 0.0491626 0.998791
    outer loop
      vertex 7.24 2.92499 1.2
      vertex 0 3.04262 1.19421
      vertex 0 2.92499 1.2
    endloop
  endfacet
  facet normal 0 0.0491626 -0.998791
    outer loop
      vertex 0 2.92499 -1.2
      vertex 7.24 3.04262 -1.19421
      vertex 7.24 2.92499 -1.2
    endloop
  endfacet
  facet normal 0 0.0491626 -0.998791
    outer loop
      vertex 7.24 3.04262 -1.19421
      vertex 0 2.92499 -1.2
      vertex 0 3.04262 -1.19421
    endloop
  endfacet
  facet normal 0 -0.970037 0.242959
    outer loop
      vertex 0 -4.10193 0.2341
      vertex 7.24 -4.07332 0.348328
      vertex 0 -4.07332 0.348328
    endloop
  endfacet
  facet normal 0 -0.970037 0.242959
    outer loop
      vertex 7.24 -4.07332 0.348328
      vertex 0 -4.10193 0.2341
      vertex 7.24 -4.10193 0.2341
    endloop
  endfacet
  facet normal 0 -0.970037 -0.242959
    outer loop
      vertex 0 -4.07332 -0.348328
      vertex 7.24 -4.10193 -0.2341
      vertex 0 -4.10193 -0.2341
    endloop
  endfacet
  facet normal 0 -0.970037 -0.242959
    outer loop
      vertex 7.24 -4.10193 -0.2341
      vertex 0 -4.07332 -0.348328
      vertex 7.24 -4.07332 -0.348328
    endloop
  endfacet
  facet normal 0 0.941558 -0.33685
    outer loop
      vertex 7.24 4.03365 -0.459213
      vertex 0 4.07332 -0.348328
      vertex 7.24 4.07332 -0.348328
    endloop
  endfacet
  facet normal 0 0.941558 -0.33685
    outer loop
      vertex 0 4.07332 -0.348328
      vertex 7.24 4.03365 -0.459213
      vertex 0 4.03365 -0.459213
    endloop
  endfacet
  facet normal 0 0.243035 -0.970017
    outer loop
      vertex 0 3.1591 -1.17694
      vertex 7.24 3.27333 -1.14832
      vertex 7.24 3.1591 -1.17694
    endloop
  endfacet
  facet normal 0 0.243035 -0.970017
    outer loop
      vertex 7.24 3.27333 -1.14832
      vertex 0 3.1591 -1.17694
      vertex 0 3.27333 -1.14832
    endloop
  endfacet
  facet normal 0 0.941558 0.33685
    outer loop
      vertex 7.24 4.07332 0.348328
      vertex 0 4.03365 0.459213
      vertex 7.24 4.03365 0.459213
    endloop
  endfacet
  facet normal 0 0.941558 0.33685
    outer loop
      vertex 0 4.03365 0.459213
      vertex 7.24 4.07332 0.348328
      vertex 0 4.07332 0.348328
    endloop
  endfacet
  facet normal 0 0.336912 -0.941536
    outer loop
      vertex 0 3.27333 -1.14832
      vertex 7.24 3.38422 -1.10864
      vertex 7.24 3.27333 -1.14832
    endloop
  endfacet
  facet normal 0 0.336912 -0.941536
    outer loop
      vertex 7.24 3.38422 -1.10864
      vertex 0 3.27333 -1.14832
      vertex 0 3.38422 -1.10864
    endloop
  endfacet
  facet normal 0 -0.857751 0.514066
    outer loop
      vertex 0 -3.98329 0.565674
      vertex 7.24 -3.92276 0.666672
      vertex 0 -3.92276 0.666672
    endloop
  endfacet
  facet normal 0 -0.857751 0.514066
    outer loop
      vertex 7.24 -3.92276 0.666672
      vertex 0 -3.98329 0.565674
      vertex 7.24 -3.98329 0.565674
    endloop
  endfacet
  facet normal -0 0.595657 0.803239
    outer loop
      vertex 0 3.68626 0.927612
      vertex 7.24 3.59167 0.997757
      vertex 7.24 3.68626 0.927612
    endloop
  endfacet
  facet normal 0 0.595657 0.803239
    outer loop
      vertex 7.24 3.59167 0.997757
      vertex 0 3.68626 0.927612
      vertex 0 3.59167 0.997757
    endloop
  endfacet
  facet normal 0 -0.243035 0.970017
    outer loop
      vertex 0 -3.1591 1.17694
      vertex 7.24 -3.27333 1.14832
      vertex 7.24 -3.1591 1.17694
    endloop
  endfacet
  facet normal 0 -0.243035 0.970017
    outer loop
      vertex 7.24 -3.27333 1.14832
      vertex 0 -3.1591 1.17694
      vertex 0 -3.27333 1.14832
    endloop
  endfacet
  facet normal 0 -0.243035 -0.970017
    outer loop
      vertex 0 -3.27333 -1.14832
      vertex 7.24 -3.1591 -1.17694
      vertex 7.24 -3.27333 -1.14832
    endloop
  endfacet
  facet normal -0 -0.243035 -0.970017
    outer loop
      vertex 7.24 -3.1591 -1.17694
      vertex 0 -3.27333 -1.14832
      vertex 0 -3.1591 -1.17694
    endloop
  endfacet
  facet normal 0 -0.989163 0.146823
    outer loop
      vertex 0 -4.11922 0.117615
      vertex 7.24 -4.10193 0.2341
      vertex 0 -4.10193 0.2341
    endloop
  endfacet
  facet normal 0 -0.989163 0.146823
    outer loop
      vertex 7.24 -4.10193 0.2341
      vertex 0 -4.11922 0.117615
      vertex 7.24 -4.11922 0.117615
    endloop
  endfacet
  facet normal -0 0.671593 0.740921
    outer loop
      vertex 0 3.77351 0.848526
      vertex 7.24 3.68626 0.927612
      vertex 7.24 3.77351 0.848526
    endloop
  endfacet
  facet normal 0 0.671593 0.740921
    outer loop
      vertex 7.24 3.68626 0.927612
      vertex 0 3.77351 0.848526
      vertex 0 3.68626 0.927612
    endloop
  endfacet
  facet normal 0 0.514102 -0.857729
    outer loop
      vertex 0 3.49066 -1.0583
      vertex 7.24 3.59167 -0.997757
      vertex 7.24 3.49066 -1.0583
    endloop
  endfacet
  facet normal 0 0.514102 -0.857729
    outer loop
      vertex 7.24 3.59167 -0.997757
      vertex 0 3.49066 -1.0583
      vertex 0 3.59167 -0.997757
    endloop
  endfacet
  facet normal 0 -0.998795 0.0490842
    outer loop
      vertex 0 -4.125 0
      vertex 7.24 -4.11922 0.117615
      vertex 0 -4.11922 0.117615
    endloop
  endfacet
  facet normal 0 -0.998795 0.0490842
    outer loop
      vertex 7.24 -4.11922 0.117615
      vertex 0 -4.125 0
      vertex 7.24 -4.125 0
    endloop
  endfacet
  facet normal 0 -0.0491626 -0.998791
    outer loop
      vertex 0 -3.04262 -1.19421
      vertex 7.24 -2.92499 -1.2
      vertex 7.24 -3.04262 -1.19421
    endloop
  endfacet
  facet normal -0 -0.0491626 -0.998791
    outer loop
      vertex 7.24 -2.92499 -1.2
      vertex 0 -3.04262 -1.19421
      vertex 0 -2.92499 -1.2
    endloop
  endfacet
  facet normal 0 -0.941558 0.33685
    outer loop
      vertex 0 -4.07332 0.348328
      vertex 7.24 -4.03365 0.459213
      vertex 0 -4.03365 0.459213
    endloop
  endfacet
  facet normal 0 -0.941558 0.33685
    outer loop
      vertex 7.24 -4.03365 0.459213
      vertex 0 -4.07332 0.348328
      vertex 7.24 -4.07332 0.348328
    endloop
  endfacet
  facet normal -0 0.427539 0.903997
    outer loop
      vertex 0 3.49066 1.0583
      vertex 7.24 3.38422 1.10864
      vertex 7.24 3.49066 1.0583
    endloop
  endfacet
  facet normal 0 0.427539 0.903997
    outer loop
      vertex 7.24 3.38422 1.10864
      vertex 0 3.49066 1.0583
      vertex 0 3.38422 1.10864
    endloop
  endfacet
  facet normal 0 0.903964 -0.427609
    outer loop
      vertex 7.24 3.98329 -0.565674
      vertex 0 4.03365 -0.459213
      vertex 7.24 4.03365 -0.459213
    endloop
  endfacet
  facet normal 0 0.903964 -0.427609
    outer loop
      vertex 0 4.03365 -0.459213
      vertex 7.24 3.98329 -0.565674
      vertex 0 3.98329 -0.565674
    endloop
  endfacet
  facet normal -0 0.514102 0.857729
    outer loop
      vertex 0 3.59167 0.997757
      vertex 7.24 3.49066 1.0583
      vertex 7.24 3.59167 0.997757
    endloop
  endfacet
  facet normal 0 0.514102 0.857729
    outer loop
      vertex 7.24 3.49066 1.0583
      vertex 0 3.59167 0.997757
      vertex 0 3.49066 1.0583
    endloop
  endfacet
  facet normal -0 0.243035 0.970017
    outer loop
      vertex 0 3.27333 1.14832
      vertex 7.24 3.1591 1.17694
      vertex 7.24 3.27333 1.14832
    endloop
  endfacet
  facet normal 0 0.243035 0.970017
    outer loop
      vertex 7.24 3.1591 1.17694
      vertex 0 3.27333 1.14832
      vertex 0 3.1591 1.17694
    endloop
  endfacet
  facet normal 0 0.970037 -0.242959
    outer loop
      vertex 7.24 4.07332 -0.348328
      vertex 0 4.10193 -0.2341
      vertex 7.24 4.10193 -0.2341
    endloop
  endfacet
  facet normal 0 0.970037 -0.242959
    outer loop
      vertex 0 4.10193 -0.2341
      vertex 7.24 4.07332 -0.348328
      vertex 0 4.07332 -0.348328
    endloop
  endfacet
  facet normal 0 -0.740961 -0.671548
    outer loop
      vertex 0 -3.77351 -0.848526
      vertex 7.24 -3.8526 -0.761261
      vertex 0 -3.8526 -0.761261
    endloop
  endfacet
  facet normal 0 -0.740961 -0.671548
    outer loop
      vertex 7.24 -3.8526 -0.761261
      vertex 0 -3.77351 -0.848526
      vertex 7.24 -3.77351 -0.848526
    endloop
  endfacet
  facet normal 0 -0.941558 -0.33685
    outer loop
      vertex 0 -4.03365 -0.459213
      vertex 7.24 -4.07332 -0.348328
      vertex 0 -4.07332 -0.348328
    endloop
  endfacet
  facet normal 0 -0.941558 -0.33685
    outer loop
      vertex 7.24 -4.07332 -0.348328
      vertex 0 -4.03365 -0.459213
      vertex 7.24 -4.03365 -0.459213
    endloop
  endfacet
  facet normal 0 0.857751 0.514066
    outer loop
      vertex 7.24 3.98329 0.565674
      vertex 0 3.92276 0.666672
      vertex 7.24 3.92276 0.666672
    endloop
  endfacet
  facet normal 0 0.857751 0.514066
    outer loop
      vertex 0 3.92276 0.666672
      vertex 7.24 3.98329 0.565674
      vertex 0 3.98329 0.565674
    endloop
  endfacet
  facet normal 0 -0.514102 -0.857729
    outer loop
      vertex 0 -3.59167 -0.997757
      vertex 7.24 -3.49066 -1.0583
      vertex 7.24 -3.59167 -0.997757
    endloop
  endfacet
  facet normal -0 -0.514102 -0.857729
    outer loop
      vertex 7.24 -3.49066 -1.0583
      vertex 0 -3.59167 -0.997757
      vertex 0 -3.49066 -1.0583
    endloop
  endfacet
  facet normal 0 -0.336912 -0.941536
    outer loop
      vertex 0 -3.38422 -1.10864
      vertex 7.24 -3.27333 -1.14832
      vertex 7.24 -3.38422 -1.10864
    endloop
  endfacet
  facet normal -0 -0.336912 -0.941536
    outer loop
      vertex 7.24 -3.27333 -1.14832
      vertex 0 -3.38422 -1.10864
      vertex 0 -3.27333 -1.14832
    endloop
  endfacet
  facet normal 0 -0.903964 0.427609
    outer loop
      vertex 0 -4.03365 0.459213
      vertex 7.24 -3.98329 0.565674
      vertex 0 -3.98329 0.565674
    endloop
  endfacet
  facet normal 0 -0.903964 0.427609
    outer loop
      vertex 7.24 -3.98329 0.565674
      vertex 0 -4.03365 0.459213
      vertex 7.24 -4.03365 0.459213
    endloop
  endfacet
  facet normal 0 0.803175 0.595743
    outer loop
      vertex 7.24 3.92276 0.666672
      vertex 0 3.8526 0.761261
      vertex 7.24 3.8526 0.761261
    endloop
  endfacet
  facet normal 0 0.803175 0.595743
    outer loop
      vertex 0 3.8526 0.761261
      vertex 7.24 3.92276 0.666672
      vertex 0 3.92276 0.666672
    endloop
  endfacet
  facet normal 0 -0.595657 0.803239
    outer loop
      vertex 0 -3.59167 0.997757
      vertex 7.24 -3.68626 0.927612
      vertex 7.24 -3.59167 0.997757
    endloop
  endfacet
  facet normal 0 -0.595657 0.803239
    outer loop
      vertex 7.24 -3.68626 0.927612
      vertex 0 -3.59167 0.997757
      vertex 0 -3.68626 0.927612
    endloop
  endfacet
  facet normal -1 0 0
    outer loop
      vertex 7.24 3.67123 -0.0814514
      vertex 7.24 3.67499 0.00498962
      vertex 7.24 3.67499 -0.00498962
    endloop
  endfacet
  facet normal -1 0 0
    outer loop
      vertex 7.24 3.67123 -0.0814514
      vertex 7.24 3.67123 0.0814514
      vertex 7.24 3.67499 0.00498962
    endloop
  endfacet
  facet normal -1 0 0
    outer loop
      vertex 7.24 3.66 -0.157166
      vertex 7.24 3.67123 0.0814514
      vertex 7.24 3.67123 -0.0814514
    endloop
  endfacet
  facet normal -1 0 0
    outer loop
      vertex 7.24 3.66 -0.157166
      vertex 7.24 3.66 0.157166
      vertex 7.24 3.67123 0.0814514
    endloop
  endfacet
  facet normal -1 0 0
    outer loop
      vertex 7.24 3.6414 -0.231415
      vertex 7.24 3.66 0.157166
      vertex 7.24 3.66 -0.157166
    endloop
  endfacet
  facet normal -1 0 0
    outer loop
      vertex 7.24 3.6414 -0.231415
      vertex 7.24 3.6414 0.231415
      vertex 7.24 3.66 0.157166
    endloop
  endfacet
  facet normal -1 0 0
    outer loop
      vertex 7.24 3.61562 -0.303482
      vertex 7.24 3.6414 0.231415
      vertex 7.24 3.6414 -0.231415
    endloop
  endfacet
  facet normal -1 0 0
    outer loop
      vertex 7.24 3.61562 -0.303482
      vertex 7.24 3.61562 0.303482
      vertex 7.24 3.6414 0.231415
    endloop
  endfacet
  facet normal -1 0 0
    outer loop
      vertex 7.24 3.58289 -0.372681
      vertex 7.24 3.61562 0.303482
      vertex 7.24 3.61562 -0.303482
    endloop
  endfacet
  facet normal -1 0 0
    outer loop
      vertex 7.24 3.58289 -0.372681
      vertex 7.24 3.58289 0.372681
      vertex 7.24 3.61562 0.303482
    endloop
  endfacet
  facet normal -1 0 0
    outer loop
      vertex 7.24 3.54353 -0.438339
      vertex 7.24 3.58289 0.372681
      vertex 7.24 3.58289 -0.372681
    endloop
  endfacet
  facet normal -1 0 0
    outer loop
      vertex 7.24 3.54353 -0.438339
      vertex 7.24 3.54353 0.438339
      vertex 7.24 3.58289 0.372681
    endloop
  endfacet
  facet normal -1 0 0
    outer loop
      vertex 7.24 3.49794 -0.499817
      vertex 7.24 3.54353 0.438339
      vertex 7.24 3.54353 -0.438339
    endloop
  endfacet
  facet normal -1 0 0
    outer loop
      vertex 7.24 3.49794 -0.499817
      vertex 7.24 3.49794 0.499817
      vertex 7.24 3.54353 0.438339
    endloop
  endfacet
  facet normal -1 0 0
    outer loop
      vertex 7.24 3.44653 -0.556534
      vertex 7.24 3.49794 0.499817
      vertex 7.24 3.49794 -0.499817
    endloop
  endfacet
  facet normal -1 0 0
    outer loop
      vertex 7.24 3.44653 -0.556534
      vertex 7.24 3.44653 0.556534
      vertex 7.24 3.49794 0.499817
    endloop
  endfacet
  facet normal -1 0 0
    outer loop
      vertex 7.24 3.38982 -0.607941
      vertex 7.24 3.44653 0.556534
      vertex 7.24 3.44653 -0.556534
    endloop
  endfacet
  facet normal -1 0 0
    outer loop
      vertex 7.24 3.38982 -0.607941
      vertex 7.24 3.38982 0.607941
      vertex 7.24 3.44653 0.556534
    endloop
  endfacet
  facet normal -1 0 0
    outer loop
      vertex 7.24 3.32834 -0.653534
      vertex 7.24 3.38982 0.607941
      vertex 7.24 3.38982 -0.607941
    endloop
  endfacet
  facet normal -1 0 0
    outer loop
      vertex 7.24 3.32834 -0.653534
      vertex 7.24 3.32834 0.653534
      vertex 7.24 3.38982 0.607941
    endloop
  endfacet
  facet normal -1 0 0
    outer loop
      vertex 7.24 3.26268 -0.692886
      vertex 7.24 3.32834 0.653534
      vertex 7.24 3.32834 -0.653534
    endloop
  endfacet
  facet normal -1 0 0
    outer loop
      vertex 7.24 3.26268 -0.692886
      vertex 7.24 3.26268 0.692886
      vertex 7.24 3.32834 0.653534
    endloop
  endfacet
  facet normal -1 0 0
    outer loop
      vertex 7.24 3.19348 -0.725616
      vertex 7.24 3.26268 0.692886
      vertex 7.24 3.26268 -0.692886
    endloop
  endfacet
  facet normal -1 0 0
    outer loop
      vertex 7.24 3.19348 -0.725616
      vertex 7.24 3.19348 0.725616
      vertex 7.24 3.26268 0.692886
    endloop
  endfacet
  facet normal -1 0 0
    outer loop
      vertex 7.24 3.12141 -0.751404
      vertex 7.24 3.19348 0.725616
      vertex 7.24 3.19348 -0.725616
    endloop
  endfacet
  facet normal -1 0 0
    outer loop
      vertex 7.24 3.12141 -0.751404
      vertex 7.24 3.12141 0.751404
      vertex 7.24 3.19348 0.725616
    endloop
  endfacet
  facet normal -1 0 0
    outer loop
      vertex 7.24 3.04716 -0.770004
      vertex 7.24 3.12141 0.751404
      vertex 7.24 3.12141 -0.751404
    endloop
  endfacet
  facet normal -1 0 0
    outer loop
      vertex 7.24 3.04716 -0.770004
      vertex 7.24 3.04716 0.770004
      vertex 7.24 3.12141 0.751404
    endloop
  endfacet
  facet normal -1 0 0
    outer loop
      vertex 7.24 2.97145 -0.781235
      vertex 7.24 3.04716 0.770004
      vertex 7.24 3.04716 -0.770004
    endloop
  endfacet
  facet normal -1 0 0
    outer loop
      vertex 7.24 2.97145 -0.781235
      vertex 7.24 2.97145 0.781235
      vertex 7.24 3.04716 0.770004
    endloop
  endfacet
  facet normal -1 0 0
    outer loop
      vertex 7.24 2.89499 -0.784988
      vertex 7.24 2.97145 0.781235
      vertex 7.24 2.97145 -0.781235
    endloop
  endfacet
  facet normal -1 0 0
    outer loop
      vertex 7.24 2.89499 -0.784988
      vertex 7.24 2.89499 0.784988
      vertex 7.24 2.97145 0.781235
    endloop
  endfacet
  facet normal -1 0 0
    outer loop
      vertex 7.24 -2.89499 -0.784988
      vertex 7.24 2.89499 0.784988
      vertex 7.24 2.89499 -0.784988
    endloop
  endfacet
  facet normal -1 0 0
    outer loop
      vertex 7.24 -2.89499 -0.784988
      vertex 7.24 -2.89499 0.784988
      vertex 7.24 2.89499 0.784988
    endloop
  endfacet
  facet normal -1 0 0
    outer loop
      vertex 7.24 -2.97145 -0.781235
      vertex 7.24 -2.89499 0.784988
      vertex 7.24 -2.89499 -0.784988
    endloop
  endfacet
  facet normal -1 0 0
    outer loop
      vertex 7.24 -2.97145 -0.781235
      vertex 7.24 -2.97145 0.781235
      vertex 7.24 -2.89499 0.784988
    endloop
  endfacet
  facet normal -1 0 0
    outer loop
      vertex 7.24 -3.04716 -0.770004
      vertex 7.24 -2.97145 0.781235
      vertex 7.24 -2.97145 -0.781235
    endloop
  endfacet
  facet normal -1 0 0
    outer loop
      vertex 7.24 -3.04716 -0.770004
      vertex 7.24 -3.04716 0.770004
      vertex 7.24 -2.97145 0.781235
    endloop
  endfacet
  facet normal -1 0 0
    outer loop
      vertex 7.24 -3.12141 -0.751404
      vertex 7.24 -3.04716 0.770004
      vertex 7.24 -3.04716 -0.770004
    endloop
  endfacet
  facet normal -1 0 0
    outer loop
      vertex 7.24 -3.12141 -0.751404
      vertex 7.24 -3.12141 0.751404
      vertex 7.24 -3.04716 0.770004
    endloop
  endfacet
  facet normal -1 0 0
    outer loop
      vertex 7.24 -3.19348 -0.725616
      vertex 7.24 -3.12141 0.751404
      vertex 7.24 -3.12141 -0.751404
    endloop
  endfacet
  facet normal -1 0 0
    outer loop
      vertex 7.24 -3.19348 -0.725616
      vertex 7.24 -3.19348 0.725616
      vertex 7.24 -3.12141 0.751404
    endloop
  endfacet
  facet normal -1 0 0
    outer loop
      vertex 7.24 -3.26268 -0.692886
      vertex 7.24 -3.19348 0.725616
      vertex 7.24 -3.19348 -0.725616
    endloop
  endfacet
  facet normal -1 0 0
    outer loop
      vertex 7.24 -3.26268 -0.692886
      vertex 7.24 -3.26268 0.692886
      vertex 7.24 -3.19348 0.725616
    endloop
  endfacet
  facet normal -1 0 0
    outer loop
      vertex 7.24 -3.32834 -0.653534
      vertex 7.24 -3.26268 0.692886
      vertex 7.24 -3.26268 -0.692886
    endloop
  endfacet
  facet normal -1 0 0
    outer loop
      vertex 7.24 -3.32834 -0.653534
      vertex 7.24 -3.32834 0.653534
      vertex 7.24 -3.26268 0.692886
    endloop
  endfacet
  facet normal -1 0 0
    outer loop
      vertex 7.24 -3.38982 -0.607941
      vertex 7.24 -3.32834 0.653534
      vertex 7.24 -3.32834 -0.653534
    endloop
  endfacet
  facet normal -1 0 0
    outer loop
      vertex 7.24 -3.38982 -0.607941
      vertex 7.24 -3.38982 0.607941
      vertex 7.24 -3.32834 0.653534
    endloop
  endfacet
  facet normal -1 0 0
    outer loop
      vertex 7.24 -3.44653 -0.556534
      vertex 7.24 -3.38982 0.607941
      vertex 7.24 -3.38982 -0.607941
    endloop
  endfacet
  facet normal -1 0 0
    outer loop
      vertex 7.24 -3.44653 -0.556534
      vertex 7.24 -3.44653 0.556534
      vertex 7.24 -3.38982 0.607941
    endloop
  endfacet
  facet normal -1 0 0
    outer loop
      vertex 7.24 -3.49794 -0.499817
      vertex 7.24 -3.44653 0.556534
      vertex 7.24 -3.44653 -0.556534
    endloop
  endfacet
  facet normal -1 0 0
    outer loop
      vertex 7.24 -3.49794 -0.499817
      vertex 7.24 -3.49794 0.499817
      vertex 7.24 -3.44653 0.556534
    endloop
  endfacet
  facet normal -1 0 0
    outer loop
      vertex 7.24 -3.54353 -0.438339
      vertex 7.24 -3.49794 0.499817
      vertex 7.24 -3.49794 -0.499817
    endloop
  endfacet
  facet normal -1 0 0
    outer loop
      vertex 7.24 -3.54353 -0.438339
      vertex 7.24 -3.54353 0.438339
      vertex 7.24 -3.49794 0.499817
    endloop
  endfacet
  facet normal -1 0 0
    outer loop
      vertex 7.24 -3.58289 -0.372681
      vertex 7.24 -3.54353 0.438339
      vertex 7.24 -3.54353 -0.438339
    endloop
  endfacet
  facet normal -1 0 0
    outer loop
      vertex 7.24 -3.58289 -0.372681
      vertex 7.24 -3.58289 0.372681
      vertex 7.24 -3.54353 0.438339
    endloop
  endfacet
  facet normal -1 0 0
    outer loop
      vertex 7.24 -3.61562 -0.303482
      vertex 7.24 -3.58289 0.372681
      vertex 7.24 -3.58289 -0.372681
    endloop
  endfacet
  facet normal -1 0 0
    outer loop
      vertex 7.24 -3.61562 -0.303482
      vertex 7.24 -3.61562 0.303482
      vertex 7.24 -3.58289 0.372681
    endloop
  endfacet
  facet normal -1 0 0
    outer loop
      vertex 7.24 -3.6414 -0.231415
      vertex 7.24 -3.61562 0.303482
      vertex 7.24 -3.61562 -0.303482
    endloop
  endfacet
  facet normal -1 0 0
    outer loop
      vertex 7.24 -3.6414 -0.231415
      vertex 7.24 -3.6414 0.231415
      vertex 7.24 -3.61562 0.303482
    endloop
  endfacet
  facet normal -1 0 0
    outer loop
      vertex 7.24 -3.66 -0.157166
      vertex 7.24 -3.6414 0.231415
      vertex 7.24 -3.6414 -0.231415
    endloop
  endfacet
  facet normal -1 0 0
    outer loop
      vertex 7.24 -3.66 -0.157166
      vertex 7.24 -3.66 0.157166
      vertex 7.24 -3.6414 0.231415
    endloop
  endfacet
  facet normal -1 0 0
    outer loop
      vertex 7.24 -3.67123 -0.0814514
      vertex 7.24 -3.66 0.157166
      vertex 7.24 -3.66 -0.157166
    endloop
  endfacet
  facet normal -1 0 0
    outer loop
      vertex 7.24 -3.67123 -0.0814514
      vertex 7.24 -3.67123 0.0814514
      vertex 7.24 -3.66 0.157166
    endloop
  endfacet
  facet normal -1 0 0
    outer loop
      vertex 7.24 -3.67499 -0.00498962
      vertex 7.24 -3.67123 0.0814514
      vertex 7.24 -3.67123 -0.0814514
    endloop
  endfacet
  facet normal -1 0 0
    outer loop
      vertex 7.24 -3.67123 0.0814514
      vertex 7.24 -3.67499 -0.00498962
      vertex 7.24 -3.67499 0.00498962
    endloop
  endfacet
  facet normal -1 0 0
    outer loop
      vertex 7.24 4.11922 -0.117615
      vertex 7.24 5.325 0
      vertex 7.24 5.31126 -0.279343
    endloop
  endfacet
  facet normal -1 0 0
    outer loop
      vertex 7.24 4.10193 -0.2341
      vertex 7.24 5.31126 -0.279343
      vertex 7.24 5.27023 -0.556
    endloop
  endfacet
  facet normal -1 -0 0
    outer loop
      vertex 7.24 5.325 0
      vertex 7.24 4.11922 -0.117615
      vertex 7.24 4.125 0
    endloop
  endfacet
  facet normal -1 0 0
    outer loop
      vertex 7.24 4.07332 -0.348328
      vertex 7.24 5.27023 -0.556
      vertex 7.24 5.20227 -0.827301
    endloop
  endfacet
  facet normal -1 0 0
    outer loop
      vertex 7.24 4.11922 0.117615
      vertex 7.24 5.325 0
      vertex 7.24 4.125 0
    endloop
  endfacet
  facet normal -1 0 0
    outer loop
      vertex 7.24 4.03365 -0.459213
      vertex 7.24 5.20227 -0.827301
      vertex 7.24 5.10805 -1.09064
    endloop
  endfacet
  facet normal -1 0 0
    outer loop
      vertex 7.24 5.325 0
      vertex 7.24 4.11922 0.117615
      vertex 7.24 5.31126 0.279343
    endloop
  endfacet
  facet normal -1 0 0
    outer loop
      vertex 7.24 3.92276 -0.666672
      vertex 7.24 5.10805 -1.09064
      vertex 7.24 4.98846 -1.34348
    endloop
  endfacet
  facet normal -1 0 0
    outer loop
      vertex 7.24 4.10193 0.2341
      vertex 7.24 5.31126 0.279343
      vertex 7.24 4.11922 0.117615
    endloop
  endfacet
  facet normal -1 0 0
    outer loop
      vertex 7.24 3.8526 -0.761261
      vertex 7.24 4.98846 -1.34348
      vertex 7.24 4.84468 -1.58337
    endloop
  endfacet
  facet normal -1 -0 0
    outer loop
      vertex 7.24 5.31126 0.279343
      vertex 7.24 4.10193 0.2341
      vertex 7.24 5.27023 0.556
    endloop
  endfacet
  facet normal -1 0 0
    outer loop
      vertex 7.24 3.77351 -0.848526
      vertex 7.24 4.84468 -1.58337
      vertex 7.24 4.67807 -1.80801
    endloop
  endfacet
  facet normal -1 -0 0
    outer loop
      vertex 7.24 5.27023 0.556
      vertex 7.24 4.07332 0.348328
      vertex 7.24 5.20227 0.827301
    endloop
  endfacet
  facet normal -1 0 0
    outer loop
      vertex 7.24 3.68626 -0.927612
      vertex 7.24 4.67807 -1.80801
      vertex 7.24 4.49025 -2.01524
    endloop
  endfacet
  facet normal -1 0 0
    outer loop
      vertex 7.24 4.03365 0.459213
      vertex 7.24 5.20227 0.827301
      vertex 7.24 4.07332 0.348328
    endloop
  endfacet
  facet normal -1 0 0
    outer loop
      vertex 7.24 3.59167 -0.997757
      vertex 7.24 4.49025 -2.01524
      vertex 7.24 4.28302 -2.20308
    endloop
  endfacet
  facet normal -1 -0 0
    outer loop
      vertex 7.24 5.20227 0.827301
      vertex 7.24 4.03365 0.459213
      vertex 7.24 5.10805 1.09064
    endloop
  endfacet
  facet normal -1 0 0
    outer loop
      vertex 7.24 3.98329 0.565674
      vertex 7.24 5.10805 1.09064
      vertex 7.24 4.03365 0.459213
    endloop
  endfacet
  facet normal -1 0 0
    outer loop
      vertex 7.24 4.07332 0.348328
      vertex 7.24 5.27023 0.556
      vertex 7.24 4.10193 0.2341
    endloop
  endfacet
  facet normal -1 0 0
    outer loop
      vertex 7.24 5.31126 -0.279343
      vertex 7.24 4.10193 -0.2341
      vertex 7.24 4.11922 -0.117615
    endloop
  endfacet
  facet normal -1 0 0
    outer loop
      vertex 7.24 5.27023 -0.556
      vertex 7.24 4.07332 -0.348328
      vertex 7.24 4.10193 -0.2341
    endloop
  endfacet
  facet normal -1 0 0
    outer loop
      vertex 7.24 3.49066 -1.0583
      vertex 7.24 4.28302 -2.20308
      vertex 7.24 4.05836 -2.36967
    endloop
  endfacet
  facet normal -1 0 0
    outer loop
      vertex 7.24 5.20227 -0.827301
      vertex 7.24 4.03365 -0.459213
      vertex 7.24 4.07332 -0.348328
    endloop
  endfacet
  facet normal -1 0 0
    outer loop
      vertex 7.24 5.10805 -1.09064
      vertex 7.24 3.98329 -0.565674
      vertex 7.24 4.03365 -0.459213
    endloop
  endfacet
  facet normal -1 0 0
    outer loop
      vertex 7.24 5.10805 -1.09064
      vertex 7.24 3.92276 -0.666672
      vertex 7.24 3.98329 -0.565674
    endloop
  endfacet
  facet normal -1 0 0
    outer loop
      vertex 7.24 4.98846 -1.34348
      vertex 7.24 3.8526 -0.761261
      vertex 7.24 3.92276 -0.666672
    endloop
  endfacet
  facet normal -1 0 0
    outer loop
      vertex 7.24 3.27333 -1.14832
      vertex 7.24 4.05836 -2.36967
      vertex 7.24 3.81847 -2.51347
    endloop
  endfacet
  facet normal -1 0 0
    outer loop
      vertex 7.24 4.84468 -1.58337
      vertex 7.24 3.77351 -0.848526
      vertex 7.24 3.8526 -0.761261
    endloop
  endfacet
  facet normal -1 0 0
    outer loop
      vertex 7.24 4.67807 -1.80801
      vertex 7.24 3.68626 -0.927612
      vertex 7.24 3.77351 -0.848526
    endloop
  endfacet
  facet normal -1 0 0
    outer loop
      vertex 7.24 4.49025 -2.01524
      vertex 7.24 3.59167 -0.997757
      vertex 7.24 3.68626 -0.927612
    endloop
  endfacet
  facet normal -1 0 0
    outer loop
      vertex 7.24 3.1591 -1.17694
      vertex 7.24 3.81847 -2.51347
      vertex 7.24 3.56564 -2.63306
    endloop
  endfacet
  facet normal -1 0 0
    outer loop
      vertex 7.24 4.28302 -2.20308
      vertex 7.24 3.49066 -1.0583
      vertex 7.24 3.59167 -0.997757
    endloop
  endfacet
  facet normal -1 0 0
    outer loop
      vertex 7.24 4.05836 -2.36967
      vertex 7.24 3.38422 -1.10864
      vertex 7.24 3.49066 -1.0583
    endloop
  endfacet
  facet normal -1 0 0
    outer loop
      vertex 7.24 3.04262 -1.19421
      vertex 7.24 3.56564 -2.63306
      vertex 7.24 3.30231 -2.72728
    endloop
  endfacet
  facet normal -1 0 0
    outer loop
      vertex 7.24 4.05836 -2.36967
      vertex 7.24 3.27333 -1.14832
      vertex 7.24 3.38422 -1.10864
    endloop
  endfacet
  facet normal -1 0 0
    outer loop
      vertex 7.24 3.81847 -2.51347
      vertex 7.24 3.1591 -1.17694
      vertex 7.24 3.27333 -1.14832
    endloop
  endfacet
  facet normal -1 0 0
    outer loop
      vertex 7.24 3.56564 -2.63306
      vertex 7.24 3.04262 -1.19421
      vertex 7.24 3.1591 -1.17694
    endloop
  endfacet
  facet normal -1 0 0
    outer loop
      vertex 7.24 2.92499 -1.2
      vertex 7.24 3.30231 -2.72728
      vertex 7.24 3.03101 -2.79523
    endloop
  endfacet
  facet normal -1 0 0
    outer loop
      vertex 7.24 3.30231 -2.72728
      vertex 7.24 2.92499 -1.2
      vertex 7.24 3.04262 -1.19421
    endloop
  endfacet
  facet normal -1 0 0
    outer loop
      vertex 7.24 2.75435 -2.83627
      vertex 7.24 2.92499 -1.2
      vertex 7.24 3.03101 -2.79523
    endloop
  endfacet
  facet normal -1 0 0
    outer loop
      vertex 7.24 2.47499 -2.84999
      vertex 7.24 2.92499 -1.2
      vertex 7.24 2.75435 -2.83627
    endloop
  endfacet
  facet normal -1 0 0
    outer loop
      vertex 7.24 -2.47499 -2.84999
      vertex 7.24 2.92499 -1.2
      vertex 7.24 2.47499 -2.84999
    endloop
  endfacet
  facet normal -1 0 0
    outer loop
      vertex 7.24 -2.92499 -1.2
      vertex 7.24 -2.47499 -2.84999
      vertex 7.24 -2.75435 -2.83627
    endloop
  endfacet
  facet normal -1 0 0
    outer loop
      vertex 7.24 -2.47499 -2.84999
      vertex 7.24 -2.92499 -1.2
      vertex 7.24 2.92499 -1.2
    endloop
  endfacet
  facet normal -1 0 0
    outer loop
      vertex 7.24 -3.03101 -2.79523
      vertex 7.24 -2.92499 -1.2
      vertex 7.24 -2.75435 -2.83627
    endloop
  endfacet
  facet normal -1 0 0
    outer loop
      vertex 7.24 -3.30231 -2.72728
      vertex 7.24 -2.92499 -1.2
      vertex 7.24 -3.03101 -2.79523
    endloop
  endfacet
  facet normal -1 -0 0
    outer loop
      vertex 7.24 -2.92499 -1.2
      vertex 7.24 -3.30231 -2.72728
      vertex 7.24 -3.04262 -1.19421
    endloop
  endfacet
  facet normal -1 0 0
    outer loop
      vertex 7.24 -3.56564 -2.63306
      vertex 7.24 -3.04262 -1.19421
      vertex 7.24 -3.30231 -2.72728
    endloop
  endfacet
  facet normal -1 -0 0
    outer loop
      vertex 7.24 -3.04262 -1.19421
      vertex 7.24 -3.56564 -2.63306
      vertex 7.24 -3.1591 -1.17694
    endloop
  endfacet
  facet normal -1 0 0
    outer loop
      vertex 7.24 -3.81847 -2.51347
      vertex 7.24 -3.1591 -1.17694
      vertex 7.24 -3.56564 -2.63306
    endloop
  endfacet
  facet normal -1 -0 0
    outer loop
      vertex 7.24 -3.1591 -1.17694
      vertex 7.24 -3.81847 -2.51347
      vertex 7.24 -3.27333 -1.14832
    endloop
  endfacet
  facet normal -1 0 0
    outer loop
      vertex 7.24 -4.05836 -2.36967
      vertex 7.24 -3.27333 -1.14832
      vertex 7.24 -3.81847 -2.51347
    endloop
  endfacet
  facet normal -1 -0 0
    outer loop
      vertex 7.24 -3.27333 -1.14832
      vertex 7.24 -4.05836 -2.36967
      vertex 7.24 -3.38422 -1.10864
    endloop
  endfacet
  facet normal -1 -0 0
    outer loop
      vertex 7.24 -3.38422 -1.10864
      vertex 7.24 -4.05836 -2.36967
      vertex 7.24 -3.49066 -1.0583
    endloop
  endfacet
  facet normal -1 0 0
    outer loop
      vertex 7.24 -4.28302 -2.20308
      vertex 7.24 -3.49066 -1.0583
      vertex 7.24 -4.05836 -2.36967
    endloop
  endfacet
  facet normal -1 -0 0
    outer loop
      vertex 7.24 -3.49066 -1.0583
      vertex 7.24 -4.28302 -2.20308
      vertex 7.24 -3.59167 -0.997757
    endloop
  endfacet
  facet normal -1 0 0
    outer loop
      vertex 7.24 -4.49025 -2.01524
      vertex 7.24 -3.59167 -0.997757
      vertex 7.24 -4.28302 -2.20308
    endloop
  endfacet
  facet normal -1 -0 0
    outer loop
      vertex 7.24 -3.59167 -0.997757
      vertex 7.24 -4.49025 -2.01524
      vertex 7.24 -3.68626 -0.927612
    endloop
  endfacet
  facet normal -1 0 0
    outer loop
      vertex 7.24 -4.67807 -1.80801
      vertex 7.24 -3.68626 -0.927612
      vertex 7.24 -4.49025 -2.01524
    endloop
  endfacet
  facet normal -1 -0 0
    outer loop
      vertex 7.24 -3.68626 -0.927612
      vertex 7.24 -4.67807 -1.80801
      vertex 7.24 -3.77351 -0.848526
    endloop
  endfacet
  facet normal -1 0 0
    outer loop
      vertex 7.24 -4.84468 -1.58337
      vertex 7.24 -3.77351 -0.848526
      vertex 7.24 -4.67807 -1.80801
    endloop
  endfacet
  facet normal -1 -0 0
    outer loop
      vertex 7.24 -3.77351 -0.848526
      vertex 7.24 -4.84468 -1.58337
      vertex 7.24 -3.8526 -0.761261
    endloop
  endfacet
  facet normal -1 0 0
    outer loop
      vertex 7.24 -4.98846 -1.34348
      vertex 7.24 -3.8526 -0.761261
      vertex 7.24 -4.84468 -1.58337
    endloop
  endfacet
  facet normal -1 -0 0
    outer loop
      vertex 7.24 -3.8526 -0.761261
      vertex 7.24 -4.98846 -1.34348
      vertex 7.24 -3.92276 -0.666672
    endloop
  endfacet
  facet normal -1 0 0
    outer loop
      vertex 7.24 -5.10805 -1.09064
      vertex 7.24 -3.92276 -0.666672
      vertex 7.24 -4.98846 -1.34348
    endloop
  endfacet
  facet normal -1 -0 0
    outer loop
      vertex 7.24 -3.92276 -0.666672
      vertex 7.24 -5.10805 -1.09064
      vertex 7.24 -3.98329 -0.565674
    endloop
  endfacet
  facet normal -1 0 0
    outer loop
      vertex 7.24 3.92276 0.666672
      vertex 7.24 5.10805 1.09064
      vertex 7.24 3.98329 0.565674
    endloop
  endfacet
  facet normal -1 -0 0
    outer loop
      vertex 7.24 5.10805 1.09064
      vertex 7.24 3.92276 0.666672
      vertex 7.24 4.98846 1.34348
    endloop
  endfacet
  facet normal -1 0 0
    outer loop
      vertex 7.24 3.8526 0.761261
      vertex 7.24 4.98846 1.34348
      vertex 7.24 3.92276 0.666672
    endloop
  endfacet
  facet normal -1 -0 0
    outer loop
      vertex 7.24 4.98846 1.34348
      vertex 7.24 3.8526 0.761261
      vertex 7.24 4.84468 1.58337
    endloop
  endfacet
  facet normal -1 0 0
    outer loop
      vertex 7.24 3.77351 0.848526
      vertex 7.24 4.84468 1.58337
      vertex 7.24 3.8526 0.761261
    endloop
  endfacet
  facet normal -1 -0 0
    outer loop
      vertex 7.24 4.84468 1.58337
      vertex 7.24 3.77351 0.848526
      vertex 7.24 4.67807 1.80801
    endloop
  endfacet
  facet normal -1 0 0
    outer loop
      vertex 7.24 3.68626 0.927612
      vertex 7.24 4.67807 1.80801
      vertex 7.24 3.77351 0.848526
    endloop
  endfacet
  facet normal -1 -0 0
    outer loop
      vertex 7.24 4.67807 1.80801
      vertex 7.24 3.68626 0.927612
      vertex 7.24 4.49025 2.01524
    endloop
  endfacet
  facet normal -1 0 0
    outer loop
      vertex 7.24 3.59167 0.997757
      vertex 7.24 4.49025 2.01524
      vertex 7.24 3.68626 0.927612
    endloop
  endfacet
  facet normal -1 -0 0
    outer loop
      vertex 7.24 4.49025 2.01524
      vertex 7.24 3.59167 0.997757
      vertex 7.24 4.28302 2.20308
    endloop
  endfacet
  facet normal -1 0 0
    outer loop
      vertex 7.24 3.49066 1.0583
      vertex 7.24 4.28302 2.20308
      vertex 7.24 3.59167 0.997757
    endloop
  endfacet
  facet normal -1 -0 0
    outer loop
      vertex 7.24 4.28302 2.20308
      vertex 7.24 3.49066 1.0583
      vertex 7.24 4.05836 2.36967
    endloop
  endfacet
  facet normal -1 0 0
    outer loop
      vertex 7.24 3.38422 1.10864
      vertex 7.24 4.05836 2.36967
      vertex 7.24 3.49066 1.0583
    endloop
  endfacet
  facet normal -1 0 0
    outer loop
      vertex 7.24 3.27333 1.14832
      vertex 7.24 4.05836 2.36967
      vertex 7.24 3.38422 1.10864
    endloop
  endfacet
  facet normal -1 -0 0
    outer loop
      vertex 7.24 4.05836 2.36967
      vertex 7.24 3.27333 1.14832
      vertex 7.24 3.81847 2.51347
    endloop
  endfacet
  facet normal -1 0 0
    outer loop
      vertex 7.24 3.1591 1.17694
      vertex 7.24 3.81847 2.51347
      vertex 7.24 3.27333 1.14832
    endloop
  endfacet
  facet normal -1 -0 0
    outer loop
      vertex 7.24 3.81847 2.51347
      vertex 7.24 3.1591 1.17694
      vertex 7.24 3.56564 2.63306
    endloop
  endfacet
  facet normal -1 0 0
    outer loop
      vertex 7.24 3.04262 1.19421
      vertex 7.24 3.56564 2.63306
      vertex 7.24 3.1591 1.17694
    endloop
  endfacet
  facet normal -1 -0 0
    outer loop
      vertex 7.24 3.56564 2.63306
      vertex 7.24 3.04262 1.19421
      vertex 7.24 3.30231 2.72728
    endloop
  endfacet
  facet normal -1 0 0
    outer loop
      vertex 7.24 2.92499 1.2
      vertex 7.24 3.30231 2.72728
      vertex 7.24 3.04262 1.19421
    endloop
  endfacet
  facet normal -1 -0 0
    outer loop
      vertex 7.24 3.30231 2.72728
      vertex 7.24 2.92499 1.2
      vertex 7.24 3.03101 2.79523
    endloop
  endfacet
  facet normal -1 0 0
    outer loop
      vertex 7.24 2.92499 1.2
      vertex 7.24 2.75435 2.83627
      vertex 7.24 3.03101 2.79523
    endloop
  endfacet
  facet normal -1 0 0
    outer loop
      vertex 7.24 2.92499 1.2
      vertex 7.24 2.47499 2.84999
      vertex 7.24 2.75435 2.83627
    endloop
  endfacet
  facet normal -1 0 0
    outer loop
      vertex 7.24 2.92499 1.2
      vertex 7.24 -2.47499 2.84999
      vertex 7.24 2.47499 2.84999
    endloop
  endfacet
  facet normal -1 0 0
    outer loop
      vertex 7.24 -2.92499 1.2
      vertex 7.24 -2.47499 2.84999
      vertex 7.24 2.92499 1.2
    endloop
  endfacet
  facet normal -1 0 0
    outer loop
      vertex 7.24 -2.47499 2.84999
      vertex 7.24 -2.92499 1.2
      vertex 7.24 -2.75435 2.83627
    endloop
  endfacet
  facet normal -1 0 0
    outer loop
      vertex 7.24 -2.92499 1.2
      vertex 7.24 -3.03101 2.79523
      vertex 7.24 -2.75435 2.83627
    endloop
  endfacet
  facet normal -1 0 0
    outer loop
      vertex 7.24 -3.30231 2.72728
      vertex 7.24 -2.92499 1.2
      vertex 7.24 -3.04262 1.19421
    endloop
  endfacet
  facet normal -1 0 0
    outer loop
      vertex 7.24 -3.56564 2.63306
      vertex 7.24 -3.04262 1.19421
      vertex 7.24 -3.1591 1.17694
    endloop
  endfacet
  facet normal -1 0 0
    outer loop
      vertex 7.24 -3.81847 2.51347
      vertex 7.24 -3.1591 1.17694
      vertex 7.24 -3.27333 1.14832
    endloop
  endfacet
  facet normal -1 0 0
    outer loop
      vertex 7.24 -2.92499 1.2
      vertex 7.24 -3.30231 2.72728
      vertex 7.24 -3.03101 2.79523
    endloop
  endfacet
  facet normal -1 0 0
    outer loop
      vertex 7.24 -4.05836 2.36967
      vertex 7.24 -3.27333 1.14832
      vertex 7.24 -3.38422 1.10864
    endloop
  endfacet
  facet normal -1 0 0
    outer loop
      vertex 7.24 -4.05836 2.36967
      vertex 7.24 -3.38422 1.10864
      vertex 7.24 -3.49066 1.0583
    endloop
  endfacet
  facet normal -1 0 0
    outer loop
      vertex 7.24 -3.04262 1.19421
      vertex 7.24 -3.56564 2.63306
      vertex 7.24 -3.30231 2.72728
    endloop
  endfacet
  facet normal -1 0 0
    outer loop
      vertex 7.24 -4.28302 2.20308
      vertex 7.24 -3.49066 1.0583
      vertex 7.24 -3.59167 0.997757
    endloop
  endfacet
  facet normal -1 0 0
    outer loop
      vertex 7.24 -4.49025 2.01524
      vertex 7.24 -3.59167 0.997757
      vertex 7.24 -3.68626 0.927612
    endloop
  endfacet
  facet normal -1 0 0
    outer loop
      vertex 7.24 -4.67807 1.80801
      vertex 7.24 -3.68626 0.927612
      vertex 7.24 -3.77351 0.848526
    endloop
  endfacet
  facet normal -1 0 0
    outer loop
      vertex 7.24 -3.1591 1.17694
      vertex 7.24 -3.81847 2.51347
      vertex 7.24 -3.56564 2.63306
    endloop
  endfacet
  facet normal -1 0 0
    outer loop
      vertex 7.24 -4.84468 1.58337
      vertex 7.24 -3.77351 0.848526
      vertex 7.24 -3.8526 0.761261
    endloop
  endfacet
  facet normal -1 0 0
    outer loop
      vertex 7.24 -4.98846 1.34348
      vertex 7.24 -3.8526 0.761261
      vertex 7.24 -3.92276 0.666672
    endloop
  endfacet
  facet normal -1 0 0
    outer loop
      vertex 7.24 -5.10805 1.09064
      vertex 7.24 -3.92276 0.666672
      vertex 7.24 -3.98329 0.565674
    endloop
  endfacet
  facet normal -1 0 0
    outer loop
      vertex 7.24 -5.10805 1.09064
      vertex 7.24 -3.98329 0.565674
      vertex 7.24 -4.03365 0.459213
    endloop
  endfacet
  facet normal -1 0 0
    outer loop
      vertex 7.24 -3.27333 1.14832
      vertex 7.24 -4.05836 2.36967
      vertex 7.24 -3.81847 2.51347
    endloop
  endfacet
  facet normal -1 0 0
    outer loop
      vertex 7.24 -5.20227 0.827301
      vertex 7.24 -4.03365 0.459213
      vertex 7.24 -4.07332 0.348328
    endloop
  endfacet
  facet normal -1 0 0
    outer loop
      vertex 7.24 -5.27023 0.556
      vertex 7.24 -4.07332 0.348328
      vertex 7.24 -4.10193 0.2341
    endloop
  endfacet
  facet normal -1 0 0
    outer loop
      vertex 7.24 -5.31126 0.279343
      vertex 7.24 -4.10193 0.2341
      vertex 7.24 -4.11922 0.117615
    endloop
  endfacet
  facet normal -1 0 0
    outer loop
      vertex 7.24 -5.325 0
      vertex 7.24 -4.11922 0.117615
      vertex 7.24 -4.125 0
    endloop
  endfacet
  facet normal -1 -0 0
    outer loop
      vertex 7.24 -3.98329 -0.565674
      vertex 7.24 -5.10805 -1.09064
      vertex 7.24 -4.03365 -0.459213
    endloop
  endfacet
  facet normal -1 0 0
    outer loop
      vertex 7.24 -3.49066 1.0583
      vertex 7.24 -4.28302 2.20308
      vertex 7.24 -4.05836 2.36967
    endloop
  endfacet
  facet normal -1 0 0
    outer loop
      vertex 7.24 -5.20227 -0.827301
      vertex 7.24 -4.03365 -0.459213
      vertex 7.24 -5.10805 -1.09064
    endloop
  endfacet
  facet normal -1 0 0
    outer loop
      vertex 7.24 -3.59167 0.997757
      vertex 7.24 -4.49025 2.01524
      vertex 7.24 -4.28302 2.20308
    endloop
  endfacet
  facet normal -1 -0 0
    outer loop
      vertex 7.24 -4.03365 -0.459213
      vertex 7.24 -5.20227 -0.827301
      vertex 7.24 -4.07332 -0.348328
    endloop
  endfacet
  facet normal -1 0 0
    outer loop
      vertex 7.24 -3.68626 0.927612
      vertex 7.24 -4.67807 1.80801
      vertex 7.24 -4.49025 2.01524
    endloop
  endfacet
  facet normal -1 0 0
    outer loop
      vertex 7.24 -5.27023 -0.556
      vertex 7.24 -4.07332 -0.348328
      vertex 7.24 -5.20227 -0.827301
    endloop
  endfacet
  facet normal -1 0 0
    outer loop
      vertex 7.24 -3.77351 0.848526
      vertex 7.24 -4.84468 1.58337
      vertex 7.24 -4.67807 1.80801
    endloop
  endfacet
  facet normal -1 -0 0
    outer loop
      vertex 7.24 -4.07332 -0.348328
      vertex 7.24 -5.27023 -0.556
      vertex 7.24 -4.10193 -0.2341
    endloop
  endfacet
  facet normal -1 0 0
    outer loop
      vertex 7.24 -3.8526 0.761261
      vertex 7.24 -4.98846 1.34348
      vertex 7.24 -4.84468 1.58337
    endloop
  endfacet
  facet normal -1 0 0
    outer loop
      vertex 7.24 -5.31126 -0.279343
      vertex 7.24 -4.10193 -0.2341
      vertex 7.24 -5.27023 -0.556
    endloop
  endfacet
  facet normal -1 0 0
    outer loop
      vertex 7.24 -3.92276 0.666672
      vertex 7.24 -5.10805 1.09064
      vertex 7.24 -4.98846 1.34348
    endloop
  endfacet
  facet normal -1 -0 0
    outer loop
      vertex 7.24 -4.10193 -0.2341
      vertex 7.24 -5.31126 -0.279343
      vertex 7.24 -4.11922 -0.117615
    endloop
  endfacet
  facet normal -1 0 0
    outer loop
      vertex 7.24 -4.03365 0.459213
      vertex 7.24 -5.20227 0.827301
      vertex 7.24 -5.10805 1.09064
    endloop
  endfacet
  facet normal -1 0 0
    outer loop
      vertex 7.24 -5.325 0
      vertex 7.24 -4.11922 -0.117615
      vertex 7.24 -5.31126 -0.279343
    endloop
  endfacet
  facet normal -1 0 0
    outer loop
      vertex 7.24 -4.07332 0.348328
      vertex 7.24 -5.27023 0.556
      vertex 7.24 -5.20227 0.827301
    endloop
  endfacet
  facet normal -1 0 0
    outer loop
      vertex 7.24 -4.11922 -0.117615
      vertex 7.24 -5.325 0
      vertex 7.24 -4.125 0
    endloop
  endfacet
  facet normal -1 0 0
    outer loop
      vertex 7.24 -4.10193 0.2341
      vertex 7.24 -5.31126 0.279343
      vertex 7.24 -5.27023 0.556
    endloop
  endfacet
  facet normal -1 -0 0
    outer loop
      vertex 7.24 -4.11922 0.117615
      vertex 7.24 -5.325 0
      vertex 7.24 -5.31126 0.279343
    endloop
  endfacet
  facet normal 0 0.671593 -0.740921
    outer loop
      vertex 0 3.68626 -0.927612
      vertex 7.24 3.77351 -0.848526
      vertex 7.24 3.68626 -0.927612
    endloop
  endfacet
  facet normal 0 0.671593 -0.740921
    outer loop
      vertex 7.24 3.77351 -0.848526
      vertex 0 3.68626 -0.927612
      vertex 0 3.77351 -0.848526
    endloop
  endfacet
  facet normal 0 0.740961 -0.671548
    outer loop
      vertex 7.24 3.77351 -0.848526
      vertex 0 3.8526 -0.761261
      vertex 7.24 3.8526 -0.761261
    endloop
  endfacet
  facet normal 0 0.740961 -0.671548
    outer loop
      vertex 0 3.8526 -0.761261
      vertex 7.24 3.77351 -0.848526
      vertex 0 3.77351 -0.848526
    endloop
  endfacet
  facet normal 0 0.427539 -0.903997
    outer loop
      vertex 0 3.38422 -1.10864
      vertex 7.24 3.49066 -1.0583
      vertex 7.24 3.38422 -1.10864
    endloop
  endfacet
  facet normal 0 0.427539 -0.903997
    outer loop
      vertex 7.24 3.49066 -1.0583
      vertex 0 3.38422 -1.10864
      vertex 0 3.49066 -1.0583
    endloop
  endfacet
  facet normal 0 -0.671593 0.740921
    outer loop
      vertex 0 -3.68626 0.927612
      vertex 7.24 -3.77351 0.848526
      vertex 7.24 -3.68626 0.927612
    endloop
  endfacet
  facet normal 0 -0.671593 0.740921
    outer loop
      vertex 7.24 -3.77351 0.848526
      vertex 0 -3.68626 0.927612
      vertex 0 -3.77351 0.848526
    endloop
  endfacet
  facet normal 0 0.998795 0.0490842
    outer loop
      vertex 7.24 4.125 0
      vertex 0 4.11922 0.117615
      vertex 7.24 4.11922 0.117615
    endloop
  endfacet
  facet normal 0 0.998795 0.0490842
    outer loop
      vertex 0 4.11922 0.117615
      vertex 7.24 4.125 0
      vertex 0 4.125 0
    endloop
  endfacet
  facet normal 0 -0.989163 -0.146823
    outer loop
      vertex 0 -4.10193 -0.2341
      vertex 7.24 -4.11922 -0.117615
      vertex 0 -4.11922 -0.117615
    endloop
  endfacet
  facet normal 0 -0.989163 -0.146823
    outer loop
      vertex 7.24 -4.11922 -0.117615
      vertex 0 -4.10193 -0.2341
      vertex 7.24 -4.10193 -0.2341
    endloop
  endfacet
  facet normal 0 -0.998795 -0.0490842
    outer loop
      vertex 0 -4.11922 -0.117615
      vertex 7.24 -4.125 0
      vertex 0 -4.125 0
    endloop
  endfacet
  facet normal 0 -0.998795 -0.0490842
    outer loop
      vertex 7.24 -4.125 0
      vertex 0 -4.11922 -0.117615
      vertex 7.24 -4.11922 -0.117615
    endloop
  endfacet
  facet normal 0 -0.903964 -0.427609
    outer loop
      vertex 0 -3.98329 -0.565674
      vertex 7.24 -4.03365 -0.459213
      vertex 0 -4.03365 -0.459213
    endloop
  endfacet
  facet normal 0 -0.903964 -0.427609
    outer loop
      vertex 7.24 -4.03365 -0.459213
      vertex 0 -3.98329 -0.565674
      vertex 7.24 -3.98329 -0.565674
    endloop
  endfacet
  facet normal 0 -0.803175 0.595743
    outer loop
      vertex 0 -3.92276 0.666672
      vertex 7.24 -3.8526 0.761261
      vertex 0 -3.8526 0.761261
    endloop
  endfacet
  facet normal 0 -0.803175 0.595743
    outer loop
      vertex 7.24 -3.8526 0.761261
      vertex 0 -3.92276 0.666672
      vertex 7.24 -3.92276 0.666672
    endloop
  endfacet
  facet normal 0 0.857751 -0.514066
    outer loop
      vertex 7.24 3.92276 -0.666672
      vertex 0 3.98329 -0.565674
      vertex 7.24 3.98329 -0.565674
    endloop
  endfacet
  facet normal 0 0.857751 -0.514066
    outer loop
      vertex 0 3.98329 -0.565674
      vertex 7.24 3.92276 -0.666672
      vertex 0 3.92276 -0.666672
    endloop
  endfacet
  facet normal 0 -0.857751 -0.514066
    outer loop
      vertex 0 -3.92276 -0.666672
      vertex 7.24 -3.98329 -0.565674
      vertex 0 -3.98329 -0.565674
    endloop
  endfacet
  facet normal 0 -0.857751 -0.514066
    outer loop
      vertex 7.24 -3.98329 -0.565674
      vertex 0 -3.92276 -0.666672
      vertex 7.24 -3.92276 -0.666672
    endloop
  endfacet
  facet normal -1 0 0
    outer loop
      vertex 0 3.67499 -0.00498962
      vertex 0 4.125 0
      vertex 0 4.11922 -0.117615
    endloop
  endfacet
  facet normal -1 0 0
    outer loop
      vertex 0 3.67123 -0.0814514
      vertex 0 4.11922 -0.117615
      vertex 0 4.10193 -0.2341
    endloop
  endfacet
  facet normal -1 0 0
    outer loop
      vertex 0 3.67499 0.00498962
      vertex 0 4.125 0
      vertex 0 3.67499 -0.00498962
    endloop
  endfacet
  facet normal -1 0 0
    outer loop
      vertex 0 3.66 -0.157166
      vertex 0 4.10193 -0.2341
      vertex 0 4.07332 -0.348328
    endloop
  endfacet
  facet normal -1 0 0
    outer loop
      vertex 0 4.125 0
      vertex 0 3.67499 0.00498962
      vertex 0 4.11922 0.117615
    endloop
  endfacet
  facet normal -1 0 0
    outer loop
      vertex 0 3.6414 -0.231415
      vertex 0 4.07332 -0.348328
      vertex 0 4.03365 -0.459213
    endloop
  endfacet
  facet normal -1 0 0
    outer loop
      vertex 0 3.67123 0.0814514
      vertex 0 4.11922 0.117615
      vertex 0 3.67499 0.00498962
    endloop
  endfacet
  facet normal -1 0 0
    outer loop
      vertex 0 3.61562 -0.303482
      vertex 0 4.03365 -0.459213
      vertex 0 3.98329 -0.565674
    endloop
  endfacet
  facet normal -1 -0 0
    outer loop
      vertex 0 4.11922 0.117615
      vertex 0 3.67123 0.0814514
      vertex 0 4.10193 0.2341
    endloop
  endfacet
  facet normal -1 0 0
    outer loop
      vertex 0 3.58289 -0.372681
      vertex 0 3.98329 -0.565674
      vertex 0 3.92276 -0.666672
    endloop
  endfacet
  facet normal -1 0 0
    outer loop
      vertex 0 3.66 0.157166
      vertex 0 4.10193 0.2341
      vertex 0 3.67123 0.0814514
    endloop
  endfacet
  facet normal -1 0 0
    outer loop
      vertex 0 3.54353 -0.438339
      vertex 0 3.92276 -0.666672
      vertex 0 3.8526 -0.761261
    endloop
  endfacet
  facet normal -1 -0 0
    outer loop
      vertex 0 4.10193 0.2341
      vertex 0 3.66 0.157166
      vertex 0 4.07332 0.348328
    endloop
  endfacet
  facet normal -1 0 0
    outer loop
      vertex 0 3.49794 -0.499817
      vertex 0 3.8526 -0.761261
      vertex 0 3.77351 -0.848526
    endloop
  endfacet
  facet normal -1 0 0
    outer loop
      vertex 0 3.6414 0.231415
      vertex 0 4.07332 0.348328
      vertex 0 3.66 0.157166
    endloop
  endfacet
  facet normal -1 0 0
    outer loop
      vertex 0 3.44653 -0.556534
      vertex 0 3.77351 -0.848526
      vertex 0 3.68626 -0.927612
    endloop
  endfacet
  facet normal -1 -0 0
    outer loop
      vertex 0 4.07332 0.348328
      vertex 0 3.6414 0.231415
      vertex 0 4.03365 0.459213
    endloop
  endfacet
  facet normal -1 0 0
    outer loop
      vertex 0 3.61562 0.303482
      vertex 0 4.03365 0.459213
      vertex 0 3.6414 0.231415
    endloop
  endfacet
  facet normal -1 0 0
    outer loop
      vertex 0 4.11922 -0.117615
      vertex 0 3.67123 -0.0814514
      vertex 0 3.67499 -0.00498962
    endloop
  endfacet
  facet normal -1 0 0
    outer loop
      vertex 0 4.10193 -0.2341
      vertex 0 3.66 -0.157166
      vertex 0 3.67123 -0.0814514
    endloop
  endfacet
  facet normal -1 0 0
    outer loop
      vertex 0 4.07332 -0.348328
      vertex 0 3.6414 -0.231415
      vertex 0 3.66 -0.157166
    endloop
  endfacet
  facet normal -1 0 0
    outer loop
      vertex 0 4.03365 -0.459213
      vertex 0 3.61562 -0.303482
      vertex 0 3.6414 -0.231415
    endloop
  endfacet
  facet normal -1 0 0
    outer loop
      vertex 0 3.38982 -0.607941
      vertex 0 3.68626 -0.927612
      vertex 0 3.59167 -0.997757
    endloop
  endfacet
  facet normal -1 0 0
    outer loop
      vertex 0 3.98329 -0.565674
      vertex 0 3.58289 -0.372681
      vertex 0 3.61562 -0.303482
    endloop
  endfacet
  facet normal -1 0 0
    outer loop
      vertex 0 3.92276 -0.666672
      vertex 0 3.54353 -0.438339
      vertex 0 3.58289 -0.372681
    endloop
  endfacet
  facet normal -1 0 0
    outer loop
      vertex 0 3.8526 -0.761261
      vertex 0 3.49794 -0.499817
      vertex 0 3.54353 -0.438339
    endloop
  endfacet
  facet normal -1 0 0
    outer loop
      vertex 0 3.32834 -0.653534
      vertex 0 3.59167 -0.997757
      vertex 0 3.49066 -1.0583
    endloop
  endfacet
  facet normal -1 0 0
    outer loop
      vertex 0 3.77351 -0.848526
      vertex 0 3.44653 -0.556534
      vertex 0 3.49794 -0.499817
    endloop
  endfacet
  facet normal -1 0 0
    outer loop
      vertex 0 3.68626 -0.927612
      vertex 0 3.38982 -0.607941
      vertex 0 3.44653 -0.556534
    endloop
  endfacet
  facet normal -1 0 0
    outer loop
      vertex 0 3.26268 -0.692886
      vertex 0 3.49066 -1.0583
      vertex 0 3.38422 -1.10864
    endloop
  endfacet
  facet normal -1 0 0
    outer loop
      vertex 0 3.59167 -0.997757
      vertex 0 3.32834 -0.653534
      vertex 0 3.38982 -0.607941
    endloop
  endfacet
  facet normal -1 0 0
    outer loop
      vertex 0 3.19348 -0.725616
      vertex 0 3.38422 -1.10864
      vertex 0 3.27333 -1.14832
    endloop
  endfacet
  facet normal -1 0 0
    outer loop
      vertex 0 3.49066 -1.0583
      vertex 0 3.26268 -0.692886
      vertex 0 3.32834 -0.653534
    endloop
  endfacet
  facet normal -1 0 0
    outer loop
      vertex 0 3.38422 -1.10864
      vertex 0 3.19348 -0.725616
      vertex 0 3.26268 -0.692886
    endloop
  endfacet
  facet normal -1 0 0
    outer loop
      vertex 0 3.12141 -0.751404
      vertex 0 3.27333 -1.14832
      vertex 0 3.1591 -1.17694
    endloop
  endfacet
  facet normal -1 0 0
    outer loop
      vertex 0 3.27333 -1.14832
      vertex 0 3.12141 -0.751404
      vertex 0 3.19348 -0.725616
    endloop
  endfacet
  facet normal -1 0 0
    outer loop
      vertex 0 3.1591 -1.17694
      vertex 0 3.04716 -0.770004
      vertex 0 3.12141 -0.751404
    endloop
  endfacet
  facet normal -1 0 0
    outer loop
      vertex 0 3.04262 -1.19421
      vertex 0 3.04716 -0.770004
      vertex 0 3.1591 -1.17694
    endloop
  endfacet
  facet normal -1 0 0
    outer loop
      vertex 0 3.04262 -1.19421
      vertex 0 2.97145 -0.781235
      vertex 0 3.04716 -0.770004
    endloop
  endfacet
  facet normal -1 0 0
    outer loop
      vertex 0 2.92499 -1.2
      vertex 0 2.97145 -0.781235
      vertex 0 3.04262 -1.19421
    endloop
  endfacet
  facet normal -1 0 0
    outer loop
      vertex 0 2.92499 -1.2
      vertex 0 2.89499 -0.784988
      vertex 0 2.97145 -0.781235
    endloop
  endfacet
  facet normal -1 0 0
    outer loop
      vertex 0 2.92499 -1.2
      vertex 0 -2.89499 -0.784988
      vertex 0 2.89499 -0.784988
    endloop
  endfacet
  facet normal -1 0 0
    outer loop
      vertex 0 -2.92499 -1.2
      vertex 0 -2.89499 -0.784988
      vertex 0 2.92499 -1.2
    endloop
  endfacet
  facet normal -1 0 0
    outer loop
      vertex 0 -2.92499 -1.2
      vertex 0 -2.97145 -0.781235
      vertex 0 -2.89499 -0.784988
    endloop
  endfacet
  facet normal -1 0 0
    outer loop
      vertex 0 -3.04262 -1.19421
      vertex 0 -2.97145 -0.781235
      vertex 0 -2.92499 -1.2
    endloop
  endfacet
  facet normal -1 0 0
    outer loop
      vertex 0 -3.04262 -1.19421
      vertex 0 -3.04716 -0.770004
      vertex 0 -2.97145 -0.781235
    endloop
  endfacet
  facet normal -1 0 0
    outer loop
      vertex 0 -3.1591 -1.17694
      vertex 0 -3.04716 -0.770004
      vertex 0 -3.04262 -1.19421
    endloop
  endfacet
  facet normal -1 -0 0
    outer loop
      vertex 0 -3.04716 -0.770004
      vertex 0 -3.1591 -1.17694
      vertex 0 -3.12141 -0.751404
    endloop
  endfacet
  facet normal -1 0 0
    outer loop
      vertex 0 -3.27333 -1.14832
      vertex 0 -3.12141 -0.751404
      vertex 0 -3.1591 -1.17694
    endloop
  endfacet
  facet normal -1 -0 0
    outer loop
      vertex 0 -3.12141 -0.751404
      vertex 0 -3.27333 -1.14832
      vertex 0 -3.19348 -0.725616
    endloop
  endfacet
  facet normal -1 0 0
    outer loop
      vertex 0 -3.38422 -1.10864
      vertex 0 -3.19348 -0.725616
      vertex 0 -3.27333 -1.14832
    endloop
  endfacet
  facet normal -1 -0 0
    outer loop
      vertex 0 -3.19348 -0.725616
      vertex 0 -3.38422 -1.10864
      vertex 0 -3.26268 -0.692886
    endloop
  endfacet
  facet normal -1 0 0
    outer loop
      vertex 0 -3.49066 -1.0583
      vertex 0 -3.26268 -0.692886
      vertex 0 -3.38422 -1.10864
    endloop
  endfacet
  facet normal -1 -0 0
    outer loop
      vertex 0 -3.26268 -0.692886
      vertex 0 -3.49066 -1.0583
      vertex 0 -3.32834 -0.653534
    endloop
  endfacet
  facet normal -1 0 0
    outer loop
      vertex 0 -3.59167 -0.997757
      vertex 0 -3.32834 -0.653534
      vertex 0 -3.49066 -1.0583
    endloop
  endfacet
  facet normal -1 -0 0
    outer loop
      vertex 0 -3.32834 -0.653534
      vertex 0 -3.59167 -0.997757
      vertex 0 -3.38982 -0.607941
    endloop
  endfacet
  facet normal -1 0 0
    outer loop
      vertex 0 -3.68626 -0.927612
      vertex 0 -3.38982 -0.607941
      vertex 0 -3.59167 -0.997757
    endloop
  endfacet
  facet normal -1 -0 0
    outer loop
      vertex 0 -3.38982 -0.607941
      vertex 0 -3.68626 -0.927612
      vertex 0 -3.44653 -0.556534
    endloop
  endfacet
  facet normal -1 0 0
    outer loop
      vertex 0 -3.77351 -0.848526
      vertex 0 -3.44653 -0.556534
      vertex 0 -3.68626 -0.927612
    endloop
  endfacet
  facet normal -1 -0 0
    outer loop
      vertex 0 -3.44653 -0.556534
      vertex 0 -3.77351 -0.848526
      vertex 0 -3.49794 -0.499817
    endloop
  endfacet
  facet normal -1 0 0
    outer loop
      vertex 0 -3.8526 -0.761261
      vertex 0 -3.49794 -0.499817
      vertex 0 -3.77351 -0.848526
    endloop
  endfacet
  facet normal -1 -0 0
    outer loop
      vertex 0 -3.49794 -0.499817
      vertex 0 -3.8526 -0.761261
      vertex 0 -3.54353 -0.438339
    endloop
  endfacet
  facet normal -1 0 0
    outer loop
      vertex 0 -3.92276 -0.666672
      vertex 0 -3.54353 -0.438339
      vertex 0 -3.8526 -0.761261
    endloop
  endfacet
  facet normal -1 -0 0
    outer loop
      vertex 0 -3.54353 -0.438339
      vertex 0 -3.92276 -0.666672
      vertex 0 -3.58289 -0.372681
    endloop
  endfacet
  facet normal -1 0 0
    outer loop
      vertex 0 -4.03365 -0.459213
      vertex 0 -3.61562 -0.303482
      vertex 0 -3.98329 -0.565674
    endloop
  endfacet
  facet normal -1 -0 0
    outer loop
      vertex 0 -3.58289 -0.372681
      vertex 0 -3.98329 -0.565674
      vertex 0 -3.61562 -0.303482
    endloop
  endfacet
  facet normal -1 0 0
    outer loop
      vertex 0 -3.98329 -0.565674
      vertex 0 -3.58289 -0.372681
      vertex 0 -3.92276 -0.666672
    endloop
  endfacet
  facet normal -1 -0 0
    outer loop
      vertex 0 4.03365 0.459213
      vertex 0 3.61562 0.303482
      vertex 0 3.98329 0.565674
    endloop
  endfacet
  facet normal -1 0 0
    outer loop
      vertex 0 3.58289 0.372681
      vertex 0 3.98329 0.565674
      vertex 0 3.61562 0.303482
    endloop
  endfacet
  facet normal -1 -0 0
    outer loop
      vertex 0 3.98329 0.565674
      vertex 0 3.58289 0.372681
      vertex 0 3.92276 0.666672
    endloop
  endfacet
  facet normal -1 0 0
    outer loop
      vertex 0 3.54353 0.438339
      vertex 0 3.92276 0.666672
      vertex 0 3.58289 0.372681
    endloop
  endfacet
  facet normal -1 -0 0
    outer loop
      vertex 0 3.92276 0.666672
      vertex 0 3.54353 0.438339
      vertex 0 3.8526 0.761261
    endloop
  endfacet
  facet normal -1 0 0
    outer loop
      vertex 0 3.49794 0.499817
      vertex 0 3.8526 0.761261
      vertex 0 3.54353 0.438339
    endloop
  endfacet
  facet normal -1 -0 0
    outer loop
      vertex 0 3.8526 0.761261
      vertex 0 3.49794 0.499817
      vertex 0 3.77351 0.848526
    endloop
  endfacet
  facet normal -1 0 0
    outer loop
      vertex 0 3.44653 0.556534
      vertex 0 3.77351 0.848526
      vertex 0 3.49794 0.499817
    endloop
  endfacet
  facet normal -1 -0 0
    outer loop
      vertex 0 3.77351 0.848526
      vertex 0 3.44653 0.556534
      vertex 0 3.68626 0.927612
    endloop
  endfacet
  facet normal -1 0 0
    outer loop
      vertex 0 3.38982 0.607941
      vertex 0 3.68626 0.927612
      vertex 0 3.44653 0.556534
    endloop
  endfacet
  facet normal -1 -0 0
    outer loop
      vertex 0 3.68626 0.927612
      vertex 0 3.38982 0.607941
      vertex 0 3.59167 0.997757
    endloop
  endfacet
  facet normal -1 0 0
    outer loop
      vertex 0 3.32834 0.653534
      vertex 0 3.59167 0.997757
      vertex 0 3.38982 0.607941
    endloop
  endfacet
  facet normal -1 -0 0
    outer loop
      vertex 0 3.59167 0.997757
      vertex 0 3.32834 0.653534
      vertex 0 3.49066 1.0583
    endloop
  endfacet
  facet normal -1 0 0
    outer loop
      vertex 0 3.26268 0.692886
      vertex 0 3.49066 1.0583
      vertex 0 3.32834 0.653534
    endloop
  endfacet
  facet normal -1 -0 0
    outer loop
      vertex 0 3.49066 1.0583
      vertex 0 3.26268 0.692886
      vertex 0 3.38422 1.10864
    endloop
  endfacet
  facet normal -1 0 0
    outer loop
      vertex 0 3.19348 0.725616
      vertex 0 3.38422 1.10864
      vertex 0 3.26268 0.692886
    endloop
  endfacet
  facet normal -1 -0 0
    outer loop
      vertex 0 3.38422 1.10864
      vertex 0 3.19348 0.725616
      vertex 0 3.27333 1.14832
    endloop
  endfacet
  facet normal -1 0 0
    outer loop
      vertex 0 3.12141 0.751404
      vertex 0 3.27333 1.14832
      vertex 0 3.19348 0.725616
    endloop
  endfacet
  facet normal -1 -0 0
    outer loop
      vertex 0 3.27333 1.14832
      vertex 0 3.12141 0.751404
      vertex 0 3.1591 1.17694
    endloop
  endfacet
  facet normal -1 0 0
    outer loop
      vertex 0 3.04716 0.770004
      vertex 0 3.1591 1.17694
      vertex 0 3.12141 0.751404
    endloop
  endfacet
  facet normal -1 0 0
    outer loop
      vertex 0 3.04716 0.770004
      vertex 0 3.04262 1.19421
      vertex 0 3.1591 1.17694
    endloop
  endfacet
  facet normal -1 0 0
    outer loop
      vertex 0 2.97145 0.781235
      vertex 0 3.04262 1.19421
      vertex 0 3.04716 0.770004
    endloop
  endfacet
  facet normal -1 0 0
    outer loop
      vertex 0 2.97145 0.781235
      vertex 0 2.92499 1.2
      vertex 0 3.04262 1.19421
    endloop
  endfacet
  facet normal -1 0 0
    outer loop
      vertex 0 2.89499 0.784988
      vertex 0 2.92499 1.2
      vertex 0 2.97145 0.781235
    endloop
  endfacet
  facet normal -1 0 0
    outer loop
      vertex 0 -2.89499 0.784988
      vertex 0 2.92499 1.2
      vertex 0 2.89499 0.784988
    endloop
  endfacet
  facet normal -1 0 0
    outer loop
      vertex 0 -2.89499 0.784988
      vertex 0 -2.92499 1.2
      vertex 0 2.92499 1.2
    endloop
  endfacet
  facet normal -1 0 0
    outer loop
      vertex 0 -2.97145 0.781235
      vertex 0 -2.92499 1.2
      vertex 0 -2.89499 0.784988
    endloop
  endfacet
  facet normal -1 0 0
    outer loop
      vertex 0 -2.97145 0.781235
      vertex 0 -3.04262 1.19421
      vertex 0 -2.92499 1.2
    endloop
  endfacet
  facet normal -1 0 0
    outer loop
      vertex 0 -3.04716 0.770004
      vertex 0 -3.04262 1.19421
      vertex 0 -2.97145 0.781235
    endloop
  endfacet
  facet normal -1 0 0
    outer loop
      vertex 0 -3.1591 1.17694
      vertex 0 -3.04716 0.770004
      vertex 0 -3.12141 0.751404
    endloop
  endfacet
  facet normal -1 0 0
    outer loop
      vertex 0 -3.04716 0.770004
      vertex 0 -3.1591 1.17694
      vertex 0 -3.04262 1.19421
    endloop
  endfacet
  facet normal -1 0 0
    outer loop
      vertex 0 -3.27333 1.14832
      vertex 0 -3.12141 0.751404
      vertex 0 -3.19348 0.725616
    endloop
  endfacet
  facet normal -1 0 0
    outer loop
      vertex 0 -3.38422 1.10864
      vertex 0 -3.19348 0.725616
      vertex 0 -3.26268 0.692886
    endloop
  endfacet
  facet normal -1 0 0
    outer loop
      vertex 0 -3.12141 0.751404
      vertex 0 -3.27333 1.14832
      vertex 0 -3.1591 1.17694
    endloop
  endfacet
  facet normal -1 0 0
    outer loop
      vertex 0 -3.49066 1.0583
      vertex 0 -3.26268 0.692886
      vertex 0 -3.32834 0.653534
    endloop
  endfacet
  facet normal -1 0 0
    outer loop
      vertex 0 -3.19348 0.725616
      vertex 0 -3.38422 1.10864
      vertex 0 -3.27333 1.14832
    endloop
  endfacet
  facet normal -1 0 0
    outer loop
      vertex 0 -3.59167 0.997757
      vertex 0 -3.32834 0.653534
      vertex 0 -3.38982 0.607941
    endloop
  endfacet
  facet normal -1 0 0
    outer loop
      vertex 0 -3.68626 0.927612
      vertex 0 -3.38982 0.607941
      vertex 0 -3.44653 0.556534
    endloop
  endfacet
  facet normal -1 0 0
    outer loop
      vertex 0 -3.26268 0.692886
      vertex 0 -3.49066 1.0583
      vertex 0 -3.38422 1.10864
    endloop
  endfacet
  facet normal -1 0 0
    outer loop
      vertex 0 -3.77351 0.848526
      vertex 0 -3.44653 0.556534
      vertex 0 -3.49794 0.499817
    endloop
  endfacet
  facet normal -1 0 0
    outer loop
      vertex 0 -3.8526 0.761261
      vertex 0 -3.49794 0.499817
      vertex 0 -3.54353 0.438339
    endloop
  endfacet
  facet normal -1 0 0
    outer loop
      vertex 0 -3.92276 0.666672
      vertex 0 -3.54353 0.438339
      vertex 0 -3.58289 0.372681
    endloop
  endfacet
  facet normal -1 0 0
    outer loop
      vertex 0 -3.32834 0.653534
      vertex 0 -3.59167 0.997757
      vertex 0 -3.49066 1.0583
    endloop
  endfacet
  facet normal -1 0 0
    outer loop
      vertex 0 -3.98329 0.565674
      vertex 0 -3.58289 0.372681
      vertex 0 -3.61562 0.303482
    endloop
  endfacet
  facet normal -1 0 0
    outer loop
      vertex 0 -4.03365 0.459213
      vertex 0 -3.61562 0.303482
      vertex 0 -3.6414 0.231415
    endloop
  endfacet
  facet normal -1 0 0
    outer loop
      vertex 0 -4.07332 0.348328
      vertex 0 -3.6414 0.231415
      vertex 0 -3.66 0.157166
    endloop
  endfacet
  facet normal -1 0 0
    outer loop
      vertex 0 -4.10193 0.2341
      vertex 0 -3.66 0.157166
      vertex 0 -3.67123 0.0814514
    endloop
  endfacet
  facet normal -1 0 0
    outer loop
      vertex 0 -3.38982 0.607941
      vertex 0 -3.68626 0.927612
      vertex 0 -3.59167 0.997757
    endloop
  endfacet
  facet normal -1 0 0
    outer loop
      vertex 0 -4.11922 0.117615
      vertex 0 -3.67123 0.0814514
      vertex 0 -3.67499 0.00498962
    endloop
  endfacet
  facet normal -1 -0 0
    outer loop
      vertex 0 -3.61562 -0.303482
      vertex 0 -4.03365 -0.459213
      vertex 0 -3.6414 -0.231415
    endloop
  endfacet
  facet normal -1 0 0
    outer loop
      vertex 0 -4.07332 -0.348328
      vertex 0 -3.6414 -0.231415
      vertex 0 -4.03365 -0.459213
    endloop
  endfacet
  facet normal -1 0 0
    outer loop
      vertex 0 -3.44653 0.556534
      vertex 0 -3.77351 0.848526
      vertex 0 -3.68626 0.927612
    endloop
  endfacet
  facet normal -1 -0 0
    outer loop
      vertex 0 -3.6414 -0.231415
      vertex 0 -4.07332 -0.348328
      vertex 0 -3.66 -0.157166
    endloop
  endfacet
  facet normal -1 0 0
    outer loop
      vertex 0 -3.49794 0.499817
      vertex 0 -3.8526 0.761261
      vertex 0 -3.77351 0.848526
    endloop
  endfacet
  facet normal -1 0 0
    outer loop
      vertex 0 -4.10193 -0.2341
      vertex 0 -3.66 -0.157166
      vertex 0 -4.07332 -0.348328
    endloop
  endfacet
  facet normal -1 0 0
    outer loop
      vertex 0 -3.54353 0.438339
      vertex 0 -3.92276 0.666672
      vertex 0 -3.8526 0.761261
    endloop
  endfacet
  facet normal -1 -0 0
    outer loop
      vertex 0 -3.66 -0.157166
      vertex 0 -4.10193 -0.2341
      vertex 0 -3.67123 -0.0814514
    endloop
  endfacet
  facet normal -1 0 0
    outer loop
      vertex 0 -3.58289 0.372681
      vertex 0 -3.98329 0.565674
      vertex 0 -3.92276 0.666672
    endloop
  endfacet
  facet normal -1 0 0
    outer loop
      vertex 0 -4.11922 -0.117615
      vertex 0 -3.67123 -0.0814514
      vertex 0 -4.10193 -0.2341
    endloop
  endfacet
  facet normal -1 0 0
    outer loop
      vertex 0 -3.61562 0.303482
      vertex 0 -4.03365 0.459213
      vertex 0 -3.98329 0.565674
    endloop
  endfacet
  facet normal -1 -0 0
    outer loop
      vertex 0 -3.67123 -0.0814514
      vertex 0 -4.11922 -0.117615
      vertex 0 -3.67499 -0.00498962
    endloop
  endfacet
  facet normal -1 0 0
    outer loop
      vertex 0 -3.6414 0.231415
      vertex 0 -4.07332 0.348328
      vertex 0 -4.03365 0.459213
    endloop
  endfacet
  facet normal -1 0 0
    outer loop
      vertex 0 -4.125 0
      vertex 0 -3.67499 -0.00498962
      vertex 0 -4.11922 -0.117615
    endloop
  endfacet
  facet normal -1 0 0
    outer loop
      vertex 0 -3.66 0.157166
      vertex 0 -4.10193 0.2341
      vertex 0 -4.07332 0.348328
    endloop
  endfacet
  facet normal -1 0 0
    outer loop
      vertex 0 -3.67499 -0.00498962
      vertex 0 -4.125 0
      vertex 0 -3.67499 0.00498962
    endloop
  endfacet
  facet normal -1 0 0
    outer loop
      vertex 0 -3.67123 0.0814514
      vertex 0 -4.11922 0.117615
      vertex 0 -4.10193 0.2341
    endloop
  endfacet
  facet normal -1 -0 0
    outer loop
      vertex 0 -3.67499 0.00498962
      vertex 0 -4.125 0
      vertex 0 -4.11922 0.117615
    endloop
  endfacet
  facet normal 0 0.903964 0.427609
    outer loop
      vertex 7.24 4.03365 0.459213
      vertex 0 3.98329 0.565674
      vertex 7.24 3.98329 0.565674
    endloop
  endfacet
  facet normal 0 0.903964 0.427609
    outer loop
      vertex 0 3.98329 0.565674
      vertex 7.24 4.03365 0.459213
      vertex 0 4.03365 0.459213
    endloop
  endfacet
  facet normal 0 -0.336912 0.941536
    outer loop
      vertex 0 -3.27333 1.14832
      vertex 7.24 -3.38422 1.10864
      vertex 7.24 -3.27333 1.14832
    endloop
  endfacet
  facet normal 0 -0.336912 0.941536
    outer loop
      vertex 7.24 -3.38422 1.10864
      vertex 0 -3.27333 1.14832
      vertex 0 -3.38422 1.10864
    endloop
  endfacet
  facet normal 0 -0.427539 0.903997
    outer loop
      vertex 0 -3.38422 1.10864
      vertex 7.24 -3.49066 1.0583
      vertex 7.24 -3.38422 1.10864
    endloop
  endfacet
  facet normal 0 -0.427539 0.903997
    outer loop
      vertex 7.24 -3.49066 1.0583
      vertex 0 -3.38422 1.10864
      vertex 0 -3.49066 1.0583
    endloop
  endfacet
  facet normal 0 0.595657 -0.803239
    outer loop
      vertex 0 3.59167 -0.997757
      vertex 7.24 3.68626 -0.927612
      vertex 7.24 3.59167 -0.997757
    endloop
  endfacet
  facet normal 0 0.595657 -0.803239
    outer loop
      vertex 7.24 3.68626 -0.927612
      vertex 0 3.59167 -0.997757
      vertex 0 3.68626 -0.927612
    endloop
  endfacet
  facet normal 0 0.146737 -0.989176
    outer loop
      vertex 0 -3.04716 0.770004
      vertex 7.24 -2.97145 0.781235
      vertex 7.24 -3.04716 0.770004
    endloop
  endfacet
  facet normal 0 0.146737 -0.989176
    outer loop
      vertex 7.24 -2.97145 0.781235
      vertex 0 -3.04716 0.770004
      vertex 0 -2.97145 0.781235
    endloop
  endfacet
  facet normal -0 0.336901 0.94154
    outer loop
      vertex 0 -3.12141 -0.751404
      vertex 7.24 -3.19348 -0.725616
      vertex 7.24 -3.12141 -0.751404
    endloop
  endfacet
  facet normal 0 0.336901 0.94154
    outer loop
      vertex 7.24 -3.19348 -0.725616
      vertex 0 -3.12141 -0.751404
      vertex 0 -3.19348 -0.725616
    endloop
  endfacet
  facet normal 0 -0.989179 -0.146715
    outer loop
      vertex 0 3.67123 0.0814514
      vertex 7.24 3.66 0.157166
      vertex 0 3.66 0.157166
    endloop
  endfacet
  facet normal 0 -0.989179 -0.146715
    outer loop
      vertex 7.24 3.66 0.157166
      vertex 0 3.67123 0.0814514
      vertex 7.24 3.67123 0.0814514
    endloop
  endfacet
  facet normal 0 0.0490255 -0.998798
    outer loop
      vertex 0 -2.97145 0.781235
      vertex 7.24 -2.89499 0.784988
      vertex 7.24 -2.97145 0.781235
    endloop
  endfacet
  facet normal 0 0.0490255 -0.998798
    outer loop
      vertex 7.24 -2.89499 0.784988
      vertex 0 -2.97145 0.781235
      vertex 0 -2.89499 0.784988
    endloop
  endfacet
  facet normal 0 0.903983 -0.427569
    outer loop
      vertex 7.24 -3.61562 0.303482
      vertex 0 -3.58289 0.372681
      vertex 7.24 -3.58289 0.372681
    endloop
  endfacet
  facet normal 0 0.903983 -0.427569
    outer loop
      vertex 0 -3.58289 0.372681
      vertex 7.24 -3.61562 0.303482
      vertex 0 -3.61562 0.303482
    endloop
  endfacet
  facet normal 0 -0.0490255 -0.998798
    outer loop
      vertex 0 2.89499 0.784988
      vertex 7.24 2.97145 0.781235
      vertex 7.24 2.89499 0.784988
    endloop
  endfacet
  facet normal -0 -0.0490255 -0.998798
    outer loop
      vertex 7.24 2.97145 0.781235
      vertex 0 2.89499 0.784988
      vertex 0 2.97145 0.781235
    endloop
  endfacet
  facet normal 0 -0.595668 -0.803231
    outer loop
      vertex 0 3.32834 0.653534
      vertex 7.24 3.38982 0.607941
      vertex 7.24 3.32834 0.653534
    endloop
  endfacet
  facet normal -0 -0.595668 -0.803231
    outer loop
      vertex 7.24 3.38982 0.607941
      vertex 0 3.32834 0.653534
      vertex 0 3.38982 0.607941
    endloop
  endfacet
  facet normal -0 0.0490255 0.998798
    outer loop
      vertex 0 -2.89499 -0.784988
      vertex 7.24 -2.97145 -0.781235
      vertex 7.24 -2.89499 -0.784988
    endloop
  endfacet
  facet normal 0 0.0490255 0.998798
    outer loop
      vertex 7.24 -2.97145 -0.781235
      vertex 0 -2.89499 -0.784988
      vertex 0 -2.97145 -0.781235
    endloop
  endfacet
  facet normal 0 -0.514073 -0.857746
    outer loop
      vertex 0 3.26268 0.692886
      vertex 7.24 3.32834 0.653534
      vertex 7.24 3.26268 0.692886
    endloop
  endfacet
  facet normal -0 -0.514073 -0.857746
    outer loop
      vertex 7.24 3.32834 0.653534
      vertex 0 3.26268 0.692886
      vertex 0 3.32834 0.653534
    endloop
  endfacet
  facet normal 0 -0.427564 0.903985
    outer loop
      vertex 0 3.26268 -0.692886
      vertex 7.24 3.19348 -0.725616
      vertex 7.24 3.26268 -0.692886
    endloop
  endfacet
  facet normal 0 -0.427564 0.903985
    outer loop
      vertex 7.24 3.19348 -0.725616
      vertex 0 3.26268 -0.692886
      vertex 0 3.19348 -0.725616
    endloop
  endfacet
  facet normal 0 0.514073 -0.857746
    outer loop
      vertex 0 -3.32834 0.653534
      vertex 7.24 -3.26268 0.692886
      vertex 7.24 -3.32834 0.653534
    endloop
  endfacet
  facet normal 0 0.514073 -0.857746
    outer loop
      vertex 7.24 -3.26268 0.692886
      vertex 0 -3.32834 0.653534
      vertex 0 -3.26268 0.692886
    endloop
  endfacet
  facet normal 0 -0.903983 -0.427569
    outer loop
      vertex 0 3.61562 0.303482
      vertex 7.24 3.58289 0.372681
      vertex 0 3.58289 0.372681
    endloop
  endfacet
  facet normal 0 -0.903983 -0.427569
    outer loop
      vertex 7.24 3.58289 0.372681
      vertex 0 3.61562 0.303482
      vertex 7.24 3.61562 0.303482
    endloop
  endfacet
  facet normal -0 0 1
    outer loop
      vertex 0 2.89499 -0.784988
      vertex 7.24 -2.89499 -0.784988
      vertex 7.24 2.89499 -0.784988
    endloop
  endfacet
  facet normal 0 0 1
    outer loop
      vertex 7.24 -2.89499 -0.784988
      vertex 0 2.89499 -0.784988
      vertex 0 -2.89499 -0.784988
    endloop
  endfacet
  facet normal 0 0 -1
    outer loop
      vertex 0 -2.89499 0.784988
      vertex 7.24 2.89499 0.784988
      vertex 7.24 -2.89499 0.784988
    endloop
  endfacet
  facet normal -0 0 -1
    outer loop
      vertex 7.24 2.89499 0.784988
      vertex 0 -2.89499 0.784988
      vertex 0 2.89499 0.784988
    endloop
  endfacet
  facet normal 0 -0.427564 -0.903985
    outer loop
      vertex 0 3.19348 0.725616
      vertex 7.24 3.26268 0.692886
      vertex 7.24 3.19348 0.725616
    endloop
  endfacet
  facet normal -0 -0.427564 -0.903985
    outer loop
      vertex 7.24 3.26268 0.692886
      vertex 0 3.19348 0.725616
      vertex 0 3.26268 0.692886
    endloop
  endfacet
  facet normal 0 -0.0490255 0.998798
    outer loop
      vertex 0 2.97145 -0.781235
      vertex 7.24 2.89499 -0.784988
      vertex 7.24 2.97145 -0.781235
    endloop
  endfacet
  facet normal 0 -0.0490255 0.998798
    outer loop
      vertex 7.24 2.89499 -0.784988
      vertex 0 2.97145 -0.781235
      vertex 0 2.89499 -0.784988
    endloop
  endfacet
  facet normal 0 0.740921 -0.671593
    outer loop
      vertex 7.24 -3.49794 0.499817
      vertex 0 -3.44653 0.556534
      vertex 7.24 -3.44653 0.556534
    endloop
  endfacet
  facet normal 0 0.740921 -0.671593
    outer loop
      vertex 0 -3.44653 0.556534
      vertex 7.24 -3.49794 0.499817
      vertex 0 -3.49794 0.499817
    endloop
  endfacet
  facet normal 0 -0.941569 0.336821
    outer loop
      vertex 0 3.61562 -0.303482
      vertex 7.24 3.6414 -0.231415
      vertex 0 3.6414 -0.231415
    endloop
  endfacet
  facet normal 0 -0.941569 0.336821
    outer loop
      vertex 7.24 3.6414 -0.231415
      vertex 0 3.61562 -0.303482
      vertex 7.24 3.61562 -0.303482
    endloop
  endfacet
  facet normal 0 -0.146737 -0.989176
    outer loop
      vertex 0 2.97145 0.781235
      vertex 7.24 3.04716 0.770004
      vertex 7.24 2.97145 0.781235
    endloop
  endfacet
  facet normal -0 -0.146737 -0.989176
    outer loop
      vertex 7.24 3.04716 0.770004
      vertex 0 2.97145 0.781235
      vertex 0 3.04716 0.770004
    endloop
  endfacet
  facet normal 0 1 -0
    outer loop
      vertex 7.24 -3.67499 -0.00498962
      vertex 0 -3.67499 0.00498962
      vertex 7.24 -3.67499 0.00498962
    endloop
  endfacet
  facet normal 0 1 0
    outer loop
      vertex 0 -3.67499 0.00498962
      vertex 7.24 -3.67499 -0.00498962
      vertex 0 -3.67499 -0.00498962
    endloop
  endfacet
  facet normal -0 0.146737 0.989176
    outer loop
      vertex 0 -2.97145 -0.781235
      vertex 7.24 -3.04716 -0.770004
      vertex 7.24 -2.97145 -0.781235
    endloop
  endfacet
  facet normal 0 0.146737 0.989176
    outer loop
      vertex 7.24 -3.04716 -0.770004
      vertex 0 -2.97145 -0.781235
      vertex 0 -3.04716 -0.770004
    endloop
  endfacet
  facet normal 0 -0.146737 0.989176
    outer loop
      vertex 0 3.04716 -0.770004
      vertex 7.24 2.97145 -0.781235
      vertex 7.24 3.04716 -0.770004
    endloop
  endfacet
  facet normal 0 -0.146737 0.989176
    outer loop
      vertex 7.24 2.97145 -0.781235
      vertex 0 3.04716 -0.770004
      vertex 0 2.97145 -0.781235
    endloop
  endfacet
  facet normal 0 -0.998793 0.0491155
    outer loop
      vertex 0 3.67123 -0.0814514
      vertex 7.24 3.67499 -0.00498962
      vertex 0 3.67499 -0.00498962
    endloop
  endfacet
  facet normal 0 -0.998793 0.0491155
    outer loop
      vertex 7.24 3.67499 -0.00498962
      vertex 0 3.67123 -0.0814514
      vertex 7.24 3.67123 -0.0814514
    endloop
  endfacet
  facet normal 0 -0.80324 0.595656
    outer loop
      vertex 0 3.49794 -0.499817
      vertex 7.24 3.54353 -0.438339
      vertex 0 3.54353 -0.438339
    endloop
  endfacet
  facet normal 0 -0.80324 0.595656
    outer loop
      vertex 7.24 3.54353 -0.438339
      vertex 0 3.49794 -0.499817
      vertex 7.24 3.49794 -0.499817
    endloop
  endfacet
  facet normal 0 0.80324 -0.595656
    outer loop
      vertex 7.24 -3.54353 0.438339
      vertex 0 -3.49794 0.499817
      vertex 7.24 -3.49794 0.499817
    endloop
  endfacet
  facet normal 0 0.80324 -0.595656
    outer loop
      vertex 0 -3.49794 0.499817
      vertex 7.24 -3.54353 0.438339
      vertex 0 -3.54353 0.438339
    endloop
  endfacet
  facet normal -0 0.671617 0.740899
    outer loop
      vertex 0 -3.38982 -0.607941
      vertex 7.24 -3.44653 -0.556534
      vertex 7.24 -3.38982 -0.607941
    endloop
  endfacet
  facet normal 0 0.671617 0.740899
    outer loop
      vertex 7.24 -3.44653 -0.556534
      vertex 0 -3.38982 -0.607941
      vertex 0 -3.44653 -0.556534
    endloop
  endfacet
  facet normal 0 0.671617 -0.740899
    outer loop
      vertex 0 -3.44653 0.556534
      vertex 7.24 -3.38982 0.607941
      vertex 7.24 -3.44653 0.556534
    endloop
  endfacet
  facet normal 0 0.671617 -0.740899
    outer loop
      vertex 7.24 -3.38982 0.607941
      vertex 0 -3.44653 0.556534
      vertex 0 -3.38982 0.607941
    endloop
  endfacet
  facet normal 0 -0.514073 0.857746
    outer loop
      vertex 0 3.32834 -0.653534
      vertex 7.24 3.26268 -0.692886
      vertex 7.24 3.32834 -0.653534
    endloop
  endfacet
  facet normal 0 -0.514073 0.857746
    outer loop
      vertex 7.24 3.26268 -0.692886
      vertex 0 3.32834 -0.653534
      vertex 0 3.26268 -0.692886
    endloop
  endfacet
  facet normal 0 0.242997 -0.970027
    outer loop
      vertex 0 -3.12141 0.751404
      vertex 7.24 -3.04716 0.770004
      vertex 7.24 -3.12141 0.751404
    endloop
  endfacet
  facet normal 0 0.242997 -0.970027
    outer loop
      vertex 7.24 -3.04716 0.770004
      vertex 0 -3.12141 0.751404
      vertex 0 -3.04716 0.770004
    endloop
  endfacet
  facet normal 0 -0.336901 -0.94154
    outer loop
      vertex 0 3.12141 0.751404
      vertex 7.24 3.19348 0.725616
      vertex 7.24 3.12141 0.751404
    endloop
  endfacet
  facet normal -0 -0.336901 -0.94154
    outer loop
      vertex 7.24 3.19348 0.725616
      vertex 0 3.12141 0.751404
      vertex 0 3.19348 0.725616
    endloop
  endfacet
  facet normal 0 0.998793 -0.0491155
    outer loop
      vertex 7.24 -3.67499 0.00498962
      vertex 0 -3.67123 0.0814514
      vertex 7.24 -3.67123 0.0814514
    endloop
  endfacet
  facet normal 0 0.998793 -0.0491155
    outer loop
      vertex 0 -3.67123 0.0814514
      vertex 7.24 -3.67499 0.00498962
      vertex 0 -3.67499 0.00498962
    endloop
  endfacet
  facet normal -0 0.427564 0.903985
    outer loop
      vertex 0 -3.19348 -0.725616
      vertex 7.24 -3.26268 -0.692886
      vertex 7.24 -3.19348 -0.725616
    endloop
  endfacet
  facet normal 0 0.427564 0.903985
    outer loop
      vertex 7.24 -3.26268 -0.692886
      vertex 0 -3.19348 -0.725616
      vertex 0 -3.26268 -0.692886
    endloop
  endfacet
  facet normal 0 -0.941569 -0.336821
    outer loop
      vertex 0 3.6414 0.231415
      vertex 7.24 3.61562 0.303482
      vertex 0 3.61562 0.303482
    endloop
  endfacet
  facet normal 0 -0.941569 -0.336821
    outer loop
      vertex 7.24 3.61562 0.303482
      vertex 0 3.6414 0.231415
      vertex 7.24 3.6414 0.231415
    endloop
  endfacet
  facet normal 0 -0.857693 -0.514161
    outer loop
      vertex 0 3.58289 0.372681
      vertex 7.24 3.54353 0.438339
      vertex 0 3.54353 0.438339
    endloop
  endfacet
  facet normal 0 -0.857693 -0.514161
    outer loop
      vertex 7.24 3.54353 0.438339
      vertex 0 3.58289 0.372681
      vertex 7.24 3.58289 0.372681
    endloop
  endfacet
  facet normal 0 0.595668 -0.803231
    outer loop
      vertex 0 -3.38982 0.607941
      vertex 7.24 -3.32834 0.653534
      vertex 7.24 -3.38982 0.607941
    endloop
  endfacet
  facet normal 0 0.595668 -0.803231
    outer loop
      vertex 7.24 -3.32834 0.653534
      vertex 0 -3.38982 0.607941
      vertex 0 -3.32834 0.653534
    endloop
  endfacet
  facet normal 0 0.336901 -0.94154
    outer loop
      vertex 0 -3.19348 0.725616
      vertex 7.24 -3.12141 0.751404
      vertex 7.24 -3.19348 0.725616
    endloop
  endfacet
  facet normal 0 0.336901 -0.94154
    outer loop
      vertex 7.24 -3.12141 0.751404
      vertex 0 -3.19348 0.725616
      vertex 0 -3.12141 0.751404
    endloop
  endfacet
  facet normal -0 0.595668 0.803231
    outer loop
      vertex 0 -3.32834 -0.653534
      vertex 7.24 -3.38982 -0.607941
      vertex 7.24 -3.32834 -0.653534
    endloop
  endfacet
  facet normal 0 0.595668 0.803231
    outer loop
      vertex 7.24 -3.38982 -0.607941
      vertex 0 -3.32834 -0.653534
      vertex 0 -3.38982 -0.607941
    endloop
  endfacet
  facet normal 0 -0.857693 0.514161
    outer loop
      vertex 0 3.54353 -0.438339
      vertex 7.24 3.58289 -0.372681
      vertex 0 3.58289 -0.372681
    endloop
  endfacet
  facet normal 0 -0.857693 0.514161
    outer loop
      vertex 7.24 3.58289 -0.372681
      vertex 0 3.54353 -0.438339
      vertex 7.24 3.54353 -0.438339
    endloop
  endfacet
  facet normal 0 -0.242997 -0.970027
    outer loop
      vertex 0 3.04716 0.770004
      vertex 7.24 3.12141 0.751404
      vertex 7.24 3.04716 0.770004
    endloop
  endfacet
  facet normal -0 -0.242997 -0.970027
    outer loop
      vertex 7.24 3.12141 0.751404
      vertex 0 3.04716 0.770004
      vertex 0 3.12141 0.751404
    endloop
  endfacet
  facet normal 0 -0.998793 -0.0491155
    outer loop
      vertex 0 3.67499 0.00498962
      vertex 7.24 3.67123 0.0814514
      vertex 0 3.67123 0.0814514
    endloop
  endfacet
  facet normal 0 -0.998793 -0.0491155
    outer loop
      vertex 7.24 3.67123 0.0814514
      vertex 0 3.67499 0.00498962
      vertex 7.24 3.67499 0.00498962
    endloop
  endfacet
  facet normal 0 0.903983 0.427569
    outer loop
      vertex 7.24 -3.58289 -0.372681
      vertex 0 -3.61562 -0.303482
      vertex 7.24 -3.61562 -0.303482
    endloop
  endfacet
  facet normal 0 0.903983 0.427569
    outer loop
      vertex 0 -3.61562 -0.303482
      vertex 7.24 -3.58289 -0.372681
      vertex 0 -3.58289 -0.372681
    endloop
  endfacet
  facet normal 0 -0.242997 0.970027
    outer loop
      vertex 0 3.12141 -0.751404
      vertex 7.24 3.04716 -0.770004
      vertex 7.24 3.12141 -0.751404
    endloop
  endfacet
  facet normal 0 -0.242997 0.970027
    outer loop
      vertex 7.24 3.04716 -0.770004
      vertex 0 3.12141 -0.751404
      vertex 0 3.04716 -0.770004
    endloop
  endfacet
  facet normal 0 0.80324 0.595656
    outer loop
      vertex 7.24 -3.49794 -0.499817
      vertex 0 -3.54353 -0.438339
      vertex 7.24 -3.54353 -0.438339
    endloop
  endfacet
  facet normal 0 0.80324 0.595656
    outer loop
      vertex 0 -3.54353 -0.438339
      vertex 7.24 -3.49794 -0.499817
      vertex 0 -3.49794 -0.499817
    endloop
  endfacet
  facet normal 0 0.941569 0.336821
    outer loop
      vertex 7.24 -3.61562 -0.303482
      vertex 0 -3.6414 -0.231415
      vertex 7.24 -3.6414 -0.231415
    endloop
  endfacet
  facet normal 0 0.941569 0.336821
    outer loop
      vertex 0 -3.6414 -0.231415
      vertex 7.24 -3.61562 -0.303482
      vertex 0 -3.61562 -0.303482
    endloop
  endfacet
  facet normal 0 -0.80324 -0.595656
    outer loop
      vertex 0 3.54353 0.438339
      vertex 7.24 3.49794 0.499817
      vertex 0 3.49794 0.499817
    endloop
  endfacet
  facet normal 0 -0.80324 -0.595656
    outer loop
      vertex 7.24 3.49794 0.499817
      vertex 0 3.54353 0.438339
      vertex 7.24 3.54353 0.438339
    endloop
  endfacet
  facet normal 0 -0.671617 -0.740899
    outer loop
      vertex 0 3.38982 0.607941
      vertex 7.24 3.44653 0.556534
      vertex 7.24 3.38982 0.607941
    endloop
  endfacet
  facet normal -0 -0.671617 -0.740899
    outer loop
      vertex 7.24 3.44653 0.556534
      vertex 0 3.38982 0.607941
      vertex 0 3.44653 0.556534
    endloop
  endfacet
  facet normal 0 0.857693 0.514161
    outer loop
      vertex 7.24 -3.54353 -0.438339
      vertex 0 -3.58289 -0.372681
      vertex 7.24 -3.58289 -0.372681
    endloop
  endfacet
  facet normal 0 0.857693 0.514161
    outer loop
      vertex 0 -3.58289 -0.372681
      vertex 7.24 -3.54353 -0.438339
      vertex 0 -3.54353 -0.438339
    endloop
  endfacet
  facet normal 0 0.970026 0.243
    outer loop
      vertex 7.24 -3.6414 -0.231415
      vertex 0 -3.66 -0.157166
      vertex 7.24 -3.66 -0.157166
    endloop
  endfacet
  facet normal 0 0.970026 0.243
    outer loop
      vertex 0 -3.66 -0.157166
      vertex 7.24 -3.6414 -0.231415
      vertex 0 -3.6414 -0.231415
    endloop
  endfacet
  facet normal 0 -0.970026 -0.243
    outer loop
      vertex 0 3.66 0.157166
      vertex 7.24 3.6414 0.231415
      vertex 0 3.6414 0.231415
    endloop
  endfacet
  facet normal 0 -0.970026 -0.243
    outer loop
      vertex 7.24 3.6414 0.231415
      vertex 0 3.66 0.157166
      vertex 7.24 3.66 0.157166
    endloop
  endfacet
  facet normal 0 -0.903983 0.427569
    outer loop
      vertex 0 3.58289 -0.372681
      vertex 7.24 3.61562 -0.303482
      vertex 0 3.61562 -0.303482
    endloop
  endfacet
  facet normal 0 -0.903983 0.427569
    outer loop
      vertex 7.24 3.61562 -0.303482
      vertex 0 3.58289 -0.372681
      vertex 7.24 3.58289 -0.372681
    endloop
  endfacet
  facet normal 0 -0.740921 -0.671593
    outer loop
      vertex 0 3.49794 0.499817
      vertex 7.24 3.44653 0.556534
      vertex 0 3.44653 0.556534
    endloop
  endfacet
  facet normal 0 -0.740921 -0.671593
    outer loop
      vertex 7.24 3.44653 0.556534
      vertex 0 3.49794 0.499817
      vertex 7.24 3.49794 0.499817
    endloop
  endfacet
  facet normal 0 0.941569 -0.336821
    outer loop
      vertex 7.24 -3.6414 0.231415
      vertex 0 -3.61562 0.303482
      vertex 7.24 -3.61562 0.303482
    endloop
  endfacet
  facet normal 0 0.941569 -0.336821
    outer loop
      vertex 0 -3.61562 0.303482
      vertex 7.24 -3.6414 0.231415
      vertex 0 -3.6414 0.231415
    endloop
  endfacet
  facet normal 0 -0.970026 0.243
    outer loop
      vertex 0 3.6414 -0.231415
      vertex 7.24 3.66 -0.157166
      vertex 0 3.66 -0.157166
    endloop
  endfacet
  facet normal 0 -0.970026 0.243
    outer loop
      vertex 7.24 3.66 -0.157166
      vertex 0 3.6414 -0.231415
      vertex 7.24 3.6414 -0.231415
    endloop
  endfacet
  facet normal 0 0.740921 0.671593
    outer loop
      vertex 7.24 -3.44653 -0.556534
      vertex 0 -3.49794 -0.499817
      vertex 7.24 -3.49794 -0.499817
    endloop
  endfacet
  facet normal 0 0.740921 0.671593
    outer loop
      vertex 0 -3.49794 -0.499817
      vertex 7.24 -3.44653 -0.556534
      vertex 0 -3.44653 -0.556534
    endloop
  endfacet
  facet normal 0 0.989179 0.146715
    outer loop
      vertex 7.24 -3.66 -0.157166
      vertex 0 -3.67123 -0.0814514
      vertex 7.24 -3.67123 -0.0814514
    endloop
  endfacet
  facet normal 0 0.989179 0.146715
    outer loop
      vertex 0 -3.67123 -0.0814514
      vertex 7.24 -3.66 -0.157166
      vertex 0 -3.66 -0.157166
    endloop
  endfacet
  facet normal 0 -0.595668 0.803231
    outer loop
      vertex 0 3.38982 -0.607941
      vertex 7.24 3.32834 -0.653534
      vertex 7.24 3.38982 -0.607941
    endloop
  endfacet
  facet normal 0 -0.595668 0.803231
    outer loop
      vertex 7.24 3.32834 -0.653534
      vertex 0 3.38982 -0.607941
      vertex 0 3.32834 -0.653534
    endloop
  endfacet
  facet normal 0 -1 0
    outer loop
      vertex 0 3.67499 -0.00498962
      vertex 7.24 3.67499 0.00498962
      vertex 0 3.67499 0.00498962
    endloop
  endfacet
  facet normal 0 -1 -0
    outer loop
      vertex 7.24 3.67499 0.00498962
      vertex 0 3.67499 -0.00498962
      vertex 7.24 3.67499 -0.00498962
    endloop
  endfacet
  facet normal -0 0.242997 0.970027
    outer loop
      vertex 0 -3.04716 -0.770004
      vertex 7.24 -3.12141 -0.751404
      vertex 7.24 -3.04716 -0.770004
    endloop
  endfacet
  facet normal 0 0.242997 0.970027
    outer loop
      vertex 7.24 -3.12141 -0.751404
      vertex 0 -3.04716 -0.770004
      vertex 0 -3.12141 -0.751404
    endloop
  endfacet
  facet normal 0 0.857693 -0.514161
    outer loop
      vertex 7.24 -3.58289 0.372681
      vertex 0 -3.54353 0.438339
      vertex 7.24 -3.54353 0.438339
    endloop
  endfacet
  facet normal 0 0.857693 -0.514161
    outer loop
      vertex 0 -3.54353 0.438339
      vertex 7.24 -3.58289 0.372681
      vertex 0 -3.58289 0.372681
    endloop
  endfacet
  facet normal -0 0.514073 0.857746
    outer loop
      vertex 0 -3.26268 -0.692886
      vertex 7.24 -3.32834 -0.653534
      vertex 7.24 -3.26268 -0.692886
    endloop
  endfacet
  facet normal 0 0.514073 0.857746
    outer loop
      vertex 7.24 -3.32834 -0.653534
      vertex 0 -3.26268 -0.692886
      vertex 0 -3.32834 -0.653534
    endloop
  endfacet
  facet normal 0 -0.336901 0.94154
    outer loop
      vertex 0 3.19348 -0.725616
      vertex 7.24 3.12141 -0.751404
      vertex 7.24 3.19348 -0.725616
    endloop
  endfacet
  facet normal 0 -0.336901 0.94154
    outer loop
      vertex 7.24 3.12141 -0.751404
      vertex 0 3.19348 -0.725616
      vertex 0 3.12141 -0.751404
    endloop
  endfacet
  facet normal 0 0.989179 -0.146715
    outer loop
      vertex 7.24 -3.67123 0.0814514
      vertex 0 -3.66 0.157166
      vertex 7.24 -3.66 0.157166
    endloop
  endfacet
  facet normal 0 0.989179 -0.146715
    outer loop
      vertex 0 -3.66 0.157166
      vertex 7.24 -3.67123 0.0814514
      vertex 0 -3.67123 0.0814514
    endloop
  endfacet
  facet normal 0 -0.671617 0.740899
    outer loop
      vertex 0 3.44653 -0.556534
      vertex 7.24 3.38982 -0.607941
      vertex 7.24 3.44653 -0.556534
    endloop
  endfacet
  facet normal 0 -0.671617 0.740899
    outer loop
      vertex 7.24 3.38982 -0.607941
      vertex 0 3.44653 -0.556534
      vertex 0 3.38982 -0.607941
    endloop
  endfacet
  facet normal 0 -0.740921 0.671593
    outer loop
      vertex 0 3.44653 -0.556534
      vertex 7.24 3.49794 -0.499817
      vertex 0 3.49794 -0.499817
    endloop
  endfacet
  facet normal 0 -0.740921 0.671593
    outer loop
      vertex 7.24 3.49794 -0.499817
      vertex 0 3.44653 -0.556534
      vertex 7.24 3.44653 -0.556534
    endloop
  endfacet
  facet normal 0 0.998793 0.0491155
    outer loop
      vertex 7.24 -3.67123 -0.0814514
      vertex 0 -3.67499 -0.00498962
      vertex 7.24 -3.67499 -0.00498962
    endloop
  endfacet
  facet normal 0 0.998793 0.0491155
    outer loop
      vertex 0 -3.67499 -0.00498962
      vertex 7.24 -3.67123 -0.0814514
      vertex 0 -3.67123 -0.0814514
    endloop
  endfacet
  facet normal 0 0.427564 -0.903985
    outer loop
      vertex 0 -3.26268 0.692886
      vertex 7.24 -3.19348 0.725616
      vertex 7.24 -3.26268 0.692886
    endloop
  endfacet
  facet normal 0 0.427564 -0.903985
    outer loop
      vertex 7.24 -3.19348 0.725616
      vertex 0 -3.26268 0.692886
      vertex 0 -3.19348 0.725616
    endloop
  endfacet
  facet normal 0 -0.989179 0.146715
    outer loop
      vertex 0 3.66 -0.157166
      vertex 7.24 3.67123 -0.0814514
      vertex 0 3.67123 -0.0814514
    endloop
  endfacet
  facet normal 0 -0.989179 0.146715
    outer loop
      vertex 7.24 3.67123 -0.0814514
      vertex 0 3.66 -0.157166
      vertex 7.24 3.66 -0.157166
    endloop
  endfacet
  facet normal 0 0.970026 -0.243
    outer loop
      vertex 7.24 -3.66 0.157166
      vertex 0 -3.6414 0.231415
      vertex 7.24 -3.6414 0.231415
    endloop
  endfacet
  facet normal 0 0.970026 -0.243
    outer loop
      vertex 0 -3.6414 0.231415
      vertex 7.24 -3.66 0.157166
      vertex 0 -3.66 0.157166
    endloop
  endfacet
  facet normal 0 0 0
    outer loop
      vertex 24.15 5.325 0.04
      vertex 24.15 5.325 0
      vertex 24.15 5.325 -0.04
    endloop
  endfacet
  facet normal 1 0 -0
    outer loop
      vertex 24.15 5.325 0
      vertex 24.15 5.325 0.04
      vertex 24.15 5.32303 0.04
    endloop
  endfacet
  facet normal 1 0 -0
    outer loop
      vertex 24.15 5.325 -0.04
      vertex 24.15 5.325 0
      vertex 24.15 5.32303 -0.04
    endloop
  endfacet
  facet normal -0 0 1
    outer loop
      vertex 7.34 5.325 0.04
      vertex 24.15 5.32303 0.04
      vertex 24.15 5.325 0.04
    endloop
  endfacet
  facet normal 0 0 1
    outer loop
      vertex 24.15 5.32303 0.04
      vertex 7.34 5.325 0.04
      vertex 7.34 5.32303 0.04
    endloop
  endfacet
  facet normal 0 0 -1
    outer loop
      vertex 7.34 5.32303 -0.04
      vertex 24.15 5.325 -0.04
      vertex 24.15 5.32303 -0.04
    endloop
  endfacet
  facet normal -0 0 -1
    outer loop
      vertex 24.15 5.325 -0.04
      vertex 7.34 5.32303 -0.04
      vertex 7.34 5.325 -0.04
    endloop
  endfacet
  facet normal 0 0 0
    outer loop
      vertex 7.34 5.325 -0.04
      vertex 7.34 5.325 0
      vertex 7.34 5.325 0.04
    endloop
  endfacet
  facet normal -1 0 -0
    outer loop
      vertex 7.34 5.325 0
      vertex 7.34 5.325 -0.04
      vertex 7.34 5.32303 -0.04
    endloop
  endfacet
  facet normal -1 -0 -0
    outer loop
      vertex 7.34 5.325 0.04
      vertex 7.34 5.325 0
      vertex 7.34 5.32303 0.04
    endloop
  endfacet
  facet normal 0 1 -0
    outer loop
      vertex 24.15 5.325 -0.04
      vertex 7.34 5.325 0.04
      vertex 24.15 5.325 0.04
    endloop
  endfacet
  facet normal 0 1 0
    outer loop
      vertex 7.34 5.325 0.04
      vertex 24.15 5.325 -0.04
      vertex 7.34 5.325 -0.04
    endloop
  endfacet
  facet normal 1 0 0
    outer loop
      vertex 24.15 -5.32303 0.04
      vertex 24.15 -5.325 0.04
      vertex 24.15 -5.325 0
    endloop
  endfacet
  facet normal 1 0 0
    outer loop
      vertex 24.15 -5.325 0
      vertex 24.15 -5.325 -0.04
      vertex 24.15 -5.32303 -0.04
    endloop
  endfacet
  facet normal 0 0 0
    outer loop
      vertex 24.15 -5.325 -0.04
      vertex 24.15 -5.325 0
      vertex 24.15 -5.325 0.04
    endloop
  endfacet
  facet normal -0 0 1
    outer loop
      vertex 7.34 -5.32303 0.04
      vertex 24.15 -5.325 0.04
      vertex 24.15 -5.32303 0.04
    endloop
  endfacet
  facet normal 0 0 1
    outer loop
      vertex 24.15 -5.325 0.04
      vertex 7.34 -5.32303 0.04
      vertex 7.34 -5.325 0.04
    endloop
  endfacet
  facet normal 0 0 -1
    outer loop
      vertex 7.34 -5.325 -0.04
      vertex 24.15 -5.32303 -0.04
      vertex 24.15 -5.325 -0.04
    endloop
  endfacet
  facet normal -0 0 -1
    outer loop
      vertex 24.15 -5.32303 -0.04
      vertex 7.34 -5.325 -0.04
      vertex 7.34 -5.32303 -0.04
    endloop
  endfacet
  facet normal -1 0 0
    outer loop
      vertex 7.34 -5.32303 -0.04
      vertex 7.34 -5.325 -0.04
      vertex 7.34 -5.325 0
    endloop
  endfacet
  facet normal -1 0 0
    outer loop
      vertex 7.34 -5.325 0
      vertex 7.34 -5.325 0.04
      vertex 7.34 -5.32303 0.04
    endloop
  endfacet
  facet normal 0 0 0
    outer loop
      vertex 7.34 -5.325 0.04
      vertex 7.34 -5.325 0
      vertex 7.34 -5.325 -0.04
    endloop
  endfacet
  facet normal 0 -1 0
    outer loop
      vertex 7.34 -5.325 -0.04
      vertex 24.15 -5.325 0.04
      vertex 7.34 -5.325 0.04
    endloop
  endfacet
  facet normal 0 -1 -0
    outer loop
      vertex 24.15 -5.325 0.04
      vertex 7.34 -5.325 -0.04
      vertex 24.15 -5.325 -0.04
    endloop
  endfacet
  facet normal 0 -0.146735 0.989176
    outer loop
      vertex 7.24 -2.75435 2.83627
      vertex 24.25 -3.03101 2.79523
      vertex 24.25 -2.75435 2.83627
    endloop
  endfacet
  facet normal 0 -0.146735 0.989176
    outer loop
      vertex 24.25 -3.03101 2.79523
      vertex 7.24 -2.75435 2.83627
      vertex 7.24 -3.03101 2.79523
    endloop
  endfacet
  facet normal 0 0.989181 -0.146702
    outer loop
      vertex 24.25 5.27023 -0.556
      vertex 7.24 5.31126 -0.279343
      vertex 24.25 5.31126 -0.279343
    endloop
  endfacet
  facet normal 0 0.989181 -0.146702
    outer loop
      vertex 7.24 5.31126 -0.279343
      vertex 24.25 5.27023 -0.556
      vertex 7.24 5.27023 -0.556
    endloop
  endfacet
  facet normal 0 -0.970029 0.242989
    outer loop
      vertex 7.24 -5.27023 0.556
      vertex 24.25 -5.20227 0.827301
      vertex 7.24 -5.20227 0.827301
    endloop
  endfacet
  facet normal 0 -0.970029 0.242989
    outer loop
      vertex 24.25 -5.20227 0.827301
      vertex 7.24 -5.27023 0.556
      vertex 24.25 -5.27023 0.556
    endloop
  endfacet
  facet normal 0 -0.0490531 0.998796
    outer loop
      vertex 7.24 -2.47499 2.84999
      vertex 24.25 -2.75435 2.83627
      vertex 24.25 -2.47499 2.84999
    endloop
  endfacet
  facet normal 0 -0.0490531 0.998796
    outer loop
      vertex 24.25 -2.75435 2.83627
      vertex 7.24 -2.47499 2.84999
      vertex 7.24 -2.75435 2.83627
    endloop
  endfacet
  facet normal 0 0.941549 -0.336877
    outer loop
      vertex 24.25 5.10805 -1.09064
      vertex 7.24 5.20227 -0.827301
      vertex 24.25 5.20227 -0.827301
    endloop
  endfacet
  facet normal 0 0.941549 -0.336877
    outer loop
      vertex 7.24 5.20227 -0.827301
      vertex 24.25 5.10805 -1.09064
      vertex 7.24 5.10805 -1.09064
    endloop
  endfacet
  facet normal 0 0.989181 0.146702
    outer loop
      vertex 24.25 5.31126 0.279343
      vertex 7.24 5.27023 0.556
      vertex 24.25 5.27023 0.556
    endloop
  endfacet
  facet normal 0 0.989181 0.146702
    outer loop
      vertex 7.24 5.27023 0.556
      vertex 24.25 5.31126 0.279343
      vertex 7.24 5.31126 0.279343
    endloop
  endfacet
  facet normal -0 0.427585 0.903975
    outer loop
      vertex 7.24 3.81847 2.51347
      vertex 24.25 3.56564 2.63306
      vertex 24.25 3.81847 2.51347
    endloop
  endfacet
  facet normal 0 0.427585 0.903975
    outer loop
      vertex 24.25 3.56564 2.63306
      vertex 7.24 3.81847 2.51347
      vertex 7.24 3.56564 2.63306
    endloop
  endfacet
  facet normal 0 -0.803198 0.595712
    outer loop
      vertex 7.24 -4.84468 1.58337
      vertex 24.25 -4.67807 1.80801
      vertex 7.24 -4.67807 1.80801
    endloop
  endfacet
  facet normal 0 -0.803198 0.595712
    outer loop
      vertex 24.25 -4.67807 1.80801
      vertex 7.24 -4.84468 1.58337
      vertex 24.25 -4.84468 1.58337
    endloop
  endfacet
  facet normal 0 -0.514143 -0.857704
    outer loop
      vertex 7.24 -4.05836 -2.36967
      vertex 24.25 -3.81847 -2.51347
      vertex 24.25 -4.05836 -2.36967
    endloop
  endfacet
  facet normal -0 -0.514143 -0.857704
    outer loop
      vertex 24.25 -3.81847 -2.51347
      vertex 7.24 -4.05836 -2.36967
      vertex 7.24 -3.81847 -2.51347
    endloop
  endfacet
  facet normal -0 0.671594 0.74092
    outer loop
      vertex 7.24 4.49025 2.01524
      vertex 24.25 4.28302 2.20308
      vertex 24.25 4.49025 2.01524
    endloop
  endfacet
  facet normal 0 0.671594 0.74092
    outer loop
      vertex 24.25 4.28302 2.20308
      vertex 7.24 4.49025 2.01524
      vertex 7.24 4.28302 2.20308
    endloop
  endfacet
  facet normal 0 0.146735 -0.989176
    outer loop
      vertex 7.24 2.75435 -2.83627
      vertex 24.25 3.03101 -2.79523
      vertex 24.25 2.75435 -2.83627
    endloop
  endfacet
  facet normal 0 0.146735 -0.989176
    outer loop
      vertex 24.25 3.03101 -2.79523
      vertex 7.24 2.75435 -2.83627
      vertex 7.24 3.03101 -2.79523
    endloop
  endfacet
  facet normal 0 0 -1
    outer loop
      vertex 7.24 -2.47499 -2.84999
      vertex 24.25 2.47499 -2.84999
      vertex 24.25 -2.47499 -2.84999
    endloop
  endfacet
  facet normal -0 0 -1
    outer loop
      vertex 24.25 2.47499 -2.84999
      vertex 7.24 -2.47499 -2.84999
      vertex 7.24 2.47499 -2.84999
    endloop
  endfacet
  facet normal 0 -0.514143 0.857704
    outer loop
      vertex 7.24 -3.81847 2.51347
      vertex 24.25 -4.05836 2.36967
      vertex 24.25 -3.81847 2.51347
    endloop
  endfacet
  facet normal 0 -0.514143 0.857704
    outer loop
      vertex 24.25 -4.05836 2.36967
      vertex 7.24 -3.81847 2.51347
      vertex 7.24 -4.05836 2.36967
    endloop
  endfacet
  facet normal 0 -0.970029 -0.242989
    outer loop
      vertex 7.24 -5.20227 -0.827301
      vertex 24.25 -5.27023 -0.556
      vertex 7.24 -5.27023 -0.556
    endloop
  endfacet
  facet normal 0 -0.970029 -0.242989
    outer loop
      vertex 24.25 -5.27023 -0.556
      vertex 7.24 -5.20227 -0.827301
      vertex 24.25 -5.20227 -0.827301
    endloop
  endfacet
  facet normal 0 -0.857736 -0.514091
    outer loop
      vertex 7.24 -4.84468 -1.58337
      vertex 24.25 -4.98846 -1.34348
      vertex 7.24 -4.98846 -1.34348
    endloop
  endfacet
  facet normal 0 -0.857736 -0.514091
    outer loop
      vertex 24.25 -4.98846 -1.34348
      vertex 7.24 -4.84468 -1.58337
      vertex 24.25 -4.84468 -1.58337
    endloop
  endfacet
  facet normal 0 0.427585 -0.903975
    outer loop
      vertex 7.24 3.56564 -2.63306
      vertex 24.25 3.81847 -2.51347
      vertex 24.25 3.56564 -2.63306
    endloop
  endfacet
  facet normal 0 0.427585 -0.903975
    outer loop
      vertex 24.25 3.81847 -2.51347
      vertex 7.24 3.56564 -2.63306
      vertex 7.24 3.81847 -2.51347
    endloop
  endfacet
  facet normal 0 0.998789 -0.0491904
    outer loop
      vertex 24.25 5.325 0
      vertex 24.15 5.32303 -0.04
      vertex 24.15 5.325 0
    endloop
  endfacet
  facet normal 0 0.998793 -0.0491169
    outer loop
      vertex 24.15 5.32303 -0.04
      vertex 24.25 5.31126 -0.279343
      vertex 7.34 5.32303 -0.04
    endloop
  endfacet
  facet normal -2.52327e-05 0.998793 -0.0491274
    outer loop
      vertex 24.25 5.31126 -0.279343
      vertex 24.15 5.32303 -0.04
      vertex 24.25 5.325 0
    endloop
  endfacet
  facet normal 0 0.998789 -0.0491904
    outer loop
      vertex 7.34 5.32303 -0.04
      vertex 7.24 5.325 0
      vertex 7.34 5.325 0
    endloop
  endfacet
  facet normal 2.52327e-05 0.998793 -0.0491274
    outer loop
      vertex 7.34 5.32303 -0.04
      vertex 7.24 5.31126 -0.279343
      vertex 7.24 5.325 0
    endloop
  endfacet
  facet normal 0 0.998793 -0.0491169
    outer loop
      vertex 7.24 5.31126 -0.279343
      vertex 7.34 5.32303 -0.04
      vertex 24.25 5.31126 -0.279343
    endloop
  endfacet
  facet normal -0 0.0490531 0.998796
    outer loop
      vertex 7.24 2.75435 2.83627
      vertex 24.25 2.47499 2.84999
      vertex 24.25 2.75435 2.83627
    endloop
  endfacet
  facet normal 0 0.0490531 0.998796
    outer loop
      vertex 24.25 2.47499 2.84999
      vertex 7.24 2.75435 2.83627
      vertex 7.24 2.47499 2.84999
    endloop
  endfacet
  facet normal -0 0 1
    outer loop
      vertex 7.24 2.47499 2.84999
      vertex 24.25 -2.47499 2.84999
      vertex 24.25 2.47499 2.84999
    endloop
  endfacet
  facet normal 0 0 1
    outer loop
      vertex 24.25 -2.47499 2.84999
      vertex 7.24 2.47499 2.84999
      vertex 7.24 -2.47499 2.84999
    endloop
  endfacet
  facet normal 0 -0.740955 -0.671554
    outer loop
      vertex 7.24 -4.49025 -2.01524
      vertex 24.25 -4.67807 -1.80801
      vertex 7.24 -4.67807 -1.80801
    endloop
  endfacet
  facet normal 0 -0.740955 -0.671554
    outer loop
      vertex 24.25 -4.67807 -1.80801
      vertex 7.24 -4.49025 -2.01524
      vertex 24.25 -4.49025 -2.01524
    endloop
  endfacet
  facet normal 0 0.740955 0.671554
    outer loop
      vertex 24.25 4.67807 1.80801
      vertex 7.24 4.49025 2.01524
      vertex 24.25 4.49025 2.01524
    endloop
  endfacet
  facet normal 0 0.740955 0.671554
    outer loop
      vertex 7.24 4.49025 2.01524
      vertex 24.25 4.67807 1.80801
      vertex 7.24 4.67807 1.80801
    endloop
  endfacet
  facet normal -0 0.514143 0.857704
    outer loop
      vertex 7.24 4.05836 2.36967
      vertex 24.25 3.81847 2.51347
      vertex 24.25 4.05836 2.36967
    endloop
  endfacet
  facet normal 0 0.514143 0.857704
    outer loop
      vertex 24.25 3.81847 2.51347
      vertex 7.24 4.05836 2.36967
      vertex 7.24 3.81847 2.51347
    endloop
  endfacet
  facet normal 0 0.0490531 -0.998796
    outer loop
      vertex 7.24 2.47499 -2.84999
      vertex 24.25 2.75435 -2.83627
      vertex 24.25 2.47499 -2.84999
    endloop
  endfacet
  facet normal 0 0.0490531 -0.998796
    outer loop
      vertex 24.25 2.75435 -2.83627
      vertex 7.24 2.47499 -2.84999
      vertex 7.24 2.75435 -2.83627
    endloop
  endfacet
  facet normal 0 -0.989181 -0.146702
    outer loop
      vertex 7.24 -5.27023 -0.556
      vertex 24.25 -5.31126 -0.279343
      vertex 7.24 -5.31126 -0.279343
    endloop
  endfacet
  facet normal 0 -0.989181 -0.146702
    outer loop
      vertex 24.25 -5.31126 -0.279343
      vertex 7.24 -5.27023 -0.556
      vertex 24.25 -5.27023 -0.556
    endloop
  endfacet
  facet normal 0 -0.803198 -0.595712
    outer loop
      vertex 7.24 -4.67807 -1.80801
      vertex 24.25 -4.84468 -1.58337
      vertex 7.24 -4.84468 -1.58337
    endloop
  endfacet
  facet normal 0 -0.803198 -0.595712
    outer loop
      vertex 24.25 -4.84468 -1.58337
      vertex 7.24 -4.67807 -1.80801
      vertex 24.25 -4.67807 -1.80801
    endloop
  endfacet
  facet normal 0 0.242956 -0.970037
    outer loop
      vertex 7.24 3.03101 -2.79523
      vertex 24.25 3.30231 -2.72728
      vertex 24.25 3.03101 -2.79523
    endloop
  endfacet
  facet normal 0 0.242956 -0.970037
    outer loop
      vertex 24.25 3.30231 -2.72728
      vertex 7.24 3.03101 -2.79523
      vertex 7.24 3.30231 -2.72728
    endloop
  endfacet
  facet normal 0 0.941549 0.336877
    outer loop
      vertex 24.25 5.20227 0.827301
      vertex 7.24 5.10805 1.09064
      vertex 24.25 5.10805 1.09064
    endloop
  endfacet
  facet normal 0 0.941549 0.336877
    outer loop
      vertex 7.24 5.10805 1.09064
      vertex 24.25 5.20227 0.827301
      vertex 7.24 5.20227 0.827301
    endloop
  endfacet
  facet normal 0 0.336887 -0.941545
    outer loop
      vertex 7.24 3.30231 -2.72728
      vertex 24.25 3.56564 -2.63306
      vertex 24.25 3.30231 -2.72728
    endloop
  endfacet
  facet normal 0 0.336887 -0.941545
    outer loop
      vertex 24.25 3.56564 -2.63306
      vertex 7.24 3.30231 -2.72728
      vertex 7.24 3.56564 -2.63306
    endloop
  endfacet
  facet normal 0 -0.998789 -0.0491904
    outer loop
      vertex 7.24 -5.325 0
      vertex 7.34 -5.32303 -0.04
      vertex 7.34 -5.325 0
    endloop
  endfacet
  facet normal 0 -0.998793 -0.0491169
    outer loop
      vertex 7.34 -5.32303 -0.04
      vertex 7.24 -5.31126 -0.279343
      vertex 24.15 -5.32303 -0.04
    endloop
  endfacet
  facet normal 2.52327e-05 -0.998793 -0.0491274
    outer loop
      vertex 7.24 -5.31126 -0.279343
      vertex 7.34 -5.32303 -0.04
      vertex 7.24 -5.325 0
    endloop
  endfacet
  facet normal 0 -0.998789 -0.0491904
    outer loop
      vertex 24.15 -5.32303 -0.04
      vertex 24.25 -5.325 0
      vertex 24.15 -5.325 0
    endloop
  endfacet
  facet normal -2.52327e-05 -0.998793 -0.0491274
    outer loop
      vertex 24.15 -5.32303 -0.04
      vertex 24.25 -5.31126 -0.279343
      vertex 24.25 -5.325 0
    endloop
  endfacet
  facet normal -0 -0.998793 -0.0491169
    outer loop
      vertex 24.25 -5.31126 -0.279343
      vertex 24.15 -5.32303 -0.04
      vertex 7.24 -5.31126 -0.279343
    endloop
  endfacet
  facet normal 0 0.671594 -0.74092
    outer loop
      vertex 7.24 4.28302 -2.20308
      vertex 24.25 4.49025 -2.01524
      vertex 24.25 4.28302 -2.20308
    endloop
  endfacet
  facet normal 0 0.671594 -0.74092
    outer loop
      vertex 24.25 4.49025 -2.01524
      vertex 7.24 4.28302 -2.20308
      vertex 7.24 4.49025 -2.01524
    endloop
  endfacet
  facet normal 0 0.903982 0.427571
    outer loop
      vertex 24.25 5.10805 1.09064
      vertex 7.24 4.98846 1.34348
      vertex 24.25 4.98846 1.34348
    endloop
  endfacet
  facet normal 0 0.903982 0.427571
    outer loop
      vertex 7.24 4.98846 1.34348
      vertex 24.25 5.10805 1.09064
      vertex 7.24 5.10805 1.09064
    endloop
  endfacet
  facet normal 0 -0.941549 -0.336877
    outer loop
      vertex 7.24 -5.10805 -1.09064
      vertex 24.25 -5.20227 -0.827301
      vertex 7.24 -5.20227 -0.827301
    endloop
  endfacet
  facet normal 0 -0.941549 -0.336877
    outer loop
      vertex 24.25 -5.20227 -0.827301
      vertex 7.24 -5.10805 -1.09064
      vertex 24.25 -5.10805 -1.09064
    endloop
  endfacet
  facet normal -0 0.336887 0.941545
    outer loop
      vertex 7.24 3.56564 2.63306
      vertex 24.25 3.30231 2.72728
      vertex 24.25 3.56564 2.63306
    endloop
  endfacet
  facet normal 0 0.336887 0.941545
    outer loop
      vertex 24.25 3.30231 2.72728
      vertex 7.24 3.56564 2.63306
      vertex 7.24 3.30231 2.72728
    endloop
  endfacet
  facet normal 0 0.740955 -0.671554
    outer loop
      vertex 24.25 4.49025 -2.01524
      vertex 7.24 4.67807 -1.80801
      vertex 24.25 4.67807 -1.80801
    endloop
  endfacet
  facet normal 0 0.740955 -0.671554
    outer loop
      vertex 7.24 4.67807 -1.80801
      vertex 24.25 4.49025 -2.01524
      vertex 7.24 4.49025 -2.01524
    endloop
  endfacet
  facet normal -0 0.595632 0.803258
    outer loop
      vertex 7.24 4.28302 2.20308
      vertex 24.25 4.05836 2.36967
      vertex 24.25 4.28302 2.20308
    endloop
  endfacet
  facet normal 0 0.595632 0.803258
    outer loop
      vertex 24.25 4.05836 2.36967
      vertex 7.24 4.28302 2.20308
      vertex 7.24 4.05836 2.36967
    endloop
  endfacet
  facet normal 0 -0.903982 0.427571
    outer loop
      vertex 7.24 -5.10805 1.09064
      vertex 24.25 -4.98846 1.34348
      vertex 7.24 -4.98846 1.34348
    endloop
  endfacet
  facet normal 0 -0.903982 0.427571
    outer loop
      vertex 24.25 -4.98846 1.34348
      vertex 7.24 -5.10805 1.09064
      vertex 24.25 -5.10805 1.09064
    endloop
  endfacet
  facet normal 0 -0.146735 -0.989176
    outer loop
      vertex 7.24 -3.03101 -2.79523
      vertex 24.25 -2.75435 -2.83627
      vertex 24.25 -3.03101 -2.79523
    endloop
  endfacet
  facet normal -0 -0.146735 -0.989176
    outer loop
      vertex 24.25 -2.75435 -2.83627
      vertex 7.24 -3.03101 -2.79523
      vertex 7.24 -2.75435 -2.83627
    endloop
  endfacet
  facet normal 0 -0.336887 -0.941545
    outer loop
      vertex 7.24 -3.56564 -2.63306
      vertex 24.25 -3.30231 -2.72728
      vertex 24.25 -3.56564 -2.63306
    endloop
  endfacet
  facet normal -0 -0.336887 -0.941545
    outer loop
      vertex 24.25 -3.30231 -2.72728
      vertex 7.24 -3.56564 -2.63306
      vertex 7.24 -3.30231 -2.72728
    endloop
  endfacet
  facet normal 0 0.857736 -0.514091
    outer loop
      vertex 24.25 4.84468 -1.58337
      vertex 7.24 4.98846 -1.34348
      vertex 24.25 4.98846 -1.34348
    endloop
  endfacet
  facet normal 0 0.857736 -0.514091
    outer loop
      vertex 7.24 4.98846 -1.34348
      vertex 24.25 4.84468 -1.58337
      vertex 7.24 4.84468 -1.58337
    endloop
  endfacet
  facet normal 0 -0.336887 0.941545
    outer loop
      vertex 7.24 -3.30231 2.72728
      vertex 24.25 -3.56564 2.63306
      vertex 24.25 -3.30231 2.72728
    endloop
  endfacet
  facet normal 0 -0.336887 0.941545
    outer loop
      vertex 24.25 -3.56564 2.63306
      vertex 7.24 -3.30231 2.72728
      vertex 7.24 -3.56564 2.63306
    endloop
  endfacet
  facet normal 0 -0.671594 -0.74092
    outer loop
      vertex 7.24 -4.49025 -2.01524
      vertex 24.25 -4.28302 -2.20308
      vertex 24.25 -4.49025 -2.01524
    endloop
  endfacet
  facet normal -0 -0.671594 -0.74092
    outer loop
      vertex 24.25 -4.28302 -2.20308
      vertex 7.24 -4.49025 -2.01524
      vertex 7.24 -4.28302 -2.20308
    endloop
  endfacet
  facet normal 0 0.803198 -0.595712
    outer loop
      vertex 24.25 4.67807 -1.80801
      vertex 7.24 4.84468 -1.58337
      vertex 24.25 4.84468 -1.58337
    endloop
  endfacet
  facet normal 0 0.803198 -0.595712
    outer loop
      vertex 7.24 4.84468 -1.58337
      vertex 24.25 4.67807 -1.80801
      vertex 7.24 4.67807 -1.80801
    endloop
  endfacet
  facet normal -0 0.242956 0.970037
    outer loop
      vertex 7.24 3.30231 2.72728
      vertex 24.25 3.03101 2.79523
      vertex 24.25 3.30231 2.72728
    endloop
  endfacet
  facet normal 0 0.242956 0.970037
    outer loop
      vertex 24.25 3.03101 2.79523
      vertex 7.24 3.30231 2.72728
      vertex 7.24 3.03101 2.79523
    endloop
  endfacet
  facet normal 0 -0.427585 -0.903975
    outer loop
      vertex 7.24 -3.81847 -2.51347
      vertex 24.25 -3.56564 -2.63306
      vertex 24.25 -3.81847 -2.51347
    endloop
  endfacet
  facet normal -0 -0.427585 -0.903975
    outer loop
      vertex 24.25 -3.56564 -2.63306
      vertex 7.24 -3.81847 -2.51347
      vertex 7.24 -3.56564 -2.63306
    endloop
  endfacet
  facet normal 0 -0.903982 -0.427571
    outer loop
      vertex 7.24 -4.98846 -1.34348
      vertex 24.25 -5.10805 -1.09064
      vertex 7.24 -5.10805 -1.09064
    endloop
  endfacet
  facet normal 0 -0.903982 -0.427571
    outer loop
      vertex 24.25 -5.10805 -1.09064
      vertex 7.24 -4.98846 -1.34348
      vertex 24.25 -4.98846 -1.34348
    endloop
  endfacet
  facet normal 0 -0.0490531 -0.998796
    outer loop
      vertex 7.24 -2.75435 -2.83627
      vertex 24.25 -2.47499 -2.84999
      vertex 24.25 -2.75435 -2.83627
    endloop
  endfacet
  facet normal -0 -0.0490531 -0.998796
    outer loop
      vertex 24.25 -2.47499 -2.84999
      vertex 7.24 -2.75435 -2.83627
      vertex 7.24 -2.47499 -2.84999
    endloop
  endfacet
  facet normal 0 -0.857736 0.514091
    outer loop
      vertex 7.24 -4.98846 1.34348
      vertex 24.25 -4.84468 1.58337
      vertex 7.24 -4.84468 1.58337
    endloop
  endfacet
  facet normal 0 -0.857736 0.514091
    outer loop
      vertex 24.25 -4.84468 1.58337
      vertex 7.24 -4.98846 1.34348
      vertex 24.25 -4.98846 1.34348
    endloop
  endfacet
  facet normal 0 0.803198 0.595712
    outer loop
      vertex 24.25 4.84468 1.58337
      vertex 7.24 4.67807 1.80801
      vertex 24.25 4.67807 1.80801
    endloop
  endfacet
  facet normal 0 0.803198 0.595712
    outer loop
      vertex 7.24 4.67807 1.80801
      vertex 24.25 4.84468 1.58337
      vertex 7.24 4.84468 1.58337
    endloop
  endfacet
  facet normal 0 -0.740955 0.671554
    outer loop
      vertex 7.24 -4.67807 1.80801
      vertex 24.25 -4.49025 2.01524
      vertex 7.24 -4.49025 2.01524
    endloop
  endfacet
  facet normal 0 -0.740955 0.671554
    outer loop
      vertex 24.25 -4.49025 2.01524
      vertex 7.24 -4.67807 1.80801
      vertex 24.25 -4.67807 1.80801
    endloop
  endfacet
  facet normal 0 -0.427585 0.903975
    outer loop
      vertex 7.24 -3.56564 2.63306
      vertex 24.25 -3.81847 2.51347
      vertex 24.25 -3.56564 2.63306
    endloop
  endfacet
  facet normal 0 -0.427585 0.903975
    outer loop
      vertex 24.25 -3.81847 2.51347
      vertex 7.24 -3.56564 2.63306
      vertex 7.24 -3.81847 2.51347
    endloop
  endfacet
  facet normal 0 0.903982 -0.427571
    outer loop
      vertex 24.25 4.98846 -1.34348
      vertex 7.24 5.10805 -1.09064
      vertex 24.25 5.10805 -1.09064
    endloop
  endfacet
  facet normal 0 0.903982 -0.427571
    outer loop
      vertex 7.24 5.10805 -1.09064
      vertex 24.25 4.98846 -1.34348
      vertex 7.24 4.98846 -1.34348
    endloop
  endfacet
  facet normal 0 0.998793 0.0491169
    outer loop
      vertex 24.25 5.31126 0.279343
      vertex 24.15 5.32303 0.04
      vertex 7.24 5.31126 0.279343
    endloop
  endfacet
  facet normal -2.52327e-05 0.998793 0.0491274
    outer loop
      vertex 24.25 5.325 0
      vertex 24.15 5.32303 0.04
      vertex 24.25 5.31126 0.279343
    endloop
  endfacet
  facet normal 0 0.998789 0.0491904
    outer loop
      vertex 24.15 5.32303 0.04
      vertex 24.25 5.325 0
      vertex 24.15 5.325 0
    endloop
  endfacet
  facet normal -0 0.998793 0.0491169
    outer loop
      vertex 7.34 5.32303 0.04
      vertex 7.24 5.31126 0.279343
      vertex 24.15 5.32303 0.04
    endloop
  endfacet
  facet normal -0 0.998789 0.0491904
    outer loop
      vertex 7.24 5.325 0
      vertex 7.34 5.32303 0.04
      vertex 7.34 5.325 0
    endloop
  endfacet
  facet normal 2.52327e-05 0.998793 0.0491274
    outer loop
      vertex 7.34 5.32303 0.04
      vertex 7.24 5.325 0
      vertex 7.24 5.31126 0.279343
    endloop
  endfacet
  facet normal 0 0.970029 -0.242989
    outer loop
      vertex 24.25 5.20227 -0.827301
      vertex 7.24 5.27023 -0.556
      vertex 24.25 5.27023 -0.556
    endloop
  endfacet
  facet normal 0 0.970029 -0.242989
    outer loop
      vertex 7.24 5.27023 -0.556
      vertex 24.25 5.20227 -0.827301
      vertex 7.24 5.20227 -0.827301
    endloop
  endfacet
  facet normal 0 0.857736 0.514091
    outer loop
      vertex 24.25 4.98846 1.34348
      vertex 7.24 4.84468 1.58337
      vertex 24.25 4.84468 1.58337
    endloop
  endfacet
  facet normal 0 0.857736 0.514091
    outer loop
      vertex 7.24 4.84468 1.58337
      vertex 24.25 4.98846 1.34348
      vertex 7.24 4.98846 1.34348
    endloop
  endfacet
  facet normal -0 0.146735 0.989176
    outer loop
      vertex 7.24 3.03101 2.79523
      vertex 24.25 2.75435 2.83627
      vertex 24.25 3.03101 2.79523
    endloop
  endfacet
  facet normal 0 0.146735 0.989176
    outer loop
      vertex 24.25 2.75435 2.83627
      vertex 7.24 3.03101 2.79523
      vertex 7.24 2.75435 2.83627
    endloop
  endfacet
  facet normal 0 0.970029 0.242989
    outer loop
      vertex 24.25 5.27023 0.556
      vertex 7.24 5.20227 0.827301
      vertex 24.25 5.20227 0.827301
    endloop
  endfacet
  facet normal 0 0.970029 0.242989
    outer loop
      vertex 7.24 5.20227 0.827301
      vertex 24.25 5.27023 0.556
      vertex 7.24 5.27023 0.556
    endloop
  endfacet
  facet normal 0 -0.595632 -0.803258
    outer loop
      vertex 7.24 -4.28302 -2.20308
      vertex 24.25 -4.05836 -2.36967
      vertex 24.25 -4.28302 -2.20308
    endloop
  endfacet
  facet normal -0 -0.595632 -0.803258
    outer loop
      vertex 24.25 -4.05836 -2.36967
      vertex 7.24 -4.28302 -2.20308
      vertex 7.24 -4.05836 -2.36967
    endloop
  endfacet
  facet normal 0 -0.242956 -0.970037
    outer loop
      vertex 7.24 -3.30231 -2.72728
      vertex 24.25 -3.03101 -2.79523
      vertex 24.25 -3.30231 -2.72728
    endloop
  endfacet
  facet normal -0 -0.242956 -0.970037
    outer loop
      vertex 24.25 -3.03101 -2.79523
      vertex 7.24 -3.30231 -2.72728
      vertex 7.24 -3.03101 -2.79523
    endloop
  endfacet
  facet normal 0 -0.998793 0.0491169
    outer loop
      vertex 7.24 -5.31126 0.279343
      vertex 7.34 -5.32303 0.04
      vertex 24.25 -5.31126 0.279343
    endloop
  endfacet
  facet normal 2.52327e-05 -0.998793 0.0491274
    outer loop
      vertex 7.24 -5.325 0
      vertex 7.34 -5.32303 0.04
      vertex 7.24 -5.31126 0.279343
    endloop
  endfacet
  facet normal 0 -0.998789 0.0491904
    outer loop
      vertex 7.34 -5.32303 0.04
      vertex 7.24 -5.325 0
      vertex 7.34 -5.325 0
    endloop
  endfacet
  facet normal 0 -0.998793 0.0491169
    outer loop
      vertex 24.15 -5.32303 0.04
      vertex 24.25 -5.31126 0.279343
      vertex 7.34 -5.32303 0.04
    endloop
  endfacet
  facet normal 0 -0.998789 0.0491904
    outer loop
      vertex 24.25 -5.325 0
      vertex 24.15 -5.32303 0.04
      vertex 24.15 -5.325 0
    endloop
  endfacet
  facet normal -2.52327e-05 -0.998793 0.0491274
    outer loop
      vertex 24.15 -5.32303 0.04
      vertex 24.25 -5.325 0
      vertex 24.25 -5.31126 0.279343
    endloop
  endfacet
  facet normal 0 0.514143 -0.857704
    outer loop
      vertex 7.24 3.81847 -2.51347
      vertex 24.25 4.05836 -2.36967
      vertex 24.25 3.81847 -2.51347
    endloop
  endfacet
  facet normal 0 0.514143 -0.857704
    outer loop
      vertex 24.25 4.05836 -2.36967
      vertex 7.24 3.81847 -2.51347
      vertex 7.24 4.05836 -2.36967
    endloop
  endfacet
  facet normal 0 0.595632 -0.803258
    outer loop
      vertex 7.24 4.05836 -2.36967
      vertex 24.25 4.28302 -2.20308
      vertex 24.25 4.05836 -2.36967
    endloop
  endfacet
  facet normal 0 0.595632 -0.803258
    outer loop
      vertex 24.25 4.28302 -2.20308
      vertex 7.24 4.05836 -2.36967
      vertex 7.24 4.28302 -2.20308
    endloop
  endfacet
  facet normal 0 -0.941549 0.336877
    outer loop
      vertex 7.24 -5.20227 0.827301
      vertex 24.25 -5.10805 1.09064
      vertex 7.24 -5.10805 1.09064
    endloop
  endfacet
  facet normal 0 -0.941549 0.336877
    outer loop
      vertex 24.25 -5.10805 1.09064
      vertex 7.24 -5.20227 0.827301
      vertex 24.25 -5.20227 0.827301
    endloop
  endfacet
  facet normal 0 -0.595632 0.803258
    outer loop
      vertex 7.24 -4.05836 2.36967
      vertex 24.25 -4.28302 2.20308
      vertex 24.25 -4.05836 2.36967
    endloop
  endfacet
  facet normal 0 -0.595632 0.803258
    outer loop
      vertex 24.25 -4.28302 2.20308
      vertex 7.24 -4.05836 2.36967
      vertex 7.24 -4.28302 2.20308
    endloop
  endfacet
  facet normal 0 -0.989181 0.146702
    outer loop
      vertex 7.24 -5.31126 0.279343
      vertex 24.25 -5.27023 0.556
      vertex 7.24 -5.27023 0.556
    endloop
  endfacet
  facet normal 0 -0.989181 0.146702
    outer loop
      vertex 24.25 -5.27023 0.556
      vertex 7.24 -5.31126 0.279343
      vertex 24.25 -5.31126 0.279343
    endloop
  endfacet
  facet normal 1 0 0
    outer loop
      vertex 24.25 2.25 0
      vertex 24.25 5.325 0
      vertex 24.25 5.31126 0.279343
    endloop
  endfacet
  facet normal 1 0 0
    outer loop
      vertex 24.25 2.25 0
      vertex 24.25 5.31126 0.279343
      vertex 24.25 5.27023 0.556
    endloop
  endfacet
  facet normal 1 0 0
    outer loop
      vertex 24.25 5.325 0
      vertex 24.25 2.25 0
      vertex 24.25 5.31126 -0.279343
    endloop
  endfacet
  facet normal 1 0 0
    outer loop
      vertex 24.25 2.23917 0.220538
      vertex 24.25 5.27023 0.556
      vertex 24.25 5.20227 0.827301
    endloop
  endfacet
  facet normal 1 0 0
    outer loop
      vertex 24.25 5.31126 -0.279343
      vertex 24.25 2.25 0
      vertex 24.25 5.27023 -0.556
    endloop
  endfacet
  facet normal 1 0 0
    outer loop
      vertex 24.25 2.23917 0.220538
      vertex 24.25 5.20227 0.827301
      vertex 24.25 5.10805 1.09064
    endloop
  endfacet
  facet normal 1 -0 0
    outer loop
      vertex 24.25 2.23917 -0.220538
      vertex 24.25 5.27023 -0.556
      vertex 24.25 2.25 0
    endloop
  endfacet
  facet normal 1 0 0
    outer loop
      vertex 24.25 2.20677 0.438952
      vertex 24.25 5.10805 1.09064
      vertex 24.25 4.98846 1.34348
    endloop
  endfacet
  facet normal 1 0 0
    outer loop
      vertex 24.25 5.27023 -0.556
      vertex 24.25 2.23917 -0.220538
      vertex 24.25 5.20227 -0.827301
    endloop
  endfacet
  facet normal 1 0 0
    outer loop
      vertex 24.25 2.20677 0.438952
      vertex 24.25 4.98846 1.34348
      vertex 24.25 4.84468 1.58337
    endloop
  endfacet
  facet normal 1 0 0
    outer loop
      vertex 24.25 5.20227 -0.827301
      vertex 24.25 2.23917 -0.220538
      vertex 24.25 5.10805 -1.09064
    endloop
  endfacet
  facet normal 1 0 0
    outer loop
      vertex 24.25 2.20677 0.438952
      vertex 24.25 4.84468 1.58337
      vertex 24.25 4.67807 1.80801
    endloop
  endfacet
  facet normal 1 -0 0
    outer loop
      vertex 24.25 2.20677 -0.438952
      vertex 24.25 5.10805 -1.09064
      vertex 24.25 2.23917 -0.220538
    endloop
  endfacet
  facet normal 1 0 0
    outer loop
      vertex 24.25 2.15312 0.65314
      vertex 24.25 4.67807 1.80801
      vertex 24.25 4.49025 2.01524
    endloop
  endfacet
  facet normal 1 0 0
    outer loop
      vertex 24.25 5.10805 -1.09064
      vertex 24.25 2.20677 -0.438952
      vertex 24.25 4.98846 -1.34348
    endloop
  endfacet
  facet normal 1 0 0
    outer loop
      vertex 24.25 2.15312 0.65314
      vertex 24.25 4.49025 2.01524
      vertex 24.25 4.28302 2.20308
    endloop
  endfacet
  facet normal 1 0 0
    outer loop
      vertex 24.25 4.98846 -1.34348
      vertex 24.25 2.20677 -0.438952
      vertex 24.25 4.84468 -1.58337
    endloop
  endfacet
  facet normal 1 0 0
    outer loop
      vertex 24.25 2.15312 0.65314
      vertex 24.25 4.28302 2.20308
      vertex 24.25 4.05836 2.36967
    endloop
  endfacet
  facet normal 1 0 0
    outer loop
      vertex 24.25 4.84468 -1.58337
      vertex 24.25 2.20677 -0.438952
      vertex 24.25 4.67807 -1.80801
    endloop
  endfacet
  facet normal 1 0 0
    outer loop
      vertex 24.25 2.07873 0.861037
      vertex 24.25 4.05836 2.36967
      vertex 24.25 3.81847 2.51347
    endloop
  endfacet
  facet normal 1 -0 0
    outer loop
      vertex 24.25 2.15312 -0.65314
      vertex 24.25 4.67807 -1.80801
      vertex 24.25 2.20677 -0.438952
    endloop
  endfacet
  facet normal 1 0 0
    outer loop
      vertex 24.25 2.07873 0.861037
      vertex 24.25 3.81847 2.51347
      vertex 24.25 3.56564 2.63306
    endloop
  endfacet
  facet normal 1 0 0
    outer loop
      vertex 24.25 4.67807 -1.80801
      vertex 24.25 2.15312 -0.65314
      vertex 24.25 4.49025 -2.01524
    endloop
  endfacet
  facet normal 1 0 0
    outer loop
      vertex 24.25 1.98432 1.06064
      vertex 24.25 3.56564 2.63306
      vertex 24.25 3.30231 2.72728
    endloop
  endfacet
  facet normal 1 0 0
    outer loop
      vertex 24.25 4.49025 -2.01524
      vertex 24.25 2.15312 -0.65314
      vertex 24.25 4.28302 -2.20308
    endloop
  endfacet
  facet normal 1 0 0
    outer loop
      vertex 24.25 1.98432 1.06064
      vertex 24.25 3.30231 2.72728
      vertex 24.25 3.03101 2.79523
    endloop
  endfacet
  facet normal 1 0 0
    outer loop
      vertex 24.25 4.28302 -2.20308
      vertex 24.25 2.15312 -0.65314
      vertex 24.25 4.05836 -2.36967
    endloop
  endfacet
  facet normal 1 0 0
    outer loop
      vertex 24.25 1.87081 1.25003
      vertex 24.25 3.03101 2.79523
      vertex 24.25 2.75435 2.83627
    endloop
  endfacet
  facet normal 1 -0 0
    outer loop
      vertex 24.25 2.07873 -0.861037
      vertex 24.25 4.05836 -2.36967
      vertex 24.25 2.15312 -0.65314
    endloop
  endfacet
  facet normal 1 0 0
    outer loop
      vertex 24.25 1.87081 1.25003
      vertex 24.25 2.75435 2.83627
      vertex 24.25 2.47499 2.84999
    endloop
  endfacet
  facet normal 1 0 0
    outer loop
      vertex 24.25 4.05836 -2.36967
      vertex 24.25 2.07873 -0.861037
      vertex 24.25 3.81847 -2.51347
    endloop
  endfacet
  facet normal 1 0 0
    outer loop
      vertex 24.25 3.81847 -2.51347
      vertex 24.25 2.07873 -0.861037
      vertex 24.25 3.56564 -2.63306
    endloop
  endfacet
  facet normal 1 0 0
    outer loop
      vertex 24.25 5.27023 0.556
      vertex 24.25 2.23917 0.220538
      vertex 24.25 2.25 0
    endloop
  endfacet
  facet normal 1 0 0
    outer loop
      vertex 24.25 5.10805 1.09064
      vertex 24.25 2.20677 0.438952
      vertex 24.25 2.23917 0.220538
    endloop
  endfacet
  facet normal 1 0 0
    outer loop
      vertex 24.25 4.67807 1.80801
      vertex 24.25 2.15312 0.65314
      vertex 24.25 2.20677 0.438952
    endloop
  endfacet
  facet normal 1 0 0
    outer loop
      vertex 24.25 4.05836 2.36967
      vertex 24.25 2.07873 0.861037
      vertex 24.25 2.15312 0.65314
    endloop
  endfacet
  facet normal 1 0 0
    outer loop
      vertex 24.25 3.56564 2.63306
      vertex 24.25 1.98432 1.06064
      vertex 24.25 2.07873 0.861037
    endloop
  endfacet
  facet normal 1 0 0
    outer loop
      vertex 24.25 3.03101 2.79523
      vertex 24.25 1.87081 1.25003
      vertex 24.25 1.98432 1.06064
    endloop
  endfacet
  facet normal 1 0 0
    outer loop
      vertex 24.25 2.47499 2.84999
      vertex 24.25 1.73927 1.42738
      vertex 24.25 1.87081 1.25003
    endloop
  endfacet
  facet normal 1 0 0
    outer loop
      vertex 24.25 2.47499 2.84999
      vertex 24.25 1.59099 1.59099
      vertex 24.25 1.73927 1.42738
    endloop
  endfacet
  facet normal 1 0 0
    outer loop
      vertex 24.25 2.47499 2.84999
      vertex 24.25 1.42738 1.73927
      vertex 24.25 1.59099 1.59099
    endloop
  endfacet
  facet normal 1 0 0
    outer loop
      vertex 24.25 2.47499 2.84999
      vertex 24.25 1.25003 1.87081
      vertex 24.25 1.42738 1.73927
    endloop
  endfacet
  facet normal 1 0 0
    outer loop
      vertex 24.25 2.47499 2.84999
      vertex 24.25 1.06064 1.98432
      vertex 24.25 1.25003 1.87081
    endloop
  endfacet
  facet normal 1 0 0
    outer loop
      vertex 24.25 2.47499 2.84999
      vertex 24.25 0.861037 2.07873
      vertex 24.25 1.06064 1.98432
    endloop
  endfacet
  facet normal 1 0 0
    outer loop
      vertex 24.25 2.47499 2.84999
      vertex 24.25 0.65314 2.15312
      vertex 24.25 0.861037 2.07873
    endloop
  endfacet
  facet normal 1 0 0
    outer loop
      vertex 24.25 2.47499 2.84999
      vertex 24.25 0.438952 2.20677
      vertex 24.25 0.65314 2.15312
    endloop
  endfacet
  facet normal 1 0 0
    outer loop
      vertex 24.25 2.47499 2.84999
      vertex 24.25 0.220538 2.23917
      vertex 24.25 0.438952 2.20677
    endloop
  endfacet
  facet normal 1 0 0
    outer loop
      vertex 24.25 2.47499 2.84999
      vertex 24.25 0 2.25
      vertex 24.25 0.220538 2.23917
    endloop
  endfacet
  facet normal 1 -0 0
    outer loop
      vertex 24.25 -2.47499 2.84999
      vertex 24.25 0 2.25
      vertex 24.25 2.47499 2.84999
    endloop
  endfacet
  facet normal 1 0 0
    outer loop
      vertex 24.25 0 2.25
      vertex 24.25 -2.47499 2.84999
      vertex 24.25 -0.220538 2.23917
    endloop
  endfacet
  facet normal 1 0 0
    outer loop
      vertex 24.25 -1.98432 1.06064
      vertex 24.25 -3.56564 2.63306
      vertex 24.25 -2.07873 0.861037
    endloop
  endfacet
  facet normal 1 -0 0
    outer loop
      vertex 24.25 -3.56564 2.63306
      vertex 24.25 -1.98432 1.06064
      vertex 24.25 -3.30231 2.72728
    endloop
  endfacet
  facet normal 1 -0 0
    outer loop
      vertex 24.25 -3.30231 2.72728
      vertex 24.25 -1.98432 1.06064
      vertex 24.25 -3.03101 2.79523
    endloop
  endfacet
  facet normal 1 0 0
    outer loop
      vertex 24.25 -1.87081 1.25003
      vertex 24.25 -3.03101 2.79523
      vertex 24.25 -1.98432 1.06064
    endloop
  endfacet
  facet normal 1 -0 0
    outer loop
      vertex 24.25 -3.03101 2.79523
      vertex 24.25 -1.87081 1.25003
      vertex 24.25 -2.75435 2.83627
    endloop
  endfacet
  facet normal 1 -0 0
    outer loop
      vertex 24.25 -2.75435 2.83627
      vertex 24.25 -1.87081 1.25003
      vertex 24.25 -2.47499 2.84999
    endloop
  endfacet
  facet normal 1 0 0
    outer loop
      vertex 24.25 -1.73927 1.42738
      vertex 24.25 -2.47499 2.84999
      vertex 24.25 -1.87081 1.25003
    endloop
  endfacet
  facet normal 1 0 0
    outer loop
      vertex 24.25 -1.59099 1.59099
      vertex 24.25 -2.47499 2.84999
      vertex 24.25 -1.73927 1.42738
    endloop
  endfacet
  facet normal 1 0 0
    outer loop
      vertex 24.25 -1.42738 1.73927
      vertex 24.25 -2.47499 2.84999
      vertex 24.25 -1.59099 1.59099
    endloop
  endfacet
  facet normal 1 0 0
    outer loop
      vertex 24.25 -1.25003 1.87081
      vertex 24.25 -2.47499 2.84999
      vertex 24.25 -1.42738 1.73927
    endloop
  endfacet
  facet normal 1 0 0
    outer loop
      vertex 24.25 -1.06064 1.98432
      vertex 24.25 -2.47499 2.84999
      vertex 24.25 -1.25003 1.87081
    endloop
  endfacet
  facet normal 1 0 0
    outer loop
      vertex 24.25 -0.861037 2.07873
      vertex 24.25 -2.47499 2.84999
      vertex 24.25 -1.06064 1.98432
    endloop
  endfacet
  facet normal 1 0 0
    outer loop
      vertex 24.25 -0.65314 2.15312
      vertex 24.25 -2.47499 2.84999
      vertex 24.25 -0.861037 2.07873
    endloop
  endfacet
  facet normal 1 0 0
    outer loop
      vertex 24.25 -0.438952 2.20677
      vertex 24.25 -2.47499 2.84999
      vertex 24.25 -0.65314 2.15312
    endloop
  endfacet
  facet normal 1 0 0
    outer loop
      vertex 24.25 -0.220538 2.23917
      vertex 24.25 -2.47499 2.84999
      vertex 24.25 -0.438952 2.20677
    endloop
  endfacet
  facet normal 1 -0 0
    outer loop
      vertex 24.25 1.98432 -1.06064
      vertex 24.25 3.56564 -2.63306
      vertex 24.25 2.07873 -0.861037
    endloop
  endfacet
  facet normal 1 0 0
    outer loop
      vertex 24.25 3.56564 -2.63306
      vertex 24.25 1.98432 -1.06064
      vertex 24.25 3.30231 -2.72728
    endloop
  endfacet
  facet normal 1 0 0
    outer loop
      vertex 24.25 3.30231 -2.72728
      vertex 24.25 1.98432 -1.06064
      vertex 24.25 3.03101 -2.79523
    endloop
  endfacet
  facet normal 1 -0 0
    outer loop
      vertex 24.25 1.87081 -1.25003
      vertex 24.25 3.03101 -2.79523
      vertex 24.25 1.98432 -1.06064
    endloop
  endfacet
  facet normal 1 0 0
    outer loop
      vertex 24.25 3.03101 -2.79523
      vertex 24.25 1.87081 -1.25003
      vertex 24.25 2.75435 -2.83627
    endloop
  endfacet
  facet normal 1 0 0
    outer loop
      vertex 24.25 2.75435 -2.83627
      vertex 24.25 1.87081 -1.25003
      vertex 24.25 2.47499 -2.84999
    endloop
  endfacet
  facet normal 1 -0 0
    outer loop
      vertex 24.25 1.73927 -1.42738
      vertex 24.25 2.47499 -2.84999
      vertex 24.25 1.87081 -1.25003
    endloop
  endfacet
  facet normal 1 -0 0
    outer loop
      vertex 24.25 1.59099 -1.59099
      vertex 24.25 2.47499 -2.84999
      vertex 24.25 1.73927 -1.42738
    endloop
  endfacet
  facet normal 1 -0 0
    outer loop
      vertex 24.25 1.42738 -1.73927
      vertex 24.25 2.47499 -2.84999
      vertex 24.25 1.59099 -1.59099
    endloop
  endfacet
  facet normal 1 -0 0
    outer loop
      vertex 24.25 1.25003 -1.87081
      vertex 24.25 2.47499 -2.84999
      vertex 24.25 1.42738 -1.73927
    endloop
  endfacet
  facet normal 1 -0 0
    outer loop
      vertex 24.25 1.06064 -1.98432
      vertex 24.25 2.47499 -2.84999
      vertex 24.25 1.25003 -1.87081
    endloop
  endfacet
  facet normal 1 -0 0
    outer loop
      vertex 24.25 0.861037 -2.07873
      vertex 24.25 2.47499 -2.84999
      vertex 24.25 1.06064 -1.98432
    endloop
  endfacet
  facet normal 1 -0 0
    outer loop
      vertex 24.25 0.65314 -2.15312
      vertex 24.25 2.47499 -2.84999
      vertex 24.25 0.861037 -2.07873
    endloop
  endfacet
  facet normal 1 -0 0
    outer loop
      vertex 24.25 0.438952 -2.20677
      vertex 24.25 2.47499 -2.84999
      vertex 24.25 0.65314 -2.15312
    endloop
  endfacet
  facet normal 1 -0 0
    outer loop
      vertex 24.25 0.220538 -2.23917
      vertex 24.25 2.47499 -2.84999
      vertex 24.25 0.438952 -2.20677
    endloop
  endfacet
  facet normal 1 -0 0
    outer loop
      vertex 24.25 0 -2.25
      vertex 24.25 2.47499 -2.84999
      vertex 24.25 0.220538 -2.23917
    endloop
  endfacet
  facet normal 1 0 0
    outer loop
      vertex 24.25 -2.47499 -2.84999
      vertex 24.25 0 -2.25
      vertex 24.25 -0.220538 -2.23917
    endloop
  endfacet
  facet normal 1 0 0
    outer loop
      vertex 24.25 -2.47499 -2.84999
      vertex 24.25 -0.220538 -2.23917
      vertex 24.25 -0.438952 -2.20677
    endloop
  endfacet
  facet normal 1 -0 0
    outer loop
      vertex 24.25 -3.81847 2.51347
      vertex 24.25 -2.07873 0.861037
      vertex 24.25 -3.56564 2.63306
    endloop
  endfacet
  facet normal 1 0 0
    outer loop
      vertex 24.25 0 -2.25
      vertex 24.25 -2.47499 -2.84999
      vertex 24.25 2.47499 -2.84999
    endloop
  endfacet
  facet normal 1 0 0
    outer loop
      vertex 24.25 -0.65314 -2.15312
      vertex 24.25 -2.47499 -2.84999
      vertex 24.25 -0.438952 -2.20677
    endloop
  endfacet
  facet normal 1 0 0
    outer loop
      vertex 24.25 -0.861037 -2.07873
      vertex 24.25 -2.47499 -2.84999
      vertex 24.25 -0.65314 -2.15312
    endloop
  endfacet
  facet normal 1 0 0
    outer loop
      vertex 24.25 -1.06064 -1.98432
      vertex 24.25 -2.47499 -2.84999
      vertex 24.25 -0.861037 -2.07873
    endloop
  endfacet
  facet normal 1 0 0
    outer loop
      vertex 24.25 -1.25003 -1.87081
      vertex 24.25 -2.47499 -2.84999
      vertex 24.25 -1.06064 -1.98432
    endloop
  endfacet
  facet normal 1 0 0
    outer loop
      vertex 24.25 -1.42738 -1.73927
      vertex 24.25 -2.47499 -2.84999
      vertex 24.25 -1.25003 -1.87081
    endloop
  endfacet
  facet normal 1 0 0
    outer loop
      vertex 24.25 -1.59099 -1.59099
      vertex 24.25 -2.47499 -2.84999
      vertex 24.25 -1.42738 -1.73927
    endloop
  endfacet
  facet normal 1 0 0
    outer loop
      vertex 24.25 -1.73927 -1.42738
      vertex 24.25 -2.47499 -2.84999
      vertex 24.25 -1.59099 -1.59099
    endloop
  endfacet
  facet normal 1 0 0
    outer loop
      vertex 24.25 -1.87081 -1.25003
      vertex 24.25 -2.47499 -2.84999
      vertex 24.25 -1.73927 -1.42738
    endloop
  endfacet
  facet normal 1 0 0
    outer loop
      vertex 24.25 -3.03101 -2.79523
      vertex 24.25 -1.87081 -1.25003
      vertex 24.25 -1.98432 -1.06064
    endloop
  endfacet
  facet normal 1 0 0
    outer loop
      vertex 24.25 -3.56564 -2.63306
      vertex 24.25 -1.98432 -1.06064
      vertex 24.25 -2.07873 -0.861037
    endloop
  endfacet
  facet normal 1 0 0
    outer loop
      vertex 24.25 -4.05836 -2.36967
      vertex 24.25 -2.07873 -0.861037
      vertex 24.25 -2.15312 -0.65314
    endloop
  endfacet
  facet normal 1 0 0
    outer loop
      vertex 24.25 -4.67807 -1.80801
      vertex 24.25 -2.15312 -0.65314
      vertex 24.25 -2.20677 -0.438952
    endloop
  endfacet
  facet normal 1 0 0
    outer loop
      vertex 24.25 -5.10805 -1.09064
      vertex 24.25 -2.20677 -0.438952
      vertex 24.25 -2.23917 -0.220538
    endloop
  endfacet
  facet normal 1 -0 0
    outer loop
      vertex 24.25 -4.05836 2.36967
      vertex 24.25 -2.07873 0.861037
      vertex 24.25 -3.81847 2.51347
    endloop
  endfacet
  facet normal 1 0 0
    outer loop
      vertex 24.25 -2.07873 0.861037
      vertex 24.25 -4.05836 2.36967
      vertex 24.25 -2.15312 0.65314
    endloop
  endfacet
  facet normal 1 0 0
    outer loop
      vertex 24.25 -1.87081 -1.25003
      vertex 24.25 -2.75435 -2.83627
      vertex 24.25 -2.47499 -2.84999
    endloop
  endfacet
  facet normal 1 -0 0
    outer loop
      vertex 24.25 -4.28302 2.20308
      vertex 24.25 -2.15312 0.65314
      vertex 24.25 -4.05836 2.36967
    endloop
  endfacet
  facet normal 1 0 0
    outer loop
      vertex 24.25 -1.87081 -1.25003
      vertex 24.25 -3.03101 -2.79523
      vertex 24.25 -2.75435 -2.83627
    endloop
  endfacet
  facet normal 1 -0 0
    outer loop
      vertex 24.25 -4.49025 2.01524
      vertex 24.25 -2.15312 0.65314
      vertex 24.25 -4.28302 2.20308
    endloop
  endfacet
  facet normal 1 0 0
    outer loop
      vertex 24.25 -1.98432 -1.06064
      vertex 24.25 -3.30231 -2.72728
      vertex 24.25 -3.03101 -2.79523
    endloop
  endfacet
  facet normal 1 -0 0
    outer loop
      vertex 24.25 -4.67807 1.80801
      vertex 24.25 -2.15312 0.65314
      vertex 24.25 -4.49025 2.01524
    endloop
  endfacet
  facet normal 1 0 0
    outer loop
      vertex 24.25 -1.98432 -1.06064
      vertex 24.25 -3.56564 -2.63306
      vertex 24.25 -3.30231 -2.72728
    endloop
  endfacet
  facet normal 1 0 0
    outer loop
      vertex 24.25 -2.15312 0.65314
      vertex 24.25 -4.67807 1.80801
      vertex 24.25 -2.20677 0.438952
    endloop
  endfacet
  facet normal 1 0 0
    outer loop
      vertex 24.25 -2.07873 -0.861037
      vertex 24.25 -3.81847 -2.51347
      vertex 24.25 -3.56564 -2.63306
    endloop
  endfacet
  facet normal 1 -0 0
    outer loop
      vertex 24.25 -4.84468 1.58337
      vertex 24.25 -2.20677 0.438952
      vertex 24.25 -4.67807 1.80801
    endloop
  endfacet
  facet normal 1 0 0
    outer loop
      vertex 24.25 -2.07873 -0.861037
      vertex 24.25 -4.05836 -2.36967
      vertex 24.25 -3.81847 -2.51347
    endloop
  endfacet
  facet normal 1 -0 0
    outer loop
      vertex 24.25 -4.98846 1.34348
      vertex 24.25 -2.20677 0.438952
      vertex 24.25 -4.84468 1.58337
    endloop
  endfacet
  facet normal 1 0 0
    outer loop
      vertex 24.25 -2.15312 -0.65314
      vertex 24.25 -4.28302 -2.20308
      vertex 24.25 -4.05836 -2.36967
    endloop
  endfacet
  facet normal 1 -0 0
    outer loop
      vertex 24.25 -5.10805 1.09064
      vertex 24.25 -2.20677 0.438952
      vertex 24.25 -4.98846 1.34348
    endloop
  endfacet
  facet normal 1 0 0
    outer loop
      vertex 24.25 -2.15312 -0.65314
      vertex 24.25 -4.49025 -2.01524
      vertex 24.25 -4.28302 -2.20308
    endloop
  endfacet
  facet normal 1 0 0
    outer loop
      vertex 24.25 -2.20677 0.438952
      vertex 24.25 -5.10805 1.09064
      vertex 24.25 -2.23917 0.220538
    endloop
  endfacet
  facet normal 1 0 0
    outer loop
      vertex 24.25 -2.15312 -0.65314
      vertex 24.25 -4.67807 -1.80801
      vertex 24.25 -4.49025 -2.01524
    endloop
  endfacet
  facet normal 1 -0 0
    outer loop
      vertex 24.25 -5.20227 0.827301
      vertex 24.25 -2.23917 0.220538
      vertex 24.25 -5.10805 1.09064
    endloop
  endfacet
  facet normal 1 0 0
    outer loop
      vertex 24.25 -2.20677 -0.438952
      vertex 24.25 -4.84468 -1.58337
      vertex 24.25 -4.67807 -1.80801
    endloop
  endfacet
  facet normal 1 -0 0
    outer loop
      vertex 24.25 -5.27023 0.556
      vertex 24.25 -2.23917 0.220538
      vertex 24.25 -5.20227 0.827301
    endloop
  endfacet
  facet normal 1 0 0
    outer loop
      vertex 24.25 -2.20677 -0.438952
      vertex 24.25 -4.98846 -1.34348
      vertex 24.25 -4.84468 -1.58337
    endloop
  endfacet
  facet normal 1 0 0
    outer loop
      vertex 24.25 -2.23917 0.220538
      vertex 24.25 -5.27023 0.556
      vertex 24.25 -2.25 0
    endloop
  endfacet
  facet normal 1 0 0
    outer loop
      vertex 24.25 -2.20677 -0.438952
      vertex 24.25 -5.10805 -1.09064
      vertex 24.25 -4.98846 -1.34348
    endloop
  endfacet
  facet normal 1 -0 0
    outer loop
      vertex 24.25 -5.31126 0.279343
      vertex 24.25 -2.25 0
      vertex 24.25 -5.27023 0.556
    endloop
  endfacet
  facet normal 1 0 0
    outer loop
      vertex 24.25 -2.23917 -0.220538
      vertex 24.25 -5.20227 -0.827301
      vertex 24.25 -5.10805 -1.09064
    endloop
  endfacet
  facet normal 1 0 0
    outer loop
      vertex 24.25 -5.325 0
      vertex 24.25 -2.25 0
      vertex 24.25 -5.31126 0.279343
    endloop
  endfacet
  facet normal 1 0 0
    outer loop
      vertex 24.25 -2.23917 -0.220538
      vertex 24.25 -5.27023 -0.556
      vertex 24.25 -5.20227 -0.827301
    endloop
  endfacet
  facet normal 1 0 -0
    outer loop
      vertex 24.25 -5.31126 -0.279343
      vertex 24.25 -2.25 0
      vertex 24.25 -5.325 0
    endloop
  endfacet
  facet normal 1 0 0
    outer loop
      vertex 24.25 -2.23917 -0.220538
      vertex 24.25 -5.31126 -0.279343
      vertex 24.25 -5.27023 -0.556
    endloop
  endfacet
  facet normal 1 0 0
    outer loop
      vertex 24.25 -2.25 0
      vertex 24.25 -5.31126 -0.279343
      vertex 24.25 -2.23917 -0.220538
    endloop
  endfacet
  facet normal 0 -0.671594 0.74092
    outer loop
      vertex 7.24 -4.28302 2.20308
      vertex 24.25 -4.49025 2.01524
      vertex 24.25 -4.28302 2.20308
    endloop
  endfacet
  facet normal 0 -0.671594 0.74092
    outer loop
      vertex 24.25 -4.49025 2.01524
      vertex 7.24 -4.28302 2.20308
      vertex 7.24 -4.49025 2.01524
    endloop
  endfacet
  facet normal 0 -0.242956 0.970037
    outer loop
      vertex 7.24 -3.03101 2.79523
      vertex 24.25 -3.30231 2.72728
      vertex 24.25 -3.03101 2.79523
    endloop
  endfacet
  facet normal 0 -0.242956 0.970037
    outer loop
      vertex 24.25 -3.30231 2.72728
      vertex 7.24 -3.03101 2.79523
      vertex 7.24 -3.30231 2.72728
    endloop
  endfacet
  facet normal 0 0.242975 -0.970033
    outer loop
      vertex 24.25 0.438952 -2.20677
      vertex 29.94 0.65314 -2.15312
      vertex 29.94 0.438952 -2.20677
    endloop
  endfacet
  facet normal 0 0.242975 -0.970033
    outer loop
      vertex 29.94 0.65314 -2.15312
      vertex 24.25 0.438952 -2.20677
      vertex 24.25 0.65314 -2.15312
    endloop
  endfacet
  facet normal 0 -0.941539 -0.336903
    outer loop
      vertex 24.25 -2.07873 -0.861037
      vertex 29.94 -2.15312 -0.65314
      vertex 24.25 -2.15312 -0.65314
    endloop
  endfacet
  facet normal 0 -0.941539 -0.336903
    outer loop
      vertex 29.94 -2.15312 -0.65314
      vertex 24.25 -2.07873 -0.861037
      vertex 29.94 -2.07873 -0.861037
    endloop
  endfacet
  facet normal 1 0 0
    outer loop
      vertex 29.94 1.65 0
      vertex 29.94 2.25 0
      vertex 29.94 2.23917 0.220538
    endloop
  endfacet
  facet normal 1 0 0
    outer loop
      vertex 29.94 1.64205 0.161728
      vertex 29.94 2.23917 0.220538
      vertex 29.94 2.20677 0.438952
    endloop
  endfacet
  facet normal 1 0 0
    outer loop
      vertex 29.94 2.25 0
      vertex 29.94 1.65 0
      vertex 29.94 2.23917 -0.220538
    endloop
  endfacet
  facet normal 1 0 0
    outer loop
      vertex 29.94 1.6183 0.321898
      vertex 29.94 2.20677 0.438952
      vertex 29.94 2.15312 0.65314
    endloop
  endfacet
  facet normal 1 -0 0
    outer loop
      vertex 29.94 1.64205 -0.161728
      vertex 29.94 2.23917 -0.220538
      vertex 29.94 1.65 0
    endloop
  endfacet
  facet normal 1 0 0
    outer loop
      vertex 29.94 1.57895 0.47897
      vertex 29.94 2.15312 0.65314
      vertex 29.94 2.07873 0.861037
    endloop
  endfacet
  facet normal 1 0 0
    outer loop
      vertex 29.94 2.23917 -0.220538
      vertex 29.94 1.64205 -0.161728
      vertex 29.94 2.20677 -0.438952
    endloop
  endfacet
  facet normal 1 0 0
    outer loop
      vertex 29.94 1.5244 0.631427
      vertex 29.94 2.07873 0.861037
      vertex 29.94 1.98432 1.06064
    endloop
  endfacet
  facet normal 1 -0 0
    outer loop
      vertex 29.94 1.6183 -0.321898
      vertex 29.94 2.20677 -0.438952
      vertex 29.94 1.64205 -0.161728
    endloop
  endfacet
  facet normal 1 0 0
    outer loop
      vertex 29.94 1.45517 0.777804
      vertex 29.94 1.98432 1.06064
      vertex 29.94 1.87081 1.25003
    endloop
  endfacet
  facet normal 1 0 0
    outer loop
      vertex 29.94 2.20677 -0.438952
      vertex 29.94 1.6183 -0.321898
      vertex 29.94 2.15312 -0.65314
    endloop
  endfacet
  facet normal 1 0 0
    outer loop
      vertex 29.94 1.37192 0.916691
      vertex 29.94 1.87081 1.25003
      vertex 29.94 1.73927 1.42738
    endloop
  endfacet
  facet normal 1 -0 0
    outer loop
      vertex 29.94 1.57895 -0.47897
      vertex 29.94 2.15312 -0.65314
      vertex 29.94 1.6183 -0.321898
    endloop
  endfacet
  facet normal 1 0 0
    outer loop
      vertex 29.94 2.15312 -0.65314
      vertex 29.94 1.57895 -0.47897
      vertex 29.94 2.07873 -0.861037
    endloop
  endfacet
  facet normal 1 0 0
    outer loop
      vertex 29.94 2.23917 0.220538
      vertex 29.94 1.64205 0.161728
      vertex 29.94 1.65 0
    endloop
  endfacet
  facet normal 1 0 0
    outer loop
      vertex 29.94 2.20677 0.438952
      vertex 29.94 1.6183 0.321898
      vertex 29.94 1.64205 0.161728
    endloop
  endfacet
  facet normal 1 0 0
    outer loop
      vertex 29.94 1.27547 1.04675
      vertex 29.94 1.73927 1.42738
      vertex 29.94 1.59099 1.59099
    endloop
  endfacet
  facet normal 1 0 0
    outer loop
      vertex 29.94 2.15312 0.65314
      vertex 29.94 1.57895 0.47897
      vertex 29.94 1.6183 0.321898
    endloop
  endfacet
  facet normal 1 0 0
    outer loop
      vertex 29.94 2.07873 0.861037
      vertex 29.94 1.5244 0.631427
      vertex 29.94 1.57895 0.47897
    endloop
  endfacet
  facet normal 1 0 0
    outer loop
      vertex 29.94 1.98432 1.06064
      vertex 29.94 1.45517 0.777804
      vertex 29.94 1.5244 0.631427
    endloop
  endfacet
  facet normal 1 0 0
    outer loop
      vertex 29.94 1.16673 1.16673
      vertex 29.94 1.59099 1.59099
      vertex 29.94 1.42738 1.73927
    endloop
  endfacet
  facet normal 1 0 0
    outer loop
      vertex 29.94 1.87081 1.25003
      vertex 29.94 1.37192 0.916691
      vertex 29.94 1.45517 0.777804
    endloop
  endfacet
  facet normal 1 0 0
    outer loop
      vertex 29.94 1.73927 1.42738
      vertex 29.94 1.27547 1.04675
      vertex 29.94 1.37192 0.916691
    endloop
  endfacet
  facet normal 1 0 0
    outer loop
      vertex 29.94 1.04675 1.27547
      vertex 29.94 1.42738 1.73927
      vertex 29.94 1.25003 1.87081
    endloop
  endfacet
  facet normal 1 0 0
    outer loop
      vertex 29.94 1.59099 1.59099
      vertex 29.94 1.16673 1.16673
      vertex 29.94 1.27547 1.04675
    endloop
  endfacet
  facet normal 1 0 0
    outer loop
      vertex 29.94 0.916691 1.37192
      vertex 29.94 1.25003 1.87081
      vertex 29.94 1.06064 1.98432
    endloop
  endfacet
  facet normal 1 0 0
    outer loop
      vertex 29.94 1.42738 1.73927
      vertex 29.94 1.04675 1.27547
      vertex 29.94 1.16673 1.16673
    endloop
  endfacet
  facet normal 1 0 0
    outer loop
      vertex 29.94 1.25003 1.87081
      vertex 29.94 0.916691 1.37192
      vertex 29.94 1.04675 1.27547
    endloop
  endfacet
  facet normal 1 0 0
    outer loop
      vertex 29.94 0.777804 1.45517
      vertex 29.94 1.06064 1.98432
      vertex 29.94 0.861037 2.07873
    endloop
  endfacet
  facet normal 1 0 0
    outer loop
      vertex 29.94 1.06064 1.98432
      vertex 29.94 0.777804 1.45517
      vertex 29.94 0.916691 1.37192
    endloop
  endfacet
  facet normal 1 0 0
    outer loop
      vertex 29.94 0.631427 1.5244
      vertex 29.94 0.861037 2.07873
      vertex 29.94 0.65314 2.15312
    endloop
  endfacet
  facet normal 1 0 0
    outer loop
      vertex 29.94 0.861037 2.07873
      vertex 29.94 0.631427 1.5244
      vertex 29.94 0.777804 1.45517
    endloop
  endfacet
  facet normal 1 0 0
    outer loop
      vertex 29.94 0.65314 2.15312
      vertex 29.94 0.47897 1.57895
      vertex 29.94 0.631427 1.5244
    endloop
  endfacet
  facet normal 1 0 0
    outer loop
      vertex 29.94 0.438952 2.20677
      vertex 29.94 0.47897 1.57895
      vertex 29.94 0.65314 2.15312
    endloop
  endfacet
  facet normal 1 0 0
    outer loop
      vertex 29.94 0.438952 2.20677
      vertex 29.94 0.321898 1.6183
      vertex 29.94 0.47897 1.57895
    endloop
  endfacet
  facet normal 1 0 0
    outer loop
      vertex 29.94 0.220538 2.23917
      vertex 29.94 0.321898 1.6183
      vertex 29.94 0.438952 2.20677
    endloop
  endfacet
  facet normal 1 0 0
    outer loop
      vertex 29.94 0.220538 2.23917
      vertex 29.94 0.161728 1.64205
      vertex 29.94 0.321898 1.6183
    endloop
  endfacet
  facet normal 1 0 0
    outer loop
      vertex 29.94 0 2.25
      vertex 29.94 0.161728 1.64205
      vertex 29.94 0.220538 2.23917
    endloop
  endfacet
  facet normal 1 0 0
    outer loop
      vertex 29.94 0 2.25
      vertex 29.94 0 1.65
      vertex 29.94 0.161728 1.64205
    endloop
  endfacet
  facet normal 1 0 0
    outer loop
      vertex 29.94 0 2.25
      vertex 29.94 -0.161728 1.64205
      vertex 29.94 0 1.65
    endloop
  endfacet
  facet normal 1 -0 0
    outer loop
      vertex 29.94 -0.220538 2.23917
      vertex 29.94 -0.161728 1.64205
      vertex 29.94 0 2.25
    endloop
  endfacet
  facet normal 1 0 0
    outer loop
      vertex 29.94 -0.220538 2.23917
      vertex 29.94 -0.321898 1.6183
      vertex 29.94 -0.161728 1.64205
    endloop
  endfacet
  facet normal 1 -0 0
    outer loop
      vertex 29.94 -0.438952 2.20677
      vertex 29.94 -0.321898 1.6183
      vertex 29.94 -0.220538 2.23917
    endloop
  endfacet
  facet normal 1 0 0
    outer loop
      vertex 29.94 -0.438952 2.20677
      vertex 29.94 -0.47897 1.57895
      vertex 29.94 -0.321898 1.6183
    endloop
  endfacet
  facet normal 1 -0 0
    outer loop
      vertex 29.94 -0.65314 2.15312
      vertex 29.94 -0.47897 1.57895
      vertex 29.94 -0.438952 2.20677
    endloop
  endfacet
  facet normal 1 0 0
    outer loop
      vertex 29.94 -0.47897 1.57895
      vertex 29.94 -0.65314 2.15312
      vertex 29.94 -0.631427 1.5244
    endloop
  endfacet
  facet normal 1 -0 0
    outer loop
      vertex 29.94 -0.861037 2.07873
      vertex 29.94 -0.631427 1.5244
      vertex 29.94 -0.65314 2.15312
    endloop
  endfacet
  facet normal 1 0 0
    outer loop
      vertex 29.94 -0.631427 1.5244
      vertex 29.94 -0.861037 2.07873
      vertex 29.94 -0.777804 1.45517
    endloop
  endfacet
  facet normal 1 -0 0
    outer loop
      vertex 29.94 -1.06064 1.98432
      vertex 29.94 -0.777804 1.45517
      vertex 29.94 -0.861037 2.07873
    endloop
  endfacet
  facet normal 1 0 0
    outer loop
      vertex 29.94 -0.777804 1.45517
      vertex 29.94 -1.06064 1.98432
      vertex 29.94 -0.916691 1.37192
    endloop
  endfacet
  facet normal 1 -0 0
    outer loop
      vertex 29.94 -1.25003 1.87081
      vertex 29.94 -0.916691 1.37192
      vertex 29.94 -1.06064 1.98432
    endloop
  endfacet
  facet normal 1 0 0
    outer loop
      vertex 29.94 -0.916691 1.37192
      vertex 29.94 -1.25003 1.87081
      vertex 29.94 -1.04675 1.27547
    endloop
  endfacet
  facet normal 1 -0 0
    outer loop
      vertex 29.94 -1.42738 1.73927
      vertex 29.94 -1.04675 1.27547
      vertex 29.94 -1.25003 1.87081
    endloop
  endfacet
  facet normal 1 0 0
    outer loop
      vertex 29.94 -1.04675 1.27547
      vertex 29.94 -1.42738 1.73927
      vertex 29.94 -1.16673 1.16673
    endloop
  endfacet
  facet normal 1 -0 0
    outer loop
      vertex 29.94 -1.59099 1.59099
      vertex 29.94 -1.16673 1.16673
      vertex 29.94 -1.42738 1.73927
    endloop
  endfacet
  facet normal 1 0 0
    outer loop
      vertex 29.94 -1.16673 1.16673
      vertex 29.94 -1.59099 1.59099
      vertex 29.94 -1.27547 1.04675
    endloop
  endfacet
  facet normal 1 -0 0
    outer loop
      vertex 29.94 -1.73927 1.42738
      vertex 29.94 -1.27547 1.04675
      vertex 29.94 -1.59099 1.59099
    endloop
  endfacet
  facet normal 1 0 0
    outer loop
      vertex 29.94 -1.27547 1.04675
      vertex 29.94 -1.73927 1.42738
      vertex 29.94 -1.37192 0.916691
    endloop
  endfacet
  facet normal 1 -0 0
    outer loop
      vertex 29.94 -1.87081 1.25003
      vertex 29.94 -1.37192 0.916691
      vertex 29.94 -1.73927 1.42738
    endloop
  endfacet
  facet normal 1 0 0
    outer loop
      vertex 29.94 -1.37192 0.916691
      vertex 29.94 -1.87081 1.25003
      vertex 29.94 -1.45517 0.777804
    endloop
  endfacet
  facet normal 1 -0 0
    outer loop
      vertex 29.94 -1.98432 1.06064
      vertex 29.94 -1.45517 0.777804
      vertex 29.94 -1.87081 1.25003
    endloop
  endfacet
  facet normal 1 0 0
    outer loop
      vertex 29.94 -1.45517 0.777804
      vertex 29.94 -1.98432 1.06064
      vertex 29.94 -1.5244 0.631427
    endloop
  endfacet
  facet normal 1 -0 0
    outer loop
      vertex 29.94 -2.07873 0.861037
      vertex 29.94 -1.5244 0.631427
      vertex 29.94 -1.98432 1.06064
    endloop
  endfacet
  facet normal 1 0 0
    outer loop
      vertex 29.94 -1.5244 0.631427
      vertex 29.94 -2.07873 0.861037
      vertex 29.94 -1.57895 0.47897
    endloop
  endfacet
  facet normal 1 -0 0
    outer loop
      vertex 29.94 1.5244 -0.631427
      vertex 29.94 2.07873 -0.861037
      vertex 29.94 1.57895 -0.47897
    endloop
  endfacet
  facet normal 1 0 0
    outer loop
      vertex 29.94 2.07873 -0.861037
      vertex 29.94 1.5244 -0.631427
      vertex 29.94 1.98432 -1.06064
    endloop
  endfacet
  facet normal 1 -0 0
    outer loop
      vertex 29.94 1.45517 -0.777804
      vertex 29.94 1.98432 -1.06064
      vertex 29.94 1.5244 -0.631427
    endloop
  endfacet
  facet normal 1 0 0
    outer loop
      vertex 29.94 1.98432 -1.06064
      vertex 29.94 1.45517 -0.777804
      vertex 29.94 1.87081 -1.25003
    endloop
  endfacet
  facet normal 1 -0 0
    outer loop
      vertex 29.94 1.37192 -0.916691
      vertex 29.94 1.87081 -1.25003
      vertex 29.94 1.45517 -0.777804
    endloop
  endfacet
  facet normal 1 0 0
    outer loop
      vertex 29.94 1.87081 -1.25003
      vertex 29.94 1.37192 -0.916691
      vertex 29.94 1.73927 -1.42738
    endloop
  endfacet
  facet normal 1 -0 0
    outer loop
      vertex 29.94 1.27547 -1.04675
      vertex 29.94 1.73927 -1.42738
      vertex 29.94 1.37192 -0.916691
    endloop
  endfacet
  facet normal 1 0 0
    outer loop
      vertex 29.94 1.73927 -1.42738
      vertex 29.94 1.27547 -1.04675
      vertex 29.94 1.59099 -1.59099
    endloop
  endfacet
  facet normal 1 -0 0
    outer loop
      vertex 29.94 1.16673 -1.16673
      vertex 29.94 1.59099 -1.59099
      vertex 29.94 1.27547 -1.04675
    endloop
  endfacet
  facet normal 1 0 0
    outer loop
      vertex 29.94 1.59099 -1.59099
      vertex 29.94 1.16673 -1.16673
      vertex 29.94 1.42738 -1.73927
    endloop
  endfacet
  facet normal 1 -0 0
    outer loop
      vertex 29.94 1.04675 -1.27547
      vertex 29.94 1.42738 -1.73927
      vertex 29.94 1.16673 -1.16673
    endloop
  endfacet
  facet normal 1 0 0
    outer loop
      vertex 29.94 1.42738 -1.73927
      vertex 29.94 1.04675 -1.27547
      vertex 29.94 1.25003 -1.87081
    endloop
  endfacet
  facet normal 1 -0 0
    outer loop
      vertex 29.94 0.916691 -1.37192
      vertex 29.94 1.25003 -1.87081
      vertex 29.94 1.04675 -1.27547
    endloop
  endfacet
  facet normal 1 0 0
    outer loop
      vertex 29.94 1.25003 -1.87081
      vertex 29.94 0.916691 -1.37192
      vertex 29.94 1.06064 -1.98432
    endloop
  endfacet
  facet normal 1 -0 0
    outer loop
      vertex 29.94 0.777804 -1.45517
      vertex 29.94 1.06064 -1.98432
      vertex 29.94 0.916691 -1.37192
    endloop
  endfacet
  facet normal 1 0 0
    outer loop
      vertex 29.94 1.06064 -1.98432
      vertex 29.94 0.777804 -1.45517
      vertex 29.94 0.861037 -2.07873
    endloop
  endfacet
  facet normal 1 -0 0
    outer loop
      vertex 29.94 0.631427 -1.5244
      vertex 29.94 0.861037 -2.07873
      vertex 29.94 0.777804 -1.45517
    endloop
  endfacet
  facet normal 1 0 0
    outer loop
      vertex 29.94 0.861037 -2.07873
      vertex 29.94 0.631427 -1.5244
      vertex 29.94 0.65314 -2.15312
    endloop
  endfacet
  facet normal 1 -0 0
    outer loop
      vertex 29.94 0.47897 -1.57895
      vertex 29.94 0.65314 -2.15312
      vertex 29.94 0.631427 -1.5244
    endloop
  endfacet
  facet normal 1 0 0
    outer loop
      vertex 29.94 0.47897 -1.57895
      vertex 29.94 0.438952 -2.20677
      vertex 29.94 0.65314 -2.15312
    endloop
  endfacet
  facet normal 1 -0 0
    outer loop
      vertex 29.94 0.321898 -1.6183
      vertex 29.94 0.438952 -2.20677
      vertex 29.94 0.47897 -1.57895
    endloop
  endfacet
  facet normal 1 0 0
    outer loop
      vertex 29.94 0.321898 -1.6183
      vertex 29.94 0.220538 -2.23917
      vertex 29.94 0.438952 -2.20677
    endloop
  endfacet
  facet normal 1 -0 0
    outer loop
      vertex 29.94 0.161728 -1.64205
      vertex 29.94 0.220538 -2.23917
      vertex 29.94 0.321898 -1.6183
    endloop
  endfacet
  facet normal 1 -0 0
    outer loop
      vertex 29.94 0 -1.65
      vertex 29.94 0.220538 -2.23917
      vertex 29.94 0.161728 -1.64205
    endloop
  endfacet
  facet normal 1 0 0
    outer loop
      vertex 29.94 0 -1.65
      vertex 29.94 0 -2.25
      vertex 29.94 0.220538 -2.23917
    endloop
  endfacet
  facet normal 1 0 0
    outer loop
      vertex 29.94 -0.161728 -1.64205
      vertex 29.94 0 -2.25
      vertex 29.94 0 -1.65
    endloop
  endfacet
  facet normal 1 0 0
    outer loop
      vertex 29.94 -0.161728 -1.64205
      vertex 29.94 -0.220538 -2.23917
      vertex 29.94 0 -2.25
    endloop
  endfacet
  facet normal 1 0 0
    outer loop
      vertex 29.94 -0.321898 -1.6183
      vertex 29.94 -0.220538 -2.23917
      vertex 29.94 -0.161728 -1.64205
    endloop
  endfacet
  facet normal 1 0 0
    outer loop
      vertex 29.94 -0.321898 -1.6183
      vertex 29.94 -0.438952 -2.20677
      vertex 29.94 -0.220538 -2.23917
    endloop
  endfacet
  facet normal 1 0 0
    outer loop
      vertex 29.94 -0.47897 -1.57895
      vertex 29.94 -0.438952 -2.20677
      vertex 29.94 -0.321898 -1.6183
    endloop
  endfacet
  facet normal 1 0 0
    outer loop
      vertex 29.94 -0.65314 -2.15312
      vertex 29.94 -0.47897 -1.57895
      vertex 29.94 -0.631427 -1.5244
    endloop
  endfacet
  facet normal 1 0 0
    outer loop
      vertex 29.94 -0.47897 -1.57895
      vertex 29.94 -0.65314 -2.15312
      vertex 29.94 -0.438952 -2.20677
    endloop
  endfacet
  facet normal 1 0 0
    outer loop
      vertex 29.94 -0.861037 -2.07873
      vertex 29.94 -0.631427 -1.5244
      vertex 29.94 -0.777804 -1.45517
    endloop
  endfacet
  facet normal 1 0 0
    outer loop
      vertex 29.94 -0.631427 -1.5244
      vertex 29.94 -0.861037 -2.07873
      vertex 29.94 -0.65314 -2.15312
    endloop
  endfacet
  facet normal 1 0 0
    outer loop
      vertex 29.94 -1.06064 -1.98432
      vertex 29.94 -0.777804 -1.45517
      vertex 29.94 -0.916691 -1.37192
    endloop
  endfacet
  facet normal 1 0 0
    outer loop
      vertex 29.94 -1.25003 -1.87081
      vertex 29.94 -0.916691 -1.37192
      vertex 29.94 -1.04675 -1.27547
    endloop
  endfacet
  facet normal 1 0 0
    outer loop
      vertex 29.94 -0.777804 -1.45517
      vertex 29.94 -1.06064 -1.98432
      vertex 29.94 -0.861037 -2.07873
    endloop
  endfacet
  facet normal 1 0 0
    outer loop
      vertex 29.94 -1.42738 -1.73927
      vertex 29.94 -1.04675 -1.27547
      vertex 29.94 -1.16673 -1.16673
    endloop
  endfacet
  facet normal 1 0 0
    outer loop
      vertex 29.94 -0.916691 -1.37192
      vertex 29.94 -1.25003 -1.87081
      vertex 29.94 -1.06064 -1.98432
    endloop
  endfacet
  facet normal 1 0 0
    outer loop
      vertex 29.94 -1.59099 -1.59099
      vertex 29.94 -1.16673 -1.16673
      vertex 29.94 -1.27547 -1.04675
    endloop
  endfacet
  facet normal 1 0 0
    outer loop
      vertex 29.94 -1.73927 -1.42738
      vertex 29.94 -1.27547 -1.04675
      vertex 29.94 -1.37192 -0.916691
    endloop
  endfacet
  facet normal 1 0 0
    outer loop
      vertex 29.94 -1.04675 -1.27547
      vertex 29.94 -1.42738 -1.73927
      vertex 29.94 -1.25003 -1.87081
    endloop
  endfacet
  facet normal 1 0 0
    outer loop
      vertex 29.94 -1.87081 -1.25003
      vertex 29.94 -1.37192 -0.916691
      vertex 29.94 -1.45517 -0.777804
    endloop
  endfacet
  facet normal 1 0 0
    outer loop
      vertex 29.94 -1.98432 -1.06064
      vertex 29.94 -1.45517 -0.777804
      vertex 29.94 -1.5244 -0.631427
    endloop
  endfacet
  facet normal 1 0 0
    outer loop
      vertex 29.94 -2.07873 -0.861037
      vertex 29.94 -1.5244 -0.631427
      vertex 29.94 -1.57895 -0.47897
    endloop
  endfacet
  facet normal 1 0 0
    outer loop
      vertex 29.94 -1.16673 -1.16673
      vertex 29.94 -1.59099 -1.59099
      vertex 29.94 -1.42738 -1.73927
    endloop
  endfacet
  facet normal 1 0 0
    outer loop
      vertex 29.94 -2.15312 -0.65314
      vertex 29.94 -1.57895 -0.47897
      vertex 29.94 -1.6183 -0.321898
    endloop
  endfacet
  facet normal 1 0 0
    outer loop
      vertex 29.94 -2.20677 -0.438952
      vertex 29.94 -1.6183 -0.321898
      vertex 29.94 -1.64205 -0.161728
    endloop
  endfacet
  facet normal 1 0 0
    outer loop
      vertex 29.94 -2.23917 -0.220538
      vertex 29.94 -1.64205 -0.161728
      vertex 29.94 -1.65 0
    endloop
  endfacet
  facet normal 1 -0 0
    outer loop
      vertex 29.94 -2.15312 0.65314
      vertex 29.94 -1.57895 0.47897
      vertex 29.94 -2.07873 0.861037
    endloop
  endfacet
  facet normal 1 0 0
    outer loop
      vertex 29.94 -1.27547 -1.04675
      vertex 29.94 -1.73927 -1.42738
      vertex 29.94 -1.59099 -1.59099
    endloop
  endfacet
  facet normal 1 0 0
    outer loop
      vertex 29.94 -1.57895 0.47897
      vertex 29.94 -2.15312 0.65314
      vertex 29.94 -1.6183 0.321898
    endloop
  endfacet
  facet normal 1 0 0
    outer loop
      vertex 29.94 -1.37192 -0.916691
      vertex 29.94 -1.87081 -1.25003
      vertex 29.94 -1.73927 -1.42738
    endloop
  endfacet
  facet normal 1 -0 0
    outer loop
      vertex 29.94 -2.20677 0.438952
      vertex 29.94 -1.6183 0.321898
      vertex 29.94 -2.15312 0.65314
    endloop
  endfacet
  facet normal 1 0 0
    outer loop
      vertex 29.94 -1.45517 -0.777804
      vertex 29.94 -1.98432 -1.06064
      vertex 29.94 -1.87081 -1.25003
    endloop
  endfacet
  facet normal 1 0 0
    outer loop
      vertex 29.94 -1.6183 0.321898
      vertex 29.94 -2.20677 0.438952
      vertex 29.94 -1.64205 0.161728
    endloop
  endfacet
  facet normal 1 0 0
    outer loop
      vertex 29.94 -1.5244 -0.631427
      vertex 29.94 -2.07873 -0.861037
      vertex 29.94 -1.98432 -1.06064
    endloop
  endfacet
  facet normal 1 -0 0
    outer loop
      vertex 29.94 -2.23917 0.220538
      vertex 29.94 -1.64205 0.161728
      vertex 29.94 -2.20677 0.438952
    endloop
  endfacet
  facet normal 1 0 0
    outer loop
      vertex 29.94 -1.57895 -0.47897
      vertex 29.94 -2.15312 -0.65314
      vertex 29.94 -2.07873 -0.861037
    endloop
  endfacet
  facet normal 1 0 0
    outer loop
      vertex 29.94 -1.64205 0.161728
      vertex 29.94 -2.23917 0.220538
      vertex 29.94 -1.65 0
    endloop
  endfacet
  facet normal 1 0 0
    outer loop
      vertex 29.94 -1.6183 -0.321898
      vertex 29.94 -2.20677 -0.438952
      vertex 29.94 -2.15312 -0.65314
    endloop
  endfacet
  facet normal 1 0 0
    outer loop
      vertex 29.94 -2.25 0
      vertex 29.94 -1.65 0
      vertex 29.94 -2.23917 0.220538
    endloop
  endfacet
  facet normal 1 0 0
    outer loop
      vertex 29.94 -1.64205 -0.161728
      vertex 29.94 -2.23917 -0.220538
      vertex 29.94 -2.20677 -0.438952
    endloop
  endfacet
  facet normal 1 0 0
    outer loop
      vertex 29.94 -1.65 0
      vertex 29.94 -2.25 0
      vertex 29.94 -2.23917 -0.220538
    endloop
  endfacet
  facet normal 0 0.0490481 -0.998796
    outer loop
      vertex 24.25 0 -2.25
      vertex 29.94 0.220538 -2.23917
      vertex 29.94 0 -2.25
    endloop
  endfacet
  facet normal 0 0.0490481 -0.998796
    outer loop
      vertex 29.94 0.220538 -2.23917
      vertex 24.25 0 -2.25
      vertex 24.25 0.220538 -2.23917
    endloop
  endfacet
  facet normal 0 0.80319 -0.595723
    outer loop
      vertex 29.94 1.73927 -1.42738
      vertex 24.25 1.87081 -1.25003
      vertex 29.94 1.87081 -1.25003
    endloop
  endfacet
  facet normal 0 0.80319 -0.595723
    outer loop
      vertex 24.25 1.87081 -1.25003
      vertex 29.94 1.73927 -1.42738
      vertex 24.25 1.73927 -1.42738
    endloop
  endfacet
  facet normal 0 0.740968 -0.67154
    outer loop
      vertex 29.94 1.59099 -1.59099
      vertex 24.25 1.73927 -1.42738
      vertex 29.94 1.73927 -1.42738
    endloop
  endfacet
  facet normal 0 0.740968 -0.67154
    outer loop
      vertex 24.25 1.73927 -1.42738
      vertex 29.94 1.59099 -1.59099
      vertex 24.25 1.59099 -1.59099
    endloop
  endfacet
  facet normal 0 -0.857741 0.514083
    outer loop
      vertex 24.25 -1.98432 1.06064
      vertex 29.94 -1.87081 1.25003
      vertex 24.25 -1.87081 1.25003
    endloop
  endfacet
  facet normal 0 -0.857741 0.514083
    outer loop
      vertex 29.94 -1.87081 1.25003
      vertex 24.25 -1.98432 1.06064
      vertex 29.94 -1.98432 1.06064
    endloop
  endfacet
  facet normal -0 0.514083 0.857741
    outer loop
      vertex 24.25 1.25003 1.87081
      vertex 29.94 1.06064 1.98432
      vertex 29.94 1.25003 1.87081
    endloop
  endfacet
  facet normal 0 0.514083 0.857741
    outer loop
      vertex 29.94 1.06064 1.98432
      vertex 24.25 1.25003 1.87081
      vertex 24.25 1.06064 1.98432
    endloop
  endfacet
  facet normal 0 -0.336903 0.941539
    outer loop
      vertex 24.25 -0.65314 2.15312
      vertex 29.94 -0.861037 2.07873
      vertex 29.94 -0.65314 2.15312
    endloop
  endfacet
  facet normal 0 -0.336903 0.941539
    outer loop
      vertex 29.94 -0.861037 2.07873
      vertex 24.25 -0.65314 2.15312
      vertex 24.25 -0.861037 2.07873
    endloop
  endfacet
  facet normal 0 0.336903 -0.941539
    outer loop
      vertex 24.25 0.65314 -2.15312
      vertex 29.94 0.861037 -2.07873
      vertex 29.94 0.65314 -2.15312
    endloop
  endfacet
  facet normal 0 0.336903 -0.941539
    outer loop
      vertex 29.94 0.861037 -2.07873
      vertex 24.25 0.65314 -2.15312
      vertex 24.25 0.861037 -2.07873
    endloop
  endfacet
  facet normal 0 0.998796 0.0490481
    outer loop
      vertex 29.94 2.25 0
      vertex 24.25 2.23917 0.220538
      vertex 29.94 2.23917 0.220538
    endloop
  endfacet
  facet normal 0 0.998796 0.0490481
    outer loop
      vertex 24.25 2.23917 0.220538
      vertex 29.94 2.25 0
      vertex 24.25 2.25 0
    endloop
  endfacet
  facet normal 0 -0.998796 -0.0490481
    outer loop
      vertex 24.25 -2.23917 -0.220538
      vertex 29.94 -2.25 0
      vertex 24.25 -2.25 0
    endloop
  endfacet
  facet normal 0 -0.998796 -0.0490481
    outer loop
      vertex 29.94 -2.25 0
      vertex 24.25 -2.23917 -0.220538
      vertex 29.94 -2.23917 -0.220538
    endloop
  endfacet
  facet normal -0 0.595723 0.80319
    outer loop
      vertex 24.25 1.42738 1.73927
      vertex 29.94 1.25003 1.87081
      vertex 29.94 1.42738 1.73927
    endloop
  endfacet
  facet normal 0 0.595723 0.80319
    outer loop
      vertex 29.94 1.25003 1.87081
      vertex 24.25 1.42738 1.73927
      vertex 24.25 1.25003 1.87081
    endloop
  endfacet
  facet normal 0 -0.242975 -0.970033
    outer loop
      vertex 24.25 -0.65314 -2.15312
      vertex 29.94 -0.438952 -2.20677
      vertex 29.94 -0.65314 -2.15312
    endloop
  endfacet
  facet normal -0 -0.242975 -0.970033
    outer loop
      vertex 29.94 -0.438952 -2.20677
      vertex 24.25 -0.65314 -2.15312
      vertex 24.25 -0.438952 -2.20677
    endloop
  endfacet
  facet normal 0 -0.857741 -0.514083
    outer loop
      vertex 24.25 -1.87081 -1.25003
      vertex 29.94 -1.98432 -1.06064
      vertex 24.25 -1.98432 -1.06064
    endloop
  endfacet
  facet normal 0 -0.857741 -0.514083
    outer loop
      vertex 29.94 -1.98432 -1.06064
      vertex 24.25 -1.87081 -1.25003
      vertex 29.94 -1.87081 -1.25003
    endloop
  endfacet
  facet normal 0 0.514083 -0.857741
    outer loop
      vertex 24.25 1.06064 -1.98432
      vertex 29.94 1.25003 -1.87081
      vertex 29.94 1.06064 -1.98432
    endloop
  endfacet
  facet normal 0 0.514083 -0.857741
    outer loop
      vertex 29.94 1.25003 -1.87081
      vertex 24.25 1.06064 -1.98432
      vertex 24.25 1.25003 -1.87081
    endloop
  endfacet
  facet normal 0 0.595723 -0.80319
    outer loop
      vertex 24.25 1.25003 -1.87081
      vertex 29.94 1.42738 -1.73927
      vertex 29.94 1.25003 -1.87081
    endloop
  endfacet
  facet normal 0 0.595723 -0.80319
    outer loop
      vertex 29.94 1.42738 -1.73927
      vertex 24.25 1.25003 -1.87081
      vertex 24.25 1.42738 -1.73927
    endloop
  endfacet
  facet normal 0 0.427573 -0.903981
    outer loop
      vertex 24.25 0.861037 -2.07873
      vertex 29.94 1.06064 -1.98432
      vertex 29.94 0.861037 -2.07873
    endloop
  endfacet
  facet normal 0 0.427573 -0.903981
    outer loop
      vertex 29.94 1.06064 -1.98432
      vertex 24.25 0.861037 -2.07873
      vertex 24.25 1.06064 -1.98432
    endloop
  endfacet
  facet normal 0 -0.336903 -0.941539
    outer loop
      vertex 24.25 -0.861037 -2.07873
      vertex 29.94 -0.65314 -2.15312
      vertex 29.94 -0.861037 -2.07873
    endloop
  endfacet
  facet normal -0 -0.336903 -0.941539
    outer loop
      vertex 29.94 -0.65314 -2.15312
      vertex 24.25 -0.861037 -2.07873
      vertex 24.25 -0.65314 -2.15312
    endloop
  endfacet
  facet normal 0 0.989176 -0.146736
    outer loop
      vertex 29.94 2.20677 -0.438952
      vertex 24.25 2.23917 -0.220538
      vertex 29.94 2.23917 -0.220538
    endloop
  endfacet
  facet normal 0 0.989176 -0.146736
    outer loop
      vertex 24.25 2.23917 -0.220538
      vertex 29.94 2.20677 -0.438952
      vertex 24.25 2.20677 -0.438952
    endloop
  endfacet
  facet normal 0 0.903981 -0.427573
    outer loop
      vertex 29.94 1.98432 -1.06064
      vertex 24.25 2.07873 -0.861037
      vertex 29.94 2.07873 -0.861037
    endloop
  endfacet
  facet normal 0 0.903981 -0.427573
    outer loop
      vertex 24.25 2.07873 -0.861037
      vertex 29.94 1.98432 -1.06064
      vertex 24.25 1.98432 -1.06064
    endloop
  endfacet
  facet normal 0 -0.903981 0.427573
    outer loop
      vertex 24.25 -2.07873 0.861037
      vertex 29.94 -1.98432 1.06064
      vertex 24.25 -1.98432 1.06064
    endloop
  endfacet
  facet normal 0 -0.903981 0.427573
    outer loop
      vertex 29.94 -1.98432 1.06064
      vertex 24.25 -2.07873 0.861037
      vertex 29.94 -2.07873 0.861037
    endloop
  endfacet
  facet normal 0 -0.242975 0.970033
    outer loop
      vertex 24.25 -0.438952 2.20677
      vertex 29.94 -0.65314 2.15312
      vertex 29.94 -0.438952 2.20677
    endloop
  endfacet
  facet normal 0 -0.242975 0.970033
    outer loop
      vertex 29.94 -0.65314 2.15312
      vertex 24.25 -0.438952 2.20677
      vertex 24.25 -0.65314 2.15312
    endloop
  endfacet
  facet normal 0 0.970033 -0.242975
    outer loop
      vertex 29.94 2.15312 -0.65314
      vertex 24.25 2.20677 -0.438952
      vertex 29.94 2.20677 -0.438952
    endloop
  endfacet
  facet normal 0 0.970033 -0.242975
    outer loop
      vertex 24.25 2.20677 -0.438952
      vertex 29.94 2.15312 -0.65314
      vertex 24.25 2.15312 -0.65314
    endloop
  endfacet
  facet normal -0 0.67154 0.740968
    outer loop
      vertex 24.25 1.59099 1.59099
      vertex 29.94 1.42738 1.73927
      vertex 29.94 1.59099 1.59099
    endloop
  endfacet
  facet normal 0 0.67154 0.740968
    outer loop
      vertex 29.94 1.42738 1.73927
      vertex 24.25 1.59099 1.59099
      vertex 24.25 1.42738 1.73927
    endloop
  endfacet
  facet normal 0 -0.970033 0.242975
    outer loop
      vertex 24.25 -2.20677 0.438952
      vertex 29.94 -2.15312 0.65314
      vertex 24.25 -2.15312 0.65314
    endloop
  endfacet
  facet normal 0 -0.970033 0.242975
    outer loop
      vertex 29.94 -2.15312 0.65314
      vertex 24.25 -2.20677 0.438952
      vertex 29.94 -2.20677 0.438952
    endloop
  endfacet
  facet normal 0 0.146736 -0.989176
    outer loop
      vertex 24.25 0.220538 -2.23917
      vertex 29.94 0.438952 -2.20677
      vertex 29.94 0.220538 -2.23917
    endloop
  endfacet
  facet normal 0 0.146736 -0.989176
    outer loop
      vertex 29.94 0.438952 -2.20677
      vertex 24.25 0.220538 -2.23917
      vertex 24.25 0.438952 -2.20677
    endloop
  endfacet
  facet normal 0 0.857741 0.514083
    outer loop
      vertex 29.94 1.98432 1.06064
      vertex 24.25 1.87081 1.25003
      vertex 29.94 1.87081 1.25003
    endloop
  endfacet
  facet normal 0 0.857741 0.514083
    outer loop
      vertex 24.25 1.87081 1.25003
      vertex 29.94 1.98432 1.06064
      vertex 24.25 1.98432 1.06064
    endloop
  endfacet
  facet normal 0 0.989176 0.146736
    outer loop
      vertex 29.94 2.23917 0.220538
      vertex 24.25 2.20677 0.438952
      vertex 29.94 2.20677 0.438952
    endloop
  endfacet
  facet normal 0 0.989176 0.146736
    outer loop
      vertex 24.25 2.20677 0.438952
      vertex 29.94 2.23917 0.220538
      vertex 24.25 2.23917 0.220538
    endloop
  endfacet
  facet normal 0 -0.903981 -0.427573
    outer loop
      vertex 24.25 -1.98432 -1.06064
      vertex 29.94 -2.07873 -0.861037
      vertex 24.25 -2.07873 -0.861037
    endloop
  endfacet
  facet normal 0 -0.903981 -0.427573
    outer loop
      vertex 29.94 -2.07873 -0.861037
      vertex 24.25 -1.98432 -1.06064
      vertex 29.94 -1.98432 -1.06064
    endloop
  endfacet
  facet normal 0 0.740968 0.67154
    outer loop
      vertex 29.94 1.73927 1.42738
      vertex 24.25 1.59099 1.59099
      vertex 29.94 1.59099 1.59099
    endloop
  endfacet
  facet normal 0 0.740968 0.67154
    outer loop
      vertex 24.25 1.59099 1.59099
      vertex 29.94 1.73927 1.42738
      vertex 24.25 1.73927 1.42738
    endloop
  endfacet
  facet normal 0 -0.514083 -0.857741
    outer loop
      vertex 24.25 -1.25003 -1.87081
      vertex 29.94 -1.06064 -1.98432
      vertex 29.94 -1.25003 -1.87081
    endloop
  endfacet
  facet normal -0 -0.514083 -0.857741
    outer loop
      vertex 29.94 -1.06064 -1.98432
      vertex 24.25 -1.25003 -1.87081
      vertex 24.25 -1.06064 -1.98432
    endloop
  endfacet
  facet normal 0 0.80319 0.595723
    outer loop
      vertex 29.94 1.87081 1.25003
      vertex 24.25 1.73927 1.42738
      vertex 29.94 1.73927 1.42738
    endloop
  endfacet
  facet normal 0 0.80319 0.595723
    outer loop
      vertex 24.25 1.73927 1.42738
      vertex 29.94 1.87081 1.25003
      vertex 24.25 1.87081 1.25003
    endloop
  endfacet
  facet normal 0 0.941539 -0.336903
    outer loop
      vertex 29.94 2.07873 -0.861037
      vertex 24.25 2.15312 -0.65314
      vertex 29.94 2.15312 -0.65314
    endloop
  endfacet
  facet normal 0 0.941539 -0.336903
    outer loop
      vertex 24.25 2.15312 -0.65314
      vertex 29.94 2.07873 -0.861037
      vertex 24.25 2.07873 -0.861037
    endloop
  endfacet
  facet normal 0 -0.0490481 -0.998796
    outer loop
      vertex 24.25 -0.220538 -2.23917
      vertex 29.94 0 -2.25
      vertex 29.94 -0.220538 -2.23917
    endloop
  endfacet
  facet normal -0 -0.0490481 -0.998796
    outer loop
      vertex 29.94 0 -2.25
      vertex 24.25 -0.220538 -2.23917
      vertex 24.25 0 -2.25
    endloop
  endfacet
  facet normal 0 0.857741 -0.514083
    outer loop
      vertex 29.94 1.87081 -1.25003
      vertex 24.25 1.98432 -1.06064
      vertex 29.94 1.98432 -1.06064
    endloop
  endfacet
  facet normal 0 0.857741 -0.514083
    outer loop
      vertex 24.25 1.98432 -1.06064
      vertex 29.94 1.87081 -1.25003
      vertex 24.25 1.87081 -1.25003
    endloop
  endfacet
  facet normal 0 -0.989176 -0.146736
    outer loop
      vertex 24.25 -2.20677 -0.438952
      vertex 29.94 -2.23917 -0.220538
      vertex 24.25 -2.23917 -0.220538
    endloop
  endfacet
  facet normal 0 -0.989176 -0.146736
    outer loop
      vertex 29.94 -2.23917 -0.220538
      vertex 24.25 -2.20677 -0.438952
      vertex 29.94 -2.20677 -0.438952
    endloop
  endfacet
  facet normal 0 -0.67154 -0.740968
    outer loop
      vertex 24.25 -1.59099 -1.59099
      vertex 29.94 -1.42738 -1.73927
      vertex 29.94 -1.59099 -1.59099
    endloop
  endfacet
  facet normal -0 -0.67154 -0.740968
    outer loop
      vertex 29.94 -1.42738 -1.73927
      vertex 24.25 -1.59099 -1.59099
      vertex 24.25 -1.42738 -1.73927
    endloop
  endfacet
  facet normal 0 -0.595723 -0.80319
    outer loop
      vertex 24.25 -1.42738 -1.73927
      vertex 29.94 -1.25003 -1.87081
      vertex 29.94 -1.42738 -1.73927
    endloop
  endfacet
  facet normal -0 -0.595723 -0.80319
    outer loop
      vertex 29.94 -1.25003 -1.87081
      vertex 24.25 -1.42738 -1.73927
      vertex 24.25 -1.25003 -1.87081
    endloop
  endfacet
  facet normal 0 -0.970033 -0.242975
    outer loop
      vertex 24.25 -2.15312 -0.65314
      vertex 29.94 -2.20677 -0.438952
      vertex 24.25 -2.20677 -0.438952
    endloop
  endfacet
  facet normal 0 -0.970033 -0.242975
    outer loop
      vertex 29.94 -2.20677 -0.438952
      vertex 24.25 -2.15312 -0.65314
      vertex 29.94 -2.15312 -0.65314
    endloop
  endfacet
  facet normal 0 -0.427573 -0.903981
    outer loop
      vertex 24.25 -1.06064 -1.98432
      vertex 29.94 -0.861037 -2.07873
      vertex 29.94 -1.06064 -1.98432
    endloop
  endfacet
  facet normal -0 -0.427573 -0.903981
    outer loop
      vertex 29.94 -0.861037 -2.07873
      vertex 24.25 -1.06064 -1.98432
      vertex 24.25 -0.861037 -2.07873
    endloop
  endfacet
  facet normal 0 0.970033 0.242975
    outer loop
      vertex 29.94 2.20677 0.438952
      vertex 24.25 2.15312 0.65314
      vertex 29.94 2.15312 0.65314
    endloop
  endfacet
  facet normal 0 0.970033 0.242975
    outer loop
      vertex 24.25 2.15312 0.65314
      vertex 29.94 2.20677 0.438952
      vertex 24.25 2.20677 0.438952
    endloop
  endfacet
  facet normal -0 0.336903 0.941539
    outer loop
      vertex 24.25 0.861037 2.07873
      vertex 29.94 0.65314 2.15312
      vertex 29.94 0.861037 2.07873
    endloop
  endfacet
  facet normal 0 0.336903 0.941539
    outer loop
      vertex 29.94 0.65314 2.15312
      vertex 24.25 0.861037 2.07873
      vertex 24.25 0.65314 2.15312
    endloop
  endfacet
  facet normal 0 0.903981 0.427573
    outer loop
      vertex 29.94 2.07873 0.861037
      vertex 24.25 1.98432 1.06064
      vertex 29.94 1.98432 1.06064
    endloop
  endfacet
  facet normal 0 0.903981 0.427573
    outer loop
      vertex 24.25 1.98432 1.06064
      vertex 29.94 2.07873 0.861037
      vertex 24.25 2.07873 0.861037
    endloop
  endfacet
  facet normal -0 0.146736 0.989176
    outer loop
      vertex 24.25 0.438952 2.20677
      vertex 29.94 0.220538 2.23917
      vertex 29.94 0.438952 2.20677
    endloop
  endfacet
  facet normal 0 0.146736 0.989176
    outer loop
      vertex 29.94 0.220538 2.23917
      vertex 24.25 0.438952 2.20677
      vertex 24.25 0.220538 2.23917
    endloop
  endfacet
  facet normal -0 0.242975 0.970033
    outer loop
      vertex 24.25 0.65314 2.15312
      vertex 29.94 0.438952 2.20677
      vertex 29.94 0.65314 2.15312
    endloop
  endfacet
  facet normal 0 0.242975 0.970033
    outer loop
      vertex 29.94 0.438952 2.20677
      vertex 24.25 0.65314 2.15312
      vertex 24.25 0.438952 2.20677
    endloop
  endfacet
  facet normal 0 -0.427573 0.903981
    outer loop
      vertex 24.25 -0.861037 2.07873
      vertex 29.94 -1.06064 1.98432
      vertex 29.94 -0.861037 2.07873
    endloop
  endfacet
  facet normal 0 -0.427573 0.903981
    outer loop
      vertex 29.94 -1.06064 1.98432
      vertex 24.25 -0.861037 2.07873
      vertex 24.25 -1.06064 1.98432
    endloop
  endfacet
  facet normal 0 -0.146736 -0.989176
    outer loop
      vertex 24.25 -0.438952 -2.20677
      vertex 29.94 -0.220538 -2.23917
      vertex 29.94 -0.438952 -2.20677
    endloop
  endfacet
  facet normal -0 -0.146736 -0.989176
    outer loop
      vertex 29.94 -0.220538 -2.23917
      vertex 24.25 -0.438952 -2.20677
      vertex 24.25 -0.220538 -2.23917
    endloop
  endfacet
  facet normal 0 0.998796 -0.0490481
    outer loop
      vertex 29.94 2.23917 -0.220538
      vertex 24.25 2.25 0
      vertex 29.94 2.25 0
    endloop
  endfacet
  facet normal 0 0.998796 -0.0490481
    outer loop
      vertex 24.25 2.25 0
      vertex 29.94 2.23917 -0.220538
      vertex 24.25 2.23917 -0.220538
    endloop
  endfacet
  facet normal 0 -0.514083 0.857741
    outer loop
      vertex 24.25 -1.06064 1.98432
      vertex 29.94 -1.25003 1.87081
      vertex 29.94 -1.06064 1.98432
    endloop
  endfacet
  facet normal 0 -0.514083 0.857741
    outer loop
      vertex 29.94 -1.25003 1.87081
      vertex 24.25 -1.06064 1.98432
      vertex 24.25 -1.25003 1.87081
    endloop
  endfacet
  facet normal 0 0.941539 0.336903
    outer loop
      vertex 29.94 2.15312 0.65314
      vertex 24.25 2.07873 0.861037
      vertex 29.94 2.07873 0.861037
    endloop
  endfacet
  facet normal 0 0.941539 0.336903
    outer loop
      vertex 24.25 2.07873 0.861037
      vertex 29.94 2.15312 0.65314
      vertex 24.25 2.15312 0.65314
    endloop
  endfacet
  facet normal 0 -0.80319 -0.595723
    outer loop
      vertex 24.25 -1.73927 -1.42738
      vertex 29.94 -1.87081 -1.25003
      vertex 24.25 -1.87081 -1.25003
    endloop
  endfacet
  facet normal 0 -0.80319 -0.595723
    outer loop
      vertex 29.94 -1.87081 -1.25003
      vertex 24.25 -1.73927 -1.42738
      vertex 29.94 -1.73927 -1.42738
    endloop
  endfacet
  facet normal -0 0.427573 0.903981
    outer loop
      vertex 24.25 1.06064 1.98432
      vertex 29.94 0.861037 2.07873
      vertex 29.94 1.06064 1.98432
    endloop
  endfacet
  facet normal 0 0.427573 0.903981
    outer loop
      vertex 29.94 0.861037 2.07873
      vertex 24.25 1.06064 1.98432
      vertex 24.25 0.861037 2.07873
    endloop
  endfacet
  facet normal 0 -0.146736 0.989176
    outer loop
      vertex 24.25 -0.220538 2.23917
      vertex 29.94 -0.438952 2.20677
      vertex 29.94 -0.220538 2.23917
    endloop
  endfacet
  facet normal 0 -0.146736 0.989176
    outer loop
      vertex 29.94 -0.438952 2.20677
      vertex 24.25 -0.220538 2.23917
      vertex 24.25 -0.438952 2.20677
    endloop
  endfacet
  facet normal 0 -0.67154 0.740968
    outer loop
      vertex 24.25 -1.42738 1.73927
      vertex 29.94 -1.59099 1.59099
      vertex 29.94 -1.42738 1.73927
    endloop
  endfacet
  facet normal 0 -0.67154 0.740968
    outer loop
      vertex 29.94 -1.59099 1.59099
      vertex 24.25 -1.42738 1.73927
      vertex 24.25 -1.59099 1.59099
    endloop
  endfacet
  facet normal 0 -0.595723 0.80319
    outer loop
      vertex 24.25 -1.25003 1.87081
      vertex 29.94 -1.42738 1.73927
      vertex 29.94 -1.25003 1.87081
    endloop
  endfacet
  facet normal 0 -0.595723 0.80319
    outer loop
      vertex 29.94 -1.42738 1.73927
      vertex 24.25 -1.25003 1.87081
      vertex 24.25 -1.42738 1.73927
    endloop
  endfacet
  facet normal 0 -0.0490481 0.998796
    outer loop
      vertex 24.25 0 2.25
      vertex 29.94 -0.220538 2.23917
      vertex 29.94 0 2.25
    endloop
  endfacet
  facet normal 0 -0.0490481 0.998796
    outer loop
      vertex 29.94 -0.220538 2.23917
      vertex 24.25 0 2.25
      vertex 24.25 -0.220538 2.23917
    endloop
  endfacet
  facet normal 0 0.67154 -0.740968
    outer loop
      vertex 24.25 1.42738 -1.73927
      vertex 29.94 1.59099 -1.59099
      vertex 29.94 1.42738 -1.73927
    endloop
  endfacet
  facet normal 0 0.67154 -0.740968
    outer loop
      vertex 29.94 1.59099 -1.59099
      vertex 24.25 1.42738 -1.73927
      vertex 24.25 1.59099 -1.59099
    endloop
  endfacet
  facet normal 0 -0.80319 0.595723
    outer loop
      vertex 24.25 -1.87081 1.25003
      vertex 29.94 -1.73927 1.42738
      vertex 24.25 -1.73927 1.42738
    endloop
  endfacet
  facet normal 0 -0.80319 0.595723
    outer loop
      vertex 29.94 -1.73927 1.42738
      vertex 24.25 -1.87081 1.25003
      vertex 29.94 -1.87081 1.25003
    endloop
  endfacet
  facet normal 0 -0.740968 0.67154
    outer loop
      vertex 24.25 -1.73927 1.42738
      vertex 29.94 -1.59099 1.59099
      vertex 24.25 -1.59099 1.59099
    endloop
  endfacet
  facet normal 0 -0.740968 0.67154
    outer loop
      vertex 29.94 -1.59099 1.59099
      vertex 24.25 -1.73927 1.42738
      vertex 29.94 -1.73927 1.42738
    endloop
  endfacet
  facet normal 0 -0.998796 0.0490481
    outer loop
      vertex 24.25 -2.25 0
      vertex 29.94 -2.23917 0.220538
      vertex 24.25 -2.23917 0.220538
    endloop
  endfacet
  facet normal 0 -0.998796 0.0490481
    outer loop
      vertex 29.94 -2.23917 0.220538
      vertex 24.25 -2.25 0
      vertex 29.94 -2.25 0
    endloop
  endfacet
  facet normal 0 -0.989176 0.146736
    outer loop
      vertex 24.25 -2.23917 0.220538
      vertex 29.94 -2.20677 0.438952
      vertex 24.25 -2.20677 0.438952
    endloop
  endfacet
  facet normal 0 -0.989176 0.146736
    outer loop
      vertex 29.94 -2.20677 0.438952
      vertex 24.25 -2.23917 0.220538
      vertex 29.94 -2.23917 0.220538
    endloop
  endfacet
  facet normal -0 0.0490481 0.998796
    outer loop
      vertex 24.25 0.220538 2.23917
      vertex 29.94 0 2.25
      vertex 29.94 0.220538 2.23917
    endloop
  endfacet
  facet normal 0 0.0490481 0.998796
    outer loop
      vertex 29.94 0 2.25
      vertex 24.25 0.220538 2.23917
      vertex 24.25 0 2.25
    endloop
  endfacet
  facet normal 0 -0.941539 0.336903
    outer loop
      vertex 24.25 -2.15312 0.65314
      vertex 29.94 -2.07873 0.861037
      vertex 24.25 -2.07873 0.861037
    endloop
  endfacet
  facet normal 0 -0.941539 0.336903
    outer loop
      vertex 29.94 -2.07873 0.861037
      vertex 24.25 -2.15312 0.65314
      vertex 29.94 -2.15312 0.65314
    endloop
  endfacet
  facet normal 0 -0.740968 -0.67154
    outer loop
      vertex 24.25 -1.59099 -1.59099
      vertex 29.94 -1.73927 -1.42738
      vertex 24.25 -1.73927 -1.42738
    endloop
  endfacet
  facet normal 0 -0.740968 -0.67154
    outer loop
      vertex 29.94 -1.73927 -1.42738
      vertex 24.25 -1.59099 -1.59099
      vertex 29.94 -1.59099 -1.59099
    endloop
  endfacet
  facet normal 1 -0 0
    outer loop
      vertex 1.32 -2.74 -0.27
      vertex 1.32 -2.56 -0.339999
      vertex 1.32 -2.56 -0.27
    endloop
  endfacet
  facet normal 1 0 0
    outer loop
      vertex 1.32 -2.56 -0.339999
      vertex 1.32 -2.74 -0.27
      vertex 1.32 -2.74 -0.339999
    endloop
  endfacet
  facet normal 0 0 -1
    outer loop
      vertex 0.2 -2.74 -0.339999
      vertex 1.32 -2.56 -0.339999
      vertex 1.32 -2.74 -0.339999
    endloop
  endfacet
  facet normal -0 0 -1
    outer loop
      vertex 1.32 -2.56 -0.339999
      vertex 0.2 -2.74 -0.339999
      vertex 0.2 -2.56 -0.339999
    endloop
  endfacet
  facet normal -1 0 0
    outer loop
      vertex 0.2 -2.74 -0.339999
      vertex 0.2 -2.56 -0.27
      vertex 0.2 -2.56 -0.339999
    endloop
  endfacet
  facet normal -1 -0 0
    outer loop
      vertex 0.2 -2.56 -0.27
      vertex 0.2 -2.74 -0.339999
      vertex 0.2 -2.74 -0.27
    endloop
  endfacet
  facet normal 0 1 -0
    outer loop
      vertex 1.32 -2.56 -0.339999
      vertex 0.2 -2.56 -0.27
      vertex 1.32 -2.56 -0.27
    endloop
  endfacet
  facet normal 0 1 0
    outer loop
      vertex 0.2 -2.56 -0.27
      vertex 1.32 -2.56 -0.339999
      vertex 0.2 -2.56 -0.339999
    endloop
  endfacet
  facet normal 0 -1 0
    outer loop
      vertex 0.2 -2.74 -0.339999
      vertex 1.32 -2.74 -0.27
      vertex 0.2 -2.74 -0.27
    endloop
  endfacet
  facet normal 0 -1 -0
    outer loop
      vertex 1.32 -2.74 -0.27
      vertex 0.2 -2.74 -0.339999
      vertex 1.32 -2.74 -0.339999
    endloop
  endfacet
  facet normal 1 -0 0
    outer loop
      vertex 1.32 -2.24182 -0.27
      vertex 1.32 -2.06182 -0.339999
      vertex 1.32 -2.06182 -0.27
    endloop
  endfacet
  facet normal 1 0 0
    outer loop
      vertex 1.32 -2.06182 -0.339999
      vertex 1.32 -2.24182 -0.27
      vertex 1.32 -2.24182 -0.339999
    endloop
  endfacet
  facet normal 0 0 -1
    outer loop
      vertex 0.2 -2.24182 -0.339999
      vertex 1.32 -2.06182 -0.339999
      vertex 1.32 -2.24182 -0.339999
    endloop
  endfacet
  facet normal -0 0 -1
    outer loop
      vertex 1.32 -2.06182 -0.339999
      vertex 0.2 -2.24182 -0.339999
      vertex 0.2 -2.06182 -0.339999
    endloop
  endfacet
  facet normal -1 0 0
    outer loop
      vertex 0.2 -2.24182 -0.339999
      vertex 0.2 -2.06182 -0.27
      vertex 0.2 -2.06182 -0.339999
    endloop
  endfacet
  facet normal -1 -0 0
    outer loop
      vertex 0.2 -2.06182 -0.27
      vertex 0.2 -2.24182 -0.339999
      vertex 0.2 -2.24182 -0.27
    endloop
  endfacet
  facet normal 0 1 -0
    outer loop
      vertex 1.32 -2.06182 -0.339999
      vertex 0.2 -2.06182 -0.27
      vertex 1.32 -2.06182 -0.27
    endloop
  endfacet
  facet normal 0 1 0
    outer loop
      vertex 0.2 -2.06182 -0.27
      vertex 1.32 -2.06182 -0.339999
      vertex 0.2 -2.06182 -0.339999
    endloop
  endfacet
  facet normal 0 -1 0
    outer loop
      vertex 0.2 -2.24182 -0.339999
      vertex 1.32 -2.24182 -0.27
      vertex 0.2 -2.24182 -0.27
    endloop
  endfacet
  facet normal 0 -1 -0
    outer loop
      vertex 1.32 -2.24182 -0.27
      vertex 0.2 -2.24182 -0.339999
      vertex 1.32 -2.24182 -0.339999
    endloop
  endfacet
  facet normal 1 -0 0
    outer loop
      vertex 1.32 -1.74364 -0.27
      vertex 1.32 -1.56364 -0.339999
      vertex 1.32 -1.56364 -0.27
    endloop
  endfacet
  facet normal 1 0 0
    outer loop
      vertex 1.32 -1.56364 -0.339999
      vertex 1.32 -1.74364 -0.27
      vertex 1.32 -1.74364 -0.339999
    endloop
  endfacet
  facet normal 0 0 -1
    outer loop
      vertex 0.2 -1.74364 -0.339999
      vertex 1.32 -1.56364 -0.339999
      vertex 1.32 -1.74364 -0.339999
    endloop
  endfacet
  facet normal -0 0 -1
    outer loop
      vertex 1.32 -1.56364 -0.339999
      vertex 0.2 -1.74364 -0.339999
      vertex 0.2 -1.56364 -0.339999
    endloop
  endfacet
  facet normal -1 0 0
    outer loop
      vertex 0.2 -1.74364 -0.339999
      vertex 0.2 -1.56364 -0.27
      vertex 0.2 -1.56364 -0.339999
    endloop
  endfacet
  facet normal -1 -0 0
    outer loop
      vertex 0.2 -1.56364 -0.27
      vertex 0.2 -1.74364 -0.339999
      vertex 0.2 -1.74364 -0.27
    endloop
  endfacet
  facet normal 0 1 -0
    outer loop
      vertex 1.32 -1.56364 -0.339999
      vertex 0.2 -1.56364 -0.27
      vertex 1.32 -1.56364 -0.27
    endloop
  endfacet
  facet normal 0 1 0
    outer loop
      vertex 0.2 -1.56364 -0.27
      vertex 1.32 -1.56364 -0.339999
      vertex 0.2 -1.56364 -0.339999
    endloop
  endfacet
  facet normal 0 -1 0
    outer loop
      vertex 0.2 -1.74364 -0.339999
      vertex 1.32 -1.74364 -0.27
      vertex 0.2 -1.74364 -0.27
    endloop
  endfacet
  facet normal 0 -1 -0
    outer loop
      vertex 1.32 -1.74364 -0.27
      vertex 0.2 -1.74364 -0.339999
      vertex 1.32 -1.74364 -0.339999
    endloop
  endfacet
  facet normal 1 -0 0
    outer loop
      vertex 1.32 -1.24545 -0.27
      vertex 1.32 -1.06545 -0.339999
      vertex 1.32 -1.06545 -0.27
    endloop
  endfacet
  facet normal 1 0 0
    outer loop
      vertex 1.32 -1.06545 -0.339999
      vertex 1.32 -1.24545 -0.27
      vertex 1.32 -1.24545 -0.339999
    endloop
  endfacet
  facet normal 0 0 -1
    outer loop
      vertex 0.2 -1.24545 -0.339999
      vertex 1.32 -1.06545 -0.339999
      vertex 1.32 -1.24545 -0.339999
    endloop
  endfacet
  facet normal -0 0 -1
    outer loop
      vertex 1.32 -1.06545 -0.339999
      vertex 0.2 -1.24545 -0.339999
      vertex 0.2 -1.06545 -0.339999
    endloop
  endfacet
  facet normal -1 0 0
    outer loop
      vertex 0.2 -1.24545 -0.339999
      vertex 0.2 -1.06545 -0.27
      vertex 0.2 -1.06545 -0.339999
    endloop
  endfacet
  facet normal -1 -0 0
    outer loop
      vertex 0.2 -1.06545 -0.27
      vertex 0.2 -1.24545 -0.339999
      vertex 0.2 -1.24545 -0.27
    endloop
  endfacet
  facet normal 0 1 -0
    outer loop
      vertex 1.32 -1.06545 -0.339999
      vertex 0.2 -1.06545 -0.27
      vertex 1.32 -1.06545 -0.27
    endloop
  endfacet
  facet normal 0 1 0
    outer loop
      vertex 0.2 -1.06545 -0.27
      vertex 1.32 -1.06545 -0.339999
      vertex 0.2 -1.06545 -0.339999
    endloop
  endfacet
  facet normal 0 -1 0
    outer loop
      vertex 0.2 -1.24545 -0.339999
      vertex 1.32 -1.24545 -0.27
      vertex 0.2 -1.24545 -0.27
    endloop
  endfacet
  facet normal 0 -1 -0
    outer loop
      vertex 1.32 -1.24545 -0.27
      vertex 0.2 -1.24545 -0.339999
      vertex 1.32 -1.24545 -0.339999
    endloop
  endfacet
  facet normal 1 -0 0
    outer loop
      vertex 1.32 -0.747272 -0.27
      vertex 1.32 -0.567272 -0.339999
      vertex 1.32 -0.567272 -0.27
    endloop
  endfacet
  facet normal 1 0 0
    outer loop
      vertex 1.32 -0.567272 -0.339999
      vertex 1.32 -0.747272 -0.27
      vertex 1.32 -0.747272 -0.339999
    endloop
  endfacet
  facet normal 0 0 -1
    outer loop
      vertex 0.2 -0.747272 -0.339999
      vertex 1.32 -0.567272 -0.339999
      vertex 1.32 -0.747272 -0.339999
    endloop
  endfacet
  facet normal -0 0 -1
    outer loop
      vertex 1.32 -0.567272 -0.339999
      vertex 0.2 -0.747272 -0.339999
      vertex 0.2 -0.567272 -0.339999
    endloop
  endfacet
  facet normal -1 0 0
    outer loop
      vertex 0.2 -0.747272 -0.339999
      vertex 0.2 -0.567272 -0.27
      vertex 0.2 -0.567272 -0.339999
    endloop
  endfacet
  facet normal -1 -0 0
    outer loop
      vertex 0.2 -0.567272 -0.27
      vertex 0.2 -0.747272 -0.339999
      vertex 0.2 -0.747272 -0.27
    endloop
  endfacet
  facet normal 0 1 -0
    outer loop
      vertex 1.32 -0.567272 -0.339999
      vertex 0.2 -0.567272 -0.27
      vertex 1.32 -0.567272 -0.27
    endloop
  endfacet
  facet normal 0 1 0
    outer loop
      vertex 0.2 -0.567272 -0.27
      vertex 1.32 -0.567272 -0.339999
      vertex 0.2 -0.567272 -0.339999
    endloop
  endfacet
  facet normal 0 -1 0
    outer loop
      vertex 0.2 -0.747272 -0.339999
      vertex 1.32 -0.747272 -0.27
      vertex 0.2 -0.747272 -0.27
    endloop
  endfacet
  facet normal 0 -1 -0
    outer loop
      vertex 1.32 -0.747272 -0.27
      vertex 0.2 -0.747272 -0.339999
      vertex 1.32 -0.747272 -0.339999
    endloop
  endfacet
  facet normal 1 -0 0
    outer loop
      vertex 1.32 -0.24909 -0.27
      vertex 1.32 -0.0690908 -0.339999
      vertex 1.32 -0.0690908 -0.27
    endloop
  endfacet
  facet normal 1 0 0
    outer loop
      vertex 1.32 -0.0690908 -0.339999
      vertex 1.32 -0.24909 -0.27
      vertex 1.32 -0.24909 -0.339999
    endloop
  endfacet
  facet normal 0 0 -1
    outer loop
      vertex 0.2 -0.24909 -0.339999
      vertex 1.32 -0.0690908 -0.339999
      vertex 1.32 -0.24909 -0.339999
    endloop
  endfacet
  facet normal -0 0 -1
    outer loop
      vertex 1.32 -0.0690908 -0.339999
      vertex 0.2 -0.24909 -0.339999
      vertex 0.2 -0.0690908 -0.339999
    endloop
  endfacet
  facet normal -1 0 0
    outer loop
      vertex 0.2 -0.24909 -0.339999
      vertex 0.2 -0.0690908 -0.27
      vertex 0.2 -0.0690908 -0.339999
    endloop
  endfacet
  facet normal -1 -0 0
    outer loop
      vertex 0.2 -0.0690908 -0.27
      vertex 0.2 -0.24909 -0.339999
      vertex 0.2 -0.24909 -0.27
    endloop
  endfacet
  facet normal 0 1 -0
    outer loop
      vertex 1.32 -0.0690908 -0.339999
      vertex 0.2 -0.0690908 -0.27
      vertex 1.32 -0.0690908 -0.27
    endloop
  endfacet
  facet normal 0 1 0
    outer loop
      vertex 0.2 -0.0690908 -0.27
      vertex 1.32 -0.0690908 -0.339999
      vertex 0.2 -0.0690908 -0.339999
    endloop
  endfacet
  facet normal 0 -1 0
    outer loop
      vertex 0.2 -0.24909 -0.339999
      vertex 1.32 -0.24909 -0.27
      vertex 0.2 -0.24909 -0.27
    endloop
  endfacet
  facet normal 0 -1 -0
    outer loop
      vertex 1.32 -0.24909 -0.27
      vertex 0.2 -0.24909 -0.339999
      vertex 1.32 -0.24909 -0.339999
    endloop
  endfacet
  facet normal 1 -0 0
    outer loop
      vertex 1.32 0.24909 -0.27
      vertex 1.32 0.42909 -0.339999
      vertex 1.32 0.42909 -0.27
    endloop
  endfacet
  facet normal 1 0 0
    outer loop
      vertex 1.32 0.42909 -0.339999
      vertex 1.32 0.24909 -0.27
      vertex 1.32 0.24909 -0.339999
    endloop
  endfacet
  facet normal 0 0 -1
    outer loop
      vertex 0.2 0.24909 -0.339999
      vertex 1.32 0.42909 -0.339999
      vertex 1.32 0.24909 -0.339999
    endloop
  endfacet
  facet normal -0 0 -1
    outer loop
      vertex 1.32 0.42909 -0.339999
      vertex 0.2 0.24909 -0.339999
      vertex 0.2 0.42909 -0.339999
    endloop
  endfacet
  facet normal -1 0 0
    outer loop
      vertex 0.2 0.24909 -0.339999
      vertex 0.2 0.42909 -0.27
      vertex 0.2 0.42909 -0.339999
    endloop
  endfacet
  facet normal -1 -0 0
    outer loop
      vertex 0.2 0.42909 -0.27
      vertex 0.2 0.24909 -0.339999
      vertex 0.2 0.24909 -0.27
    endloop
  endfacet
  facet normal 0 1 -0
    outer loop
      vertex 1.32 0.42909 -0.339999
      vertex 0.2 0.42909 -0.27
      vertex 1.32 0.42909 -0.27
    endloop
  endfacet
  facet normal 0 1 0
    outer loop
      vertex 0.2 0.42909 -0.27
      vertex 1.32 0.42909 -0.339999
      vertex 0.2 0.42909 -0.339999
    endloop
  endfacet
  facet normal 0 -1 0
    outer loop
      vertex 0.2 0.24909 -0.339999
      vertex 1.32 0.24909 -0.27
      vertex 0.2 0.24909 -0.27
    endloop
  endfacet
  facet normal 0 -1 -0
    outer loop
      vertex 1.32 0.24909 -0.27
      vertex 0.2 0.24909 -0.339999
      vertex 1.32 0.24909 -0.339999
    endloop
  endfacet
  facet normal 1 -0 0
    outer loop
      vertex 1.32 0.747272 -0.27
      vertex 1.32 0.927272 -0.339999
      vertex 1.32 0.927272 -0.27
    endloop
  endfacet
  facet normal 1 0 0
    outer loop
      vertex 1.32 0.927272 -0.339999
      vertex 1.32 0.747272 -0.27
      vertex 1.32 0.747272 -0.339999
    endloop
  endfacet
  facet normal 0 0 -1
    outer loop
      vertex 0.2 0.747272 -0.339999
      vertex 1.32 0.927272 -0.339999
      vertex 1.32 0.747272 -0.339999
    endloop
  endfacet
  facet normal -0 0 -1
    outer loop
      vertex 1.32 0.927272 -0.339999
      vertex 0.2 0.747272 -0.339999
      vertex 0.2 0.927272 -0.339999
    endloop
  endfacet
  facet normal -1 0 0
    outer loop
      vertex 0.2 0.747272 -0.339999
      vertex 0.2 0.927272 -0.27
      vertex 0.2 0.927272 -0.339999
    endloop
  endfacet
  facet normal -1 -0 0
    outer loop
      vertex 0.2 0.927272 -0.27
      vertex 0.2 0.747272 -0.339999
      vertex 0.2 0.747272 -0.27
    endloop
  endfacet
  facet normal 0 1 -0
    outer loop
      vertex 1.32 0.927272 -0.339999
      vertex 0.2 0.927272 -0.27
      vertex 1.32 0.927272 -0.27
    endloop
  endfacet
  facet normal 0 1 0
    outer loop
      vertex 0.2 0.927272 -0.27
      vertex 1.32 0.927272 -0.339999
      vertex 0.2 0.927272 -0.339999
    endloop
  endfacet
  facet normal 0 -1 0
    outer loop
      vertex 0.2 0.747272 -0.339999
      vertex 1.32 0.747272 -0.27
      vertex 0.2 0.747272 -0.27
    endloop
  endfacet
  facet normal 0 -1 -0
    outer loop
      vertex 1.32 0.747272 -0.27
      vertex 0.2 0.747272 -0.339999
      vertex 1.32 0.747272 -0.339999
    endloop
  endfacet
  facet normal 1 -0 0
    outer loop
      vertex 1.32 1.24545 -0.27
      vertex 1.32 1.42545 -0.339999
      vertex 1.32 1.42545 -0.27
    endloop
  endfacet
  facet normal 1 0 0
    outer loop
      vertex 1.32 1.42545 -0.339999
      vertex 1.32 1.24545 -0.27
      vertex 1.32 1.24545 -0.339999
    endloop
  endfacet
  facet normal 0 0 -1
    outer loop
      vertex 0.2 1.24545 -0.339999
      vertex 1.32 1.42545 -0.339999
      vertex 1.32 1.24545 -0.339999
    endloop
  endfacet
  facet normal -0 0 -1
    outer loop
      vertex 1.32 1.42545 -0.339999
      vertex 0.2 1.24545 -0.339999
      vertex 0.2 1.42545 -0.339999
    endloop
  endfacet
  facet normal -1 0 0
    outer loop
      vertex 0.2 1.24545 -0.339999
      vertex 0.2 1.42545 -0.27
      vertex 0.2 1.42545 -0.339999
    endloop
  endfacet
  facet normal -1 -0 0
    outer loop
      vertex 0.2 1.42545 -0.27
      vertex 0.2 1.24545 -0.339999
      vertex 0.2 1.24545 -0.27
    endloop
  endfacet
  facet normal 0 1 -0
    outer loop
      vertex 1.32 1.42545 -0.339999
      vertex 0.2 1.42545 -0.27
      vertex 1.32 1.42545 -0.27
    endloop
  endfacet
  facet normal 0 1 0
    outer loop
      vertex 0.2 1.42545 -0.27
      vertex 1.32 1.42545 -0.339999
      vertex 0.2 1.42545 -0.339999
    endloop
  endfacet
  facet normal 0 -1 0
    outer loop
      vertex 0.2 1.24545 -0.339999
      vertex 1.32 1.24545 -0.27
      vertex 0.2 1.24545 -0.27
    endloop
  endfacet
  facet normal 0 -1 -0
    outer loop
      vertex 1.32 1.24545 -0.27
      vertex 0.2 1.24545 -0.339999
      vertex 1.32 1.24545 -0.339999
    endloop
  endfacet
  facet normal 1 -0 0
    outer loop
      vertex 1.32 1.74364 -0.27
      vertex 1.32 1.92364 -0.339999
      vertex 1.32 1.92364 -0.27
    endloop
  endfacet
  facet normal 1 0 0
    outer loop
      vertex 1.32 1.92364 -0.339999
      vertex 1.32 1.74364 -0.27
      vertex 1.32 1.74364 -0.339999
    endloop
  endfacet
  facet normal 0 0 -1
    outer loop
      vertex 0.2 1.74364 -0.339999
      vertex 1.32 1.92364 -0.339999
      vertex 1.32 1.74364 -0.339999
    endloop
  endfacet
  facet normal -0 0 -1
    outer loop
      vertex 1.32 1.92364 -0.339999
      vertex 0.2 1.74364 -0.339999
      vertex 0.2 1.92364 -0.339999
    endloop
  endfacet
  facet normal -1 0 0
    outer loop
      vertex 0.2 1.74364 -0.339999
      vertex 0.2 1.92364 -0.27
      vertex 0.2 1.92364 -0.339999
    endloop
  endfacet
  facet normal -1 -0 0
    outer loop
      vertex 0.2 1.92364 -0.27
      vertex 0.2 1.74364 -0.339999
      vertex 0.2 1.74364 -0.27
    endloop
  endfacet
  facet normal 0 1 -0
    outer loop
      vertex 1.32 1.92364 -0.339999
      vertex 0.2 1.92364 -0.27
      vertex 1.32 1.92364 -0.27
    endloop
  endfacet
  facet normal 0 1 0
    outer loop
      vertex 0.2 1.92364 -0.27
      vertex 1.32 1.92364 -0.339999
      vertex 0.2 1.92364 -0.339999
    endloop
  endfacet
  facet normal 0 -1 0
    outer loop
      vertex 0.2 1.74364 -0.339999
      vertex 1.32 1.74364 -0.27
      vertex 0.2 1.74364 -0.27
    endloop
  endfacet
  facet normal 0 -1 -0
    outer loop
      vertex 1.32 1.74364 -0.27
      vertex 0.2 1.74364 -0.339999
      vertex 1.32 1.74364 -0.339999
    endloop
  endfacet
  facet normal 1 -0 0
    outer loop
      vertex 1.32 2.24182 -0.27
      vertex 1.32 2.42182 -0.339999
      vertex 1.32 2.42182 -0.27
    endloop
  endfacet
  facet normal 1 0 0
    outer loop
      vertex 1.32 2.42182 -0.339999
      vertex 1.32 2.24182 -0.27
      vertex 1.32 2.24182 -0.339999
    endloop
  endfacet
  facet normal 0 0 -1
    outer loop
      vertex 0.2 2.24182 -0.339999
      vertex 1.32 2.42182 -0.339999
      vertex 1.32 2.24182 -0.339999
    endloop
  endfacet
  facet normal -0 0 -1
    outer loop
      vertex 1.32 2.42182 -0.339999
      vertex 0.2 2.24182 -0.339999
      vertex 0.2 2.42182 -0.339999
    endloop
  endfacet
  facet normal -1 0 0
    outer loop
      vertex 0.2 2.24182 -0.339999
      vertex 0.2 2.42182 -0.27
      vertex 0.2 2.42182 -0.339999
    endloop
  endfacet
  facet normal -1 -0 0
    outer loop
      vertex 0.2 2.42182 -0.27
      vertex 0.2 2.24182 -0.339999
      vertex 0.2 2.24182 -0.27
    endloop
  endfacet
  facet normal 0 1 -0
    outer loop
      vertex 1.32 2.42182 -0.339999
      vertex 0.2 2.42182 -0.27
      vertex 1.32 2.42182 -0.27
    endloop
  endfacet
  facet normal 0 1 0
    outer loop
      vertex 0.2 2.42182 -0.27
      vertex 1.32 2.42182 -0.339999
      vertex 0.2 2.42182 -0.339999
    endloop
  endfacet
  facet normal 0 -1 0
    outer loop
      vertex 0.2 2.24182 -0.339999
      vertex 1.32 2.24182 -0.27
      vertex 0.2 2.24182 -0.27
    endloop
  endfacet
  facet normal 0 -1 -0
    outer loop
      vertex 1.32 2.24182 -0.27
      vertex 0.2 2.24182 -0.339999
      vertex 1.32 2.24182 -0.339999
    endloop
  endfacet
  facet normal 1 -0 0
    outer loop
      vertex 1.32 2.74 -0.27
      vertex 1.32 2.92 -0.339999
      vertex 1.32 2.92 -0.27
    endloop
  endfacet
  facet normal 1 0 0
    outer loop
      vertex 1.32 2.92 -0.339999
      vertex 1.32 2.74 -0.27
      vertex 1.32 2.74 -0.339999
    endloop
  endfacet
  facet normal 0 0 -1
    outer loop
      vertex 0.2 2.74 -0.339999
      vertex 1.32 2.92 -0.339999
      vertex 1.32 2.74 -0.339999
    endloop
  endfacet
  facet normal -0 0 -1
    outer loop
      vertex 1.32 2.92 -0.339999
      vertex 0.2 2.74 -0.339999
      vertex 0.2 2.92 -0.339999
    endloop
  endfacet
  facet normal -1 0 0
    outer loop
      vertex 0.2 2.74 -0.339999
      vertex 0.2 2.92 -0.27
      vertex 0.2 2.92 -0.339999
    endloop
  endfacet
  facet normal -1 -0 0
    outer loop
      vertex 0.2 2.92 -0.27
      vertex 0.2 2.74 -0.339999
      vertex 0.2 2.74 -0.27
    endloop
  endfacet
  facet normal 0 1 -0
    outer loop
      vertex 1.32 2.92 -0.339999
      vertex 0.2 2.92 -0.27
      vertex 1.32 2.92 -0.27
    endloop
  endfacet
  facet normal 0 1 0
    outer loop
      vertex 0.2 2.92 -0.27
      vertex 1.32 2.92 -0.339999
      vertex 0.2 2.92 -0.339999
    endloop
  endfacet
  facet normal 0 -1 0
    outer loop
      vertex 0.2 2.74 -0.339999
      vertex 1.32 2.74 -0.27
      vertex 0.2 2.74 -0.27
    endloop
  endfacet
  facet normal 0 -1 -0
    outer loop
      vertex 1.32 2.74 -0.27
      vertex 0.2 2.74 -0.339999
      vertex 1.32 2.74 -0.339999
    endloop
  endfacet
  facet normal 1 -0 0
    outer loop
      vertex 1.32 -2.74 0.339999
      vertex 1.32 -2.56 0.27
      vertex 1.32 -2.56 0.339999
    endloop
  endfacet
  facet normal 1 0 0
    outer loop
      vertex 1.32 -2.56 0.27
      vertex 1.32 -2.74 0.339999
      vertex 1.32 -2.74 0.27
    endloop
  endfacet
  facet normal -0 0 1
    outer loop
      vertex 0.2 -2.56 0.339999
      vertex 1.32 -2.74 0.339999
      vertex 1.32 -2.56 0.339999
    endloop
  endfacet
  facet normal 0 0 1
    outer loop
      vertex 1.32 -2.74 0.339999
      vertex 0.2 -2.56 0.339999
      vertex 0.2 -2.74 0.339999
    endloop
  endfacet
  facet normal -1 0 0
    outer loop
      vertex 0.2 -2.74 0.27
      vertex 0.2 -2.56 0.339999
      vertex 0.2 -2.56 0.27
    endloop
  endfacet
  facet normal -1 -0 0
    outer loop
      vertex 0.2 -2.56 0.339999
      vertex 0.2 -2.74 0.27
      vertex 0.2 -2.74 0.339999
    endloop
  endfacet
  facet normal 0 1 -0
    outer loop
      vertex 1.32 -2.56 0.27
      vertex 0.2 -2.56 0.339999
      vertex 1.32 -2.56 0.339999
    endloop
  endfacet
  facet normal 0 1 0
    outer loop
      vertex 0.2 -2.56 0.339999
      vertex 1.32 -2.56 0.27
      vertex 0.2 -2.56 0.27
    endloop
  endfacet
  facet normal 0 -1 0
    outer loop
      vertex 0.2 -2.74 0.27
      vertex 1.32 -2.74 0.339999
      vertex 0.2 -2.74 0.339999
    endloop
  endfacet
  facet normal 0 -1 -0
    outer loop
      vertex 1.32 -2.74 0.339999
      vertex 0.2 -2.74 0.27
      vertex 1.32 -2.74 0.27
    endloop
  endfacet
  facet normal 1 -0 0
    outer loop
      vertex 1.32 -2.24182 0.339999
      vertex 1.32 -2.06182 0.27
      vertex 1.32 -2.06182 0.339999
    endloop
  endfacet
  facet normal 1 0 0
    outer loop
      vertex 1.32 -2.06182 0.27
      vertex 1.32 -2.24182 0.339999
      vertex 1.32 -2.24182 0.27
    endloop
  endfacet
  facet normal -0 0 1
    outer loop
      vertex 0.2 -2.06182 0.339999
      vertex 1.32 -2.24182 0.339999
      vertex 1.32 -2.06182 0.339999
    endloop
  endfacet
  facet normal 0 0 1
    outer loop
      vertex 1.32 -2.24182 0.339999
      vertex 0.2 -2.06182 0.339999
      vertex 0.2 -2.24182 0.339999
    endloop
  endfacet
  facet normal -1 0 0
    outer loop
      vertex 0.2 -2.24182 0.27
      vertex 0.2 -2.06182 0.339999
      vertex 0.2 -2.06182 0.27
    endloop
  endfacet
  facet normal -1 -0 0
    outer loop
      vertex 0.2 -2.06182 0.339999
      vertex 0.2 -2.24182 0.27
      vertex 0.2 -2.24182 0.339999
    endloop
  endfacet
  facet normal 0 1 -0
    outer loop
      vertex 1.32 -2.06182 0.27
      vertex 0.2 -2.06182 0.339999
      vertex 1.32 -2.06182 0.339999
    endloop
  endfacet
  facet normal 0 1 0
    outer loop
      vertex 0.2 -2.06182 0.339999
      vertex 1.32 -2.06182 0.27
      vertex 0.2 -2.06182 0.27
    endloop
  endfacet
  facet normal 0 -1 0
    outer loop
      vertex 0.2 -2.24182 0.27
      vertex 1.32 -2.24182 0.339999
      vertex 0.2 -2.24182 0.339999
    endloop
  endfacet
  facet normal 0 -1 -0
    outer loop
      vertex 1.32 -2.24182 0.339999
      vertex 0.2 -2.24182 0.27
      vertex 1.32 -2.24182 0.27
    endloop
  endfacet
  facet normal 1 -0 0
    outer loop
      vertex 1.32 -1.74364 0.339999
      vertex 1.32 -1.56364 0.27
      vertex 1.32 -1.56364 0.339999
    endloop
  endfacet
  facet normal 1 0 0
    outer loop
      vertex 1.32 -1.56364 0.27
      vertex 1.32 -1.74364 0.339999
      vertex 1.32 -1.74364 0.27
    endloop
  endfacet
  facet normal -0 0 1
    outer loop
      vertex 0.2 -1.56364 0.339999
      vertex 1.32 -1.74364 0.339999
      vertex 1.32 -1.56364 0.339999
    endloop
  endfacet
  facet normal 0 0 1
    outer loop
      vertex 1.32 -1.74364 0.339999
      vertex 0.2 -1.56364 0.339999
      vertex 0.2 -1.74364 0.339999
    endloop
  endfacet
  facet normal -1 0 0
    outer loop
      vertex 0.2 -1.74364 0.27
      vertex 0.2 -1.56364 0.339999
      vertex 0.2 -1.56364 0.27
    endloop
  endfacet
  facet normal -1 -0 0
    outer loop
      vertex 0.2 -1.56364 0.339999
      vertex 0.2 -1.74364 0.27
      vertex 0.2 -1.74364 0.339999
    endloop
  endfacet
  facet normal 0 1 -0
    outer loop
      vertex 1.32 -1.56364 0.27
      vertex 0.2 -1.56364 0.339999
      vertex 1.32 -1.56364 0.339999
    endloop
  endfacet
  facet normal 0 1 0
    outer loop
      vertex 0.2 -1.56364 0.339999
      vertex 1.32 -1.56364 0.27
      vertex 0.2 -1.56364 0.27
    endloop
  endfacet
  facet normal 0 -1 0
    outer loop
      vertex 0.2 -1.74364 0.27
      vertex 1.32 -1.74364 0.339999
      vertex 0.2 -1.74364 0.339999
    endloop
  endfacet
  facet normal 0 -1 -0
    outer loop
      vertex 1.32 -1.74364 0.339999
      vertex 0.2 -1.74364 0.27
      vertex 1.32 -1.74364 0.27
    endloop
  endfacet
  facet normal 1 -0 0
    outer loop
      vertex 1.32 -1.24545 0.339999
      vertex 1.32 -1.06545 0.27
      vertex 1.32 -1.06545 0.339999
    endloop
  endfacet
  facet normal 1 0 0
    outer loop
      vertex 1.32 -1.06545 0.27
      vertex 1.32 -1.24545 0.339999
      vertex 1.32 -1.24545 0.27
    endloop
  endfacet
  facet normal -0 0 1
    outer loop
      vertex 0.2 -1.06545 0.339999
      vertex 1.32 -1.24545 0.339999
      vertex 1.32 -1.06545 0.339999
    endloop
  endfacet
  facet normal 0 0 1
    outer loop
      vertex 1.32 -1.24545 0.339999
      vertex 0.2 -1.06545 0.339999
      vertex 0.2 -1.24545 0.339999
    endloop
  endfacet
  facet normal -1 0 0
    outer loop
      vertex 0.2 -1.24545 0.27
      vertex 0.2 -1.06545 0.339999
      vertex 0.2 -1.06545 0.27
    endloop
  endfacet
  facet normal -1 -0 0
    outer loop
      vertex 0.2 -1.06545 0.339999
      vertex 0.2 -1.24545 0.27
      vertex 0.2 -1.24545 0.339999
    endloop
  endfacet
  facet normal 0 1 -0
    outer loop
      vertex 1.32 -1.06545 0.27
      vertex 0.2 -1.06545 0.339999
      vertex 1.32 -1.06545 0.339999
    endloop
  endfacet
  facet normal 0 1 0
    outer loop
      vertex 0.2 -1.06545 0.339999
      vertex 1.32 -1.06545 0.27
      vertex 0.2 -1.06545 0.27
    endloop
  endfacet
  facet normal 0 -1 0
    outer loop
      vertex 0.2 -1.24545 0.27
      vertex 1.32 -1.24545 0.339999
      vertex 0.2 -1.24545 0.339999
    endloop
  endfacet
  facet normal 0 -1 -0
    outer loop
      vertex 1.32 -1.24545 0.339999
      vertex 0.2 -1.24545 0.27
      vertex 1.32 -1.24545 0.27
    endloop
  endfacet
  facet normal 1 -0 0
    outer loop
      vertex 1.32 -0.747272 0.339999
      vertex 1.32 -0.567272 0.27
      vertex 1.32 -0.567272 0.339999
    endloop
  endfacet
  facet normal 1 0 0
    outer loop
      vertex 1.32 -0.567272 0.27
      vertex 1.32 -0.747272 0.339999
      vertex 1.32 -0.747272 0.27
    endloop
  endfacet
  facet normal -0 0 1
    outer loop
      vertex 0.2 -0.567272 0.339999
      vertex 1.32 -0.747272 0.339999
      vertex 1.32 -0.567272 0.339999
    endloop
  endfacet
  facet normal 0 0 1
    outer loop
      vertex 1.32 -0.747272 0.339999
      vertex 0.2 -0.567272 0.339999
      vertex 0.2 -0.747272 0.339999
    endloop
  endfacet
  facet normal -1 0 0
    outer loop
      vertex 0.2 -0.747272 0.27
      vertex 0.2 -0.567272 0.339999
      vertex 0.2 -0.567272 0.27
    endloop
  endfacet
  facet normal -1 -0 0
    outer loop
      vertex 0.2 -0.567272 0.339999
      vertex 0.2 -0.747272 0.27
      vertex 0.2 -0.747272 0.339999
    endloop
  endfacet
  facet normal 0 1 -0
    outer loop
      vertex 1.32 -0.567272 0.27
      vertex 0.2 -0.567272 0.339999
      vertex 1.32 -0.567272 0.339999
    endloop
  endfacet
  facet normal 0 1 0
    outer loop
      vertex 0.2 -0.567272 0.339999
      vertex 1.32 -0.567272 0.27
      vertex 0.2 -0.567272 0.27
    endloop
  endfacet
  facet normal 0 -1 0
    outer loop
      vertex 0.2 -0.747272 0.27
      vertex 1.32 -0.747272 0.339999
      vertex 0.2 -0.747272 0.339999
    endloop
  endfacet
  facet normal 0 -1 -0
    outer loop
      vertex 1.32 -0.747272 0.339999
      vertex 0.2 -0.747272 0.27
      vertex 1.32 -0.747272 0.27
    endloop
  endfacet
  facet normal 1 -0 0
    outer loop
      vertex 1.32 -0.24909 0.339999
      vertex 1.32 -0.0690908 0.27
      vertex 1.32 -0.0690908 0.339999
    endloop
  endfacet
  facet normal 1 0 0
    outer loop
      vertex 1.32 -0.0690908 0.27
      vertex 1.32 -0.24909 0.339999
      vertex 1.32 -0.24909 0.27
    endloop
  endfacet
  facet normal -0 0 1
    outer loop
      vertex 0.2 -0.0690908 0.339999
      vertex 1.32 -0.24909 0.339999
      vertex 1.32 -0.0690908 0.339999
    endloop
  endfacet
  facet normal 0 0 1
    outer loop
      vertex 1.32 -0.24909 0.339999
      vertex 0.2 -0.0690908 0.339999
      vertex 0.2 -0.24909 0.339999
    endloop
  endfacet
  facet normal -1 0 0
    outer loop
      vertex 0.2 -0.24909 0.27
      vertex 0.2 -0.0690908 0.339999
      vertex 0.2 -0.0690908 0.27
    endloop
  endfacet
  facet normal -1 -0 0
    outer loop
      vertex 0.2 -0.0690908 0.339999
      vertex 0.2 -0.24909 0.27
      vertex 0.2 -0.24909 0.339999
    endloop
  endfacet
  facet normal 0 1 -0
    outer loop
      vertex 1.32 -0.0690908 0.27
      vertex 0.2 -0.0690908 0.339999
      vertex 1.32 -0.0690908 0.339999
    endloop
  endfacet
  facet normal 0 1 0
    outer loop
      vertex 0.2 -0.0690908 0.339999
      vertex 1.32 -0.0690908 0.27
      vertex 0.2 -0.0690908 0.27
    endloop
  endfacet
  facet normal 0 -1 0
    outer loop
      vertex 0.2 -0.24909 0.27
      vertex 1.32 -0.24909 0.339999
      vertex 0.2 -0.24909 0.339999
    endloop
  endfacet
  facet normal 0 -1 -0
    outer loop
      vertex 1.32 -0.24909 0.339999
      vertex 0.2 -0.24909 0.27
      vertex 1.32 -0.24909 0.27
    endloop
  endfacet
  facet normal 1 -0 0
    outer loop
      vertex 1.32 0.24909 0.339999
      vertex 1.32 0.42909 0.27
      vertex 1.32 0.42909 0.339999
    endloop
  endfacet
  facet normal 1 0 0
    outer loop
      vertex 1.32 0.42909 0.27
      vertex 1.32 0.24909 0.339999
      vertex 1.32 0.24909 0.27
    endloop
  endfacet
  facet normal -0 0 1
    outer loop
      vertex 0.2 0.42909 0.339999
      vertex 1.32 0.24909 0.339999
      vertex 1.32 0.42909 0.339999
    endloop
  endfacet
  facet normal 0 0 1
    outer loop
      vertex 1.32 0.24909 0.339999
      vertex 0.2 0.42909 0.339999
      vertex 0.2 0.24909 0.339999
    endloop
  endfacet
  facet normal -1 0 0
    outer loop
      vertex 0.2 0.24909 0.27
      vertex 0.2 0.42909 0.339999
      vertex 0.2 0.42909 0.27
    endloop
  endfacet
  facet normal -1 -0 0
    outer loop
      vertex 0.2 0.42909 0.339999
      vertex 0.2 0.24909 0.27
      vertex 0.2 0.24909 0.339999
    endloop
  endfacet
  facet normal 0 1 -0
    outer loop
      vertex 1.32 0.42909 0.27
      vertex 0.2 0.42909 0.339999
      vertex 1.32 0.42909 0.339999
    endloop
  endfacet
  facet normal 0 1 0
    outer loop
      vertex 0.2 0.42909 0.339999
      vertex 1.32 0.42909 0.27
      vertex 0.2 0.42909 0.27
    endloop
  endfacet
  facet normal 0 -1 0
    outer loop
      vertex 0.2 0.24909 0.27
      vertex 1.32 0.24909 0.339999
      vertex 0.2 0.24909 0.339999
    endloop
  endfacet
  facet normal 0 -1 -0
    outer loop
      vertex 1.32 0.24909 0.339999
      vertex 0.2 0.24909 0.27
      vertex 1.32 0.24909 0.27
    endloop
  endfacet
  facet normal 1 -0 0
    outer loop
      vertex 1.32 0.747272 0.339999
      vertex 1.32 0.927272 0.27
      vertex 1.32 0.927272 0.339999
    endloop
  endfacet
  facet normal 1 0 0
    outer loop
      vertex 1.32 0.927272 0.27
      vertex 1.32 0.747272 0.339999
      vertex 1.32 0.747272 0.27
    endloop
  endfacet
  facet normal -0 0 1
    outer loop
      vertex 0.2 0.927272 0.339999
      vertex 1.32 0.747272 0.339999
      vertex 1.32 0.927272 0.339999
    endloop
  endfacet
  facet normal 0 0 1
    outer loop
      vertex 1.32 0.747272 0.339999
      vertex 0.2 0.927272 0.339999
      vertex 0.2 0.747272 0.339999
    endloop
  endfacet
  facet normal -1 0 0
    outer loop
      vertex 0.2 0.747272 0.27
      vertex 0.2 0.927272 0.339999
      vertex 0.2 0.927272 0.27
    endloop
  endfacet
  facet normal -1 -0 0
    outer loop
      vertex 0.2 0.927272 0.339999
      vertex 0.2 0.747272 0.27
      vertex 0.2 0.747272 0.339999
    endloop
  endfacet
  facet normal 0 1 -0
    outer loop
      vertex 1.32 0.927272 0.27
      vertex 0.2 0.927272 0.339999
      vertex 1.32 0.927272 0.339999
    endloop
  endfacet
  facet normal 0 1 0
    outer loop
      vertex 0.2 0.927272 0.339999
      vertex 1.32 0.927272 0.27
      vertex 0.2 0.927272 0.27
    endloop
  endfacet
  facet normal 0 -1 0
    outer loop
      vertex 0.2 0.747272 0.27
      vertex 1.32 0.747272 0.339999
      vertex 0.2 0.747272 0.339999
    endloop
  endfacet
  facet normal 0 -1 -0
    outer loop
      vertex 1.32 0.747272 0.339999
      vertex 0.2 0.747272 0.27
      vertex 1.32 0.747272 0.27
    endloop
  endfacet
  facet normal 1 -0 0
    outer loop
      vertex 1.32 1.24545 0.339999
      vertex 1.32 1.42545 0.27
      vertex 1.32 1.42545 0.339999
    endloop
  endfacet
  facet normal 1 0 0
    outer loop
      vertex 1.32 1.42545 0.27
      vertex 1.32 1.24545 0.339999
      vertex 1.32 1.24545 0.27
    endloop
  endfacet
  facet normal -0 0 1
    outer loop
      vertex 0.2 1.42545 0.339999
      vertex 1.32 1.24545 0.339999
      vertex 1.32 1.42545 0.339999
    endloop
  endfacet
  facet normal 0 0 1
    outer loop
      vertex 1.32 1.24545 0.339999
      vertex 0.2 1.42545 0.339999
      vertex 0.2 1.24545 0.339999
    endloop
  endfacet
  facet normal -1 0 0
    outer loop
      vertex 0.2 1.24545 0.27
      vertex 0.2 1.42545 0.339999
      vertex 0.2 1.42545 0.27
    endloop
  endfacet
  facet normal -1 -0 0
    outer loop
      vertex 0.2 1.42545 0.339999
      vertex 0.2 1.24545 0.27
      vertex 0.2 1.24545 0.339999
    endloop
  endfacet
  facet normal 0 1 -0
    outer loop
      vertex 1.32 1.42545 0.27
      vertex 0.2 1.42545 0.339999
      vertex 1.32 1.42545 0.339999
    endloop
  endfacet
  facet normal 0 1 0
    outer loop
      vertex 0.2 1.42545 0.339999
      vertex 1.32 1.42545 0.27
      vertex 0.2 1.42545 0.27
    endloop
  endfacet
  facet normal 0 -1 0
    outer loop
      vertex 0.2 1.24545 0.27
      vertex 1.32 1.24545 0.339999
      vertex 0.2 1.24545 0.339999
    endloop
  endfacet
  facet normal 0 -1 -0
    outer loop
      vertex 1.32 1.24545 0.339999
      vertex 0.2 1.24545 0.27
      vertex 1.32 1.24545 0.27
    endloop
  endfacet
  facet normal 1 -0 0
    outer loop
      vertex 1.32 1.74364 0.339999
      vertex 1.32 1.92364 0.27
      vertex 1.32 1.92364 0.339999
    endloop
  endfacet
  facet normal 1 0 0
    outer loop
      vertex 1.32 1.92364 0.27
      vertex 1.32 1.74364 0.339999
      vertex 1.32 1.74364 0.27
    endloop
  endfacet
  facet normal -0 0 1
    outer loop
      vertex 0.2 1.92364 0.339999
      vertex 1.32 1.74364 0.339999
      vertex 1.32 1.92364 0.339999
    endloop
  endfacet
  facet normal 0 0 1
    outer loop
      vertex 1.32 1.74364 0.339999
      vertex 0.2 1.92364 0.339999
      vertex 0.2 1.74364 0.339999
    endloop
  endfacet
  facet normal -1 0 0
    outer loop
      vertex 0.2 1.74364 0.27
      vertex 0.2 1.92364 0.339999
      vertex 0.2 1.92364 0.27
    endloop
  endfacet
  facet normal -1 -0 0
    outer loop
      vertex 0.2 1.92364 0.339999
      vertex 0.2 1.74364 0.27
      vertex 0.2 1.74364 0.339999
    endloop
  endfacet
  facet normal 0 1 -0
    outer loop
      vertex 1.32 1.92364 0.27
      vertex 0.2 1.92364 0.339999
      vertex 1.32 1.92364 0.339999
    endloop
  endfacet
  facet normal 0 1 0
    outer loop
      vertex 0.2 1.92364 0.339999
      vertex 1.32 1.92364 0.27
      vertex 0.2 1.92364 0.27
    endloop
  endfacet
  facet normal 0 -1 0
    outer loop
      vertex 0.2 1.74364 0.27
      vertex 1.32 1.74364 0.339999
      vertex 0.2 1.74364 0.339999
    endloop
  endfacet
  facet normal 0 -1 -0
    outer loop
      vertex 1.32 1.74364 0.339999
      vertex 0.2 1.74364 0.27
      vertex 1.32 1.74364 0.27
    endloop
  endfacet
  facet normal 1 -0 0
    outer loop
      vertex 1.32 2.24182 0.339999
      vertex 1.32 2.42182 0.27
      vertex 1.32 2.42182 0.339999
    endloop
  endfacet
  facet normal 1 0 0
    outer loop
      vertex 1.32 2.42182 0.27
      vertex 1.32 2.24182 0.339999
      vertex 1.32 2.24182 0.27
    endloop
  endfacet
  facet normal -0 0 1
    outer loop
      vertex 0.2 2.42182 0.339999
      vertex 1.32 2.24182 0.339999
      vertex 1.32 2.42182 0.339999
    endloop
  endfacet
  facet normal 0 0 1
    outer loop
      vertex 1.32 2.24182 0.339999
      vertex 0.2 2.42182 0.339999
      vertex 0.2 2.24182 0.339999
    endloop
  endfacet
  facet normal -1 0 0
    outer loop
      vertex 0.2 2.24182 0.27
      vertex 0.2 2.42182 0.339999
      vertex 0.2 2.42182 0.27
    endloop
  endfacet
  facet normal -1 -0 0
    outer loop
      vertex 0.2 2.42182 0.339999
      vertex 0.2 2.24182 0.27
      vertex 0.2 2.24182 0.339999
    endloop
  endfacet
  facet normal 0 1 -0
    outer loop
      vertex 1.32 2.42182 0.27
      vertex 0.2 2.42182 0.339999
      vertex 1.32 2.42182 0.339999
    endloop
  endfacet
  facet normal 0 1 0
    outer loop
      vertex 0.2 2.42182 0.339999
      vertex 1.32 2.42182 0.27
      vertex 0.2 2.42182 0.27
    endloop
  endfacet
  facet normal 0 -1 0
    outer loop
      vertex 0.2 2.24182 0.27
      vertex 1.32 2.24182 0.339999
      vertex 0.2 2.24182 0.339999
    endloop
  endfacet
  facet normal 0 -1 -0
    outer loop
      vertex 1.32 2.24182 0.339999
      vertex 0.2 2.24182 0.27
      vertex 1.32 2.24182 0.27
    endloop
  endfacet
  facet normal 1 -0 0
    outer loop
      vertex 1.32 2.74 0.339999
      vertex 1.32 2.92 0.27
      vertex 1.32 2.92 0.339999
    endloop
  endfacet
  facet normal 1 0 0
    outer loop
      vertex 1.32 2.92 0.27
      vertex 1.32 2.74 0.339999
      vertex 1.32 2.74 0.27
    endloop
  endfacet
  facet normal -0 0 1
    outer loop
      vertex 0.2 2.92 0.339999
      vertex 1.32 2.74 0.339999
      vertex 1.32 2.92 0.339999
    endloop
  endfacet
  facet normal 0 0 1
    outer loop
      vertex 1.32 2.74 0.339999
      vertex 0.2 2.92 0.339999
      vertex 0.2 2.74 0.339999
    endloop
  endfacet
  facet normal -1 0 0
    outer loop
      vertex 0.2 2.74 0.27
      vertex 0.2 2.92 0.339999
      vertex 0.2 2.92 0.27
    endloop
  endfacet
  facet normal -1 -0 0
    outer loop
      vertex 0.2 2.92 0.339999
      vertex 0.2 2.74 0.27
      vertex 0.2 2.74 0.339999
    endloop
  endfacet
  facet normal 0 1 -0
    outer loop
      vertex 1.32 2.92 0.27
      vertex 0.2 2.92 0.339999
      vertex 1.32 2.92 0.339999
    endloop
  endfacet
  facet normal 0 1 0
    outer loop
      vertex 0.2 2.92 0.339999
      vertex 1.32 2.92 0.27
      vertex 0.2 2.92 0.27
    endloop
  endfacet
  facet normal 0 -1 0
    outer loop
      vertex 0.2 2.74 0.27
      vertex 1.32 2.74 0.339999
      vertex 0.2 2.74 0.339999
    endloop
  endfacet
  facet normal 0 -1 -0
    outer loop
      vertex 1.32 2.74 0.339999
      vertex 0.2 2.74 0.27
      vertex 1.32 2.74 0.27
    endloop
  endfacet
  facet normal 0 0.243012 -0.970023
    outer loop
      vertex 29.94 0.321898 -1.6183
      vertex 48.77 0.47897 -1.57895
      vertex 48.77 0.321898 -1.6183
    endloop
  endfacet
  facet normal 0 0.243012 -0.970023
    outer loop
      vertex 48.77 0.47897 -1.57895
      vertex 29.94 0.321898 -1.6183
      vertex 29.94 0.47897 -1.57895
    endloop
  endfacet
  facet normal 0 -0.903992 -0.427549
    outer loop
      vertex 29.94 -1.45517 -0.777804
      vertex 48.77 -1.5244 -0.631427
      vertex 29.94 -1.5244 -0.631427
    endloop
  endfacet
  facet normal 0 -0.903992 -0.427549
    outer loop
      vertex 48.77 -1.5244 -0.631427
      vertex 29.94 -1.45517 -0.777804
      vertex 48.77 -1.45517 -0.777804
    endloop
  endfacet
  facet normal 0 -0.941544 -0.33689
    outer loop
      vertex 29.94 -1.5244 -0.631427
      vertex 48.77 -1.57895 -0.47897
      vertex 29.94 -1.57895 -0.47897
    endloop
  endfacet
  facet normal 0 -0.941544 -0.33689
    outer loop
      vertex 48.77 -1.57895 -0.47897
      vertex 29.94 -1.5244 -0.631427
      vertex 48.77 -1.5244 -0.631427
    endloop
  endfacet
  facet normal 0 0.941544 -0.33689
    outer loop
      vertex 48.77 1.5244 -0.631427
      vertex 29.94 1.57895 -0.47897
      vertex 48.77 1.57895 -0.47897
    endloop
  endfacet
  facet normal 0 0.941544 -0.33689
    outer loop
      vertex 29.94 1.57895 -0.47897
      vertex 48.77 1.5244 -0.631427
      vertex 29.94 1.5244 -0.631427
    endloop
  endfacet
  facet normal 0 0.595666 -0.803232
    outer loop
      vertex 29.94 0.916691 -1.37192
      vertex 48.77 1.04675 -1.27547
      vertex 48.77 0.916691 -1.37192
    endloop
  endfacet
  facet normal 0 0.595666 -0.803232
    outer loop
      vertex 48.77 1.04675 -1.27547
      vertex 29.94 0.916691 -1.37192
      vertex 29.94 1.04675 -1.27547
    endloop
  endfacet
  facet normal 0 -0.989185 -0.146676
    outer loop
      vertex 29.94 -1.6183 -0.321898
      vertex 48.77 -1.64205 -0.161728
      vertex 29.94 -1.64205 -0.161728
    endloop
  endfacet
  facet normal 0 -0.989185 -0.146676
    outer loop
      vertex 48.77 -1.64205 -0.161728
      vertex 29.94 -1.6183 -0.321898
      vertex 48.77 -1.6183 -0.321898
    endloop
  endfacet
  facet normal 0 0.0490973 -0.998794
    outer loop
      vertex 29.94 0 -1.65
      vertex 48.77 0.161728 -1.64205
      vertex 48.77 0 -1.65
    endloop
  endfacet
  facet normal 0 0.0490973 -0.998794
    outer loop
      vertex 48.77 0.161728 -1.64205
      vertex 29.94 0 -1.65
      vertex 29.94 0.161728 -1.64205
    endloop
  endfacet
  facet normal 0 -0.998794 0.0490973
    outer loop
      vertex 29.94 -1.65 0
      vertex 48.77 -1.64205 0.161728
      vertex 29.94 -1.64205 0.161728
    endloop
  endfacet
  facet normal 0 -0.998794 0.0490973
    outer loop
      vertex 48.77 -1.64205 0.161728
      vertex 29.94 -1.65 0
      vertex 48.77 -1.65 0
    endloop
  endfacet
  facet normal 0 0.427549 -0.903992
    outer loop
      vertex 29.94 0.631427 -1.5244
      vertex 48.77 0.777804 -1.45517
      vertex 48.77 0.631427 -1.5244
    endloop
  endfacet
  facet normal 0 0.427549 -0.903992
    outer loop
      vertex 48.77 0.777804 -1.45517
      vertex 29.94 0.631427 -1.5244
      vertex 29.94 0.777804 -1.45517
    endloop
  endfacet
  facet normal 0 0.857717 -0.514122
    outer loop
      vertex 48.77 1.37192 -0.916691
      vertex 29.94 1.45517 -0.777804
      vertex 48.77 1.45517 -0.777804
    endloop
  endfacet
  facet normal 0 0.857717 -0.514122
    outer loop
      vertex 29.94 1.45517 -0.777804
      vertex 48.77 1.37192 -0.916691
      vertex 29.94 1.37192 -0.916691
    endloop
  endfacet
  facet normal 0 -0.989185 0.146676
    outer loop
      vertex 29.94 -1.64205 0.161728
      vertex 48.77 -1.6183 0.321898
      vertex 29.94 -1.6183 0.321898
    endloop
  endfacet
  facet normal 0 -0.989185 0.146676
    outer loop
      vertex 48.77 -1.6183 0.321898
      vertex 29.94 -1.64205 0.161728
      vertex 48.77 -1.64205 0.161728
    endloop
  endfacet
  facet normal -0 0.595666 0.803232
    outer loop
      vertex 29.94 1.04675 1.27547
      vertex 48.77 0.916691 1.37192
      vertex 48.77 1.04675 1.27547
    endloop
  endfacet
  facet normal 0 0.595666 0.803232
    outer loop
      vertex 48.77 0.916691 1.37192
      vertex 29.94 1.04675 1.27547
      vertex 29.94 0.916691 1.37192
    endloop
  endfacet
  facet normal -0 0.146676 0.989185
    outer loop
      vertex 29.94 0.321898 1.6183
      vertex 48.77 0.161728 1.64205
      vertex 48.77 0.321898 1.6183
    endloop
  endfacet
  facet normal 0 0.146676 0.989185
    outer loop
      vertex 48.77 0.161728 1.64205
      vertex 29.94 0.321898 1.6183
      vertex 29.94 0.161728 1.64205
    endloop
  endfacet
  facet normal 0 -0.740962 0.671547
    outer loop
      vertex 29.94 -1.27547 1.04675
      vertex 48.77 -1.16673 1.16673
      vertex 29.94 -1.16673 1.16673
    endloop
  endfacet
  facet normal 0 -0.740962 0.671547
    outer loop
      vertex 48.77 -1.16673 1.16673
      vertex 29.94 -1.27547 1.04675
      vertex 48.77 -1.27547 1.04675
    endloop
  endfacet
  facet normal 0 -0.33689 0.941544
    outer loop
      vertex 29.94 -0.47897 1.57895
      vertex 48.77 -0.631427 1.5244
      vertex 48.77 -0.47897 1.57895
    endloop
  endfacet
  facet normal 0 -0.33689 0.941544
    outer loop
      vertex 48.77 -0.631427 1.5244
      vertex 29.94 -0.47897 1.57895
      vertex 29.94 -0.631427 1.5244
    endloop
  endfacet
  facet normal 0 -0.857717 -0.514122
    outer loop
      vertex 29.94 -1.37192 -0.916691
      vertex 48.77 -1.45517 -0.777804
      vertex 29.94 -1.45517 -0.777804
    endloop
  endfacet
  facet normal 0 -0.857717 -0.514122
    outer loop
      vertex 48.77 -1.45517 -0.777804
      vertex 29.94 -1.37192 -0.916691
      vertex 48.77 -1.37192 -0.916691
    endloop
  endfacet
  facet normal 0 -0.941544 0.33689
    outer loop
      vertex 29.94 -1.57895 0.47897
      vertex 48.77 -1.5244 0.631427
      vertex 29.94 -1.5244 0.631427
    endloop
  endfacet
  facet normal 0 -0.941544 0.33689
    outer loop
      vertex 48.77 -1.5244 0.631427
      vertex 29.94 -1.57895 0.47897
      vertex 48.77 -1.57895 0.47897
    endloop
  endfacet
  facet normal 0 -0.671547 -0.740962
    outer loop
      vertex 29.94 -1.16673 -1.16673
      vertex 48.77 -1.04675 -1.27547
      vertex 48.77 -1.16673 -1.16673
    endloop
  endfacet
  facet normal -0 -0.671547 -0.740962
    outer loop
      vertex 48.77 -1.04675 -1.27547
      vertex 29.94 -1.16673 -1.16673
      vertex 29.94 -1.04675 -1.27547
    endloop
  endfacet
  facet normal -0 0.33689 0.941544
    outer loop
      vertex 29.94 0.631427 1.5244
      vertex 48.77 0.47897 1.57895
      vertex 48.77 0.631427 1.5244
    endloop
  endfacet
  facet normal 0 0.33689 0.941544
    outer loop
      vertex 48.77 0.47897 1.57895
      vertex 29.94 0.631427 1.5244
      vertex 29.94 0.47897 1.57895
    endloop
  endfacet
  facet normal 0 -0.803232 0.595666
    outer loop
      vertex 29.94 -1.37192 0.916691
      vertex 48.77 -1.27547 1.04675
      vertex 29.94 -1.27547 1.04675
    endloop
  endfacet
  facet normal 0 -0.803232 0.595666
    outer loop
      vertex 48.77 -1.27547 1.04675
      vertex 29.94 -1.37192 0.916691
      vertex 48.77 -1.37192 0.916691
    endloop
  endfacet
  facet normal 0 0.903992 -0.427549
    outer loop
      vertex 48.77 1.45517 -0.777804
      vertex 29.94 1.5244 -0.631427
      vertex 48.77 1.5244 -0.631427
    endloop
  endfacet
  facet normal 0 0.903992 -0.427549
    outer loop
      vertex 29.94 1.5244 -0.631427
      vertex 48.77 1.45517 -0.777804
      vertex 29.94 1.45517 -0.777804
    endloop
  endfacet
  facet normal 0 -0.243012 -0.970023
    outer loop
      vertex 29.94 -0.47897 -1.57895
      vertex 48.77 -0.321898 -1.6183
      vertex 48.77 -0.47897 -1.57895
    endloop
  endfacet
  facet normal -0 -0.243012 -0.970023
    outer loop
      vertex 48.77 -0.321898 -1.6183
      vertex 29.94 -0.47897 -1.57895
      vertex 29.94 -0.321898 -1.6183
    endloop
  endfacet
  facet normal 0 0.857717 0.514122
    outer loop
      vertex 48.77 1.45517 0.777804
      vertex 29.94 1.37192 0.916691
      vertex 48.77 1.37192 0.916691
    endloop
  endfacet
  facet normal 0 0.857717 0.514122
    outer loop
      vertex 29.94 1.37192 0.916691
      vertex 48.77 1.45517 0.777804
      vertex 29.94 1.45517 0.777804
    endloop
  endfacet
  facet normal 0 0.941544 0.33689
    outer loop
      vertex 48.77 1.57895 0.47897
      vertex 29.94 1.5244 0.631427
      vertex 48.77 1.5244 0.631427
    endloop
  endfacet
  facet normal 0 0.941544 0.33689
    outer loop
      vertex 29.94 1.5244 0.631427
      vertex 48.77 1.57895 0.47897
      vertex 29.94 1.57895 0.47897
    endloop
  endfacet
  facet normal 0 -0.0490973 0.998794
    outer loop
      vertex 29.94 0 1.65
      vertex 48.77 -0.161728 1.64205
      vertex 48.77 0 1.65
    endloop
  endfacet
  facet normal 0 -0.0490973 0.998794
    outer loop
      vertex 48.77 -0.161728 1.64205
      vertex 29.94 0 1.65
      vertex 29.94 -0.161728 1.64205
    endloop
  endfacet
  facet normal 0 0.803232 0.595666
    outer loop
      vertex 48.77 1.37192 0.916691
      vertex 29.94 1.27547 1.04675
      vertex 48.77 1.27547 1.04675
    endloop
  endfacet
  facet normal 0 0.803232 0.595666
    outer loop
      vertex 29.94 1.27547 1.04675
      vertex 48.77 1.37192 0.916691
      vertex 29.94 1.37192 0.916691
    endloop
  endfacet
  facet normal 0 0.146676 -0.989185
    outer loop
      vertex 29.94 0.161728 -1.64205
      vertex 48.77 0.321898 -1.6183
      vertex 48.77 0.161728 -1.64205
    endloop
  endfacet
  facet normal 0 0.146676 -0.989185
    outer loop
      vertex 48.77 0.321898 -1.6183
      vertex 29.94 0.161728 -1.64205
      vertex 29.94 0.321898 -1.6183
    endloop
  endfacet
  facet normal -0 0.243012 0.970023
    outer loop
      vertex 29.94 0.47897 1.57895
      vertex 48.77 0.321898 1.6183
      vertex 48.77 0.47897 1.57895
    endloop
  endfacet
  facet normal 0 0.243012 0.970023
    outer loop
      vertex 48.77 0.321898 1.6183
      vertex 29.94 0.47897 1.57895
      vertex 29.94 0.321898 1.6183
    endloop
  endfacet
  facet normal 0 0.740962 -0.671547
    outer loop
      vertex 48.77 1.16673 -1.16673
      vertex 29.94 1.27547 -1.04675
      vertex 48.77 1.27547 -1.04675
    endloop
  endfacet
  facet normal 0 0.740962 -0.671547
    outer loop
      vertex 29.94 1.27547 -1.04675
      vertex 48.77 1.16673 -1.16673
      vertex 29.94 1.16673 -1.16673
    endloop
  endfacet
  facet normal 0 -0.857717 0.514122
    outer loop
      vertex 29.94 -1.45517 0.777804
      vertex 48.77 -1.37192 0.916691
      vertex 29.94 -1.37192 0.916691
    endloop
  endfacet
  facet normal 0 -0.857717 0.514122
    outer loop
      vertex 48.77 -1.37192 0.916691
      vertex 29.94 -1.45517 0.777804
      vertex 48.77 -1.45517 0.777804
    endloop
  endfacet
  facet normal 0 -0.146676 -0.989185
    outer loop
      vertex 29.94 -0.321898 -1.6183
      vertex 48.77 -0.161728 -1.64205
      vertex 48.77 -0.321898 -1.6183
    endloop
  endfacet
  facet normal -0 -0.146676 -0.989185
    outer loop
      vertex 48.77 -0.161728 -1.64205
      vertex 29.94 -0.321898 -1.6183
      vertex 29.94 -0.161728 -1.64205
    endloop
  endfacet
  facet normal 0 -0.0490973 -0.998794
    outer loop
      vertex 29.94 -0.161728 -1.64205
      vertex 48.77 0 -1.65
      vertex 48.77 -0.161728 -1.64205
    endloop
  endfacet
  facet normal -0 -0.0490973 -0.998794
    outer loop
      vertex 48.77 0 -1.65
      vertex 29.94 -0.161728 -1.64205
      vertex 29.94 0 -1.65
    endloop
  endfacet
  facet normal 0 -0.33689 -0.941544
    outer loop
      vertex 29.94 -0.631427 -1.5244
      vertex 48.77 -0.47897 -1.57895
      vertex 48.77 -0.631427 -1.5244
    endloop
  endfacet
  facet normal -0 -0.33689 -0.941544
    outer loop
      vertex 48.77 -0.47897 -1.57895
      vertex 29.94 -0.631427 -1.5244
      vertex 29.94 -0.47897 -1.57895
    endloop
  endfacet
  facet normal 0 0.989185 0.146676
    outer loop
      vertex 48.77 1.64205 0.161728
      vertex 29.94 1.6183 0.321898
      vertex 48.77 1.6183 0.321898
    endloop
  endfacet
  facet normal 0 0.989185 0.146676
    outer loop
      vertex 29.94 1.6183 0.321898
      vertex 48.77 1.64205 0.161728
      vertex 29.94 1.64205 0.161728
    endloop
  endfacet
  facet normal 0 -0.514122 -0.857717
    outer loop
      vertex 29.94 -0.916691 -1.37192
      vertex 48.77 -0.777804 -1.45517
      vertex 48.77 -0.916691 -1.37192
    endloop
  endfacet
  facet normal -0 -0.514122 -0.857717
    outer loop
      vertex 48.77 -0.777804 -1.45517
      vertex 29.94 -0.916691 -1.37192
      vertex 29.94 -0.777804 -1.45517
    endloop
  endfacet
  facet normal 0 0.33689 -0.941544
    outer loop
      vertex 29.94 0.47897 -1.57895
      vertex 48.77 0.631427 -1.5244
      vertex 48.77 0.47897 -1.57895
    endloop
  endfacet
  facet normal 0 0.33689 -0.941544
    outer loop
      vertex 48.77 0.631427 -1.5244
      vertex 29.94 0.47897 -1.57895
      vertex 29.94 0.631427 -1.5244
    endloop
  endfacet
  facet normal 0 -0.514122 0.857717
    outer loop
      vertex 29.94 -0.777804 1.45517
      vertex 48.77 -0.916691 1.37192
      vertex 48.77 -0.777804 1.45517
    endloop
  endfacet
  facet normal 0 -0.514122 0.857717
    outer loop
      vertex 48.77 -0.916691 1.37192
      vertex 29.94 -0.777804 1.45517
      vertex 29.94 -0.916691 1.37192
    endloop
  endfacet
  facet normal -0 0.671547 0.740962
    outer loop
      vertex 29.94 1.16673 1.16673
      vertex 48.77 1.04675 1.27547
      vertex 48.77 1.16673 1.16673
    endloop
  endfacet
  facet normal 0 0.671547 0.740962
    outer loop
      vertex 48.77 1.04675 1.27547
      vertex 29.94 1.16673 1.16673
      vertex 29.94 1.04675 1.27547
    endloop
  endfacet
  facet normal 0 -0.970023 -0.243012
    outer loop
      vertex 29.94 -1.57895 -0.47897
      vertex 48.77 -1.6183 -0.321898
      vertex 29.94 -1.6183 -0.321898
    endloop
  endfacet
  facet normal 0 -0.970023 -0.243012
    outer loop
      vertex 48.77 -1.6183 -0.321898
      vertex 29.94 -1.57895 -0.47897
      vertex 48.77 -1.57895 -0.47897
    endloop
  endfacet
  facet normal 0 0.803232 -0.595666
    outer loop
      vertex 48.77 1.27547 -1.04675
      vertex 29.94 1.37192 -0.916691
      vertex 48.77 1.37192 -0.916691
    endloop
  endfacet
  facet normal 0 0.803232 -0.595666
    outer loop
      vertex 29.94 1.37192 -0.916691
      vertex 48.77 1.27547 -1.04675
      vertex 29.94 1.27547 -1.04675
    endloop
  endfacet
  facet normal 0 0.998794 -0.0490973
    outer loop
      vertex 48.77 1.64205 -0.161728
      vertex 29.94 1.65 0
      vertex 48.77 1.65 0
    endloop
  endfacet
  facet normal 0 0.998794 -0.0490973
    outer loop
      vertex 29.94 1.65 0
      vertex 48.77 1.64205 -0.161728
      vertex 29.94 1.64205 -0.161728
    endloop
  endfacet
  facet normal 0 0.514122 -0.857717
    outer loop
      vertex 29.94 0.777804 -1.45517
      vertex 48.77 0.916691 -1.37192
      vertex 48.77 0.777804 -1.45517
    endloop
  endfacet
  facet normal 0 0.514122 -0.857717
    outer loop
      vertex 48.77 0.916691 -1.37192
      vertex 29.94 0.777804 -1.45517
      vertex 29.94 0.916691 -1.37192
    endloop
  endfacet
  facet normal 0 0.740962 0.671547
    outer loop
      vertex 48.77 1.27547 1.04675
      vertex 29.94 1.16673 1.16673
      vertex 48.77 1.16673 1.16673
    endloop
  endfacet
  facet normal 0 0.740962 0.671547
    outer loop
      vertex 29.94 1.16673 1.16673
      vertex 48.77 1.27547 1.04675
      vertex 29.94 1.27547 1.04675
    endloop
  endfacet
  facet normal 0 0.903992 0.427549
    outer loop
      vertex 48.77 1.5244 0.631427
      vertex 29.94 1.45517 0.777804
      vertex 48.77 1.45517 0.777804
    endloop
  endfacet
  facet normal 0 0.903992 0.427549
    outer loop
      vertex 29.94 1.45517 0.777804
      vertex 48.77 1.5244 0.631427
      vertex 29.94 1.5244 0.631427
    endloop
  endfacet
  facet normal 0 -0.595666 -0.803232
    outer loop
      vertex 29.94 -1.04675 -1.27547
      vertex 48.77 -0.916691 -1.37192
      vertex 48.77 -1.04675 -1.27547
    endloop
  endfacet
  facet normal -0 -0.595666 -0.803232
    outer loop
      vertex 48.77 -0.916691 -1.37192
      vertex 29.94 -1.04675 -1.27547
      vertex 29.94 -0.916691 -1.37192
    endloop
  endfacet
  facet normal 0 0.671547 -0.740962
    outer loop
      vertex 29.94 1.04675 -1.27547
      vertex 48.77 1.16673 -1.16673
      vertex 48.77 1.04675 -1.27547
    endloop
  endfacet
  facet normal 0 0.671547 -0.740962
    outer loop
      vertex 48.77 1.16673 -1.16673
      vertex 29.94 1.04675 -1.27547
      vertex 29.94 1.16673 -1.16673
    endloop
  endfacet
  facet normal 1 0 0
    outer loop
      vertex 48.77 1.64205 0.161728
      vertex 48.77 1.64205 -0.161728
      vertex 48.77 1.65 0
    endloop
  endfacet
  facet normal 1 0 0
    outer loop
      vertex 48.77 1.6183 0.321898
      vertex 48.77 1.64205 -0.161728
      vertex 48.77 1.64205 0.161728
    endloop
  endfacet
  facet normal 1 0 0
    outer loop
      vertex 48.77 1.6183 0.321898
      vertex 48.77 1.6183 -0.321898
      vertex 48.77 1.64205 -0.161728
    endloop
  endfacet
  facet normal 1 0 0
    outer loop
      vertex 48.77 1.57895 0.47897
      vertex 48.77 1.6183 -0.321898
      vertex 48.77 1.6183 0.321898
    endloop
  endfacet
  facet normal 1 0 0
    outer loop
      vertex 48.77 1.57895 0.47897
      vertex 48.77 1.57895 -0.47897
      vertex 48.77 1.6183 -0.321898
    endloop
  endfacet
  facet normal 1 0 0
    outer loop
      vertex 48.77 1.5244 0.631427
      vertex 48.77 1.57895 -0.47897
      vertex 48.77 1.57895 0.47897
    endloop
  endfacet
  facet normal 1 0 0
    outer loop
      vertex 48.77 1.5244 0.631427
      vertex 48.77 1.5244 -0.631427
      vertex 48.77 1.57895 -0.47897
    endloop
  endfacet
  facet normal 1 0 0
    outer loop
      vertex 48.77 1.45517 0.777804
      vertex 48.77 1.5244 -0.631427
      vertex 48.77 1.5244 0.631427
    endloop
  endfacet
  facet normal 1 0 0
    outer loop
      vertex 48.77 1.45517 0.777804
      vertex 48.77 1.45517 -0.777804
      vertex 48.77 1.5244 -0.631427
    endloop
  endfacet
  facet normal 1 0 0
    outer loop
      vertex 48.77 1.37192 0.916691
      vertex 48.77 1.45517 -0.777804
      vertex 48.77 1.45517 0.777804
    endloop
  endfacet
  facet normal 1 0 0
    outer loop
      vertex 48.77 1.37192 0.916691
      vertex 48.77 1.37192 -0.916691
      vertex 48.77 1.45517 -0.777804
    endloop
  endfacet
  facet normal 1 0 0
    outer loop
      vertex 48.77 1.27547 1.04675
      vertex 48.77 1.37192 -0.916691
      vertex 48.77 1.37192 0.916691
    endloop
  endfacet
  facet normal 1 0 0
    outer loop
      vertex 48.77 1.27547 1.04675
      vertex 48.77 1.27547 -1.04675
      vertex 48.77 1.37192 -0.916691
    endloop
  endfacet
  facet normal 1 0 0
    outer loop
      vertex 48.77 1.16673 1.16673
      vertex 48.77 1.27547 -1.04675
      vertex 48.77 1.27547 1.04675
    endloop
  endfacet
  facet normal 1 0 0
    outer loop
      vertex 48.77 1.16673 1.16673
      vertex 48.77 1.16673 -1.16673
      vertex 48.77 1.27547 -1.04675
    endloop
  endfacet
  facet normal 1 0 0
    outer loop
      vertex 48.77 1.04675 1.27547
      vertex 48.77 1.16673 -1.16673
      vertex 48.77 1.16673 1.16673
    endloop
  endfacet
  facet normal 1 0 0
    outer loop
      vertex 48.77 1.04675 1.27547
      vertex 48.77 1.04675 -1.27547
      vertex 48.77 1.16673 -1.16673
    endloop
  endfacet
  facet normal 1 0 0
    outer loop
      vertex 48.77 0.916691 1.37192
      vertex 48.77 1.04675 -1.27547
      vertex 48.77 1.04675 1.27547
    endloop
  endfacet
  facet normal 1 0 0
    outer loop
      vertex 48.77 0.916691 1.37192
      vertex 48.77 0.916691 -1.37192
      vertex 48.77 1.04675 -1.27547
    endloop
  endfacet
  facet normal 1 0 0
    outer loop
      vertex 48.77 0.777804 1.45517
      vertex 48.77 0.916691 -1.37192
      vertex 48.77 0.916691 1.37192
    endloop
  endfacet
  facet normal 1 0 0
    outer loop
      vertex 48.77 0.777804 1.45517
      vertex 48.77 0.777804 -1.45517
      vertex 48.77 0.916691 -1.37192
    endloop
  endfacet
  facet normal 1 0 0
    outer loop
      vertex 48.77 0.631427 1.5244
      vertex 48.77 0.777804 -1.45517
      vertex 48.77 0.777804 1.45517
    endloop
  endfacet
  facet normal 1 0 0
    outer loop
      vertex 48.77 0.631427 1.5244
      vertex 48.77 0.631427 -1.5244
      vertex 48.77 0.777804 -1.45517
    endloop
  endfacet
  facet normal 1 0 0
    outer loop
      vertex 48.77 0.47897 1.57895
      vertex 48.77 0.631427 -1.5244
      vertex 48.77 0.631427 1.5244
    endloop
  endfacet
  facet normal 1 0 0
    outer loop
      vertex 48.77 0.47897 1.57895
      vertex 48.77 0.47897 -1.57895
      vertex 48.77 0.631427 -1.5244
    endloop
  endfacet
  facet normal 1 0 0
    outer loop
      vertex 48.77 0.321898 1.6183
      vertex 48.77 0.47897 -1.57895
      vertex 48.77 0.47897 1.57895
    endloop
  endfacet
  facet normal 1 0 0
    outer loop
      vertex 48.77 0.321898 1.6183
      vertex 48.77 0.321898 -1.6183
      vertex 48.77 0.47897 -1.57895
    endloop
  endfacet
  facet normal 1 0 0
    outer loop
      vertex 48.77 0.161728 1.64205
      vertex 48.77 0.321898 -1.6183
      vertex 48.77 0.321898 1.6183
    endloop
  endfacet
  facet normal 1 0 0
    outer loop
      vertex 48.77 0.161728 1.64205
      vertex 48.77 0.161728 -1.64205
      vertex 48.77 0.321898 -1.6183
    endloop
  endfacet
  facet normal 1 0 0
    outer loop
      vertex 48.77 0 1.65
      vertex 48.77 0.161728 -1.64205
      vertex 48.77 0.161728 1.64205
    endloop
  endfacet
  facet normal 1 0 0
    outer loop
      vertex 48.77 0 1.65
      vertex 48.77 0 -1.65
      vertex 48.77 0.161728 -1.64205
    endloop
  endfacet
  facet normal 1 -0 0
    outer loop
      vertex 48.77 -0.161728 1.64205
      vertex 48.77 0 -1.65
      vertex 48.77 0 1.65
    endloop
  endfacet
  facet normal 1 0 0
    outer loop
      vertex 48.77 -0.161728 1.64205
      vertex 48.77 -0.161728 -1.64205
      vertex 48.77 0 -1.65
    endloop
  endfacet
  facet normal 1 -0 0
    outer loop
      vertex 48.77 -0.321898 1.6183
      vertex 48.77 -0.161728 -1.64205
      vertex 48.77 -0.161728 1.64205
    endloop
  endfacet
  facet normal 1 0 0
    outer loop
      vertex 48.77 -0.321898 1.6183
      vertex 48.77 -0.321898 -1.6183
      vertex 48.77 -0.161728 -1.64205
    endloop
  endfacet
  facet normal 1 -0 0
    outer loop
      vertex 48.77 -0.47897 1.57895
      vertex 48.77 -0.321898 -1.6183
      vertex 48.77 -0.321898 1.6183
    endloop
  endfacet
  facet normal 1 0 0
    outer loop
      vertex 48.77 -0.47897 1.57895
      vertex 48.77 -0.47897 -1.57895
      vertex 48.77 -0.321898 -1.6183
    endloop
  endfacet
  facet normal 1 -0 0
    outer loop
      vertex 48.77 -0.631427 1.5244
      vertex 48.77 -0.47897 -1.57895
      vertex 48.77 -0.47897 1.57895
    endloop
  endfacet
  facet normal 1 0 0
    outer loop
      vertex 48.77 -0.631427 1.5244
      vertex 48.77 -0.631427 -1.5244
      vertex 48.77 -0.47897 -1.57895
    endloop
  endfacet
  facet normal 1 -0 0
    outer loop
      vertex 48.77 -0.777804 1.45517
      vertex 48.77 -0.631427 -1.5244
      vertex 48.77 -0.631427 1.5244
    endloop
  endfacet
  facet normal 1 0 0
    outer loop
      vertex 48.77 -0.777804 1.45517
      vertex 48.77 -0.777804 -1.45517
      vertex 48.77 -0.631427 -1.5244
    endloop
  endfacet
  facet normal 1 -0 0
    outer loop
      vertex 48.77 -0.916691 1.37192
      vertex 48.77 -0.777804 -1.45517
      vertex 48.77 -0.777804 1.45517
    endloop
  endfacet
  facet normal 1 0 0
    outer loop
      vertex 48.77 -0.916691 1.37192
      vertex 48.77 -0.916691 -1.37192
      vertex 48.77 -0.777804 -1.45517
    endloop
  endfacet
  facet normal 1 -0 0
    outer loop
      vertex 48.77 -1.04675 1.27547
      vertex 48.77 -0.916691 -1.37192
      vertex 48.77 -0.916691 1.37192
    endloop
  endfacet
  facet normal 1 0 0
    outer loop
      vertex 48.77 -1.04675 1.27547
      vertex 48.77 -1.04675 -1.27547
      vertex 48.77 -0.916691 -1.37192
    endloop
  endfacet
  facet normal 1 -0 0
    outer loop
      vertex 48.77 -1.16673 1.16673
      vertex 48.77 -1.04675 -1.27547
      vertex 48.77 -1.04675 1.27547
    endloop
  endfacet
  facet normal 1 0 0
    outer loop
      vertex 48.77 -1.16673 1.16673
      vertex 48.77 -1.16673 -1.16673
      vertex 48.77 -1.04675 -1.27547
    endloop
  endfacet
  facet normal 1 -0 0
    outer loop
      vertex 48.77 -1.27547 1.04675
      vertex 48.77 -1.16673 -1.16673
      vertex 48.77 -1.16673 1.16673
    endloop
  endfacet
  facet normal 1 0 0
    outer loop
      vertex 48.77 -1.27547 1.04675
      vertex 48.77 -1.27547 -1.04675
      vertex 48.77 -1.16673 -1.16673
    endloop
  endfacet
  facet normal 1 -0 0
    outer loop
      vertex 48.77 -1.37192 0.916691
      vertex 48.77 -1.27547 -1.04675
      vertex 48.77 -1.27547 1.04675
    endloop
  endfacet
  facet normal 1 0 0
    outer loop
      vertex 48.77 -1.37192 0.916691
      vertex 48.77 -1.37192 -0.916691
      vertex 48.77 -1.27547 -1.04675
    endloop
  endfacet
  facet normal 1 -0 0
    outer loop
      vertex 48.77 -1.45517 0.777804
      vertex 48.77 -1.37192 -0.916691
      vertex 48.77 -1.37192 0.916691
    endloop
  endfacet
  facet normal 1 0 0
    outer loop
      vertex 48.77 -1.45517 0.777804
      vertex 48.77 -1.45517 -0.777804
      vertex 48.77 -1.37192 -0.916691
    endloop
  endfacet
  facet normal 1 -0 0
    outer loop
      vertex 48.77 -1.5244 0.631427
      vertex 48.77 -1.45517 -0.777804
      vertex 48.77 -1.45517 0.777804
    endloop
  endfacet
  facet normal 1 0 0
    outer loop
      vertex 48.77 -1.5244 0.631427
      vertex 48.77 -1.5244 -0.631427
      vertex 48.77 -1.45517 -0.777804
    endloop
  endfacet
  facet normal 1 -0 0
    outer loop
      vertex 48.77 -1.57895 0.47897
      vertex 48.77 -1.5244 -0.631427
      vertex 48.77 -1.5244 0.631427
    endloop
  endfacet
  facet normal 1 0 0
    outer loop
      vertex 48.77 -1.57895 0.47897
      vertex 48.77 -1.57895 -0.47897
      vertex 48.77 -1.5244 -0.631427
    endloop
  endfacet
  facet normal 1 -0 0
    outer loop
      vertex 48.77 -1.6183 0.321898
      vertex 48.77 -1.57895 -0.47897
      vertex 48.77 -1.57895 0.47897
    endloop
  endfacet
  facet normal 1 0 0
    outer loop
      vertex 48.77 -1.6183 0.321898
      vertex 48.77 -1.6183 -0.321898
      vertex 48.77 -1.57895 -0.47897
    endloop
  endfacet
  facet normal 1 -0 0
    outer loop
      vertex 48.77 -1.64205 0.161728
      vertex 48.77 -1.6183 -0.321898
      vertex 48.77 -1.6183 0.321898
    endloop
  endfacet
  facet normal 1 0 0
    outer loop
      vertex 48.77 -1.64205 0.161728
      vertex 48.77 -1.64205 -0.161728
      vertex 48.77 -1.6183 -0.321898
    endloop
  endfacet
  facet normal 1 0 -0
    outer loop
      vertex 48.77 -1.64205 -0.161728
      vertex 48.77 -1.64205 0.161728
      vertex 48.77 -1.65 0
    endloop
  endfacet
  facet normal 0 0.970023 0.243012
    outer loop
      vertex 48.77 1.6183 0.321898
      vertex 29.94 1.57895 0.47897
      vertex 48.77 1.57895 0.47897
    endloop
  endfacet
  facet normal 0 0.970023 0.243012
    outer loop
      vertex 29.94 1.57895 0.47897
      vertex 48.77 1.6183 0.321898
      vertex 29.94 1.6183 0.321898
    endloop
  endfacet
  facet normal 0 -0.595666 0.803232
    outer loop
      vertex 29.94 -0.916691 1.37192
      vertex 48.77 -1.04675 1.27547
      vertex 48.77 -0.916691 1.37192
    endloop
  endfacet
  facet normal 0 -0.595666 0.803232
    outer loop
      vertex 48.77 -1.04675 1.27547
      vertex 29.94 -0.916691 1.37192
      vertex 29.94 -1.04675 1.27547
    endloop
  endfacet
  facet normal 0 -0.243012 0.970023
    outer loop
      vertex 29.94 -0.321898 1.6183
      vertex 48.77 -0.47897 1.57895
      vertex 48.77 -0.321898 1.6183
    endloop
  endfacet
  facet normal 0 -0.243012 0.970023
    outer loop
      vertex 48.77 -0.47897 1.57895
      vertex 29.94 -0.321898 1.6183
      vertex 29.94 -0.47897 1.57895
    endloop
  endfacet
  facet normal 0 -0.671547 0.740962
    outer loop
      vertex 29.94 -1.04675 1.27547
      vertex 48.77 -1.16673 1.16673
      vertex 48.77 -1.04675 1.27547
    endloop
  endfacet
  facet normal 0 -0.671547 0.740962
    outer loop
      vertex 48.77 -1.16673 1.16673
      vertex 29.94 -1.04675 1.27547
      vertex 29.94 -1.16673 1.16673
    endloop
  endfacet
  facet normal 0 0.998794 0.0490973
    outer loop
      vertex 48.77 1.65 0
      vertex 29.94 1.64205 0.161728
      vertex 48.77 1.64205 0.161728
    endloop
  endfacet
  facet normal 0 0.998794 0.0490973
    outer loop
      vertex 29.94 1.64205 0.161728
      vertex 48.77 1.65 0
      vertex 29.94 1.65 0
    endloop
  endfacet
  facet normal 0 -0.970023 0.243012
    outer loop
      vertex 29.94 -1.6183 0.321898
      vertex 48.77 -1.57895 0.47897
      vertex 29.94 -1.57895 0.47897
    endloop
  endfacet
  facet normal 0 -0.970023 0.243012
    outer loop
      vertex 48.77 -1.57895 0.47897
      vertex 29.94 -1.6183 0.321898
      vertex 48.77 -1.6183 0.321898
    endloop
  endfacet
  facet normal 0 0.970023 -0.243012
    outer loop
      vertex 48.77 1.57895 -0.47897
      vertex 29.94 1.6183 -0.321898
      vertex 48.77 1.6183 -0.321898
    endloop
  endfacet
  facet normal 0 0.970023 -0.243012
    outer loop
      vertex 29.94 1.6183 -0.321898
      vertex 48.77 1.57895 -0.47897
      vertex 29.94 1.57895 -0.47897
    endloop
  endfacet
  facet normal 0 -0.998794 -0.0490973
    outer loop
      vertex 29.94 -1.64205 -0.161728
      vertex 48.77 -1.65 0
      vertex 29.94 -1.65 0
    endloop
  endfacet
  facet normal 0 -0.998794 -0.0490973
    outer loop
      vertex 48.77 -1.65 0
      vertex 29.94 -1.64205 -0.161728
      vertex 48.77 -1.64205 -0.161728
    endloop
  endfacet
  facet normal 0 -0.803232 -0.595666
    outer loop
      vertex 29.94 -1.27547 -1.04675
      vertex 48.77 -1.37192 -0.916691
      vertex 29.94 -1.37192 -0.916691
    endloop
  endfacet
  facet normal 0 -0.803232 -0.595666
    outer loop
      vertex 48.77 -1.37192 -0.916691
      vertex 29.94 -1.27547 -1.04675
      vertex 48.77 -1.27547 -1.04675
    endloop
  endfacet
  facet normal 0 -0.146676 0.989185
    outer loop
      vertex 29.94 -0.161728 1.64205
      vertex 48.77 -0.321898 1.6183
      vertex 48.77 -0.161728 1.64205
    endloop
  endfacet
  facet normal 0 -0.146676 0.989185
    outer loop
      vertex 48.77 -0.321898 1.6183
      vertex 29.94 -0.161728 1.64205
      vertex 29.94 -0.321898 1.6183
    endloop
  endfacet
  facet normal -0 0.514122 0.857717
    outer loop
      vertex 29.94 0.916691 1.37192
      vertex 48.77 0.777804 1.45517
      vertex 48.77 0.916691 1.37192
    endloop
  endfacet
  facet normal 0 0.514122 0.857717
    outer loop
      vertex 48.77 0.777804 1.45517
      vertex 29.94 0.916691 1.37192
      vertex 29.94 0.777804 1.45517
    endloop
  endfacet
  facet normal 0 -0.740962 -0.671547
    outer loop
      vertex 29.94 -1.16673 -1.16673
      vertex 48.77 -1.27547 -1.04675
      vertex 29.94 -1.27547 -1.04675
    endloop
  endfacet
  facet normal 0 -0.740962 -0.671547
    outer loop
      vertex 48.77 -1.27547 -1.04675
      vertex 29.94 -1.16673 -1.16673
      vertex 48.77 -1.16673 -1.16673
    endloop
  endfacet
  facet normal -0 0.427549 0.903992
    outer loop
      vertex 29.94 0.777804 1.45517
      vertex 48.77 0.631427 1.5244
      vertex 48.77 0.777804 1.45517
    endloop
  endfacet
  facet normal 0 0.427549 0.903992
    outer loop
      vertex 48.77 0.631427 1.5244
      vertex 29.94 0.777804 1.45517
      vertex 29.94 0.631427 1.5244
    endloop
  endfacet
  facet normal 0 -0.427549 -0.903992
    outer loop
      vertex 29.94 -0.777804 -1.45517
      vertex 48.77 -0.631427 -1.5244
      vertex 48.77 -0.777804 -1.45517
    endloop
  endfacet
  facet normal -0 -0.427549 -0.903992
    outer loop
      vertex 48.77 -0.631427 -1.5244
      vertex 29.94 -0.777804 -1.45517
      vertex 29.94 -0.631427 -1.5244
    endloop
  endfacet
  facet normal 0 0.989185 -0.146676
    outer loop
      vertex 48.77 1.6183 -0.321898
      vertex 29.94 1.64205 -0.161728
      vertex 48.77 1.64205 -0.161728
    endloop
  endfacet
  facet normal 0 0.989185 -0.146676
    outer loop
      vertex 29.94 1.64205 -0.161728
      vertex 48.77 1.6183 -0.321898
      vertex 29.94 1.6183 -0.321898
    endloop
  endfacet
  facet normal -0 0.0490973 0.998794
    outer loop
      vertex 29.94 0.161728 1.64205
      vertex 48.77 0 1.65
      vertex 48.77 0.161728 1.64205
    endloop
  endfacet
  facet normal 0 0.0490973 0.998794
    outer loop
      vertex 48.77 0 1.65
      vertex 29.94 0.161728 1.64205
      vertex 29.94 0 1.65
    endloop
  endfacet
  facet normal 0 -0.427549 0.903992
    outer loop
      vertex 29.94 -0.631427 1.5244
      vertex 48.77 -0.777804 1.45517
      vertex 48.77 -0.631427 1.5244
    endloop
  endfacet
  facet normal 0 -0.427549 0.903992
    outer loop
      vertex 48.77 -0.777804 1.45517
      vertex 29.94 -0.631427 1.5244
      vertex 29.94 -0.777804 1.45517
    endloop
  endfacet
  facet normal 0 -0.903992 0.427549
    outer loop
      vertex 29.94 -1.5244 0.631427
      vertex 48.77 -1.45517 0.777804
      vertex 29.94 -1.45517 0.777804
    endloop
  endfacet
  facet normal 0 -0.903992 0.427549
    outer loop
      vertex 48.77 -1.45517 0.777804
      vertex 29.94 -1.5244 0.631427
      vertex 48.77 -1.5244 0.631427
    endloop
  endfacet
  facet normal 1 -0 0
    outer loop
      vertex 7.04 -3.18 0.27
      vertex 7.04 3.18 -0.27
      vertex 7.04 3.18 0.27
    endloop
  endfacet
  facet normal 1 0 0
    outer loop
      vertex 7.04 3.18 -0.27
      vertex 7.04 -3.18 0.27
      vertex 7.04 -3.18 -0.27
    endloop
  endfacet
  facet normal -0 0 1
    outer loop
      vertex 0.2 -2.24182 0.27
      vertex 1.32 -2.56 0.27
      vertex 1.32 -2.24182 0.27
    endloop
  endfacet
  facet normal 0 0 1
    outer loop
      vertex 1.32 -2.56 0.27
      vertex 0.2 -2.24182 0.27
      vertex 0.2 -2.56 0.27
    endloop
  endfacet
  facet normal -0 0 1
    outer loop
      vertex 0.2 -1.74364 0.27
      vertex 1.32 -2.06182 0.27
      vertex 1.32 -1.74364 0.27
    endloop
  endfacet
  facet normal 0 0 1
    outer loop
      vertex 1.32 -2.06182 0.27
      vertex 0.2 -1.74364 0.27
      vertex 0.2 -2.06182 0.27
    endloop
  endfacet
  facet normal -0 0 1
    outer loop
      vertex 0.2 -1.24545 0.27
      vertex 1.32 -1.56364 0.27
      vertex 1.32 -1.24545 0.27
    endloop
  endfacet
  facet normal 0 0 1
    outer loop
      vertex 1.32 -1.56364 0.27
      vertex 0.2 -1.24545 0.27
      vertex 0.2 -1.56364 0.27
    endloop
  endfacet
  facet normal -0 0 1
    outer loop
      vertex 0.2 -0.747272 0.27
      vertex 1.32 -1.06545 0.27
      vertex 1.32 -0.747272 0.27
    endloop
  endfacet
  facet normal 0 0 1
    outer loop
      vertex 1.32 -1.06545 0.27
      vertex 0.2 -0.747272 0.27
      vertex 0.2 -1.06545 0.27
    endloop
  endfacet
  facet normal -0 0 1
    outer loop
      vertex 0.2 -0.24909 0.27
      vertex 1.32 -0.567272 0.27
      vertex 1.32 -0.24909 0.27
    endloop
  endfacet
  facet normal 0 0 1
    outer loop
      vertex 1.32 -0.567272 0.27
      vertex 0.2 -0.24909 0.27
      vertex 0.2 -0.567272 0.27
    endloop
  endfacet
  facet normal -0 0 1
    outer loop
      vertex 0.2 0.24909 0.27
      vertex 1.32 -0.0690908 0.27
      vertex 1.32 0.24909 0.27
    endloop
  endfacet
  facet normal 0 0 1
    outer loop
      vertex 1.32 -0.0690908 0.27
      vertex 0.2 0.24909 0.27
      vertex 0.2 -0.0690908 0.27
    endloop
  endfacet
  facet normal -0 0 1
    outer loop
      vertex 0.2 0.747272 0.27
      vertex 1.32 0.42909 0.27
      vertex 1.32 0.747272 0.27
    endloop
  endfacet
  facet normal 0 0 1
    outer loop
      vertex 1.32 0.42909 0.27
      vertex 0.2 0.747272 0.27
      vertex 0.2 0.42909 0.27
    endloop
  endfacet
  facet normal -0 0 1
    outer loop
      vertex 0.2 1.24545 0.27
      vertex 1.32 0.927272 0.27
      vertex 1.32 1.24545 0.27
    endloop
  endfacet
  facet normal 0 0 1
    outer loop
      vertex 1.32 0.927272 0.27
      vertex 0.2 1.24545 0.27
      vertex 0.2 0.927272 0.27
    endloop
  endfacet
  facet normal -0 0 1
    outer loop
      vertex 0.2 1.74364 0.27
      vertex 1.32 1.42545 0.27
      vertex 1.32 1.74364 0.27
    endloop
  endfacet
  facet normal 0 0 1
    outer loop
      vertex 1.32 1.42545 0.27
      vertex 0.2 1.74364 0.27
      vertex 0.2 1.42545 0.27
    endloop
  endfacet
  facet normal -0 0 1
    outer loop
      vertex 0.2 2.24182 0.27
      vertex 1.32 1.92364 0.27
      vertex 1.32 2.24182 0.27
    endloop
  endfacet
  facet normal 0 0 1
    outer loop
      vertex 1.32 1.92364 0.27
      vertex 0.2 2.24182 0.27
      vertex 0.2 1.92364 0.27
    endloop
  endfacet
  facet normal -0 0 1
    outer loop
      vertex 0.2 2.74 0.27
      vertex 1.32 2.42182 0.27
      vertex 1.32 2.74 0.27
    endloop
  endfacet
  facet normal 0 0 1
    outer loop
      vertex 1.32 2.42182 0.27
      vertex 0.2 2.74 0.27
      vertex 0.2 2.42182 0.27
    endloop
  endfacet
  facet normal 0 0 1
    outer loop
      vertex 1.32 2.74 0.27
      vertex 7.04 3.18 0.27
      vertex 1.32 2.92 0.27
    endloop
  endfacet
  facet normal -0 0 1
    outer loop
      vertex 0.179999 3.18 0.27
      vertex 1.32 2.92 0.27
      vertex 7.04 3.18 0.27
    endloop
  endfacet
  facet normal 0 0 1
    outer loop
      vertex 0.179999 3.18 0.27
      vertex 0.2 2.74 0.27
      vertex 0.2 2.92 0.27
    endloop
  endfacet
  facet normal 0 0 1
    outer loop
      vertex 0.2 2.74 0.27
      vertex 0.179999 3.18 0.27
      vertex 0.2 2.42182 0.27
    endloop
  endfacet
  facet normal 0 0 1
    outer loop
      vertex 0.2 2.42182 0.27
      vertex 0.179999 3.18 0.27
      vertex 0.2 2.24182 0.27
    endloop
  endfacet
  facet normal 0 0 1
    outer loop
      vertex 0.2 2.24182 0.27
      vertex 0.179999 3.18 0.27
      vertex 0.2 1.92364 0.27
    endloop
  endfacet
  facet normal 0 0 1
    outer loop
      vertex 0.2 1.92364 0.27
      vertex 0.179999 3.18 0.27
      vertex 0.2 1.74364 0.27
    endloop
  endfacet
  facet normal 0 0 1
    outer loop
      vertex 0.2 1.74364 0.27
      vertex 0.179999 3.18 0.27
      vertex 0.2 1.42545 0.27
    endloop
  endfacet
  facet normal 0 0 1
    outer loop
      vertex 0.2 1.42545 0.27
      vertex 0.179999 3.18 0.27
      vertex 0.2 1.24545 0.27
    endloop
  endfacet
  facet normal 0 0 1
    outer loop
      vertex 0.2 1.24545 0.27
      vertex 0.179999 3.18 0.27
      vertex 0.2 0.927272 0.27
    endloop
  endfacet
  facet normal 0 0 1
    outer loop
      vertex 0.2 0.927272 0.27
      vertex 0.179999 3.18 0.27
      vertex 0.2 0.747272 0.27
    endloop
  endfacet
  facet normal 0 0 1
    outer loop
      vertex 0.2 0.747272 0.27
      vertex 0.179999 3.18 0.27
      vertex 0.2 0.42909 0.27
    endloop
  endfacet
  facet normal 0 0 1
    outer loop
      vertex 0.2 0.42909 0.27
      vertex 0.179999 3.18 0.27
      vertex 0.2 0.24909 0.27
    endloop
  endfacet
  facet normal 0 0 1
    outer loop
      vertex 0.2 0.24909 0.27
      vertex 0.179999 3.18 0.27
      vertex 0.2 -0.0690908 0.27
    endloop
  endfacet
  facet normal 0 0 1
    outer loop
      vertex 0.2 -0.0690908 0.27
      vertex 0.179999 3.18 0.27
      vertex 0.2 -0.24909 0.27
    endloop
  endfacet
  facet normal 0 0 1
    outer loop
      vertex 0.2 -0.24909 0.27
      vertex 0.179999 3.18 0.27
      vertex 0.2 -0.567272 0.27
    endloop
  endfacet
  facet normal 0 0 1
    outer loop
      vertex 0.2 -0.567272 0.27
      vertex 0.179999 3.18 0.27
      vertex 0.2 -0.747272 0.27
    endloop
  endfacet
  facet normal 0 0 1
    outer loop
      vertex 0.2 -0.747272 0.27
      vertex 0.179999 3.18 0.27
      vertex 0.2 -1.06545 0.27
    endloop
  endfacet
  facet normal 0 0 1
    outer loop
      vertex 0.2 -1.06545 0.27
      vertex 0.179999 3.18 0.27
      vertex 0.2 -1.24545 0.27
    endloop
  endfacet
  facet normal 0 0 1
    outer loop
      vertex 0.2 -1.24545 0.27
      vertex 0.179999 3.18 0.27
      vertex 0.2 -1.56364 0.27
    endloop
  endfacet
  facet normal 0 0 1
    outer loop
      vertex 0.2 -1.56364 0.27
      vertex 0.179999 3.18 0.27
      vertex 0.2 -1.74364 0.27
    endloop
  endfacet
  facet normal 0 0 1
    outer loop
      vertex 0.179999 -3.18 0.27
      vertex 0.2 -1.74364 0.27
      vertex 0.179999 3.18 0.27
    endloop
  endfacet
  facet normal 0 0 1
    outer loop
      vertex 0.2 -1.74364 0.27
      vertex 0.179999 -3.18 0.27
      vertex 0.2 -2.06182 0.27
    endloop
  endfacet
  facet normal 0 0 1
    outer loop
      vertex 0.2 -2.06182 0.27
      vertex 0.179999 -3.18 0.27
      vertex 0.2 -2.24182 0.27
    endloop
  endfacet
  facet normal 0 0 1
    outer loop
      vertex 0.2 -2.24182 0.27
      vertex 0.179999 -3.18 0.27
      vertex 0.2 -2.56 0.27
    endloop
  endfacet
  facet normal 0 0 1
    outer loop
      vertex 1.32 2.92 0.27
      vertex 0.179999 3.18 0.27
      vertex 0.2 2.92 0.27
    endloop
  endfacet
  facet normal 0 0 1
    outer loop
      vertex 1.32 2.42182 0.27
      vertex 7.04 3.18 0.27
      vertex 1.32 2.74 0.27
    endloop
  endfacet
  facet normal 0 0 1
    outer loop
      vertex 1.32 2.24182 0.27
      vertex 7.04 3.18 0.27
      vertex 1.32 2.42182 0.27
    endloop
  endfacet
  facet normal 0 0 1
    outer loop
      vertex 1.32 1.92364 0.27
      vertex 7.04 3.18 0.27
      vertex 1.32 2.24182 0.27
    endloop
  endfacet
  facet normal 0 0 1
    outer loop
      vertex 1.32 1.74364 0.27
      vertex 7.04 3.18 0.27
      vertex 1.32 1.92364 0.27
    endloop
  endfacet
  facet normal 0 0 1
    outer loop
      vertex 1.32 1.42545 0.27
      vertex 7.04 3.18 0.27
      vertex 1.32 1.74364 0.27
    endloop
  endfacet
  facet normal 0 0 1
    outer loop
      vertex 1.32 1.24545 0.27
      vertex 7.04 3.18 0.27
      vertex 1.32 1.42545 0.27
    endloop
  endfacet
  facet normal 0 0 1
    outer loop
      vertex 1.32 0.927272 0.27
      vertex 7.04 3.18 0.27
      vertex 1.32 1.24545 0.27
    endloop
  endfacet
  facet normal 0 0 1
    outer loop
      vertex 1.32 0.747272 0.27
      vertex 7.04 3.18 0.27
      vertex 1.32 0.927272 0.27
    endloop
  endfacet
  facet normal 0 0 1
    outer loop
      vertex 1.32 0.42909 0.27
      vertex 7.04 3.18 0.27
      vertex 1.32 0.747272 0.27
    endloop
  endfacet
  facet normal 0 0 1
    outer loop
      vertex 1.32 0.24909 0.27
      vertex 7.04 3.18 0.27
      vertex 1.32 0.42909 0.27
    endloop
  endfacet
  facet normal 0 0 1
    outer loop
      vertex 1.32 -0.0690908 0.27
      vertex 7.04 3.18 0.27
      vertex 1.32 0.24909 0.27
    endloop
  endfacet
  facet normal 0 0 1
    outer loop
      vertex 7.04 3.18 0.27
      vertex 1.32 -0.0690908 0.27
      vertex 7.04 -3.18 0.27
    endloop
  endfacet
  facet normal -0 0 1
    outer loop
      vertex 1.32 -0.24909 0.27
      vertex 7.04 -3.18 0.27
      vertex 1.32 -0.0690908 0.27
    endloop
  endfacet
  facet normal -0 0 1
    outer loop
      vertex 1.32 -0.567272 0.27
      vertex 7.04 -3.18 0.27
      vertex 1.32 -0.24909 0.27
    endloop
  endfacet
  facet normal -0 0 1
    outer loop
      vertex 1.32 -0.747272 0.27
      vertex 7.04 -3.18 0.27
      vertex 1.32 -0.567272 0.27
    endloop
  endfacet
  facet normal -0 0 1
    outer loop
      vertex 1.32 -1.06545 0.27
      vertex 7.04 -3.18 0.27
      vertex 1.32 -0.747272 0.27
    endloop
  endfacet
  facet normal -0 0 1
    outer loop
      vertex 1.32 -1.24545 0.27
      vertex 7.04 -3.18 0.27
      vertex 1.32 -1.06545 0.27
    endloop
  endfacet
  facet normal -0 0 1
    outer loop
      vertex 1.32 -1.56364 0.27
      vertex 7.04 -3.18 0.27
      vertex 1.32 -1.24545 0.27
    endloop
  endfacet
  facet normal -0 0 1
    outer loop
      vertex 1.32 -1.74364 0.27
      vertex 7.04 -3.18 0.27
      vertex 1.32 -1.56364 0.27
    endloop
  endfacet
  facet normal -0 0 1
    outer loop
      vertex 1.32 -2.06182 0.27
      vertex 7.04 -3.18 0.27
      vertex 1.32 -1.74364 0.27
    endloop
  endfacet
  facet normal -0 0 1
    outer loop
      vertex 1.32 -2.24182 0.27
      vertex 7.04 -3.18 0.27
      vertex 1.32 -2.06182 0.27
    endloop
  endfacet
  facet normal -0 0 1
    outer loop
      vertex 1.32 -2.56 0.27
      vertex 7.04 -3.18 0.27
      vertex 1.32 -2.24182 0.27
    endloop
  endfacet
  facet normal -0 0 1
    outer loop
      vertex 1.32 -2.74 0.27
      vertex 7.04 -3.18 0.27
      vertex 1.32 -2.56 0.27
    endloop
  endfacet
  facet normal 0 0 1
    outer loop
      vertex 0.179999 -3.18 0.27
      vertex 1.32 -2.74 0.27
      vertex 0.2 -2.74 0.27
    endloop
  endfacet
  facet normal 0 0 1
    outer loop
      vertex 1.32 -2.74 0.27
      vertex 0.179999 -3.18 0.27
      vertex 7.04 -3.18 0.27
    endloop
  endfacet
  facet normal 0 0 1
    outer loop
      vertex 0.2 -2.56 0.27
      vertex 0.179999 -3.18 0.27
      vertex 0.2 -2.74 0.27
    endloop
  endfacet
  facet normal 0 0 -1
    outer loop
      vertex 0.2 2.42182 -0.27
      vertex 1.32 2.74 -0.27
      vertex 1.32 2.42182 -0.27
    endloop
  endfacet
  facet normal -0 0 -1
    outer loop
      vertex 1.32 2.74 -0.27
      vertex 0.2 2.42182 -0.27
      vertex 0.2 2.74 -0.27
    endloop
  endfacet
  facet normal 0 0 -1
    outer loop
      vertex 0.2 1.92364 -0.27
      vertex 1.32 2.24182 -0.27
      vertex 1.32 1.92364 -0.27
    endloop
  endfacet
  facet normal -0 0 -1
    outer loop
      vertex 1.32 2.24182 -0.27
      vertex 0.2 1.92364 -0.27
      vertex 0.2 2.24182 -0.27
    endloop
  endfacet
  facet normal 0 0 -1
    outer loop
      vertex 0.2 1.42545 -0.27
      vertex 1.32 1.74364 -0.27
      vertex 1.32 1.42545 -0.27
    endloop
  endfacet
  facet normal -0 0 -1
    outer loop
      vertex 1.32 1.74364 -0.27
      vertex 0.2 1.42545 -0.27
      vertex 0.2 1.74364 -0.27
    endloop
  endfacet
  facet normal 0 0 -1
    outer loop
      vertex 0.2 0.927272 -0.27
      vertex 1.32 1.24545 -0.27
      vertex 1.32 0.927272 -0.27
    endloop
  endfacet
  facet normal -0 0 -1
    outer loop
      vertex 1.32 1.24545 -0.27
      vertex 0.2 0.927272 -0.27
      vertex 0.2 1.24545 -0.27
    endloop
  endfacet
  facet normal 0 0 -1
    outer loop
      vertex 0.2 0.42909 -0.27
      vertex 1.32 0.747272 -0.27
      vertex 1.32 0.42909 -0.27
    endloop
  endfacet
  facet normal -0 0 -1
    outer loop
      vertex 1.32 0.747272 -0.27
      vertex 0.2 0.42909 -0.27
      vertex 0.2 0.747272 -0.27
    endloop
  endfacet
  facet normal 0 0 -1
    outer loop
      vertex 0.2 -0.0690908 -0.27
      vertex 1.32 0.24909 -0.27
      vertex 1.32 -0.0690908 -0.27
    endloop
  endfacet
  facet normal -0 0 -1
    outer loop
      vertex 1.32 0.24909 -0.27
      vertex 0.2 -0.0690908 -0.27
      vertex 0.2 0.24909 -0.27
    endloop
  endfacet
  facet normal 0 0 -1
    outer loop
      vertex 0.2 -0.567272 -0.27
      vertex 1.32 -0.24909 -0.27
      vertex 1.32 -0.567272 -0.27
    endloop
  endfacet
  facet normal -0 0 -1
    outer loop
      vertex 1.32 -0.24909 -0.27
      vertex 0.2 -0.567272 -0.27
      vertex 0.2 -0.24909 -0.27
    endloop
  endfacet
  facet normal 0 0 -1
    outer loop
      vertex 0.2 -1.06545 -0.27
      vertex 1.32 -0.747272 -0.27
      vertex 1.32 -1.06545 -0.27
    endloop
  endfacet
  facet normal -0 0 -1
    outer loop
      vertex 1.32 -0.747272 -0.27
      vertex 0.2 -1.06545 -0.27
      vertex 0.2 -0.747272 -0.27
    endloop
  endfacet
  facet normal 0 0 -1
    outer loop
      vertex 0.2 -1.56364 -0.27
      vertex 1.32 -1.24545 -0.27
      vertex 1.32 -1.56364 -0.27
    endloop
  endfacet
  facet normal -0 0 -1
    outer loop
      vertex 1.32 -1.24545 -0.27
      vertex 0.2 -1.56364 -0.27
      vertex 0.2 -1.24545 -0.27
    endloop
  endfacet
  facet normal 0 0 -1
    outer loop
      vertex 0.2 -2.06182 -0.27
      vertex 1.32 -1.74364 -0.27
      vertex 1.32 -2.06182 -0.27
    endloop
  endfacet
  facet normal -0 0 -1
    outer loop
      vertex 1.32 -1.74364 -0.27
      vertex 0.2 -2.06182 -0.27
      vertex 0.2 -1.74364 -0.27
    endloop
  endfacet
  facet normal 0 0 -1
    outer loop
      vertex 0.2 -2.56 -0.27
      vertex 1.32 -2.24182 -0.27
      vertex 1.32 -2.56 -0.27
    endloop
  endfacet
  facet normal -0 0 -1
    outer loop
      vertex 1.32 -2.24182 -0.27
      vertex 0.2 -2.56 -0.27
      vertex 0.2 -2.24182 -0.27
    endloop
  endfacet
  facet normal 0 0 -1
    outer loop
      vertex 1.32 -2.56 -0.27
      vertex 7.04 -3.18 -0.27
      vertex 1.32 -2.74 -0.27
    endloop
  endfacet
  facet normal 0 0 -1
    outer loop
      vertex 0.179999 -3.18 -0.27
      vertex 1.32 -2.74 -0.27
      vertex 7.04 -3.18 -0.27
    endloop
  endfacet
  facet normal 0 0 -1
    outer loop
      vertex 0.179999 -3.18 -0.27
      vertex 0.2 -2.56 -0.27
      vertex 0.2 -2.74 -0.27
    endloop
  endfacet
  facet normal -0 0 -1
    outer loop
      vertex 0.2 -2.56 -0.27
      vertex 0.179999 -3.18 -0.27
      vertex 0.2 -2.24182 -0.27
    endloop
  endfacet
  facet normal -0 0 -1
    outer loop
      vertex 0.2 -2.24182 -0.27
      vertex 0.179999 -3.18 -0.27
      vertex 0.2 -2.06182 -0.27
    endloop
  endfacet
  facet normal -0 0 -1
    outer loop
      vertex 0.2 -2.06182 -0.27
      vertex 0.179999 -3.18 -0.27
      vertex 0.2 -1.74364 -0.27
    endloop
  endfacet
  facet normal -0 0 -1
    outer loop
      vertex 0.2 -1.74364 -0.27
      vertex 0.179999 -3.18 -0.27
      vertex 0.2 -1.56364 -0.27
    endloop
  endfacet
  facet normal -0 0 -1
    outer loop
      vertex 0.2 -1.56364 -0.27
      vertex 0.179999 -3.18 -0.27
      vertex 0.2 -1.24545 -0.27
    endloop
  endfacet
  facet normal -0 0 -1
    outer loop
      vertex 0.2 -1.24545 -0.27
      vertex 0.179999 -3.18 -0.27
      vertex 0.2 -1.06545 -0.27
    endloop
  endfacet
  facet normal -0 0 -1
    outer loop
      vertex 0.2 -1.06545 -0.27
      vertex 0.179999 -3.18 -0.27
      vertex 0.2 -0.747272 -0.27
    endloop
  endfacet
  facet normal -0 0 -1
    outer loop
      vertex 0.2 -0.747272 -0.27
      vertex 0.179999 -3.18 -0.27
      vertex 0.2 -0.567272 -0.27
    endloop
  endfacet
  facet normal -0 0 -1
    outer loop
      vertex 0.2 -0.567272 -0.27
      vertex 0.179999 -3.18 -0.27
      vertex 0.2 -0.24909 -0.27
    endloop
  endfacet
  facet normal -0 0 -1
    outer loop
      vertex 0.2 -0.24909 -0.27
      vertex 0.179999 -3.18 -0.27
      vertex 0.2 -0.0690908 -0.27
    endloop
  endfacet
  facet normal -0 0 -1
    outer loop
      vertex 0.2 -0.0690908 -0.27
      vertex 0.179999 -3.18 -0.27
      vertex 0.2 0.24909 -0.27
    endloop
  endfacet
  facet normal -0 0 -1
    outer loop
      vertex 0.2 0.24909 -0.27
      vertex 0.179999 -3.18 -0.27
      vertex 0.2 0.42909 -0.27
    endloop
  endfacet
  facet normal -0 0 -1
    outer loop
      vertex 0.2 0.42909 -0.27
      vertex 0.179999 -3.18 -0.27
      vertex 0.2 0.747272 -0.27
    endloop
  endfacet
  facet normal -0 0 -1
    outer loop
      vertex 0.2 0.747272 -0.27
      vertex 0.179999 -3.18 -0.27
      vertex 0.2 0.927272 -0.27
    endloop
  endfacet
  facet normal -0 0 -1
    outer loop
      vertex 0.2 0.927272 -0.27
      vertex 0.179999 -3.18 -0.27
      vertex 0.2 1.24545 -0.27
    endloop
  endfacet
  facet normal -0 0 -1
    outer loop
      vertex 0.2 1.24545 -0.27
      vertex 0.179999 -3.18 -0.27
      vertex 0.2 1.42545 -0.27
    endloop
  endfacet
  facet normal -0 0 -1
    outer loop
      vertex 0.2 1.42545 -0.27
      vertex 0.179999 -3.18 -0.27
      vertex 0.2 1.74364 -0.27
    endloop
  endfacet
  facet normal 0 0 -1
    outer loop
      vertex 0.179999 3.18 -0.27
      vertex 0.2 1.74364 -0.27
      vertex 0.179999 -3.18 -0.27
    endloop
  endfacet
  facet normal 0 0 -1
    outer loop
      vertex 0.2 1.74364 -0.27
      vertex 0.179999 3.18 -0.27
      vertex 0.2 1.92364 -0.27
    endloop
  endfacet
  facet normal 0 0 -1
    outer loop
      vertex 0.2 1.92364 -0.27
      vertex 0.179999 3.18 -0.27
      vertex 0.2 2.24182 -0.27
    endloop
  endfacet
  facet normal 0 0 -1
    outer loop
      vertex 0.2 2.42182 -0.27
      vertex 0.179999 3.18 -0.27
      vertex 0.2 2.74 -0.27
    endloop
  endfacet
  facet normal 0 0 -1
    outer loop
      vertex 0.2 2.24182 -0.27
      vertex 0.179999 3.18 -0.27
      vertex 0.2 2.42182 -0.27
    endloop
  endfacet
  facet normal -0 0 -1
    outer loop
      vertex 1.32 -2.74 -0.27
      vertex 0.179999 -3.18 -0.27
      vertex 0.2 -2.74 -0.27
    endloop
  endfacet
  facet normal 0 0 -1
    outer loop
      vertex 1.32 -2.24182 -0.27
      vertex 7.04 -3.18 -0.27
      vertex 1.32 -2.56 -0.27
    endloop
  endfacet
  facet normal 0 0 -1
    outer loop
      vertex 1.32 -2.06182 -0.27
      vertex 7.04 -3.18 -0.27
      vertex 1.32 -2.24182 -0.27
    endloop
  endfacet
  facet normal 0 0 -1
    outer loop
      vertex 1.32 -1.74364 -0.27
      vertex 7.04 -3.18 -0.27
      vertex 1.32 -2.06182 -0.27
    endloop
  endfacet
  facet normal 0 0 -1
    outer loop
      vertex 1.32 -1.56364 -0.27
      vertex 7.04 -3.18 -0.27
      vertex 1.32 -1.74364 -0.27
    endloop
  endfacet
  facet normal 0 0 -1
    outer loop
      vertex 1.32 -1.24545 -0.27
      vertex 7.04 -3.18 -0.27
      vertex 1.32 -1.56364 -0.27
    endloop
  endfacet
  facet normal 0 0 -1
    outer loop
      vertex 1.32 -1.06545 -0.27
      vertex 7.04 -3.18 -0.27
      vertex 1.32 -1.24545 -0.27
    endloop
  endfacet
  facet normal 0 0 -1
    outer loop
      vertex 1.32 -0.747272 -0.27
      vertex 7.04 -3.18 -0.27
      vertex 1.32 -1.06545 -0.27
    endloop
  endfacet
  facet normal 0 0 -1
    outer loop
      vertex 1.32 -0.567272 -0.27
      vertex 7.04 -3.18 -0.27
      vertex 1.32 -0.747272 -0.27
    endloop
  endfacet
  facet normal 0 0 -1
    outer loop
      vertex 1.32 -0.24909 -0.27
      vertex 7.04 -3.18 -0.27
      vertex 1.32 -0.567272 -0.27
    endloop
  endfacet
  facet normal 0 0 -1
    outer loop
      vertex 1.32 -0.0690908 -0.27
      vertex 7.04 -3.18 -0.27
      vertex 1.32 -0.24909 -0.27
    endloop
  endfacet
  facet normal 0 0 -1
    outer loop
      vertex 7.04 -3.18 -0.27
      vertex 1.32 -0.0690908 -0.27
      vertex 7.04 3.18 -0.27
    endloop
  endfacet
  facet normal 0 0 -1
    outer loop
      vertex 1.32 0.24909 -0.27
      vertex 7.04 3.18 -0.27
      vertex 1.32 -0.0690908 -0.27
    endloop
  endfacet
  facet normal 0 0 -1
    outer loop
      vertex 1.32 0.42909 -0.27
      vertex 7.04 3.18 -0.27
      vertex 1.32 0.24909 -0.27
    endloop
  endfacet
  facet normal 0 0 -1
    outer loop
      vertex 1.32 0.747272 -0.27
      vertex 7.04 3.18 -0.27
      vertex 1.32 0.42909 -0.27
    endloop
  endfacet
  facet normal 0 0 -1
    outer loop
      vertex 1.32 0.927272 -0.27
      vertex 7.04 3.18 -0.27
      vertex 1.32 0.747272 -0.27
    endloop
  endfacet
  facet normal 0 0 -1
    outer loop
      vertex 1.32 1.24545 -0.27
      vertex 7.04 3.18 -0.27
      vertex 1.32 0.927272 -0.27
    endloop
  endfacet
  facet normal 0 0 -1
    outer loop
      vertex 1.32 1.42545 -0.27
      vertex 7.04 3.18 -0.27
      vertex 1.32 1.24545 -0.27
    endloop
  endfacet
  facet normal 0 0 -1
    outer loop
      vertex 1.32 1.74364 -0.27
      vertex 7.04 3.18 -0.27
      vertex 1.32 1.42545 -0.27
    endloop
  endfacet
  facet normal 0 0 -1
    outer loop
      vertex 1.32 1.92364 -0.27
      vertex 7.04 3.18 -0.27
      vertex 1.32 1.74364 -0.27
    endloop
  endfacet
  facet normal 0 0 -1
    outer loop
      vertex 1.32 2.24182 -0.27
      vertex 7.04 3.18 -0.27
      vertex 1.32 1.92364 -0.27
    endloop
  endfacet
  facet normal 0 0 -1
    outer loop
      vertex 1.32 2.42182 -0.27
      vertex 7.04 3.18 -0.27
      vertex 1.32 2.24182 -0.27
    endloop
  endfacet
  facet normal 0 0 -1
    outer loop
      vertex 1.32 2.74 -0.27
      vertex 7.04 3.18 -0.27
      vertex 1.32 2.42182 -0.27
    endloop
  endfacet
  facet normal 0 0 -1
    outer loop
      vertex 1.32 2.92 -0.27
      vertex 7.04 3.18 -0.27
      vertex 1.32 2.74 -0.27
    endloop
  endfacet
  facet normal 0 0 -1
    outer loop
      vertex 0.179999 3.18 -0.27
      vertex 1.32 2.92 -0.27
      vertex 0.2 2.92 -0.27
    endloop
  endfacet
  facet normal 0 0 -1
    outer loop
      vertex 1.32 2.92 -0.27
      vertex 0.179999 3.18 -0.27
      vertex 7.04 3.18 -0.27
    endloop
  endfacet
  facet normal 0 0 -1
    outer loop
      vertex 0.2 2.74 -0.27
      vertex 0.179999 3.18 -0.27
      vertex 0.2 2.92 -0.27
    endloop
  endfacet
  facet normal -1 0 0
    outer loop
      vertex 0.179999 -3.18 -0.27
      vertex 0.179999 3.18 0.27
      vertex 0.179999 3.18 -0.27
    endloop
  endfacet
  facet normal -1 -0 0
    outer loop
      vertex 0.179999 3.18 0.27
      vertex 0.179999 -3.18 -0.27
      vertex 0.179999 -3.18 0.27
    endloop
  endfacet
  facet normal 0 1 -0
    outer loop
      vertex 7.04 3.18 -0.27
      vertex 0.179999 3.18 0.27
      vertex 7.04 3.18 0.27
    endloop
  endfacet
  facet normal 0 1 0
    outer loop
      vertex 0.179999 3.18 0.27
      vertex 7.04 3.18 -0.27
      vertex 0.179999 3.18 -0.27
    endloop
  endfacet
  facet normal 0 -1 0
    outer loop
      vertex 0.179999 -3.18 -0.27
      vertex 7.04 -3.18 0.27
      vertex 0.179999 -3.18 0.27
    endloop
  endfacet
  facet normal 0 -1 -0
    outer loop
      vertex 7.04 -3.18 0.27
      vertex 0.179999 -3.18 -0.27
      vertex 7.04 -3.18 -0.27
    endloop
  endfacet
endsolid OpenSCAD_Model
