solid OpenSCAD_Model
  facet normal 0.991447 0.13051 0
    outer loop
      vertex 1.03407 1.74118 1.6
      vertex 1 2 0
      vertex 1 2 1.6
    endloop
  endfacet
  facet normal 0.991447 0.13051 0
    outer loop
      vertex 1 2 0
      vertex 1.03407 1.74118 1.6
      vertex 1.03407 1.74118 0
    endloop
  endfacet
  facet normal -0.991447 -0.13051 0
    outer loop
      vertex 3 2 0
      vertex 2.96593 2.25882 1.6
      vertex 2.96593 2.25882 0
    endloop
  endfacet
  facet normal -0.991447 -0.13051 0
    outer loop
      vertex 2.96593 2.25882 1.6
      vertex 3 2 0
      vertex 3 2 1.6
    endloop
  endfacet
  facet normal -0.923866 -0.382716 0
    outer loop
      vertex 2.96593 2.25882 0
      vertex 2.86602 2.5 1.6
      vertex 2.86602 2.5 0
    endloop
  endfacet
  facet normal -0.923866 -0.382716 0
    outer loop
      vertex 2.86602 2.5 1.6
      vertex 2.96593 2.25882 0
      vertex 2.96593 2.25882 1.6
    endloop
  endfacet
  facet normal 0.13051 0.991447 -0
    outer loop
      vertex 2 1 0
      vertex 1.74118 1.03407 1.6
      vertex 2 1 1.6
    endloop
  endfacet
  facet normal 0.13051 0.991447 0
    outer loop
      vertex 1.74118 1.03407 1.6
      vertex 2 1 0
      vertex 1.74118 1.03407 0
    endloop
  endfacet
  facet normal 0.92388 -0.382683 0
    outer loop
      vertex 1.03407 2.25882 1.6
      vertex 1.13397 2.5 0
      vertex 1.13397 2.5 1.6
    endloop
  endfacet
  facet normal 0.92388 -0.382683 0
    outer loop
      vertex 1.13397 2.5 0
      vertex 1.03407 2.25882 1.6
      vertex 1.03407 2.25882 0
    endloop
  endfacet
  facet normal -0.382716 -0.923866 0
    outer loop
      vertex 2.25882 2.96593 0
      vertex 2.5 2.86602 1.6
      vertex 2.25882 2.96593 1.6
    endloop
  endfacet
  facet normal -0.382716 -0.923866 -0
    outer loop
      vertex 2.5 2.86602 1.6
      vertex 2.25882 2.96593 0
      vertex 2.5 2.86602 0
    endloop
  endfacet
  facet normal 0.382683 0.92388 -0
    outer loop
      vertex 1.74118 1.03407 0
      vertex 1.5 1.13397 1.6
      vertex 1.74118 1.03407 1.6
    endloop
  endfacet
  facet normal 0.382683 0.92388 0
    outer loop
      vertex 1.5 1.13397 1.6
      vertex 1.74118 1.03407 0
      vertex 1.5 1.13397 0
    endloop
  endfacet
  facet normal -0.793374 -0.608735 0
    outer loop
      vertex 2.86602 2.5 0
      vertex 2.70711 2.70711 1.6
      vertex 2.70711 2.70711 0
    endloop
  endfacet
  facet normal -0.793374 -0.608735 0
    outer loop
      vertex 2.70711 2.70711 1.6
      vertex 2.86602 2.5 0
      vertex 2.86602 2.5 1.6
    endloop
  endfacet
  facet normal 0.382716 -0.923866 0
    outer loop
      vertex 1.5 2.86602 0
      vertex 1.74118 2.96593 1.6
      vertex 1.5 2.86602 1.6
    endloop
  endfacet
  facet normal 0.382716 -0.923866 0
    outer loop
      vertex 1.74118 2.96593 1.6
      vertex 1.5 2.86602 0
      vertex 1.74118 2.96593 0
    endloop
  endfacet
  facet normal -0.608759 0.793355 0
    outer loop
      vertex 2.70711 1.29289 0
      vertex 2.5 1.13397 1.6
      vertex 2.70711 1.29289 1.6
    endloop
  endfacet
  facet normal -0.608759 0.793355 0
    outer loop
      vertex 2.5 1.13397 1.6
      vertex 2.70711 1.29289 0
      vertex 2.5 1.13397 0
    endloop
  endfacet
  facet normal 0.13051 -0.991447 0
    outer loop
      vertex 1.74118 2.96593 0
      vertex 2 3 1.6
      vertex 1.74118 2.96593 1.6
    endloop
  endfacet
  facet normal 0.13051 -0.991447 0
    outer loop
      vertex 2 3 1.6
      vertex 1.74118 2.96593 0
      vertex 2 3 0
    endloop
  endfacet
  facet normal -0.793374 0.608735 0
    outer loop
      vertex 2.70711 1.29289 0
      vertex 2.86602 1.5 1.6
      vertex 2.86602 1.5 0
    endloop
  endfacet
  facet normal -0.793374 0.608735 0
    outer loop
      vertex 2.86602 1.5 1.6
      vertex 2.70711 1.29289 0
      vertex 2.70711 1.29289 1.6
    endloop
  endfacet
  facet normal -0.13051 -0.991447 0
    outer loop
      vertex 2 3 0
      vertex 2.25882 2.96593 1.6
      vertex 2 3 1.6
    endloop
  endfacet
  facet normal -0.13051 -0.991447 -0
    outer loop
      vertex 2.25882 2.96593 1.6
      vertex 2 3 0
      vertex 2.25882 2.96593 0
    endloop
  endfacet
  facet normal 0.793355 -0.608759 0
    outer loop
      vertex 1.13397 2.5 1.6
      vertex 1.29289 2.70711 0
      vertex 1.29289 2.70711 1.6
    endloop
  endfacet
  facet normal 0.793355 -0.608759 0
    outer loop
      vertex 1.29289 2.70711 0
      vertex 1.13397 2.5 1.6
      vertex 1.13397 2.5 0
    endloop
  endfacet
  facet normal 0.608759 0.793355 -0
    outer loop
      vertex 1.5 1.13397 0
      vertex 1.29289 1.29289 1.6
      vertex 1.5 1.13397 1.6
    endloop
  endfacet
  facet normal 0.608759 0.793355 0
    outer loop
      vertex 1.29289 1.29289 1.6
      vertex 1.5 1.13397 0
      vertex 1.29289 1.29289 0
    endloop
  endfacet
  facet normal -0.608735 -0.793374 0
    outer loop
      vertex 2.5 2.86602 0
      vertex 2.70711 2.70711 1.6
      vertex 2.5 2.86602 1.6
    endloop
  endfacet
  facet normal -0.608735 -0.793374 -0
    outer loop
      vertex 2.70711 2.70711 1.6
      vertex 2.5 2.86602 0
      vertex 2.70711 2.70711 0
    endloop
  endfacet
  facet normal -0.382683 0.92388 0
    outer loop
      vertex 2.5 1.13397 0
      vertex 2.25882 1.03407 1.6
      vertex 2.5 1.13397 1.6
    endloop
  endfacet
  facet normal -0.382683 0.92388 0
    outer loop
      vertex 2.25882 1.03407 1.6
      vertex 2.5 1.13397 0
      vertex 2.25882 1.03407 0
    endloop
  endfacet
  facet normal 0.991447 -0.13051 0
    outer loop
      vertex 1 2 1.6
      vertex 1.03407 2.25882 0
      vertex 1.03407 2.25882 1.6
    endloop
  endfacet
  facet normal 0.991447 -0.13051 0
    outer loop
      vertex 1.03407 2.25882 0
      vertex 1 2 1.6
      vertex 1 2 0
    endloop
  endfacet
  facet normal 0.793355 0.608759 0
    outer loop
      vertex 1.29289 1.29289 1.6
      vertex 1.13397 1.5 0
      vertex 1.13397 1.5 1.6
    endloop
  endfacet
  facet normal 0.793355 0.608759 0
    outer loop
      vertex 1.13397 1.5 0
      vertex 1.29289 1.29289 1.6
      vertex 1.29289 1.29289 0
    endloop
  endfacet
  facet normal -0.13051 0.991447 0
    outer loop
      vertex 2.25882 1.03407 0
      vertex 2 1 1.6
      vertex 2.25882 1.03407 1.6
    endloop
  endfacet
  facet normal -0.13051 0.991447 0
    outer loop
      vertex 2 1 1.6
      vertex 2.25882 1.03407 0
      vertex 2 1 0
    endloop
  endfacet
  facet normal 0.92388 0.382683 0
    outer loop
      vertex 1.13397 1.5 1.6
      vertex 1.03407 1.74118 0
      vertex 1.03407 1.74118 1.6
    endloop
  endfacet
  facet normal 0.92388 0.382683 0
    outer loop
      vertex 1.03407 1.74118 0
      vertex 1.13397 1.5 1.6
      vertex 1.13397 1.5 0
    endloop
  endfacet
  facet normal 0.608735 -0.793374 0
    outer loop
      vertex 1.29289 2.70711 0
      vertex 1.5 2.86602 1.6
      vertex 1.29289 2.70711 1.6
    endloop
  endfacet
  facet normal 0.608735 -0.793374 0
    outer loop
      vertex 1.5 2.86602 1.6
      vertex 1.29289 2.70711 0
      vertex 1.5 2.86602 0
    endloop
  endfacet
  facet normal -0.923866 0.382716 0
    outer loop
      vertex 2.86602 1.5 0
      vertex 2.96593 1.74118 1.6
      vertex 2.96593 1.74118 0
    endloop
  endfacet
  facet normal -0.923866 0.382716 0
    outer loop
      vertex 2.96593 1.74118 1.6
      vertex 2.86602 1.5 0
      vertex 2.86602 1.5 1.6
    endloop
  endfacet
  facet normal -0.991447 0.13051 0
    outer loop
      vertex 2.96593 1.74118 0
      vertex 3 2 1.6
      vertex 3 2 0
    endloop
  endfacet
  facet normal -0.991447 0.13051 0
    outer loop
      vertex 3 2 1.6
      vertex 2.96593 1.74118 0
      vertex 2.96593 1.74118 1.6
    endloop
  endfacet
  facet normal 0.793341 0.608777 0
    outer loop
      vertex 1.29289 23.2929 1.6
      vertex 1.13397 23.5 0
      vertex 1.13397 23.5 1.6
    endloop
  endfacet
  facet normal 0.793341 0.608777 0
    outer loop
      vertex 1.13397 23.5 0
      vertex 1.29289 23.2929 1.6
      vertex 1.29289 23.2929 0
    endloop
  endfacet
  facet normal -0.923877 -0.382689 0
    outer loop
      vertex 2.96593 24.2588 0
      vertex 2.86602 24.5 1.6
      vertex 2.86602 24.5 0
    endloop
  endfacet
  facet normal -0.923877 -0.382689 0
    outer loop
      vertex 2.86602 24.5 1.6
      vertex 2.96593 24.2588 0
      vertex 2.96593 24.2588 1.6
    endloop
  endfacet
  facet normal -0.991446 -0.13052 0
    outer loop
      vertex 3 24 0
      vertex 2.96593 24.2588 1.6
      vertex 2.96593 24.2588 0
    endloop
  endfacet
  facet normal -0.991446 -0.13052 0
    outer loop
      vertex 2.96593 24.2588 1.6
      vertex 3 24 0
      vertex 3 24 1.6
    endloop
  endfacet
  facet normal 0.130623 -0.991432 0
    outer loop
      vertex 1.74118 24.9659 0
      vertex 2 25 1.6
      vertex 1.74118 24.9659 1.6
    endloop
  endfacet
  facet normal 0.130623 -0.991432 0
    outer loop
      vertex 2 25 1.6
      vertex 1.74118 24.9659 0
      vertex 2 25 0
    endloop
  endfacet
  facet normal -0.382683 -0.92388 0
    outer loop
      vertex 2.25882 24.9659 0
      vertex 2.5 24.866 1.6
      vertex 2.25882 24.9659 1.6
    endloop
  endfacet
  facet normal -0.382683 -0.92388 -0
    outer loop
      vertex 2.5 24.866 1.6
      vertex 2.25882 24.9659 0
      vertex 2.5 24.866 0
    endloop
  endfacet
  facet normal -0.79336 0.608753 0
    outer loop
      vertex 2.70711 23.2929 0
      vertex 2.86602 23.5 1.6
      vertex 2.86602 23.5 0
    endloop
  endfacet
  facet normal -0.79336 0.608753 0
    outer loop
      vertex 2.86602 23.5 1.6
      vertex 2.70711 23.2929 0
      vertex 2.70711 23.2929 1.6
    endloop
  endfacet
  facet normal 0.382683 -0.92388 0
    outer loop
      vertex 1.5 24.866 0
      vertex 1.74118 24.9659 1.6
      vertex 1.5 24.866 1.6
    endloop
  endfacet
  facet normal 0.382683 -0.92388 0
    outer loop
      vertex 1.74118 24.9659 1.6
      vertex 1.5 24.866 0
      vertex 1.74118 24.9659 0
    endloop
  endfacet
  facet normal -0.608711 0.793392 0
    outer loop
      vertex 2.70711 23.2929 0
      vertex 2.5 23.134 1.6
      vertex 2.70711 23.2929 1.6
    endloop
  endfacet
  facet normal -0.608711 0.793392 0
    outer loop
      vertex 2.5 23.134 1.6
      vertex 2.70711 23.2929 0
      vertex 2.5 23.134 0
    endloop
  endfacet
  facet normal 0.382683 0.92388 -0
    outer loop
      vertex 1.74118 23.0341 0
      vertex 1.5 23.134 1.6
      vertex 1.74118 23.0341 1.6
    endloop
  endfacet
  facet normal 0.382683 0.92388 0
    outer loop
      vertex 1.5 23.134 1.6
      vertex 1.74118 23.0341 0
      vertex 1.5 23.134 0
    endloop
  endfacet
  facet normal -0.991446 0.13052 0
    outer loop
      vertex 2.96593 23.7412 0
      vertex 3 24 1.6
      vertex 3 24 0
    endloop
  endfacet
  facet normal -0.991446 0.13052 0
    outer loop
      vertex 3 24 1.6
      vertex 2.96593 23.7412 0
      vertex 2.96593 23.7412 1.6
    endloop
  endfacet
  facet normal 0.793341 -0.608777 0
    outer loop
      vertex 1.13397 24.5 1.6
      vertex 1.29289 24.7071 0
      vertex 1.29289 24.7071 1.6
    endloop
  endfacet
  facet normal 0.793341 -0.608777 0
    outer loop
      vertex 1.29289 24.7071 0
      vertex 1.13397 24.5 1.6
      vertex 1.13397 24.5 0
    endloop
  endfacet
  facet normal 0.608711 -0.793392 0
    outer loop
      vertex 1.29289 24.7071 0
      vertex 1.5 24.866 1.6
      vertex 1.29289 24.7071 1.6
    endloop
  endfacet
  facet normal 0.608711 -0.793392 0
    outer loop
      vertex 1.5 24.866 1.6
      vertex 1.29289 24.7071 0
      vertex 1.5 24.866 0
    endloop
  endfacet
  facet normal 0.130623 0.991432 -0
    outer loop
      vertex 2 23 0
      vertex 1.74118 23.0341 1.6
      vertex 2 23 1.6
    endloop
  endfacet
  facet normal 0.130623 0.991432 0
    outer loop
      vertex 1.74118 23.0341 1.6
      vertex 2 23 0
      vertex 1.74118 23.0341 0
    endloop
  endfacet
  facet normal -0.130623 0.991432 0
    outer loop
      vertex 2.25882 23.0341 0
      vertex 2 23 1.6
      vertex 2.25882 23.0341 1.6
    endloop
  endfacet
  facet normal -0.130623 0.991432 0
    outer loop
      vertex 2 23 1.6
      vertex 2.25882 23.0341 0
      vertex 2 23 0
    endloop
  endfacet
  facet normal -0.382683 0.92388 0
    outer loop
      vertex 2.5 23.134 0
      vertex 2.25882 23.0341 1.6
      vertex 2.5 23.134 1.6
    endloop
  endfacet
  facet normal -0.382683 0.92388 0
    outer loop
      vertex 2.25882 23.0341 1.6
      vertex 2.5 23.134 0
      vertex 2.25882 23.0341 0
    endloop
  endfacet
  facet normal 0.608711 0.793392 -0
    outer loop
      vertex 1.5 23.134 0
      vertex 1.29289 23.2929 1.6
      vertex 1.5 23.134 1.6
    endloop
  endfacet
  facet normal 0.608711 0.793392 0
    outer loop
      vertex 1.29289 23.2929 1.6
      vertex 1.5 23.134 0
      vertex 1.29289 23.2929 0
    endloop
  endfacet
  facet normal 0.991446 -0.13052 0
    outer loop
      vertex 1 24 1.6
      vertex 1.03407 24.2588 0
      vertex 1.03407 24.2588 1.6
    endloop
  endfacet
  facet normal 0.991446 -0.13052 0
    outer loop
      vertex 1.03407 24.2588 0
      vertex 1 24 1.6
      vertex 1 24 0
    endloop
  endfacet
  facet normal 0.991446 0.13052 0
    outer loop
      vertex 1.03407 23.7412 1.6
      vertex 1 24 0
      vertex 1 24 1.6
    endloop
  endfacet
  facet normal 0.991446 0.13052 0
    outer loop
      vertex 1 24 0
      vertex 1.03407 23.7412 1.6
      vertex 1.03407 23.7412 0
    endloop
  endfacet
  facet normal 0.923891 -0.382656 0
    outer loop
      vertex 1.03407 24.2588 1.6
      vertex 1.13397 24.5 0
      vertex 1.13397 24.5 1.6
    endloop
  endfacet
  facet normal 0.923891 -0.382656 0
    outer loop
      vertex 1.13397 24.5 0
      vertex 1.03407 24.2588 1.6
      vertex 1.03407 24.2588 0
    endloop
  endfacet
  facet normal -0.608711 -0.793392 0
    outer loop
      vertex 2.5 24.866 0
      vertex 2.70711 24.7071 1.6
      vertex 2.5 24.866 1.6
    endloop
  endfacet
  facet normal -0.608711 -0.793392 -0
    outer loop
      vertex 2.70711 24.7071 1.6
      vertex 2.5 24.866 0
      vertex 2.70711 24.7071 0
    endloop
  endfacet
  facet normal -0.130623 -0.991432 0
    outer loop
      vertex 2 25 0
      vertex 2.25882 24.9659 1.6
      vertex 2 25 1.6
    endloop
  endfacet
  facet normal -0.130623 -0.991432 -0
    outer loop
      vertex 2.25882 24.9659 1.6
      vertex 2 25 0
      vertex 2.25882 24.9659 0
    endloop
  endfacet
  facet normal 0.923891 0.382656 0
    outer loop
      vertex 1.13397 23.5 1.6
      vertex 1.03407 23.7412 0
      vertex 1.03407 23.7412 1.6
    endloop
  endfacet
  facet normal 0.923891 0.382656 0
    outer loop
      vertex 1.03407 23.7412 0
      vertex 1.13397 23.5 1.6
      vertex 1.13397 23.5 0
    endloop
  endfacet
  facet normal -0.79336 -0.608753 0
    outer loop
      vertex 2.86602 24.5 0
      vertex 2.70711 24.7071 1.6
      vertex 2.70711 24.7071 0
    endloop
  endfacet
  facet normal -0.79336 -0.608753 0
    outer loop
      vertex 2.70711 24.7071 1.6
      vertex 2.86602 24.5 0
      vertex 2.86602 24.5 1.6
    endloop
  endfacet
  facet normal -0.923877 0.382689 0
    outer loop
      vertex 2.86602 23.5 0
      vertex 2.96593 23.7412 1.6
      vertex 2.96593 23.7412 0
    endloop
  endfacet
  facet normal -0.923877 0.382689 0
    outer loop
      vertex 2.96593 23.7412 1.6
      vertex 2.86602 23.5 0
      vertex 2.86602 23.5 1.6
    endloop
  endfacet
  facet normal 0.793392 0.608711 0
    outer loop
      vertex 48.2929 1.29289 1.6
      vertex 48.134 1.5 0
      vertex 48.134 1.5 1.6
    endloop
  endfacet
  facet normal 0.793392 0.608711 0
    outer loop
      vertex 48.134 1.5 0
      vertex 48.2929 1.29289 1.6
      vertex 48.2929 1.29289 0
    endloop
  endfacet
  facet normal -0.92388 -0.382683 0
    outer loop
      vertex 49.9659 2.25882 0
      vertex 49.866 2.5 1.6
      vertex 49.866 2.5 0
    endloop
  endfacet
  facet normal -0.92388 -0.382683 0
    outer loop
      vertex 49.866 2.5 1.6
      vertex 49.9659 2.25882 0
      vertex 49.9659 2.25882 1.6
    endloop
  endfacet
  facet normal -0.991432 -0.130623 0
    outer loop
      vertex 50 2 0
      vertex 49.9659 2.25882 1.6
      vertex 49.9659 2.25882 0
    endloop
  endfacet
  facet normal -0.991432 -0.130623 0
    outer loop
      vertex 49.9659 2.25882 1.6
      vertex 50 2 0
      vertex 50 2 1.6
    endloop
  endfacet
  facet normal 0.13052 -0.991446 0
    outer loop
      vertex 48.7412 2.96593 0
      vertex 49 3 1.6
      vertex 48.7412 2.96593 1.6
    endloop
  endfacet
  facet normal 0.13052 -0.991446 0
    outer loop
      vertex 49 3 1.6
      vertex 48.7412 2.96593 0
      vertex 49 3 0
    endloop
  endfacet
  facet normal -0.382689 -0.923877 0
    outer loop
      vertex 49.2588 2.96593 0
      vertex 49.5 2.86602 1.6
      vertex 49.2588 2.96593 1.6
    endloop
  endfacet
  facet normal -0.382689 -0.923877 -0
    outer loop
      vertex 49.5 2.86602 1.6
      vertex 49.2588 2.96593 0
      vertex 49.5 2.86602 0
    endloop
  endfacet
  facet normal -0.793392 0.608711 0
    outer loop
      vertex 49.7071 1.29289 0
      vertex 49.866 1.5 1.6
      vertex 49.866 1.5 0
    endloop
  endfacet
  facet normal -0.793392 0.608711 0
    outer loop
      vertex 49.866 1.5 1.6
      vertex 49.7071 1.29289 0
      vertex 49.7071 1.29289 1.6
    endloop
  endfacet
  facet normal 0.382689 -0.923877 0
    outer loop
      vertex 48.5 2.86602 0
      vertex 48.7412 2.96593 1.6
      vertex 48.5 2.86602 1.6
    endloop
  endfacet
  facet normal 0.382689 -0.923877 0
    outer loop
      vertex 48.7412 2.96593 1.6
      vertex 48.5 2.86602 0
      vertex 48.7412 2.96593 0
    endloop
  endfacet
  facet normal 0.991432 -0.130623 0
    outer loop
      vertex 48 2 1.6
      vertex 48.0341 2.25882 0
      vertex 48.0341 2.25882 1.6
    endloop
  endfacet
  facet normal 0.991432 -0.130623 0
    outer loop
      vertex 48.0341 2.25882 0
      vertex 48 2 1.6
      vertex 48 2 0
    endloop
  endfacet
  facet normal -0.608777 0.793341 0
    outer loop
      vertex 49.7071 1.29289 0
      vertex 49.5 1.13397 1.6
      vertex 49.7071 1.29289 1.6
    endloop
  endfacet
  facet normal -0.608777 0.793341 0
    outer loop
      vertex 49.5 1.13397 1.6
      vertex 49.7071 1.29289 0
      vertex 49.5 1.13397 0
    endloop
  endfacet
  facet normal 0.382656 0.923891 -0
    outer loop
      vertex 48.7412 1.03407 0
      vertex 48.5 1.13397 1.6
      vertex 48.7412 1.03407 1.6
    endloop
  endfacet
  facet normal 0.382656 0.923891 0
    outer loop
      vertex 48.5 1.13397 1.6
      vertex 48.7412 1.03407 0
      vertex 48.5 1.13397 0
    endloop
  endfacet
  facet normal -0.991432 0.130623 0
    outer loop
      vertex 49.9659 1.74118 0
      vertex 50 2 1.6
      vertex 50 2 0
    endloop
  endfacet
  facet normal -0.991432 0.130623 0
    outer loop
      vertex 50 2 1.6
      vertex 49.9659 1.74118 0
      vertex 49.9659 1.74118 1.6
    endloop
  endfacet
  facet normal 0.793392 -0.608711 0
    outer loop
      vertex 48.134 2.5 1.6
      vertex 48.2929 2.70711 0
      vertex 48.2929 2.70711 1.6
    endloop
  endfacet
  facet normal 0.793392 -0.608711 0
    outer loop
      vertex 48.2929 2.70711 0
      vertex 48.134 2.5 1.6
      vertex 48.134 2.5 0
    endloop
  endfacet
  facet normal 0.608753 -0.79336 0
    outer loop
      vertex 48.2929 2.70711 0
      vertex 48.5 2.86602 1.6
      vertex 48.2929 2.70711 1.6
    endloop
  endfacet
  facet normal 0.608753 -0.79336 0
    outer loop
      vertex 48.5 2.86602 1.6
      vertex 48.2929 2.70711 0
      vertex 48.5 2.86602 0
    endloop
  endfacet
  facet normal -0.382656 0.923891 0
    outer loop
      vertex 49.5 1.13397 0
      vertex 49.2588 1.03407 1.6
      vertex 49.5 1.13397 1.6
    endloop
  endfacet
  facet normal -0.382656 0.923891 0
    outer loop
      vertex 49.2588 1.03407 1.6
      vertex 49.5 1.13397 0
      vertex 49.2588 1.03407 0
    endloop
  endfacet
  facet normal 0.608777 0.793341 -0
    outer loop
      vertex 48.5 1.13397 0
      vertex 48.2929 1.29289 1.6
      vertex 48.5 1.13397 1.6
    endloop
  endfacet
  facet normal 0.608777 0.793341 0
    outer loop
      vertex 48.2929 1.29289 1.6
      vertex 48.5 1.13397 0
      vertex 48.2929 1.29289 0
    endloop
  endfacet
  facet normal 0.13052 0.991446 -0
    outer loop
      vertex 49 1 0
      vertex 48.7412 1.03407 1.6
      vertex 49 1 1.6
    endloop
  endfacet
  facet normal 0.13052 0.991446 0
    outer loop
      vertex 48.7412 1.03407 1.6
      vertex 49 1 0
      vertex 48.7412 1.03407 0
    endloop
  endfacet
  facet normal 0.92388 -0.382683 0
    outer loop
      vertex 48.0341 2.25882 1.6
      vertex 48.134 2.5 0
      vertex 48.134 2.5 1.6
    endloop
  endfacet
  facet normal 0.92388 -0.382683 0
    outer loop
      vertex 48.134 2.5 0
      vertex 48.0341 2.25882 1.6
      vertex 48.0341 2.25882 0
    endloop
  endfacet
  facet normal -0.793392 -0.608711 0
    outer loop
      vertex 49.866 2.5 0
      vertex 49.7071 2.70711 1.6
      vertex 49.7071 2.70711 0
    endloop
  endfacet
  facet normal -0.793392 -0.608711 0
    outer loop
      vertex 49.7071 2.70711 1.6
      vertex 49.866 2.5 0
      vertex 49.866 2.5 1.6
    endloop
  endfacet
  facet normal -0.608753 -0.79336 0
    outer loop
      vertex 49.5 2.86602 0
      vertex 49.7071 2.70711 1.6
      vertex 49.5 2.86602 1.6
    endloop
  endfacet
  facet normal -0.608753 -0.79336 -0
    outer loop
      vertex 49.7071 2.70711 1.6
      vertex 49.5 2.86602 0
      vertex 49.7071 2.70711 0
    endloop
  endfacet
  facet normal -0.13052 -0.991446 0
    outer loop
      vertex 49 3 0
      vertex 49.2588 2.96593 1.6
      vertex 49 3 1.6
    endloop
  endfacet
  facet normal -0.13052 -0.991446 -0
    outer loop
      vertex 49.2588 2.96593 1.6
      vertex 49 3 0
      vertex 49.2588 2.96593 0
    endloop
  endfacet
  facet normal 0.92388 0.382683 0
    outer loop
      vertex 48.134 1.5 1.6
      vertex 48.0341 1.74118 0
      vertex 48.0341 1.74118 1.6
    endloop
  endfacet
  facet normal 0.92388 0.382683 0
    outer loop
      vertex 48.0341 1.74118 0
      vertex 48.134 1.5 1.6
      vertex 48.134 1.5 0
    endloop
  endfacet
  facet normal -0.13052 0.991446 0
    outer loop
      vertex 49.2588 1.03407 0
      vertex 49 1 1.6
      vertex 49.2588 1.03407 1.6
    endloop
  endfacet
  facet normal -0.13052 0.991446 0
    outer loop
      vertex 49 1 1.6
      vertex 49.2588 1.03407 0
      vertex 49 1 0
    endloop
  endfacet
  facet normal 0.991432 0.130623 0
    outer loop
      vertex 48.0341 1.74118 1.6
      vertex 48 2 0
      vertex 48 2 1.6
    endloop
  endfacet
  facet normal 0.991432 0.130623 0
    outer loop
      vertex 48 2 0
      vertex 48.0341 1.74118 1.6
      vertex 48.0341 1.74118 0
    endloop
  endfacet
  facet normal -0.92388 0.382683 0
    outer loop
      vertex 49.866 1.5 0
      vertex 49.9659 1.74118 1.6
      vertex 49.9659 1.74118 0
    endloop
  endfacet
  facet normal -0.92388 0.382683 0
    outer loop
      vertex 49.9659 1.74118 1.6
      vertex 49.866 1.5 0
      vertex 49.866 1.5 1.6
    endloop
  endfacet
  facet normal 0.793378 0.608729 0
    outer loop
      vertex 48.2929 23.2929 1.6
      vertex 48.134 23.5 0
      vertex 48.134 23.5 1.6
    endloop
  endfacet
  facet normal 0.793378 0.608729 0
    outer loop
      vertex 48.134 23.5 0
      vertex 48.2929 23.2929 1.6
      vertex 48.2929 23.2929 0
    endloop
  endfacet
  facet normal -0.923891 -0.382656 0
    outer loop
      vertex 49.9659 24.2588 0
      vertex 49.866 24.5 1.6
      vertex 49.866 24.5 0
    endloop
  endfacet
  facet normal -0.923891 -0.382656 0
    outer loop
      vertex 49.866 24.5 1.6
      vertex 49.9659 24.2588 0
      vertex 49.9659 24.2588 1.6
    endloop
  endfacet
  facet normal -0.991431 -0.130633 0
    outer loop
      vertex 50 24 0
      vertex 49.9659 24.2588 1.6
      vertex 49.9659 24.2588 0
    endloop
  endfacet
  facet normal -0.991431 -0.130633 0
    outer loop
      vertex 49.9659 24.2588 1.6
      vertex 50 24 0
      vertex 50 24 1.6
    endloop
  endfacet
  facet normal 0.130633 -0.991431 0
    outer loop
      vertex 48.7412 24.9659 0
      vertex 49 25 1.6
      vertex 48.7412 24.9659 1.6
    endloop
  endfacet
  facet normal 0.130633 -0.991431 0
    outer loop
      vertex 49 25 1.6
      vertex 48.7412 24.9659 0
      vertex 49 25 0
    endloop
  endfacet
  facet normal -0.382656 -0.923891 0
    outer loop
      vertex 49.2588 24.9659 0
      vertex 49.5 24.866 1.6
      vertex 49.2588 24.9659 1.6
    endloop
  endfacet
  facet normal -0.382656 -0.923891 -0
    outer loop
      vertex 49.5 24.866 1.6
      vertex 49.2588 24.9659 0
      vertex 49.5 24.866 0
    endloop
  endfacet
  facet normal -0.793378 0.608729 0
    outer loop
      vertex 49.7071 23.2929 0
      vertex 49.866 23.5 1.6
      vertex 49.866 23.5 0
    endloop
  endfacet
  facet normal -0.793378 0.608729 0
    outer loop
      vertex 49.866 23.5 1.6
      vertex 49.7071 23.2929 0
      vertex 49.7071 23.2929 1.6
    endloop
  endfacet
  facet normal 0.382656 -0.923891 0
    outer loop
      vertex 48.5 24.866 0
      vertex 48.7412 24.9659 1.6
      vertex 48.5 24.866 1.6
    endloop
  endfacet
  facet normal 0.382656 -0.923891 0
    outer loop
      vertex 48.7412 24.9659 1.6
      vertex 48.5 24.866 0
      vertex 48.7412 24.9659 0
    endloop
  endfacet
  facet normal -0.608729 0.793378 0
    outer loop
      vertex 49.7071 23.2929 0
      vertex 49.5 23.134 1.6
      vertex 49.7071 23.2929 1.6
    endloop
  endfacet
  facet normal -0.608729 0.793378 0
    outer loop
      vertex 49.5 23.134 1.6
      vertex 49.7071 23.2929 0
      vertex 49.5 23.134 0
    endloop
  endfacet
  facet normal 0.382656 0.923891 -0
    outer loop
      vertex 48.7412 23.0341 0
      vertex 48.5 23.134 1.6
      vertex 48.7412 23.0341 1.6
    endloop
  endfacet
  facet normal 0.382656 0.923891 0
    outer loop
      vertex 48.5 23.134 1.6
      vertex 48.7412 23.0341 0
      vertex 48.5 23.134 0
    endloop
  endfacet
  facet normal -0.991431 0.130633 0
    outer loop
      vertex 49.9659 23.7412 0
      vertex 50 24 1.6
      vertex 50 24 0
    endloop
  endfacet
  facet normal -0.991431 0.130633 0
    outer loop
      vertex 50 24 1.6
      vertex 49.9659 23.7412 0
      vertex 49.9659 23.7412 1.6
    endloop
  endfacet
  facet normal 0.793378 -0.608729 0
    outer loop
      vertex 48.134 24.5 1.6
      vertex 48.2929 24.7071 0
      vertex 48.2929 24.7071 1.6
    endloop
  endfacet
  facet normal 0.793378 -0.608729 0
    outer loop
      vertex 48.2929 24.7071 0
      vertex 48.134 24.5 1.6
      vertex 48.134 24.5 0
    endloop
  endfacet
  facet normal 0.608729 -0.793378 0
    outer loop
      vertex 48.2929 24.7071 0
      vertex 48.5 24.866 1.6
      vertex 48.2929 24.7071 1.6
    endloop
  endfacet
  facet normal 0.608729 -0.793378 0
    outer loop
      vertex 48.5 24.866 1.6
      vertex 48.2929 24.7071 0
      vertex 48.5 24.866 0
    endloop
  endfacet
  facet normal 0.130633 0.991431 -0
    outer loop
      vertex 49 23 0
      vertex 48.7412 23.0341 1.6
      vertex 49 23 1.6
    endloop
  endfacet
  facet normal 0.130633 0.991431 0
    outer loop
      vertex 48.7412 23.0341 1.6
      vertex 49 23 0
      vertex 48.7412 23.0341 0
    endloop
  endfacet
  facet normal -0.130633 0.991431 0
    outer loop
      vertex 49.2588 23.0341 0
      vertex 49 23 1.6
      vertex 49.2588 23.0341 1.6
    endloop
  endfacet
  facet normal -0.130633 0.991431 0
    outer loop
      vertex 49 23 1.6
      vertex 49.2588 23.0341 0
      vertex 49 23 0
    endloop
  endfacet
  facet normal -0.382656 0.923891 0
    outer loop
      vertex 49.5 23.134 0
      vertex 49.2588 23.0341 1.6
      vertex 49.5 23.134 1.6
    endloop
  endfacet
  facet normal -0.382656 0.923891 0
    outer loop
      vertex 49.2588 23.0341 1.6
      vertex 49.5 23.134 0
      vertex 49.2588 23.0341 0
    endloop
  endfacet
  facet normal 0.608729 0.793378 -0
    outer loop
      vertex 48.5 23.134 0
      vertex 48.2929 23.2929 1.6
      vertex 48.5 23.134 1.6
    endloop
  endfacet
  facet normal 0.608729 0.793378 0
    outer loop
      vertex 48.2929 23.2929 1.6
      vertex 48.5 23.134 0
      vertex 48.2929 23.2929 0
    endloop
  endfacet
  facet normal 0.991431 -0.130633 0
    outer loop
      vertex 48 24 1.6
      vertex 48.0341 24.2588 0
      vertex 48.0341 24.2588 1.6
    endloop
  endfacet
  facet normal 0.991431 -0.130633 0
    outer loop
      vertex 48.0341 24.2588 0
      vertex 48 24 1.6
      vertex 48 24 0
    endloop
  endfacet
  facet normal 0.991431 0.130633 0
    outer loop
      vertex 48.0341 23.7412 1.6
      vertex 48 24 0
      vertex 48 24 1.6
    endloop
  endfacet
  facet normal 0.991431 0.130633 0
    outer loop
      vertex 48 24 0
      vertex 48.0341 23.7412 1.6
      vertex 48.0341 23.7412 0
    endloop
  endfacet
  facet normal 0.923891 -0.382656 0
    outer loop
      vertex 48.0341 24.2588 1.6
      vertex 48.134 24.5 0
      vertex 48.134 24.5 1.6
    endloop
  endfacet
  facet normal 0.923891 -0.382656 0
    outer loop
      vertex 48.134 24.5 0
      vertex 48.0341 24.2588 1.6
      vertex 48.0341 24.2588 0
    endloop
  endfacet
  facet normal -0.608729 -0.793378 0
    outer loop
      vertex 49.5 24.866 0
      vertex 49.7071 24.7071 1.6
      vertex 49.5 24.866 1.6
    endloop
  endfacet
  facet normal -0.608729 -0.793378 -0
    outer loop
      vertex 49.7071 24.7071 1.6
      vertex 49.5 24.866 0
      vertex 49.7071 24.7071 0
    endloop
  endfacet
  facet normal -0.130633 -0.991431 0
    outer loop
      vertex 49 25 0
      vertex 49.2588 24.9659 1.6
      vertex 49 25 1.6
    endloop
  endfacet
  facet normal -0.130633 -0.991431 -0
    outer loop
      vertex 49.2588 24.9659 1.6
      vertex 49 25 0
      vertex 49.2588 24.9659 0
    endloop
  endfacet
  facet normal 0.923891 0.382656 0
    outer loop
      vertex 48.134 23.5 1.6
      vertex 48.0341 23.7412 0
      vertex 48.0341 23.7412 1.6
    endloop
  endfacet
  facet normal 0.923891 0.382656 0
    outer loop
      vertex 48.0341 23.7412 0
      vertex 48.134 23.5 1.6
      vertex 48.134 23.5 0
    endloop
  endfacet
  facet normal -0.793378 -0.608729 0
    outer loop
      vertex 49.866 24.5 0
      vertex 49.7071 24.7071 1.6
      vertex 49.7071 24.7071 0
    endloop
  endfacet
  facet normal -0.793378 -0.608729 0
    outer loop
      vertex 49.7071 24.7071 1.6
      vertex 49.866 24.5 0
      vertex 49.866 24.5 1.6
    endloop
  endfacet
  facet normal -0.923891 0.382656 0
    outer loop
      vertex 49.866 23.5 0
      vertex 49.9659 23.7412 1.6
      vertex 49.9659 23.7412 0
    endloop
  endfacet
  facet normal -0.923891 0.382656 0
    outer loop
      vertex 49.9659 23.7412 1.6
      vertex 49.866 23.5 0
      vertex 49.866 23.5 1.6
    endloop
  endfacet
  facet normal -0.642573 0.766224 0
    outer loop
      vertex 6.14472 23.7107 0
      vertex 6.025 23.6103 1.6
      vertex 6.14472 23.7107 1.6
    endloop
  endfacet
  facet normal -0.642573 0.766224 0
    outer loop
      vertex 6.025 23.6103 1.6
      vertex 6.14472 23.7107 0
      vertex 6.025 23.6103 0
    endloop
  endfacet
  facet normal -0.866117 -0.499841 0
    outer loop
      vertex 6.22286 24.1539 0
      vertex 6.14472 24.2893 1.6
      vertex 6.14472 24.2893 0
    endloop
  endfacet
  facet normal -0.866117 -0.499841 0
    outer loop
      vertex 6.14472 24.2893 1.6
      vertex 6.22286 24.1539 0
      vertex 6.22286 24.1539 1.6
    endloop
  endfacet
  facet normal -0.984804 -0.173669 0
    outer loop
      vertex 6.25 24 0
      vertex 6.22286 24.1539 1.6
      vertex 6.22286 24.1539 0
    endloop
  endfacet
  facet normal -0.984804 -0.173669 0
    outer loop
      vertex 6.22286 24.1539 1.6
      vertex 6.25 24 0
      vertex 6.25 24 1.6
    endloop
  endfacet
  facet normal -0.642573 -0.766224 0
    outer loop
      vertex 6.025 24.3897 0
      vertex 6.14472 24.2893 1.6
      vertex 6.025 24.3897 1.6
    endloop
  endfacet
  facet normal -0.642573 -0.766224 -0
    outer loop
      vertex 6.14472 24.2893 1.6
      vertex 6.025 24.3897 0
      vertex 6.14472 24.2893 0
    endloop
  endfacet
  facet normal -0.342288 -0.939595 0
    outer loop
      vertex 5.87814 24.4432 0
      vertex 6.025 24.3897 1.6
      vertex 5.87814 24.4432 1.6
    endloop
  endfacet
  facet normal -0.342288 -0.939595 -0
    outer loop
      vertex 6.025 24.3897 1.6
      vertex 5.87814 24.4432 0
      vertex 6.025 24.3897 0
    endloop
  endfacet
  facet normal -0.984804 0.173669 0
    outer loop
      vertex 6.22286 23.8461 0
      vertex 6.25 24 1.6
      vertex 6.25 24 0
    endloop
  endfacet
  facet normal -0.984804 0.173669 0
    outer loop
      vertex 6.25 24 1.6
      vertex 6.22286 23.8461 0
      vertex 6.22286 23.8461 1.6
    endloop
  endfacet
  facet normal 0 -1 0
    outer loop
      vertex 5.72186 24.4432 0
      vertex 5.87814 24.4432 1.6
      vertex 5.72186 24.4432 1.6
    endloop
  endfacet
  facet normal 0 -1 -0
    outer loop
      vertex 5.87814 24.4432 1.6
      vertex 5.72186 24.4432 0
      vertex 5.87814 24.4432 0
    endloop
  endfacet
  facet normal 0 1 -0
    outer loop
      vertex 5.87814 23.5568 0
      vertex 5.72186 23.5568 1.6
      vertex 5.87814 23.5568 1.6
    endloop
  endfacet
  facet normal 0 1 0
    outer loop
      vertex 5.72186 23.5568 1.6
      vertex 5.87814 23.5568 0
      vertex 5.72186 23.5568 0
    endloop
  endfacet
  facet normal -0.866117 0.499841 0
    outer loop
      vertex 6.14472 23.7107 0
      vertex 6.22286 23.8461 1.6
      vertex 6.22286 23.8461 0
    endloop
  endfacet
  facet normal -0.866117 0.499841 0
    outer loop
      vertex 6.22286 23.8461 1.6
      vertex 6.14472 23.7107 0
      vertex 6.14472 23.7107 1.6
    endloop
  endfacet
  facet normal 0.984804 0.173669 0
    outer loop
      vertex 5.37714 23.8461 1.6
      vertex 5.35 24 0
      vertex 5.35 24 1.6
    endloop
  endfacet
  facet normal 0.984804 0.173669 0
    outer loop
      vertex 5.35 24 0
      vertex 5.37714 23.8461 1.6
      vertex 5.37714 23.8461 0
    endloop
  endfacet
  facet normal 0.642573 -0.766224 0
    outer loop
      vertex 5.45528 24.2893 0
      vertex 5.575 24.3897 1.6
      vertex 5.45528 24.2893 1.6
    endloop
  endfacet
  facet normal 0.642573 -0.766224 0
    outer loop
      vertex 5.575 24.3897 1.6
      vertex 5.45528 24.2893 0
      vertex 5.575 24.3897 0
    endloop
  endfacet
  facet normal 0.984804 -0.173669 0
    outer loop
      vertex 5.35 24 1.6
      vertex 5.37714 24.1539 0
      vertex 5.37714 24.1539 1.6
    endloop
  endfacet
  facet normal 0.984804 -0.173669 0
    outer loop
      vertex 5.37714 24.1539 0
      vertex 5.35 24 1.6
      vertex 5.35 24 0
    endloop
  endfacet
  facet normal 0.866117 0.499841 0
    outer loop
      vertex 5.45528 23.7107 1.6
      vertex 5.37714 23.8461 0
      vertex 5.37714 23.8461 1.6
    endloop
  endfacet
  facet normal 0.866117 0.499841 0
    outer loop
      vertex 5.37714 23.8461 0
      vertex 5.45528 23.7107 1.6
      vertex 5.45528 23.7107 0
    endloop
  endfacet
  facet normal 0.866117 -0.499841 0
    outer loop
      vertex 5.37714 24.1539 1.6
      vertex 5.45528 24.2893 0
      vertex 5.45528 24.2893 1.6
    endloop
  endfacet
  facet normal 0.866117 -0.499841 0
    outer loop
      vertex 5.45528 24.2893 0
      vertex 5.37714 24.1539 1.6
      vertex 5.37714 24.1539 0
    endloop
  endfacet
  facet normal 0.642573 0.766224 -0
    outer loop
      vertex 5.575 23.6103 0
      vertex 5.45528 23.7107 1.6
      vertex 5.575 23.6103 1.6
    endloop
  endfacet
  facet normal 0.642573 0.766224 0
    outer loop
      vertex 5.45528 23.7107 1.6
      vertex 5.575 23.6103 0
      vertex 5.45528 23.7107 0
    endloop
  endfacet
  facet normal 0.342288 -0.939595 0
    outer loop
      vertex 5.575 24.3897 0
      vertex 5.72186 24.4432 1.6
      vertex 5.575 24.3897 1.6
    endloop
  endfacet
  facet normal 0.342288 -0.939595 0
    outer loop
      vertex 5.72186 24.4432 1.6
      vertex 5.575 24.3897 0
      vertex 5.72186 24.4432 0
    endloop
  endfacet
  facet normal -0.342288 0.939595 0
    outer loop
      vertex 6.025 23.6103 0
      vertex 5.87814 23.5568 1.6
      vertex 6.025 23.6103 1.6
    endloop
  endfacet
  facet normal -0.342288 0.939595 0
    outer loop
      vertex 5.87814 23.5568 1.6
      vertex 6.025 23.6103 0
      vertex 5.87814 23.5568 0
    endloop
  endfacet
  facet normal 0.342288 0.939595 -0
    outer loop
      vertex 5.72186 23.5568 0
      vertex 5.575 23.6103 1.6
      vertex 5.72186 23.5568 1.6
    endloop
  endfacet
  facet normal 0.342288 0.939595 0
    outer loop
      vertex 5.575 23.6103 1.6
      vertex 5.72186 23.5568 0
      vertex 5.575 23.6103 0
    endloop
  endfacet
  facet normal -0.866117 0.499841 0
    outer loop
      vertex 8.74472 23.7107 0
      vertex 8.82286 23.8461 1.6
      vertex 8.82286 23.8461 0
    endloop
  endfacet
  facet normal -0.866117 0.499841 0
    outer loop
      vertex 8.82286 23.8461 1.6
      vertex 8.74472 23.7107 0
      vertex 8.74472 23.7107 1.6
    endloop
  endfacet
  facet normal -0.866117 -0.499841 0
    outer loop
      vertex 8.82286 24.1539 0
      vertex 8.74472 24.2893 1.6
      vertex 8.74472 24.2893 0
    endloop
  endfacet
  facet normal -0.866117 -0.499841 0
    outer loop
      vertex 8.74472 24.2893 1.6
      vertex 8.82286 24.1539 0
      vertex 8.82286 24.1539 1.6
    endloop
  endfacet
  facet normal -0.984804 -0.173669 0
    outer loop
      vertex 8.85 24 0
      vertex 8.82286 24.1539 1.6
      vertex 8.82286 24.1539 0
    endloop
  endfacet
  facet normal -0.984804 -0.173669 0
    outer loop
      vertex 8.82286 24.1539 1.6
      vertex 8.85 24 0
      vertex 8.85 24 1.6
    endloop
  endfacet
  facet normal -0.642573 -0.766224 0
    outer loop
      vertex 8.625 24.3897 0
      vertex 8.74472 24.2893 1.6
      vertex 8.625 24.3897 1.6
    endloop
  endfacet
  facet normal -0.642573 -0.766224 -0
    outer loop
      vertex 8.74472 24.2893 1.6
      vertex 8.625 24.3897 0
      vertex 8.74472 24.2893 0
    endloop
  endfacet
  facet normal 0.984804 -0.173669 0
    outer loop
      vertex 7.95 24 1.6
      vertex 7.97714 24.1539 0
      vertex 7.97714 24.1539 1.6
    endloop
  endfacet
  facet normal 0.984804 -0.173669 0
    outer loop
      vertex 7.97714 24.1539 0
      vertex 7.95 24 1.6
      vertex 7.95 24 0
    endloop
  endfacet
  facet normal 0.866117 -0.499841 0
    outer loop
      vertex 7.97714 24.1539 1.6
      vertex 8.05528 24.2893 0
      vertex 8.05528 24.2893 1.6
    endloop
  endfacet
  facet normal 0.866117 -0.499841 0
    outer loop
      vertex 8.05528 24.2893 0
      vertex 7.97714 24.1539 1.6
      vertex 7.97714 24.1539 0
    endloop
  endfacet
  facet normal 0.866117 0.499841 0
    outer loop
      vertex 8.05528 23.7107 1.6
      vertex 7.97714 23.8461 0
      vertex 7.97714 23.8461 1.6
    endloop
  endfacet
  facet normal 0.866117 0.499841 0
    outer loop
      vertex 7.97714 23.8461 0
      vertex 8.05528 23.7107 1.6
      vertex 8.05528 23.7107 0
    endloop
  endfacet
  facet normal -0.342288 -0.939595 0
    outer loop
      vertex 8.47814 24.4432 0
      vertex 8.625 24.3897 1.6
      vertex 8.47814 24.4432 1.6
    endloop
  endfacet
  facet normal -0.342288 -0.939595 -0
    outer loop
      vertex 8.625 24.3897 1.6
      vertex 8.47814 24.4432 0
      vertex 8.625 24.3897 0
    endloop
  endfacet
  facet normal -0.642573 0.766224 0
    outer loop
      vertex 8.74472 23.7107 0
      vertex 8.625 23.6103 1.6
      vertex 8.74472 23.7107 1.6
    endloop
  endfacet
  facet normal -0.642573 0.766224 0
    outer loop
      vertex 8.625 23.6103 1.6
      vertex 8.74472 23.7107 0
      vertex 8.625 23.6103 0
    endloop
  endfacet
  facet normal -0.984804 0.173669 0
    outer loop
      vertex 8.82286 23.8461 0
      vertex 8.85 24 1.6
      vertex 8.85 24 0
    endloop
  endfacet
  facet normal -0.984804 0.173669 0
    outer loop
      vertex 8.85 24 1.6
      vertex 8.82286 23.8461 0
      vertex 8.82286 23.8461 1.6
    endloop
  endfacet
  facet normal 0 -1 0
    outer loop
      vertex 8.32186 24.4432 0
      vertex 8.47814 24.4432 1.6
      vertex 8.32186 24.4432 1.6
    endloop
  endfacet
  facet normal 0 -1 -0
    outer loop
      vertex 8.47814 24.4432 1.6
      vertex 8.32186 24.4432 0
      vertex 8.47814 24.4432 0
    endloop
  endfacet
  facet normal 0 1 -0
    outer loop
      vertex 8.47814 23.5568 0
      vertex 8.32186 23.5568 1.6
      vertex 8.47814 23.5568 1.6
    endloop
  endfacet
  facet normal 0 1 0
    outer loop
      vertex 8.32186 23.5568 1.6
      vertex 8.47814 23.5568 0
      vertex 8.32186 23.5568 0
    endloop
  endfacet
  facet normal 0.984804 0.173669 0
    outer loop
      vertex 7.97714 23.8461 1.6
      vertex 7.95 24 0
      vertex 7.95 24 1.6
    endloop
  endfacet
  facet normal 0.984804 0.173669 0
    outer loop
      vertex 7.95 24 0
      vertex 7.97714 23.8461 1.6
      vertex 7.97714 23.8461 0
    endloop
  endfacet
  facet normal -0.342288 0.939595 0
    outer loop
      vertex 8.625 23.6103 0
      vertex 8.47814 23.5568 1.6
      vertex 8.625 23.6103 1.6
    endloop
  endfacet
  facet normal -0.342288 0.939595 0
    outer loop
      vertex 8.47814 23.5568 1.6
      vertex 8.625 23.6103 0
      vertex 8.47814 23.5568 0
    endloop
  endfacet
  facet normal 0.642573 -0.766224 0
    outer loop
      vertex 8.05528 24.2893 0
      vertex 8.175 24.3897 1.6
      vertex 8.05528 24.2893 1.6
    endloop
  endfacet
  facet normal 0.642573 -0.766224 0
    outer loop
      vertex 8.175 24.3897 1.6
      vertex 8.05528 24.2893 0
      vertex 8.175 24.3897 0
    endloop
  endfacet
  facet normal 0.342288 -0.939595 0
    outer loop
      vertex 8.175 24.3897 0
      vertex 8.32186 24.4432 1.6
      vertex 8.175 24.3897 1.6
    endloop
  endfacet
  facet normal 0.342288 -0.939595 0
    outer loop
      vertex 8.32186 24.4432 1.6
      vertex 8.175 24.3897 0
      vertex 8.32186 24.4432 0
    endloop
  endfacet
  facet normal 0.642573 0.766224 -0
    outer loop
      vertex 8.175 23.6103 0
      vertex 8.05528 23.7107 1.6
      vertex 8.175 23.6103 1.6
    endloop
  endfacet
  facet normal 0.642573 0.766224 0
    outer loop
      vertex 8.05528 23.7107 1.6
      vertex 8.175 23.6103 0
      vertex 8.05528 23.7107 0
    endloop
  endfacet
  facet normal 0.342288 0.939595 -0
    outer loop
      vertex 8.32186 23.5568 0
      vertex 8.175 23.6103 1.6
      vertex 8.32186 23.5568 1.6
    endloop
  endfacet
  facet normal 0.342288 0.939595 0
    outer loop
      vertex 8.175 23.6103 1.6
      vertex 8.32186 23.5568 0
      vertex 8.175 23.6103 0
    endloop
  endfacet
  facet normal 1 -0 0
    outer loop
      vertex 51 0 1.6
      vertex 51 26 0
      vertex 51 26 1.6
    endloop
  endfacet
  facet normal 1 0 0
    outer loop
      vertex 51 26 0
      vertex 51 0 1.6
      vertex 51 0 0
    endloop
  endfacet
  facet normal -0 0 1
    outer loop
      vertex 8.47814 23.5568 1.6
      vertex 8.5 22.5 1.6
      vertex 8.625 23.6103 1.6
    endloop
  endfacet
  facet normal -0 0 1
    outer loop
      vertex 8.32186 23.5568 1.6
      vertex 8.5 22.5 1.6
      vertex 8.47814 23.5568 1.6
    endloop
  endfacet
  facet normal 0 0 1
    outer loop
      vertex 8.175 23.6103 1.6
      vertex 8.5 22.5 1.6
      vertex 8.32186 23.5568 1.6
    endloop
  endfacet
  facet normal 0 0 1
    outer loop
      vertex 8.05528 23.7107 1.6
      vertex 8.5 22.5 1.6
      vertex 8.175 23.6103 1.6
    endloop
  endfacet
  facet normal 0 0 1
    outer loop
      vertex 6.14472 23.7107 1.6
      vertex 8.05528 23.7107 1.6
      vertex 7.97714 23.8461 1.6
    endloop
  endfacet
  facet normal -0 0 1
    outer loop
      vertex 6.25 24 1.6
      vertex 7.97714 23.8461 1.6
      vertex 7.95 24 1.6
    endloop
  endfacet
  facet normal 0 0 1
    outer loop
      vertex 6.22286 23.8461 1.6
      vertex 7.97714 23.8461 1.6
      vertex 6.25 24 1.6
    endloop
  endfacet
  facet normal 0 0 1
    outer loop
      vertex 6.14472 23.7107 1.6
      vertex 7.97714 23.8461 1.6
      vertex 6.22286 23.8461 1.6
    endloop
  endfacet
  facet normal 0 0 1
    outer loop
      vertex 8.05528 23.7107 1.6
      vertex 6.14472 23.7107 1.6
      vertex 8.5 22.5 1.6
    endloop
  endfacet
  facet normal -0 0 1
    outer loop
      vertex 6.025 23.6103 1.6
      vertex 8.5 22.5 1.6
      vertex 6.14472 23.7107 1.6
    endloop
  endfacet
  facet normal -0 0 1
    outer loop
      vertex 5.87814 23.5568 1.6
      vertex 8.5 22.5 1.6
      vertex 6.025 23.6103 1.6
    endloop
  endfacet
  facet normal -0 0 1
    outer loop
      vertex 5.72186 23.5568 1.6
      vertex 8.5 22.5 1.6
      vertex 5.87814 23.5568 1.6
    endloop
  endfacet
  facet normal 0 0 1
    outer loop
      vertex 2.5 23.134 1.6
      vertex 5.72186 23.5568 1.6
      vertex 5.575 23.6103 1.6
    endloop
  endfacet
  facet normal -0 0 1
    outer loop
      vertex 3 24 1.6
      vertex 5.37714 23.8461 1.6
      vertex 5.35 24 1.6
    endloop
  endfacet
  facet normal 0 0 1
    outer loop
      vertex 2.96593 23.7412 1.6
      vertex 5.37714 23.8461 1.6
      vertex 3 24 1.6
    endloop
  endfacet
  facet normal 0 0 1
    outer loop
      vertex 5.37714 23.8461 1.6
      vertex 2.96593 23.7412 1.6
      vertex 5.45528 23.7107 1.6
    endloop
  endfacet
  facet normal 0 0 1
    outer loop
      vertex 2.86602 23.5 1.6
      vertex 5.45528 23.7107 1.6
      vertex 2.96593 23.7412 1.6
    endloop
  endfacet
  facet normal 0 0 1
    outer loop
      vertex 2.70711 23.2929 1.6
      vertex 5.45528 23.7107 1.6
      vertex 2.86602 23.5 1.6
    endloop
  endfacet
  facet normal 0 0 1
    outer loop
      vertex 5.45528 23.7107 1.6
      vertex 2.70711 23.2929 1.6
      vertex 5.575 23.6103 1.6
    endloop
  endfacet
  facet normal 0 0 1
    outer loop
      vertex 2.5 23.134 1.6
      vertex 5.575 23.6103 1.6
      vertex 2.70711 23.2929 1.6
    endloop
  endfacet
  facet normal 0 0 1
    outer loop
      vertex 5.72186 23.5568 1.6
      vertex 2.5 23.134 1.6
      vertex 8.5 22.5 1.6
    endloop
  endfacet
  facet normal -0 0 1
    outer loop
      vertex 2.25882 23.0341 1.6
      vertex 8.5 22.5 1.6
      vertex 2.5 23.134 1.6
    endloop
  endfacet
  facet normal 0 0 1
    outer loop
      vertex 0.9 22.5 1.6
      vertex 2.25882 23.0341 1.6
      vertex 2 23 1.6
    endloop
  endfacet
  facet normal 0 0 1
    outer loop
      vertex 2.25882 23.0341 1.6
      vertex 0.9 22.5 1.6
      vertex 8.5 22.5 1.6
    endloop
  endfacet
  facet normal 0 0 1
    outer loop
      vertex 1.74118 23.0341 1.6
      vertex 0.9 22.5 1.6
      vertex 2 23 1.6
    endloop
  endfacet
  facet normal 0 0 1
    outer loop
      vertex 1.5 23.134 1.6
      vertex 0.9 22.5 1.6
      vertex 1.74118 23.0341 1.6
    endloop
  endfacet
  facet normal 0 0 1
    outer loop
      vertex 1.29289 23.2929 1.6
      vertex 0.9 22.5 1.6
      vertex 1.5 23.134 1.6
    endloop
  endfacet
  facet normal 0 0 1
    outer loop
      vertex 1.13397 23.5 1.6
      vertex 0.9 22.5 1.6
      vertex 1.29289 23.2929 1.6
    endloop
  endfacet
  facet normal 0 0 1
    outer loop
      vertex 1.03407 23.7412 1.6
      vertex 0.9 22.5 1.6
      vertex 1.13397 23.5 1.6
    endloop
  endfacet
  facet normal 0 0 1
    outer loop
      vertex 0.9 22.5 1.6
      vertex 1.03407 23.7412 1.6
      vertex 1 24 1.6
    endloop
  endfacet
  facet normal 0 0 1
    outer loop
      vertex 12.0779 10.0573 1.6
      vertex 16.1 12 1.6
      vertex 16.1 12.2 1.6
    endloop
  endfacet
  facet normal 0 0 1
    outer loop
      vertex 15 9.15 1.6
      vertex 14.3 5.9 1.6
      vertex 15 1 1.6
    endloop
  endfacet
  facet normal 0 0 1
    outer loop
      vertex 15 9.15 1.6
      vertex 14.2039 6.87545 1.6
      vertex 14.3 5.9 1.6
    endloop
  endfacet
  facet normal 0 0 1
    outer loop
      vertex 15 9.15 1.6
      vertex 13.9194 7.81342 1.6
      vertex 14.2039 6.87545 1.6
    endloop
  endfacet
  facet normal 0 0 1
    outer loop
      vertex 16.1 12 1.6
      vertex 12.8355 9.43553 1.6
      vertex 15 9.15 1.6
    endloop
  endfacet
  facet normal 0 0 1
    outer loop
      vertex 15 9.15 1.6
      vertex 13.4573 8.67785 1.6
      vertex 13.9194 7.81342 1.6
    endloop
  endfacet
  facet normal 0 0 1
    outer loop
      vertex 15 9.15 1.6
      vertex 12.8355 9.43553 1.6
      vertex 13.4573 8.67785 1.6
    endloop
  endfacet
  facet normal 0 0 1
    outer loop
      vertex 16.1 12 1.6
      vertex 12.0779 10.0573 1.6
      vertex 12.8355 9.43553 1.6
    endloop
  endfacet
  facet normal 0 0 1
    outer loop
      vertex 16.1 12.2 1.6
      vertex 11.2134 10.5194 1.6
      vertex 12.0779 10.0573 1.6
    endloop
  endfacet
  facet normal -0 0 1
    outer loop
      vertex 8.9 12.2 1.6
      vertex 11.2134 10.5194 1.6
      vertex 16.1 12.2 1.6
    endloop
  endfacet
  facet normal 0 0 1
    outer loop
      vertex 11.2134 10.5194 1.6
      vertex 8.9 12.2 1.6
      vertex 10.2755 10.8039 1.6
    endloop
  endfacet
  facet normal 0 0 1
    outer loop
      vertex 10.2755 10.8039 1.6
      vertex 8.9 12.2 1.6
      vertex 9.3 10.9 1.6
    endloop
  endfacet
  facet normal -0 0 1
    outer loop
      vertex 8.74472 23.7107 1.6
      vertex 8.9 22 1.6
      vertex 8.82286 23.8461 1.6
    endloop
  endfacet
  facet normal 0 0 1
    outer loop
      vertex 8.9 22 1.6
      vertex 8.74472 23.7107 1.6
      vertex 8.5 22.5 1.6
    endloop
  endfacet
  facet normal 0 0 1
    outer loop
      vertex 8.5 22.5 1.6
      vertex 8.74472 23.7107 1.6
      vertex 8.625 23.6103 1.6
    endloop
  endfacet
  facet normal 0 0 1
    outer loop
      vertex 8.5 11.9 1.6
      vertex 8.9 22 1.6
      vertex 8.5 22.5 1.6
    endloop
  endfacet
  facet normal 0 0 1
    outer loop
      vertex 8.9 22 1.6
      vertex 8.5 11.9 1.6
      vertex 8.9 12.2 1.6
    endloop
  endfacet
  facet normal -0 0 1
    outer loop
      vertex 8.5 11.9 1.6
      vertex 9.3 10.9 1.6
      vertex 8.9 12.2 1.6
    endloop
  endfacet
  facet normal 0 0 1
    outer loop
      vertex 8.5 11.9 1.6
      vertex 8.32455 10.8039 1.6
      vertex 9.3 10.9 1.6
    endloop
  endfacet
  facet normal 0 0 1
    outer loop
      vertex 8.5 11.9 1.6
      vertex 7.38658 10.5194 1.6
      vertex 8.32455 10.8039 1.6
    endloop
  endfacet
  facet normal 0 0 1
    outer loop
      vertex 8.5 11.9 1.6
      vertex 6.52215 10.0573 1.6
      vertex 7.38658 10.5194 1.6
    endloop
  endfacet
  facet normal -0 0 1
    outer loop
      vertex 0.9 11.9 1.6
      vertex 6.52215 10.0573 1.6
      vertex 8.5 11.9 1.6
    endloop
  endfacet
  facet normal 0 0 1
    outer loop
      vertex 1.74118 2.96593 1.6
      vertex 4.3 5.9 1.6
      vertex 4.39607 6.87545 1.6
    endloop
  endfacet
  facet normal 0 0 1
    outer loop
      vertex 4.3 5.9 1.6
      vertex 2.96593 2.25882 1.6
      vertex 3 2 1.6
    endloop
  endfacet
  facet normal 0 0 1
    outer loop
      vertex 0.9 11.9 1.6
      vertex 4.39607 6.87545 1.6
      vertex 4.6806 7.81342 1.6
    endloop
  endfacet
  facet normal 0 0 1
    outer loop
      vertex 4.3 5.9 1.6
      vertex 2.86602 2.5 1.6
      vertex 2.96593 2.25882 1.6
    endloop
  endfacet
  facet normal 0 0 1
    outer loop
      vertex 4.3 5.9 1.6
      vertex 2.70711 2.70711 1.6
      vertex 2.86602 2.5 1.6
    endloop
  endfacet
  facet normal 0 0 1
    outer loop
      vertex 4.3 5.9 1.6
      vertex 2.5 2.86602 1.6
      vertex 2.70711 2.70711 1.6
    endloop
  endfacet
  facet normal 0 0 1
    outer loop
      vertex 4.3 5.9 1.6
      vertex 2.25882 2.96593 1.6
      vertex 2.5 2.86602 1.6
    endloop
  endfacet
  facet normal 0 0 1
    outer loop
      vertex 4.3 5.9 1.6
      vertex 2 3 1.6
      vertex 2.25882 2.96593 1.6
    endloop
  endfacet
  facet normal 0 0 1
    outer loop
      vertex 0.9 11.9 1.6
      vertex 4.6806 7.81342 1.6
      vertex 5.14265 8.67785 1.6
    endloop
  endfacet
  facet normal 0 0 1
    outer loop
      vertex 4.3 5.9 1.6
      vertex 1.74118 2.96593 1.6
      vertex 2 3 1.6
    endloop
  endfacet
  facet normal 0 -0 1
    outer loop
      vertex 1.5 2.86602 1.6
      vertex 4.39607 6.87545 1.6
      vertex 0.9 11.9 1.6
    endloop
  endfacet
  facet normal 0 0 1
    outer loop
      vertex 4.39607 6.87545 1.6
      vertex 1.5 2.86602 1.6
      vertex 1.74118 2.96593 1.6
    endloop
  endfacet
  facet normal 0 0 1
    outer loop
      vertex 1.5 2.86602 1.6
      vertex 0.9 11.9 1.6
      vertex 1.29289 2.70711 1.6
    endloop
  endfacet
  facet normal 0 0 1
    outer loop
      vertex 0 0 1.6
      vertex 1.03407 2.25882 1.6
      vertex 0.9 11.9 1.6
    endloop
  endfacet
  facet normal 0 0 1
    outer loop
      vertex 1.13397 2.5 1.6
      vertex 0.9 11.9 1.6
      vertex 1.03407 2.25882 1.6
    endloop
  endfacet
  facet normal 0 0 1
    outer loop
      vertex 1.29289 2.70711 1.6
      vertex 0.9 11.9 1.6
      vertex 1.13397 2.5 1.6
    endloop
  endfacet
  facet normal 0 0 1
    outer loop
      vertex 5.76447 9.43553 1.6
      vertex 0.9 11.9 1.6
      vertex 5.14265 8.67785 1.6
    endloop
  endfacet
  facet normal 0 0 1
    outer loop
      vertex 6.52215 10.0573 1.6
      vertex 0.9 11.9 1.6
      vertex 5.76447 9.43553 1.6
    endloop
  endfacet
  facet normal 0 0 1
    outer loop
      vertex 17.35 12.2 1.6
      vertex 16.65 12.2 1.6
      vertex 17.35 12 1.6
    endloop
  endfacet
  facet normal 0 0 1
    outer loop
      vertex 18.6 12.2 1.6
      vertex 17.9 12.2 1.6
      vertex 18.6 12 1.6
    endloop
  endfacet
  facet normal 0 0 1
    outer loop
      vertex 19.85 12.2 1.6
      vertex 19.15 12.2 1.6
      vertex 19.85 12 1.6
    endloop
  endfacet
  facet normal 0 0 1
    outer loop
      vertex 21.1 12.2 1.6
      vertex 20.4 12.2 1.6
      vertex 21.1 12 1.6
    endloop
  endfacet
  facet normal -0 0 1
    outer loop
      vertex 21.1 12 1.6
      vertex 21.25 9.15 1.6
      vertex 21.65 12 1.6
    endloop
  endfacet
  facet normal 0 0 1
    outer loop
      vertex 20.4 12 1.6
      vertex 21.1 12 1.6
      vertex 20.4 12.2 1.6
    endloop
  endfacet
  facet normal 0 0 1
    outer loop
      vertex 21.1 12 1.6
      vertex 20.4 12 1.6
      vertex 21.25 9.15 1.6
    endloop
  endfacet
  facet normal -0 0 1
    outer loop
      vertex 19.85 12 1.6
      vertex 21.25 9.15 1.6
      vertex 20.4 12 1.6
    endloop
  endfacet
  facet normal 0 0 1
    outer loop
      vertex 19.15 12 1.6
      vertex 19.85 12 1.6
      vertex 19.15 12.2 1.6
    endloop
  endfacet
  facet normal 0 0 1
    outer loop
      vertex 19.85 12 1.6
      vertex 19.15 12 1.6
      vertex 21.25 9.15 1.6
    endloop
  endfacet
  facet normal -0 0 1
    outer loop
      vertex 18.6 12 1.6
      vertex 21.25 9.15 1.6
      vertex 19.15 12 1.6
    endloop
  endfacet
  facet normal 0 0 1
    outer loop
      vertex 17.9 12 1.6
      vertex 18.6 12 1.6
      vertex 17.9 12.2 1.6
    endloop
  endfacet
  facet normal 0 0 1
    outer loop
      vertex 18.6 12 1.6
      vertex 17.9 12 1.6
      vertex 21.25 9.15 1.6
    endloop
  endfacet
  facet normal 0 0 1
    outer loop
      vertex 15 9.15 1.6
      vertex 17.9 12 1.6
      vertex 17.35 12 1.6
    endloop
  endfacet
  facet normal 0 0 1
    outer loop
      vertex 16.65 12 1.6
      vertex 17.35 12 1.6
      vertex 16.65 12.2 1.6
    endloop
  endfacet
  facet normal 0 0 1
    outer loop
      vertex 15 9.15 1.6
      vertex 17.35 12 1.6
      vertex 16.65 12 1.6
    endloop
  endfacet
  facet normal 0 0 1
    outer loop
      vertex 15 9.15 1.6
      vertex 16.65 12 1.6
      vertex 16.1 12 1.6
    endloop
  endfacet
  facet normal 0 0 1
    outer loop
      vertex 17.9 12 1.6
      vertex 15 9.15 1.6
      vertex 21.25 9.15 1.6
    endloop
  endfacet
  facet normal -0 0 1
    outer loop
      vertex 21.2 23.275 1.6
      vertex 23.5 22 1.6
      vertex 21.2 24.525 1.6
    endloop
  endfacet
  facet normal -0 0 1
    outer loop
      vertex 19.2 23.275 1.6
      vertex 23.5 22 1.6
      vertex 21.2 23.275 1.6
    endloop
  endfacet
  facet normal 0 0 1
    outer loop
      vertex 23.5 22 1.6
      vertex 19.2 23.275 1.6
      vertex 8.9 22 1.6
    endloop
  endfacet
  facet normal 0 0 1
    outer loop
      vertex 29.1 15.95 1.6
      vertex 26.7 14 1.6
      vertex 27.8 14 1.6
    endloop
  endfacet
  facet normal 0 0 1
    outer loop
      vertex 26.7 14 1.6
      vertex 26.1 14 1.6
      vertex 26.7 12 1.6
    endloop
  endfacet
  facet normal -0 0 1
    outer loop
      vertex 24.3 15.95 1.6
      vertex 26.7 14 1.6
      vertex 29.1 15.95 1.6
    endloop
  endfacet
  facet normal 0 0 1
    outer loop
      vertex 26.7 14 1.6
      vertex 24.3 15.95 1.6
      vertex 26.1 14 1.6
    endloop
  endfacet
  facet normal 0 0 1
    outer loop
      vertex 23.5 12.2 1.6
      vertex 25 14 1.6
      vertex 24.3 15.95 1.6
    endloop
  endfacet
  facet normal 0 0 1
    outer loop
      vertex 26.1 14 1.6
      vertex 24.3 15.95 1.6
      vertex 25 14 1.6
    endloop
  endfacet
  facet normal -0 0 1
    outer loop
      vertex 29.9 15.95 1.6
      vertex 33.9 15 1.6
      vertex 34.7 15.95 1.6
    endloop
  endfacet
  facet normal 0 0 1
    outer loop
      vertex 33.9 15 1.6
      vertex 29.9 15.95 1.6
      vertex 29.9 15 1.6
    endloop
  endfacet
  facet normal 0 0 1
    outer loop
      vertex 36.1 17 1.6
      vertex 37 17.8632 1.6
      vertex 36.8806 18.0866 1.6
    endloop
  endfacet
  facet normal 0 0 1
    outer loop
      vertex 40.1 3.5 1.6
      vertex 42.5 3.5 1.6
      vertex 40.1 8.5 1.6
    endloop
  endfacet
  facet normal 0 0 1
    outer loop
      vertex 39.7 11.25 1.6
      vertex 41.1 12 1.6
      vertex 40 12 1.6
    endloop
  endfacet
  facet normal 0 0 1
    outer loop
      vertex 39.7 11.25 1.6
      vertex 40 12 1.6
      vertex 39.7 14.35 1.6
    endloop
  endfacet
  facet normal 0 0 1
    outer loop
      vertex 41.1 12 1.6
      vertex 39.7 11.25 1.6
      vertex 40.1 8.5 1.6
    endloop
  endfacet
  facet normal -0 0 1
    outer loop
      vertex 36.7 11.25 1.6
      vertex 40.1 8.5 1.6
      vertex 39.7 11.25 1.6
    endloop
  endfacet
  facet normal 0 0 1
    outer loop
      vertex 37 17 1.6
      vertex 36.1 17 1.6
      vertex 36.7 14.35 1.6
    endloop
  endfacet
  facet normal 0 0 1
    outer loop
      vertex 36.1 17 1.6
      vertex 36.5 20 1.6
      vertex 36.1 19 1.6
    endloop
  endfacet
  facet normal -0 0 1
    outer loop
      vertex 34.7 15.95 1.6
      vertex 36.7 14.35 1.6
      vertex 36.1 17 1.6
    endloop
  endfacet
  facet normal 0 0 1
    outer loop
      vertex 34.7 15.95 1.6
      vertex 36.1 17 1.6
      vertex 35 17 1.6
    endloop
  endfacet
  facet normal 0 0 1
    outer loop
      vertex 35 19 1.6
      vertex 34.7 15.95 1.6
      vertex 35 17 1.6
    endloop
  endfacet
  facet normal -0 0 1
    outer loop
      vertex 33.9 15 1.6
      vertex 36.7 14.35 1.6
      vertex 34.7 15.95 1.6
    endloop
  endfacet
  facet normal 0 0 1
    outer loop
      vertex 33.9 10.65 1.6
      vertex 36.7 14.35 1.6
      vertex 33.9 15 1.6
    endloop
  endfacet
  facet normal 0 0 1
    outer loop
      vertex 36.7 14.35 1.6
      vertex 33.9 10.65 1.6
      vertex 36.7 11.25 1.6
    endloop
  endfacet
  facet normal 0 0 1
    outer loop
      vertex 33.9 8.5 1.6
      vertex 36.7 11.25 1.6
      vertex 33.9 10.65 1.6
    endloop
  endfacet
  facet normal 0 0 1
    outer loop
      vertex 36.7 11.25 1.6
      vertex 33.9 8.5 1.6
      vertex 40.1 8.5 1.6
    endloop
  endfacet
  facet normal -0 0 1
    outer loop
      vertex 29.9 10.65 1.6
      vertex 33.9 8.5 1.6
      vertex 33.9 10.65 1.6
    endloop
  endfacet
  facet normal 0 0 1
    outer loop
      vertex 33.9 8.5 1.6
      vertex 29.9 10.65 1.6
      vertex 33.9 3.5 1.6
    endloop
  endfacet
  facet normal 0 0 1
    outer loop
      vertex 40.5245 15.0961 1.6
      vertex 41.1 14 1.6
      vertex 41.5 15 1.6
    endloop
  endfacet
  facet normal 0 0 1
    outer loop
      vertex 40.5245 15.0961 1.6
      vertex 40 14 1.6
      vertex 41.1 14 1.6
    endloop
  endfacet
  facet normal 0 0 1
    outer loop
      vertex 40 14 1.6
      vertex 39.7 14.35 1.6
      vertex 40 12 1.6
    endloop
  endfacet
  facet normal 0 0 1
    outer loop
      vertex 40.5245 15.0961 1.6
      vertex 39.7 14.35 1.6
      vertex 40 14 1.6
    endloop
  endfacet
  facet normal 0 0 1
    outer loop
      vertex 39.5866 15.3806 1.6
      vertex 39.7 14.35 1.6
      vertex 40.5245 15.0961 1.6
    endloop
  endfacet
  facet normal 0 0 1
    outer loop
      vertex 38.7221 15.8427 1.6
      vertex 39.7 14.35 1.6
      vertex 39.5866 15.3806 1.6
    endloop
  endfacet
  facet normal 0 0 1
    outer loop
      vertex 36.7 14.35 1.6
      vertex 38.7221 15.8427 1.6
      vertex 37.9645 16.4645 1.6
    endloop
  endfacet
  facet normal -0 0 1
    outer loop
      vertex 37 17 1.6
      vertex 37.9645 16.4645 1.6
      vertex 37.525 17 1.6
    endloop
  endfacet
  facet normal 0 0 1
    outer loop
      vertex 36.7 14.35 1.6
      vertex 37.9645 16.4645 1.6
      vertex 37 17 1.6
    endloop
  endfacet
  facet normal 0 0 1
    outer loop
      vertex 38.7221 15.8427 1.6
      vertex 36.7 14.35 1.6
      vertex 39.7 14.35 1.6
    endloop
  endfacet
  facet normal 0 0 1
    outer loop
      vertex 36.1 17 1.6
      vertex 36.8806 18.0866 1.6
      vertex 36.5961 19.0245 1.6
    endloop
  endfacet
  facet normal 0 0 1
    outer loop
      vertex 36.1 17 1.6
      vertex 36.5961 19.0245 1.6
      vertex 36.5 20 1.6
    endloop
  endfacet
  facet normal 0 0 1
    outer loop
      vertex 37 17.8632 1.6
      vertex 36.1 17 1.6
      vertex 37 17 1.6
    endloop
  endfacet
  facet normal 0 0 1
    outer loop
      vertex 42.5 3.5 1.6
      vertex 40.1 3.5 1.6
      vertex 40.8 2.225 1.6
    endloop
  endfacet
  facet normal 0 0 1
    outer loop
      vertex 40.1 3.5 1.6
      vertex 38.8 2.225 1.6
      vertex 40.8 2.225 1.6
    endloop
  endfacet
  facet normal 0 0 1
    outer loop
      vertex 38.8 2.225 1.6
      vertex 33.9 3.5 1.6
      vertex 38.8 0.974999 1.6
    endloop
  endfacet
  facet normal -0 0 1
    outer loop
      vertex 33.9 3.5 1.6
      vertex 38.8 2.225 1.6
      vertex 40.1 3.5 1.6
    endloop
  endfacet
  facet normal 0 0 1
    outer loop
      vertex 40.1 8.5 1.6
      vertex 42.5 12 1.6
      vertex 42 12 1.6
    endloop
  endfacet
  facet normal 0 0 1
    outer loop
      vertex 50.1 3.5 1.6
      vertex 49.9659 2.25882 1.6
      vertex 50 2 1.6
    endloop
  endfacet
  facet normal 0 0 1
    outer loop
      vertex 50.1 3.5 1.6
      vertex 49.866 2.5 1.6
      vertex 49.9659 2.25882 1.6
    endloop
  endfacet
  facet normal 0 0 1
    outer loop
      vertex 50.1 3.5 1.6
      vertex 49.7071 2.70711 1.6
      vertex 49.866 2.5 1.6
    endloop
  endfacet
  facet normal 0 0 1
    outer loop
      vertex 50.1 3.5 1.6
      vertex 49.5 2.86602 1.6
      vertex 49.7071 2.70711 1.6
    endloop
  endfacet
  facet normal 0 0 1
    outer loop
      vertex 50.1 3.5 1.6
      vertex 49.2588 2.96593 1.6
      vertex 49.5 2.86602 1.6
    endloop
  endfacet
  facet normal 0 0 1
    outer loop
      vertex 50.1 3.5 1.6
      vertex 49 3 1.6
      vertex 49.2588 2.96593 1.6
    endloop
  endfacet
  facet normal 0 0 1
    outer loop
      vertex 50.1 3.5 1.6
      vertex 48.7412 2.96593 1.6
      vertex 49 3 1.6
    endloop
  endfacet
  facet normal 0 0 1
    outer loop
      vertex 48.0341 2.25882 1.6
      vertex 45.8 2.225 1.6
      vertex 48 2 1.6
    endloop
  endfacet
  facet normal 0 0 1
    outer loop
      vertex 48.134 2.5 1.6
      vertex 45.8 2.225 1.6
      vertex 48.0341 2.25882 1.6
    endloop
  endfacet
  facet normal 0 0 1
    outer loop
      vertex 48.2929 2.70711 1.6
      vertex 45.8 2.225 1.6
      vertex 48.134 2.5 1.6
    endloop
  endfacet
  facet normal 0 0 1
    outer loop
      vertex 48.5 2.86602 1.6
      vertex 45.8 2.225 1.6
      vertex 48.2929 2.70711 1.6
    endloop
  endfacet
  facet normal 0 0 1
    outer loop
      vertex 42.5 3.5 1.6
      vertex 48.5 2.86602 1.6
      vertex 48.7412 2.96593 1.6
    endloop
  endfacet
  facet normal -0 0 1
    outer loop
      vertex 42.5 3.5 1.6
      vertex 48.7412 2.96593 1.6
      vertex 50.1 3.5 1.6
    endloop
  endfacet
  facet normal 0 0 1
    outer loop
      vertex 48.5 2.86602 1.6
      vertex 42.5 3.5 1.6
      vertex 45.8 2.225 1.6
    endloop
  endfacet
  facet normal 0 0 1
    outer loop
      vertex 40.8 2.225 1.6
      vertex 43.8 2.225 1.6
      vertex 42.5 3.5 1.6
    endloop
  endfacet
  facet normal 0 0 1
    outer loop
      vertex 45.8 2.225 1.6
      vertex 42.5 3.5 1.6
      vertex 43.8 2.225 1.6
    endloop
  endfacet
  facet normal 0 0 1
    outer loop
      vertex 51 26 1.6
      vertex 50.1 14.1 1.6
      vertex 51 0 1.6
    endloop
  endfacet
  facet normal 0 0 1
    outer loop
      vertex 49.9659 23.7412 1.6
      vertex 51 26 1.6
      vertex 50 24 1.6
    endloop
  endfacet
  facet normal 0 0 1
    outer loop
      vertex 51 26 1.6
      vertex 49.9659 24.2588 1.6
      vertex 50 24 1.6
    endloop
  endfacet
  facet normal 0 0 1
    outer loop
      vertex 51 26 1.6
      vertex 49.866 24.5 1.6
      vertex 49.9659 24.2588 1.6
    endloop
  endfacet
  facet normal 0 0 1
    outer loop
      vertex 51 26 1.6
      vertex 49.7071 24.7071 1.6
      vertex 49.866 24.5 1.6
    endloop
  endfacet
  facet normal 0 0 1
    outer loop
      vertex 51 26 1.6
      vertex 49.5 24.866 1.6
      vertex 49.7071 24.7071 1.6
    endloop
  endfacet
  facet normal 0 0 1
    outer loop
      vertex 51 26 1.6
      vertex 49.2588 24.9659 1.6
      vertex 49.5 24.866 1.6
    endloop
  endfacet
  facet normal 0 0 1
    outer loop
      vertex 51 26 1.6
      vertex 49 25 1.6
      vertex 49.2588 24.9659 1.6
    endloop
  endfacet
  facet normal 0 0 1
    outer loop
      vertex 51 26 1.6
      vertex 48.7412 24.9659 1.6
      vertex 49 25 1.6
    endloop
  endfacet
  facet normal 0 0 1
    outer loop
      vertex 42.4755 24.9039 1.6
      vertex 48.7412 24.9659 1.6
      vertex 51 26 1.6
    endloop
  endfacet
  facet normal 0 0 1
    outer loop
      vertex 45.0355 23.5355 1.6
      vertex 48 24 1.6
      vertex 48.0341 24.2588 1.6
    endloop
  endfacet
  facet normal 0 0 1
    outer loop
      vertex 48 24 1.6
      vertex 46.4039 20.9755 1.6
      vertex 46.5 20 1.6
    endloop
  endfacet
  facet normal 0 0 1
    outer loop
      vertex 45.0355 23.5355 1.6
      vertex 48.0341 24.2588 1.6
      vertex 48.134 24.5 1.6
    endloop
  endfacet
  facet normal 0 0 1
    outer loop
      vertex 48 24 1.6
      vertex 46.1194 21.9134 1.6
      vertex 46.4039 20.9755 1.6
    endloop
  endfacet
  facet normal 0 0 1
    outer loop
      vertex 44.2779 24.1573 1.6
      vertex 48.134 24.5 1.6
      vertex 48.2929 24.7071 1.6
    endloop
  endfacet
  facet normal 0 0 1
    outer loop
      vertex 48 24 1.6
      vertex 45.6573 22.7779 1.6
      vertex 46.1194 21.9134 1.6
    endloop
  endfacet
  facet normal 0 0 1
    outer loop
      vertex 43.4134 24.6194 1.6
      vertex 48.2929 24.7071 1.6
      vertex 48.5 24.866 1.6
    endloop
  endfacet
  facet normal 0 0 1
    outer loop
      vertex 48 24 1.6
      vertex 45.0355 23.5355 1.6
      vertex 45.6573 22.7779 1.6
    endloop
  endfacet
  facet normal 0 -0 1
    outer loop
      vertex 43.4134 24.6194 1.6
      vertex 48.7412 24.9659 1.6
      vertex 42.4755 24.9039 1.6
    endloop
  endfacet
  facet normal 0 0 1
    outer loop
      vertex 48.134 24.5 1.6
      vertex 44.2779 24.1573 1.6
      vertex 45.0355 23.5355 1.6
    endloop
  endfacet
  facet normal 0 0 1
    outer loop
      vertex 48.2929 24.7071 1.6
      vertex 43.4134 24.6194 1.6
      vertex 44.2779 24.1573 1.6
    endloop
  endfacet
  facet normal 0 0 1
    outer loop
      vertex 48.7412 24.9659 1.6
      vertex 43.4134 24.6194 1.6
      vertex 48.5 24.866 1.6
    endloop
  endfacet
  facet normal 0 0 1
    outer loop
      vertex 51 26 1.6
      vertex 41.5 25 1.6
      vertex 42.4755 24.9039 1.6
    endloop
  endfacet
  facet normal -0 0 1
    outer loop
      vertex 34.7 25.45 1.6
      vertex 41.5 25 1.6
      vertex 51 26 1.6
    endloop
  endfacet
  facet normal 0 0 1
    outer loop
      vertex 35 19 1.6
      vertex 36.5 20 1.6
      vertex 36.5961 20.9755 1.6
    endloop
  endfacet
  facet normal 0 0 1
    outer loop
      vertex 36.5 20 1.6
      vertex 35 19 1.6
      vertex 36.1 19 1.6
    endloop
  endfacet
  facet normal 0 0 1
    outer loop
      vertex 34.7 25.45 1.6
      vertex 36.5961 20.9755 1.6
      vertex 36.8806 21.9134 1.6
    endloop
  endfacet
  facet normal 0 0 1
    outer loop
      vertex 34.7 25.45 1.6
      vertex 36.8806 21.9134 1.6
      vertex 37.3427 22.7779 1.6
    endloop
  endfacet
  facet normal 0 0 1
    outer loop
      vertex 34.7 15.95 1.6
      vertex 35 19 1.6
      vertex 34.7 25.45 1.6
    endloop
  endfacet
  facet normal 0 0 1
    outer loop
      vertex 36.5961 20.9755 1.6
      vertex 34.7 25.45 1.6
      vertex 35 19 1.6
    endloop
  endfacet
  facet normal 0 0 1
    outer loop
      vertex 37.9645 23.5355 1.6
      vertex 34.7 25.45 1.6
      vertex 37.3427 22.7779 1.6
    endloop
  endfacet
  facet normal 0 0 1
    outer loop
      vertex 38.7221 24.1573 1.6
      vertex 34.7 25.45 1.6
      vertex 37.9645 23.5355 1.6
    endloop
  endfacet
  facet normal 0 0 1
    outer loop
      vertex 39.5866 24.6194 1.6
      vertex 34.7 25.45 1.6
      vertex 38.7221 24.1573 1.6
    endloop
  endfacet
  facet normal 0 0 1
    outer loop
      vertex 40.5245 24.9039 1.6
      vertex 34.7 25.45 1.6
      vertex 39.5866 24.6194 1.6
    endloop
  endfacet
  facet normal 0 0 1
    outer loop
      vertex 41.5 25 1.6
      vertex 34.7 25.45 1.6
      vertex 40.5245 24.9039 1.6
    endloop
  endfacet
  facet normal 0 0 1
    outer loop
      vertex 51 26 1.6
      vertex 29.9 25.45 1.6
      vertex 34.7 25.45 1.6
    endloop
  endfacet
  facet normal 0 0 1
    outer loop
      vertex 29.1 15.95 1.6
      vertex 29.9 15.95 1.6
      vertex 29.9 25.45 1.6
    endloop
  endfacet
  facet normal 0 0 1
    outer loop
      vertex 29.9 15.95 1.6
      vertex 29.1 15.95 1.6
      vertex 29.9 15 1.6
    endloop
  endfacet
  facet normal 0 0 1
    outer loop
      vertex 29.1 15.95 1.6
      vertex 29.9 25.45 1.6
      vertex 29.1 25.45 1.6
    endloop
  endfacet
  facet normal 0 0 1
    outer loop
      vertex 51 26 1.6
      vertex 29.1 25.45 1.6
      vertex 29.9 25.45 1.6
    endloop
  endfacet
  facet normal 0 0 1
    outer loop
      vertex 51 26 1.6
      vertex 24.3 25.45 1.6
      vertex 29.1 25.45 1.6
    endloop
  endfacet
  facet normal 0 0 1
    outer loop
      vertex 24.3 25.45 1.6
      vertex 23.5 22 1.6
      vertex 24.3 15.95 1.6
    endloop
  endfacet
  facet normal 0 0 1
    outer loop
      vertex 24.3 25.45 1.6
      vertex 21.2 24.525 1.6
      vertex 23.5 22 1.6
    endloop
  endfacet
  facet normal 0 0 1
    outer loop
      vertex 24.3 25.45 1.6
      vertex 19.2 24.525 1.6
      vertex 21.2 24.525 1.6
    endloop
  endfacet
  facet normal -0 0 1
    outer loop
      vertex 8.85 24 1.6
      vertex 19.2 23.275 1.6
      vertex 19.2 24.525 1.6
    endloop
  endfacet
  facet normal -0 0 1
    outer loop
      vertex 8.82286 23.8461 1.6
      vertex 8.9 22 1.6
      vertex 8.85 24 1.6
    endloop
  endfacet
  facet normal 0 0 1
    outer loop
      vertex 19.2 23.275 1.6
      vertex 8.85 24 1.6
      vertex 8.9 22 1.6
    endloop
  endfacet
  facet normal 0 0 1
    outer loop
      vertex 8.47814 24.4432 1.6
      vertex 19.2 24.525 1.6
      vertex 24.3 25.45 1.6
    endloop
  endfacet
  facet normal 0 0 1
    outer loop
      vertex 19.2 24.525 1.6
      vertex 8.82286 24.1539 1.6
      vertex 8.85 24 1.6
    endloop
  endfacet
  facet normal 0 0 1
    outer loop
      vertex 19.2 24.525 1.6
      vertex 8.74472 24.2893 1.6
      vertex 8.82286 24.1539 1.6
    endloop
  endfacet
  facet normal 0 0 1
    outer loop
      vertex 19.2 24.525 1.6
      vertex 8.625 24.3897 1.6
      vertex 8.74472 24.2893 1.6
    endloop
  endfacet
  facet normal 0 0 1
    outer loop
      vertex 19.2 24.525 1.6
      vertex 8.47814 24.4432 1.6
      vertex 8.625 24.3897 1.6
    endloop
  endfacet
  facet normal 0 0 1
    outer loop
      vertex 0 26 1.6
      vertex 8.47814 24.4432 1.6
      vertex 24.3 25.45 1.6
    endloop
  endfacet
  facet normal 0 0 1
    outer loop
      vertex 7.97714 24.1539 1.6
      vertex 6.25 24 1.6
      vertex 7.95 24 1.6
    endloop
  endfacet
  facet normal 0 0 1
    outer loop
      vertex 6.22286 24.1539 1.6
      vertex 7.97714 24.1539 1.6
      vertex 8.05528 24.2893 1.6
    endloop
  endfacet
  facet normal 0 0 1
    outer loop
      vertex 6.14472 24.2893 1.6
      vertex 8.05528 24.2893 1.6
      vertex 8.175 24.3897 1.6
    endloop
  endfacet
  facet normal 0 0 1
    outer loop
      vertex 6.025 24.3897 1.6
      vertex 8.175 24.3897 1.6
      vertex 8.32186 24.4432 1.6
    endloop
  endfacet
  facet normal 0 0 1
    outer loop
      vertex 7.97714 24.1539 1.6
      vertex 6.22286 24.1539 1.6
      vertex 6.25 24 1.6
    endloop
  endfacet
  facet normal 0 0 1
    outer loop
      vertex 8.05528 24.2893 1.6
      vertex 6.14472 24.2893 1.6
      vertex 6.22286 24.1539 1.6
    endloop
  endfacet
  facet normal 0 0 1
    outer loop
      vertex 8.175 24.3897 1.6
      vertex 6.025 24.3897 1.6
      vertex 6.14472 24.2893 1.6
    endloop
  endfacet
  facet normal 0 0 1
    outer loop
      vertex 8.47814 24.4432 1.6
      vertex 0 26 1.6
      vertex 8.32186 24.4432 1.6
    endloop
  endfacet
  facet normal 0 0 1
    outer loop
      vertex 8.32186 24.4432 1.6
      vertex 5.87814 24.4432 1.6
      vertex 6.025 24.3897 1.6
    endloop
  endfacet
  facet normal 0 0 1
    outer loop
      vertex 8.32186 24.4432 1.6
      vertex 0 26 1.6
      vertex 5.87814 24.4432 1.6
    endloop
  endfacet
  facet normal 0 0 1
    outer loop
      vertex 5.37714 24.1539 1.6
      vertex 3 24 1.6
      vertex 5.35 24 1.6
    endloop
  endfacet
  facet normal -0 0 1
    outer loop
      vertex 2.96593 24.2588 1.6
      vertex 5.37714 24.1539 1.6
      vertex 5.45528 24.2893 1.6
    endloop
  endfacet
  facet normal 0 0 1
    outer loop
      vertex 2.70711 24.7071 1.6
      vertex 5.45528 24.2893 1.6
      vertex 5.575 24.3897 1.6
    endloop
  endfacet
  facet normal 0 0 1
    outer loop
      vertex 2.5 24.866 1.6
      vertex 5.575 24.3897 1.6
      vertex 5.72186 24.4432 1.6
    endloop
  endfacet
  facet normal 0 0 1
    outer loop
      vertex 5.37714 24.1539 1.6
      vertex 2.96593 24.2588 1.6
      vertex 3 24 1.6
    endloop
  endfacet
  facet normal 0 0 1
    outer loop
      vertex 5.45528 24.2893 1.6
      vertex 2.86602 24.5 1.6
      vertex 2.96593 24.2588 1.6
    endloop
  endfacet
  facet normal 0 0 1
    outer loop
      vertex 5.87814 24.4432 1.6
      vertex 0 26 1.6
      vertex 5.72186 24.4432 1.6
    endloop
  endfacet
  facet normal 0 0 1
    outer loop
      vertex 5.45528 24.2893 1.6
      vertex 2.70711 24.7071 1.6
      vertex 2.86602 24.5 1.6
    endloop
  endfacet
  facet normal 0 0 1
    outer loop
      vertex 5.575 24.3897 1.6
      vertex 2.5 24.866 1.6
      vertex 2.70711 24.7071 1.6
    endloop
  endfacet
  facet normal 0 0 1
    outer loop
      vertex 5.72186 24.4432 1.6
      vertex 2.25882 24.9659 1.6
      vertex 2.5 24.866 1.6
    endloop
  endfacet
  facet normal 0 0 1
    outer loop
      vertex 5.72186 24.4432 1.6
      vertex 0 26 1.6
      vertex 2.25882 24.9659 1.6
    endloop
  endfacet
  facet normal -0 0 1
    outer loop
      vertex 0 26 1.6
      vertex 24.3 25.45 1.6
      vertex 51 26 1.6
    endloop
  endfacet
  facet normal 0 0 1
    outer loop
      vertex 0.9 22.5 1.6
      vertex 0 26 1.6
      vertex 0.9 11.9 1.6
    endloop
  endfacet
  facet normal 0 0 1
    outer loop
      vertex 1 24 1.6
      vertex 0 26 1.6
      vertex 0.9 22.5 1.6
    endloop
  endfacet
  facet normal 0 0 1
    outer loop
      vertex 1.03407 24.2588 1.6
      vertex 0 26 1.6
      vertex 1 24 1.6
    endloop
  endfacet
  facet normal 0 0 1
    outer loop
      vertex 1.13397 24.5 1.6
      vertex 0 26 1.6
      vertex 1.03407 24.2588 1.6
    endloop
  endfacet
  facet normal 0 0 1
    outer loop
      vertex 1.29289 24.7071 1.6
      vertex 0 26 1.6
      vertex 1.13397 24.5 1.6
    endloop
  endfacet
  facet normal 0 0 1
    outer loop
      vertex 1.5 24.866 1.6
      vertex 0 26 1.6
      vertex 1.29289 24.7071 1.6
    endloop
  endfacet
  facet normal 0 0 1
    outer loop
      vertex 1.74118 24.9659 1.6
      vertex 0 26 1.6
      vertex 1.5 24.866 1.6
    endloop
  endfacet
  facet normal 0 0 1
    outer loop
      vertex 2 25 1.6
      vertex 0 26 1.6
      vertex 1.74118 24.9659 1.6
    endloop
  endfacet
  facet normal 0 0 1
    outer loop
      vertex 2.25882 24.9659 1.6
      vertex 0 26 1.6
      vertex 2 25 1.6
    endloop
  endfacet
  facet normal -0 0 1
    outer loop
      vertex 50.1 3.5 1.6
      vertex 51 0 1.6
      vertex 50.1 14.1 1.6
    endloop
  endfacet
  facet normal -0 0 1
    outer loop
      vertex 50 2 1.6
      vertex 51 0 1.6
      vertex 50.1 3.5 1.6
    endloop
  endfacet
  facet normal -0 0 1
    outer loop
      vertex 49.9659 1.74118 1.6
      vertex 51 0 1.6
      vertex 50 2 1.6
    endloop
  endfacet
  facet normal -0 0 1
    outer loop
      vertex 49.866 1.5 1.6
      vertex 51 0 1.6
      vertex 49.9659 1.74118 1.6
    endloop
  endfacet
  facet normal -0 0 1
    outer loop
      vertex 49.7071 1.29289 1.6
      vertex 51 0 1.6
      vertex 49.866 1.5 1.6
    endloop
  endfacet
  facet normal -0 0 1
    outer loop
      vertex 49.5 1.13397 1.6
      vertex 51 0 1.6
      vertex 49.7071 1.29289 1.6
    endloop
  endfacet
  facet normal -0 0 1
    outer loop
      vertex 49.2588 1.03407 1.6
      vertex 51 0 1.6
      vertex 49.5 1.13397 1.6
    endloop
  endfacet
  facet normal -0 0 1
    outer loop
      vertex 49 1 1.6
      vertex 51 0 1.6
      vertex 49.2588 1.03407 1.6
    endloop
  endfacet
  facet normal 0 0 1
    outer loop
      vertex 48.7412 1.03407 1.6
      vertex 51 0 1.6
      vertex 49 1 1.6
    endloop
  endfacet
  facet normal 0 0 1
    outer loop
      vertex 45.8 0.974999 1.6
      vertex 48.7412 1.03407 1.6
      vertex 48.5 1.13397 1.6
    endloop
  endfacet
  facet normal 0 0 1
    outer loop
      vertex 45.8 2.225 1.6
      vertex 48.0341 1.74118 1.6
      vertex 48 2 1.6
    endloop
  endfacet
  facet normal 0 0 1
    outer loop
      vertex 45.8 0.974999 1.6
      vertex 48.0341 1.74118 1.6
      vertex 45.8 2.225 1.6
    endloop
  endfacet
  facet normal 0 0 1
    outer loop
      vertex 48.0341 1.74118 1.6
      vertex 45.8 0.974999 1.6
      vertex 48.134 1.5 1.6
    endloop
  endfacet
  facet normal 0 0 1
    outer loop
      vertex 48.134 1.5 1.6
      vertex 45.8 0.974999 1.6
      vertex 48.2929 1.29289 1.6
    endloop
  endfacet
  facet normal 0 0 1
    outer loop
      vertex 48.2929 1.29289 1.6
      vertex 45.8 0.974999 1.6
      vertex 48.5 1.13397 1.6
    endloop
  endfacet
  facet normal 0 0 1
    outer loop
      vertex 48.7412 1.03407 1.6
      vertex 45.8 0.974999 1.6
      vertex 51 0 1.6
    endloop
  endfacet
  facet normal -0 0 1
    outer loop
      vertex 43.8 0.974999 1.6
      vertex 51 0 1.6
      vertex 45.8 0.974999 1.6
    endloop
  endfacet
  facet normal 0 0 1
    outer loop
      vertex 42 14 1.6
      vertex 41.1 14 1.6
      vertex 42 12 1.6
    endloop
  endfacet
  facet normal 0 0 1
    outer loop
      vertex 42 12 1.6
      vertex 41.1 14 1.6
      vertex 41.1 12 1.6
    endloop
  endfacet
  facet normal 0 0 1
    outer loop
      vertex 40.1 8.5 1.6
      vertex 42 12 1.6
      vertex 41.1 12 1.6
    endloop
  endfacet
  facet normal 0 0 1
    outer loop
      vertex 42.5 12 1.6
      vertex 40.1 8.5 1.6
      vertex 42.5 3.5 1.6
    endloop
  endfacet
  facet normal 0 0 1
    outer loop
      vertex 43.8 2.225 1.6
      vertex 40.8 2.225 1.6
      vertex 43.8 0.974999 1.6
    endloop
  endfacet
  facet normal 0 0 1
    outer loop
      vertex 40.8 0.974999 1.6
      vertex 43.8 0.974999 1.6
      vertex 40.8 2.225 1.6
    endloop
  endfacet
  facet normal -0 0 1
    outer loop
      vertex 40.8 0.974999 1.6
      vertex 51 0 1.6
      vertex 43.8 0.974999 1.6
    endloop
  endfacet
  facet normal -0 0 1
    outer loop
      vertex 38.8 0.974999 1.6
      vertex 51 0 1.6
      vertex 40.8 0.974999 1.6
    endloop
  endfacet
  facet normal 0 0 1
    outer loop
      vertex 27.8 14 1.6
      vertex 29.9 15 1.6
      vertex 29.1 15.95 1.6
    endloop
  endfacet
  facet normal 0 0 1
    outer loop
      vertex 27.8 12 1.6
      vertex 29.9 15 1.6
      vertex 27.8 14 1.6
    endloop
  endfacet
  facet normal 0 0 1
    outer loop
      vertex 29.9 15 1.6
      vertex 27.8 12 1.6
      vertex 29.9 10.65 1.6
    endloop
  endfacet
  facet normal -0 0 1
    outer loop
      vertex 26.7 12 1.6
      vertex 29.9 10.65 1.6
      vertex 27.8 12 1.6
    endloop
  endfacet
  facet normal -0 0 1
    outer loop
      vertex 26.1 12 1.6
      vertex 29.9 10.65 1.6
      vertex 26.7 12 1.6
    endloop
  endfacet
  facet normal 0 0 1
    outer loop
      vertex 26.1 12 1.6
      vertex 26.7 12 1.6
      vertex 26.1 14 1.6
    endloop
  endfacet
  facet normal 0 0 1
    outer loop
      vertex 29.9 10.65 1.6
      vertex 26.1 12 1.6
      vertex 21.25 9.15 1.6
    endloop
  endfacet
  facet normal 0 0 1
    outer loop
      vertex 21.25 9.15 1.6
      vertex 26.1 12 1.6
      vertex 25 12 1.6
    endloop
  endfacet
  facet normal 0 0 1
    outer loop
      vertex 23.5 12.2 1.6
      vertex 24.3 15.95 1.6
      vertex 23.5 22 1.6
    endloop
  endfacet
  facet normal 0 0 1
    outer loop
      vertex 25 14 1.6
      vertex 23.5 12.2 1.6
      vertex 25 12 1.6
    endloop
  endfacet
  facet normal 0 0 1
    outer loop
      vertex 21.25 9.15 1.6
      vertex 25 12 1.6
      vertex 23.5 12.2 1.6
    endloop
  endfacet
  facet normal 0 0 1
    outer loop
      vertex 21.65 12 1.6
      vertex 23.5 12.2 1.6
      vertex 21.65 12.2 1.6
    endloop
  endfacet
  facet normal 0 0 1
    outer loop
      vertex 21.25 9.15 1.6
      vertex 23.5 12.2 1.6
      vertex 21.65 12 1.6
    endloop
  endfacet
  facet normal 0 0 1
    outer loop
      vertex 29.9 10.65 1.6
      vertex 21.25 9.15 1.6
      vertex 21.25 1 1.6
    endloop
  endfacet
  facet normal 0 0 1
    outer loop
      vertex 29.9 10.65 1.6
      vertex 21.25 1 1.6
      vertex 33.9 3.5 1.6
    endloop
  endfacet
  facet normal 0 0 1
    outer loop
      vertex 33.9 3.5 1.6
      vertex 21.25 1 1.6
      vertex 38.8 0.974999 1.6
    endloop
  endfacet
  facet normal 0 0 1
    outer loop
      vertex 21.25 1 1.6
      vertex 51 0 1.6
      vertex 38.8 0.974999 1.6
    endloop
  endfacet
  facet normal 0 0 1
    outer loop
      vertex 0 0 1.6
      vertex 21.25 1 1.6
      vertex 15 1 1.6
    endloop
  endfacet
  facet normal -0 0 1
    outer loop
      vertex 14.2039 4.92455 1.6
      vertex 15 1 1.6
      vertex 14.3 5.9 1.6
    endloop
  endfacet
  facet normal -0 0 1
    outer loop
      vertex 13.9194 3.98658 1.6
      vertex 15 1 1.6
      vertex 14.2039 4.92455 1.6
    endloop
  endfacet
  facet normal -0 0 1
    outer loop
      vertex 13.4573 3.12215 1.6
      vertex 15 1 1.6
      vertex 13.9194 3.98658 1.6
    endloop
  endfacet
  facet normal -0 0 1
    outer loop
      vertex 12.8355 2.36447 1.6
      vertex 15 1 1.6
      vertex 13.4573 3.12215 1.6
    endloop
  endfacet
  facet normal -0 0 1
    outer loop
      vertex 12.0779 1.74265 1.6
      vertex 15 1 1.6
      vertex 12.8355 2.36447 1.6
    endloop
  endfacet
  facet normal -0 0 1
    outer loop
      vertex 11.2134 1.2806 1.6
      vertex 15 1 1.6
      vertex 12.0779 1.74265 1.6
    endloop
  endfacet
  facet normal 0 0 1
    outer loop
      vertex 10.2755 0.996073 1.6
      vertex 15 1 1.6
      vertex 11.2134 1.2806 1.6
    endloop
  endfacet
  facet normal 0 0 1
    outer loop
      vertex 9.3 0.9 1.6
      vertex 15 1 1.6
      vertex 10.2755 0.996073 1.6
    endloop
  endfacet
  facet normal 0 0 1
    outer loop
      vertex 0 0 1.6
      vertex 15 1 1.6
      vertex 9.3 0.9 1.6
    endloop
  endfacet
  facet normal 0 0 1
    outer loop
      vertex 3 2 1.6
      vertex 4.39607 4.92455 1.6
      vertex 4.3 5.9 1.6
    endloop
  endfacet
  facet normal 0 0 1
    outer loop
      vertex 3 2 1.6
      vertex 4.6806 3.98658 1.6
      vertex 4.39607 4.92455 1.6
    endloop
  endfacet
  facet normal 0 0 1
    outer loop
      vertex 3 2 1.6
      vertex 5.14265 3.12215 1.6
      vertex 4.6806 3.98658 1.6
    endloop
  endfacet
  facet normal 0 0 1
    outer loop
      vertex 3 2 1.6
      vertex 5.76447 2.36447 1.6
      vertex 5.14265 3.12215 1.6
    endloop
  endfacet
  facet normal 0 0 1
    outer loop
      vertex 2.96593 1.74118 1.6
      vertex 5.76447 2.36447 1.6
      vertex 3 2 1.6
    endloop
  endfacet
  facet normal 0 0 1
    outer loop
      vertex 2.86602 1.5 1.6
      vertex 5.76447 2.36447 1.6
      vertex 2.96593 1.74118 1.6
    endloop
  endfacet
  facet normal 0 0 1
    outer loop
      vertex 5.76447 2.36447 1.6
      vertex 2.86602 1.5 1.6
      vertex 6.52215 1.74265 1.6
    endloop
  endfacet
  facet normal 0 0 1
    outer loop
      vertex 2.70711 1.29289 1.6
      vertex 6.52215 1.74265 1.6
      vertex 2.86602 1.5 1.6
    endloop
  endfacet
  facet normal 0 0 1
    outer loop
      vertex 2.5 1.13397 1.6
      vertex 6.52215 1.74265 1.6
      vertex 2.70711 1.29289 1.6
    endloop
  endfacet
  facet normal 0 0 1
    outer loop
      vertex 6.52215 1.74265 1.6
      vertex 2.5 1.13397 1.6
      vertex 7.38658 1.2806 1.6
    endloop
  endfacet
  facet normal 0 0 1
    outer loop
      vertex 2.25882 1.03407 1.6
      vertex 7.38658 1.2806 1.6
      vertex 2.5 1.13397 1.6
    endloop
  endfacet
  facet normal 0 0 1
    outer loop
      vertex 7.38658 1.2806 1.6
      vertex 2.25882 1.03407 1.6
      vertex 8.32455 0.996073 1.6
    endloop
  endfacet
  facet normal 0 0 1
    outer loop
      vertex 0 0 1.6
      vertex 8.32455 0.996073 1.6
      vertex 2.25882 1.03407 1.6
    endloop
  endfacet
  facet normal 0 0 1
    outer loop
      vertex 8.32455 0.996073 1.6
      vertex 0 0 1.6
      vertex 9.3 0.9 1.6
    endloop
  endfacet
  facet normal 0 0 1
    outer loop
      vertex 0 0 1.6
      vertex 2.25882 1.03407 1.6
      vertex 2 1 1.6
    endloop
  endfacet
  facet normal 0 0 1
    outer loop
      vertex 0 0 1.6
      vertex 0.9 11.9 1.6
      vertex 0 26 1.6
    endloop
  endfacet
  facet normal 0 0 1
    outer loop
      vertex 21.25 1 1.6
      vertex 0 0 1.6
      vertex 51 0 1.6
    endloop
  endfacet
  facet normal 0 0 1
    outer loop
      vertex 1.74118 1.03407 1.6
      vertex 0 0 1.6
      vertex 2 1 1.6
    endloop
  endfacet
  facet normal 0 0 1
    outer loop
      vertex 1.5 1.13397 1.6
      vertex 0 0 1.6
      vertex 1.74118 1.03407 1.6
    endloop
  endfacet
  facet normal 0 0 1
    outer loop
      vertex 1.29289 1.29289 1.6
      vertex 0 0 1.6
      vertex 1.5 1.13397 1.6
    endloop
  endfacet
  facet normal 0 0 1
    outer loop
      vertex 1.13397 1.5 1.6
      vertex 0 0 1.6
      vertex 1.29289 1.29289 1.6
    endloop
  endfacet
  facet normal 0 0 1
    outer loop
      vertex 1.03407 1.74118 1.6
      vertex 0 0 1.6
      vertex 1.13397 1.5 1.6
    endloop
  endfacet
  facet normal 0 0 1
    outer loop
      vertex 1 2 1.6
      vertex 0 0 1.6
      vertex 1.03407 1.74118 1.6
    endloop
  endfacet
  facet normal 0 0 1
    outer loop
      vertex 1.03407 2.25882 1.6
      vertex 0 0 1.6
      vertex 1 2 1.6
    endloop
  endfacet
  facet normal 0 0 1
    outer loop
      vertex 51 26 1.6
      vertex 49.9659 23.7412 1.6
      vertex 50.1 14.1 1.6
    endloop
  endfacet
  facet normal -0 0 1
    outer loop
      vertex 49.866 23.5 1.6
      vertex 50.1 14.1 1.6
      vertex 49.9659 23.7412 1.6
    endloop
  endfacet
  facet normal -0 0 1
    outer loop
      vertex 49.7071 23.2929 1.6
      vertex 50.1 14.1 1.6
      vertex 49.866 23.5 1.6
    endloop
  endfacet
  facet normal -0 0 1
    outer loop
      vertex 49.5 23.134 1.6
      vertex 50.1 14.1 1.6
      vertex 49.7071 23.2929 1.6
    endloop
  endfacet
  facet normal -0 0 1
    outer loop
      vertex 49.2588 23.0341 1.6
      vertex 50.1 14.1 1.6
      vertex 49.5 23.134 1.6
    endloop
  endfacet
  facet normal 0 0 1
    outer loop
      vertex 46.5 20 1.6
      vertex 49.2588 23.0341 1.6
      vertex 49 23 1.6
    endloop
  endfacet
  facet normal 0 0 1
    outer loop
      vertex 46.5 20 1.6
      vertex 49 23 1.6
      vertex 48.7412 23.0341 1.6
    endloop
  endfacet
  facet normal 0 0 1
    outer loop
      vertex 46.5 20 1.6
      vertex 48.7412 23.0341 1.6
      vertex 48.5 23.134 1.6
    endloop
  endfacet
  facet normal 0 0 1
    outer loop
      vertex 46.5 20 1.6
      vertex 48.5 23.134 1.6
      vertex 48.2929 23.2929 1.6
    endloop
  endfacet
  facet normal 0 0 1
    outer loop
      vertex 46.5 20 1.6
      vertex 48.2929 23.2929 1.6
      vertex 48.134 23.5 1.6
    endloop
  endfacet
  facet normal 0 0 1
    outer loop
      vertex 46.5 20 1.6
      vertex 48.134 23.5 1.6
      vertex 48.0341 23.7412 1.6
    endloop
  endfacet
  facet normal 0 0 1
    outer loop
      vertex 46.5 20 1.6
      vertex 48.0341 23.7412 1.6
      vertex 48 24 1.6
    endloop
  endfacet
  facet normal 0 0 1
    outer loop
      vertex 49.2588 23.0341 1.6
      vertex 46.5 20 1.6
      vertex 46.4039 19.0245 1.6
    endloop
  endfacet
  facet normal 0 0 1
    outer loop
      vertex 49.2588 23.0341 1.6
      vertex 46.4039 19.0245 1.6
      vertex 50.1 14.1 1.6
    endloop
  endfacet
  facet normal -0 0 1
    outer loop
      vertex 46.1194 18.0866 1.6
      vertex 50.1 14.1 1.6
      vertex 46.4039 19.0245 1.6
    endloop
  endfacet
  facet normal -0 0 1
    outer loop
      vertex 45.6573 17.2221 1.6
      vertex 50.1 14.1 1.6
      vertex 46.1194 18.0866 1.6
    endloop
  endfacet
  facet normal -0 0 1
    outer loop
      vertex 45.0355 16.4645 1.6
      vertex 50.1 14.1 1.6
      vertex 45.6573 17.2221 1.6
    endloop
  endfacet
  facet normal -0 0 1
    outer loop
      vertex 44.2779 15.8427 1.6
      vertex 50.1 14.1 1.6
      vertex 45.0355 16.4645 1.6
    endloop
  endfacet
  facet normal 0 0 1
    outer loop
      vertex 42.5 14.1 1.6
      vertex 44.2779 15.8427 1.6
      vertex 43.4134 15.3806 1.6
    endloop
  endfacet
  facet normal 0 0 1
    outer loop
      vertex 44.2779 15.8427 1.6
      vertex 42.5 14.1 1.6
      vertex 50.1 14.1 1.6
    endloop
  endfacet
  facet normal -0 0 1
    outer loop
      vertex 42.4755 15.0961 1.6
      vertex 42.5 14.1 1.6
      vertex 43.4134 15.3806 1.6
    endloop
  endfacet
  facet normal 0 0 1
    outer loop
      vertex 42 14 1.6
      vertex 42.5 14.1 1.6
      vertex 42.4755 15.0961 1.6
    endloop
  endfacet
  facet normal 0 0 1
    outer loop
      vertex 42.5 14.1 1.6
      vertex 42 14 1.6
      vertex 42.5 14 1.6
    endloop
  endfacet
  facet normal 0 0 1
    outer loop
      vertex 41.1 14 1.6
      vertex 42 14 1.6
      vertex 41.5 15 1.6
    endloop
  endfacet
  facet normal -0 0 1
    outer loop
      vertex 41.5 15 1.6
      vertex 42 14 1.6
      vertex 42.4755 15.0961 1.6
    endloop
  endfacet
  facet normal 0 0 -1
    outer loop
      vertex 2.70711 2.70711 0
      vertex 5.5 14.7 0
      vertex 2.86602 2.5 0
    endloop
  endfacet
  facet normal 0 0 -1
    outer loop
      vertex 4.7 14.7 0
      vertex 2.96593 23.7412 0
      vertex 3 24 0
    endloop
  endfacet
  facet normal 0 0 -1
    outer loop
      vertex 2.5 2.86602 0
      vertex 5.5 14.7 0
      vertex 2.70711 2.70711 0
    endloop
  endfacet
  facet normal 0 0 -1
    outer loop
      vertex 4.7 14.7 0
      vertex 2.86602 23.5 0
      vertex 2.96593 23.7412 0
    endloop
  endfacet
  facet normal -0 0 -1
    outer loop
      vertex 5.5 14.7 0
      vertex 2.5 2.86602 0
      vertex 4.7 14.7 0
    endloop
  endfacet
  facet normal 0 0 -1
    outer loop
      vertex 4.7 14.7 0
      vertex 2.70711 23.2929 0
      vertex 2.86602 23.5 0
    endloop
  endfacet
  facet normal 0 0 -1
    outer loop
      vertex 2.25882 2.96593 0
      vertex 4.7 14.7 0
      vertex 2.5 2.86602 0
    endloop
  endfacet
  facet normal 0 0 -1
    outer loop
      vertex 4.7 14.7 0
      vertex 2.5 23.134 0
      vertex 2.70711 23.2929 0
    endloop
  endfacet
  facet normal 0 0 -1
    outer loop
      vertex 2 3 0
      vertex 4.7 14.7 0
      vertex 2.25882 2.96593 0
    endloop
  endfacet
  facet normal 0 0 -1
    outer loop
      vertex 4.7 14.7 0
      vertex 2.25882 23.0341 0
      vertex 2.5 23.134 0
    endloop
  endfacet
  facet normal 0 0 -1
    outer loop
      vertex 1.74118 2.96593 0
      vertex 4.7 14.7 0
      vertex 2 3 0
    endloop
  endfacet
  facet normal 0 0 -1
    outer loop
      vertex 4.7 14.7 0
      vertex 2 23 0
      vertex 2.25882 23.0341 0
    endloop
  endfacet
  facet normal 0 0 -1
    outer loop
      vertex 1.5 2.86602 0
      vertex 4.7 14.7 0
      vertex 1.74118 2.96593 0
    endloop
  endfacet
  facet normal 0 0 -1
    outer loop
      vertex 4.7 14.7 0
      vertex 1.74118 23.0341 0
      vertex 2 23 0
    endloop
  endfacet
  facet normal 0 0 -1
    outer loop
      vertex 1.29289 2.70711 0
      vertex 4.7 14.7 0
      vertex 1.5 2.86602 0
    endloop
  endfacet
  facet normal 0 0 -1
    outer loop
      vertex 4.7 14.7 0
      vertex 1.5 23.134 0
      vertex 1.74118 23.0341 0
    endloop
  endfacet
  facet normal 0 0 -1
    outer loop
      vertex 1.29289 23.2929 0
      vertex 4.7 14.7 0
      vertex 1.29289 2.70711 0
    endloop
  endfacet
  facet normal 0 0 -1
    outer loop
      vertex 4.7 14.7 0
      vertex 1.29289 23.2929 0
      vertex 1.5 23.134 0
    endloop
  endfacet
  facet normal 0 0 -1
    outer loop
      vertex 1.13397 2.5 0
      vertex 1.29289 23.2929 0
      vertex 1.29289 2.70711 0
    endloop
  endfacet
  facet normal 0 0 -1
    outer loop
      vertex 1.13397 2.5 0
      vertex 1.13397 23.5 0
      vertex 1.29289 23.2929 0
    endloop
  endfacet
  facet normal 0 0 -1
    outer loop
      vertex 1.03407 2.25882 0
      vertex 1.13397 23.5 0
      vertex 1.13397 2.5 0
    endloop
  endfacet
  facet normal 0 0 -1
    outer loop
      vertex 1.03407 2.25882 0
      vertex 1.03407 23.7412 0
      vertex 1.13397 23.5 0
    endloop
  endfacet
  facet normal 0 0 -1
    outer loop
      vertex 0 0 0
      vertex 1.03407 2.25882 0
      vertex 1 2 0
    endloop
  endfacet
  facet normal -0 0 -1
    outer loop
      vertex 1.03407 2.25882 0
      vertex 0 0 0
      vertex 1.03407 23.7412 0
    endloop
  endfacet
  facet normal 0 0 -1
    outer loop
      vertex 4.7 15.5 0
      vertex 5.5 19.7 0
      vertex 5.5 15.5 0
    endloop
  endfacet
  facet normal -0 0 -1
    outer loop
      vertex 5.5 19.7 0
      vertex 4.7 15.5 0
      vertex 4.7 19.7 0
    endloop
  endfacet
  facet normal 0 0 -1
    outer loop
      vertex 26.45 18.45 0
      vertex 26.95 22.95 0
      vertex 26.95 18.45 0
    endloop
  endfacet
  facet normal -0 0 -1
    outer loop
      vertex 26.95 22.95 0
      vertex 26.45 18.45 0
      vertex 26.45 22.95 0
    endloop
  endfacet
  facet normal 0 0 -1
    outer loop
      vertex 32.05 18.45 0
      vertex 32.55 22.95 0
      vertex 32.55 18.45 0
    endloop
  endfacet
  facet normal -0 0 -1
    outer loop
      vertex 32.55 22.95 0
      vertex 32.05 18.45 0
      vertex 32.05 22.95 0
    endloop
  endfacet
  facet normal 0 0 -1
    outer loop
      vertex 46.3 7.1 0
      vertex 47.1 11.3 0
      vertex 47.1 7.1 0
    endloop
  endfacet
  facet normal -0 0 -1
    outer loop
      vertex 47.1 11.3 0
      vertex 46.3 7.1 0
      vertex 46.3 11.3 0
    endloop
  endfacet
  facet normal 0 0 -1
    outer loop
      vertex 49.9659 23.7412 0
      vertex 51 26 0
      vertex 49.9659 2.25882 0
    endloop
  endfacet
  facet normal 0 0 -1
    outer loop
      vertex 51 26 0
      vertex 49.9659 23.7412 0
      vertex 50 24 0
    endloop
  endfacet
  facet normal 0 0 -1
    outer loop
      vertex 49.866 2.5 0
      vertex 49.9659 23.7412 0
      vertex 49.9659 2.25882 0
    endloop
  endfacet
  facet normal 0 0 -1
    outer loop
      vertex 49.866 2.5 0
      vertex 49.866 23.5 0
      vertex 49.9659 23.7412 0
    endloop
  endfacet
  facet normal 0 0 -1
    outer loop
      vertex 47.1 11.3 0
      vertex 49.866 2.5 0
      vertex 49.7071 2.70711 0
    endloop
  endfacet
  facet normal 0 0 -1
    outer loop
      vertex 49.866 2.5 0
      vertex 47.1 12.1 0
      vertex 49.866 23.5 0
    endloop
  endfacet
  facet normal 0 0 -1
    outer loop
      vertex 47.1 7.1 0
      vertex 49.7071 2.70711 0
      vertex 49.5 2.86602 0
    endloop
  endfacet
  facet normal 0 0 -1
    outer loop
      vertex 49.866 23.5 0
      vertex 47.1 12.1 0
      vertex 49.7071 23.2929 0
    endloop
  endfacet
  facet normal 0 0 -1
    outer loop
      vertex 47.1 6.3 0
      vertex 49.5 2.86602 0
      vertex 49.2588 2.96593 0
    endloop
  endfacet
  facet normal 0 0 -1
    outer loop
      vertex 49.7071 23.2929 0
      vertex 47.1 12.1 0
      vertex 49.5 23.134 0
    endloop
  endfacet
  facet normal 0 0 -1
    outer loop
      vertex 47.1 6.3 0
      vertex 49.2588 2.96593 0
      vertex 49 3 0
    endloop
  endfacet
  facet normal 0 0 -1
    outer loop
      vertex 49.5 23.134 0
      vertex 47.1 12.1 0
      vertex 49.2588 23.0341 0
    endloop
  endfacet
  facet normal 0 0 -1
    outer loop
      vertex 47.1 6.3 0
      vertex 49 3 0
      vertex 48.7412 2.96593 0
    endloop
  endfacet
  facet normal 0 0 -1
    outer loop
      vertex 49.2588 23.0341 0
      vertex 47.1 12.1 0
      vertex 49 23 0
    endloop
  endfacet
  facet normal 0 0 -1
    outer loop
      vertex 47.1 6.3 0
      vertex 48.7412 2.96593 0
      vertex 48.5 2.86602 0
    endloop
  endfacet
  facet normal -0 0 -1
    outer loop
      vertex 49 23 0
      vertex 47.1 12.1 0
      vertex 48.7412 23.0341 0
    endloop
  endfacet
  facet normal 0 0 -1
    outer loop
      vertex 47.1 6.3 0
      vertex 48.5 2.86602 0
      vertex 48.2929 2.70711 0
    endloop
  endfacet
  facet normal 0 0 -1
    outer loop
      vertex 46.3 12.1 0
      vertex 48.7412 23.0341 0
      vertex 47.1 12.1 0
    endloop
  endfacet
  facet normal 0 0 -1
    outer loop
      vertex 46.3 6.3 0
      vertex 48.2929 2.70711 0
      vertex 48.134 2.5 0
    endloop
  endfacet
  facet normal -0 0 -1
    outer loop
      vertex 48.7412 23.0341 0
      vertex 46.3 12.1 0
      vertex 48.5 23.134 0
    endloop
  endfacet
  facet normal 0 0 -1
    outer loop
      vertex 46.3 6.3 0
      vertex 48.134 2.5 0
      vertex 48.0341 2.25882 0
    endloop
  endfacet
  facet normal -0 0 -1
    outer loop
      vertex 48.5 23.134 0
      vertex 46.3 12.1 0
      vertex 48.2929 23.2929 0
    endloop
  endfacet
  facet normal 0 0 -1
    outer loop
      vertex 46.3 6.3 0
      vertex 48.0341 2.25882 0
      vertex 48 2 0
    endloop
  endfacet
  facet normal -0 0 -1
    outer loop
      vertex 48.2929 23.2929 0
      vertex 46.3 12.1 0
      vertex 48.134 23.5 0
    endloop
  endfacet
  facet normal 0 0 -1
    outer loop
      vertex 49.9659 2.25882 0
      vertex 51 0 0
      vertex 50 2 0
    endloop
  endfacet
  facet normal 0 0 -1
    outer loop
      vertex 51 0 0
      vertex 49.9659 1.74118 0
      vertex 50 2 0
    endloop
  endfacet
  facet normal 0 0 -1
    outer loop
      vertex 51 0 0
      vertex 49.866 1.5 0
      vertex 49.9659 1.74118 0
    endloop
  endfacet
  facet normal 0 0 -1
    outer loop
      vertex 51 0 0
      vertex 49.7071 1.29289 0
      vertex 49.866 1.5 0
    endloop
  endfacet
  facet normal 0 0 -1
    outer loop
      vertex 51 0 0
      vertex 49.5 1.13397 0
      vertex 49.7071 1.29289 0
    endloop
  endfacet
  facet normal 0 0 -1
    outer loop
      vertex 51 0 0
      vertex 49.2588 1.03407 0
      vertex 49.5 1.13397 0
    endloop
  endfacet
  facet normal 0 0 -1
    outer loop
      vertex 51 0 0
      vertex 49 1 0
      vertex 49.2588 1.03407 0
    endloop
  endfacet
  facet normal 0 0 -1
    outer loop
      vertex 51 0 0
      vertex 48.7412 1.03407 0
      vertex 49 1 0
    endloop
  endfacet
  facet normal 0 0 -1
    outer loop
      vertex 51 0 0
      vertex 48.5 1.13397 0
      vertex 48.7412 1.03407 0
    endloop
  endfacet
  facet normal 0 0 -1
    outer loop
      vertex 49.5 2.86602 0
      vertex 47.1 6.3 0
      vertex 47.1 7.1 0
    endloop
  endfacet
  facet normal 0 0 -1
    outer loop
      vertex 46.3 6.3 0
      vertex 48 2 0
      vertex 48.0341 1.74118 0
    endloop
  endfacet
  facet normal 0 0 -1
    outer loop
      vertex 48.2929 2.70711 0
      vertex 46.3 6.3 0
      vertex 47.1 6.3 0
    endloop
  endfacet
  facet normal 0 0 -1
    outer loop
      vertex 32.55 17.95 0
      vertex 46.3 7.1 0
      vertex 46.3 6.3 0
    endloop
  endfacet
  facet normal 0 0 -1
    outer loop
      vertex 46.3 7.1 0
      vertex 32.55 17.95 0
      vertex 46.3 11.3 0
    endloop
  endfacet
  facet normal 0 0 -1
    outer loop
      vertex 46.3 11.3 0
      vertex 32.55 17.95 0
      vertex 46.3 12.1 0
    endloop
  endfacet
  facet normal 0 0 -1
    outer loop
      vertex 26.95 17.95 0
      vertex 46.3 6.3 0
      vertex 48.0341 1.74118 0
    endloop
  endfacet
  facet normal 0 0 -1
    outer loop
      vertex 2.96593 1.74118 0
      vertex 48.0341 1.74118 0
      vertex 48.134 1.5 0
    endloop
  endfacet
  facet normal 0 0 -1
    outer loop
      vertex 2.86602 1.5 0
      vertex 48.134 1.5 0
      vertex 48.2929 1.29289 0
    endloop
  endfacet
  facet normal 0 0 -1
    outer loop
      vertex 46.3 6.3 0
      vertex 32.05 17.95 0
      vertex 32.55 17.95 0
    endloop
  endfacet
  facet normal 0 0 -1
    outer loop
      vertex 26.95 18.45 0
      vertex 32.05 18.45 0
      vertex 32.05 17.95 0
    endloop
  endfacet
  facet normal 0 0 -1
    outer loop
      vertex 32.05 18.45 0
      vertex 26.95 18.45 0
      vertex 32.05 22.95 0
    endloop
  endfacet
  facet normal 0 0 -1
    outer loop
      vertex 26.95 18.45 0
      vertex 32.05 17.95 0
      vertex 26.95 17.95 0
    endloop
  endfacet
  facet normal 0 0 -1
    outer loop
      vertex 46.3 6.3 0
      vertex 26.95 17.95 0
      vertex 32.05 17.95 0
    endloop
  endfacet
  facet normal 0 0 -1
    outer loop
      vertex 48.0341 1.74118 0
      vertex 26.45 17.95 0
      vertex 26.95 17.95 0
    endloop
  endfacet
  facet normal 0 0 -1
    outer loop
      vertex 2.70711 1.29289 0
      vertex 48.2929 1.29289 0
      vertex 48.5 1.13397 0
    endloop
  endfacet
  facet normal 0 0 -1
    outer loop
      vertex 8.74472 23.7107 0
      vertex 26.45 18.45 0
      vertex 26.45 17.95 0
    endloop
  endfacet
  facet normal 0 0 -1
    outer loop
      vertex 26.45 18.45 0
      vertex 8.82286 23.8461 0
      vertex 26.45 22.95 0
    endloop
  endfacet
  facet normal 0 -0 -1
    outer loop
      vertex 8.85 24 0
      vertex 26.45 22.95 0
      vertex 8.82286 23.8461 0
    endloop
  endfacet
  facet normal 0 0 -1
    outer loop
      vertex 48.0341 1.74118 0
      vertex 2.96593 1.74118 0
      vertex 26.45 17.95 0
    endloop
  endfacet
  facet normal 0 0 -1
    outer loop
      vertex 26.45 22.95 0
      vertex 8.85 24 0
      vertex 26.45 23.45 0
    endloop
  endfacet
  facet normal 0 0 -1
    outer loop
      vertex 26.45 18.45 0
      vertex 8.74472 23.7107 0
      vertex 8.82286 23.8461 0
    endloop
  endfacet
  facet normal 0 0 -1
    outer loop
      vertex 5.5 15.5 0
      vertex 26.45 17.95 0
      vertex 5.5 14.7 0
    endloop
  endfacet
  facet normal -0 0 -1
    outer loop
      vertex 26.45 17.95 0
      vertex 5.5 15.5 0
      vertex 8.74472 23.7107 0
    endloop
  endfacet
  facet normal 0 0 -1
    outer loop
      vertex 8.74472 23.7107 0
      vertex 5.5 15.5 0
      vertex 8.625 23.6103 0
    endloop
  endfacet
  facet normal 0 0 -1
    outer loop
      vertex 5.5 19.7 0
      vertex 8.625 23.6103 0
      vertex 5.5 15.5 0
    endloop
  endfacet
  facet normal 0 0 -1
    outer loop
      vertex 7.97714 23.8461 0
      vertex 6.25 24 0
      vertex 7.95 24 0
    endloop
  endfacet
  facet normal 0 0 -1
    outer loop
      vertex 6.22286 23.8461 0
      vertex 7.97714 23.8461 0
      vertex 8.05528 23.7107 0
    endloop
  endfacet
  facet normal 0 0 -1
    outer loop
      vertex 6.14472 23.7107 0
      vertex 8.05528 23.7107 0
      vertex 8.175 23.6103 0
    endloop
  endfacet
  facet normal 0 0 -1
    outer loop
      vertex 8.625 23.6103 0
      vertex 5.5 19.7 0
      vertex 8.47814 23.5568 0
    endloop
  endfacet
  facet normal 0 0 -1
    outer loop
      vertex 7.97714 23.8461 0
      vertex 6.22286 23.8461 0
      vertex 6.25 24 0
    endloop
  endfacet
  facet normal -0 0 -1
    outer loop
      vertex 8.32186 23.5568 0
      vertex 5.5 20.5 0
      vertex 8.175 23.6103 0
    endloop
  endfacet
  facet normal 0 -0 -1
    outer loop
      vertex 6.025 23.6103 0
      vertex 8.175 23.6103 0
      vertex 5.5 20.5 0
    endloop
  endfacet
  facet normal 0 0 -1
    outer loop
      vertex 8.05528 23.7107 0
      vertex 6.14472 23.7107 0
      vertex 6.22286 23.8461 0
    endloop
  endfacet
  facet normal 0 0 -1
    outer loop
      vertex 8.175 23.6103 0
      vertex 6.025 23.6103 0
      vertex 6.14472 23.7107 0
    endloop
  endfacet
  facet normal -0 0 -1
    outer loop
      vertex 5.87814 23.5568 0
      vertex 5.5 20.5 0
      vertex 5.72186 23.5568 0
    endloop
  endfacet
  facet normal 0 0 -1
    outer loop
      vertex 5.5 20.5 0
      vertex 8.47814 23.5568 0
      vertex 5.5 19.7 0
    endloop
  endfacet
  facet normal 0 0 -1
    outer loop
      vertex 2.5 1.13397 0
      vertex 48.5 1.13397 0
      vertex 51 0 0
    endloop
  endfacet
  facet normal 0 0 -1
    outer loop
      vertex 2.96593 2.25882 0
      vertex 26.45 17.95 0
      vertex 3 2 0
    endloop
  endfacet
  facet normal 0 0 -1
    outer loop
      vertex 3 24 0
      vertex 4.7 15.5 0
      vertex 4.7 14.7 0
    endloop
  endfacet
  facet normal 0 0 -1
    outer loop
      vertex 4.7 15.5 0
      vertex 3 24 0
      vertex 4.7 19.7 0
    endloop
  endfacet
  facet normal 0 0 -1
    outer loop
      vertex 2.86602 2.5 0
      vertex 5.5 14.7 0
      vertex 2.96593 2.25882 0
    endloop
  endfacet
  facet normal 0 0 -1
    outer loop
      vertex 26.45 17.95 0
      vertex 2.96593 2.25882 0
      vertex 5.5 14.7 0
    endloop
  endfacet
  facet normal 0 0 -1
    outer loop
      vertex 26.45 17.95 0
      vertex 2.96593 1.74118 0
      vertex 3 2 0
    endloop
  endfacet
  facet normal 0 0 -1
    outer loop
      vertex 48.134 1.5 0
      vertex 2.86602 1.5 0
      vertex 2.96593 1.74118 0
    endloop
  endfacet
  facet normal 0 0 -1
    outer loop
      vertex 48.2929 1.29289 0
      vertex 2.70711 1.29289 0
      vertex 2.86602 1.5 0
    endloop
  endfacet
  facet normal 0 0 -1
    outer loop
      vertex 48.5 1.13397 0
      vertex 2.5 1.13397 0
      vertex 2.70711 1.29289 0
    endloop
  endfacet
  facet normal 0 0 -1
    outer loop
      vertex 0 0 0
      vertex 2.5 1.13397 0
      vertex 51 0 0
    endloop
  endfacet
  facet normal 0 0 -1
    outer loop
      vertex 2.5 1.13397 0
      vertex 0 0 0
      vertex 2.25882 1.03407 0
    endloop
  endfacet
  facet normal 0 0 -1
    outer loop
      vertex 0 26 0
      vertex 1.03407 23.7412 0
      vertex 0 0 0
    endloop
  endfacet
  facet normal -0 0 -1
    outer loop
      vertex 1.03407 1.74118 0
      vertex 0 0 0
      vertex 1 2 0
    endloop
  endfacet
  facet normal -0 0 -1
    outer loop
      vertex 1.13397 1.5 0
      vertex 0 0 0
      vertex 1.03407 1.74118 0
    endloop
  endfacet
  facet normal -0 0 -1
    outer loop
      vertex 1.29289 1.29289 0
      vertex 0 0 0
      vertex 1.13397 1.5 0
    endloop
  endfacet
  facet normal -0 0 -1
    outer loop
      vertex 1.5 1.13397 0
      vertex 0 0 0
      vertex 1.29289 1.29289 0
    endloop
  endfacet
  facet normal -0 0 -1
    outer loop
      vertex 1.74118 1.03407 0
      vertex 0 0 0
      vertex 1.5 1.13397 0
    endloop
  endfacet
  facet normal -0 0 -1
    outer loop
      vertex 2 1 0
      vertex 0 0 0
      vertex 1.74118 1.03407 0
    endloop
  endfacet
  facet normal 0 0 -1
    outer loop
      vertex 2.25882 1.03407 0
      vertex 0 0 0
      vertex 2 1 0
    endloop
  endfacet
  facet normal 0 0 -1
    outer loop
      vertex 51 0 0
      vertex 49.9659 2.25882 0
      vertex 51 26 0
    endloop
  endfacet
  facet normal 0 0 -1
    outer loop
      vertex 49.9659 24.2588 0
      vertex 51 26 0
      vertex 50 24 0
    endloop
  endfacet
  facet normal 0 0 -1
    outer loop
      vertex 49.866 24.5 0
      vertex 51 26 0
      vertex 49.9659 24.2588 0
    endloop
  endfacet
  facet normal 0 0 -1
    outer loop
      vertex 49.7071 24.7071 0
      vertex 51 26 0
      vertex 49.866 24.5 0
    endloop
  endfacet
  facet normal 0 0 -1
    outer loop
      vertex 49.5 24.866 0
      vertex 51 26 0
      vertex 49.7071 24.7071 0
    endloop
  endfacet
  facet normal 0 0 -1
    outer loop
      vertex 49.2588 24.9659 0
      vertex 51 26 0
      vertex 49.5 24.866 0
    endloop
  endfacet
  facet normal 0 0 -1
    outer loop
      vertex 49 25 0
      vertex 51 26 0
      vertex 49.2588 24.9659 0
    endloop
  endfacet
  facet normal 0 0 -1
    outer loop
      vertex 48.7412 24.9659 0
      vertex 51 26 0
      vertex 49 25 0
    endloop
  endfacet
  facet normal 0 0 -1
    outer loop
      vertex 32.55 23.45 0
      vertex 48.7412 24.9659 0
      vertex 48.5 24.866 0
    endloop
  endfacet
  facet normal 0 0 -1
    outer loop
      vertex 49.7071 2.70711 0
      vertex 47.1 7.1 0
      vertex 47.1 11.3 0
    endloop
  endfacet
  facet normal 0 0 -1
    outer loop
      vertex 49.866 2.5 0
      vertex 47.1 11.3 0
      vertex 47.1 12.1 0
    endloop
  endfacet
  facet normal 0 0 -1
    outer loop
      vertex 32.55 18.45 0
      vertex 48.134 23.5 0
      vertex 46.3 12.1 0
    endloop
  endfacet
  facet normal -0 0 -1
    outer loop
      vertex 48.134 23.5 0
      vertex 32.55 18.45 0
      vertex 48.0341 23.7412 0
    endloop
  endfacet
  facet normal 0 0 -1
    outer loop
      vertex 32.55 22.95 0
      vertex 48.0341 23.7412 0
      vertex 32.55 18.45 0
    endloop
  endfacet
  facet normal 0 0 -1
    outer loop
      vertex 32.55 18.45 0
      vertex 46.3 12.1 0
      vertex 32.55 17.95 0
    endloop
  endfacet
  facet normal -0 0 -1
    outer loop
      vertex 48.0341 23.7412 0
      vertex 32.55 22.95 0
      vertex 48 24 0
    endloop
  endfacet
  facet normal 0 0 -1
    outer loop
      vertex 32.55 23.45 0
      vertex 48 24 0
      vertex 32.55 22.95 0
    endloop
  endfacet
  facet normal -0 0 -1
    outer loop
      vertex 48 24 0
      vertex 32.55 23.45 0
      vertex 48.0341 24.2588 0
    endloop
  endfacet
  facet normal -0 0 -1
    outer loop
      vertex 48.0341 24.2588 0
      vertex 32.55 23.45 0
      vertex 48.134 24.5 0
    endloop
  endfacet
  facet normal -0 0 -1
    outer loop
      vertex 48.134 24.5 0
      vertex 32.55 23.45 0
      vertex 48.2929 24.7071 0
    endloop
  endfacet
  facet normal -0 0 -1
    outer loop
      vertex 48.2929 24.7071 0
      vertex 32.55 23.45 0
      vertex 48.5 24.866 0
    endloop
  endfacet
  facet normal -0 0 -1
    outer loop
      vertex 48.7412 24.9659 0
      vertex 32.55 23.45 0
      vertex 51 26 0
    endloop
  endfacet
  facet normal 0 0 -1
    outer loop
      vertex 32.05 23.45 0
      vertex 51 26 0
      vertex 32.55 23.45 0
    endloop
  endfacet
  facet normal 0 0 -1
    outer loop
      vertex 26.95 22.95 0
      vertex 32.05 22.95 0
      vertex 26.95 18.45 0
    endloop
  endfacet
  facet normal 0 0 -1
    outer loop
      vertex 32.05 22.95 0
      vertex 26.95 22.95 0
      vertex 32.05 23.45 0
    endloop
  endfacet
  facet normal 0 0 -1
    outer loop
      vertex 26.95 23.45 0
      vertex 32.05 23.45 0
      vertex 26.95 22.95 0
    endloop
  endfacet
  facet normal 0 0 -1
    outer loop
      vertex 32.05 23.45 0
      vertex 26.95 23.45 0
      vertex 51 26 0
    endloop
  endfacet
  facet normal 0 0 -1
    outer loop
      vertex 26.45 23.45 0
      vertex 51 26 0
      vertex 26.95 23.45 0
    endloop
  endfacet
  facet normal 0 0 -1
    outer loop
      vertex 8.82286 24.1539 0
      vertex 26.45 23.45 0
      vertex 8.85 24 0
    endloop
  endfacet
  facet normal 0 0 -1
    outer loop
      vertex 8.74472 24.2893 0
      vertex 26.45 23.45 0
      vertex 8.82286 24.1539 0
    endloop
  endfacet
  facet normal 0 0 -1
    outer loop
      vertex 8.625 24.3897 0
      vertex 26.45 23.45 0
      vertex 8.74472 24.2893 0
    endloop
  endfacet
  facet normal 0 0 -1
    outer loop
      vertex 8.47814 24.4432 0
      vertex 26.45 23.45 0
      vertex 8.625 24.3897 0
    endloop
  endfacet
  facet normal 0 0 -1
    outer loop
      vertex 0 26 0
      vertex 26.45 23.45 0
      vertex 8.47814 24.4432 0
    endloop
  endfacet
  facet normal 0 0 -1
    outer loop
      vertex 0 26 0
      vertex 8.47814 24.4432 0
      vertex 8.32186 24.4432 0
    endloop
  endfacet
  facet normal 0 0 -1
    outer loop
      vertex 6.25 24 0
      vertex 7.97714 24.1539 0
      vertex 7.95 24 0
    endloop
  endfacet
  facet normal 0 0 -1
    outer loop
      vertex 6.22286 24.1539 0
      vertex 7.97714 24.1539 0
      vertex 6.25 24 0
    endloop
  endfacet
  facet normal 0 0 -1
    outer loop
      vertex 7.97714 24.1539 0
      vertex 6.22286 24.1539 0
      vertex 8.05528 24.2893 0
    endloop
  endfacet
  facet normal 0 0 -1
    outer loop
      vertex 6.14472 24.2893 0
      vertex 8.05528 24.2893 0
      vertex 6.22286 24.1539 0
    endloop
  endfacet
  facet normal 0 0 -1
    outer loop
      vertex 8.05528 24.2893 0
      vertex 6.14472 24.2893 0
      vertex 8.175 24.3897 0
    endloop
  endfacet
  facet normal 0 0 -1
    outer loop
      vertex 6.025 24.3897 0
      vertex 8.175 24.3897 0
      vertex 6.14472 24.2893 0
    endloop
  endfacet
  facet normal 0 0 -1
    outer loop
      vertex 8.175 24.3897 0
      vertex 6.025 24.3897 0
      vertex 8.32186 24.4432 0
    endloop
  endfacet
  facet normal 0 0 -1
    outer loop
      vertex 5.87814 24.4432 0
      vertex 8.32186 24.4432 0
      vertex 6.025 24.3897 0
    endloop
  endfacet
  facet normal 0 0 -1
    outer loop
      vertex 0 26 0
      vertex 8.32186 24.4432 0
      vertex 5.87814 24.4432 0
    endloop
  endfacet
  facet normal 0 0 -1
    outer loop
      vertex 0 26 0
      vertex 5.87814 24.4432 0
      vertex 5.72186 24.4432 0
    endloop
  endfacet
  facet normal 0 0 -1
    outer loop
      vertex 5.37714 23.8461 0
      vertex 3 24 0
      vertex 5.35 24 0
    endloop
  endfacet
  facet normal 0 0 -1
    outer loop
      vertex 4.7 19.7 0
      vertex 3 24 0
      vertex 4.7 20.5 0
    endloop
  endfacet
  facet normal 0 0 -1
    outer loop
      vertex 5.35 24 0
      vertex 3 24 0
      vertex 5.37714 24.1539 0
    endloop
  endfacet
  facet normal 0 0 -1
    outer loop
      vertex 2.96593 24.2588 0
      vertex 5.37714 24.1539 0
      vertex 3 24 0
    endloop
  endfacet
  facet normal 0 0 -1
    outer loop
      vertex 5.37714 24.1539 0
      vertex 2.96593 24.2588 0
      vertex 5.45528 24.2893 0
    endloop
  endfacet
  facet normal 0 0 -1
    outer loop
      vertex 2.86602 24.5 0
      vertex 5.45528 24.2893 0
      vertex 2.96593 24.2588 0
    endloop
  endfacet
  facet normal 0 0 -1
    outer loop
      vertex 2.70711 24.7071 0
      vertex 5.45528 24.2893 0
      vertex 2.86602 24.5 0
    endloop
  endfacet
  facet normal 0 0 -1
    outer loop
      vertex 5.45528 24.2893 0
      vertex 2.70711 24.7071 0
      vertex 5.575 24.3897 0
    endloop
  endfacet
  facet normal 0 0 -1
    outer loop
      vertex 2.5 24.866 0
      vertex 5.575 24.3897 0
      vertex 2.70711 24.7071 0
    endloop
  endfacet
  facet normal 0 0 -1
    outer loop
      vertex 5.575 24.3897 0
      vertex 2.5 24.866 0
      vertex 5.72186 24.4432 0
    endloop
  endfacet
  facet normal 0 0 -1
    outer loop
      vertex 2.25882 24.9659 0
      vertex 5.72186 24.4432 0
      vertex 2.5 24.866 0
    endloop
  endfacet
  facet normal 0 0 -1
    outer loop
      vertex 5.72186 24.4432 0
      vertex 2.25882 24.9659 0
      vertex 0 26 0
    endloop
  endfacet
  facet normal 0 0 -1
    outer loop
      vertex 0 26 0
      vertex 2.25882 24.9659 0
      vertex 2 25 0
    endloop
  endfacet
  facet normal 0 0 -1
    outer loop
      vertex 26.45 23.45 0
      vertex 0 26 0
      vertex 51 26 0
    endloop
  endfacet
  facet normal 0 0 -1
    outer loop
      vertex 1.74118 24.9659 0
      vertex 0 26 0
      vertex 2 25 0
    endloop
  endfacet
  facet normal 0 0 -1
    outer loop
      vertex 1.5 24.866 0
      vertex 0 26 0
      vertex 1.74118 24.9659 0
    endloop
  endfacet
  facet normal 0 0 -1
    outer loop
      vertex 1.29289 24.7071 0
      vertex 0 26 0
      vertex 1.5 24.866 0
    endloop
  endfacet
  facet normal 0 0 -1
    outer loop
      vertex 1.13397 24.5 0
      vertex 0 26 0
      vertex 1.29289 24.7071 0
    endloop
  endfacet
  facet normal 0 0 -1
    outer loop
      vertex 1.03407 24.2588 0
      vertex 0 26 0
      vertex 1.13397 24.5 0
    endloop
  endfacet
  facet normal 0 0 -1
    outer loop
      vertex 1 24 0
      vertex 0 26 0
      vertex 1.03407 24.2588 0
    endloop
  endfacet
  facet normal 0 0 -1
    outer loop
      vertex 1.03407 23.7412 0
      vertex 0 26 0
      vertex 1 24 0
    endloop
  endfacet
  facet normal -0 0 -1
    outer loop
      vertex 8.47814 23.5568 0
      vertex 5.5 20.5 0
      vertex 8.32186 23.5568 0
    endloop
  endfacet
  facet normal 0 0 -1
    outer loop
      vertex 6.025 23.6103 0
      vertex 5.5 20.5 0
      vertex 5.87814 23.5568 0
    endloop
  endfacet
  facet normal -0 0 -1
    outer loop
      vertex 5.72186 23.5568 0
      vertex 5.5 20.5 0
      vertex 5.575 23.6103 0
    endloop
  endfacet
  facet normal 0 0 -1
    outer loop
      vertex 4.7 20.5 0
      vertex 5.575 23.6103 0
      vertex 5.5 20.5 0
    endloop
  endfacet
  facet normal -0 0 -1
    outer loop
      vertex 5.575 23.6103 0
      vertex 4.7 20.5 0
      vertex 5.45528 23.7107 0
    endloop
  endfacet
  facet normal 0 0 -1
    outer loop
      vertex 3 24 0
      vertex 5.45528 23.7107 0
      vertex 4.7 20.5 0
    endloop
  endfacet
  facet normal 0 0 -1
    outer loop
      vertex 5.45528 23.7107 0
      vertex 3 24 0
      vertex 5.37714 23.8461 0
    endloop
  endfacet
  facet normal -1 0 0
    outer loop
      vertex 0 0 0
      vertex 0 26 1.6
      vertex 0 26 0
    endloop
  endfacet
  facet normal -1 -0 0
    outer loop
      vertex 0 26 1.6
      vertex 0 0 0
      vertex 0 0 1.6
    endloop
  endfacet
  facet normal 0 1 -0
    outer loop
      vertex 51 26 0
      vertex 0 26 1.6
      vertex 51 26 1.6
    endloop
  endfacet
  facet normal 0 1 0
    outer loop
      vertex 0 26 1.6
      vertex 51 26 0
      vertex 0 26 0
    endloop
  endfacet
  facet normal 0 -1 0
    outer loop
      vertex 0 0 0
      vertex 51 0 1.6
      vertex 0 0 1.6
    endloop
  endfacet
  facet normal 0 -1 -0
    outer loop
      vertex 51 0 1.6
      vertex 0 0 0
      vertex 51 0 0
    endloop
  endfacet
  facet normal 0 -0.890977 0.454048
    outer loop
      vertex 0.9 15.9944 7.85954
      vertex 8.5 16.2217 8.30557
      vertex 0.9 16.2217 8.30557
    endloop
  endfacet
  facet normal 0 -0.890977 0.454048
    outer loop
      vertex 8.5 16.2217 8.30557
      vertex 0.9 15.9944 7.85954
      vertex 8.5 15.9944 7.85954
    endloop
  endfacet
  facet normal 0 -0.707177 0.707037
    outer loop
      vertex 0.9 15.6405 7.50557
      vertex 8.5 15.9944 7.85954
      vertex 0.9 15.9944 7.85954
    endloop
  endfacet
  facet normal 0 -0.707177 0.707037
    outer loop
      vertex 8.5 15.9944 7.85954
      vertex 0.9 15.6405 7.50557
      vertex 8.5 15.6405 7.50557
    endloop
  endfacet
  facet normal 0 -0.156424 -0.98769
    outer loop
      vertex 0.9 14.7 10.4
      vertex 8.5 15.1944 10.3217
      vertex 8.5 14.7 10.4
    endloop
  endfacet
  facet normal -0 -0.156424 -0.98769
    outer loop
      vertex 8.5 15.1944 10.3217
      vertex 0.9 14.7 10.4
      vertex 0.9 15.1944 10.3217
    endloop
  endfacet
  facet normal 0 -0.707147 -0.707067
    outer loop
      vertex 0.9 15.9944 9.74046
      vertex 8.5 15.6405 10.0944
      vertex 0.9 15.6405 10.0944
    endloop
  endfacet
  facet normal 0 -0.707147 -0.707067
    outer loop
      vertex 8.5 15.6405 10.0944
      vertex 0.9 15.9944 9.74046
      vertex 8.5 15.9944 9.74046
    endloop
  endfacet
  facet normal 0 -0.987691 -0.156415
    outer loop
      vertex 0.9 16.3 8.8
      vertex 8.5 16.2217 9.29443
      vertex 0.9 16.2217 9.29443
    endloop
  endfacet
  facet normal 0 -0.987691 -0.156415
    outer loop
      vertex 8.5 16.2217 9.29443
      vertex 0.9 16.3 8.8
      vertex 8.5 16.3 8.8
    endloop
  endfacet
  facet normal 0 -0.156444 0.987687
    outer loop
      vertex 0.9 15.1944 7.27831
      vertex 8.5 14.7 7.2
      vertex 8.5 15.1944 7.27831
    endloop
  endfacet
  facet normal 0 -0.156444 0.987687
    outer loop
      vertex 8.5 14.7 7.2
      vertex 0.9 15.1944 7.27831
      vertex 0.9 14.7 7.2
    endloop
  endfacet
  facet normal -0 0.156444 0.987687
    outer loop
      vertex 0.9 14.7 7.2
      vertex 8.5 14.2056 7.27831
      vertex 8.5 14.7 7.2
    endloop
  endfacet
  facet normal 0 0.156444 0.987687
    outer loop
      vertex 8.5 14.2056 7.27831
      vertex 0.9 14.7 7.2
      vertex 0.9 14.2056 7.27831
    endloop
  endfacet
  facet normal 0 0.987691 0.156415
    outer loop
      vertex 8.5 13.1783 8.30557
      vertex 0.9 13.1 8.8
      vertex 8.5 13.1 8.8
    endloop
  endfacet
  facet normal 0 0.987691 0.156415
    outer loop
      vertex 0.9 13.1 8.8
      vertex 8.5 13.1783 8.30557
      vertex 0.9 13.1783 8.30557
    endloop
  endfacet
  facet normal 0 0.890977 -0.454048
    outer loop
      vertex 8.5 13.1783 9.29443
      vertex 0.9 13.4056 9.74046
      vertex 8.5 13.4056 9.74046
    endloop
  endfacet
  facet normal 0 0.890977 -0.454048
    outer loop
      vertex 0.9 13.4056 9.74046
      vertex 8.5 13.1783 9.29443
      vertex 0.9 13.1783 9.29443
    endloop
  endfacet
  facet normal 0 -0.453928 0.891038
    outer loop
      vertex 0.9 15.6405 7.50557
      vertex 8.5 15.1944 7.27831
      vertex 8.5 15.6405 7.50557
    endloop
  endfacet
  facet normal 0 -0.453928 0.891038
    outer loop
      vertex 8.5 15.1944 7.27831
      vertex 0.9 15.6405 7.50557
      vertex 0.9 15.1944 7.27831
    endloop
  endfacet
  facet normal -0 0.453928 0.891038
    outer loop
      vertex 0.9 14.2056 7.27831
      vertex 8.5 13.7595 7.50557
      vertex 8.5 14.2056 7.27831
    endloop
  endfacet
  facet normal 0 0.453928 0.891038
    outer loop
      vertex 8.5 13.7595 7.50557
      vertex 0.9 14.2056 7.27831
      vertex 0.9 13.7595 7.50557
    endloop
  endfacet
  facet normal 0 -0.453992 -0.891006
    outer loop
      vertex 0.9 15.1944 10.3217
      vertex 8.5 15.6405 10.0944
      vertex 8.5 15.1944 10.3217
    endloop
  endfacet
  facet normal -0 -0.453992 -0.891006
    outer loop
      vertex 8.5 15.6405 10.0944
      vertex 0.9 15.1944 10.3217
      vertex 0.9 15.6405 10.0944
    endloop
  endfacet
  facet normal 0 0.890977 0.454048
    outer loop
      vertex 8.5 13.4056 7.85954
      vertex 0.9 13.1783 8.30557
      vertex 8.5 13.1783 8.30557
    endloop
  endfacet
  facet normal 0 0.890977 0.454048
    outer loop
      vertex 0.9 13.1783 8.30557
      vertex 8.5 13.4056 7.85954
      vertex 0.9 13.4056 7.85954
    endloop
  endfacet
  facet normal 0 0.453992 -0.891006
    outer loop
      vertex 0.9 13.7595 10.0944
      vertex 8.5 14.2056 10.3217
      vertex 8.5 13.7595 10.0944
    endloop
  endfacet
  facet normal 0 0.453992 -0.891006
    outer loop
      vertex 8.5 14.2056 10.3217
      vertex 0.9 13.7595 10.0944
      vertex 0.9 14.2056 10.3217
    endloop
  endfacet
  facet normal 0 -0.890977 -0.454048
    outer loop
      vertex 0.9 16.2217 9.29443
      vertex 8.5 15.9944 9.74046
      vertex 0.9 15.9944 9.74046
    endloop
  endfacet
  facet normal 0 -0.890977 -0.454048
    outer loop
      vertex 8.5 15.9944 9.74046
      vertex 0.9 16.2217 9.29443
      vertex 8.5 16.2217 9.29443
    endloop
  endfacet
  facet normal 0 -0.987691 0.156415
    outer loop
      vertex 0.9 16.2217 8.30557
      vertex 8.5 16.3 8.8
      vertex 0.9 16.3 8.8
    endloop
  endfacet
  facet normal 0 -0.987691 0.156415
    outer loop
      vertex 8.5 16.3 8.8
      vertex 0.9 16.2217 8.30557
      vertex 8.5 16.2217 8.30557
    endloop
  endfacet
  facet normal 0 0.156424 -0.98769
    outer loop
      vertex 0.9 14.2056 10.3217
      vertex 8.5 14.7 10.4
      vertex 8.5 14.2056 10.3217
    endloop
  endfacet
  facet normal 0 0.156424 -0.98769
    outer loop
      vertex 8.5 14.7 10.4
      vertex 0.9 14.2056 10.3217
      vertex 0.9 14.7 10.4
    endloop
  endfacet
  facet normal -0 0.707177 0.707037
    outer loop
      vertex 0.9 13.7595 7.50557
      vertex 8.5 13.4056 7.85954
      vertex 8.5 13.7595 7.50557
    endloop
  endfacet
  facet normal 0 0.707177 0.707037
    outer loop
      vertex 8.5 13.4056 7.85954
      vertex 0.9 13.7595 7.50557
      vertex 0.9 13.4056 7.85954
    endloop
  endfacet
  facet normal 0 0.707147 -0.707067
    outer loop
      vertex 8.5 13.4056 9.74046
      vertex 0.9 13.7595 10.0944
      vertex 8.5 13.7595 10.0944
    endloop
  endfacet
  facet normal 0 0.707147 -0.707067
    outer loop
      vertex 0.9 13.7595 10.0944
      vertex 8.5 13.4056 9.74046
      vertex 0.9 13.4056 9.74046
    endloop
  endfacet
  facet normal 0 0.987691 -0.156415
    outer loop
      vertex 8.5 13.1 8.8
      vertex 0.9 13.1783 9.29443
      vertex 8.5 13.1783 9.29443
    endloop
  endfacet
  facet normal 0 0.987691 -0.156415
    outer loop
      vertex 0.9 13.1783 9.29443
      vertex 8.5 13.1 8.8
      vertex 0.9 13.1 8.8
    endloop
  endfacet
  facet normal -0.454048 -0.890977 0
    outer loop
      vertex 5.19443 16.2217 10.7
      vertex 5.64046 15.9944 11.6
      vertex 5.19443 16.2217 11.6
    endloop
  endfacet
  facet normal -0.454048 -0.890977 -0
    outer loop
      vertex 5.64046 15.9944 11.6
      vertex 5.19443 16.2217 10.7
      vertex 5.64046 15.9944 10.7
    endloop
  endfacet
  facet normal -0.891038 -0.453928 0
    outer loop
      vertex 6.22169 15.1944 10.7
      vertex 5.99443 15.6405 11.6
      vertex 5.99443 15.6405 10.7
    endloop
  endfacet
  facet normal -0.891038 -0.453928 0
    outer loop
      vertex 5.99443 15.6405 11.6
      vertex 6.22169 15.1944 10.7
      vertex 6.22169 15.1944 11.6
    endloop
  endfacet
  facet normal -0.987687 -0.156444 0
    outer loop
      vertex 6.3 14.7 10.7
      vertex 6.22169 15.1944 11.6
      vertex 6.22169 15.1944 10.7
    endloop
  endfacet
  facet normal -0.987687 -0.156444 0
    outer loop
      vertex 6.22169 15.1944 11.6
      vertex 6.3 14.7 10.7
      vertex 6.3 14.7 11.6
    endloop
  endfacet
  facet normal -0.707037 -0.707177 0
    outer loop
      vertex 5.99443 15.6405 10.7
      vertex 5.64046 15.9944 11.6
      vertex 5.64046 15.9944 10.7
    endloop
  endfacet
  facet normal -0.707037 -0.707177 0
    outer loop
      vertex 5.64046 15.9944 11.6
      vertex 5.99443 15.6405 10.7
      vertex 5.99443 15.6405 11.6
    endloop
  endfacet
  facet normal 0.987687 -0.156444 0
    outer loop
      vertex 3.1 14.7 11.6
      vertex 3.17831 15.1944 10.7
      vertex 3.17831 15.1944 11.6
    endloop
  endfacet
  facet normal 0.987687 -0.156444 0
    outer loop
      vertex 3.17831 15.1944 10.7
      vertex 3.1 14.7 11.6
      vertex 3.1 14.7 10.7
    endloop
  endfacet
  facet normal 0.707037 -0.707177 0
    outer loop
      vertex 3.40557 15.6405 10.7
      vertex 3.75954 15.9944 11.6
      vertex 3.40557 15.6405 11.6
    endloop
  endfacet
  facet normal 0.707037 -0.707177 0
    outer loop
      vertex 3.75954 15.9944 11.6
      vertex 3.40557 15.6405 10.7
      vertex 3.75954 15.9944 10.7
    endloop
  endfacet
  facet normal 0.156415 -0.987691 0
    outer loop
      vertex 4.20557 16.2217 10.7
      vertex 4.7 16.3 11.6
      vertex 4.20557 16.2217 11.6
    endloop
  endfacet
  facet normal 0.156415 -0.987691 0
    outer loop
      vertex 4.7 16.3 11.6
      vertex 4.20557 16.2217 10.7
      vertex 4.7 16.3 10.7
    endloop
  endfacet
  facet normal -0.156415 -0.987691 0
    outer loop
      vertex 4.7 16.3 10.7
      vertex 5.19443 16.2217 11.6
      vertex 4.7 16.3 11.6
    endloop
  endfacet
  facet normal -0.156415 -0.987691 -0
    outer loop
      vertex 5.19443 16.2217 11.6
      vertex 4.7 16.3 10.7
      vertex 5.19443 16.2217 10.7
    endloop
  endfacet
  facet normal -0.987687 0.156444 0
    outer loop
      vertex 6.22169 14.2056 10.7
      vertex 6.3 14.7 11.6
      vertex 6.3 14.7 10.7
    endloop
  endfacet
  facet normal -0.987687 0.156444 0
    outer loop
      vertex 6.3 14.7 11.6
      vertex 6.22169 14.2056 10.7
      vertex 6.22169 14.2056 11.6
    endloop
  endfacet
  facet normal -0.156415 0.987691 0
    outer loop
      vertex 5.19443 13.1783 10.7
      vertex 4.7 13.1 11.6
      vertex 5.19443 13.1783 11.6
    endloop
  endfacet
  facet normal -0.156415 0.987691 0
    outer loop
      vertex 4.7 13.1 11.6
      vertex 5.19443 13.1783 10.7
      vertex 4.7 13.1 10.7
    endloop
  endfacet
  facet normal 0 0 1
    outer loop
      vertex 6.22169 15.1944 10.7
      vertex 6.22169 14.2056 10.7
      vertex 6.3 14.7 10.7
    endloop
  endfacet
  facet normal 0 0 1
    outer loop
      vertex 5.99443 15.6405 10.7
      vertex 6.22169 14.2056 10.7
      vertex 6.22169 15.1944 10.7
    endloop
  endfacet
  facet normal 0 0 1
    outer loop
      vertex 5.99443 15.6405 10.7
      vertex 5.99443 13.7595 10.7
      vertex 6.22169 14.2056 10.7
    endloop
  endfacet
  facet normal 0 0 1
    outer loop
      vertex 5.64046 15.9944 10.7
      vertex 5.99443 13.7595 10.7
      vertex 5.99443 15.6405 10.7
    endloop
  endfacet
  facet normal 0 0 1
    outer loop
      vertex 5.64046 15.9944 10.7
      vertex 5.64046 13.4056 10.7
      vertex 5.99443 13.7595 10.7
    endloop
  endfacet
  facet normal 0 0 1
    outer loop
      vertex 5.19443 16.2217 10.7
      vertex 5.64046 13.4056 10.7
      vertex 5.64046 15.9944 10.7
    endloop
  endfacet
  facet normal 0 0 1
    outer loop
      vertex 5.19443 16.2217 10.7
      vertex 5.19443 13.1783 10.7
      vertex 5.64046 13.4056 10.7
    endloop
  endfacet
  facet normal 0 0 1
    outer loop
      vertex 4.7 16.3 10.7
      vertex 5.19443 13.1783 10.7
      vertex 5.19443 16.2217 10.7
    endloop
  endfacet
  facet normal 0 0 1
    outer loop
      vertex 4.7 16.3 10.7
      vertex 4.7 13.1 10.7
      vertex 5.19443 13.1783 10.7
    endloop
  endfacet
  facet normal -0 0 1
    outer loop
      vertex 4.20557 16.2217 10.7
      vertex 4.7 13.1 10.7
      vertex 4.7 16.3 10.7
    endloop
  endfacet
  facet normal 0 0 1
    outer loop
      vertex 4.20557 16.2217 10.7
      vertex 4.20557 13.1783 10.7
      vertex 4.7 13.1 10.7
    endloop
  endfacet
  facet normal -0 0 1
    outer loop
      vertex 3.75954 15.9944 10.7
      vertex 4.20557 13.1783 10.7
      vertex 4.20557 16.2217 10.7
    endloop
  endfacet
  facet normal 0 0 1
    outer loop
      vertex 3.75954 15.9944 10.7
      vertex 3.75954 13.4056 10.7
      vertex 4.20557 13.1783 10.7
    endloop
  endfacet
  facet normal -0 0 1
    outer loop
      vertex 3.40557 15.6405 10.7
      vertex 3.75954 13.4056 10.7
      vertex 3.75954 15.9944 10.7
    endloop
  endfacet
  facet normal 0 0 1
    outer loop
      vertex 3.40557 15.6405 10.7
      vertex 3.40557 13.7595 10.7
      vertex 3.75954 13.4056 10.7
    endloop
  endfacet
  facet normal -0 0 1
    outer loop
      vertex 3.17831 15.1944 10.7
      vertex 3.40557 13.7595 10.7
      vertex 3.40557 15.6405 10.7
    endloop
  endfacet
  facet normal 0 0 1
    outer loop
      vertex 3.17831 15.1944 10.7
      vertex 3.17831 14.2056 10.7
      vertex 3.40557 13.7595 10.7
    endloop
  endfacet
  facet normal 0 -0 1
    outer loop
      vertex 3.17831 14.2056 10.7
      vertex 3.17831 15.1944 10.7
      vertex 3.1 14.7 10.7
    endloop
  endfacet
  facet normal 0.891038 0.453928 0
    outer loop
      vertex 3.40557 13.7595 11.6
      vertex 3.17831 14.2056 10.7
      vertex 3.17831 14.2056 11.6
    endloop
  endfacet
  facet normal 0.891038 0.453928 0
    outer loop
      vertex 3.17831 14.2056 10.7
      vertex 3.40557 13.7595 11.6
      vertex 3.40557 13.7595 10.7
    endloop
  endfacet
  facet normal -0.891038 0.453928 0
    outer loop
      vertex 5.99443 13.7595 10.7
      vertex 6.22169 14.2056 11.6
      vertex 6.22169 14.2056 10.7
    endloop
  endfacet
  facet normal -0.891038 0.453928 0
    outer loop
      vertex 6.22169 14.2056 11.6
      vertex 5.99443 13.7595 10.7
      vertex 5.99443 13.7595 11.6
    endloop
  endfacet
  facet normal 0.891038 -0.453928 0
    outer loop
      vertex 3.17831 15.1944 11.6
      vertex 3.40557 15.6405 10.7
      vertex 3.40557 15.6405 11.6
    endloop
  endfacet
  facet normal 0.891038 -0.453928 0
    outer loop
      vertex 3.40557 15.6405 10.7
      vertex 3.17831 15.1944 11.6
      vertex 3.17831 15.1944 10.7
    endloop
  endfacet
  facet normal -0.454048 0.890977 0
    outer loop
      vertex 5.64046 13.4056 10.7
      vertex 5.19443 13.1783 11.6
      vertex 5.64046 13.4056 11.6
    endloop
  endfacet
  facet normal -0.454048 0.890977 0
    outer loop
      vertex 5.19443 13.1783 11.6
      vertex 5.64046 13.4056 10.7
      vertex 5.19443 13.1783 10.7
    endloop
  endfacet
  facet normal 0.454048 -0.890977 0
    outer loop
      vertex 3.75954 15.9944 10.7
      vertex 4.20557 16.2217 11.6
      vertex 3.75954 15.9944 11.6
    endloop
  endfacet
  facet normal 0.454048 -0.890977 0
    outer loop
      vertex 4.20557 16.2217 11.6
      vertex 3.75954 15.9944 10.7
      vertex 4.20557 16.2217 10.7
    endloop
  endfacet
  facet normal 0.987687 0.156444 0
    outer loop
      vertex 3.17831 14.2056 11.6
      vertex 3.1 14.7 10.7
      vertex 3.1 14.7 11.6
    endloop
  endfacet
  facet normal 0.987687 0.156444 0
    outer loop
      vertex 3.1 14.7 10.7
      vertex 3.17831 14.2056 11.6
      vertex 3.17831 14.2056 10.7
    endloop
  endfacet
  facet normal -0.707037 0.707177 0
    outer loop
      vertex 5.64046 13.4056 10.7
      vertex 5.99443 13.7595 11.6
      vertex 5.99443 13.7595 10.7
    endloop
  endfacet
  facet normal -0.707037 0.707177 0
    outer loop
      vertex 5.99443 13.7595 11.6
      vertex 5.64046 13.4056 10.7
      vertex 5.64046 13.4056 11.6
    endloop
  endfacet
  facet normal 0.707037 0.707177 0
    outer loop
      vertex 3.75954 13.4056 11.6
      vertex 3.40557 13.7595 10.7
      vertex 3.40557 13.7595 11.6
    endloop
  endfacet
  facet normal 0.707037 0.707177 0
    outer loop
      vertex 3.40557 13.7595 10.7
      vertex 3.75954 13.4056 11.6
      vertex 3.75954 13.4056 10.7
    endloop
  endfacet
  facet normal 0.454048 0.890977 -0
    outer loop
      vertex 4.20557 13.1783 10.7
      vertex 3.75954 13.4056 11.6
      vertex 4.20557 13.1783 11.6
    endloop
  endfacet
  facet normal 0.454048 0.890977 0
    outer loop
      vertex 3.75954 13.4056 11.6
      vertex 4.20557 13.1783 10.7
      vertex 3.75954 13.4056 10.7
    endloop
  endfacet
  facet normal 0.156415 0.987691 -0
    outer loop
      vertex 4.7 13.1 10.7
      vertex 4.20557 13.1783 11.6
      vertex 4.7 13.1 11.6
    endloop
  endfacet
  facet normal 0.156415 0.987691 0
    outer loop
      vertex 4.20557 13.1783 11.6
      vertex 4.7 13.1 10.7
      vertex 4.20557 13.1783 10.7
    endloop
  endfacet
  facet normal 0 -0.890977 0.454048
    outer loop
      vertex 0.9 20.9944 7.85954
      vertex 8.5 21.2217 8.30557
      vertex 0.9 21.2217 8.30557
    endloop
  endfacet
  facet normal 0 -0.890977 0.454048
    outer loop
      vertex 8.5 21.2217 8.30557
      vertex 0.9 20.9944 7.85954
      vertex 8.5 20.9944 7.85954
    endloop
  endfacet
  facet normal 0 -0.707177 0.707037
    outer loop
      vertex 0.9 20.6405 7.50557
      vertex 8.5 20.9944 7.85954
      vertex 0.9 20.9944 7.85954
    endloop
  endfacet
  facet normal 0 -0.707177 0.707037
    outer loop
      vertex 8.5 20.9944 7.85954
      vertex 0.9 20.6405 7.50557
      vertex 8.5 20.6405 7.50557
    endloop
  endfacet
  facet normal 0 -0.156424 -0.98769
    outer loop
      vertex 0.9 19.7 10.4
      vertex 8.5 20.1944 10.3217
      vertex 8.5 19.7 10.4
    endloop
  endfacet
  facet normal -0 -0.156424 -0.98769
    outer loop
      vertex 8.5 20.1944 10.3217
      vertex 0.9 19.7 10.4
      vertex 0.9 20.1944 10.3217
    endloop
  endfacet
  facet normal 0 -0.707147 -0.707067
    outer loop
      vertex 0.9 20.9944 9.74046
      vertex 8.5 20.6405 10.0944
      vertex 0.9 20.6405 10.0944
    endloop
  endfacet
  facet normal 0 -0.707147 -0.707067
    outer loop
      vertex 8.5 20.6405 10.0944
      vertex 0.9 20.9944 9.74046
      vertex 8.5 20.9944 9.74046
    endloop
  endfacet
  facet normal 0 -0.987691 -0.156415
    outer loop
      vertex 0.9 21.3 8.8
      vertex 8.5 21.2217 9.29443
      vertex 0.9 21.2217 9.29443
    endloop
  endfacet
  facet normal 0 -0.987691 -0.156415
    outer loop
      vertex 8.5 21.2217 9.29443
      vertex 0.9 21.3 8.8
      vertex 8.5 21.3 8.8
    endloop
  endfacet
  facet normal 0 -0.156444 0.987687
    outer loop
      vertex 0.9 20.1944 7.27831
      vertex 8.5 19.7 7.2
      vertex 8.5 20.1944 7.27831
    endloop
  endfacet
  facet normal 0 -0.156444 0.987687
    outer loop
      vertex 8.5 19.7 7.2
      vertex 0.9 20.1944 7.27831
      vertex 0.9 19.7 7.2
    endloop
  endfacet
  facet normal -0 0.156444 0.987687
    outer loop
      vertex 0.9 19.7 7.2
      vertex 8.5 19.2056 7.27831
      vertex 8.5 19.7 7.2
    endloop
  endfacet
  facet normal 0 0.156444 0.987687
    outer loop
      vertex 8.5 19.2056 7.27831
      vertex 0.9 19.7 7.2
      vertex 0.9 19.2056 7.27831
    endloop
  endfacet
  facet normal 0 0.987691 0.156415
    outer loop
      vertex 8.5 18.1783 8.30557
      vertex 0.9 18.1 8.8
      vertex 8.5 18.1 8.8
    endloop
  endfacet
  facet normal 0 0.987691 0.156415
    outer loop
      vertex 0.9 18.1 8.8
      vertex 8.5 18.1783 8.30557
      vertex 0.9 18.1783 8.30557
    endloop
  endfacet
  facet normal 0 0.890977 -0.454048
    outer loop
      vertex 8.5 18.1783 9.29443
      vertex 0.9 18.4056 9.74046
      vertex 8.5 18.4056 9.74046
    endloop
  endfacet
  facet normal 0 0.890977 -0.454048
    outer loop
      vertex 0.9 18.4056 9.74046
      vertex 8.5 18.1783 9.29443
      vertex 0.9 18.1783 9.29443
    endloop
  endfacet
  facet normal 0 -0.453928 0.891038
    outer loop
      vertex 0.9 20.6405 7.50557
      vertex 8.5 20.1944 7.27831
      vertex 8.5 20.6405 7.50557
    endloop
  endfacet
  facet normal 0 -0.453928 0.891038
    outer loop
      vertex 8.5 20.1944 7.27831
      vertex 0.9 20.6405 7.50557
      vertex 0.9 20.1944 7.27831
    endloop
  endfacet
  facet normal -0 0.453928 0.891038
    outer loop
      vertex 0.9 19.2056 7.27831
      vertex 8.5 18.7595 7.50557
      vertex 8.5 19.2056 7.27831
    endloop
  endfacet
  facet normal 0 0.453928 0.891038
    outer loop
      vertex 8.5 18.7595 7.50557
      vertex 0.9 19.2056 7.27831
      vertex 0.9 18.7595 7.50557
    endloop
  endfacet
  facet normal 0 -0.453992 -0.891006
    outer loop
      vertex 0.9 20.1944 10.3217
      vertex 8.5 20.6405 10.0944
      vertex 8.5 20.1944 10.3217
    endloop
  endfacet
  facet normal -0 -0.453992 -0.891006
    outer loop
      vertex 8.5 20.6405 10.0944
      vertex 0.9 20.1944 10.3217
      vertex 0.9 20.6405 10.0944
    endloop
  endfacet
  facet normal 0 0.890977 0.454048
    outer loop
      vertex 8.5 18.4056 7.85954
      vertex 0.9 18.1783 8.30557
      vertex 8.5 18.1783 8.30557
    endloop
  endfacet
  facet normal 0 0.890977 0.454048
    outer loop
      vertex 0.9 18.1783 8.30557
      vertex 8.5 18.4056 7.85954
      vertex 0.9 18.4056 7.85954
    endloop
  endfacet
  facet normal 0 0.453992 -0.891006
    outer loop
      vertex 0.9 18.7595 10.0944
      vertex 8.5 19.2056 10.3217
      vertex 8.5 18.7595 10.0944
    endloop
  endfacet
  facet normal 0 0.453992 -0.891006
    outer loop
      vertex 8.5 19.2056 10.3217
      vertex 0.9 18.7595 10.0944
      vertex 0.9 19.2056 10.3217
    endloop
  endfacet
  facet normal 0 -0.890977 -0.454048
    outer loop
      vertex 0.9 21.2217 9.29443
      vertex 8.5 20.9944 9.74046
      vertex 0.9 20.9944 9.74046
    endloop
  endfacet
  facet normal 0 -0.890977 -0.454048
    outer loop
      vertex 8.5 20.9944 9.74046
      vertex 0.9 21.2217 9.29443
      vertex 8.5 21.2217 9.29443
    endloop
  endfacet
  facet normal 0 -0.987691 0.156415
    outer loop
      vertex 0.9 21.2217 8.30557
      vertex 8.5 21.3 8.8
      vertex 0.9 21.3 8.8
    endloop
  endfacet
  facet normal 0 -0.987691 0.156415
    outer loop
      vertex 8.5 21.3 8.8
      vertex 0.9 21.2217 8.30557
      vertex 8.5 21.2217 8.30557
    endloop
  endfacet
  facet normal 0 0.156424 -0.98769
    outer loop
      vertex 0.9 19.2056 10.3217
      vertex 8.5 19.7 10.4
      vertex 8.5 19.2056 10.3217
    endloop
  endfacet
  facet normal 0 0.156424 -0.98769
    outer loop
      vertex 8.5 19.7 10.4
      vertex 0.9 19.2056 10.3217
      vertex 0.9 19.7 10.4
    endloop
  endfacet
  facet normal -0 0.707177 0.707037
    outer loop
      vertex 0.9 18.7595 7.50557
      vertex 8.5 18.4056 7.85954
      vertex 8.5 18.7595 7.50557
    endloop
  endfacet
  facet normal 0 0.707177 0.707037
    outer loop
      vertex 8.5 18.4056 7.85954
      vertex 0.9 18.7595 7.50557
      vertex 0.9 18.4056 7.85954
    endloop
  endfacet
  facet normal 0 0.707147 -0.707067
    outer loop
      vertex 0.9 18.4056 9.74046
      vertex 8.5 18.7595 10.0944
      vertex 8.5 18.4056 9.74046
    endloop
  endfacet
  facet normal 0 0.707147 -0.707067
    outer loop
      vertex 8.5 18.7595 10.0944
      vertex 0.9 18.4056 9.74046
      vertex 0.9 18.7595 10.0944
    endloop
  endfacet
  facet normal 0 0.987691 -0.156415
    outer loop
      vertex 8.5 18.1 8.8
      vertex 0.9 18.1783 9.29443
      vertex 8.5 18.1783 9.29443
    endloop
  endfacet
  facet normal 0 0.987691 -0.156415
    outer loop
      vertex 0.9 18.1783 9.29443
      vertex 8.5 18.1 8.8
      vertex 0.9 18.1 8.8
    endloop
  endfacet
  facet normal -0.454048 -0.890977 0
    outer loop
      vertex 5.19443 21.2217 10.7
      vertex 5.64046 20.9944 11.6
      vertex 5.19443 21.2217 11.6
    endloop
  endfacet
  facet normal -0.454048 -0.890977 -0
    outer loop
      vertex 5.64046 20.9944 11.6
      vertex 5.19443 21.2217 10.7
      vertex 5.64046 20.9944 10.7
    endloop
  endfacet
  facet normal -0.891038 -0.453928 0
    outer loop
      vertex 6.22169 20.1944 10.7
      vertex 5.99443 20.6405 11.6
      vertex 5.99443 20.6405 10.7
    endloop
  endfacet
  facet normal -0.891038 -0.453928 0
    outer loop
      vertex 5.99443 20.6405 11.6
      vertex 6.22169 20.1944 10.7
      vertex 6.22169 20.1944 11.6
    endloop
  endfacet
  facet normal -0.987687 -0.156444 0
    outer loop
      vertex 6.3 19.7 10.7
      vertex 6.22169 20.1944 11.6
      vertex 6.22169 20.1944 10.7
    endloop
  endfacet
  facet normal -0.987687 -0.156444 0
    outer loop
      vertex 6.22169 20.1944 11.6
      vertex 6.3 19.7 10.7
      vertex 6.3 19.7 11.6
    endloop
  endfacet
  facet normal -0.707037 -0.707177 0
    outer loop
      vertex 5.64046 20.9944 10.7
      vertex 5.99443 20.6405 11.6
      vertex 5.64046 20.9944 11.6
    endloop
  endfacet
  facet normal -0.707037 -0.707177 -0
    outer loop
      vertex 5.99443 20.6405 11.6
      vertex 5.64046 20.9944 10.7
      vertex 5.99443 20.6405 10.7
    endloop
  endfacet
  facet normal 0.987687 -0.156444 0
    outer loop
      vertex 3.1 19.7 11.6
      vertex 3.17831 20.1944 10.7
      vertex 3.17831 20.1944 11.6
    endloop
  endfacet
  facet normal 0.987687 -0.156444 0
    outer loop
      vertex 3.17831 20.1944 10.7
      vertex 3.1 19.7 11.6
      vertex 3.1 19.7 10.7
    endloop
  endfacet
  facet normal 0.707037 -0.707177 0
    outer loop
      vertex 3.40557 20.6405 10.7
      vertex 3.75954 20.9944 11.6
      vertex 3.40557 20.6405 11.6
    endloop
  endfacet
  facet normal 0.707037 -0.707177 0
    outer loop
      vertex 3.75954 20.9944 11.6
      vertex 3.40557 20.6405 10.7
      vertex 3.75954 20.9944 10.7
    endloop
  endfacet
  facet normal 0.156415 -0.987691 0
    outer loop
      vertex 4.20557 21.2217 10.7
      vertex 4.7 21.3 11.6
      vertex 4.20557 21.2217 11.6
    endloop
  endfacet
  facet normal 0.156415 -0.987691 0
    outer loop
      vertex 4.7 21.3 11.6
      vertex 4.20557 21.2217 10.7
      vertex 4.7 21.3 10.7
    endloop
  endfacet
  facet normal -0.156415 -0.987691 0
    outer loop
      vertex 4.7 21.3 10.7
      vertex 5.19443 21.2217 11.6
      vertex 4.7 21.3 11.6
    endloop
  endfacet
  facet normal -0.156415 -0.987691 -0
    outer loop
      vertex 5.19443 21.2217 11.6
      vertex 4.7 21.3 10.7
      vertex 5.19443 21.2217 10.7
    endloop
  endfacet
  facet normal -0.987687 0.156444 0
    outer loop
      vertex 6.22169 19.2056 10.7
      vertex 6.3 19.7 11.6
      vertex 6.3 19.7 10.7
    endloop
  endfacet
  facet normal -0.987687 0.156444 0
    outer loop
      vertex 6.3 19.7 11.6
      vertex 6.22169 19.2056 10.7
      vertex 6.22169 19.2056 11.6
    endloop
  endfacet
  facet normal -0.156415 0.987691 0
    outer loop
      vertex 5.19443 18.1783 10.7
      vertex 4.7 18.1 11.6
      vertex 5.19443 18.1783 11.6
    endloop
  endfacet
  facet normal -0.156415 0.987691 0
    outer loop
      vertex 4.7 18.1 11.6
      vertex 5.19443 18.1783 10.7
      vertex 4.7 18.1 10.7
    endloop
  endfacet
  facet normal 0 0 1
    outer loop
      vertex 6.22169 20.1944 10.7
      vertex 6.22169 19.2056 10.7
      vertex 6.3 19.7 10.7
    endloop
  endfacet
  facet normal 0 0 1
    outer loop
      vertex 5.99443 20.6405 10.7
      vertex 6.22169 19.2056 10.7
      vertex 6.22169 20.1944 10.7
    endloop
  endfacet
  facet normal 0 0 1
    outer loop
      vertex 5.99443 20.6405 10.7
      vertex 5.99443 18.7595 10.7
      vertex 6.22169 19.2056 10.7
    endloop
  endfacet
  facet normal 0 0 1
    outer loop
      vertex 5.64046 20.9944 10.7
      vertex 5.99443 18.7595 10.7
      vertex 5.99443 20.6405 10.7
    endloop
  endfacet
  facet normal 0 0 1
    outer loop
      vertex 5.64046 20.9944 10.7
      vertex 5.64046 18.4056 10.7
      vertex 5.99443 18.7595 10.7
    endloop
  endfacet
  facet normal 0 0 1
    outer loop
      vertex 5.19443 21.2217 10.7
      vertex 5.64046 18.4056 10.7
      vertex 5.64046 20.9944 10.7
    endloop
  endfacet
  facet normal 0 0 1
    outer loop
      vertex 5.19443 21.2217 10.7
      vertex 5.19443 18.1783 10.7
      vertex 5.64046 18.4056 10.7
    endloop
  endfacet
  facet normal 0 0 1
    outer loop
      vertex 4.7 21.3 10.7
      vertex 5.19443 18.1783 10.7
      vertex 5.19443 21.2217 10.7
    endloop
  endfacet
  facet normal 0 0 1
    outer loop
      vertex 4.7 21.3 10.7
      vertex 4.7 18.1 10.7
      vertex 5.19443 18.1783 10.7
    endloop
  endfacet
  facet normal -0 0 1
    outer loop
      vertex 4.20557 21.2217 10.7
      vertex 4.7 18.1 10.7
      vertex 4.7 21.3 10.7
    endloop
  endfacet
  facet normal 0 0 1
    outer loop
      vertex 4.20557 21.2217 10.7
      vertex 4.20557 18.1783 10.7
      vertex 4.7 18.1 10.7
    endloop
  endfacet
  facet normal -0 0 1
    outer loop
      vertex 3.75954 20.9944 10.7
      vertex 4.20557 18.1783 10.7
      vertex 4.20557 21.2217 10.7
    endloop
  endfacet
  facet normal 0 0 1
    outer loop
      vertex 3.75954 20.9944 10.7
      vertex 3.75954 18.4056 10.7
      vertex 4.20557 18.1783 10.7
    endloop
  endfacet
  facet normal -0 0 1
    outer loop
      vertex 3.40557 20.6405 10.7
      vertex 3.75954 18.4056 10.7
      vertex 3.75954 20.9944 10.7
    endloop
  endfacet
  facet normal 0 0 1
    outer loop
      vertex 3.40557 20.6405 10.7
      vertex 3.40557 18.7595 10.7
      vertex 3.75954 18.4056 10.7
    endloop
  endfacet
  facet normal -0 0 1
    outer loop
      vertex 3.17831 20.1944 10.7
      vertex 3.40557 18.7595 10.7
      vertex 3.40557 20.6405 10.7
    endloop
  endfacet
  facet normal 0 0 1
    outer loop
      vertex 3.17831 20.1944 10.7
      vertex 3.17831 19.2056 10.7
      vertex 3.40557 18.7595 10.7
    endloop
  endfacet
  facet normal 0 -0 1
    outer loop
      vertex 3.17831 19.2056 10.7
      vertex 3.17831 20.1944 10.7
      vertex 3.1 19.7 10.7
    endloop
  endfacet
  facet normal -0.707037 0.707177 0
    outer loop
      vertex 5.64046 18.4056 10.7
      vertex 5.99443 18.7595 11.6
      vertex 5.99443 18.7595 10.7
    endloop
  endfacet
  facet normal -0.707037 0.707177 0
    outer loop
      vertex 5.99443 18.7595 11.6
      vertex 5.64046 18.4056 10.7
      vertex 5.64046 18.4056 11.6
    endloop
  endfacet
  facet normal 0.891038 0.453928 0
    outer loop
      vertex 3.40557 18.7595 11.6
      vertex 3.17831 19.2056 10.7
      vertex 3.17831 19.2056 11.6
    endloop
  endfacet
  facet normal 0.891038 0.453928 0
    outer loop
      vertex 3.17831 19.2056 10.7
      vertex 3.40557 18.7595 11.6
      vertex 3.40557 18.7595 10.7
    endloop
  endfacet
  facet normal -0.891038 0.453928 0
    outer loop
      vertex 5.99443 18.7595 10.7
      vertex 6.22169 19.2056 11.6
      vertex 6.22169 19.2056 10.7
    endloop
  endfacet
  facet normal -0.891038 0.453928 0
    outer loop
      vertex 6.22169 19.2056 11.6
      vertex 5.99443 18.7595 10.7
      vertex 5.99443 18.7595 11.6
    endloop
  endfacet
  facet normal 0.891038 -0.453928 0
    outer loop
      vertex 3.17831 20.1944 11.6
      vertex 3.40557 20.6405 10.7
      vertex 3.40557 20.6405 11.6
    endloop
  endfacet
  facet normal 0.891038 -0.453928 0
    outer loop
      vertex 3.40557 20.6405 10.7
      vertex 3.17831 20.1944 11.6
      vertex 3.17831 20.1944 10.7
    endloop
  endfacet
  facet normal -0.454048 0.890977 0
    outer loop
      vertex 5.64046 18.4056 10.7
      vertex 5.19443 18.1783 11.6
      vertex 5.64046 18.4056 11.6
    endloop
  endfacet
  facet normal -0.454048 0.890977 0
    outer loop
      vertex 5.19443 18.1783 11.6
      vertex 5.64046 18.4056 10.7
      vertex 5.19443 18.1783 10.7
    endloop
  endfacet
  facet normal 0.454048 -0.890977 0
    outer loop
      vertex 3.75954 20.9944 10.7
      vertex 4.20557 21.2217 11.6
      vertex 3.75954 20.9944 11.6
    endloop
  endfacet
  facet normal 0.454048 -0.890977 0
    outer loop
      vertex 4.20557 21.2217 11.6
      vertex 3.75954 20.9944 10.7
      vertex 4.20557 21.2217 10.7
    endloop
  endfacet
  facet normal 0.987687 0.156444 0
    outer loop
      vertex 3.17831 19.2056 11.6
      vertex 3.1 19.7 10.7
      vertex 3.1 19.7 11.6
    endloop
  endfacet
  facet normal 0.987687 0.156444 0
    outer loop
      vertex 3.1 19.7 10.7
      vertex 3.17831 19.2056 11.6
      vertex 3.17831 19.2056 10.7
    endloop
  endfacet
  facet normal 0.707037 0.707177 0
    outer loop
      vertex 3.75954 18.4056 11.6
      vertex 3.40557 18.7595 10.7
      vertex 3.40557 18.7595 11.6
    endloop
  endfacet
  facet normal 0.707037 0.707177 0
    outer loop
      vertex 3.40557 18.7595 10.7
      vertex 3.75954 18.4056 11.6
      vertex 3.75954 18.4056 10.7
    endloop
  endfacet
  facet normal 0.454048 0.890977 -0
    outer loop
      vertex 4.20557 18.1783 10.7
      vertex 3.75954 18.4056 11.6
      vertex 4.20557 18.1783 11.6
    endloop
  endfacet
  facet normal 0.454048 0.890977 0
    outer loop
      vertex 3.75954 18.4056 11.6
      vertex 4.20557 18.1783 10.7
      vertex 3.75954 18.4056 10.7
    endloop
  endfacet
  facet normal 0.156415 0.987691 -0
    outer loop
      vertex 4.7 18.1 10.7
      vertex 4.20557 18.1783 11.6
      vertex 4.7 18.1 11.6
    endloop
  endfacet
  facet normal 0.156415 0.987691 0
    outer loop
      vertex 4.20557 18.1783 11.6
      vertex 4.7 18.1 10.7
      vertex 4.20557 18.1783 10.7
    endloop
  endfacet
  facet normal 1 0 0
    outer loop
      vertex 8.5 21.2217 8.30557
      vertex 8.5 22.5 11.6
      vertex 8.5 21.3 8.8
    endloop
  endfacet
  facet normal 1 0 0
    outer loop
      vertex 8.5 22.5 11.6
      vertex 8.5 21.2217 9.29443
      vertex 8.5 21.3 8.8
    endloop
  endfacet
  facet normal 1 0 0
    outer loop
      vertex 8.5 22.5 11.6
      vertex 8.5 20.9944 9.74046
      vertex 8.5 21.2217 9.29443
    endloop
  endfacet
  facet normal 1 0 0
    outer loop
      vertex 8.5 22.5 11.6
      vertex 8.5 20.6405 10.0944
      vertex 8.5 20.9944 9.74046
    endloop
  endfacet
  facet normal 1 0 0
    outer loop
      vertex 8.5 22.5 11.6
      vertex 8.5 20.1944 10.3217
      vertex 8.5 20.6405 10.0944
    endloop
  endfacet
  facet normal 1 0 0
    outer loop
      vertex 8.5 22.5 11.6
      vertex 8.5 19.7 10.4
      vertex 8.5 20.1944 10.3217
    endloop
  endfacet
  facet normal 1 0 0
    outer loop
      vertex 8.5 22.5 11.6
      vertex 8.5 19.2056 10.3217
      vertex 8.5 19.7 10.4
    endloop
  endfacet
  facet normal 1 0 0
    outer loop
      vertex 8.5 18.1783 9.29443
      vertex 8.5 16.3 8.8
      vertex 8.5 18.1 8.8
    endloop
  endfacet
  facet normal 1 0 0
    outer loop
      vertex 8.5 16.2217 9.29443
      vertex 8.5 18.1783 9.29443
      vertex 8.5 18.4056 9.74046
    endloop
  endfacet
  facet normal 1 0 0
    outer loop
      vertex 8.5 15.9944 9.74046
      vertex 8.5 18.4056 9.74046
      vertex 8.5 18.7595 10.0944
    endloop
  endfacet
  facet normal 1 0 0
    outer loop
      vertex 8.5 18.1783 9.29443
      vertex 8.5 16.2217 9.29443
      vertex 8.5 16.3 8.8
    endloop
  endfacet
  facet normal 1 0 0
    outer loop
      vertex 8.5 15.6405 10.0944
      vertex 8.5 18.7595 10.0944
      vertex 8.5 19.2056 10.3217
    endloop
  endfacet
  facet normal 1 0 0
    outer loop
      vertex 8.5 15.1944 10.3217
      vertex 8.5 19.2056 10.3217
      vertex 8.5 22.5 11.6
    endloop
  endfacet
  facet normal 1 0 0
    outer loop
      vertex 8.5 18.4056 9.74046
      vertex 8.5 15.9944 9.74046
      vertex 8.5 16.2217 9.29443
    endloop
  endfacet
  facet normal 1 0 0
    outer loop
      vertex 8.5 18.7595 10.0944
      vertex 8.5 15.6405 10.0944
      vertex 8.5 15.9944 9.74046
    endloop
  endfacet
  facet normal 1 0 0
    outer loop
      vertex 8.5 19.2056 10.3217
      vertex 8.5 15.1944 10.3217
      vertex 8.5 15.6405 10.0944
    endloop
  endfacet
  facet normal 1 -0 0
    outer loop
      vertex 8.5 11.9 11.6
      vertex 8.5 15.1944 10.3217
      vertex 8.5 22.5 11.6
    endloop
  endfacet
  facet normal 1 0 0
    outer loop
      vertex 8.5 13.1783 9.29443
      vertex 8.5 11.9 11.6
      vertex 8.5 13.1 8.8
    endloop
  endfacet
  facet normal 1 0 0
    outer loop
      vertex 8.5 13.4056 9.74046
      vertex 8.5 11.9 11.6
      vertex 8.5 13.1783 9.29443
    endloop
  endfacet
  facet normal 1 0 0
    outer loop
      vertex 8.5 13.7595 10.0944
      vertex 8.5 11.9 11.6
      vertex 8.5 13.4056 9.74046
    endloop
  endfacet
  facet normal 1 0 0
    outer loop
      vertex 8.5 14.2056 10.3217
      vertex 8.5 11.9 11.6
      vertex 8.5 13.7595 10.0944
    endloop
  endfacet
  facet normal 1 0 0
    outer loop
      vertex 8.5 14.7 10.4
      vertex 8.5 11.9 11.6
      vertex 8.5 14.2056 10.3217
    endloop
  endfacet
  facet normal 1 0 0
    outer loop
      vertex 8.5 15.1944 10.3217
      vertex 8.5 11.9 11.6
      vertex 8.5 14.7 10.4
    endloop
  endfacet
  facet normal 1 0 0
    outer loop
      vertex 8.5 22.5 11.6
      vertex 8.5 21.2217 8.30557
      vertex 8.5 22.5 1.6
    endloop
  endfacet
  facet normal 1 -0 0
    outer loop
      vertex 8.5 20.9944 7.85954
      vertex 8.5 22.5 1.6
      vertex 8.5 21.2217 8.30557
    endloop
  endfacet
  facet normal 1 -0 0
    outer loop
      vertex 8.5 20.6405 7.50557
      vertex 8.5 22.5 1.6
      vertex 8.5 20.9944 7.85954
    endloop
  endfacet
  facet normal 1 -0 0
    outer loop
      vertex 8.5 20.1944 7.27831
      vertex 8.5 22.5 1.6
      vertex 8.5 20.6405 7.50557
    endloop
  endfacet
  facet normal 1 -0 0
    outer loop
      vertex 8.5 19.7 7.2
      vertex 8.5 22.5 1.6
      vertex 8.5 20.1944 7.27831
    endloop
  endfacet
  facet normal 1 0 0
    outer loop
      vertex 8.5 19.2056 7.27831
      vertex 8.5 22.5 1.6
      vertex 8.5 19.7 7.2
    endloop
  endfacet
  facet normal 1 0 0
    outer loop
      vertex 8.5 15.1944 7.27831
      vertex 8.5 19.2056 7.27831
      vertex 8.5 18.7595 7.50557
    endloop
  endfacet
  facet normal 1 0 0
    outer loop
      vertex 8.5 15.6405 7.50557
      vertex 8.5 18.7595 7.50557
      vertex 8.5 18.4056 7.85954
    endloop
  endfacet
  facet normal 1 -0 0
    outer loop
      vertex 8.5 16.3 8.8
      vertex 8.5 18.1783 8.30557
      vertex 8.5 18.1 8.8
    endloop
  endfacet
  facet normal 1 0 0
    outer loop
      vertex 8.5 16.2217 8.30557
      vertex 8.5 18.1783 8.30557
      vertex 8.5 16.3 8.8
    endloop
  endfacet
  facet normal 1 0 0
    outer loop
      vertex 8.5 18.1783 8.30557
      vertex 8.5 16.2217 8.30557
      vertex 8.5 18.4056 7.85954
    endloop
  endfacet
  facet normal 1 0 0
    outer loop
      vertex 8.5 15.9944 7.85954
      vertex 8.5 18.4056 7.85954
      vertex 8.5 16.2217 8.30557
    endloop
  endfacet
  facet normal 1 0 0
    outer loop
      vertex 8.5 15.6405 7.50557
      vertex 8.5 18.4056 7.85954
      vertex 8.5 15.9944 7.85954
    endloop
  endfacet
  facet normal 1 0 0
    outer loop
      vertex 8.5 18.7595 7.50557
      vertex 8.5 15.6405 7.50557
      vertex 8.5 15.1944 7.27831
    endloop
  endfacet
  facet normal 1 0 0
    outer loop
      vertex 8.5 19.2056 7.27831
      vertex 8.5 15.1944 7.27831
      vertex 8.5 22.5 1.6
    endloop
  endfacet
  facet normal 1 0 0
    outer loop
      vertex 8.5 11.9 1.6
      vertex 8.5 15.1944 7.27831
      vertex 8.5 14.7 7.2
    endloop
  endfacet
  facet normal 1 0 0
    outer loop
      vertex 8.5 11.9 1.6
      vertex 8.5 14.7 7.2
      vertex 8.5 14.2056 7.27831
    endloop
  endfacet
  facet normal 1 0 0
    outer loop
      vertex 8.5 11.9 1.6
      vertex 8.5 14.2056 7.27831
      vertex 8.5 13.7595 7.50557
    endloop
  endfacet
  facet normal 1 0 0
    outer loop
      vertex 8.5 11.9 11.6
      vertex 8.5 13.1783 8.30557
      vertex 8.5 13.1 8.8
    endloop
  endfacet
  facet normal 1 0 0
    outer loop
      vertex 8.5 15.1944 7.27831
      vertex 8.5 11.9 1.6
      vertex 8.5 22.5 1.6
    endloop
  endfacet
  facet normal 1 0 0
    outer loop
      vertex 8.5 13.4056 7.85954
      vertex 8.5 11.9 1.6
      vertex 8.5 13.7595 7.50557
    endloop
  endfacet
  facet normal 1 0 0
    outer loop
      vertex 8.5 13.1783 8.30557
      vertex 8.5 11.9 1.6
      vertex 8.5 13.4056 7.85954
    endloop
  endfacet
  facet normal 1 0 0
    outer loop
      vertex 8.5 11.9 1.6
      vertex 8.5 13.1783 8.30557
      vertex 8.5 11.9 11.6
    endloop
  endfacet
  facet normal -0 0 1
    outer loop
      vertex 6.22169 15.1944 11.6
      vertex 8.5 11.9 11.6
      vertex 6.22169 19.2056 11.6
    endloop
  endfacet
  facet normal 0 0 1
    outer loop
      vertex 8.5 11.9 11.6
      vertex 6.22169 15.1944 11.6
      vertex 6.3 14.7 11.6
    endloop
  endfacet
  facet normal -0 0 1
    outer loop
      vertex 5.99443 18.7595 11.6
      vertex 6.22169 15.1944 11.6
      vertex 6.22169 19.2056 11.6
    endloop
  endfacet
  facet normal 0 0 1
    outer loop
      vertex 5.99443 18.7595 11.6
      vertex 5.99443 15.6405 11.6
      vertex 6.22169 15.1944 11.6
    endloop
  endfacet
  facet normal -0 0 1
    outer loop
      vertex 5.64046 18.4056 11.6
      vertex 5.99443 15.6405 11.6
      vertex 5.99443 18.7595 11.6
    endloop
  endfacet
  facet normal 0 0 1
    outer loop
      vertex 5.64046 18.4056 11.6
      vertex 5.64046 15.9944 11.6
      vertex 5.99443 15.6405 11.6
    endloop
  endfacet
  facet normal -0 0 1
    outer loop
      vertex 5.19443 18.1783 11.6
      vertex 5.64046 15.9944 11.6
      vertex 5.64046 18.4056 11.6
    endloop
  endfacet
  facet normal 0 0 1
    outer loop
      vertex 5.19443 18.1783 11.6
      vertex 5.19443 16.2217 11.6
      vertex 5.64046 15.9944 11.6
    endloop
  endfacet
  facet normal -0 0 1
    outer loop
      vertex 4.7 18.1 11.6
      vertex 5.19443 16.2217 11.6
      vertex 5.19443 18.1783 11.6
    endloop
  endfacet
  facet normal 0 0 1
    outer loop
      vertex 4.7 18.1 11.6
      vertex 4.7 16.3 11.6
      vertex 5.19443 16.2217 11.6
    endloop
  endfacet
  facet normal 0 0 1
    outer loop
      vertex 4.20557 18.1783 11.6
      vertex 4.7 16.3 11.6
      vertex 4.7 18.1 11.6
    endloop
  endfacet
  facet normal 0 0 1
    outer loop
      vertex 4.20557 18.1783 11.6
      vertex 4.20557 16.2217 11.6
      vertex 4.7 16.3 11.6
    endloop
  endfacet
  facet normal 0 0 1
    outer loop
      vertex 3.75954 18.4056 11.6
      vertex 4.20557 16.2217 11.6
      vertex 4.20557 18.1783 11.6
    endloop
  endfacet
  facet normal 0 0 1
    outer loop
      vertex 3.75954 18.4056 11.6
      vertex 3.75954 15.9944 11.6
      vertex 4.20557 16.2217 11.6
    endloop
  endfacet
  facet normal 0 0 1
    outer loop
      vertex 3.40557 18.7595 11.6
      vertex 3.75954 15.9944 11.6
      vertex 3.75954 18.4056 11.6
    endloop
  endfacet
  facet normal 0 0 1
    outer loop
      vertex 3.40557 18.7595 11.6
      vertex 3.40557 15.6405 11.6
      vertex 3.75954 15.9944 11.6
    endloop
  endfacet
  facet normal 0 0 1
    outer loop
      vertex 3.17831 19.2056 11.6
      vertex 3.40557 15.6405 11.6
      vertex 3.40557 18.7595 11.6
    endloop
  endfacet
  facet normal 0 0 1
    outer loop
      vertex 3.17831 19.2056 11.6
      vertex 3.17831 15.1944 11.6
      vertex 3.40557 15.6405 11.6
    endloop
  endfacet
  facet normal 0 0 1
    outer loop
      vertex 0.9 22.5 11.6
      vertex 3.17831 19.2056 11.6
      vertex 3.1 19.7 11.6
    endloop
  endfacet
  facet normal 0 0 1
    outer loop
      vertex 3.17831 19.2056 11.6
      vertex 0.9 22.5 11.6
      vertex 3.17831 15.1944 11.6
    endloop
  endfacet
  facet normal 0 0 1
    outer loop
      vertex 6.22169 19.2056 11.6
      vertex 8.5 22.5 11.6
      vertex 6.3 19.7 11.6
    endloop
  endfacet
  facet normal 0 0 1
    outer loop
      vertex 8.5 22.5 11.6
      vertex 6.22169 20.1944 11.6
      vertex 6.3 19.7 11.6
    endloop
  endfacet
  facet normal 0 0 1
    outer loop
      vertex 8.5 22.5 11.6
      vertex 5.99443 20.6405 11.6
      vertex 6.22169 20.1944 11.6
    endloop
  endfacet
  facet normal 0 0 1
    outer loop
      vertex 8.5 22.5 11.6
      vertex 5.64046 20.9944 11.6
      vertex 5.99443 20.6405 11.6
    endloop
  endfacet
  facet normal 0 0 1
    outer loop
      vertex 8.5 22.5 11.6
      vertex 5.19443 21.2217 11.6
      vertex 5.64046 20.9944 11.6
    endloop
  endfacet
  facet normal 0 0 1
    outer loop
      vertex 8.5 22.5 11.6
      vertex 4.7 21.3 11.6
      vertex 5.19443 21.2217 11.6
    endloop
  endfacet
  facet normal -0 0 1
    outer loop
      vertex 0.9 22.5 11.6
      vertex 4.7 21.3 11.6
      vertex 8.5 22.5 11.6
    endloop
  endfacet
  facet normal 0 0 1
    outer loop
      vertex 0.9 11.9 11.6
      vertex 3.17831 15.1944 11.6
      vertex 0.9 22.5 11.6
    endloop
  endfacet
  facet normal 0 0 1
    outer loop
      vertex 3.17831 20.1944 11.6
      vertex 0.9 22.5 11.6
      vertex 3.1 19.7 11.6
    endloop
  endfacet
  facet normal 0 0 1
    outer loop
      vertex 3.40557 20.6405 11.6
      vertex 0.9 22.5 11.6
      vertex 3.17831 20.1944 11.6
    endloop
  endfacet
  facet normal 0 0 1
    outer loop
      vertex 3.75954 20.9944 11.6
      vertex 0.9 22.5 11.6
      vertex 3.40557 20.6405 11.6
    endloop
  endfacet
  facet normal 0 0 1
    outer loop
      vertex 4.20557 21.2217 11.6
      vertex 0.9 22.5 11.6
      vertex 3.75954 20.9944 11.6
    endloop
  endfacet
  facet normal 0 0 1
    outer loop
      vertex 4.7 21.3 11.6
      vertex 0.9 22.5 11.6
      vertex 4.20557 21.2217 11.6
    endloop
  endfacet
  facet normal 0 0 1
    outer loop
      vertex 8.5 22.5 11.6
      vertex 6.22169 19.2056 11.6
      vertex 8.5 11.9 11.6
    endloop
  endfacet
  facet normal -0 0 1
    outer loop
      vertex 6.22169 14.2056 11.6
      vertex 8.5 11.9 11.6
      vertex 6.3 14.7 11.6
    endloop
  endfacet
  facet normal -0 0 1
    outer loop
      vertex 5.99443 13.7595 11.6
      vertex 8.5 11.9 11.6
      vertex 6.22169 14.2056 11.6
    endloop
  endfacet
  facet normal -0 0 1
    outer loop
      vertex 5.64046 13.4056 11.6
      vertex 8.5 11.9 11.6
      vertex 5.99443 13.7595 11.6
    endloop
  endfacet
  facet normal -0 0 1
    outer loop
      vertex 5.19443 13.1783 11.6
      vertex 8.5 11.9 11.6
      vertex 5.64046 13.4056 11.6
    endloop
  endfacet
  facet normal -0 0 1
    outer loop
      vertex 4.7 13.1 11.6
      vertex 8.5 11.9 11.6
      vertex 5.19443 13.1783 11.6
    endloop
  endfacet
  facet normal 0 0 1
    outer loop
      vertex 0.9 11.9 11.6
      vertex 4.7 13.1 11.6
      vertex 4.20557 13.1783 11.6
    endloop
  endfacet
  facet normal 0 0 1
    outer loop
      vertex 3.17831 15.1944 11.6
      vertex 0.9 11.9 11.6
      vertex 3.1 14.7 11.6
    endloop
  endfacet
  facet normal 0 0 1
    outer loop
      vertex 4.7 13.1 11.6
      vertex 0.9 11.9 11.6
      vertex 8.5 11.9 11.6
    endloop
  endfacet
  facet normal 0 0 1
    outer loop
      vertex 3.75954 13.4056 11.6
      vertex 0.9 11.9 11.6
      vertex 4.20557 13.1783 11.6
    endloop
  endfacet
  facet normal 0 0 1
    outer loop
      vertex 3.40557 13.7595 11.6
      vertex 0.9 11.9 11.6
      vertex 3.75954 13.4056 11.6
    endloop
  endfacet
  facet normal 0 0 1
    outer loop
      vertex 3.17831 14.2056 11.6
      vertex 0.9 11.9 11.6
      vertex 3.40557 13.7595 11.6
    endloop
  endfacet
  facet normal 0 0 1
    outer loop
      vertex 3.1 14.7 11.6
      vertex 0.9 11.9 11.6
      vertex 3.17831 14.2056 11.6
    endloop
  endfacet
  facet normal -1 0 0
    outer loop
      vertex 0.9 21.2217 8.30557
      vertex 0.9 22.5 11.6
      vertex 0.9 22.5 1.6
    endloop
  endfacet
  facet normal -1 0 0
    outer loop
      vertex 0.9 22.5 11.6
      vertex 0.9 21.2217 8.30557
      vertex 0.9 21.3 8.8
    endloop
  endfacet
  facet normal -1 0 0
    outer loop
      vertex 0.9 22.5 1.6
      vertex 0.9 20.9944 7.85954
      vertex 0.9 21.2217 8.30557
    endloop
  endfacet
  facet normal -1 0 0
    outer loop
      vertex 0.9 22.5 1.6
      vertex 0.9 20.6405 7.50557
      vertex 0.9 20.9944 7.85954
    endloop
  endfacet
  facet normal -1 0 0
    outer loop
      vertex 0.9 22.5 1.6
      vertex 0.9 20.1944 7.27831
      vertex 0.9 20.6405 7.50557
    endloop
  endfacet
  facet normal -1 0 0
    outer loop
      vertex 0.9 22.5 1.6
      vertex 0.9 19.7 7.2
      vertex 0.9 20.1944 7.27831
    endloop
  endfacet
  facet normal -1 0 0
    outer loop
      vertex 0.9 22.5 1.6
      vertex 0.9 19.2056 7.27831
      vertex 0.9 19.7 7.2
    endloop
  endfacet
  facet normal -1 0 0
    outer loop
      vertex 0.9 15.1944 7.27831
      vertex 0.9 19.2056 7.27831
      vertex 0.9 22.5 1.6
    endloop
  endfacet
  facet normal -1 0 0
    outer loop
      vertex 0.9 19.2056 7.27831
      vertex 0.9 15.1944 7.27831
      vertex 0.9 18.7595 7.50557
    endloop
  endfacet
  facet normal -1 0 0
    outer loop
      vertex 0.9 18.1783 8.30557
      vertex 0.9 16.3 8.8
      vertex 0.9 18.1 8.8
    endloop
  endfacet
  facet normal -1 0 0
    outer loop
      vertex 0.9 16.2217 8.30557
      vertex 0.9 18.1783 8.30557
      vertex 0.9 18.4056 7.85954
    endloop
  endfacet
  facet normal -1 0 -0
    outer loop
      vertex 0.9 15.6405 7.50557
      vertex 0.9 18.7595 7.50557
      vertex 0.9 15.1944 7.27831
    endloop
  endfacet
  facet normal -1 0 0
    outer loop
      vertex 0.9 18.1783 8.30557
      vertex 0.9 16.2217 8.30557
      vertex 0.9 16.3 8.8
    endloop
  endfacet
  facet normal -1 0 0
    outer loop
      vertex 0.9 18.4056 7.85954
      vertex 0.9 15.9944 7.85954
      vertex 0.9 16.2217 8.30557
    endloop
  endfacet
  facet normal -1 -0 0
    outer loop
      vertex 0.9 18.4056 7.85954
      vertex 0.9 15.6405 7.50557
      vertex 0.9 15.9944 7.85954
    endloop
  endfacet
  facet normal -1 0 0
    outer loop
      vertex 0.9 18.7595 7.50557
      vertex 0.9 15.6405 7.50557
      vertex 0.9 18.4056 7.85954
    endloop
  endfacet
  facet normal -1 0 0
    outer loop
      vertex 0.9 11.9 1.6
      vertex 0.9 15.1944 7.27831
      vertex 0.9 22.5 1.6
    endloop
  endfacet
  facet normal -1 0 0
    outer loop
      vertex 0.9 15.1944 7.27831
      vertex 0.9 11.9 1.6
      vertex 0.9 14.7 7.2
    endloop
  endfacet
  facet normal -1 -0 0
    outer loop
      vertex 0.9 14.7 7.2
      vertex 0.9 11.9 1.6
      vertex 0.9 14.2056 7.27831
    endloop
  endfacet
  facet normal -1 0 0
    outer loop
      vertex 0.9 11.9 11.6
      vertex 0.9 13.1783 8.30557
      vertex 0.9 11.9 1.6
    endloop
  endfacet
  facet normal -1 -0 0
    outer loop
      vertex 0.9 13.4056 7.85954
      vertex 0.9 11.9 1.6
      vertex 0.9 13.1783 8.30557
    endloop
  endfacet
  facet normal -1 -0 0
    outer loop
      vertex 0.9 13.7595 7.50557
      vertex 0.9 11.9 1.6
      vertex 0.9 13.4056 7.85954
    endloop
  endfacet
  facet normal -1 -0 0
    outer loop
      vertex 0.9 14.2056 7.27831
      vertex 0.9 11.9 1.6
      vertex 0.9 13.7595 7.50557
    endloop
  endfacet
  facet normal -1 0 0
    outer loop
      vertex 0.9 21.2217 9.29443
      vertex 0.9 22.5 11.6
      vertex 0.9 21.3 8.8
    endloop
  endfacet
  facet normal -1 0 0
    outer loop
      vertex 0.9 20.9944 9.74046
      vertex 0.9 22.5 11.6
      vertex 0.9 21.2217 9.29443
    endloop
  endfacet
  facet normal -1 0 0
    outer loop
      vertex 0.9 20.6405 10.0944
      vertex 0.9 22.5 11.6
      vertex 0.9 20.9944 9.74046
    endloop
  endfacet
  facet normal -1 0 0
    outer loop
      vertex 0.9 20.1944 10.3217
      vertex 0.9 22.5 11.6
      vertex 0.9 20.6405 10.0944
    endloop
  endfacet
  facet normal -1 0 0
    outer loop
      vertex 0.9 19.7 10.4
      vertex 0.9 22.5 11.6
      vertex 0.9 20.1944 10.3217
    endloop
  endfacet
  facet normal -1 0 0
    outer loop
      vertex 0.9 19.2056 10.3217
      vertex 0.9 22.5 11.6
      vertex 0.9 19.7 10.4
    endloop
  endfacet
  facet normal -1 0 0
    outer loop
      vertex 0.9 16.3 8.8
      vertex 0.9 18.1783 9.29443
      vertex 0.9 18.1 8.8
    endloop
  endfacet
  facet normal -1 0 0
    outer loop
      vertex 0.9 16.2217 9.29443
      vertex 0.9 18.1783 9.29443
      vertex 0.9 16.3 8.8
    endloop
  endfacet
  facet normal -1 0 0
    outer loop
      vertex 0.9 18.1783 9.29443
      vertex 0.9 16.2217 9.29443
      vertex 0.9 18.4056 9.74046
    endloop
  endfacet
  facet normal -1 0 0
    outer loop
      vertex 0.9 15.9944 9.74046
      vertex 0.9 18.4056 9.74046
      vertex 0.9 16.2217 9.29443
    endloop
  endfacet
  facet normal -1 0 0
    outer loop
      vertex 0.9 18.4056 9.74046
      vertex 0.9 15.9944 9.74046
      vertex 0.9 18.7595 10.0944
    endloop
  endfacet
  facet normal -1 0 0
    outer loop
      vertex 0.9 15.6405 10.0944
      vertex 0.9 18.7595 10.0944
      vertex 0.9 15.9944 9.74046
    endloop
  endfacet
  facet normal -1 0 0
    outer loop
      vertex 0.9 18.7595 10.0944
      vertex 0.9 15.6405 10.0944
      vertex 0.9 19.2056 10.3217
    endloop
  endfacet
  facet normal -1 0 0
    outer loop
      vertex 0.9 15.1944 10.3217
      vertex 0.9 19.2056 10.3217
      vertex 0.9 15.6405 10.0944
    endloop
  endfacet
  facet normal -1 0 0
    outer loop
      vertex 0.9 19.2056 10.3217
      vertex 0.9 15.1944 10.3217
      vertex 0.9 22.5 11.6
    endloop
  endfacet
  facet normal -1 0 0
    outer loop
      vertex 0.9 11.9 11.6
      vertex 0.9 15.1944 10.3217
      vertex 0.9 14.7 10.4
    endloop
  endfacet
  facet normal -1 0 0
    outer loop
      vertex 0.9 13.1783 8.30557
      vertex 0.9 11.9 11.6
      vertex 0.9 13.1 8.8
    endloop
  endfacet
  facet normal -1 0 0
    outer loop
      vertex 0.9 15.1944 10.3217
      vertex 0.9 11.9 11.6
      vertex 0.9 22.5 11.6
    endloop
  endfacet
  facet normal -1 0 0
    outer loop
      vertex 0.9 14.2056 10.3217
      vertex 0.9 11.9 11.6
      vertex 0.9 14.7 10.4
    endloop
  endfacet
  facet normal -1 0 0
    outer loop
      vertex 0.9 13.7595 10.0944
      vertex 0.9 11.9 11.6
      vertex 0.9 14.2056 10.3217
    endloop
  endfacet
  facet normal -1 0 0
    outer loop
      vertex 0.9 13.4056 9.74046
      vertex 0.9 11.9 11.6
      vertex 0.9 13.7595 10.0944
    endloop
  endfacet
  facet normal -1 0 0
    outer loop
      vertex 0.9 13.1783 9.29443
      vertex 0.9 11.9 11.6
      vertex 0.9 13.4056 9.74046
    endloop
  endfacet
  facet normal -1 0 0
    outer loop
      vertex 0.9 13.1 8.8
      vertex 0.9 11.9 11.6
      vertex 0.9 13.1783 9.29443
    endloop
  endfacet
  facet normal 0 1 -0
    outer loop
      vertex 8.5 22.5 1.6
      vertex 0.9 22.5 11.6
      vertex 8.5 22.5 11.6
    endloop
  endfacet
  facet normal 0 1 0
    outer loop
      vertex 0.9 22.5 11.6
      vertex 8.5 22.5 1.6
      vertex 0.9 22.5 1.6
    endloop
  endfacet
  facet normal 0 -1 0
    outer loop
      vertex 0.9 11.9 1.6
      vertex 8.5 11.9 11.6
      vertex 0.9 11.9 11.6
    endloop
  endfacet
  facet normal 0 -1 -0
    outer loop
      vertex 8.5 11.9 11.6
      vertex 0.9 11.9 1.6
      vertex 8.5 11.9 1.6
    endloop
  endfacet
  facet normal 1 -0 0
    outer loop
      vertex 5.5 14.7 0
      vertex 5.5 15.5 -2.7
      vertex 5.5 15.5 0
    endloop
  endfacet
  facet normal 1 0 0
    outer loop
      vertex 5.5 15.5 -2.7
      vertex 5.5 14.7 0
      vertex 5.5 14.7 -2.7
    endloop
  endfacet
  facet normal 0 0 -1
    outer loop
      vertex 4.7 14.7 -2.7
      vertex 5.5 15.5 -2.7
      vertex 5.5 14.7 -2.7
    endloop
  endfacet
  facet normal -0 0 -1
    outer loop
      vertex 5.5 15.5 -2.7
      vertex 4.7 14.7 -2.7
      vertex 4.7 15.5 -2.7
    endloop
  endfacet
  facet normal -1 0 0
    outer loop
      vertex 4.7 14.7 -2.7
      vertex 4.7 15.5 0
      vertex 4.7 15.5 -2.7
    endloop
  endfacet
  facet normal -1 -0 0
    outer loop
      vertex 4.7 15.5 0
      vertex 4.7 14.7 -2.7
      vertex 4.7 14.7 0
    endloop
  endfacet
  facet normal 0 1 -0
    outer loop
      vertex 5.5 15.5 -2.7
      vertex 4.7 15.5 0
      vertex 5.5 15.5 0
    endloop
  endfacet
  facet normal 0 1 0
    outer loop
      vertex 4.7 15.5 0
      vertex 5.5 15.5 -2.7
      vertex 4.7 15.5 -2.7
    endloop
  endfacet
  facet normal 0 -1 0
    outer loop
      vertex 4.7 14.7 -2.7
      vertex 5.5 14.7 0
      vertex 4.7 14.7 0
    endloop
  endfacet
  facet normal 0 -1 -0
    outer loop
      vertex 5.5 14.7 0
      vertex 4.7 14.7 -2.7
      vertex 5.5 14.7 -2.7
    endloop
  endfacet
  facet normal 1 -0 0
    outer loop
      vertex 5.5 19.7 0
      vertex 5.5 20.5 -2.7
      vertex 5.5 20.5 0
    endloop
  endfacet
  facet normal 1 0 0
    outer loop
      vertex 5.5 20.5 -2.7
      vertex 5.5 19.7 0
      vertex 5.5 19.7 -2.7
    endloop
  endfacet
  facet normal 0 0 -1
    outer loop
      vertex 4.7 19.7 -2.7
      vertex 5.5 20.5 -2.7
      vertex 5.5 19.7 -2.7
    endloop
  endfacet
  facet normal -0 0 -1
    outer loop
      vertex 5.5 20.5 -2.7
      vertex 4.7 19.7 -2.7
      vertex 4.7 20.5 -2.7
    endloop
  endfacet
  facet normal -1 0 0
    outer loop
      vertex 4.7 19.7 -2.7
      vertex 4.7 20.5 0
      vertex 4.7 20.5 -2.7
    endloop
  endfacet
  facet normal -1 -0 0
    outer loop
      vertex 4.7 20.5 0
      vertex 4.7 19.7 -2.7
      vertex 4.7 19.7 0
    endloop
  endfacet
  facet normal 0 1 -0
    outer loop
      vertex 5.5 20.5 -2.7
      vertex 4.7 20.5 0
      vertex 5.5 20.5 0
    endloop
  endfacet
  facet normal 0 1 0
    outer loop
      vertex 4.7 20.5 0
      vertex 5.5 20.5 -2.7
      vertex 4.7 20.5 -2.7
    endloop
  endfacet
  facet normal 0 -1 0
    outer loop
      vertex 4.7 19.7 -2.7
      vertex 5.5 19.7 0
      vertex 4.7 19.7 0
    endloop
  endfacet
  facet normal 0 -1 -0
    outer loop
      vertex 5.5 19.7 0
      vertex 4.7 19.7 -2.7
      vertex 5.5 19.7 -2.7
    endloop
  endfacet
  facet normal 0 -0.707107 0.707107
    outer loop
      vertex 42.5 7.59443 7.85954
      vertex 50.1 7.24046 7.50557
      vertex 50.1 7.59443 7.85954
    endloop
  endfacet
  facet normal 0 -0.707107 0.707107
    outer loop
      vertex 50.1 7.24046 7.50557
      vertex 42.5 7.59443 7.85954
      vertex 42.5 7.24046 7.50557
    endloop
  endfacet
  facet normal 0 0.707107 0.707107
    outer loop
      vertex 50.1 5.35954 7.50557
      vertex 42.5 5.00557 7.85954
      vertex 50.1 5.00557 7.85954
    endloop
  endfacet
  facet normal 0 0.707107 0.707107
    outer loop
      vertex 42.5 5.00557 7.85954
      vertex 50.1 5.35954 7.50557
      vertex 42.5 5.35954 7.50557
    endloop
  endfacet
  facet normal 0 0.891009 0.453985
    outer loop
      vertex 50.1 5.00557 7.85954
      vertex 42.5 4.77831 8.30557
      vertex 50.1 4.77831 8.30557
    endloop
  endfacet
  facet normal 0 0.891009 0.453985
    outer loop
      vertex 42.5 4.77831 8.30557
      vertex 50.1 5.00557 7.85954
      vertex 42.5 5.00557 7.85954
    endloop
  endfacet
  facet normal 0 -0.891009 -0.453985
    outer loop
      vertex 42.5 7.82169 9.29443
      vertex 50.1 7.59443 9.74046
      vertex 42.5 7.59443 9.74046
    endloop
  endfacet
  facet normal 0 -0.891009 -0.453985
    outer loop
      vertex 50.1 7.59443 9.74046
      vertex 42.5 7.82169 9.29443
      vertex 50.1 7.82169 9.29443
    endloop
  endfacet
  facet normal 0 0.987688 0.156434
    outer loop
      vertex 50.1 4.77831 8.30557
      vertex 42.5 4.7 8.8
      vertex 50.1 4.7 8.8
    endloop
  endfacet
  facet normal 0 0.987688 0.156434
    outer loop
      vertex 42.5 4.7 8.8
      vertex 50.1 4.77831 8.30557
      vertex 42.5 4.77831 8.30557
    endloop
  endfacet
  facet normal 0 -0.156434 0.987688
    outer loop
      vertex 42.5 6.79443 7.27831
      vertex 50.1 6.3 7.2
      vertex 50.1 6.79443 7.27831
    endloop
  endfacet
  facet normal 0 -0.156434 0.987688
    outer loop
      vertex 50.1 6.3 7.2
      vertex 42.5 6.79443 7.27831
      vertex 42.5 6.3 7.2
    endloop
  endfacet
  facet normal 0 0.987688 -0.156434
    outer loop
      vertex 50.1 4.7 8.8
      vertex 42.5 4.77831 9.29443
      vertex 50.1 4.77831 9.29443
    endloop
  endfacet
  facet normal 0 0.987688 -0.156434
    outer loop
      vertex 42.5 4.77831 9.29443
      vertex 50.1 4.7 8.8
      vertex 42.5 4.7 8.8
    endloop
  endfacet
  facet normal 0 -0.707077 -0.707137
    outer loop
      vertex 42.5 7.59443 9.74046
      vertex 50.1 7.24046 10.0944
      vertex 42.5 7.24046 10.0944
    endloop
  endfacet
  facet normal 0 -0.707077 -0.707137
    outer loop
      vertex 50.1 7.24046 10.0944
      vertex 42.5 7.59443 9.74046
      vertex 50.1 7.59443 9.74046
    endloop
  endfacet
  facet normal 0 0.156415 -0.987691
    outer loop
      vertex 42.5 5.80557 10.3217
      vertex 50.1 6.3 10.4
      vertex 50.1 5.80557 10.3217
    endloop
  endfacet
  facet normal 0 0.156415 -0.987691
    outer loop
      vertex 50.1 6.3 10.4
      vertex 42.5 5.80557 10.3217
      vertex 42.5 6.3 10.4
    endloop
  endfacet
  facet normal 0 0.891009 -0.453985
    outer loop
      vertex 50.1 4.77831 9.29443
      vertex 42.5 5.00557 9.74046
      vertex 50.1 5.00557 9.74046
    endloop
  endfacet
  facet normal 0 0.891009 -0.453985
    outer loop
      vertex 42.5 5.00557 9.74046
      vertex 50.1 4.77831 9.29443
      vertex 42.5 4.77831 9.29443
    endloop
  endfacet
  facet normal 0 -0.453985 0.891009
    outer loop
      vertex 42.5 7.24046 7.50557
      vertex 50.1 6.79443 7.27831
      vertex 50.1 7.24046 7.50557
    endloop
  endfacet
  facet normal 0 -0.453985 0.891009
    outer loop
      vertex 50.1 6.79443 7.27831
      vertex 42.5 7.24046 7.50557
      vertex 42.5 6.79443 7.27831
    endloop
  endfacet
  facet normal -0 0.156434 0.987688
    outer loop
      vertex 42.5 6.3 7.2
      vertex 50.1 5.80557 7.27831
      vertex 50.1 6.3 7.2
    endloop
  endfacet
  facet normal 0 0.156434 0.987688
    outer loop
      vertex 50.1 5.80557 7.27831
      vertex 42.5 6.3 7.2
      vertex 42.5 5.80557 7.27831
    endloop
  endfacet
  facet normal 0 -0.987688 0.156434
    outer loop
      vertex 42.5 7.82169 8.30557
      vertex 50.1 7.9 8.8
      vertex 42.5 7.9 8.8
    endloop
  endfacet
  facet normal 0 -0.987688 0.156434
    outer loop
      vertex 50.1 7.9 8.8
      vertex 42.5 7.82169 8.30557
      vertex 50.1 7.82169 8.30557
    endloop
  endfacet
  facet normal 0 -0.891009 0.453985
    outer loop
      vertex 42.5 7.59443 7.85954
      vertex 50.1 7.82169 8.30557
      vertex 42.5 7.82169 8.30557
    endloop
  endfacet
  facet normal 0 -0.891009 0.453985
    outer loop
      vertex 50.1 7.82169 8.30557
      vertex 42.5 7.59443 7.85954
      vertex 50.1 7.59443 7.85954
    endloop
  endfacet
  facet normal 0 0.454048 -0.890977
    outer loop
      vertex 42.5 5.35954 10.0944
      vertex 50.1 5.80557 10.3217
      vertex 50.1 5.35954 10.0944
    endloop
  endfacet
  facet normal 0 0.454048 -0.890977
    outer loop
      vertex 50.1 5.80557 10.3217
      vertex 42.5 5.35954 10.0944
      vertex 42.5 5.80557 10.3217
    endloop
  endfacet
  facet normal -0 0.453985 0.891009
    outer loop
      vertex 42.5 5.80557 7.27831
      vertex 50.1 5.35954 7.50557
      vertex 50.1 5.80557 7.27831
    endloop
  endfacet
  facet normal 0 0.453985 0.891009
    outer loop
      vertex 50.1 5.35954 7.50557
      vertex 42.5 5.80557 7.27831
      vertex 42.5 5.35954 7.50557
    endloop
  endfacet
  facet normal 0 -0.987688 -0.156434
    outer loop
      vertex 42.5 7.9 8.8
      vertex 50.1 7.82169 9.29443
      vertex 42.5 7.82169 9.29443
    endloop
  endfacet
  facet normal 0 -0.987688 -0.156434
    outer loop
      vertex 50.1 7.82169 9.29443
      vertex 42.5 7.9 8.8
      vertex 50.1 7.9 8.8
    endloop
  endfacet
  facet normal 0 -0.454048 -0.890977
    outer loop
      vertex 42.5 6.79443 10.3217
      vertex 50.1 7.24046 10.0944
      vertex 50.1 6.79443 10.3217
    endloop
  endfacet
  facet normal -0 -0.454048 -0.890977
    outer loop
      vertex 50.1 7.24046 10.0944
      vertex 42.5 6.79443 10.3217
      vertex 42.5 7.24046 10.0944
    endloop
  endfacet
  facet normal 0 -0.156415 -0.987691
    outer loop
      vertex 42.5 6.3 10.4
      vertex 50.1 6.79443 10.3217
      vertex 50.1 6.3 10.4
    endloop
  endfacet
  facet normal -0 -0.156415 -0.987691
    outer loop
      vertex 50.1 6.79443 10.3217
      vertex 42.5 6.3 10.4
      vertex 42.5 6.79443 10.3217
    endloop
  endfacet
  facet normal 0 0.707077 -0.707137
    outer loop
      vertex 50.1 5.00557 9.74046
      vertex 42.5 5.35954 10.0944
      vertex 50.1 5.35954 10.0944
    endloop
  endfacet
  facet normal 0 0.707077 -0.707137
    outer loop
      vertex 42.5 5.35954 10.0944
      vertex 50.1 5.00557 9.74046
      vertex 42.5 5.00557 9.74046
    endloop
  endfacet
  facet normal -0.156444 -0.987687 0
    outer loop
      vertex 46.3 7.9 10.7
      vertex 46.7944 7.82169 11.6
      vertex 46.3 7.9 11.6
    endloop
  endfacet
  facet normal -0.156444 -0.987687 -0
    outer loop
      vertex 46.7944 7.82169 11.6
      vertex 46.3 7.9 10.7
      vertex 46.7944 7.82169 10.7
    endloop
  endfacet
  facet normal -0.890977 -0.454048 0
    outer loop
      vertex 47.8217 6.79443 10.7
      vertex 47.5944 7.24046 11.6
      vertex 47.5944 7.24046 10.7
    endloop
  endfacet
  facet normal -0.890977 -0.454048 0
    outer loop
      vertex 47.5944 7.24046 11.6
      vertex 47.8217 6.79443 10.7
      vertex 47.8217 6.79443 11.6
    endloop
  endfacet
  facet normal -0.987691 -0.156415 0
    outer loop
      vertex 47.9 6.3 10.7
      vertex 47.8217 6.79443 11.6
      vertex 47.8217 6.79443 10.7
    endloop
  endfacet
  facet normal -0.987691 -0.156415 0
    outer loop
      vertex 47.8217 6.79443 11.6
      vertex 47.9 6.3 10.7
      vertex 47.9 6.3 11.6
    endloop
  endfacet
  facet normal -0.707177 -0.707037 0
    outer loop
      vertex 47.2405 7.59443 10.7
      vertex 47.5944 7.24046 11.6
      vertex 47.2405 7.59443 11.6
    endloop
  endfacet
  facet normal -0.707177 -0.707037 -0
    outer loop
      vertex 47.5944 7.24046 11.6
      vertex 47.2405 7.59443 10.7
      vertex 47.5944 7.24046 10.7
    endloop
  endfacet
  facet normal -0.453928 0.891038 0
    outer loop
      vertex 47.2405 5.00557 10.7
      vertex 46.7944 4.77831 11.6
      vertex 47.2405 5.00557 11.6
    endloop
  endfacet
  facet normal -0.453928 0.891038 0
    outer loop
      vertex 46.7944 4.77831 11.6
      vertex 47.2405 5.00557 10.7
      vertex 46.7944 4.77831 10.7
    endloop
  endfacet
  facet normal -0.453928 -0.891038 0
    outer loop
      vertex 46.7944 7.82169 10.7
      vertex 47.2405 7.59443 11.6
      vertex 46.7944 7.82169 11.6
    endloop
  endfacet
  facet normal -0.453928 -0.891038 -0
    outer loop
      vertex 47.2405 7.59443 11.6
      vertex 46.7944 7.82169 10.7
      vertex 47.2405 7.59443 10.7
    endloop
  endfacet
  facet normal -0.707177 0.707037 0
    outer loop
      vertex 47.5944 5.35954 10.7
      vertex 47.2405 5.00557 11.6
      vertex 47.5944 5.35954 11.6
    endloop
  endfacet
  facet normal -0.707177 0.707037 0
    outer loop
      vertex 47.2405 5.00557 11.6
      vertex 47.5944 5.35954 10.7
      vertex 47.2405 5.00557 10.7
    endloop
  endfacet
  facet normal 0.156444 0.987687 -0
    outer loop
      vertex 46.3 4.7 10.7
      vertex 45.8056 4.77831 11.6
      vertex 46.3 4.7 11.6
    endloop
  endfacet
  facet normal 0.156444 0.987687 0
    outer loop
      vertex 45.8056 4.77831 11.6
      vertex 46.3 4.7 10.7
      vertex 45.8056 4.77831 10.7
    endloop
  endfacet
  facet normal -0.890977 0.454048 0
    outer loop
      vertex 47.5944 5.35954 10.7
      vertex 47.8217 5.80557 11.6
      vertex 47.8217 5.80557 10.7
    endloop
  endfacet
  facet normal -0.890977 0.454048 0
    outer loop
      vertex 47.8217 5.80557 11.6
      vertex 47.5944 5.35954 10.7
      vertex 47.5944 5.35954 11.6
    endloop
  endfacet
  facet normal 0.987691 -0.156415 0
    outer loop
      vertex 44.7 6.3 11.6
      vertex 44.7783 6.79443 10.7
      vertex 44.7783 6.79443 11.6
    endloop
  endfacet
  facet normal 0.987691 -0.156415 0
    outer loop
      vertex 44.7783 6.79443 10.7
      vertex 44.7 6.3 11.6
      vertex 44.7 6.3 10.7
    endloop
  endfacet
  facet normal 0.987691 0.156415 0
    outer loop
      vertex 44.7783 5.80557 11.6
      vertex 44.7 6.3 10.7
      vertex 44.7 6.3 11.6
    endloop
  endfacet
  facet normal 0.987691 0.156415 0
    outer loop
      vertex 44.7 6.3 10.7
      vertex 44.7783 5.80557 11.6
      vertex 44.7783 5.80557 10.7
    endloop
  endfacet
  facet normal 0.453928 0.891038 -0
    outer loop
      vertex 45.8056 4.77831 10.7
      vertex 45.3595 5.00557 11.6
      vertex 45.8056 4.77831 11.6
    endloop
  endfacet
  facet normal 0.453928 0.891038 0
    outer loop
      vertex 45.3595 5.00557 11.6
      vertex 45.8056 4.77831 10.7
      vertex 45.3595 5.00557 10.7
    endloop
  endfacet
  facet normal -0.156444 0.987687 0
    outer loop
      vertex 46.7944 4.77831 10.7
      vertex 46.3 4.7 11.6
      vertex 46.7944 4.77831 11.6
    endloop
  endfacet
  facet normal -0.156444 0.987687 0
    outer loop
      vertex 46.3 4.7 11.6
      vertex 46.7944 4.77831 10.7
      vertex 46.3 4.7 10.7
    endloop
  endfacet
  facet normal -0.987691 0.156415 0
    outer loop
      vertex 47.8217 5.80557 10.7
      vertex 47.9 6.3 11.6
      vertex 47.9 6.3 10.7
    endloop
  endfacet
  facet normal -0.987691 0.156415 0
    outer loop
      vertex 47.9 6.3 11.6
      vertex 47.8217 5.80557 10.7
      vertex 47.8217 5.80557 11.6
    endloop
  endfacet
  facet normal 0.156444 -0.987687 0
    outer loop
      vertex 45.8056 7.82169 10.7
      vertex 46.3 7.9 11.6
      vertex 45.8056 7.82169 11.6
    endloop
  endfacet
  facet normal 0.156444 -0.987687 0
    outer loop
      vertex 46.3 7.9 11.6
      vertex 45.8056 7.82169 10.7
      vertex 46.3 7.9 10.7
    endloop
  endfacet
  facet normal 0.707177 -0.707037 0
    outer loop
      vertex 45.0056 7.24046 11.6
      vertex 45.3595 7.59443 10.7
      vertex 45.3595 7.59443 11.6
    endloop
  endfacet
  facet normal 0.707177 -0.707037 0
    outer loop
      vertex 45.3595 7.59443 10.7
      vertex 45.0056 7.24046 11.6
      vertex 45.0056 7.24046 10.7
    endloop
  endfacet
  facet normal 0.707177 0.707037 0
    outer loop
      vertex 45.3595 5.00557 11.6
      vertex 45.0056 5.35954 10.7
      vertex 45.0056 5.35954 11.6
    endloop
  endfacet
  facet normal 0.707177 0.707037 0
    outer loop
      vertex 45.0056 5.35954 10.7
      vertex 45.3595 5.00557 11.6
      vertex 45.3595 5.00557 10.7
    endloop
  endfacet
  facet normal 0.453928 -0.891038 0
    outer loop
      vertex 45.3595 7.59443 10.7
      vertex 45.8056 7.82169 11.6
      vertex 45.3595 7.59443 11.6
    endloop
  endfacet
  facet normal 0.453928 -0.891038 0
    outer loop
      vertex 45.8056 7.82169 11.6
      vertex 45.3595 7.59443 10.7
      vertex 45.8056 7.82169 10.7
    endloop
  endfacet
  facet normal 0.890977 -0.454048 0
    outer loop
      vertex 44.7783 6.79443 11.6
      vertex 45.0056 7.24046 10.7
      vertex 45.0056 7.24046 11.6
    endloop
  endfacet
  facet normal 0.890977 -0.454048 0
    outer loop
      vertex 45.0056 7.24046 10.7
      vertex 44.7783 6.79443 11.6
      vertex 44.7783 6.79443 10.7
    endloop
  endfacet
  facet normal 0.890977 0.454048 0
    outer loop
      vertex 45.0056 5.35954 11.6
      vertex 44.7783 5.80557 10.7
      vertex 44.7783 5.80557 11.6
    endloop
  endfacet
  facet normal 0.890977 0.454048 0
    outer loop
      vertex 44.7783 5.80557 10.7
      vertex 45.0056 5.35954 11.6
      vertex 45.0056 5.35954 10.7
    endloop
  endfacet
  facet normal 0 0 1
    outer loop
      vertex 47.8217 6.79443 10.7
      vertex 47.8217 5.80557 10.7
      vertex 47.9 6.3 10.7
    endloop
  endfacet
  facet normal 0 0 1
    outer loop
      vertex 47.5944 7.24046 10.7
      vertex 47.8217 5.80557 10.7
      vertex 47.8217 6.79443 10.7
    endloop
  endfacet
  facet normal 0 0 1
    outer loop
      vertex 47.5944 7.24046 10.7
      vertex 47.5944 5.35954 10.7
      vertex 47.8217 5.80557 10.7
    endloop
  endfacet
  facet normal 0 0 1
    outer loop
      vertex 47.2405 7.59443 10.7
      vertex 47.5944 5.35954 10.7
      vertex 47.5944 7.24046 10.7
    endloop
  endfacet
  facet normal 0 0 1
    outer loop
      vertex 47.2405 7.59443 10.7
      vertex 47.2405 5.00557 10.7
      vertex 47.5944 5.35954 10.7
    endloop
  endfacet
  facet normal 0 0 1
    outer loop
      vertex 46.7944 7.82169 10.7
      vertex 47.2405 5.00557 10.7
      vertex 47.2405 7.59443 10.7
    endloop
  endfacet
  facet normal 0 0 1
    outer loop
      vertex 46.7944 7.82169 10.7
      vertex 46.7944 4.77831 10.7
      vertex 47.2405 5.00557 10.7
    endloop
  endfacet
  facet normal 0 0 1
    outer loop
      vertex 46.3 7.9 10.7
      vertex 46.7944 4.77831 10.7
      vertex 46.7944 7.82169 10.7
    endloop
  endfacet
  facet normal 0 0 1
    outer loop
      vertex 46.3 7.9 10.7
      vertex 46.3 4.7 10.7
      vertex 46.7944 4.77831 10.7
    endloop
  endfacet
  facet normal -0 0 1
    outer loop
      vertex 45.8056 7.82169 10.7
      vertex 46.3 4.7 10.7
      vertex 46.3 7.9 10.7
    endloop
  endfacet
  facet normal 0 0 1
    outer loop
      vertex 45.8056 7.82169 10.7
      vertex 45.8056 4.77831 10.7
      vertex 46.3 4.7 10.7
    endloop
  endfacet
  facet normal -0 0 1
    outer loop
      vertex 45.3595 7.59443 10.7
      vertex 45.8056 4.77831 10.7
      vertex 45.8056 7.82169 10.7
    endloop
  endfacet
  facet normal 0 0 1
    outer loop
      vertex 45.3595 7.59443 10.7
      vertex 45.3595 5.00557 10.7
      vertex 45.8056 4.77831 10.7
    endloop
  endfacet
  facet normal -0 0 1
    outer loop
      vertex 45.0056 7.24046 10.7
      vertex 45.3595 5.00557 10.7
      vertex 45.3595 7.59443 10.7
    endloop
  endfacet
  facet normal 0 0 1
    outer loop
      vertex 45.0056 7.24046 10.7
      vertex 45.0056 5.35954 10.7
      vertex 45.3595 5.00557 10.7
    endloop
  endfacet
  facet normal -0 0 1
    outer loop
      vertex 44.7783 6.79443 10.7
      vertex 45.0056 5.35954 10.7
      vertex 45.0056 7.24046 10.7
    endloop
  endfacet
  facet normal 0 0 1
    outer loop
      vertex 44.7783 6.79443 10.7
      vertex 44.7783 5.80557 10.7
      vertex 45.0056 5.35954 10.7
    endloop
  endfacet
  facet normal 0 -0 1
    outer loop
      vertex 44.7783 5.80557 10.7
      vertex 44.7783 6.79443 10.7
      vertex 44.7 6.3 10.7
    endloop
  endfacet
  facet normal 0 -0.707177 0.707037
    outer loop
      vertex 42.5 12.5944 7.85954
      vertex 50.1 12.2405 7.50557
      vertex 50.1 12.5944 7.85954
    endloop
  endfacet
  facet normal 0 -0.707177 0.707037
    outer loop
      vertex 50.1 12.2405 7.50557
      vertex 42.5 12.5944 7.85954
      vertex 42.5 12.2405 7.50557
    endloop
  endfacet
  facet normal 0 0.707177 0.707037
    outer loop
      vertex 50.1 10.3595 7.50557
      vertex 42.5 10.0056 7.85954
      vertex 50.1 10.0056 7.85954
    endloop
  endfacet
  facet normal 0 0.707177 0.707037
    outer loop
      vertex 42.5 10.0056 7.85954
      vertex 50.1 10.3595 7.50557
      vertex 42.5 10.3595 7.50557
    endloop
  endfacet
  facet normal 0 0.890985 0.454032
    outer loop
      vertex 50.1 10.0056 7.85954
      vertex 42.5 9.77831 8.30557
      vertex 50.1 9.77831 8.30557
    endloop
  endfacet
  facet normal 0 0.890985 0.454032
    outer loop
      vertex 42.5 9.77831 8.30557
      vertex 50.1 10.0056 7.85954
      vertex 42.5 10.0056 7.85954
    endloop
  endfacet
  facet normal 0 -0.890977 -0.454048
    outer loop
      vertex 42.5 12.8217 9.29443
      vertex 50.1 12.5944 9.74046
      vertex 42.5 12.5944 9.74046
    endloop
  endfacet
  facet normal 0 -0.890977 -0.454048
    outer loop
      vertex 50.1 12.5944 9.74046
      vertex 42.5 12.8217 9.29443
      vertex 50.1 12.8217 9.29443
    endloop
  endfacet
  facet normal 0 0.987688 0.156434
    outer loop
      vertex 50.1 9.77831 8.30557
      vertex 42.5 9.7 8.8
      vertex 50.1 9.7 8.8
    endloop
  endfacet
  facet normal 0 0.987688 0.156434
    outer loop
      vertex 42.5 9.7 8.8
      vertex 50.1 9.77831 8.30557
      vertex 42.5 9.77831 8.30557
    endloop
  endfacet
  facet normal 0 -0.156444 0.987687
    outer loop
      vertex 42.5 11.7944 7.27831
      vertex 50.1 11.3 7.2
      vertex 50.1 11.7944 7.27831
    endloop
  endfacet
  facet normal 0 -0.156444 0.987687
    outer loop
      vertex 50.1 11.3 7.2
      vertex 42.5 11.7944 7.27831
      vertex 42.5 11.3 7.2
    endloop
  endfacet
  facet normal 0 0.987688 -0.156434
    outer loop
      vertex 50.1 9.7 8.8
      vertex 42.5 9.77831 9.29443
      vertex 50.1 9.77831 9.29443
    endloop
  endfacet
  facet normal 0 0.987688 -0.156434
    outer loop
      vertex 42.5 9.77831 9.29443
      vertex 50.1 9.7 8.8
      vertex 42.5 9.7 8.8
    endloop
  endfacet
  facet normal 0 -0.707147 -0.707067
    outer loop
      vertex 42.5 12.5944 9.74046
      vertex 50.1 12.2405 10.0944
      vertex 42.5 12.2405 10.0944
    endloop
  endfacet
  facet normal 0 -0.707147 -0.707067
    outer loop
      vertex 50.1 12.2405 10.0944
      vertex 42.5 12.5944 9.74046
      vertex 50.1 12.5944 9.74046
    endloop
  endfacet
  facet normal 0 0.156424 -0.98769
    outer loop
      vertex 42.5 10.8056 10.3217
      vertex 50.1 11.3 10.4
      vertex 50.1 10.8056 10.3217
    endloop
  endfacet
  facet normal 0 0.156424 -0.98769
    outer loop
      vertex 50.1 11.3 10.4
      vertex 42.5 10.8056 10.3217
      vertex 42.5 11.3 10.4
    endloop
  endfacet
  facet normal 0 0.890985 -0.454032
    outer loop
      vertex 50.1 9.77831 9.29443
      vertex 42.5 10.0056 9.74046
      vertex 50.1 10.0056 9.74046
    endloop
  endfacet
  facet normal 0 0.890985 -0.454032
    outer loop
      vertex 42.5 10.0056 9.74046
      vertex 50.1 9.77831 9.29443
      vertex 42.5 9.77831 9.29443
    endloop
  endfacet
  facet normal 0 -0.453928 0.891038
    outer loop
      vertex 42.5 12.2405 7.50557
      vertex 50.1 11.7944 7.27831
      vertex 50.1 12.2405 7.50557
    endloop
  endfacet
  facet normal 0 -0.453928 0.891038
    outer loop
      vertex 50.1 11.7944 7.27831
      vertex 42.5 12.2405 7.50557
      vertex 42.5 11.7944 7.27831
    endloop
  endfacet
  facet normal -0 0.156444 0.987687
    outer loop
      vertex 42.5 11.3 7.2
      vertex 50.1 10.8056 7.27831
      vertex 50.1 11.3 7.2
    endloop
  endfacet
  facet normal 0 0.156444 0.987687
    outer loop
      vertex 50.1 10.8056 7.27831
      vertex 42.5 11.3 7.2
      vertex 42.5 10.8056 7.27831
    endloop
  endfacet
  facet normal 0 -0.987691 0.156415
    outer loop
      vertex 42.5 12.8217 8.30557
      vertex 50.1 12.9 8.8
      vertex 42.5 12.9 8.8
    endloop
  endfacet
  facet normal 0 -0.987691 0.156415
    outer loop
      vertex 50.1 12.9 8.8
      vertex 42.5 12.8217 8.30557
      vertex 50.1 12.8217 8.30557
    endloop
  endfacet
  facet normal 0 -0.890977 0.454048
    outer loop
      vertex 42.5 12.5944 7.85954
      vertex 50.1 12.8217 8.30557
      vertex 42.5 12.8217 8.30557
    endloop
  endfacet
  facet normal 0 -0.890977 0.454048
    outer loop
      vertex 50.1 12.8217 8.30557
      vertex 42.5 12.5944 7.85954
      vertex 50.1 12.5944 7.85954
    endloop
  endfacet
  facet normal 0 0.453992 -0.891006
    outer loop
      vertex 42.5 10.3595 10.0944
      vertex 50.1 10.8056 10.3217
      vertex 50.1 10.3595 10.0944
    endloop
  endfacet
  facet normal 0 0.453992 -0.891006
    outer loop
      vertex 50.1 10.8056 10.3217
      vertex 42.5 10.3595 10.0944
      vertex 42.5 10.8056 10.3217
    endloop
  endfacet
  facet normal 0 -0.156424 -0.98769
    outer loop
      vertex 42.5 11.3 10.4
      vertex 50.1 11.7944 10.3217
      vertex 50.1 11.3 10.4
    endloop
  endfacet
  facet normal -0 -0.156424 -0.98769
    outer loop
      vertex 50.1 11.7944 10.3217
      vertex 42.5 11.3 10.4
      vertex 42.5 11.7944 10.3217
    endloop
  endfacet
  facet normal -0 0.453928 0.891038
    outer loop
      vertex 42.5 10.8056 7.27831
      vertex 50.1 10.3595 7.50557
      vertex 50.1 10.8056 7.27831
    endloop
  endfacet
  facet normal 0 0.453928 0.891038
    outer loop
      vertex 50.1 10.3595 7.50557
      vertex 42.5 10.8056 7.27831
      vertex 42.5 10.3595 7.50557
    endloop
  endfacet
  facet normal 0 -0.987691 -0.156415
    outer loop
      vertex 42.5 12.9 8.8
      vertex 50.1 12.8217 9.29443
      vertex 42.5 12.8217 9.29443
    endloop
  endfacet
  facet normal 0 -0.987691 -0.156415
    outer loop
      vertex 50.1 12.8217 9.29443
      vertex 42.5 12.9 8.8
      vertex 50.1 12.9 8.8
    endloop
  endfacet
  facet normal 0 -0.453992 -0.891006
    outer loop
      vertex 42.5 11.7944 10.3217
      vertex 50.1 12.2405 10.0944
      vertex 50.1 11.7944 10.3217
    endloop
  endfacet
  facet normal -0 -0.453992 -0.891006
    outer loop
      vertex 50.1 12.2405 10.0944
      vertex 42.5 11.7944 10.3217
      vertex 42.5 12.2405 10.0944
    endloop
  endfacet
  facet normal 0 0.707147 -0.707067
    outer loop
      vertex 50.1 10.0056 9.74046
      vertex 42.5 10.3595 10.0944
      vertex 50.1 10.3595 10.0944
    endloop
  endfacet
  facet normal 0 0.707147 -0.707067
    outer loop
      vertex 42.5 10.3595 10.0944
      vertex 50.1 10.0056 9.74046
      vertex 42.5 10.0056 9.74046
    endloop
  endfacet
  facet normal -0.156424 -0.98769 0
    outer loop
      vertex 46.3 12.9 10.7
      vertex 46.7944 12.8217 11.6
      vertex 46.3 12.9 11.6
    endloop
  endfacet
  facet normal -0.156424 -0.98769 -0
    outer loop
      vertex 46.7944 12.8217 11.6
      vertex 46.3 12.9 10.7
      vertex 46.7944 12.8217 10.7
    endloop
  endfacet
  facet normal -0.891006 -0.453992 0
    outer loop
      vertex 47.8217 11.7944 10.7
      vertex 47.5944 12.2405 11.6
      vertex 47.5944 12.2405 10.7
    endloop
  endfacet
  facet normal -0.891006 -0.453992 0
    outer loop
      vertex 47.5944 12.2405 11.6
      vertex 47.8217 11.7944 10.7
      vertex 47.8217 11.7944 11.6
    endloop
  endfacet
  facet normal -0.98769 -0.156424 0
    outer loop
      vertex 47.9 11.3 10.7
      vertex 47.8217 11.7944 11.6
      vertex 47.8217 11.7944 10.7
    endloop
  endfacet
  facet normal -0.98769 -0.156424 0
    outer loop
      vertex 47.8217 11.7944 11.6
      vertex 47.9 11.3 10.7
      vertex 47.9 11.3 11.6
    endloop
  endfacet
  facet normal -0.707107 -0.707107 0
    outer loop
      vertex 47.2405 12.5944 10.7
      vertex 47.5944 12.2405 11.6
      vertex 47.2405 12.5944 11.6
    endloop
  endfacet
  facet normal -0.707107 -0.707107 -0
    outer loop
      vertex 47.5944 12.2405 11.6
      vertex 47.2405 12.5944 10.7
      vertex 47.5944 12.2405 10.7
    endloop
  endfacet
  facet normal -0.453976 0.891014 0
    outer loop
      vertex 47.2405 10.0056 10.7
      vertex 46.7944 9.77831 11.6
      vertex 47.2405 10.0056 11.6
    endloop
  endfacet
  facet normal -0.453976 0.891014 0
    outer loop
      vertex 46.7944 9.77831 11.6
      vertex 47.2405 10.0056 10.7
      vertex 46.7944 9.77831 10.7
    endloop
  endfacet
  facet normal -0.453992 -0.891006 0
    outer loop
      vertex 46.7944 12.8217 10.7
      vertex 47.2405 12.5944 11.6
      vertex 46.7944 12.8217 11.6
    endloop
  endfacet
  facet normal -0.453992 -0.891006 -0
    outer loop
      vertex 47.2405 12.5944 11.6
      vertex 46.7944 12.8217 10.7
      vertex 47.2405 12.5944 10.7
    endloop
  endfacet
  facet normal -0.707107 0.707107 0
    outer loop
      vertex 47.5944 10.3595 10.7
      vertex 47.2405 10.0056 11.6
      vertex 47.5944 10.3595 11.6
    endloop
  endfacet
  facet normal -0.707107 0.707107 0
    outer loop
      vertex 47.2405 10.0056 11.6
      vertex 47.5944 10.3595 10.7
      vertex 47.2405 10.0056 10.7
    endloop
  endfacet
  facet normal 0.156444 0.987687 -0
    outer loop
      vertex 46.3 9.7 10.7
      vertex 45.8056 9.77831 11.6
      vertex 46.3 9.7 11.6
    endloop
  endfacet
  facet normal 0.156444 0.987687 0
    outer loop
      vertex 45.8056 9.77831 11.6
      vertex 46.3 9.7 10.7
      vertex 45.8056 9.77831 10.7
    endloop
  endfacet
  facet normal -0.891006 0.453992 0
    outer loop
      vertex 47.5944 10.3595 10.7
      vertex 47.8217 10.8056 11.6
      vertex 47.8217 10.8056 10.7
    endloop
  endfacet
  facet normal -0.891006 0.453992 0
    outer loop
      vertex 47.8217 10.8056 11.6
      vertex 47.5944 10.3595 10.7
      vertex 47.5944 10.3595 11.6
    endloop
  endfacet
  facet normal 0.98769 -0.156424 0
    outer loop
      vertex 44.7 11.3 11.6
      vertex 44.7783 11.7944 10.7
      vertex 44.7783 11.7944 11.6
    endloop
  endfacet
  facet normal 0.98769 -0.156424 0
    outer loop
      vertex 44.7783 11.7944 10.7
      vertex 44.7 11.3 11.6
      vertex 44.7 11.3 10.7
    endloop
  endfacet
  facet normal 0.98769 0.156424 0
    outer loop
      vertex 44.7783 10.8056 11.6
      vertex 44.7 11.3 10.7
      vertex 44.7 11.3 11.6
    endloop
  endfacet
  facet normal 0.98769 0.156424 0
    outer loop
      vertex 44.7 11.3 10.7
      vertex 44.7783 10.8056 11.6
      vertex 44.7783 10.8056 10.7
    endloop
  endfacet
  facet normal 0.453976 0.891014 -0
    outer loop
      vertex 45.8056 9.77831 10.7
      vertex 45.3595 10.0056 11.6
      vertex 45.8056 9.77831 11.6
    endloop
  endfacet
  facet normal 0.453976 0.891014 0
    outer loop
      vertex 45.3595 10.0056 11.6
      vertex 45.8056 9.77831 10.7
      vertex 45.3595 10.0056 10.7
    endloop
  endfacet
  facet normal -0.156444 0.987687 0
    outer loop
      vertex 46.7944 9.77831 10.7
      vertex 46.3 9.7 11.6
      vertex 46.7944 9.77831 11.6
    endloop
  endfacet
  facet normal -0.156444 0.987687 0
    outer loop
      vertex 46.3 9.7 11.6
      vertex 46.7944 9.77831 10.7
      vertex 46.3 9.7 10.7
    endloop
  endfacet
  facet normal -0.98769 0.156424 0
    outer loop
      vertex 47.8217 10.8056 10.7
      vertex 47.9 11.3 11.6
      vertex 47.9 11.3 10.7
    endloop
  endfacet
  facet normal -0.98769 0.156424 0
    outer loop
      vertex 47.9 11.3 11.6
      vertex 47.8217 10.8056 10.7
      vertex 47.8217 10.8056 11.6
    endloop
  endfacet
  facet normal 0.156424 -0.98769 0
    outer loop
      vertex 45.8056 12.8217 10.7
      vertex 46.3 12.9 11.6
      vertex 45.8056 12.8217 11.6
    endloop
  endfacet
  facet normal 0.156424 -0.98769 0
    outer loop
      vertex 46.3 12.9 11.6
      vertex 45.8056 12.8217 10.7
      vertex 46.3 12.9 10.7
    endloop
  endfacet
  facet normal 0.707107 -0.707107 0
    outer loop
      vertex 45.0056 12.2405 11.6
      vertex 45.3595 12.5944 10.7
      vertex 45.3595 12.5944 11.6
    endloop
  endfacet
  facet normal 0.707107 -0.707107 0
    outer loop
      vertex 45.3595 12.5944 10.7
      vertex 45.0056 12.2405 11.6
      vertex 45.0056 12.2405 10.7
    endloop
  endfacet
  facet normal 0.707107 0.707107 0
    outer loop
      vertex 45.3595 10.0056 11.6
      vertex 45.0056 10.3595 10.7
      vertex 45.0056 10.3595 11.6
    endloop
  endfacet
  facet normal 0.707107 0.707107 0
    outer loop
      vertex 45.0056 10.3595 10.7
      vertex 45.3595 10.0056 11.6
      vertex 45.3595 10.0056 10.7
    endloop
  endfacet
  facet normal 0.453992 -0.891006 0
    outer loop
      vertex 45.3595 12.5944 10.7
      vertex 45.8056 12.8217 11.6
      vertex 45.3595 12.5944 11.6
    endloop
  endfacet
  facet normal 0.453992 -0.891006 0
    outer loop
      vertex 45.8056 12.8217 11.6
      vertex 45.3595 12.5944 10.7
      vertex 45.8056 12.8217 10.7
    endloop
  endfacet
  facet normal 0.891006 -0.453992 0
    outer loop
      vertex 44.7783 11.7944 11.6
      vertex 45.0056 12.2405 10.7
      vertex 45.0056 12.2405 11.6
    endloop
  endfacet
  facet normal 0.891006 -0.453992 0
    outer loop
      vertex 45.0056 12.2405 10.7
      vertex 44.7783 11.7944 11.6
      vertex 44.7783 11.7944 10.7
    endloop
  endfacet
  facet normal 0.891006 0.453992 0
    outer loop
      vertex 45.0056 10.3595 11.6
      vertex 44.7783 10.8056 10.7
      vertex 44.7783 10.8056 11.6
    endloop
  endfacet
  facet normal 0.891006 0.453992 0
    outer loop
      vertex 44.7783 10.8056 10.7
      vertex 45.0056 10.3595 11.6
      vertex 45.0056 10.3595 10.7
    endloop
  endfacet
  facet normal 0 0 1
    outer loop
      vertex 47.8217 11.7944 10.7
      vertex 47.8217 10.8056 10.7
      vertex 47.9 11.3 10.7
    endloop
  endfacet
  facet normal 0 0 1
    outer loop
      vertex 47.5944 12.2405 10.7
      vertex 47.8217 10.8056 10.7
      vertex 47.8217 11.7944 10.7
    endloop
  endfacet
  facet normal 0 0 1
    outer loop
      vertex 47.5944 12.2405 10.7
      vertex 47.5944 10.3595 10.7
      vertex 47.8217 10.8056 10.7
    endloop
  endfacet
  facet normal 0 0 1
    outer loop
      vertex 47.2405 12.5944 10.7
      vertex 47.5944 10.3595 10.7
      vertex 47.5944 12.2405 10.7
    endloop
  endfacet
  facet normal 0 0 1
    outer loop
      vertex 47.2405 12.5944 10.7
      vertex 47.2405 10.0056 10.7
      vertex 47.5944 10.3595 10.7
    endloop
  endfacet
  facet normal 0 0 1
    outer loop
      vertex 46.7944 12.8217 10.7
      vertex 47.2405 10.0056 10.7
      vertex 47.2405 12.5944 10.7
    endloop
  endfacet
  facet normal 0 0 1
    outer loop
      vertex 46.7944 12.8217 10.7
      vertex 46.7944 9.77831 10.7
      vertex 47.2405 10.0056 10.7
    endloop
  endfacet
  facet normal 0 0 1
    outer loop
      vertex 46.3 12.9 10.7
      vertex 46.7944 9.77831 10.7
      vertex 46.7944 12.8217 10.7
    endloop
  endfacet
  facet normal 0 0 1
    outer loop
      vertex 46.3 12.9 10.7
      vertex 46.3 9.7 10.7
      vertex 46.7944 9.77831 10.7
    endloop
  endfacet
  facet normal -0 0 1
    outer loop
      vertex 45.8056 12.8217 10.7
      vertex 46.3 9.7 10.7
      vertex 46.3 12.9 10.7
    endloop
  endfacet
  facet normal 0 0 1
    outer loop
      vertex 45.8056 12.8217 10.7
      vertex 45.8056 9.77831 10.7
      vertex 46.3 9.7 10.7
    endloop
  endfacet
  facet normal -0 0 1
    outer loop
      vertex 45.3595 12.5944 10.7
      vertex 45.8056 9.77831 10.7
      vertex 45.8056 12.8217 10.7
    endloop
  endfacet
  facet normal 0 0 1
    outer loop
      vertex 45.3595 12.5944 10.7
      vertex 45.3595 10.0056 10.7
      vertex 45.8056 9.77831 10.7
    endloop
  endfacet
  facet normal -0 0 1
    outer loop
      vertex 45.0056 12.2405 10.7
      vertex 45.3595 10.0056 10.7
      vertex 45.3595 12.5944 10.7
    endloop
  endfacet
  facet normal 0 0 1
    outer loop
      vertex 45.0056 12.2405 10.7
      vertex 45.0056 10.3595 10.7
      vertex 45.3595 10.0056 10.7
    endloop
  endfacet
  facet normal -0 0 1
    outer loop
      vertex 44.7783 11.7944 10.7
      vertex 45.0056 10.3595 10.7
      vertex 45.0056 12.2405 10.7
    endloop
  endfacet
  facet normal 0 0 1
    outer loop
      vertex 44.7783 11.7944 10.7
      vertex 44.7783 10.8056 10.7
      vertex 45.0056 10.3595 10.7
    endloop
  endfacet
  facet normal 0 -0 1
    outer loop
      vertex 44.7783 10.8056 10.7
      vertex 44.7783 11.7944 10.7
      vertex 44.7 11.3 10.7
    endloop
  endfacet
  facet normal 1 0 0
    outer loop
      vertex 50.1 12.8217 8.30557
      vertex 50.1 14.1 11.6
      vertex 50.1 12.9 8.8
    endloop
  endfacet
  facet normal 1 0 0
    outer loop
      vertex 50.1 14.1 11.6
      vertex 50.1 12.8217 9.29443
      vertex 50.1 12.9 8.8
    endloop
  endfacet
  facet normal 1 0 0
    outer loop
      vertex 50.1 14.1 11.6
      vertex 50.1 12.5944 9.74046
      vertex 50.1 12.8217 9.29443
    endloop
  endfacet
  facet normal 1 0 0
    outer loop
      vertex 50.1 14.1 11.6
      vertex 50.1 12.2405 10.0944
      vertex 50.1 12.5944 9.74046
    endloop
  endfacet
  facet normal 1 0 0
    outer loop
      vertex 50.1 14.1 11.6
      vertex 50.1 11.7944 10.3217
      vertex 50.1 12.2405 10.0944
    endloop
  endfacet
  facet normal 1 0 0
    outer loop
      vertex 50.1 14.1 11.6
      vertex 50.1 11.3 10.4
      vertex 50.1 11.7944 10.3217
    endloop
  endfacet
  facet normal 1 0 0
    outer loop
      vertex 50.1 14.1 11.6
      vertex 50.1 10.8056 10.3217
      vertex 50.1 11.3 10.4
    endloop
  endfacet
  facet normal 1 0 0
    outer loop
      vertex 50.1 9.77831 9.29443
      vertex 50.1 7.9 8.8
      vertex 50.1 9.7 8.8
    endloop
  endfacet
  facet normal 1 0 0
    outer loop
      vertex 50.1 7.82169 9.29443
      vertex 50.1 9.77831 9.29443
      vertex 50.1 10.0056 9.74046
    endloop
  endfacet
  facet normal 1 0 0
    outer loop
      vertex 50.1 7.59443 9.74046
      vertex 50.1 10.0056 9.74046
      vertex 50.1 10.3595 10.0944
    endloop
  endfacet
  facet normal 1 0 0
    outer loop
      vertex 50.1 9.77831 9.29443
      vertex 50.1 7.82169 9.29443
      vertex 50.1 7.9 8.8
    endloop
  endfacet
  facet normal 1 0 0
    outer loop
      vertex 50.1 7.24046 10.0944
      vertex 50.1 10.3595 10.0944
      vertex 50.1 10.8056 10.3217
    endloop
  endfacet
  facet normal 1 0 0
    outer loop
      vertex 50.1 6.79443 10.3217
      vertex 50.1 10.8056 10.3217
      vertex 50.1 14.1 11.6
    endloop
  endfacet
  facet normal 1 0 0
    outer loop
      vertex 50.1 10.0056 9.74046
      vertex 50.1 7.59443 9.74046
      vertex 50.1 7.82169 9.29443
    endloop
  endfacet
  facet normal 1 0 0
    outer loop
      vertex 50.1 10.3595 10.0944
      vertex 50.1 7.24046 10.0944
      vertex 50.1 7.59443 9.74046
    endloop
  endfacet
  facet normal 1 0 0
    outer loop
      vertex 50.1 10.8056 10.3217
      vertex 50.1 6.79443 10.3217
      vertex 50.1 7.24046 10.0944
    endloop
  endfacet
  facet normal 1 -0 0
    outer loop
      vertex 50.1 3.5 11.6
      vertex 50.1 6.79443 10.3217
      vertex 50.1 14.1 11.6
    endloop
  endfacet
  facet normal 1 0 0
    outer loop
      vertex 50.1 4.77831 9.29443
      vertex 50.1 3.5 11.6
      vertex 50.1 4.7 8.8
    endloop
  endfacet
  facet normal 1 0 0
    outer loop
      vertex 50.1 5.00557 9.74046
      vertex 50.1 3.5 11.6
      vertex 50.1 4.77831 9.29443
    endloop
  endfacet
  facet normal 1 0 0
    outer loop
      vertex 50.1 5.35954 10.0944
      vertex 50.1 3.5 11.6
      vertex 50.1 5.00557 9.74046
    endloop
  endfacet
  facet normal 1 0 0
    outer loop
      vertex 50.1 5.80557 10.3217
      vertex 50.1 3.5 11.6
      vertex 50.1 5.35954 10.0944
    endloop
  endfacet
  facet normal 1 0 0
    outer loop
      vertex 50.1 6.3 10.4
      vertex 50.1 3.5 11.6
      vertex 50.1 5.80557 10.3217
    endloop
  endfacet
  facet normal 1 0 0
    outer loop
      vertex 50.1 6.79443 10.3217
      vertex 50.1 3.5 11.6
      vertex 50.1 6.3 10.4
    endloop
  endfacet
  facet normal 1 0 0
    outer loop
      vertex 50.1 14.1 11.6
      vertex 50.1 12.8217 8.30557
      vertex 50.1 14.1 1.6
    endloop
  endfacet
  facet normal 1 -0 0
    outer loop
      vertex 50.1 12.5944 7.85954
      vertex 50.1 14.1 1.6
      vertex 50.1 12.8217 8.30557
    endloop
  endfacet
  facet normal 1 -0 0
    outer loop
      vertex 50.1 12.2405 7.50557
      vertex 50.1 14.1 1.6
      vertex 50.1 12.5944 7.85954
    endloop
  endfacet
  facet normal 1 -0 0
    outer loop
      vertex 50.1 11.7944 7.27831
      vertex 50.1 14.1 1.6
      vertex 50.1 12.2405 7.50557
    endloop
  endfacet
  facet normal 1 -0 0
    outer loop
      vertex 50.1 11.3 7.2
      vertex 50.1 14.1 1.6
      vertex 50.1 11.7944 7.27831
    endloop
  endfacet
  facet normal 1 0 0
    outer loop
      vertex 50.1 10.8056 7.27831
      vertex 50.1 14.1 1.6
      vertex 50.1 11.3 7.2
    endloop
  endfacet
  facet normal 1 0 0
    outer loop
      vertex 50.1 6.79443 7.27831
      vertex 50.1 10.8056 7.27831
      vertex 50.1 10.3595 7.50557
    endloop
  endfacet
  facet normal 1 0 0
    outer loop
      vertex 50.1 7.24046 7.50557
      vertex 50.1 10.3595 7.50557
      vertex 50.1 10.0056 7.85954
    endloop
  endfacet
  facet normal 1 -0 0
    outer loop
      vertex 50.1 7.9 8.8
      vertex 50.1 9.77831 8.30557
      vertex 50.1 9.7 8.8
    endloop
  endfacet
  facet normal 1 0 0
    outer loop
      vertex 50.1 7.82169 8.30557
      vertex 50.1 9.77831 8.30557
      vertex 50.1 7.9 8.8
    endloop
  endfacet
  facet normal 1 0 0
    outer loop
      vertex 50.1 9.77831 8.30557
      vertex 50.1 7.82169 8.30557
      vertex 50.1 10.0056 7.85954
    endloop
  endfacet
  facet normal 1 0 0
    outer loop
      vertex 50.1 7.59443 7.85954
      vertex 50.1 10.0056 7.85954
      vertex 50.1 7.82169 8.30557
    endloop
  endfacet
  facet normal 1 0 0
    outer loop
      vertex 50.1 7.24046 7.50557
      vertex 50.1 10.0056 7.85954
      vertex 50.1 7.59443 7.85954
    endloop
  endfacet
  facet normal 1 0 0
    outer loop
      vertex 50.1 10.3595 7.50557
      vertex 50.1 7.24046 7.50557
      vertex 50.1 6.79443 7.27831
    endloop
  endfacet
  facet normal 1 0 0
    outer loop
      vertex 50.1 10.8056 7.27831
      vertex 50.1 6.79443 7.27831
      vertex 50.1 14.1 1.6
    endloop
  endfacet
  facet normal 1 0 0
    outer loop
      vertex 50.1 3.5 1.6
      vertex 50.1 6.79443 7.27831
      vertex 50.1 6.3 7.2
    endloop
  endfacet
  facet normal 1 0 0
    outer loop
      vertex 50.1 3.5 1.6
      vertex 50.1 6.3 7.2
      vertex 50.1 5.80557 7.27831
    endloop
  endfacet
  facet normal 1 0 0
    outer loop
      vertex 50.1 3.5 1.6
      vertex 50.1 5.80557 7.27831
      vertex 50.1 5.35954 7.50557
    endloop
  endfacet
  facet normal 1 0 0
    outer loop
      vertex 50.1 3.5 11.6
      vertex 50.1 4.77831 8.30557
      vertex 50.1 4.7 8.8
    endloop
  endfacet
  facet normal 1 0 0
    outer loop
      vertex 50.1 6.79443 7.27831
      vertex 50.1 3.5 1.6
      vertex 50.1 14.1 1.6
    endloop
  endfacet
  facet normal 1 0 0
    outer loop
      vertex 50.1 5.00557 7.85954
      vertex 50.1 3.5 1.6
      vertex 50.1 5.35954 7.50557
    endloop
  endfacet
  facet normal 1 0 0
    outer loop
      vertex 50.1 4.77831 8.30557
      vertex 50.1 3.5 1.6
      vertex 50.1 5.00557 7.85954
    endloop
  endfacet
  facet normal 1 0 0
    outer loop
      vertex 50.1 3.5 1.6
      vertex 50.1 4.77831 8.30557
      vertex 50.1 3.5 11.6
    endloop
  endfacet
  facet normal -0 0 1
    outer loop
      vertex 47.8217 6.79443 11.6
      vertex 50.1 3.5 11.6
      vertex 47.8217 10.8056 11.6
    endloop
  endfacet
  facet normal 0 0 1
    outer loop
      vertex 50.1 3.5 11.6
      vertex 47.8217 6.79443 11.6
      vertex 47.9 6.3 11.6
    endloop
  endfacet
  facet normal -0 0 1
    outer loop
      vertex 47.5944 10.3595 11.6
      vertex 47.8217 6.79443 11.6
      vertex 47.8217 10.8056 11.6
    endloop
  endfacet
  facet normal 0 0 1
    outer loop
      vertex 47.5944 10.3595 11.6
      vertex 47.5944 7.24046 11.6
      vertex 47.8217 6.79443 11.6
    endloop
  endfacet
  facet normal -0 0 1
    outer loop
      vertex 47.2405 10.0056 11.6
      vertex 47.5944 7.24046 11.6
      vertex 47.5944 10.3595 11.6
    endloop
  endfacet
  facet normal 0 0 1
    outer loop
      vertex 47.2405 10.0056 11.6
      vertex 47.2405 7.59443 11.6
      vertex 47.5944 7.24046 11.6
    endloop
  endfacet
  facet normal -0 0 1
    outer loop
      vertex 46.7944 9.77831 11.6
      vertex 47.2405 7.59443 11.6
      vertex 47.2405 10.0056 11.6
    endloop
  endfacet
  facet normal 0 0 1
    outer loop
      vertex 46.7944 9.77831 11.6
      vertex 46.7944 7.82169 11.6
      vertex 47.2405 7.59443 11.6
    endloop
  endfacet
  facet normal -0 0 1
    outer loop
      vertex 46.3 9.7 11.6
      vertex 46.7944 7.82169 11.6
      vertex 46.7944 9.77831 11.6
    endloop
  endfacet
  facet normal 0 0 1
    outer loop
      vertex 46.3 9.7 11.6
      vertex 46.3 7.9 11.6
      vertex 46.7944 7.82169 11.6
    endloop
  endfacet
  facet normal 0 0 1
    outer loop
      vertex 45.8056 9.77831 11.6
      vertex 46.3 7.9 11.6
      vertex 46.3 9.7 11.6
    endloop
  endfacet
  facet normal 0 0 1
    outer loop
      vertex 45.8056 9.77831 11.6
      vertex 45.8056 7.82169 11.6
      vertex 46.3 7.9 11.6
    endloop
  endfacet
  facet normal 0 0 1
    outer loop
      vertex 45.3595 10.0056 11.6
      vertex 45.8056 7.82169 11.6
      vertex 45.8056 9.77831 11.6
    endloop
  endfacet
  facet normal 0 0 1
    outer loop
      vertex 45.3595 10.0056 11.6
      vertex 45.3595 7.59443 11.6
      vertex 45.8056 7.82169 11.6
    endloop
  endfacet
  facet normal 0 0 1
    outer loop
      vertex 45.0056 10.3595 11.6
      vertex 45.3595 7.59443 11.6
      vertex 45.3595 10.0056 11.6
    endloop
  endfacet
  facet normal 0 0 1
    outer loop
      vertex 45.0056 10.3595 11.6
      vertex 45.0056 7.24046 11.6
      vertex 45.3595 7.59443 11.6
    endloop
  endfacet
  facet normal 0 0 1
    outer loop
      vertex 44.7783 10.8056 11.6
      vertex 45.0056 7.24046 11.6
      vertex 45.0056 10.3595 11.6
    endloop
  endfacet
  facet normal 0 0 1
    outer loop
      vertex 44.7783 10.8056 11.6
      vertex 44.7783 6.79443 11.6
      vertex 45.0056 7.24046 11.6
    endloop
  endfacet
  facet normal 0 0 1
    outer loop
      vertex 42.5 14.1 11.6
      vertex 44.7783 10.8056 11.6
      vertex 44.7 11.3 11.6
    endloop
  endfacet
  facet normal 0 0 1
    outer loop
      vertex 44.7783 10.8056 11.6
      vertex 42.5 14.1 11.6
      vertex 44.7783 6.79443 11.6
    endloop
  endfacet
  facet normal 0 0 1
    outer loop
      vertex 47.8217 10.8056 11.6
      vertex 50.1 14.1 11.6
      vertex 47.9 11.3 11.6
    endloop
  endfacet
  facet normal 0 0 1
    outer loop
      vertex 50.1 14.1 11.6
      vertex 47.8217 11.7944 11.6
      vertex 47.9 11.3 11.6
    endloop
  endfacet
  facet normal 0 0 1
    outer loop
      vertex 50.1 14.1 11.6
      vertex 47.5944 12.2405 11.6
      vertex 47.8217 11.7944 11.6
    endloop
  endfacet
  facet normal 0 0 1
    outer loop
      vertex 50.1 14.1 11.6
      vertex 47.2405 12.5944 11.6
      vertex 47.5944 12.2405 11.6
    endloop
  endfacet
  facet normal 0 0 1
    outer loop
      vertex 50.1 14.1 11.6
      vertex 46.7944 12.8217 11.6
      vertex 47.2405 12.5944 11.6
    endloop
  endfacet
  facet normal 0 0 1
    outer loop
      vertex 50.1 14.1 11.6
      vertex 46.3 12.9 11.6
      vertex 46.7944 12.8217 11.6
    endloop
  endfacet
  facet normal -0 0 1
    outer loop
      vertex 42.5 14.1 11.6
      vertex 46.3 12.9 11.6
      vertex 50.1 14.1 11.6
    endloop
  endfacet
  facet normal 0 0 1
    outer loop
      vertex 42.5 3.5 11.6
      vertex 44.7783 6.79443 11.6
      vertex 42.5 14.1 11.6
    endloop
  endfacet
  facet normal 0 0 1
    outer loop
      vertex 44.7783 11.7944 11.6
      vertex 42.5 14.1 11.6
      vertex 44.7 11.3 11.6
    endloop
  endfacet
  facet normal 0 0 1
    outer loop
      vertex 45.0056 12.2405 11.6
      vertex 42.5 14.1 11.6
      vertex 44.7783 11.7944 11.6
    endloop
  endfacet
  facet normal 0 0 1
    outer loop
      vertex 45.3595 12.5944 11.6
      vertex 42.5 14.1 11.6
      vertex 45.0056 12.2405 11.6
    endloop
  endfacet
  facet normal 0 0 1
    outer loop
      vertex 45.8056 12.8217 11.6
      vertex 42.5 14.1 11.6
      vertex 45.3595 12.5944 11.6
    endloop
  endfacet
  facet normal 0 0 1
    outer loop
      vertex 46.3 12.9 11.6
      vertex 42.5 14.1 11.6
      vertex 45.8056 12.8217 11.6
    endloop
  endfacet
  facet normal 0 0 1
    outer loop
      vertex 50.1 14.1 11.6
      vertex 47.8217 10.8056 11.6
      vertex 50.1 3.5 11.6
    endloop
  endfacet
  facet normal -0 0 1
    outer loop
      vertex 47.8217 5.80557 11.6
      vertex 50.1 3.5 11.6
      vertex 47.9 6.3 11.6
    endloop
  endfacet
  facet normal -0 0 1
    outer loop
      vertex 47.5944 5.35954 11.6
      vertex 50.1 3.5 11.6
      vertex 47.8217 5.80557 11.6
    endloop
  endfacet
  facet normal -0 0 1
    outer loop
      vertex 47.2405 5.00557 11.6
      vertex 50.1 3.5 11.6
      vertex 47.5944 5.35954 11.6
    endloop
  endfacet
  facet normal -0 0 1
    outer loop
      vertex 46.7944 4.77831 11.6
      vertex 50.1 3.5 11.6
      vertex 47.2405 5.00557 11.6
    endloop
  endfacet
  facet normal -0 0 1
    outer loop
      vertex 46.3 4.7 11.6
      vertex 50.1 3.5 11.6
      vertex 46.7944 4.77831 11.6
    endloop
  endfacet
  facet normal 0 0 1
    outer loop
      vertex 42.5 3.5 11.6
      vertex 46.3 4.7 11.6
      vertex 45.8056 4.77831 11.6
    endloop
  endfacet
  facet normal 0 0 1
    outer loop
      vertex 44.7783 6.79443 11.6
      vertex 42.5 3.5 11.6
      vertex 44.7 6.3 11.6
    endloop
  endfacet
  facet normal 0 0 1
    outer loop
      vertex 46.3 4.7 11.6
      vertex 42.5 3.5 11.6
      vertex 50.1 3.5 11.6
    endloop
  endfacet
  facet normal 0 0 1
    outer loop
      vertex 45.3595 5.00557 11.6
      vertex 42.5 3.5 11.6
      vertex 45.8056 4.77831 11.6
    endloop
  endfacet
  facet normal 0 0 1
    outer loop
      vertex 45.0056 5.35954 11.6
      vertex 42.5 3.5 11.6
      vertex 45.3595 5.00557 11.6
    endloop
  endfacet
  facet normal 0 0 1
    outer loop
      vertex 44.7783 5.80557 11.6
      vertex 42.5 3.5 11.6
      vertex 45.0056 5.35954 11.6
    endloop
  endfacet
  facet normal 0 0 1
    outer loop
      vertex 44.7 6.3 11.6
      vertex 42.5 3.5 11.6
      vertex 44.7783 5.80557 11.6
    endloop
  endfacet
  facet normal -1 0 0
    outer loop
      vertex 42.5 3.5 1.6
      vertex 42.5 12 2.25
      vertex 42.5 12 1.6
    endloop
  endfacet
  facet normal -1 0 0
    outer loop
      vertex 42.5 12 2.25
      vertex 42.5 11.3 7.2
      vertex 42.5 11.7944 7.27831
    endloop
  endfacet
  facet normal -1 0 0
    outer loop
      vertex 42.5 12 2.25
      vertex 42.5 10.8056 7.27831
      vertex 42.5 11.3 7.2
    endloop
  endfacet
  facet normal -1 0 0
    outer loop
      vertex 42.5 12 2.25
      vertex 42.5 10.3595 7.50557
      vertex 42.5 10.8056 7.27831
    endloop
  endfacet
  facet normal -1 0 0
    outer loop
      vertex 42.5 12 2.25
      vertex 42.5 7.24046 7.50557
      vertex 42.5 10.3595 7.50557
    endloop
  endfacet
  facet normal -1 0 0
    outer loop
      vertex 42.5 10.3595 7.50557
      vertex 42.5 7.24046 7.50557
      vertex 42.5 10.0056 7.85954
    endloop
  endfacet
  facet normal -1 0 0
    outer loop
      vertex 42.5 9.77831 8.30557
      vertex 42.5 7.9 8.8
      vertex 42.5 9.7 8.8
    endloop
  endfacet
  facet normal -1 0 -0
    outer loop
      vertex 42.5 7.59443 7.85954
      vertex 42.5 10.0056 7.85954
      vertex 42.5 7.24046 7.50557
    endloop
  endfacet
  facet normal -1 0 0
    outer loop
      vertex 42.5 9.77831 8.30557
      vertex 42.5 7.82169 8.30557
      vertex 42.5 7.9 8.8
    endloop
  endfacet
  facet normal -1 -0 0
    outer loop
      vertex 42.5 9.77831 8.30557
      vertex 42.5 7.59443 7.85954
      vertex 42.5 7.82169 8.30557
    endloop
  endfacet
  facet normal -1 0 0
    outer loop
      vertex 42.5 10.0056 7.85954
      vertex 42.5 7.59443 7.85954
      vertex 42.5 9.77831 8.30557
    endloop
  endfacet
  facet normal -1 0 0
    outer loop
      vertex 42.5 12 2.25
      vertex 42.5 6.79443 7.27831
      vertex 42.5 7.24046 7.50557
    endloop
  endfacet
  facet normal -1 -0 0
    outer loop
      vertex 42.5 12 2.25
      vertex 42.5 3.5 1.6
      vertex 42.5 6.79443 7.27831
    endloop
  endfacet
  facet normal -1 0 0
    outer loop
      vertex 42.5 6.79443 7.27831
      vertex 42.5 3.5 1.6
      vertex 42.5 6.3 7.2
    endloop
  endfacet
  facet normal -1 -0 0
    outer loop
      vertex 42.5 6.3 7.2
      vertex 42.5 3.5 1.6
      vertex 42.5 5.80557 7.27831
    endloop
  endfacet
  facet normal -1 0 0
    outer loop
      vertex 42.5 3.5 11.6
      vertex 42.5 4.77831 8.30557
      vertex 42.5 3.5 1.6
    endloop
  endfacet
  facet normal -1 -0 0
    outer loop
      vertex 42.5 5.00557 7.85954
      vertex 42.5 3.5 1.6
      vertex 42.5 4.77831 8.30557
    endloop
  endfacet
  facet normal -1 -0 0
    outer loop
      vertex 42.5 5.35954 7.50557
      vertex 42.5 3.5 1.6
      vertex 42.5 5.00557 7.85954
    endloop
  endfacet
  facet normal -1 -0 0
    outer loop
      vertex 42.5 5.80557 7.27831
      vertex 42.5 3.5 1.6
      vertex 42.5 5.35954 7.50557
    endloop
  endfacet
  facet normal -1 0 0
    outer loop
      vertex 42.5 14.1 11.6
      vertex 42.5 12.8217 8.30557
      vertex 42.5 12.9 8.8
    endloop
  endfacet
  facet normal -1 0 0
    outer loop
      vertex 42.5 14 2.25
      vertex 42.5 12.5944 7.85954
      vertex 42.5 12.8217 8.30557
    endloop
  endfacet
  facet normal -1 0 0
    outer loop
      vertex 42.5 14 2.25
      vertex 42.5 12.2405 7.50557
      vertex 42.5 12.5944 7.85954
    endloop
  endfacet
  facet normal -1 0 0
    outer loop
      vertex 42.5 11.7944 7.27831
      vertex 42.5 14 2.25
      vertex 42.5 12 2.25
    endloop
  endfacet
  facet normal -1 0 0
    outer loop
      vertex 42.5 14 2.25
      vertex 42.5 11.7944 7.27831
      vertex 42.5 12.2405 7.50557
    endloop
  endfacet
  facet normal -1 0 0
    outer loop
      vertex 42.5 14 2.25
      vertex 42.5 14.1 1.6
      vertex 42.5 14 1.6
    endloop
  endfacet
  facet normal -1 0 0
    outer loop
      vertex 42.5 14.1 1.6
      vertex 42.5 14 2.25
      vertex 42.5 14.1 11.6
    endloop
  endfacet
  facet normal -1 0 0
    outer loop
      vertex 42.5 12.8217 8.30557
      vertex 42.5 14.1 11.6
      vertex 42.5 14 2.25
    endloop
  endfacet
  facet normal -1 0 0
    outer loop
      vertex 42.5 12.8217 9.29443
      vertex 42.5 14.1 11.6
      vertex 42.5 12.9 8.8
    endloop
  endfacet
  facet normal -1 0 0
    outer loop
      vertex 42.5 12.5944 9.74046
      vertex 42.5 14.1 11.6
      vertex 42.5 12.8217 9.29443
    endloop
  endfacet
  facet normal -1 0 0
    outer loop
      vertex 42.5 12.2405 10.0944
      vertex 42.5 14.1 11.6
      vertex 42.5 12.5944 9.74046
    endloop
  endfacet
  facet normal -1 0 0
    outer loop
      vertex 42.5 11.7944 10.3217
      vertex 42.5 14.1 11.6
      vertex 42.5 12.2405 10.0944
    endloop
  endfacet
  facet normal -1 0 0
    outer loop
      vertex 42.5 11.3 10.4
      vertex 42.5 14.1 11.6
      vertex 42.5 11.7944 10.3217
    endloop
  endfacet
  facet normal -1 0 0
    outer loop
      vertex 42.5 10.8056 10.3217
      vertex 42.5 14.1 11.6
      vertex 42.5 11.3 10.4
    endloop
  endfacet
  facet normal -1 0 0
    outer loop
      vertex 42.5 7.9 8.8
      vertex 42.5 9.77831 9.29443
      vertex 42.5 9.7 8.8
    endloop
  endfacet
  facet normal -1 0 0
    outer loop
      vertex 42.5 7.82169 9.29443
      vertex 42.5 9.77831 9.29443
      vertex 42.5 7.9 8.8
    endloop
  endfacet
  facet normal -1 0 0
    outer loop
      vertex 42.5 9.77831 9.29443
      vertex 42.5 7.82169 9.29443
      vertex 42.5 10.0056 9.74046
    endloop
  endfacet
  facet normal -1 0 0
    outer loop
      vertex 42.5 7.59443 9.74046
      vertex 42.5 10.0056 9.74046
      vertex 42.5 7.82169 9.29443
    endloop
  endfacet
  facet normal -1 0 0
    outer loop
      vertex 42.5 10.0056 9.74046
      vertex 42.5 7.59443 9.74046
      vertex 42.5 10.3595 10.0944
    endloop
  endfacet
  facet normal -1 0 0
    outer loop
      vertex 42.5 7.24046 10.0944
      vertex 42.5 10.3595 10.0944
      vertex 42.5 7.59443 9.74046
    endloop
  endfacet
  facet normal -1 0 0
    outer loop
      vertex 42.5 10.3595 10.0944
      vertex 42.5 7.24046 10.0944
      vertex 42.5 10.8056 10.3217
    endloop
  endfacet
  facet normal -1 0 0
    outer loop
      vertex 42.5 6.79443 10.3217
      vertex 42.5 10.8056 10.3217
      vertex 42.5 7.24046 10.0944
    endloop
  endfacet
  facet normal -1 0 0
    outer loop
      vertex 42.5 10.8056 10.3217
      vertex 42.5 6.79443 10.3217
      vertex 42.5 14.1 11.6
    endloop
  endfacet
  facet normal -1 0 0
    outer loop
      vertex 42.5 3.5 11.6
      vertex 42.5 6.79443 10.3217
      vertex 42.5 6.3 10.4
    endloop
  endfacet
  facet normal -1 0 0
    outer loop
      vertex 42.5 4.77831 8.30557
      vertex 42.5 3.5 11.6
      vertex 42.5 4.7 8.8
    endloop
  endfacet
  facet normal -1 0 0
    outer loop
      vertex 42.5 6.79443 10.3217
      vertex 42.5 3.5 11.6
      vertex 42.5 14.1 11.6
    endloop
  endfacet
  facet normal -1 0 0
    outer loop
      vertex 42.5 5.80557 10.3217
      vertex 42.5 3.5 11.6
      vertex 42.5 6.3 10.4
    endloop
  endfacet
  facet normal -1 0 0
    outer loop
      vertex 42.5 5.35954 10.0944
      vertex 42.5 3.5 11.6
      vertex 42.5 5.80557 10.3217
    endloop
  endfacet
  facet normal -1 0 0
    outer loop
      vertex 42.5 5.00557 9.74046
      vertex 42.5 3.5 11.6
      vertex 42.5 5.35954 10.0944
    endloop
  endfacet
  facet normal -1 0 0
    outer loop
      vertex 42.5 4.77831 9.29443
      vertex 42.5 3.5 11.6
      vertex 42.5 5.00557 9.74046
    endloop
  endfacet
  facet normal -1 0 0
    outer loop
      vertex 42.5 4.7 8.8
      vertex 42.5 3.5 11.6
      vertex 42.5 4.77831 9.29443
    endloop
  endfacet
  facet normal 0 1 -0
    outer loop
      vertex 50.1 14.1 1.6
      vertex 42.5 14.1 11.6
      vertex 50.1 14.1 11.6
    endloop
  endfacet
  facet normal 0 1 0
    outer loop
      vertex 42.5 14.1 11.6
      vertex 50.1 14.1 1.6
      vertex 42.5 14.1 1.6
    endloop
  endfacet
  facet normal 0 -1 0
    outer loop
      vertex 42.5 3.5 1.6
      vertex 50.1 3.5 11.6
      vertex 42.5 3.5 11.6
    endloop
  endfacet
  facet normal 0 -1 -0
    outer loop
      vertex 50.1 3.5 11.6
      vertex 42.5 3.5 1.6
      vertex 50.1 3.5 1.6
    endloop
  endfacet
  facet normal 1 -0 0
    outer loop
      vertex 47.1 6.3 0
      vertex 47.1 7.1 -2.7
      vertex 47.1 7.1 0
    endloop
  endfacet
  facet normal 1 0 0
    outer loop
      vertex 47.1 7.1 -2.7
      vertex 47.1 6.3 0
      vertex 47.1 6.3 -2.7
    endloop
  endfacet
  facet normal 0 0 -1
    outer loop
      vertex 46.3 6.3 -2.7
      vertex 47.1 7.1 -2.7
      vertex 47.1 6.3 -2.7
    endloop
  endfacet
  facet normal -0 0 -1
    outer loop
      vertex 47.1 7.1 -2.7
      vertex 46.3 6.3 -2.7
      vertex 46.3 7.1 -2.7
    endloop
  endfacet
  facet normal -1 0 0
    outer loop
      vertex 46.3 6.3 -2.7
      vertex 46.3 7.1 0
      vertex 46.3 7.1 -2.7
    endloop
  endfacet
  facet normal -1 -0 0
    outer loop
      vertex 46.3 7.1 0
      vertex 46.3 6.3 -2.7
      vertex 46.3 6.3 0
    endloop
  endfacet
  facet normal 0 1 -0
    outer loop
      vertex 47.1 7.1 -2.7
      vertex 46.3 7.1 0
      vertex 47.1 7.1 0
    endloop
  endfacet
  facet normal 0 1 0
    outer loop
      vertex 46.3 7.1 0
      vertex 47.1 7.1 -2.7
      vertex 46.3 7.1 -2.7
    endloop
  endfacet
  facet normal 0 -1 0
    outer loop
      vertex 46.3 6.3 -2.7
      vertex 47.1 6.3 0
      vertex 46.3 6.3 0
    endloop
  endfacet
  facet normal 0 -1 -0
    outer loop
      vertex 47.1 6.3 0
      vertex 46.3 6.3 -2.7
      vertex 47.1 6.3 -2.7
    endloop
  endfacet
  facet normal 1 -0 0
    outer loop
      vertex 47.1 11.3 0
      vertex 47.1 12.1 -2.7
      vertex 47.1 12.1 0
    endloop
  endfacet
  facet normal 1 0 0
    outer loop
      vertex 47.1 12.1 -2.7
      vertex 47.1 11.3 0
      vertex 47.1 11.3 -2.7
    endloop
  endfacet
  facet normal 0 0 -1
    outer loop
      vertex 46.3 11.3 -2.7
      vertex 47.1 12.1 -2.7
      vertex 47.1 11.3 -2.7
    endloop
  endfacet
  facet normal -0 0 -1
    outer loop
      vertex 47.1 12.1 -2.7
      vertex 46.3 11.3 -2.7
      vertex 46.3 12.1 -2.7
    endloop
  endfacet
  facet normal -1 0 0
    outer loop
      vertex 46.3 11.3 -2.7
      vertex 46.3 12.1 0
      vertex 46.3 12.1 -2.7
    endloop
  endfacet
  facet normal -1 -0 0
    outer loop
      vertex 46.3 12.1 0
      vertex 46.3 11.3 -2.7
      vertex 46.3 11.3 0
    endloop
  endfacet
  facet normal 0 1 -0
    outer loop
      vertex 47.1 12.1 -2.7
      vertex 46.3 12.1 0
      vertex 47.1 12.1 0
    endloop
  endfacet
  facet normal 0 1 0
    outer loop
      vertex 46.3 12.1 0
      vertex 47.1 12.1 -2.7
      vertex 46.3 12.1 -2.7
    endloop
  endfacet
  facet normal 0 -1 0
    outer loop
      vertex 46.3 11.3 -2.7
      vertex 47.1 11.3 0
      vertex 46.3 11.3 0
    endloop
  endfacet
  facet normal 0 -1 -0
    outer loop
      vertex 47.1 11.3 0
      vertex 46.3 11.3 -2.7
      vertex 47.1 11.3 -2.7
    endloop
  endfacet
  facet normal 1 -0 0
    outer loop
      vertex 12.5 5.72 12.23
      vertex 12.5 6.08 12.1
      vertex 12.5 6.08 12.23
    endloop
  endfacet
  facet normal 1 0 0
    outer loop
      vertex 12.5 6.08 12.1
      vertex 12.5 5.72 12.23
      vertex 12.5 5.72 12.1
    endloop
  endfacet
  facet normal -0 0 1
    outer loop
      vertex 6.1 6.08 12.23
      vertex 9.12 5.72 12.23
      vertex 9.12 6.08 12.23
    endloop
  endfacet
  facet normal 0 0 1
    outer loop
      vertex 9.12 5.72 12.23
      vertex 6.1 6.08 12.23
      vertex 6.1 5.72 12.23
    endloop
  endfacet
  facet normal 0 0 1
    outer loop
      vertex 9.12 6.08 12.23
      vertex 9.48 6.08 12.23
      vertex 9.48 9.1 12.23
    endloop
  endfacet
  facet normal 0 0 1
    outer loop
      vertex 9.48 6.08 12.23
      vertex 9.12 6.08 12.23
      vertex 9.48 5.72 12.23
    endloop
  endfacet
  facet normal 0 0 1
    outer loop
      vertex 9.12 6.08 12.23
      vertex 9.48 9.1 12.23
      vertex 9.12 9.1 12.23
    endloop
  endfacet
  facet normal 0 0 1
    outer loop
      vertex 9.12 5.72 12.23
      vertex 9.48 5.72 12.23
      vertex 9.12 6.08 12.23
    endloop
  endfacet
  facet normal 0 0 1
    outer loop
      vertex 9.48 5.72 12.23
      vertex 9.12 5.72 12.23
      vertex 9.48 2.7 12.23
    endloop
  endfacet
  facet normal 0 0 1
    outer loop
      vertex 9.48 2.7 12.23
      vertex 9.12 5.72 12.23
      vertex 9.12 2.7 12.23
    endloop
  endfacet
  facet normal -0 0 1
    outer loop
      vertex 9.48 6.08 12.23
      vertex 12.5 5.72 12.23
      vertex 12.5 6.08 12.23
    endloop
  endfacet
  facet normal 0 0 1
    outer loop
      vertex 12.5 5.72 12.23
      vertex 9.48 6.08 12.23
      vertex 9.48 5.72 12.23
    endloop
  endfacet
  facet normal -1 0 0
    outer loop
      vertex 6.1 5.72 12.1
      vertex 6.1 6.08 12.23
      vertex 6.1 6.08 12.1
    endloop
  endfacet
  facet normal -1 -0 0
    outer loop
      vertex 6.1 6.08 12.23
      vertex 6.1 5.72 12.1
      vertex 6.1 5.72 12.23
    endloop
  endfacet
  facet normal 0 1 -0
    outer loop
      vertex 9.12 6.08 12.1
      vertex 6.1 6.08 12.23
      vertex 9.12 6.08 12.23
    endloop
  endfacet
  facet normal 0 1 0
    outer loop
      vertex 6.1 6.08 12.23
      vertex 9.12 6.08 12.1
      vertex 6.1 6.08 12.1
    endloop
  endfacet
  facet normal 0 1 -0
    outer loop
      vertex 12.5 6.08 12.1
      vertex 9.48 6.08 12.23
      vertex 12.5 6.08 12.23
    endloop
  endfacet
  facet normal 0 1 0
    outer loop
      vertex 9.48 6.08 12.23
      vertex 12.5 6.08 12.1
      vertex 9.48 6.08 12.1
    endloop
  endfacet
  facet normal 0 -1 0
    outer loop
      vertex 6.1 5.72 12.1
      vertex 9.12 5.72 12.23
      vertex 6.1 5.72 12.23
    endloop
  endfacet
  facet normal 0 -1 -0
    outer loop
      vertex 9.12 5.72 12.23
      vertex 6.1 5.72 12.1
      vertex 9.12 5.72 12.1
    endloop
  endfacet
  facet normal 0 -1 0
    outer loop
      vertex 9.48 5.72 12.1
      vertex 12.5 5.72 12.23
      vertex 9.48 5.72 12.23
    endloop
  endfacet
  facet normal 0 -1 -0
    outer loop
      vertex 12.5 5.72 12.23
      vertex 9.48 5.72 12.1
      vertex 12.5 5.72 12.1
    endloop
  endfacet
  facet normal 1 -0 0
    outer loop
      vertex 9.48 6.08 12.23
      vertex 9.48 9.1 12.1
      vertex 9.48 9.1 12.23
    endloop
  endfacet
  facet normal 1 0 0
    outer loop
      vertex 9.48 9.1 12.1
      vertex 9.48 6.08 12.23
      vertex 9.48 6.08 12.1
    endloop
  endfacet
  facet normal 1 -0 0
    outer loop
      vertex 9.48 2.7 12.23
      vertex 9.48 5.72 12.1
      vertex 9.48 5.72 12.23
    endloop
  endfacet
  facet normal 1 0 0
    outer loop
      vertex 9.48 5.72 12.1
      vertex 9.48 2.7 12.23
      vertex 9.48 2.7 12.1
    endloop
  endfacet
  facet normal -1 0 0
    outer loop
      vertex 9.12 6.08 12.1
      vertex 9.12 9.1 12.23
      vertex 9.12 9.1 12.1
    endloop
  endfacet
  facet normal -1 -0 0
    outer loop
      vertex 9.12 9.1 12.23
      vertex 9.12 6.08 12.1
      vertex 9.12 6.08 12.23
    endloop
  endfacet
  facet normal -1 0 0
    outer loop
      vertex 9.12 2.7 12.1
      vertex 9.12 5.72 12.23
      vertex 9.12 5.72 12.1
    endloop
  endfacet
  facet normal -1 -0 0
    outer loop
      vertex 9.12 5.72 12.23
      vertex 9.12 2.7 12.1
      vertex 9.12 2.7 12.23
    endloop
  endfacet
  facet normal 0 1 -0
    outer loop
      vertex 9.48 9.1 12.1
      vertex 9.12 9.1 12.23
      vertex 9.48 9.1 12.23
    endloop
  endfacet
  facet normal 0 1 0
    outer loop
      vertex 9.12 9.1 12.23
      vertex 9.48 9.1 12.1
      vertex 9.12 9.1 12.1
    endloop
  endfacet
  facet normal 0 -1 0
    outer loop
      vertex 9.12 2.7 12.1
      vertex 9.48 2.7 12.23
      vertex 9.12 2.7 12.23
    endloop
  endfacet
  facet normal 0 -1 -0
    outer loop
      vertex 9.48 2.7 12.23
      vertex 9.12 2.7 12.1
      vertex 9.48 2.7 12.1
    endloop
  endfacet
  facet normal -0.098044 0.995182 0
    outer loop
      vertex 9.3 10.9 1.6
      vertex 8.32455 10.8039 11.5
      vertex 9.3 10.9 11.5
    endloop
  endfacet
  facet normal -0.098044 0.995182 0
    outer loop
      vertex 8.32455 10.8039 11.5
      vertex 9.3 10.9 1.6
      vertex 8.32455 10.8039 1.6
    endloop
  endfacet
  facet normal 0.956949 0.290257 0
    outer loop
      vertex 14.2039 6.87545 11.5
      vertex 13.9194 7.81342 1.6
      vertex 13.9194 7.81342 11.5
    endloop
  endfacet
  facet normal 0.956949 0.290257 0
    outer loop
      vertex 13.9194 7.81342 1.6
      vertex 14.2039 6.87545 11.5
      vertex 14.2039 6.87545 1.6
    endloop
  endfacet
  facet normal 0.995182 0.098044 0
    outer loop
      vertex 14.3 5.9 11.5
      vertex 14.2039 6.87545 1.6
      vertex 14.2039 6.87545 11.5
    endloop
  endfacet
  facet normal 0.995182 0.098044 0
    outer loop
      vertex 14.2039 6.87545 1.6
      vertex 14.3 5.9 11.5
      vertex 14.3 5.9 1.6
    endloop
  endfacet
  facet normal 0.881899 0.471438 0
    outer loop
      vertex 13.9194 7.81342 11.5
      vertex 13.4573 8.67785 1.6
      vertex 13.4573 8.67785 11.5
    endloop
  endfacet
  facet normal 0.881899 0.471438 0
    outer loop
      vertex 13.4573 8.67785 1.6
      vertex 13.9194 7.81342 11.5
      vertex 13.9194 7.81342 1.6
    endloop
  endfacet
  facet normal -0.995185 0.0980137 0
    outer loop
      vertex 4.3 5.9 1.6
      vertex 4.39607 6.87545 11.5
      vertex 4.39607 6.87545 1.6
    endloop
  endfacet
  facet normal -0.995185 0.0980137 0
    outer loop
      vertex 4.39607 6.87545 11.5
      vertex 4.3 5.9 1.6
      vertex 4.3 5.9 11.5
    endloop
  endfacet
  facet normal 0.773016 0.634386 0
    outer loop
      vertex 13.4573 8.67785 11.5
      vertex 12.8355 9.43553 1.6
      vertex 12.8355 9.43553 11.5
    endloop
  endfacet
  facet normal 0.773016 0.634386 0
    outer loop
      vertex 12.8355 9.43553 1.6
      vertex 13.4573 8.67785 11.5
      vertex 13.4573 8.67785 1.6
    endloop
  endfacet
  facet normal -0.0980167 -0.995185 0
    outer loop
      vertex 8.32455 0.996073 1.6
      vertex 9.3 0.9 11.5
      vertex 8.32455 0.996073 11.5
    endloop
  endfacet
  facet normal -0.0980167 -0.995185 -0
    outer loop
      vertex 9.3 0.9 11.5
      vertex 8.32455 0.996073 1.6
      vertex 9.3 0.9 1.6
    endloop
  endfacet
  facet normal 0.290302 -0.956935 0
    outer loop
      vertex 10.2755 0.996073 1.6
      vertex 11.2134 1.2806 11.5
      vertex 10.2755 0.996073 11.5
    endloop
  endfacet
  facet normal 0.290302 -0.956935 0
    outer loop
      vertex 11.2134 1.2806 11.5
      vertex 10.2755 0.996073 1.6
      vertex 11.2134 1.2806 1.6
    endloop
  endfacet
  facet normal -0.995185 -0.0980137 0
    outer loop
      vertex 4.39607 4.92455 1.6
      vertex 4.3 5.9 11.5
      vertex 4.3 5.9 1.6
    endloop
  endfacet
  facet normal -0.995185 -0.0980137 0
    outer loop
      vertex 4.3 5.9 11.5
      vertex 4.39607 4.92455 1.6
      vertex 4.39607 4.92455 11.5
    endloop
  endfacet
  facet normal -0.471438 0.881899 0
    outer loop
      vertex 7.38658 10.5194 1.6
      vertex 6.52215 10.0573 11.5
      vertex 7.38658 10.5194 11.5
    endloop
  endfacet
  facet normal -0.471438 0.881899 0
    outer loop
      vertex 6.52215 10.0573 11.5
      vertex 7.38658 10.5194 1.6
      vertex 6.52215 10.0573 1.6
    endloop
  endfacet
  facet normal -0.773006 -0.634398 0
    outer loop
      vertex 5.76447 2.36447 1.6
      vertex 5.14265 3.12215 11.5
      vertex 5.14265 3.12215 1.6
    endloop
  endfacet
  facet normal -0.773006 -0.634398 0
    outer loop
      vertex 5.14265 3.12215 11.5
      vertex 5.76447 2.36447 1.6
      vertex 5.76447 2.36447 11.5
    endloop
  endfacet
  facet normal 0.881899 -0.471438 0
    outer loop
      vertex 13.4573 3.12215 11.5
      vertex 13.9194 3.98658 1.6
      vertex 13.9194 3.98658 11.5
    endloop
  endfacet
  facet normal 0.881899 -0.471438 0
    outer loop
      vertex 13.9194 3.98658 1.6
      vertex 13.4573 3.12215 11.5
      vertex 13.4573 3.12215 1.6
    endloop
  endfacet
  facet normal -0.88192 0.471399 0
    outer loop
      vertex 4.6806 7.81342 1.6
      vertex 5.14265 8.67785 11.5
      vertex 5.14265 8.67785 1.6
    endloop
  endfacet
  facet normal -0.88192 0.471399 0
    outer loop
      vertex 5.14265 8.67785 11.5
      vertex 4.6806 7.81342 1.6
      vertex 4.6806 7.81342 11.5
    endloop
  endfacet
  facet normal 0.290276 0.956943 -0
    outer loop
      vertex 11.2134 10.5194 1.6
      vertex 10.2755 10.8039 11.5
      vertex 11.2134 10.5194 11.5
    endloop
  endfacet
  facet normal 0.290276 0.956943 0
    outer loop
      vertex 10.2755 10.8039 11.5
      vertex 11.2134 10.5194 1.6
      vertex 10.2755 10.8039 1.6
    endloop
  endfacet
  facet normal 0.634408 0.772999 -0
    outer loop
      vertex 12.8355 9.43553 1.6
      vertex 12.0779 10.0573 11.5
      vertex 12.8355 9.43553 11.5
    endloop
  endfacet
  facet normal 0.634408 0.772999 0
    outer loop
      vertex 12.0779 10.0573 11.5
      vertex 12.8355 9.43553 1.6
      vertex 12.0779 10.0573 1.6
    endloop
  endfacet
  facet normal 0.773016 -0.634386 0
    outer loop
      vertex 12.8355 2.36447 11.5
      vertex 13.4573 3.12215 1.6
      vertex 13.4573 3.12215 11.5
    endloop
  endfacet
  facet normal 0.773016 -0.634386 0
    outer loop
      vertex 13.4573 3.12215 1.6
      vertex 12.8355 2.36447 11.5
      vertex 12.8355 2.36447 1.6
    endloop
  endfacet
  facet normal 0.956949 -0.290257 0
    outer loop
      vertex 13.9194 3.98658 11.5
      vertex 14.2039 4.92455 1.6
      vertex 14.2039 4.92455 11.5
    endloop
  endfacet
  facet normal 0.956949 -0.290257 0
    outer loop
      vertex 14.2039 4.92455 1.6
      vertex 13.9194 3.98658 11.5
      vertex 13.9194 3.98658 1.6
    endloop
  endfacet
  facet normal 0.995182 -0.098044 0
    outer loop
      vertex 14.2039 4.92455 11.5
      vertex 14.3 5.9 1.6
      vertex 14.3 5.9 11.5
    endloop
  endfacet
  facet normal 0.995182 -0.098044 0
    outer loop
      vertex 14.3 5.9 1.6
      vertex 14.2039 4.92455 11.5
      vertex 14.2039 4.92455 1.6
    endloop
  endfacet
  facet normal -0.471399 -0.88192 0
    outer loop
      vertex 6.52215 1.74265 1.6
      vertex 7.38658 1.2806 11.5
      vertex 6.52215 1.74265 11.5
    endloop
  endfacet
  facet normal -0.471399 -0.88192 -0
    outer loop
      vertex 7.38658 1.2806 11.5
      vertex 6.52215 1.74265 1.6
      vertex 7.38658 1.2806 1.6
    endloop
  endfacet
  facet normal 0.471409 0.881915 -0
    outer loop
      vertex 12.0779 10.0573 1.6
      vertex 11.2134 10.5194 11.5
      vertex 12.0779 10.0573 11.5
    endloop
  endfacet
  facet normal 0.471409 0.881915 0
    outer loop
      vertex 11.2134 10.5194 11.5
      vertex 12.0779 10.0573 1.6
      vertex 11.2134 10.5194 1.6
    endloop
  endfacet
  facet normal 0.634438 -0.772974 0
    outer loop
      vertex 12.0779 1.74265 1.6
      vertex 12.8355 2.36447 11.5
      vertex 12.0779 1.74265 11.5
    endloop
  endfacet
  facet normal 0.634438 -0.772974 0
    outer loop
      vertex 12.8355 2.36447 11.5
      vertex 12.0779 1.74265 1.6
      vertex 12.8355 2.36447 1.6
    endloop
  endfacet
  facet normal -0.634368 0.773031 0
    outer loop
      vertex 6.52215 10.0573 1.6
      vertex 5.76447 9.43553 11.5
      vertex 6.52215 10.0573 11.5
    endloop
  endfacet
  facet normal -0.634368 0.773031 0
    outer loop
      vertex 5.76447 9.43553 11.5
      vertex 6.52215 10.0573 1.6
      vertex 5.76447 9.43553 1.6
    endloop
  endfacet
  facet normal -0.290257 0.956949 0
    outer loop
      vertex 8.32455 10.8039 1.6
      vertex 7.38658 10.5194 11.5
      vertex 8.32455 10.8039 11.5
    endloop
  endfacet
  facet normal -0.290257 0.956949 0
    outer loop
      vertex 7.38658 10.5194 11.5
      vertex 8.32455 10.8039 1.6
      vertex 7.38658 10.5194 1.6
    endloop
  endfacet
  facet normal 0.471369 -0.881936 0
    outer loop
      vertex 11.2134 1.2806 1.6
      vertex 12.0779 1.74265 11.5
      vertex 11.2134 1.2806 11.5
    endloop
  endfacet
  facet normal 0.471369 -0.881936 0
    outer loop
      vertex 12.0779 1.74265 11.5
      vertex 11.2134 1.2806 1.6
      vertex 12.0779 1.74265 1.6
    endloop
  endfacet
  facet normal -0.95694 0.290285 0
    outer loop
      vertex 4.39607 6.87545 1.6
      vertex 4.6806 7.81342 11.5
      vertex 4.6806 7.81342 1.6
    endloop
  endfacet
  facet normal -0.95694 0.290285 0
    outer loop
      vertex 4.6806 7.81342 11.5
      vertex 4.39607 6.87545 1.6
      vertex 4.39607 6.87545 11.5
    endloop
  endfacet
  facet normal -0.634398 -0.773006 0
    outer loop
      vertex 5.76447 2.36447 1.6
      vertex 6.52215 1.74265 11.5
      vertex 5.76447 2.36447 11.5
    endloop
  endfacet
  facet normal -0.634398 -0.773006 -0
    outer loop
      vertex 6.52215 1.74265 11.5
      vertex 5.76447 2.36447 1.6
      vertex 6.52215 1.74265 1.6
    endloop
  endfacet
  facet normal -0.290282 -0.956941 0
    outer loop
      vertex 7.38658 1.2806 1.6
      vertex 8.32455 0.996073 11.5
      vertex 7.38658 1.2806 11.5
    endloop
  endfacet
  facet normal -0.290282 -0.956941 -0
    outer loop
      vertex 8.32455 0.996073 11.5
      vertex 7.38658 1.2806 1.6
      vertex 8.32455 0.996073 1.6
    endloop
  endfacet
  facet normal -0.773006 0.634398 0
    outer loop
      vertex 5.14265 8.67785 1.6
      vertex 5.76447 9.43553 11.5
      vertex 5.76447 9.43553 1.6
    endloop
  endfacet
  facet normal -0.773006 0.634398 0
    outer loop
      vertex 5.76447 9.43553 11.5
      vertex 5.14265 8.67785 1.6
      vertex 5.14265 8.67785 11.5
    endloop
  endfacet
  facet normal 0.098039 0.995183 -0
    outer loop
      vertex 10.2755 10.8039 1.6
      vertex 9.3 10.9 11.5
      vertex 10.2755 10.8039 11.5
    endloop
  endfacet
  facet normal 0.098039 0.995183 0
    outer loop
      vertex 9.3 10.9 11.5
      vertex 10.2755 10.8039 1.6
      vertex 9.3 10.9 1.6
    endloop
  endfacet
  facet normal 0.0980117 -0.995185 0
    outer loop
      vertex 9.3 0.9 1.6
      vertex 10.2755 0.996073 11.5
      vertex 9.3 0.9 11.5
    endloop
  endfacet
  facet normal 0.0980117 -0.995185 0
    outer loop
      vertex 10.2755 0.996073 11.5
      vertex 9.3 0.9 1.6
      vertex 10.2755 0.996073 1.6
    endloop
  endfacet
  facet normal -0.95694 -0.290285 0
    outer loop
      vertex 4.6806 3.98658 1.6
      vertex 4.39607 4.92455 11.5
      vertex 4.39607 4.92455 1.6
    endloop
  endfacet
  facet normal -0.95694 -0.290285 0
    outer loop
      vertex 4.39607 4.92455 11.5
      vertex 4.6806 3.98658 1.6
      vertex 4.6806 3.98658 11.5
    endloop
  endfacet
  facet normal -0.88192 -0.471399 0
    outer loop
      vertex 5.14265 3.12215 1.6
      vertex 4.6806 3.98658 11.5
      vertex 4.6806 3.98658 1.6
    endloop
  endfacet
  facet normal -0.88192 -0.471399 0
    outer loop
      vertex 4.6806 3.98658 11.5
      vertex 5.14265 3.12215 1.6
      vertex 5.14265 3.12215 11.5
    endloop
  endfacet
  facet normal 0 0 1
    outer loop
      vertex 13.9 5.9 11.5
      vertex 14.3 5.9 11.5
      vertex 14.2039 6.87545 11.5
    endloop
  endfacet
  facet normal 0 0 1
    outer loop
      vertex 13.8116 6.79741 11.5
      vertex 14.2039 6.87545 11.5
      vertex 13.9194 7.81342 11.5
    endloop
  endfacet
  facet normal 0 0 1
    outer loop
      vertex 14.3 5.9 11.5
      vertex 13.9 5.9 11.5
      vertex 14.2039 4.92455 11.5
    endloop
  endfacet
  facet normal -0 0 1
    outer loop
      vertex 13.8116 5.00258 11.5
      vertex 14.2039 4.92455 11.5
      vertex 13.9 5.9 11.5
    endloop
  endfacet
  facet normal 0 0 1
    outer loop
      vertex 14.2039 6.87545 11.5
      vertex 13.8116 6.79741 11.5
      vertex 13.9 5.9 11.5
    endloop
  endfacet
  facet normal 0 0 1
    outer loop
      vertex 13.9194 7.81342 11.5
      vertex 13.5498 7.66034 11.5
      vertex 13.8116 6.79741 11.5
    endloop
  endfacet
  facet normal 0 0 1
    outer loop
      vertex 13.4573 8.67785 11.5
      vertex 13.5498 7.66034 11.5
      vertex 13.9194 7.81342 11.5
    endloop
  endfacet
  facet normal 0 0 1
    outer loop
      vertex 13.4573 8.67785 11.5
      vertex 13.1248 8.45562 11.5
      vertex 13.5498 7.66034 11.5
    endloop
  endfacet
  facet normal 0 0 1
    outer loop
      vertex 12.8355 9.43553 11.5
      vertex 13.1248 8.45562 11.5
      vertex 13.4573 8.67785 11.5
    endloop
  endfacet
  facet normal 0 0 1
    outer loop
      vertex 12.8355 9.43553 11.5
      vertex 12.5527 9.15269 11.5
      vertex 13.1248 8.45562 11.5
    endloop
  endfacet
  facet normal 0 0 1
    outer loop
      vertex 12.0779 10.0573 11.5
      vertex 12.5527 9.15269 11.5
      vertex 12.8355 9.43553 11.5
    endloop
  endfacet
  facet normal 0 0 1
    outer loop
      vertex 12.0779 10.0573 11.5
      vertex 11.8556 9.72476 11.5
      vertex 12.5527 9.15269 11.5
    endloop
  endfacet
  facet normal 0 0 1
    outer loop
      vertex 11.2134 10.5194 11.5
      vertex 11.8556 9.72476 11.5
      vertex 12.0779 10.0573 11.5
    endloop
  endfacet
  facet normal 0 0 1
    outer loop
      vertex 11.2134 10.5194 11.5
      vertex 11.0603 10.1498 11.5
      vertex 11.8556 9.72476 11.5
    endloop
  endfacet
  facet normal 0 0 1
    outer loop
      vertex 10.2755 10.8039 11.5
      vertex 11.0603 10.1498 11.5
      vertex 11.2134 10.5194 11.5
    endloop
  endfacet
  facet normal 0 0 1
    outer loop
      vertex 10.2755 10.8039 11.5
      vertex 10.1974 10.4116 11.5
      vertex 11.0603 10.1498 11.5
    endloop
  endfacet
  facet normal 0 0 1
    outer loop
      vertex 9.3 10.9 11.5
      vertex 10.1974 10.4116 11.5
      vertex 10.2755 10.8039 11.5
    endloop
  endfacet
  facet normal 0 0 1
    outer loop
      vertex 9.3 10.9 11.5
      vertex 9.3 10.5 11.5
      vertex 10.1974 10.4116 11.5
    endloop
  endfacet
  facet normal 0 0 1
    outer loop
      vertex 9.3 10.9 11.5
      vertex 8.40258 10.4116 11.5
      vertex 9.3 10.5 11.5
    endloop
  endfacet
  facet normal -0 0 1
    outer loop
      vertex 8.32455 10.8039 11.5
      vertex 8.40258 10.4116 11.5
      vertex 9.3 10.9 11.5
    endloop
  endfacet
  facet normal 0 0 1
    outer loop
      vertex 8.32455 10.8039 11.5
      vertex 7.53966 10.1498 11.5
      vertex 8.40258 10.4116 11.5
    endloop
  endfacet
  facet normal -0 0 1
    outer loop
      vertex 7.38658 10.5194 11.5
      vertex 7.53966 10.1498 11.5
      vertex 8.32455 10.8039 11.5
    endloop
  endfacet
  facet normal 0 0 1
    outer loop
      vertex 7.38658 10.5194 11.5
      vertex 6.74438 9.72476 11.5
      vertex 7.53966 10.1498 11.5
    endloop
  endfacet
  facet normal -0 0 1
    outer loop
      vertex 6.52215 10.0573 11.5
      vertex 6.74438 9.72476 11.5
      vertex 7.38658 10.5194 11.5
    endloop
  endfacet
  facet normal 0 0 1
    outer loop
      vertex 6.52215 10.0573 11.5
      vertex 6.04731 9.15269 11.5
      vertex 6.74438 9.72476 11.5
    endloop
  endfacet
  facet normal -0 0 1
    outer loop
      vertex 5.76447 9.43553 11.5
      vertex 6.04731 9.15269 11.5
      vertex 6.52215 10.0573 11.5
    endloop
  endfacet
  facet normal 0 0 1
    outer loop
      vertex 5.76447 9.43553 11.5
      vertex 5.47524 8.45562 11.5
      vertex 6.04731 9.15269 11.5
    endloop
  endfacet
  facet normal -0 0 1
    outer loop
      vertex 5.14265 8.67785 11.5
      vertex 5.47524 8.45562 11.5
      vertex 5.76447 9.43553 11.5
    endloop
  endfacet
  facet normal 0 0 1
    outer loop
      vertex 5.14265 8.67785 11.5
      vertex 5.05015 7.66034 11.5
      vertex 5.47524 8.45562 11.5
    endloop
  endfacet
  facet normal -0 0 1
    outer loop
      vertex 4.6806 7.81342 11.5
      vertex 5.05015 7.66034 11.5
      vertex 5.14265 8.67785 11.5
    endloop
  endfacet
  facet normal -0 0 1
    outer loop
      vertex 4.39607 6.87545 11.5
      vertex 4.78839 6.79741 11.5
      vertex 4.6806 7.81342 11.5
    endloop
  endfacet
  facet normal 0 0 1
    outer loop
      vertex 5.05015 7.66034 11.5
      vertex 4.6806 7.81342 11.5
      vertex 4.78839 6.79741 11.5
    endloop
  endfacet
  facet normal 0 0 1
    outer loop
      vertex 14.2039 4.92455 11.5
      vertex 13.8116 5.00258 11.5
      vertex 13.9194 3.98658 11.5
    endloop
  endfacet
  facet normal -0 0 1
    outer loop
      vertex 13.5498 4.13966 11.5
      vertex 13.9194 3.98658 11.5
      vertex 13.8116 5.00258 11.5
    endloop
  endfacet
  facet normal 0 0 1
    outer loop
      vertex 13.5498 4.13966 11.5
      vertex 13.4573 3.12215 11.5
      vertex 13.9194 3.98658 11.5
    endloop
  endfacet
  facet normal -0 0 1
    outer loop
      vertex 13.1248 3.34438 11.5
      vertex 13.4573 3.12215 11.5
      vertex 13.5498 4.13966 11.5
    endloop
  endfacet
  facet normal 0 0 1
    outer loop
      vertex 13.1248 3.34438 11.5
      vertex 12.8355 2.36447 11.5
      vertex 13.4573 3.12215 11.5
    endloop
  endfacet
  facet normal -0 0 1
    outer loop
      vertex 12.5527 2.64731 11.5
      vertex 12.8355 2.36447 11.5
      vertex 13.1248 3.34438 11.5
    endloop
  endfacet
  facet normal 0 0 1
    outer loop
      vertex 12.5527 2.64731 11.5
      vertex 12.0779 1.74265 11.5
      vertex 12.8355 2.36447 11.5
    endloop
  endfacet
  facet normal -0 0 1
    outer loop
      vertex 11.8556 2.07524 11.5
      vertex 12.0779 1.74265 11.5
      vertex 12.5527 2.64731 11.5
    endloop
  endfacet
  facet normal 0 0 1
    outer loop
      vertex 11.8556 2.07524 11.5
      vertex 11.2134 1.2806 11.5
      vertex 12.0779 1.74265 11.5
    endloop
  endfacet
  facet normal -0 0 1
    outer loop
      vertex 11.0603 1.65015 11.5
      vertex 11.2134 1.2806 11.5
      vertex 11.8556 2.07524 11.5
    endloop
  endfacet
  facet normal 0 0 1
    outer loop
      vertex 11.0603 1.65015 11.5
      vertex 10.2755 0.996073 11.5
      vertex 11.2134 1.2806 11.5
    endloop
  endfacet
  facet normal -0 0 1
    outer loop
      vertex 10.1974 1.38839 11.5
      vertex 10.2755 0.996073 11.5
      vertex 11.0603 1.65015 11.5
    endloop
  endfacet
  facet normal -0 0 1
    outer loop
      vertex 9.3 1.3 11.5
      vertex 10.2755 0.996073 11.5
      vertex 10.1974 1.38839 11.5
    endloop
  endfacet
  facet normal 0 0 1
    outer loop
      vertex 9.3 1.3 11.5
      vertex 9.3 0.9 11.5
      vertex 10.2755 0.996073 11.5
    endloop
  endfacet
  facet normal 0 0 1
    outer loop
      vertex 8.40258 1.38839 11.5
      vertex 9.3 0.9 11.5
      vertex 9.3 1.3 11.5
    endloop
  endfacet
  facet normal 0 0 1
    outer loop
      vertex 8.40258 1.38839 11.5
      vertex 8.32455 0.996073 11.5
      vertex 9.3 0.9 11.5
    endloop
  endfacet
  facet normal 0 0 1
    outer loop
      vertex 7.53966 1.65015 11.5
      vertex 8.32455 0.996073 11.5
      vertex 8.40258 1.38839 11.5
    endloop
  endfacet
  facet normal 0 0 1
    outer loop
      vertex 7.53966 1.65015 11.5
      vertex 7.38658 1.2806 11.5
      vertex 8.32455 0.996073 11.5
    endloop
  endfacet
  facet normal 0 0 1
    outer loop
      vertex 6.74438 2.07524 11.5
      vertex 7.38658 1.2806 11.5
      vertex 7.53966 1.65015 11.5
    endloop
  endfacet
  facet normal 0 0 1
    outer loop
      vertex 6.74438 2.07524 11.5
      vertex 6.52215 1.74265 11.5
      vertex 7.38658 1.2806 11.5
    endloop
  endfacet
  facet normal 0 0 1
    outer loop
      vertex 6.04731 2.64731 11.5
      vertex 6.52215 1.74265 11.5
      vertex 6.74438 2.07524 11.5
    endloop
  endfacet
  facet normal 0 0 1
    outer loop
      vertex 6.04731 2.64731 11.5
      vertex 5.76447 2.36447 11.5
      vertex 6.52215 1.74265 11.5
    endloop
  endfacet
  facet normal 0 0 1
    outer loop
      vertex 5.47524 3.34438 11.5
      vertex 5.76447 2.36447 11.5
      vertex 6.04731 2.64731 11.5
    endloop
  endfacet
  facet normal 0 0 1
    outer loop
      vertex 5.47524 3.34438 11.5
      vertex 5.14265 3.12215 11.5
      vertex 5.76447 2.36447 11.5
    endloop
  endfacet
  facet normal 0 0 1
    outer loop
      vertex 5.05015 4.13966 11.5
      vertex 5.14265 3.12215 11.5
      vertex 5.47524 3.34438 11.5
    endloop
  endfacet
  facet normal 0 0 1
    outer loop
      vertex 4.6806 3.98658 11.5
      vertex 5.05015 4.13966 11.5
      vertex 4.78839 5.00258 11.5
    endloop
  endfacet
  facet normal 0 0 1
    outer loop
      vertex 5.05015 4.13966 11.5
      vertex 4.6806 3.98658 11.5
      vertex 5.14265 3.12215 11.5
    endloop
  endfacet
  facet normal 0 0 1
    outer loop
      vertex 4.39607 4.92455 11.5
      vertex 4.78839 5.00258 11.5
      vertex 4.7 5.9 11.5
    endloop
  endfacet
  facet normal 0 0 1
    outer loop
      vertex 4.78839 6.79741 11.5
      vertex 4.39607 6.87545 11.5
      vertex 4.7 5.9 11.5
    endloop
  endfacet
  facet normal 0 0 1
    outer loop
      vertex 4.3 5.9 11.5
      vertex 4.7 5.9 11.5
      vertex 4.39607 6.87545 11.5
    endloop
  endfacet
  facet normal 0 0 1
    outer loop
      vertex 4.78839 5.00258 11.5
      vertex 4.39607 4.92455 11.5
      vertex 4.6806 3.98658 11.5
    endloop
  endfacet
  facet normal 0 0 1
    outer loop
      vertex 4.7 5.9 11.5
      vertex 4.3 5.9 11.5
      vertex 4.39607 4.92455 11.5
    endloop
  endfacet
  facet normal -0.995184 0.0980202 0
    outer loop
      vertex 4.7 5.9 11.5
      vertex 4.78839 6.79741 12.1
      vertex 4.78839 6.79741 11.5
    endloop
  endfacet
  facet normal -0.995184 0.0980202 0
    outer loop
      vertex 4.78839 6.79741 12.1
      vertex 4.7 5.9 11.5
      vertex 4.7 5.9 12.1
    endloop
  endfacet
  facet normal 0.95693 0.290318 0
    outer loop
      vertex 13.8116 6.79741 12.1
      vertex 13.5498 7.66034 11.5
      vertex 13.5498 7.66034 12.1
    endloop
  endfacet
  facet normal 0.95693 0.290318 0
    outer loop
      vertex 13.5498 7.66034 11.5
      vertex 13.8116 6.79741 12.1
      vertex 13.8116 6.79741 11.5
    endloop
  endfacet
  facet normal 0.995183 0.0980312 0
    outer loop
      vertex 13.9 5.9 12.1
      vertex 13.8116 6.79741 11.5
      vertex 13.8116 6.79741 12.1
    endloop
  endfacet
  facet normal 0.995183 0.0980312 0
    outer loop
      vertex 13.8116 6.79741 11.5
      vertex 13.9 5.9 12.1
      vertex 13.9 5.9 11.5
    endloop
  endfacet
  facet normal 0.881961 0.471323 0
    outer loop
      vertex 13.5498 7.66034 12.1
      vertex 13.1248 8.45562 11.5
      vertex 13.1248 8.45562 12.1
    endloop
  endfacet
  facet normal 0.881961 0.471323 0
    outer loop
      vertex 13.1248 8.45562 11.5
      vertex 13.5498 7.66034 12.1
      vertex 13.5498 7.66034 11.5
    endloop
  endfacet
  facet normal 0.772994 0.634413 0
    outer loop
      vertex 13.1248 8.45562 12.1
      vertex 12.5527 9.15269 11.5
      vertex 12.5527 9.15269 12.1
    endloop
  endfacet
  facet normal 0.772994 0.634413 0
    outer loop
      vertex 12.5527 9.15269 11.5
      vertex 13.1248 8.45562 12.1
      vertex 13.1248 8.45562 11.5
    endloop
  endfacet
  facet normal 0.956929 -0.290321 0
    outer loop
      vertex 13.5498 4.13966 12.1
      vertex 13.8116 5.00258 11.5
      vertex 13.8116 5.00258 12.1
    endloop
  endfacet
  facet normal 0.956929 -0.290321 0
    outer loop
      vertex 13.8116 5.00258 11.5
      vertex 13.5498 4.13966 12.1
      vertex 13.5498 4.13966 11.5
    endloop
  endfacet
  facet normal 0.0980323 0.995183 -0
    outer loop
      vertex 10.1974 10.4116 11.5
      vertex 9.3 10.5 12.1
      vertex 10.1974 10.4116 12.1
    endloop
  endfacet
  facet normal 0.0980323 0.995183 0
    outer loop
      vertex 9.3 10.5 12.1
      vertex 10.1974 10.4116 11.5
      vertex 9.3 10.5 11.5
    endloop
  endfacet
  facet normal -0 0 1
    outer loop
      vertex 6.1 5.72 12.1
      vertex 9.12 2.7 12.1
      vertex 9.12 5.72 12.1
    endloop
  endfacet
  facet normal 0 0 1
    outer loop
      vertex 9.12 2.7 12.1
      vertex 7.53966 1.65015 12.1
      vertex 8.40258 1.38839 12.1
    endloop
  endfacet
  facet normal 0 0 1
    outer loop
      vertex 9.12 2.7 12.1
      vertex 6.74438 2.07524 12.1
      vertex 7.53966 1.65015 12.1
    endloop
  endfacet
  facet normal 0 0 1
    outer loop
      vertex 9.12 2.7 12.1
      vertex 6.1 5.72 12.1
      vertex 6.04731 2.64731 12.1
    endloop
  endfacet
  facet normal 0 0 1
    outer loop
      vertex 9.12 2.7 12.1
      vertex 6.04731 2.64731 12.1
      vertex 6.74438 2.07524 12.1
    endloop
  endfacet
  facet normal -0 0 1
    outer loop
      vertex 5.05015 7.66034 12.1
      vertex 6.1 6.08 12.1
      vertex 5.47524 8.45562 12.1
    endloop
  endfacet
  facet normal -0 0 1
    outer loop
      vertex 4.78839 6.79741 12.1
      vertex 6.1 6.08 12.1
      vertex 5.05015 7.66034 12.1
    endloop
  endfacet
  facet normal 0 0 1
    outer loop
      vertex 6.1 5.72 12.1
      vertex 5.47524 3.34438 12.1
      vertex 6.04731 2.64731 12.1
    endloop
  endfacet
  facet normal 0 0 1
    outer loop
      vertex 4.7 5.9 12.1
      vertex 6.1 6.08 12.1
      vertex 4.78839 6.79741 12.1
    endloop
  endfacet
  facet normal 0 0 1
    outer loop
      vertex 6.1 5.72 12.1
      vertex 5.05015 4.13966 12.1
      vertex 5.47524 3.34438 12.1
    endloop
  endfacet
  facet normal 0 0 1
    outer loop
      vertex 6.1 6.08 12.1
      vertex 4.7 5.9 12.1
      vertex 6.1 5.72 12.1
    endloop
  endfacet
  facet normal 0 0 1
    outer loop
      vertex 6.1 5.72 12.1
      vertex 4.78839 5.00258 12.1
      vertex 5.05015 4.13966 12.1
    endloop
  endfacet
  facet normal 0 0 1
    outer loop
      vertex 6.1 5.72 12.1
      vertex 4.7 5.9 12.1
      vertex 4.78839 5.00258 12.1
    endloop
  endfacet
  facet normal 0 0 1
    outer loop
      vertex 9.3 10.5 12.1
      vertex 9.48 9.1 12.1
      vertex 10.1974 10.4116 12.1
    endloop
  endfacet
  facet normal 0 0 1
    outer loop
      vertex 9.3 10.5 12.1
      vertex 9.12 9.1 12.1
      vertex 9.48 9.1 12.1
    endloop
  endfacet
  facet normal -0 0 1
    outer loop
      vertex 8.40258 10.4116 12.1
      vertex 9.12 9.1 12.1
      vertex 9.3 10.5 12.1
    endloop
  endfacet
  facet normal -0 0 1
    outer loop
      vertex 7.53966 10.1498 12.1
      vertex 9.12 9.1 12.1
      vertex 8.40258 10.4116 12.1
    endloop
  endfacet
  facet normal -0 0 1
    outer loop
      vertex 6.74438 9.72476 12.1
      vertex 9.12 9.1 12.1
      vertex 7.53966 10.1498 12.1
    endloop
  endfacet
  facet normal -0 0 1
    outer loop
      vertex 6.04731 9.15269 12.1
      vertex 9.12 9.1 12.1
      vertex 6.74438 9.72476 12.1
    endloop
  endfacet
  facet normal 0 -0 1
    outer loop
      vertex 6.1 6.08 12.1
      vertex 9.12 9.1 12.1
      vertex 6.04731 9.15269 12.1
    endloop
  endfacet
  facet normal -0 0 1
    outer loop
      vertex 5.47524 8.45562 12.1
      vertex 6.1 6.08 12.1
      vertex 6.04731 9.15269 12.1
    endloop
  endfacet
  facet normal 0 0 1
    outer loop
      vertex 9.12 9.1 12.1
      vertex 6.1 6.08 12.1
      vertex 9.12 6.08 12.1
    endloop
  endfacet
  facet normal -0 0 1
    outer loop
      vertex 12.5 6.08 12.1
      vertex 13.9 5.9 12.1
      vertex 13.8116 6.79741 12.1
    endloop
  endfacet
  facet normal 0 0 1
    outer loop
      vertex 12.5 6.08 12.1
      vertex 13.8116 6.79741 12.1
      vertex 13.5498 7.66034 12.1
    endloop
  endfacet
  facet normal 0 0 1
    outer loop
      vertex 12.5 5.72 12.1
      vertex 13.9 5.9 12.1
      vertex 12.5 6.08 12.1
    endloop
  endfacet
  facet normal 0 0 1
    outer loop
      vertex 12.5 6.08 12.1
      vertex 13.5498 7.66034 12.1
      vertex 13.1248 8.45562 12.1
    endloop
  endfacet
  facet normal 0 0 1
    outer loop
      vertex 13.9 5.9 12.1
      vertex 12.5 5.72 12.1
      vertex 13.8116 5.00258 12.1
    endloop
  endfacet
  facet normal 0 0 1
    outer loop
      vertex 12.5 6.08 12.1
      vertex 13.1248 8.45562 12.1
      vertex 12.5527 9.15269 12.1
    endloop
  endfacet
  facet normal 0 0 1
    outer loop
      vertex 13.8116 5.00258 12.1
      vertex 12.5 5.72 12.1
      vertex 13.5498 4.13966 12.1
    endloop
  endfacet
  facet normal 0 0 1
    outer loop
      vertex 13.5498 4.13966 12.1
      vertex 12.5 5.72 12.1
      vertex 13.1248 3.34438 12.1
    endloop
  endfacet
  facet normal 0 0 1
    outer loop
      vertex 9.48 9.1 12.1
      vertex 12.5527 9.15269 12.1
      vertex 11.8556 9.72476 12.1
    endloop
  endfacet
  facet normal 0 0 1
    outer loop
      vertex 9.48 9.1 12.1
      vertex 11.8556 9.72476 12.1
      vertex 11.0603 10.1498 12.1
    endloop
  endfacet
  facet normal 0 0 1
    outer loop
      vertex 9.48 9.1 12.1
      vertex 11.0603 10.1498 12.1
      vertex 10.1974 10.4116 12.1
    endloop
  endfacet
  facet normal 0 0 1
    outer loop
      vertex 12.5527 9.15269 12.1
      vertex 9.48 9.1 12.1
      vertex 12.5 6.08 12.1
    endloop
  endfacet
  facet normal 0 0 1
    outer loop
      vertex 12.5 6.08 12.1
      vertex 9.48 9.1 12.1
      vertex 9.48 6.08 12.1
    endloop
  endfacet
  facet normal 0 0 1
    outer loop
      vertex 13.1248 3.34438 12.1
      vertex 12.5 5.72 12.1
      vertex 12.5527 2.64731 12.1
    endloop
  endfacet
  facet normal -0 0 1
    outer loop
      vertex 9.48 2.7 12.1
      vertex 12.5527 2.64731 12.1
      vertex 12.5 5.72 12.1
    endloop
  endfacet
  facet normal 0 0 1
    outer loop
      vertex 12.5527 2.64731 12.1
      vertex 9.48 2.7 12.1
      vertex 11.8556 2.07524 12.1
    endloop
  endfacet
  facet normal 0 0 1
    outer loop
      vertex 11.8556 2.07524 12.1
      vertex 9.48 2.7 12.1
      vertex 11.0603 1.65015 12.1
    endloop
  endfacet
  facet normal 0 0 1
    outer loop
      vertex 9.48 2.7 12.1
      vertex 12.5 5.72 12.1
      vertex 9.48 5.72 12.1
    endloop
  endfacet
  facet normal 0 0 1
    outer loop
      vertex 11.0603 1.65015 12.1
      vertex 9.48 2.7 12.1
      vertex 10.1974 1.38839 12.1
    endloop
  endfacet
  facet normal 0 0 1
    outer loop
      vertex 9.48 2.7 12.1
      vertex 9.3 1.3 12.1
      vertex 10.1974 1.38839 12.1
    endloop
  endfacet
  facet normal -0 0 1
    outer loop
      vertex 9.12 2.7 12.1
      vertex 9.3 1.3 12.1
      vertex 9.48 2.7 12.1
    endloop
  endfacet
  facet normal 0 0 1
    outer loop
      vertex 9.3 1.3 12.1
      vertex 9.12 2.7 12.1
      vertex 8.40258 1.38839 12.1
    endloop
  endfacet
  facet normal -0.956942 -0.290281 0
    outer loop
      vertex 5.05015 4.13966 11.5
      vertex 4.78839 5.00258 12.1
      vertex 4.78839 5.00258 11.5
    endloop
  endfacet
  facet normal -0.956942 -0.290281 0
    outer loop
      vertex 4.78839 5.00258 12.1
      vertex 5.05015 4.13966 11.5
      vertex 5.05015 4.13966 12.1
    endloop
  endfacet
  facet normal 0.634377 0.773024 -0
    outer loop
      vertex 12.5527 9.15269 11.5
      vertex 11.8556 9.72476 12.1
      vertex 12.5527 9.15269 12.1
    endloop
  endfacet
  facet normal 0.634377 0.773024 0
    outer loop
      vertex 11.8556 9.72476 12.1
      vertex 12.5527 9.15269 11.5
      vertex 11.8556 9.72476 11.5
    endloop
  endfacet
  facet normal 0.290287 -0.95694 0
    outer loop
      vertex 10.1974 1.38839 11.5
      vertex 11.0603 1.65015 12.1
      vertex 10.1974 1.38839 12.1
    endloop
  endfacet
  facet normal 0.290287 -0.95694 0
    outer loop
      vertex 11.0603 1.65015 12.1
      vertex 10.1974 1.38839 11.5
      vertex 11.0603 1.65015 11.5
    endloop
  endfacet
  facet normal -0.634393 -0.773011 0
    outer loop
      vertex 6.04731 2.64731 11.5
      vertex 6.74438 2.07524 12.1
      vertex 6.04731 2.64731 12.1
    endloop
  endfacet
  facet normal -0.634393 -0.773011 -0
    outer loop
      vertex 6.74438 2.07524 12.1
      vertex 6.04731 2.64731 11.5
      vertex 6.74438 2.07524 11.5
    endloop
  endfacet
  facet normal 0.290327 0.956927 -0
    outer loop
      vertex 11.0603 10.1498 11.5
      vertex 10.1974 10.4116 12.1
      vertex 11.0603 10.1498 12.1
    endloop
  endfacet
  facet normal 0.290327 0.956927 0
    outer loop
      vertex 10.1974 10.4116 12.1
      vertex 11.0603 10.1498 11.5
      vertex 10.1974 10.4116 11.5
    endloop
  endfacet
  facet normal 0.881961 -0.471323 0
    outer loop
      vertex 13.1248 3.34438 12.1
      vertex 13.5498 4.13966 11.5
      vertex 13.5498 4.13966 12.1
    endloop
  endfacet
  facet normal 0.881961 -0.471323 0
    outer loop
      vertex 13.5498 4.13966 11.5
      vertex 13.1248 3.34438 12.1
      vertex 13.1248 3.34438 11.5
    endloop
  endfacet
  facet normal -0.881919 -0.4714 0
    outer loop
      vertex 5.47524 3.34438 11.5
      vertex 5.05015 4.13966 12.1
      vertex 5.05015 4.13966 11.5
    endloop
  endfacet
  facet normal -0.881919 -0.4714 0
    outer loop
      vertex 5.05015 4.13966 12.1
      vertex 5.47524 3.34438 11.5
      vertex 5.47524 3.34438 12.1
    endloop
  endfacet
  facet normal -0.471357 0.881942 0
    outer loop
      vertex 7.53966 10.1498 11.5
      vertex 6.74438 9.72476 12.1
      vertex 7.53966 10.1498 12.1
    endloop
  endfacet
  facet normal -0.471357 0.881942 0
    outer loop
      vertex 6.74438 9.72476 12.1
      vertex 7.53966 10.1498 11.5
      vertex 6.74438 9.72476 11.5
    endloop
  endfacet
  facet normal 0.471348 0.881947 -0
    outer loop
      vertex 11.8556 9.72476 11.5
      vertex 11.0603 10.1498 12.1
      vertex 11.8556 9.72476 12.1
    endloop
  endfacet
  facet normal 0.471348 0.881947 0
    outer loop
      vertex 11.0603 10.1498 12.1
      vertex 11.8556 9.72476 11.5
      vertex 11.0603 10.1498 11.5
    endloop
  endfacet
  facet normal -0.956942 0.290278 0
    outer loop
      vertex 4.78839 6.79741 11.5
      vertex 5.05015 7.66034 12.1
      vertex 5.05015 7.66034 11.5
    endloop
  endfacet
  facet normal -0.956942 0.290278 0
    outer loop
      vertex 5.05015 7.66034 12.1
      vertex 4.78839 6.79741 11.5
      vertex 4.78839 6.79741 12.1
    endloop
  endfacet
  facet normal 0.471391 -0.881924 0
    outer loop
      vertex 11.0603 1.65015 11.5
      vertex 11.8556 2.07524 12.1
      vertex 11.0603 1.65015 12.1
    endloop
  endfacet
  facet normal 0.471391 -0.881924 0
    outer loop
      vertex 11.8556 2.07524 12.1
      vertex 11.0603 1.65015 11.5
      vertex 11.8556 2.07524 11.5
    endloop
  endfacet
  facet normal -0.881919 0.4714 0
    outer loop
      vertex 5.05015 7.66034 11.5
      vertex 5.47524 8.45562 12.1
      vertex 5.47524 8.45562 11.5
    endloop
  endfacet
  facet normal -0.881919 0.4714 0
    outer loop
      vertex 5.47524 8.45562 12.1
      vertex 5.05015 7.66034 11.5
      vertex 5.05015 7.66034 12.1
    endloop
  endfacet
  facet normal 0.0980213 -0.995184 0
    outer loop
      vertex 9.3 1.3 11.5
      vertex 10.1974 1.38839 12.1
      vertex 9.3 1.3 12.1
    endloop
  endfacet
  facet normal 0.0980213 -0.995184 0
    outer loop
      vertex 10.1974 1.38839 12.1
      vertex 9.3 1.3 11.5
      vertex 10.1974 1.38839 11.5
    endloop
  endfacet
  facet normal -0.4714 -0.881919 0
    outer loop
      vertex 6.74438 2.07524 11.5
      vertex 7.53966 1.65015 12.1
      vertex 6.74438 2.07524 12.1
    endloop
  endfacet
  facet normal -0.4714 -0.881919 -0
    outer loop
      vertex 7.53966 1.65015 12.1
      vertex 6.74438 2.07524 11.5
      vertex 7.53966 1.65015 11.5
    endloop
  endfacet
  facet normal 0.995183 -0.0980301 0
    outer loop
      vertex 13.8116 5.00258 12.1
      vertex 13.9 5.9 11.5
      vertex 13.9 5.9 12.1
    endloop
  endfacet
  facet normal 0.995183 -0.0980301 0
    outer loop
      vertex 13.9 5.9 11.5
      vertex 13.8116 5.00258 12.1
      vertex 13.8116 5.00258 11.5
    endloop
  endfacet
  facet normal 0.772994 -0.634413 0
    outer loop
      vertex 12.5527 2.64731 12.1
      vertex 13.1248 3.34438 11.5
      vertex 13.1248 3.34438 12.1
    endloop
  endfacet
  facet normal 0.772994 -0.634413 0
    outer loop
      vertex 13.1248 3.34438 11.5
      vertex 12.5527 2.64731 12.1
      vertex 12.5527 2.64731 11.5
    endloop
  endfacet
  facet normal -0.634393 0.773011 0
    outer loop
      vertex 6.74438 9.72476 11.5
      vertex 6.04731 9.15269 12.1
      vertex 6.74438 9.72476 12.1
    endloop
  endfacet
  facet normal -0.634393 0.773011 0
    outer loop
      vertex 6.04731 9.15269 12.1
      vertex 6.74438 9.72476 11.5
      vertex 6.04731 9.15269 11.5
    endloop
  endfacet
  facet normal -0.0980301 0.995183 0
    outer loop
      vertex 9.3 10.5 11.5
      vertex 8.40258 10.4116 12.1
      vertex 9.3 10.5 12.1
    endloop
  endfacet
  facet normal -0.0980301 0.995183 0
    outer loop
      vertex 8.40258 10.4116 12.1
      vertex 9.3 10.5 11.5
      vertex 8.40258 10.4116 11.5
    endloop
  endfacet
  facet normal -0.290321 0.956929 0
    outer loop
      vertex 8.40258 10.4116 11.5
      vertex 7.53966 10.1498 12.1
      vertex 8.40258 10.4116 12.1
    endloop
  endfacet
  facet normal -0.290321 0.956929 0
    outer loop
      vertex 7.53966 10.1498 12.1
      vertex 8.40258 10.4116 11.5
      vertex 7.53966 10.1498 11.5
    endloop
  endfacet
  facet normal -0.773011 0.634393 0
    outer loop
      vertex 5.47524 8.45562 11.5
      vertex 6.04731 9.15269 12.1
      vertex 6.04731 9.15269 11.5
    endloop
  endfacet
  facet normal -0.773011 0.634393 0
    outer loop
      vertex 6.04731 9.15269 12.1
      vertex 5.47524 8.45562 11.5
      vertex 5.47524 8.45562 12.1
    endloop
  endfacet
  facet normal -0.773011 -0.634393 0
    outer loop
      vertex 6.04731 2.64731 11.5
      vertex 5.47524 3.34438 12.1
      vertex 5.47524 3.34438 11.5
    endloop
  endfacet
  facet normal -0.773011 -0.634393 0
    outer loop
      vertex 5.47524 3.34438 12.1
      vertex 6.04731 2.64731 11.5
      vertex 6.04731 2.64731 12.1
    endloop
  endfacet
  facet normal 0.634377 -0.773024 0
    outer loop
      vertex 11.8556 2.07524 11.5
      vertex 12.5527 2.64731 12.1
      vertex 11.8556 2.07524 12.1
    endloop
  endfacet
  facet normal 0.634377 -0.773024 0
    outer loop
      vertex 12.5527 2.64731 12.1
      vertex 11.8556 2.07524 11.5
      vertex 12.5527 2.64731 11.5
    endloop
  endfacet
  facet normal -0.995185 -0.0980192 0
    outer loop
      vertex 4.78839 5.00258 11.5
      vertex 4.7 5.9 12.1
      vertex 4.7 5.9 11.5
    endloop
  endfacet
  facet normal -0.995185 -0.0980192 0
    outer loop
      vertex 4.7 5.9 12.1
      vertex 4.78839 5.00258 11.5
      vertex 4.78839 5.00258 12.1
    endloop
  endfacet
  facet normal -0.0980192 -0.995185 0
    outer loop
      vertex 8.40258 1.38839 11.5
      vertex 9.3 1.3 12.1
      vertex 8.40258 1.38839 12.1
    endloop
  endfacet
  facet normal -0.0980192 -0.995185 -0
    outer loop
      vertex 9.3 1.3 12.1
      vertex 8.40258 1.38839 11.5
      vertex 9.3 1.3 11.5
    endloop
  endfacet
  facet normal -0.290281 -0.956942 0
    outer loop
      vertex 7.53966 1.65015 11.5
      vertex 8.40258 1.38839 12.1
      vertex 7.53966 1.65015 12.1
    endloop
  endfacet
  facet normal -0.290281 -0.956942 -0
    outer loop
      vertex 8.40258 1.38839 12.1
      vertex 7.53966 1.65015 11.5
      vertex 8.40258 1.38839 11.5
    endloop
  endfacet
  facet normal 1 -0 0
    outer loop
      vertex 44.7 19.82 12.23
      vertex 44.7 20.18 12.1
      vertex 44.7 20.18 12.23
    endloop
  endfacet
  facet normal 1 0 0
    outer loop
      vertex 44.7 20.18 12.1
      vertex 44.7 19.82 12.23
      vertex 44.7 19.82 12.1
    endloop
  endfacet
  facet normal -0 0 1
    outer loop
      vertex 38.3 20.18 12.23
      vertex 41.32 19.82 12.23
      vertex 41.32 20.18 12.23
    endloop
  endfacet
  facet normal 0 0 1
    outer loop
      vertex 41.32 19.82 12.23
      vertex 38.3 20.18 12.23
      vertex 38.3 19.82 12.23
    endloop
  endfacet
  facet normal 0 0 1
    outer loop
      vertex 41.32 20.18 12.23
      vertex 41.68 20.18 12.23
      vertex 41.68 23.2 12.23
    endloop
  endfacet
  facet normal 0 0 1
    outer loop
      vertex 41.68 20.18 12.23
      vertex 41.32 20.18 12.23
      vertex 41.68 19.82 12.23
    endloop
  endfacet
  facet normal 0 0 1
    outer loop
      vertex 41.32 20.18 12.23
      vertex 41.68 23.2 12.23
      vertex 41.32 23.2 12.23
    endloop
  endfacet
  facet normal 0 0 1
    outer loop
      vertex 41.32 19.82 12.23
      vertex 41.68 19.82 12.23
      vertex 41.32 20.18 12.23
    endloop
  endfacet
  facet normal 0 0 1
    outer loop
      vertex 41.68 19.82 12.23
      vertex 41.32 19.82 12.23
      vertex 41.68 16.8 12.23
    endloop
  endfacet
  facet normal 0 0 1
    outer loop
      vertex 41.68 16.8 12.23
      vertex 41.32 19.82 12.23
      vertex 41.32 16.8 12.23
    endloop
  endfacet
  facet normal -0 0 1
    outer loop
      vertex 41.68 20.18 12.23
      vertex 44.7 19.82 12.23
      vertex 44.7 20.18 12.23
    endloop
  endfacet
  facet normal 0 0 1
    outer loop
      vertex 44.7 19.82 12.23
      vertex 41.68 20.18 12.23
      vertex 41.68 19.82 12.23
    endloop
  endfacet
  facet normal -1 0 0
    outer loop
      vertex 38.3 19.82 12.1
      vertex 38.3 20.18 12.23
      vertex 38.3 20.18 12.1
    endloop
  endfacet
  facet normal -1 -0 0
    outer loop
      vertex 38.3 20.18 12.23
      vertex 38.3 19.82 12.1
      vertex 38.3 19.82 12.23
    endloop
  endfacet
  facet normal 0 1 -0
    outer loop
      vertex 41.32 20.18 12.1
      vertex 38.3 20.18 12.23
      vertex 41.32 20.18 12.23
    endloop
  endfacet
  facet normal 0 1 0
    outer loop
      vertex 38.3 20.18 12.23
      vertex 41.32 20.18 12.1
      vertex 38.3 20.18 12.1
    endloop
  endfacet
  facet normal 0 1 -0
    outer loop
      vertex 44.7 20.18 12.1
      vertex 41.68 20.18 12.23
      vertex 44.7 20.18 12.23
    endloop
  endfacet
  facet normal 0 1 0
    outer loop
      vertex 41.68 20.18 12.23
      vertex 44.7 20.18 12.1
      vertex 41.68 20.18 12.1
    endloop
  endfacet
  facet normal 0 -1 0
    outer loop
      vertex 38.3 19.82 12.1
      vertex 41.32 19.82 12.23
      vertex 38.3 19.82 12.23
    endloop
  endfacet
  facet normal 0 -1 -0
    outer loop
      vertex 41.32 19.82 12.23
      vertex 38.3 19.82 12.1
      vertex 41.32 19.82 12.1
    endloop
  endfacet
  facet normal 0 -1 0
    outer loop
      vertex 41.68 19.82 12.1
      vertex 44.7 19.82 12.23
      vertex 41.68 19.82 12.23
    endloop
  endfacet
  facet normal 0 -1 -0
    outer loop
      vertex 44.7 19.82 12.23
      vertex 41.68 19.82 12.1
      vertex 44.7 19.82 12.1
    endloop
  endfacet
  facet normal 1 -0 0
    outer loop
      vertex 41.68 20.18 12.23
      vertex 41.68 23.2 12.1
      vertex 41.68 23.2 12.23
    endloop
  endfacet
  facet normal 1 0 0
    outer loop
      vertex 41.68 23.2 12.1
      vertex 41.68 20.18 12.23
      vertex 41.68 20.18 12.1
    endloop
  endfacet
  facet normal 1 -0 0
    outer loop
      vertex 41.68 16.8 12.23
      vertex 41.68 19.82 12.1
      vertex 41.68 19.82 12.23
    endloop
  endfacet
  facet normal 1 0 0
    outer loop
      vertex 41.68 19.82 12.1
      vertex 41.68 16.8 12.23
      vertex 41.68 16.8 12.1
    endloop
  endfacet
  facet normal -1 0 0
    outer loop
      vertex 41.32 20.18 12.1
      vertex 41.32 23.2 12.23
      vertex 41.32 23.2 12.1
    endloop
  endfacet
  facet normal -1 -0 0
    outer loop
      vertex 41.32 23.2 12.23
      vertex 41.32 20.18 12.1
      vertex 41.32 20.18 12.23
    endloop
  endfacet
  facet normal -1 0 0
    outer loop
      vertex 41.32 16.8 12.1
      vertex 41.32 19.82 12.23
      vertex 41.32 19.82 12.1
    endloop
  endfacet
  facet normal -1 -0 0
    outer loop
      vertex 41.32 19.82 12.23
      vertex 41.32 16.8 12.1
      vertex 41.32 16.8 12.23
    endloop
  endfacet
  facet normal 0 1 -0
    outer loop
      vertex 41.68 23.2 12.1
      vertex 41.32 23.2 12.23
      vertex 41.68 23.2 12.23
    endloop
  endfacet
  facet normal 0 1 0
    outer loop
      vertex 41.32 23.2 12.23
      vertex 41.68 23.2 12.1
      vertex 41.32 23.2 12.1
    endloop
  endfacet
  facet normal 0 -1 0
    outer loop
      vertex 41.32 16.8 12.1
      vertex 41.68 16.8 12.23
      vertex 41.32 16.8 12.23
    endloop
  endfacet
  facet normal 0 -1 -0
    outer loop
      vertex 41.68 16.8 12.23
      vertex 41.32 16.8 12.1
      vertex 41.68 16.8 12.1
    endloop
  endfacet
  facet normal 0.290276 -0.956943 0
    outer loop
      vertex 42.4755 15.0961 1.6
      vertex 43.4134 15.3806 11.5
      vertex 42.4755 15.0961 11.5
    endloop
  endfacet
  facet normal 0.290276 -0.956943 0
    outer loop
      vertex 43.4134 15.3806 11.5
      vertex 42.4755 15.0961 1.6
      vertex 43.4134 15.3806 1.6
    endloop
  endfacet
  facet normal 0.956943 0.290276 0
    outer loop
      vertex 46.4039 20.9755 11.5
      vertex 46.1194 21.9134 1.6
      vertex 46.1194 21.9134 11.5
    endloop
  endfacet
  facet normal 0.956943 0.290276 0
    outer loop
      vertex 46.1194 21.9134 1.6
      vertex 46.4039 20.9755 11.5
      vertex 46.4039 20.9755 1.6
    endloop
  endfacet
  facet normal 0.995183 0.098039 0
    outer loop
      vertex 46.5 20 11.5
      vertex 46.4039 20.9755 1.6
      vertex 46.4039 20.9755 11.5
    endloop
  endfacet
  facet normal 0.995183 0.098039 0
    outer loop
      vertex 46.4039 20.9755 1.6
      vertex 46.5 20 11.5
      vertex 46.5 20 1.6
    endloop
  endfacet
  facet normal 0.881915 0.471409 0
    outer loop
      vertex 46.1194 21.9134 11.5
      vertex 45.6573 22.7779 1.6
      vertex 45.6573 22.7779 11.5
    endloop
  endfacet
  facet normal 0.881915 0.471409 0
    outer loop
      vertex 45.6573 22.7779 1.6
      vertex 46.1194 21.9134 11.5
      vertex 46.1194 21.9134 1.6
    endloop
  endfacet
  facet normal -0.881937 -0.471367 -0
    outer loop
      vertex 37 17.8632 2.25
      vertex 36.8806 18.0866 1.6
      vertex 37 17.8632 1.6
    endloop
  endfacet
  facet normal -0.881937 -0.471367 0
    outer loop
      vertex 36.8806 18.0866 1.6
      vertex 37 17.8632 2.25
      vertex 36.8806 18.0866 11.5
    endloop
  endfacet
  facet normal -0.881907 -0.471423 -0
    outer loop
      vertex 37.3427 17.2221 11.5
      vertex 37 17.8632 2.25
      vertex 37.3427 17.2221 2.25
    endloop
  endfacet
  facet normal -0.881915 -0.471409 1.30578e-06
    outer loop
      vertex 37 17.8632 2.25
      vertex 37.3427 17.2221 11.5
      vertex 36.8806 18.0866 11.5
    endloop
  endfacet
  facet normal 0.290276 0.956943 -0
    outer loop
      vertex 43.4134 24.6194 1.6
      vertex 42.4755 24.9039 11.5
      vertex 43.4134 24.6194 11.5
    endloop
  endfacet
  facet normal 0.290276 0.956943 0
    outer loop
      vertex 42.4755 24.9039 11.5
      vertex 43.4134 24.6194 1.6
      vertex 42.4755 24.9039 1.6
    endloop
  endfacet
  facet normal -0.098039 0.995183 0
    outer loop
      vertex 41.5 25 1.6
      vertex 40.5245 24.9039 11.5
      vertex 41.5 25 11.5
    endloop
  endfacet
  facet normal -0.098039 0.995183 0
    outer loop
      vertex 40.5245 24.9039 11.5
      vertex 41.5 25 1.6
      vertex 40.5245 24.9039 1.6
    endloop
  endfacet
  facet normal -0.471409 -0.881915 0
    outer loop
      vertex 38.7221 15.8427 1.6
      vertex 39.5866 15.3806 11.5
      vertex 38.7221 15.8427 11.5
    endloop
  endfacet
  facet normal -0.471409 -0.881915 -0
    outer loop
      vertex 39.5866 15.3806 11.5
      vertex 38.7221 15.8427 1.6
      vertex 39.5866 15.3806 1.6
    endloop
  endfacet
  facet normal -0.471409 0.881915 0
    outer loop
      vertex 39.5866 24.6194 1.6
      vertex 38.7221 24.1573 11.5
      vertex 39.5866 24.6194 11.5
    endloop
  endfacet
  facet normal -0.471409 0.881915 0
    outer loop
      vertex 38.7221 24.1573 11.5
      vertex 39.5866 24.6194 1.6
      vertex 38.7221 24.1573 1.6
    endloop
  endfacet
  facet normal 0.471409 -0.881915 0
    outer loop
      vertex 43.4134 15.3806 1.6
      vertex 44.2779 15.8427 11.5
      vertex 43.4134 15.3806 11.5
    endloop
  endfacet
  facet normal 0.471409 -0.881915 0
    outer loop
      vertex 44.2779 15.8427 11.5
      vertex 43.4134 15.3806 1.6
      vertex 44.2779 15.8427 1.6
    endloop
  endfacet
  facet normal -0.772984 0.634426 0
    outer loop
      vertex 37.3427 22.7779 1.6
      vertex 37.9645 23.5355 11.5
      vertex 37.9645 23.5355 1.6
    endloop
  endfacet
  facet normal -0.772984 0.634426 0
    outer loop
      vertex 37.9645 23.5355 11.5
      vertex 37.3427 22.7779 1.6
      vertex 37.3427 22.7779 11.5
    endloop
  endfacet
  facet normal 0.772984 0.634426 0
    outer loop
      vertex 45.6573 22.7779 11.5
      vertex 45.0355 23.5355 1.6
      vertex 45.0355 23.5355 11.5
    endloop
  endfacet
  facet normal 0.772984 0.634426 0
    outer loop
      vertex 45.0355 23.5355 1.6
      vertex 45.6573 22.7779 11.5
      vertex 45.6573 22.7779 1.6
    endloop
  endfacet
  facet normal 0.772984 -0.634426 0
    outer loop
      vertex 45.0355 16.4645 11.5
      vertex 45.6573 17.2221 1.6
      vertex 45.6573 17.2221 11.5
    endloop
  endfacet
  facet normal 0.772984 -0.634426 0
    outer loop
      vertex 45.6573 17.2221 1.6
      vertex 45.0355 16.4645 11.5
      vertex 45.0355 16.4645 1.6
    endloop
  endfacet
  facet normal -0.098039 -0.995183 0
    outer loop
      vertex 40.5245 15.0961 1.6
      vertex 41.5 15 11.5
      vertex 40.5245 15.0961 11.5
    endloop
  endfacet
  facet normal -0.098039 -0.995183 -0
    outer loop
      vertex 41.5 15 11.5
      vertex 40.5245 15.0961 1.6
      vertex 41.5 15 1.6
    endloop
  endfacet
  facet normal -0.290276 0.956943 0
    outer loop
      vertex 40.5245 24.9039 1.6
      vertex 39.5866 24.6194 11.5
      vertex 40.5245 24.9039 11.5
    endloop
  endfacet
  facet normal -0.290276 0.956943 0
    outer loop
      vertex 39.5866 24.6194 11.5
      vertex 40.5245 24.9039 1.6
      vertex 39.5866 24.6194 1.6
    endloop
  endfacet
  facet normal 0.634426 -0.772984 0
    outer loop
      vertex 44.2779 15.8427 1.6
      vertex 45.0355 16.4645 11.5
      vertex 44.2779 15.8427 11.5
    endloop
  endfacet
  facet normal 0.634426 -0.772984 0
    outer loop
      vertex 45.0355 16.4645 11.5
      vertex 44.2779 15.8427 1.6
      vertex 45.0355 16.4645 1.6
    endloop
  endfacet
  facet normal 0.995183 -0.098039 0
    outer loop
      vertex 46.4039 19.0245 11.5
      vertex 46.5 20 1.6
      vertex 46.5 20 11.5
    endloop
  endfacet
  facet normal 0.995183 -0.098039 0
    outer loop
      vertex 46.5 20 1.6
      vertex 46.4039 19.0245 11.5
      vertex 46.4039 19.0245 1.6
    endloop
  endfacet
  facet normal -0.290276 -0.956943 0
    outer loop
      vertex 39.5866 15.3806 1.6
      vertex 40.5245 15.0961 11.5
      vertex 39.5866 15.3806 11.5
    endloop
  endfacet
  facet normal -0.290276 -0.956943 -0
    outer loop
      vertex 40.5245 15.0961 11.5
      vertex 39.5866 15.3806 1.6
      vertex 40.5245 15.0961 1.6
    endloop
  endfacet
  facet normal 0 0 1
    outer loop
      vertex 46.1 20 11.5
      vertex 46.5 20 11.5
      vertex 46.4039 20.9755 11.5
    endloop
  endfacet
  facet normal 0 0 1
    outer loop
      vertex 46.0116 20.8974 11.5
      vertex 46.4039 20.9755 11.5
      vertex 46.1194 21.9134 11.5
    endloop
  endfacet
  facet normal 0 0 1
    outer loop
      vertex 46.5 20 11.5
      vertex 46.1 20 11.5
      vertex 46.4039 19.0245 11.5
    endloop
  endfacet
  facet normal -0 0 1
    outer loop
      vertex 46.0116 19.1026 11.5
      vertex 46.4039 19.0245 11.5
      vertex 46.1 20 11.5
    endloop
  endfacet
  facet normal 0 0 1
    outer loop
      vertex 46.4039 20.9755 11.5
      vertex 46.0116 20.8974 11.5
      vertex 46.1 20 11.5
    endloop
  endfacet
  facet normal 0 0 1
    outer loop
      vertex 46.1194 21.9134 11.5
      vertex 45.7498 21.7603 11.5
      vertex 46.0116 20.8974 11.5
    endloop
  endfacet
  facet normal 0 0 1
    outer loop
      vertex 45.6573 22.7779 11.5
      vertex 45.7498 21.7603 11.5
      vertex 46.1194 21.9134 11.5
    endloop
  endfacet
  facet normal 0 0 1
    outer loop
      vertex 45.6573 22.7779 11.5
      vertex 45.3248 22.5556 11.5
      vertex 45.7498 21.7603 11.5
    endloop
  endfacet
  facet normal 0 0 1
    outer loop
      vertex 45.0355 23.5355 11.5
      vertex 45.3248 22.5556 11.5
      vertex 45.6573 22.7779 11.5
    endloop
  endfacet
  facet normal 0 0 1
    outer loop
      vertex 45.0355 23.5355 11.5
      vertex 44.7527 23.2527 11.5
      vertex 45.3248 22.5556 11.5
    endloop
  endfacet
  facet normal 0 0 1
    outer loop
      vertex 44.2779 24.1573 11.5
      vertex 44.7527 23.2527 11.5
      vertex 45.0355 23.5355 11.5
    endloop
  endfacet
  facet normal 0 0 1
    outer loop
      vertex 44.2779 24.1573 11.5
      vertex 44.0556 23.8248 11.5
      vertex 44.7527 23.2527 11.5
    endloop
  endfacet
  facet normal 0 0 1
    outer loop
      vertex 43.4134 24.6194 11.5
      vertex 44.0556 23.8248 11.5
      vertex 44.2779 24.1573 11.5
    endloop
  endfacet
  facet normal 0 0 1
    outer loop
      vertex 43.4134 24.6194 11.5
      vertex 43.2603 24.2498 11.5
      vertex 44.0556 23.8248 11.5
    endloop
  endfacet
  facet normal 0 0 1
    outer loop
      vertex 42.4755 24.9039 11.5
      vertex 43.2603 24.2498 11.5
      vertex 43.4134 24.6194 11.5
    endloop
  endfacet
  facet normal 0 0 1
    outer loop
      vertex 42.4755 24.9039 11.5
      vertex 42.3974 24.5116 11.5
      vertex 43.2603 24.2498 11.5
    endloop
  endfacet
  facet normal 0 0 1
    outer loop
      vertex 41.5 25 11.5
      vertex 42.3974 24.5116 11.5
      vertex 42.4755 24.9039 11.5
    endloop
  endfacet
  facet normal 0 0 1
    outer loop
      vertex 41.5 25 11.5
      vertex 41.5 24.6 11.5
      vertex 42.3974 24.5116 11.5
    endloop
  endfacet
  facet normal 0 0 1
    outer loop
      vertex 41.5 25 11.5
      vertex 40.6026 24.5116 11.5
      vertex 41.5 24.6 11.5
    endloop
  endfacet
  facet normal -0 0 1
    outer loop
      vertex 40.5245 24.9039 11.5
      vertex 40.6026 24.5116 11.5
      vertex 41.5 25 11.5
    endloop
  endfacet
  facet normal 0 0 1
    outer loop
      vertex 40.5245 24.9039 11.5
      vertex 39.7397 24.2498 11.5
      vertex 40.6026 24.5116 11.5
    endloop
  endfacet
  facet normal -0 0 1
    outer loop
      vertex 39.5866 24.6194 11.5
      vertex 39.7397 24.2498 11.5
      vertex 40.5245 24.9039 11.5
    endloop
  endfacet
  facet normal 0 0 1
    outer loop
      vertex 39.5866 24.6194 11.5
      vertex 38.9444 23.8248 11.5
      vertex 39.7397 24.2498 11.5
    endloop
  endfacet
  facet normal -0 0 1
    outer loop
      vertex 38.7221 24.1573 11.5
      vertex 38.9444 23.8248 11.5
      vertex 39.5866 24.6194 11.5
    endloop
  endfacet
  facet normal 0 0 1
    outer loop
      vertex 38.7221 24.1573 11.5
      vertex 38.2473 23.2527 11.5
      vertex 38.9444 23.8248 11.5
    endloop
  endfacet
  facet normal -0 0 1
    outer loop
      vertex 37.9645 23.5355 11.5
      vertex 38.2473 23.2527 11.5
      vertex 38.7221 24.1573 11.5
    endloop
  endfacet
  facet normal 0 0 1
    outer loop
      vertex 37.9645 23.5355 11.5
      vertex 37.6752 22.5556 11.5
      vertex 38.2473 23.2527 11.5
    endloop
  endfacet
  facet normal -0 0 1
    outer loop
      vertex 37.3427 22.7779 11.5
      vertex 37.6752 22.5556 11.5
      vertex 37.9645 23.5355 11.5
    endloop
  endfacet
  facet normal 0 0 1
    outer loop
      vertex 37.3427 22.7779 11.5
      vertex 37.2502 21.7603 11.5
      vertex 37.6752 22.5556 11.5
    endloop
  endfacet
  facet normal -0 0 1
    outer loop
      vertex 36.8806 21.9134 11.5
      vertex 37.2502 21.7603 11.5
      vertex 37.3427 22.7779 11.5
    endloop
  endfacet
  facet normal -0 0 1
    outer loop
      vertex 36.5961 20.9755 11.5
      vertex 36.9884 20.8974 11.5
      vertex 36.8806 21.9134 11.5
    endloop
  endfacet
  facet normal 0 0 1
    outer loop
      vertex 37.2502 21.7603 11.5
      vertex 36.8806 21.9134 11.5
      vertex 36.9884 20.8974 11.5
    endloop
  endfacet
  facet normal 0 0 1
    outer loop
      vertex 46.4039 19.0245 11.5
      vertex 46.0116 19.1026 11.5
      vertex 46.1194 18.0866 11.5
    endloop
  endfacet
  facet normal -0 0 1
    outer loop
      vertex 45.7498 18.2397 11.5
      vertex 46.1194 18.0866 11.5
      vertex 46.0116 19.1026 11.5
    endloop
  endfacet
  facet normal 0 0 1
    outer loop
      vertex 45.7498 18.2397 11.5
      vertex 45.6573 17.2221 11.5
      vertex 46.1194 18.0866 11.5
    endloop
  endfacet
  facet normal -0 0 1
    outer loop
      vertex 45.3248 17.4444 11.5
      vertex 45.6573 17.2221 11.5
      vertex 45.7498 18.2397 11.5
    endloop
  endfacet
  facet normal 0 0 1
    outer loop
      vertex 45.3248 17.4444 11.5
      vertex 45.0355 16.4645 11.5
      vertex 45.6573 17.2221 11.5
    endloop
  endfacet
  facet normal -0 0 1
    outer loop
      vertex 44.7527 16.7473 11.5
      vertex 45.0355 16.4645 11.5
      vertex 45.3248 17.4444 11.5
    endloop
  endfacet
  facet normal 0 0 1
    outer loop
      vertex 44.7527 16.7473 11.5
      vertex 44.2779 15.8427 11.5
      vertex 45.0355 16.4645 11.5
    endloop
  endfacet
  facet normal -0 0 1
    outer loop
      vertex 44.0556 16.1752 11.5
      vertex 44.2779 15.8427 11.5
      vertex 44.7527 16.7473 11.5
    endloop
  endfacet
  facet normal 0 0 1
    outer loop
      vertex 44.0556 16.1752 11.5
      vertex 43.4134 15.3806 11.5
      vertex 44.2779 15.8427 11.5
    endloop
  endfacet
  facet normal -0 0 1
    outer loop
      vertex 43.2603 15.7502 11.5
      vertex 43.4134 15.3806 11.5
      vertex 44.0556 16.1752 11.5
    endloop
  endfacet
  facet normal 0 0 1
    outer loop
      vertex 43.2603 15.7502 11.5
      vertex 42.4755 15.0961 11.5
      vertex 43.4134 15.3806 11.5
    endloop
  endfacet
  facet normal -0 0 1
    outer loop
      vertex 42.3974 15.4884 11.5
      vertex 42.4755 15.0961 11.5
      vertex 43.2603 15.7502 11.5
    endloop
  endfacet
  facet normal -0 0 1
    outer loop
      vertex 41.5 15.4 11.5
      vertex 42.4755 15.0961 11.5
      vertex 42.3974 15.4884 11.5
    endloop
  endfacet
  facet normal 0 0 1
    outer loop
      vertex 41.5 15.4 11.5
      vertex 41.5 15 11.5
      vertex 42.4755 15.0961 11.5
    endloop
  endfacet
  facet normal 0 0 1
    outer loop
      vertex 40.6026 15.4884 11.5
      vertex 41.5 15 11.5
      vertex 41.5 15.4 11.5
    endloop
  endfacet
  facet normal 0 0 1
    outer loop
      vertex 40.6026 15.4884 11.5
      vertex 40.5245 15.0961 11.5
      vertex 41.5 15 11.5
    endloop
  endfacet
  facet normal 0 0 1
    outer loop
      vertex 39.7397 15.7502 11.5
      vertex 40.5245 15.0961 11.5
      vertex 40.6026 15.4884 11.5
    endloop
  endfacet
  facet normal 0 0 1
    outer loop
      vertex 39.7397 15.7502 11.5
      vertex 39.5866 15.3806 11.5
      vertex 40.5245 15.0961 11.5
    endloop
  endfacet
  facet normal 0 0 1
    outer loop
      vertex 38.9444 16.1752 11.5
      vertex 39.5866 15.3806 11.5
      vertex 39.7397 15.7502 11.5
    endloop
  endfacet
  facet normal 0 0 1
    outer loop
      vertex 38.9444 16.1752 11.5
      vertex 38.7221 15.8427 11.5
      vertex 39.5866 15.3806 11.5
    endloop
  endfacet
  facet normal 0 0 1
    outer loop
      vertex 38.2473 16.7473 11.5
      vertex 38.7221 15.8427 11.5
      vertex 38.9444 16.1752 11.5
    endloop
  endfacet
  facet normal 0 0 1
    outer loop
      vertex 38.2473 16.7473 11.5
      vertex 37.9645 16.4645 11.5
      vertex 38.7221 15.8427 11.5
    endloop
  endfacet
  facet normal 0 0 1
    outer loop
      vertex 37.6752 17.4444 11.5
      vertex 37.9645 16.4645 11.5
      vertex 38.2473 16.7473 11.5
    endloop
  endfacet
  facet normal 0 0 1
    outer loop
      vertex 37.6752 17.4444 11.5
      vertex 37.3427 17.2221 11.5
      vertex 37.9645 16.4645 11.5
    endloop
  endfacet
  facet normal 0 0 1
    outer loop
      vertex 37.2502 18.2397 11.5
      vertex 37.3427 17.2221 11.5
      vertex 37.6752 17.4444 11.5
    endloop
  endfacet
  facet normal 0 0 1
    outer loop
      vertex 36.8806 18.0866 11.5
      vertex 37.2502 18.2397 11.5
      vertex 36.9884 19.1026 11.5
    endloop
  endfacet
  facet normal 0 0 1
    outer loop
      vertex 37.2502 18.2397 11.5
      vertex 36.8806 18.0866 11.5
      vertex 37.3427 17.2221 11.5
    endloop
  endfacet
  facet normal 0 0 1
    outer loop
      vertex 36.5961 19.0245 11.5
      vertex 36.9884 19.1026 11.5
      vertex 36.9 20 11.5
    endloop
  endfacet
  facet normal 0 0 1
    outer loop
      vertex 36.9884 20.8974 11.5
      vertex 36.5961 20.9755 11.5
      vertex 36.9 20 11.5
    endloop
  endfacet
  facet normal 0 0 1
    outer loop
      vertex 36.5 20 11.5
      vertex 36.9 20 11.5
      vertex 36.5961 20.9755 11.5
    endloop
  endfacet
  facet normal 0 0 1
    outer loop
      vertex 36.9884 19.1026 11.5
      vertex 36.5961 19.0245 11.5
      vertex 36.8806 18.0866 11.5
    endloop
  endfacet
  facet normal 0 0 1
    outer loop
      vertex 36.9 20 11.5
      vertex 36.5 20 11.5
      vertex 36.5961 19.0245 11.5
    endloop
  endfacet
  facet normal 0.956943 -0.290276 0
    outer loop
      vertex 46.1194 18.0866 11.5
      vertex 46.4039 19.0245 1.6
      vertex 46.4039 19.0245 11.5
    endloop
  endfacet
  facet normal 0.956943 -0.290276 0
    outer loop
      vertex 46.4039 19.0245 1.6
      vertex 46.1194 18.0866 11.5
      vertex 46.1194 18.0866 1.6
    endloop
  endfacet
  facet normal -0.956943 -0.290276 0
    outer loop
      vertex 36.8806 18.0866 1.6
      vertex 36.5961 19.0245 11.5
      vertex 36.5961 19.0245 1.6
    endloop
  endfacet
  facet normal -0.956943 -0.290276 0
    outer loop
      vertex 36.5961 19.0245 11.5
      vertex 36.8806 18.0866 1.6
      vertex 36.8806 18.0866 11.5
    endloop
  endfacet
  facet normal 0.881915 -0.471409 0
    outer loop
      vertex 45.6573 17.2221 11.5
      vertex 46.1194 18.0866 1.6
      vertex 46.1194 18.0866 11.5
    endloop
  endfacet
  facet normal 0.881915 -0.471409 0
    outer loop
      vertex 46.1194 18.0866 1.6
      vertex 45.6573 17.2221 11.5
      vertex 45.6573 17.2221 1.6
    endloop
  endfacet
  facet normal -0.995183 0.098039 0
    outer loop
      vertex 36.5 20 1.6
      vertex 36.5961 20.9755 11.5
      vertex 36.5961 20.9755 1.6
    endloop
  endfacet
  facet normal -0.995183 0.098039 0
    outer loop
      vertex 36.5961 20.9755 11.5
      vertex 36.5 20 1.6
      vertex 36.5 20 11.5
    endloop
  endfacet
  facet normal 0.098039 0.995183 -0
    outer loop
      vertex 42.4755 24.9039 1.6
      vertex 41.5 25 11.5
      vertex 42.4755 24.9039 11.5
    endloop
  endfacet
  facet normal 0.098039 0.995183 0
    outer loop
      vertex 41.5 25 11.5
      vertex 42.4755 24.9039 1.6
      vertex 41.5 25 1.6
    endloop
  endfacet
  facet normal -0.634426 0.772984 0
    outer loop
      vertex 38.7221 24.1573 1.6
      vertex 37.9645 23.5355 11.5
      vertex 38.7221 24.1573 11.5
    endloop
  endfacet
  facet normal -0.634426 0.772984 0
    outer loop
      vertex 37.9645 23.5355 11.5
      vertex 38.7221 24.1573 1.6
      vertex 37.9645 23.5355 1.6
    endloop
  endfacet
  facet normal 0.634426 0.772984 -0
    outer loop
      vertex 45.0355 23.5355 1.6
      vertex 44.2779 24.1573 11.5
      vertex 45.0355 23.5355 11.5
    endloop
  endfacet
  facet normal 0.634426 0.772984 0
    outer loop
      vertex 44.2779 24.1573 11.5
      vertex 45.0355 23.5355 1.6
      vertex 44.2779 24.1573 1.6
    endloop
  endfacet
  facet normal 0.098039 -0.995183 0
    outer loop
      vertex 41.5 15 1.6
      vertex 42.4755 15.0961 11.5
      vertex 41.5 15 11.5
    endloop
  endfacet
  facet normal 0.098039 -0.995183 0
    outer loop
      vertex 42.4755 15.0961 11.5
      vertex 41.5 15 1.6
      vertex 42.4755 15.0961 1.6
    endloop
  endfacet
  facet normal 0.471409 0.881915 -0
    outer loop
      vertex 44.2779 24.1573 1.6
      vertex 43.4134 24.6194 11.5
      vertex 44.2779 24.1573 11.5
    endloop
  endfacet
  facet normal 0.471409 0.881915 0
    outer loop
      vertex 43.4134 24.6194 11.5
      vertex 44.2779 24.1573 1.6
      vertex 43.4134 24.6194 1.6
    endloop
  endfacet
  facet normal -0.772992 -0.634416 0
    outer loop
      vertex 37.525 17 1.6
      vertex 37.9645 16.4645 1.6
      vertex 37.525 17 2.25
    endloop
  endfacet
  facet normal -0.772964 -0.63445 0
    outer loop
      vertex 37.525 17 2.25
      vertex 37.3427 17.2221 11.5
      vertex 37.3427 17.2221 2.25
    endloop
  endfacet
  facet normal -0.772992 -0.634416 -0
    outer loop
      vertex 37.9645 16.4645 11.5
      vertex 37.525 17 2.25
      vertex 37.9645 16.4645 1.6
    endloop
  endfacet
  facet normal -0.772984 -0.634426 -9.59639e-07
    outer loop
      vertex 37.525 17 2.25
      vertex 37.9645 16.4645 11.5
      vertex 37.3427 17.2221 11.5
    endloop
  endfacet
  facet normal -0.634426 -0.772984 0
    outer loop
      vertex 37.9645 16.4645 1.6
      vertex 38.7221 15.8427 11.5
      vertex 37.9645 16.4645 11.5
    endloop
  endfacet
  facet normal -0.634426 -0.772984 -0
    outer loop
      vertex 38.7221 15.8427 11.5
      vertex 37.9645 16.4645 1.6
      vertex 38.7221 15.8427 1.6
    endloop
  endfacet
  facet normal -0.956943 0.290276 0
    outer loop
      vertex 36.5961 20.9755 1.6
      vertex 36.8806 21.9134 11.5
      vertex 36.8806 21.9134 1.6
    endloop
  endfacet
  facet normal -0.956943 0.290276 0
    outer loop
      vertex 36.8806 21.9134 11.5
      vertex 36.5961 20.9755 1.6
      vertex 36.5961 20.9755 11.5
    endloop
  endfacet
  facet normal -0.881915 0.471409 0
    outer loop
      vertex 36.8806 21.9134 1.6
      vertex 37.3427 22.7779 11.5
      vertex 37.3427 22.7779 1.6
    endloop
  endfacet
  facet normal -0.881915 0.471409 0
    outer loop
      vertex 37.3427 22.7779 11.5
      vertex 36.8806 21.9134 1.6
      vertex 36.8806 21.9134 11.5
    endloop
  endfacet
  facet normal -0.995183 -0.098039 0
    outer loop
      vertex 36.5961 19.0245 1.6
      vertex 36.5 20 11.5
      vertex 36.5 20 1.6
    endloop
  endfacet
  facet normal -0.995183 -0.098039 0
    outer loop
      vertex 36.5 20 11.5
      vertex 36.5961 19.0245 1.6
      vertex 36.5961 19.0245 11.5
    endloop
  endfacet
  facet normal 0.290327 -0.956927 0
    outer loop
      vertex 42.3974 15.4884 11.5
      vertex 43.2603 15.7502 12.1
      vertex 42.3974 15.4884 12.1
    endloop
  endfacet
  facet normal 0.290327 -0.956927 0
    outer loop
      vertex 43.2603 15.7502 12.1
      vertex 42.3974 15.4884 11.5
      vertex 43.2603 15.7502 11.5
    endloop
  endfacet
  facet normal 0.956927 0.290327 0
    outer loop
      vertex 46.0116 20.8974 12.1
      vertex 45.7498 21.7603 11.5
      vertex 45.7498 21.7603 12.1
    endloop
  endfacet
  facet normal 0.956927 0.290327 0
    outer loop
      vertex 45.7498 21.7603 11.5
      vertex 46.0116 20.8974 12.1
      vertex 46.0116 20.8974 11.5
    endloop
  endfacet
  facet normal 0.995183 0.0980323 0
    outer loop
      vertex 46.1 20 12.1
      vertex 46.0116 20.8974 11.5
      vertex 46.0116 20.8974 12.1
    endloop
  endfacet
  facet normal 0.995183 0.0980323 0
    outer loop
      vertex 46.0116 20.8974 11.5
      vertex 46.1 20 12.1
      vertex 46.1 20 11.5
    endloop
  endfacet
  facet normal 0.881966 0.471313 0
    outer loop
      vertex 45.7498 21.7603 12.1
      vertex 45.3248 22.5556 11.5
      vertex 45.3248 22.5556 12.1
    endloop
  endfacet
  facet normal 0.881966 0.471313 0
    outer loop
      vertex 45.3248 22.5556 11.5
      vertex 45.7498 21.7603 12.1
      vertex 45.7498 21.7603 11.5
    endloop
  endfacet
  facet normal 0.995183 -0.0980323 0
    outer loop
      vertex 46.0116 19.1026 12.1
      vertex 46.1 20 11.5
      vertex 46.1 20 12.1
    endloop
  endfacet
  facet normal 0.995183 -0.0980323 0
    outer loop
      vertex 46.1 20 11.5
      vertex 46.0116 19.1026 12.1
      vertex 46.0116 19.1026 11.5
    endloop
  endfacet
  facet normal -0.471313 -0.881966 0
    outer loop
      vertex 38.9444 16.1752 11.5
      vertex 39.7397 15.7502 12.1
      vertex 38.9444 16.1752 12.1
    endloop
  endfacet
  facet normal -0.471313 -0.881966 -0
    outer loop
      vertex 39.7397 15.7502 12.1
      vertex 38.9444 16.1752 11.5
      vertex 39.7397 15.7502 11.5
    endloop
  endfacet
  facet normal 0.634396 0.773008 -0
    outer loop
      vertex 44.7527 23.2527 11.5
      vertex 44.0556 23.8248 12.1
      vertex 44.7527 23.2527 12.1
    endloop
  endfacet
  facet normal 0.634396 0.773008 0
    outer loop
      vertex 44.0556 23.8248 12.1
      vertex 44.7527 23.2527 11.5
      vertex 44.0556 23.8248 11.5
    endloop
  endfacet
  facet normal -0.0980323 0.995183 0
    outer loop
      vertex 41.5 24.6 11.5
      vertex 40.6026 24.5116 12.1
      vertex 41.5 24.6 12.1
    endloop
  endfacet
  facet normal -0.0980323 0.995183 0
    outer loop
      vertex 40.6026 24.5116 12.1
      vertex 41.5 24.6 11.5
      vertex 40.6026 24.5116 11.5
    endloop
  endfacet
  facet normal -0.881966 -0.471313 0
    outer loop
      vertex 37.6752 17.4444 11.5
      vertex 37.2502 18.2397 12.1
      vertex 37.2502 18.2397 11.5
    endloop
  endfacet
  facet normal -0.881966 -0.471313 0
    outer loop
      vertex 37.2502 18.2397 12.1
      vertex 37.6752 17.4444 11.5
      vertex 37.6752 17.4444 12.1
    endloop
  endfacet
  facet normal 0.0980323 -0.995183 0
    outer loop
      vertex 41.5 15.4 11.5
      vertex 42.3974 15.4884 12.1
      vertex 41.5 15.4 12.1
    endloop
  endfacet
  facet normal 0.0980323 -0.995183 0
    outer loop
      vertex 42.3974 15.4884 12.1
      vertex 41.5 15.4 11.5
      vertex 42.3974 15.4884 11.5
    endloop
  endfacet
  facet normal 0.956927 -0.290327 0
    outer loop
      vertex 45.7498 18.2397 12.1
      vertex 46.0116 19.1026 11.5
      vertex 46.0116 19.1026 12.1
    endloop
  endfacet
  facet normal 0.956927 -0.290327 0
    outer loop
      vertex 46.0116 19.1026 11.5
      vertex 45.7498 18.2397 12.1
      vertex 45.7498 18.2397 11.5
    endloop
  endfacet
  facet normal 0.773008 -0.634396 0
    outer loop
      vertex 44.7527 16.7473 12.1
      vertex 45.3248 17.4444 11.5
      vertex 45.3248 17.4444 12.1
    endloop
  endfacet
  facet normal 0.773008 -0.634396 0
    outer loop
      vertex 45.3248 17.4444 11.5
      vertex 44.7527 16.7473 12.1
      vertex 44.7527 16.7473 11.5
    endloop
  endfacet
  facet normal 0.881966 -0.471313 0
    outer loop
      vertex 45.3248 17.4444 12.1
      vertex 45.7498 18.2397 11.5
      vertex 45.7498 18.2397 12.1
    endloop
  endfacet
  facet normal 0.881966 -0.471313 0
    outer loop
      vertex 45.7498 18.2397 11.5
      vertex 45.3248 17.4444 12.1
      vertex 45.3248 17.4444 11.5
    endloop
  endfacet
  facet normal 0.471313 -0.881966 0
    outer loop
      vertex 43.2603 15.7502 11.5
      vertex 44.0556 16.1752 12.1
      vertex 43.2603 15.7502 12.1
    endloop
  endfacet
  facet normal 0.471313 -0.881966 0
    outer loop
      vertex 44.0556 16.1752 12.1
      vertex 43.2603 15.7502 11.5
      vertex 44.0556 16.1752 11.5
    endloop
  endfacet
  facet normal -0.956927 -0.290327 0
    outer loop
      vertex 37.2502 18.2397 11.5
      vertex 36.9884 19.1026 12.1
      vertex 36.9884 19.1026 11.5
    endloop
  endfacet
  facet normal -0.956927 -0.290327 0
    outer loop
      vertex 36.9884 19.1026 12.1
      vertex 37.2502 18.2397 11.5
      vertex 37.2502 18.2397 12.1
    endloop
  endfacet
  facet normal -0.773008 0.634396 0
    outer loop
      vertex 37.6752 22.5556 11.5
      vertex 38.2473 23.2527 12.1
      vertex 38.2473 23.2527 11.5
    endloop
  endfacet
  facet normal -0.773008 0.634396 0
    outer loop
      vertex 38.2473 23.2527 12.1
      vertex 37.6752 22.5556 11.5
      vertex 37.6752 22.5556 12.1
    endloop
  endfacet
  facet normal 0.773008 0.634396 0
    outer loop
      vertex 45.3248 22.5556 12.1
      vertex 44.7527 23.2527 11.5
      vertex 44.7527 23.2527 12.1
    endloop
  endfacet
  facet normal 0.773008 0.634396 0
    outer loop
      vertex 44.7527 23.2527 11.5
      vertex 45.3248 22.5556 12.1
      vertex 45.3248 22.5556 11.5
    endloop
  endfacet
  facet normal -0.471313 0.881966 0
    outer loop
      vertex 39.7397 24.2498 11.5
      vertex 38.9444 23.8248 12.1
      vertex 39.7397 24.2498 12.1
    endloop
  endfacet
  facet normal -0.471313 0.881966 0
    outer loop
      vertex 38.9444 23.8248 12.1
      vertex 39.7397 24.2498 11.5
      vertex 38.9444 23.8248 11.5
    endloop
  endfacet
  facet normal -0.290327 0.956927 0
    outer loop
      vertex 40.6026 24.5116 11.5
      vertex 39.7397 24.2498 12.1
      vertex 40.6026 24.5116 12.1
    endloop
  endfacet
  facet normal -0.290327 0.956927 0
    outer loop
      vertex 39.7397 24.2498 12.1
      vertex 40.6026 24.5116 11.5
      vertex 39.7397 24.2498 11.5
    endloop
  endfacet
  facet normal -0.290327 -0.956927 0
    outer loop
      vertex 39.7397 15.7502 11.5
      vertex 40.6026 15.4884 12.1
      vertex 39.7397 15.7502 12.1
    endloop
  endfacet
  facet normal -0.290327 -0.956927 -0
    outer loop
      vertex 40.6026 15.4884 12.1
      vertex 39.7397 15.7502 11.5
      vertex 40.6026 15.4884 11.5
    endloop
  endfacet
  facet normal -0 0 1
    outer loop
      vertex 38.3 19.82 12.1
      vertex 41.32 16.8 12.1
      vertex 41.32 19.82 12.1
    endloop
  endfacet
  facet normal 0 0 1
    outer loop
      vertex 41.32 16.8 12.1
      vertex 39.7397 15.7502 12.1
      vertex 40.6026 15.4884 12.1
    endloop
  endfacet
  facet normal 0 0 1
    outer loop
      vertex 41.32 16.8 12.1
      vertex 38.9444 16.1752 12.1
      vertex 39.7397 15.7502 12.1
    endloop
  endfacet
  facet normal 0 0 1
    outer loop
      vertex 41.32 16.8 12.1
      vertex 38.3 19.82 12.1
      vertex 38.2473 16.7473 12.1
    endloop
  endfacet
  facet normal 0 0 1
    outer loop
      vertex 41.32 16.8 12.1
      vertex 38.2473 16.7473 12.1
      vertex 38.9444 16.1752 12.1
    endloop
  endfacet
  facet normal -0 0 1
    outer loop
      vertex 37.2502 21.7603 12.1
      vertex 38.3 20.18 12.1
      vertex 37.6752 22.5556 12.1
    endloop
  endfacet
  facet normal -0 0 1
    outer loop
      vertex 36.9884 20.8974 12.1
      vertex 38.3 20.18 12.1
      vertex 37.2502 21.7603 12.1
    endloop
  endfacet
  facet normal 0 0 1
    outer loop
      vertex 38.3 19.82 12.1
      vertex 37.6752 17.4444 12.1
      vertex 38.2473 16.7473 12.1
    endloop
  endfacet
  facet normal 0 0 1
    outer loop
      vertex 36.9 20 12.1
      vertex 38.3 20.18 12.1
      vertex 36.9884 20.8974 12.1
    endloop
  endfacet
  facet normal 0 0 1
    outer loop
      vertex 38.3 19.82 12.1
      vertex 37.2502 18.2397 12.1
      vertex 37.6752 17.4444 12.1
    endloop
  endfacet
  facet normal 0 0 1
    outer loop
      vertex 38.3 20.18 12.1
      vertex 36.9 20 12.1
      vertex 38.3 19.82 12.1
    endloop
  endfacet
  facet normal 0 0 1
    outer loop
      vertex 38.3 19.82 12.1
      vertex 36.9884 19.1026 12.1
      vertex 37.2502 18.2397 12.1
    endloop
  endfacet
  facet normal 0 0 1
    outer loop
      vertex 38.3 19.82 12.1
      vertex 36.9 20 12.1
      vertex 36.9884 19.1026 12.1
    endloop
  endfacet
  facet normal 0 0 1
    outer loop
      vertex 41.5 24.6 12.1
      vertex 41.68 23.2 12.1
      vertex 42.3974 24.5116 12.1
    endloop
  endfacet
  facet normal 0 0 1
    outer loop
      vertex 41.5 24.6 12.1
      vertex 41.32 23.2 12.1
      vertex 41.68 23.2 12.1
    endloop
  endfacet
  facet normal -0 0 1
    outer loop
      vertex 40.6026 24.5116 12.1
      vertex 41.32 23.2 12.1
      vertex 41.5 24.6 12.1
    endloop
  endfacet
  facet normal -0 0 1
    outer loop
      vertex 39.7397 24.2498 12.1
      vertex 41.32 23.2 12.1
      vertex 40.6026 24.5116 12.1
    endloop
  endfacet
  facet normal -0 0 1
    outer loop
      vertex 38.9444 23.8248 12.1
      vertex 41.32 23.2 12.1
      vertex 39.7397 24.2498 12.1
    endloop
  endfacet
  facet normal -0 0 1
    outer loop
      vertex 38.2473 23.2527 12.1
      vertex 41.32 23.2 12.1
      vertex 38.9444 23.8248 12.1
    endloop
  endfacet
  facet normal 0 -0 1
    outer loop
      vertex 38.3 20.18 12.1
      vertex 41.32 23.2 12.1
      vertex 38.2473 23.2527 12.1
    endloop
  endfacet
  facet normal -0 0 1
    outer loop
      vertex 37.6752 22.5556 12.1
      vertex 38.3 20.18 12.1
      vertex 38.2473 23.2527 12.1
    endloop
  endfacet
  facet normal 0 0 1
    outer loop
      vertex 41.32 23.2 12.1
      vertex 38.3 20.18 12.1
      vertex 41.32 20.18 12.1
    endloop
  endfacet
  facet normal -0 0 1
    outer loop
      vertex 44.7 20.18 12.1
      vertex 46.1 20 12.1
      vertex 46.0116 20.8974 12.1
    endloop
  endfacet
  facet normal 0 0 1
    outer loop
      vertex 44.7 20.18 12.1
      vertex 46.0116 20.8974 12.1
      vertex 45.7498 21.7603 12.1
    endloop
  endfacet
  facet normal 0 0 1
    outer loop
      vertex 44.7 19.82 12.1
      vertex 46.1 20 12.1
      vertex 44.7 20.18 12.1
    endloop
  endfacet
  facet normal 0 0 1
    outer loop
      vertex 44.7 20.18 12.1
      vertex 45.7498 21.7603 12.1
      vertex 45.3248 22.5556 12.1
    endloop
  endfacet
  facet normal 0 0 1
    outer loop
      vertex 46.1 20 12.1
      vertex 44.7 19.82 12.1
      vertex 46.0116 19.1026 12.1
    endloop
  endfacet
  facet normal 0 0 1
    outer loop
      vertex 44.7 20.18 12.1
      vertex 45.3248 22.5556 12.1
      vertex 44.7527 23.2527 12.1
    endloop
  endfacet
  facet normal 0 0 1
    outer loop
      vertex 46.0116 19.1026 12.1
      vertex 44.7 19.82 12.1
      vertex 45.7498 18.2397 12.1
    endloop
  endfacet
  facet normal 0 0 1
    outer loop
      vertex 45.7498 18.2397 12.1
      vertex 44.7 19.82 12.1
      vertex 45.3248 17.4444 12.1
    endloop
  endfacet
  facet normal 0 0 1
    outer loop
      vertex 41.68 23.2 12.1
      vertex 44.7527 23.2527 12.1
      vertex 44.0556 23.8248 12.1
    endloop
  endfacet
  facet normal 0 0 1
    outer loop
      vertex 41.68 23.2 12.1
      vertex 44.0556 23.8248 12.1
      vertex 43.2603 24.2498 12.1
    endloop
  endfacet
  facet normal 0 0 1
    outer loop
      vertex 41.68 23.2 12.1
      vertex 43.2603 24.2498 12.1
      vertex 42.3974 24.5116 12.1
    endloop
  endfacet
  facet normal 0 0 1
    outer loop
      vertex 44.7527 23.2527 12.1
      vertex 41.68 23.2 12.1
      vertex 44.7 20.18 12.1
    endloop
  endfacet
  facet normal 0 0 1
    outer loop
      vertex 44.7 20.18 12.1
      vertex 41.68 23.2 12.1
      vertex 41.68 20.18 12.1
    endloop
  endfacet
  facet normal 0 0 1
    outer loop
      vertex 45.3248 17.4444 12.1
      vertex 44.7 19.82 12.1
      vertex 44.7527 16.7473 12.1
    endloop
  endfacet
  facet normal -0 0 1
    outer loop
      vertex 41.68 16.8 12.1
      vertex 44.7527 16.7473 12.1
      vertex 44.7 19.82 12.1
    endloop
  endfacet
  facet normal 0 0 1
    outer loop
      vertex 44.7527 16.7473 12.1
      vertex 41.68 16.8 12.1
      vertex 44.0556 16.1752 12.1
    endloop
  endfacet
  facet normal 0 0 1
    outer loop
      vertex 44.0556 16.1752 12.1
      vertex 41.68 16.8 12.1
      vertex 43.2603 15.7502 12.1
    endloop
  endfacet
  facet normal 0 0 1
    outer loop
      vertex 41.68 16.8 12.1
      vertex 44.7 19.82 12.1
      vertex 41.68 19.82 12.1
    endloop
  endfacet
  facet normal 0 0 1
    outer loop
      vertex 43.2603 15.7502 12.1
      vertex 41.68 16.8 12.1
      vertex 42.3974 15.4884 12.1
    endloop
  endfacet
  facet normal 0 0 1
    outer loop
      vertex 41.68 16.8 12.1
      vertex 41.5 15.4 12.1
      vertex 42.3974 15.4884 12.1
    endloop
  endfacet
  facet normal -0 0 1
    outer loop
      vertex 41.32 16.8 12.1
      vertex 41.5 15.4 12.1
      vertex 41.68 16.8 12.1
    endloop
  endfacet
  facet normal 0 0 1
    outer loop
      vertex 41.5 15.4 12.1
      vertex 41.32 16.8 12.1
      vertex 40.6026 15.4884 12.1
    endloop
  endfacet
  facet normal -0.634396 0.773008 0
    outer loop
      vertex 38.9444 23.8248 11.5
      vertex 38.2473 23.2527 12.1
      vertex 38.9444 23.8248 12.1
    endloop
  endfacet
  facet normal -0.634396 0.773008 0
    outer loop
      vertex 38.2473 23.2527 12.1
      vertex 38.9444 23.8248 11.5
      vertex 38.2473 23.2527 11.5
    endloop
  endfacet
  facet normal 0.290327 0.956927 -0
    outer loop
      vertex 43.2603 24.2498 11.5
      vertex 42.3974 24.5116 12.1
      vertex 43.2603 24.2498 12.1
    endloop
  endfacet
  facet normal 0.290327 0.956927 0
    outer loop
      vertex 42.3974 24.5116 12.1
      vertex 43.2603 24.2498 11.5
      vertex 42.3974 24.5116 11.5
    endloop
  endfacet
  facet normal 0.634396 -0.773008 0
    outer loop
      vertex 44.0556 16.1752 11.5
      vertex 44.7527 16.7473 12.1
      vertex 44.0556 16.1752 12.1
    endloop
  endfacet
  facet normal 0.634396 -0.773008 0
    outer loop
      vertex 44.7527 16.7473 12.1
      vertex 44.0556 16.1752 11.5
      vertex 44.7527 16.7473 11.5
    endloop
  endfacet
  facet normal -0.995183 0.0980323 0
    outer loop
      vertex 36.9 20 11.5
      vertex 36.9884 20.8974 12.1
      vertex 36.9884 20.8974 11.5
    endloop
  endfacet
  facet normal -0.995183 0.0980323 0
    outer loop
      vertex 36.9884 20.8974 12.1
      vertex 36.9 20 11.5
      vertex 36.9 20 12.1
    endloop
  endfacet
  facet normal 0.0980323 0.995183 -0
    outer loop
      vertex 42.3974 24.5116 11.5
      vertex 41.5 24.6 12.1
      vertex 42.3974 24.5116 12.1
    endloop
  endfacet
  facet normal 0.0980323 0.995183 0
    outer loop
      vertex 41.5 24.6 12.1
      vertex 42.3974 24.5116 11.5
      vertex 41.5 24.6 11.5
    endloop
  endfacet
  facet normal 0.471313 0.881966 -0
    outer loop
      vertex 44.0556 23.8248 11.5
      vertex 43.2603 24.2498 12.1
      vertex 44.0556 23.8248 12.1
    endloop
  endfacet
  facet normal 0.471313 0.881966 0
    outer loop
      vertex 43.2603 24.2498 12.1
      vertex 44.0556 23.8248 11.5
      vertex 43.2603 24.2498 11.5
    endloop
  endfacet
  facet normal -0.773008 -0.634396 0
    outer loop
      vertex 38.2473 16.7473 11.5
      vertex 37.6752 17.4444 12.1
      vertex 37.6752 17.4444 11.5
    endloop
  endfacet
  facet normal -0.773008 -0.634396 0
    outer loop
      vertex 37.6752 17.4444 12.1
      vertex 38.2473 16.7473 11.5
      vertex 38.2473 16.7473 12.1
    endloop
  endfacet
  facet normal -0.0980323 -0.995183 0
    outer loop
      vertex 40.6026 15.4884 11.5
      vertex 41.5 15.4 12.1
      vertex 40.6026 15.4884 12.1
    endloop
  endfacet
  facet normal -0.0980323 -0.995183 -0
    outer loop
      vertex 41.5 15.4 12.1
      vertex 40.6026 15.4884 11.5
      vertex 41.5 15.4 11.5
    endloop
  endfacet
  facet normal -0.634396 -0.773008 0
    outer loop
      vertex 38.2473 16.7473 11.5
      vertex 38.9444 16.1752 12.1
      vertex 38.2473 16.7473 12.1
    endloop
  endfacet
  facet normal -0.634396 -0.773008 -0
    outer loop
      vertex 38.9444 16.1752 12.1
      vertex 38.2473 16.7473 11.5
      vertex 38.9444 16.1752 11.5
    endloop
  endfacet
  facet normal -0.956927 0.290327 0
    outer loop
      vertex 36.9884 20.8974 11.5
      vertex 37.2502 21.7603 12.1
      vertex 37.2502 21.7603 11.5
    endloop
  endfacet
  facet normal -0.956927 0.290327 0
    outer loop
      vertex 37.2502 21.7603 12.1
      vertex 36.9884 20.8974 11.5
      vertex 36.9884 20.8974 12.1
    endloop
  endfacet
  facet normal -0.881966 0.471313 0
    outer loop
      vertex 37.2502 21.7603 11.5
      vertex 37.6752 22.5556 12.1
      vertex 37.6752 22.5556 11.5
    endloop
  endfacet
  facet normal -0.881966 0.471313 0
    outer loop
      vertex 37.6752 22.5556 12.1
      vertex 37.2502 21.7603 11.5
      vertex 37.2502 21.7603 12.1
    endloop
  endfacet
  facet normal -0.995183 -0.0980323 0
    outer loop
      vertex 36.9884 19.1026 11.5
      vertex 36.9 20 12.1
      vertex 36.9 20 11.5
    endloop
  endfacet
  facet normal -0.995183 -0.0980323 0
    outer loop
      vertex 36.9 20 12.1
      vertex 36.9884 19.1026 11.5
      vertex 36.9884 19.1026 12.1
    endloop
  endfacet
  facet normal 1 -0 0
    outer loop
      vertex 26.95 17.95 0
      vertex 26.95 18.45 -1
      vertex 26.95 18.45 0
    endloop
  endfacet
  facet normal 1 0 0
    outer loop
      vertex 26.95 18.45 -1
      vertex 26.95 17.95 0
      vertex 26.95 17.95 -1
    endloop
  endfacet
  facet normal 0 0 -1
    outer loop
      vertex 26.45 17.95 -1
      vertex 26.95 18.45 -1
      vertex 26.95 17.95 -1
    endloop
  endfacet
  facet normal -0 0 -1
    outer loop
      vertex 26.95 18.45 -1
      vertex 26.45 17.95 -1
      vertex 26.45 18.45 -1
    endloop
  endfacet
  facet normal -1 0 0
    outer loop
      vertex 26.45 17.95 -1
      vertex 26.45 18.45 0
      vertex 26.45 18.45 -1
    endloop
  endfacet
  facet normal -1 -0 0
    outer loop
      vertex 26.45 18.45 0
      vertex 26.45 17.95 -1
      vertex 26.45 17.95 0
    endloop
  endfacet
  facet normal 0 1 -0
    outer loop
      vertex 26.95 18.45 -1
      vertex 26.45 18.45 0
      vertex 26.95 18.45 0
    endloop
  endfacet
  facet normal 0 1 0
    outer loop
      vertex 26.45 18.45 0
      vertex 26.95 18.45 -1
      vertex 26.45 18.45 -1
    endloop
  endfacet
  facet normal 0 -1 0
    outer loop
      vertex 26.45 17.95 -1
      vertex 26.95 17.95 0
      vertex 26.45 17.95 0
    endloop
  endfacet
  facet normal 0 -1 -0
    outer loop
      vertex 26.95 17.95 0
      vertex 26.45 17.95 -1
      vertex 26.95 17.95 -1
    endloop
  endfacet
  facet normal 1 -0 0
    outer loop
      vertex 26.95 22.95 0
      vertex 26.95 23.45 -1
      vertex 26.95 23.45 0
    endloop
  endfacet
  facet normal 1 0 0
    outer loop
      vertex 26.95 23.45 -1
      vertex 26.95 22.95 0
      vertex 26.95 22.95 -1
    endloop
  endfacet
  facet normal 0 0 -1
    outer loop
      vertex 26.45 22.95 -1
      vertex 26.95 23.45 -1
      vertex 26.95 22.95 -1
    endloop
  endfacet
  facet normal -0 0 -1
    outer loop
      vertex 26.95 23.45 -1
      vertex 26.45 22.95 -1
      vertex 26.45 23.45 -1
    endloop
  endfacet
  facet normal -1 0 0
    outer loop
      vertex 26.45 22.95 -1
      vertex 26.45 23.45 0
      vertex 26.45 23.45 -1
    endloop
  endfacet
  facet normal -1 -0 0
    outer loop
      vertex 26.45 23.45 0
      vertex 26.45 22.95 -1
      vertex 26.45 22.95 0
    endloop
  endfacet
  facet normal 0 1 -0
    outer loop
      vertex 26.95 23.45 -1
      vertex 26.45 23.45 0
      vertex 26.95 23.45 0
    endloop
  endfacet
  facet normal 0 1 0
    outer loop
      vertex 26.45 23.45 0
      vertex 26.95 23.45 -1
      vertex 26.45 23.45 -1
    endloop
  endfacet
  facet normal 0 -1 0
    outer loop
      vertex 26.45 22.95 -1
      vertex 26.95 22.95 0
      vertex 26.45 22.95 0
    endloop
  endfacet
  facet normal 0 -1 -0
    outer loop
      vertex 26.95 22.95 0
      vertex 26.45 22.95 -1
      vertex 26.95 22.95 -1
    endloop
  endfacet
  facet normal 1 -0 0
    outer loop
      vertex 29.1 15.95 11.4
      vertex 29.1 25.45 1.6
      vertex 29.1 25.45 11.4
    endloop
  endfacet
  facet normal 1 0 0
    outer loop
      vertex 29.1 25.45 1.6
      vertex 29.1 15.95 11.4
      vertex 29.1 15.95 1.6
    endloop
  endfacet
  facet normal 0 0 1
    outer loop
      vertex 29.1 25.45 11.4
      vertex 28.3 20.7 11.4
      vertex 29.1 15.95 11.4
    endloop
  endfacet
  facet normal 0 0 1
    outer loop
      vertex 29.1 25.45 11.4
      vertex 28.2217 21.1944 11.4
      vertex 28.3 20.7 11.4
    endloop
  endfacet
  facet normal 0 0 1
    outer loop
      vertex 29.1 25.45 11.4
      vertex 27.9944 21.6405 11.4
      vertex 28.2217 21.1944 11.4
    endloop
  endfacet
  facet normal 0 0 1
    outer loop
      vertex 29.1 25.45 11.4
      vertex 27.6405 21.9944 11.4
      vertex 27.9944 21.6405 11.4
    endloop
  endfacet
  facet normal 0 0 1
    outer loop
      vertex 29.1 25.45 11.4
      vertex 27.1944 22.2217 11.4
      vertex 27.6405 21.9944 11.4
    endloop
  endfacet
  facet normal 0 0 1
    outer loop
      vertex 29.1 25.45 11.4
      vertex 26.7 22.3 11.4
      vertex 27.1944 22.2217 11.4
    endloop
  endfacet
  facet normal -0 0 1
    outer loop
      vertex 24.3 25.45 11.4
      vertex 26.7 22.3 11.4
      vertex 29.1 25.45 11.4
    endloop
  endfacet
  facet normal 0 0 1
    outer loop
      vertex 26.7 22.3 11.4
      vertex 24.3 25.45 11.4
      vertex 26.2056 22.2217 11.4
    endloop
  endfacet
  facet normal 0 0 1
    outer loop
      vertex 26.2056 22.2217 11.4
      vertex 24.3 25.45 11.4
      vertex 25.7595 21.9944 11.4
    endloop
  endfacet
  facet normal 0 0 1
    outer loop
      vertex 25.1783 21.1944 11.4
      vertex 24.3 25.45 11.4
      vertex 25.1 20.7 11.4
    endloop
  endfacet
  facet normal 0 0 1
    outer loop
      vertex 25.4056 21.6405 11.4
      vertex 24.3 25.45 11.4
      vertex 25.1783 21.1944 11.4
    endloop
  endfacet
  facet normal 0 0 1
    outer loop
      vertex 25.7595 21.9944 11.4
      vertex 24.3 25.45 11.4
      vertex 25.4056 21.6405 11.4
    endloop
  endfacet
  facet normal -0 0 1
    outer loop
      vertex 28.2217 20.2056 11.4
      vertex 29.1 15.95 11.4
      vertex 28.3 20.7 11.4
    endloop
  endfacet
  facet normal -0 0 1
    outer loop
      vertex 27.9944 19.7595 11.4
      vertex 29.1 15.95 11.4
      vertex 28.2217 20.2056 11.4
    endloop
  endfacet
  facet normal -0 0 1
    outer loop
      vertex 27.6405 19.4056 11.4
      vertex 29.1 15.95 11.4
      vertex 27.9944 19.7595 11.4
    endloop
  endfacet
  facet normal -0 0 1
    outer loop
      vertex 27.1944 19.1783 11.4
      vertex 29.1 15.95 11.4
      vertex 27.6405 19.4056 11.4
    endloop
  endfacet
  facet normal -0 0 1
    outer loop
      vertex 26.7 19.1 11.4
      vertex 29.1 15.95 11.4
      vertex 27.1944 19.1783 11.4
    endloop
  endfacet
  facet normal 0 0 1
    outer loop
      vertex 24.3 15.95 11.4
      vertex 26.7 19.1 11.4
      vertex 26.2056 19.1783 11.4
    endloop
  endfacet
  facet normal 0 0 1
    outer loop
      vertex 24.3 15.95 11.4
      vertex 26.2056 19.1783 11.4
      vertex 25.7595 19.4056 11.4
    endloop
  endfacet
  facet normal 0 0 1
    outer loop
      vertex 24.3 15.95 11.4
      vertex 25.7595 19.4056 11.4
      vertex 25.4056 19.7595 11.4
    endloop
  endfacet
  facet normal 0 0 1
    outer loop
      vertex 24.3 15.95 11.4
      vertex 25.1 20.7 11.4
      vertex 24.3 25.45 11.4
    endloop
  endfacet
  facet normal 0 0 1
    outer loop
      vertex 26.7 19.1 11.4
      vertex 24.3 15.95 11.4
      vertex 29.1 15.95 11.4
    endloop
  endfacet
  facet normal 0 0 1
    outer loop
      vertex 25.1783 20.2056 11.4
      vertex 24.3 15.95 11.4
      vertex 25.4056 19.7595 11.4
    endloop
  endfacet
  facet normal 0 0 1
    outer loop
      vertex 25.1 20.7 11.4
      vertex 24.3 15.95 11.4
      vertex 25.1783 20.2056 11.4
    endloop
  endfacet
  facet normal -1 0 0
    outer loop
      vertex 24.3 15.95 1.6
      vertex 24.3 25.45 11.4
      vertex 24.3 25.45 1.6
    endloop
  endfacet
  facet normal -1 -0 0
    outer loop
      vertex 24.3 25.45 11.4
      vertex 24.3 15.95 1.6
      vertex 24.3 15.95 11.4
    endloop
  endfacet
  facet normal 0 1 -0
    outer loop
      vertex 29.1 25.45 1.6
      vertex 24.3 25.45 11.4
      vertex 29.1 25.45 11.4
    endloop
  endfacet
  facet normal 0 1 0
    outer loop
      vertex 24.3 25.45 11.4
      vertex 29.1 25.45 1.6
      vertex 24.3 25.45 1.6
    endloop
  endfacet
  facet normal 0 -1 0
    outer loop
      vertex 24.3 15.95 1.6
      vertex 29.1 15.95 11.4
      vertex 24.3 15.95 11.4
    endloop
  endfacet
  facet normal 0 -1 -0
    outer loop
      vertex 29.1 15.95 11.4
      vertex 24.3 15.95 1.6
      vertex 29.1 15.95 1.6
    endloop
  endfacet
  facet normal 0.453992 0.891006 -0
    outer loop
      vertex 27.6405 21.9944 11.4
      vertex 27.1944 22.2217 12.5
      vertex 27.6405 21.9944 12.5
    endloop
  endfacet
  facet normal 0.453992 0.891006 0
    outer loop
      vertex 27.1944 22.2217 12.5
      vertex 27.6405 21.9944 11.4
      vertex 27.1944 22.2217 11.4
    endloop
  endfacet
  facet normal 0.891006 0.453992 0
    outer loop
      vertex 28.2217 21.1944 12.5
      vertex 27.9944 21.6405 11.4
      vertex 27.9944 21.6405 12.5
    endloop
  endfacet
  facet normal 0.891006 0.453992 0
    outer loop
      vertex 27.9944 21.6405 11.4
      vertex 28.2217 21.1944 12.5
      vertex 28.2217 21.1944 11.4
    endloop
  endfacet
  facet normal 0.98769 0.156424 0
    outer loop
      vertex 28.3 20.7 12.5
      vertex 28.2217 21.1944 11.4
      vertex 28.2217 21.1944 12.5
    endloop
  endfacet
  facet normal 0.98769 0.156424 0
    outer loop
      vertex 28.2217 21.1944 11.4
      vertex 28.3 20.7 12.5
      vertex 28.3 20.7 11.4
    endloop
  endfacet
  facet normal 0.707107 0.707107 0
    outer loop
      vertex 27.9944 21.6405 12.5
      vertex 27.6405 21.9944 11.4
      vertex 27.6405 21.9944 12.5
    endloop
  endfacet
  facet normal 0.707107 0.707107 0
    outer loop
      vertex 27.6405 21.9944 11.4
      vertex 27.9944 21.6405 12.5
      vertex 27.9944 21.6405 11.4
    endloop
  endfacet
  facet normal -0.98769 0.156424 0
    outer loop
      vertex 25.1 20.7 11.4
      vertex 25.1783 21.1944 12.5
      vertex 25.1783 21.1944 11.4
    endloop
  endfacet
  facet normal -0.98769 0.156424 0
    outer loop
      vertex 25.1783 21.1944 12.5
      vertex 25.1 20.7 11.4
      vertex 25.1 20.7 12.5
    endloop
  endfacet
  facet normal -0.707107 0.707107 0
    outer loop
      vertex 25.7595 21.9944 11.4
      vertex 25.4056 21.6405 12.5
      vertex 25.7595 21.9944 12.5
    endloop
  endfacet
  facet normal -0.707107 0.707107 0
    outer loop
      vertex 25.4056 21.6405 12.5
      vertex 25.7595 21.9944 11.4
      vertex 25.4056 21.6405 11.4
    endloop
  endfacet
  facet normal -0.156424 0.98769 0
    outer loop
      vertex 26.7 22.3 11.4
      vertex 26.2056 22.2217 12.5
      vertex 26.7 22.3 12.5
    endloop
  endfacet
  facet normal -0.156424 0.98769 0
    outer loop
      vertex 26.2056 22.2217 12.5
      vertex 26.7 22.3 11.4
      vertex 26.2056 22.2217 11.4
    endloop
  endfacet
  facet normal -0 0 1
    outer loop
      vertex 27.85 20.85 12.5
      vertex 28.3 20.7 12.5
      vertex 28.2217 21.1944 12.5
    endloop
  endfacet
  facet normal 0 0 1
    outer loop
      vertex 27.85 20.85 12.5
      vertex 28.2217 21.1944 12.5
      vertex 27.9944 21.6405 12.5
    endloop
  endfacet
  facet normal 0 0 1
    outer loop
      vertex 27.85 20.55 12.5
      vertex 28.3 20.7 12.5
      vertex 27.85 20.85 12.5
    endloop
  endfacet
  facet normal 0 0 1
    outer loop
      vertex 28.3 20.7 12.5
      vertex 27.85 20.55 12.5
      vertex 28.2217 20.2056 12.5
    endloop
  endfacet
  facet normal 0 0 1
    outer loop
      vertex 27.6405 21.9944 12.5
      vertex 27.85 20.85 12.5
      vertex 27.9944 21.6405 12.5
    endloop
  endfacet
  facet normal 0 0 1
    outer loop
      vertex 27.1944 22.2217 12.5
      vertex 27.85 20.85 12.5
      vertex 27.6405 21.9944 12.5
    endloop
  endfacet
  facet normal 0 0 1
    outer loop
      vertex 26.7 22.3 12.5
      vertex 27.85 20.85 12.5
      vertex 27.1944 22.2217 12.5
    endloop
  endfacet
  facet normal 0 0 1
    outer loop
      vertex 25.55 20.85 12.5
      vertex 26.7 22.3 12.5
      vertex 26.2056 22.2217 12.5
    endloop
  endfacet
  facet normal 0 0 1
    outer loop
      vertex 25.55 20.85 12.5
      vertex 26.2056 22.2217 12.5
      vertex 25.7595 21.9944 12.5
    endloop
  endfacet
  facet normal 0 0 1
    outer loop
      vertex 26.7 22.3 12.5
      vertex 25.55 20.85 12.5
      vertex 27.85 20.85 12.5
    endloop
  endfacet
  facet normal -0 0 1
    outer loop
      vertex 25.1783 21.1944 12.5
      vertex 25.55 20.85 12.5
      vertex 25.4056 21.6405 12.5
    endloop
  endfacet
  facet normal -0 0 1
    outer loop
      vertex 25.4056 21.6405 12.5
      vertex 25.55 20.85 12.5
      vertex 25.7595 21.9944 12.5
    endloop
  endfacet
  facet normal 0 0 1
    outer loop
      vertex 28.2217 20.2056 12.5
      vertex 27.85 20.55 12.5
      vertex 27.9944 19.7595 12.5
    endloop
  endfacet
  facet normal 0 0 1
    outer loop
      vertex 27.85 20.55 12.5
      vertex 27.6405 19.4056 12.5
      vertex 27.9944 19.7595 12.5
    endloop
  endfacet
  facet normal 0 0 1
    outer loop
      vertex 27.85 20.55 12.5
      vertex 27.1944 19.1783 12.5
      vertex 27.6405 19.4056 12.5
    endloop
  endfacet
  facet normal 0 0 1
    outer loop
      vertex 27.85 20.55 12.5
      vertex 26.7 19.1 12.5
      vertex 27.1944 19.1783 12.5
    endloop
  endfacet
  facet normal -0 0 1
    outer loop
      vertex 25.55 20.55 12.5
      vertex 26.7 19.1 12.5
      vertex 27.85 20.55 12.5
    endloop
  endfacet
  facet normal 0 0 1
    outer loop
      vertex 26.7 19.1 12.5
      vertex 25.55 20.55 12.5
      vertex 26.2056 19.1783 12.5
    endloop
  endfacet
  facet normal 0 0 1
    outer loop
      vertex 26.2056 19.1783 12.5
      vertex 25.55 20.55 12.5
      vertex 25.7595 19.4056 12.5
    endloop
  endfacet
  facet normal 0 0 1
    outer loop
      vertex 25.55 20.55 12.5
      vertex 25.4056 19.7595 12.5
      vertex 25.7595 19.4056 12.5
    endloop
  endfacet
  facet normal 0 0 1
    outer loop
      vertex 25.1 20.7 12.5
      vertex 25.55 20.85 12.5
      vertex 25.1783 21.1944 12.5
    endloop
  endfacet
  facet normal 0 0 1
    outer loop
      vertex 25.55 20.85 12.5
      vertex 25.1 20.7 12.5
      vertex 25.55 20.55 12.5
    endloop
  endfacet
  facet normal 0 0 1
    outer loop
      vertex 25.55 20.55 12.5
      vertex 25.1783 20.2056 12.5
      vertex 25.4056 19.7595 12.5
    endloop
  endfacet
  facet normal 0 0 1
    outer loop
      vertex 25.55 20.55 12.5
      vertex 25.1 20.7 12.5
      vertex 25.1783 20.2056 12.5
    endloop
  endfacet
  facet normal 0.156424 0.98769 -0
    outer loop
      vertex 27.1944 22.2217 11.4
      vertex 26.7 22.3 12.5
      vertex 27.1944 22.2217 12.5
    endloop
  endfacet
  facet normal 0.156424 0.98769 0
    outer loop
      vertex 26.7 22.3 12.5
      vertex 27.1944 22.2217 11.4
      vertex 26.7 22.3 11.4
    endloop
  endfacet
  facet normal 0.98769 -0.156424 0
    outer loop
      vertex 28.2217 20.2056 12.5
      vertex 28.3 20.7 11.4
      vertex 28.3 20.7 12.5
    endloop
  endfacet
  facet normal 0.98769 -0.156424 0
    outer loop
      vertex 28.3 20.7 11.4
      vertex 28.2217 20.2056 12.5
      vertex 28.2217 20.2056 11.4
    endloop
  endfacet
  facet normal 0.156424 -0.98769 0
    outer loop
      vertex 26.7 19.1 11.4
      vertex 27.1944 19.1783 12.5
      vertex 26.7 19.1 12.5
    endloop
  endfacet
  facet normal 0.156424 -0.98769 0
    outer loop
      vertex 27.1944 19.1783 12.5
      vertex 26.7 19.1 11.4
      vertex 27.1944 19.1783 11.4
    endloop
  endfacet
  facet normal -0.891006 -0.453992 0
    outer loop
      vertex 25.4056 19.7595 11.4
      vertex 25.1783 20.2056 12.5
      vertex 25.1783 20.2056 11.4
    endloop
  endfacet
  facet normal -0.891006 -0.453992 0
    outer loop
      vertex 25.1783 20.2056 12.5
      vertex 25.4056 19.7595 11.4
      vertex 25.4056 19.7595 12.5
    endloop
  endfacet
  facet normal 0.891006 -0.453992 0
    outer loop
      vertex 27.9944 19.7595 12.5
      vertex 28.2217 20.2056 11.4
      vertex 28.2217 20.2056 12.5
    endloop
  endfacet
  facet normal 0.891006 -0.453992 0
    outer loop
      vertex 28.2217 20.2056 11.4
      vertex 27.9944 19.7595 12.5
      vertex 27.9944 19.7595 11.4
    endloop
  endfacet
  facet normal -0.891006 0.453992 0
    outer loop
      vertex 25.1783 21.1944 11.4
      vertex 25.4056 21.6405 12.5
      vertex 25.4056 21.6405 11.4
    endloop
  endfacet
  facet normal -0.891006 0.453992 0
    outer loop
      vertex 25.4056 21.6405 12.5
      vertex 25.1783 21.1944 11.4
      vertex 25.1783 21.1944 12.5
    endloop
  endfacet
  facet normal 0.453992 -0.891006 0
    outer loop
      vertex 27.1944 19.1783 11.4
      vertex 27.6405 19.4056 12.5
      vertex 27.1944 19.1783 12.5
    endloop
  endfacet
  facet normal 0.453992 -0.891006 0
    outer loop
      vertex 27.6405 19.4056 12.5
      vertex 27.1944 19.1783 11.4
      vertex 27.6405 19.4056 11.4
    endloop
  endfacet
  facet normal -0.453992 0.891006 0
    outer loop
      vertex 26.2056 22.2217 11.4
      vertex 25.7595 21.9944 12.5
      vertex 26.2056 22.2217 12.5
    endloop
  endfacet
  facet normal -0.453992 0.891006 0
    outer loop
      vertex 25.7595 21.9944 12.5
      vertex 26.2056 22.2217 11.4
      vertex 25.7595 21.9944 11.4
    endloop
  endfacet
  facet normal -0.98769 -0.156424 0
    outer loop
      vertex 25.1783 20.2056 11.4
      vertex 25.1 20.7 12.5
      vertex 25.1 20.7 11.4
    endloop
  endfacet
  facet normal -0.98769 -0.156424 0
    outer loop
      vertex 25.1 20.7 12.5
      vertex 25.1783 20.2056 11.4
      vertex 25.1783 20.2056 12.5
    endloop
  endfacet
  facet normal 0.707107 -0.707107 0
    outer loop
      vertex 27.6405 19.4056 12.5
      vertex 27.9944 19.7595 11.4
      vertex 27.9944 19.7595 12.5
    endloop
  endfacet
  facet normal 0.707107 -0.707107 0
    outer loop
      vertex 27.9944 19.7595 11.4
      vertex 27.6405 19.4056 12.5
      vertex 27.6405 19.4056 11.4
    endloop
  endfacet
  facet normal -0.707107 -0.707107 0
    outer loop
      vertex 25.7595 19.4056 11.4
      vertex 25.4056 19.7595 12.5
      vertex 25.4056 19.7595 11.4
    endloop
  endfacet
  facet normal -0.707107 -0.707107 0
    outer loop
      vertex 25.4056 19.7595 12.5
      vertex 25.7595 19.4056 11.4
      vertex 25.7595 19.4056 12.5
    endloop
  endfacet
  facet normal -0.453992 -0.891006 0
    outer loop
      vertex 25.7595 19.4056 11.4
      vertex 26.2056 19.1783 12.5
      vertex 25.7595 19.4056 12.5
    endloop
  endfacet
  facet normal -0.453992 -0.891006 -0
    outer loop
      vertex 26.2056 19.1783 12.5
      vertex 25.7595 19.4056 11.4
      vertex 26.2056 19.1783 11.4
    endloop
  endfacet
  facet normal -0.156424 -0.98769 0
    outer loop
      vertex 26.2056 19.1783 11.4
      vertex 26.7 19.1 12.5
      vertex 26.2056 19.1783 12.5
    endloop
  endfacet
  facet normal -0.156424 -0.98769 -0
    outer loop
      vertex 26.7 19.1 12.5
      vertex 26.2056 19.1783 11.4
      vertex 26.7 19.1 11.4
    endloop
  endfacet
  facet normal 1 -0 0
    outer loop
      vertex 27.85 20.55 12.6
      vertex 27.85 20.85 12.5
      vertex 27.85 20.85 12.6
    endloop
  endfacet
  facet normal 1 0 0
    outer loop
      vertex 27.85 20.85 12.5
      vertex 27.85 20.55 12.6
      vertex 27.85 20.55 12.5
    endloop
  endfacet
  facet normal -0 0 1
    outer loop
      vertex 25.55 20.85 12.6
      vertex 27.85 20.55 12.6
      vertex 27.85 20.85 12.6
    endloop
  endfacet
  facet normal 0 0 1
    outer loop
      vertex 27.85 20.55 12.6
      vertex 25.55 20.85 12.6
      vertex 25.55 20.55 12.6
    endloop
  endfacet
  facet normal -1 0 0
    outer loop
      vertex 25.55 20.55 12.5
      vertex 25.55 20.85 12.6
      vertex 25.55 20.85 12.5
    endloop
  endfacet
  facet normal -1 -0 0
    outer loop
      vertex 25.55 20.85 12.6
      vertex 25.55 20.55 12.5
      vertex 25.55 20.55 12.6
    endloop
  endfacet
  facet normal 0 1 -0
    outer loop
      vertex 27.85 20.85 12.5
      vertex 25.55 20.85 12.6
      vertex 27.85 20.85 12.6
    endloop
  endfacet
  facet normal 0 1 0
    outer loop
      vertex 25.55 20.85 12.6
      vertex 27.85 20.85 12.5
      vertex 25.55 20.85 12.5
    endloop
  endfacet
  facet normal 0 -1 0
    outer loop
      vertex 25.55 20.55 12.5
      vertex 27.85 20.55 12.6
      vertex 25.55 20.55 12.6
    endloop
  endfacet
  facet normal 0 -1 -0
    outer loop
      vertex 27.85 20.55 12.6
      vertex 25.55 20.55 12.5
      vertex 27.85 20.55 12.5
    endloop
  endfacet
  facet normal 1 -0 0
    outer loop
      vertex 32.55 17.95 0
      vertex 32.55 18.45 -1
      vertex 32.55 18.45 0
    endloop
  endfacet
  facet normal 1 0 0
    outer loop
      vertex 32.55 18.45 -1
      vertex 32.55 17.95 0
      vertex 32.55 17.95 -1
    endloop
  endfacet
  facet normal 0 0 -1
    outer loop
      vertex 32.05 17.95 -1
      vertex 32.55 18.45 -1
      vertex 32.55 17.95 -1
    endloop
  endfacet
  facet normal -0 0 -1
    outer loop
      vertex 32.55 18.45 -1
      vertex 32.05 17.95 -1
      vertex 32.05 18.45 -1
    endloop
  endfacet
  facet normal -1 0 0
    outer loop
      vertex 32.05 17.95 -1
      vertex 32.05 18.45 0
      vertex 32.05 18.45 -1
    endloop
  endfacet
  facet normal -1 -0 0
    outer loop
      vertex 32.05 18.45 0
      vertex 32.05 17.95 -1
      vertex 32.05 17.95 0
    endloop
  endfacet
  facet normal 0 1 -0
    outer loop
      vertex 32.55 18.45 -1
      vertex 32.05 18.45 0
      vertex 32.55 18.45 0
    endloop
  endfacet
  facet normal 0 1 0
    outer loop
      vertex 32.05 18.45 0
      vertex 32.55 18.45 -1
      vertex 32.05 18.45 -1
    endloop
  endfacet
  facet normal 0 -1 0
    outer loop
      vertex 32.05 17.95 -1
      vertex 32.55 17.95 0
      vertex 32.05 17.95 0
    endloop
  endfacet
  facet normal 0 -1 -0
    outer loop
      vertex 32.55 17.95 0
      vertex 32.05 17.95 -1
      vertex 32.55 17.95 -1
    endloop
  endfacet
  facet normal 1 -0 0
    outer loop
      vertex 32.55 22.95 0
      vertex 32.55 23.45 -1
      vertex 32.55 23.45 0
    endloop
  endfacet
  facet normal 1 0 0
    outer loop
      vertex 32.55 23.45 -1
      vertex 32.55 22.95 0
      vertex 32.55 22.95 -1
    endloop
  endfacet
  facet normal 0 0 -1
    outer loop
      vertex 32.05 22.95 -1
      vertex 32.55 23.45 -1
      vertex 32.55 22.95 -1
    endloop
  endfacet
  facet normal -0 0 -1
    outer loop
      vertex 32.55 23.45 -1
      vertex 32.05 22.95 -1
      vertex 32.05 23.45 -1
    endloop
  endfacet
  facet normal -1 0 0
    outer loop
      vertex 32.05 22.95 -1
      vertex 32.05 23.45 0
      vertex 32.05 23.45 -1
    endloop
  endfacet
  facet normal -1 -0 0
    outer loop
      vertex 32.05 23.45 0
      vertex 32.05 22.95 -1
      vertex 32.05 22.95 0
    endloop
  endfacet
  facet normal 0 1 -0
    outer loop
      vertex 32.55 23.45 -1
      vertex 32.05 23.45 0
      vertex 32.55 23.45 0
    endloop
  endfacet
  facet normal 0 1 0
    outer loop
      vertex 32.05 23.45 0
      vertex 32.55 23.45 -1
      vertex 32.05 23.45 -1
    endloop
  endfacet
  facet normal 0 -1 0
    outer loop
      vertex 32.05 22.95 -1
      vertex 32.55 22.95 0
      vertex 32.05 22.95 0
    endloop
  endfacet
  facet normal 0 -1 -0
    outer loop
      vertex 32.55 22.95 0
      vertex 32.05 22.95 -1
      vertex 32.55 22.95 -1
    endloop
  endfacet
  facet normal 1 -0 0
    outer loop
      vertex 34.7 15.95 11.4
      vertex 34.7 25.45 1.6
      vertex 34.7 25.45 11.4
    endloop
  endfacet
  facet normal 1 0 0
    outer loop
      vertex 34.7 25.45 1.6
      vertex 34.7 15.95 11.4
      vertex 34.7 15.95 1.6
    endloop
  endfacet
  facet normal 0 0 1
    outer loop
      vertex 34.7 25.45 11.4
      vertex 33.9 20.7 11.4
      vertex 34.7 15.95 11.4
    endloop
  endfacet
  facet normal 0 0 1
    outer loop
      vertex 34.7 25.45 11.4
      vertex 33.8217 21.1944 11.4
      vertex 33.9 20.7 11.4
    endloop
  endfacet
  facet normal 0 0 1
    outer loop
      vertex 34.7 25.45 11.4
      vertex 33.5944 21.6405 11.4
      vertex 33.8217 21.1944 11.4
    endloop
  endfacet
  facet normal 0 0 1
    outer loop
      vertex 34.7 25.45 11.4
      vertex 33.2405 21.9944 11.4
      vertex 33.5944 21.6405 11.4
    endloop
  endfacet
  facet normal 0 0 1
    outer loop
      vertex 34.7 25.45 11.4
      vertex 32.7944 22.2217 11.4
      vertex 33.2405 21.9944 11.4
    endloop
  endfacet
  facet normal 0 0 1
    outer loop
      vertex 34.7 25.45 11.4
      vertex 32.3 22.3 11.4
      vertex 32.7944 22.2217 11.4
    endloop
  endfacet
  facet normal -0 0 1
    outer loop
      vertex 29.9 25.45 11.4
      vertex 32.3 22.3 11.4
      vertex 34.7 25.45 11.4
    endloop
  endfacet
  facet normal 0 0 1
    outer loop
      vertex 32.3 22.3 11.4
      vertex 29.9 25.45 11.4
      vertex 31.8056 22.2217 11.4
    endloop
  endfacet
  facet normal 0 0 1
    outer loop
      vertex 31.8056 22.2217 11.4
      vertex 29.9 25.45 11.4
      vertex 31.3595 21.9944 11.4
    endloop
  endfacet
  facet normal 0 0 1
    outer loop
      vertex 30.7783 21.1944 11.4
      vertex 29.9 25.45 11.4
      vertex 30.7 20.7 11.4
    endloop
  endfacet
  facet normal 0 0 1
    outer loop
      vertex 31.0056 21.6405 11.4
      vertex 29.9 25.45 11.4
      vertex 30.7783 21.1944 11.4
    endloop
  endfacet
  facet normal 0 0 1
    outer loop
      vertex 31.3595 21.9944 11.4
      vertex 29.9 25.45 11.4
      vertex 31.0056 21.6405 11.4
    endloop
  endfacet
  facet normal -0 0 1
    outer loop
      vertex 33.8217 20.2056 11.4
      vertex 34.7 15.95 11.4
      vertex 33.9 20.7 11.4
    endloop
  endfacet
  facet normal -0 0 1
    outer loop
      vertex 33.5944 19.7595 11.4
      vertex 34.7 15.95 11.4
      vertex 33.8217 20.2056 11.4
    endloop
  endfacet
  facet normal -0 0 1
    outer loop
      vertex 33.2405 19.4056 11.4
      vertex 34.7 15.95 11.4
      vertex 33.5944 19.7595 11.4
    endloop
  endfacet
  facet normal -0 0 1
    outer loop
      vertex 32.7944 19.1783 11.4
      vertex 34.7 15.95 11.4
      vertex 33.2405 19.4056 11.4
    endloop
  endfacet
  facet normal -0 0 1
    outer loop
      vertex 32.3 19.1 11.4
      vertex 34.7 15.95 11.4
      vertex 32.7944 19.1783 11.4
    endloop
  endfacet
  facet normal 0 0 1
    outer loop
      vertex 29.9 15.95 11.4
      vertex 32.3 19.1 11.4
      vertex 31.8056 19.1783 11.4
    endloop
  endfacet
  facet normal 0 0 1
    outer loop
      vertex 29.9 15.95 11.4
      vertex 31.8056 19.1783 11.4
      vertex 31.3595 19.4056 11.4
    endloop
  endfacet
  facet normal 0 0 1
    outer loop
      vertex 29.9 15.95 11.4
      vertex 31.3595 19.4056 11.4
      vertex 31.0056 19.7595 11.4
    endloop
  endfacet
  facet normal 0 0 1
    outer loop
      vertex 29.9 15.95 11.4
      vertex 30.7 20.7 11.4
      vertex 29.9 25.45 11.4
    endloop
  endfacet
  facet normal 0 0 1
    outer loop
      vertex 32.3 19.1 11.4
      vertex 29.9 15.95 11.4
      vertex 34.7 15.95 11.4
    endloop
  endfacet
  facet normal 0 0 1
    outer loop
      vertex 30.7783 20.2056 11.4
      vertex 29.9 15.95 11.4
      vertex 31.0056 19.7595 11.4
    endloop
  endfacet
  facet normal 0 0 1
    outer loop
      vertex 30.7 20.7 11.4
      vertex 29.9 15.95 11.4
      vertex 30.7783 20.2056 11.4
    endloop
  endfacet
  facet normal -1 0 0
    outer loop
      vertex 29.9 15.95 1.6
      vertex 29.9 25.45 11.4
      vertex 29.9 25.45 1.6
    endloop
  endfacet
  facet normal -1 -0 0
    outer loop
      vertex 29.9 25.45 11.4
      vertex 29.9 15.95 1.6
      vertex 29.9 15.95 11.4
    endloop
  endfacet
  facet normal 0 1 -0
    outer loop
      vertex 34.7 25.45 1.6
      vertex 29.9 25.45 11.4
      vertex 34.7 25.45 11.4
    endloop
  endfacet
  facet normal 0 1 0
    outer loop
      vertex 29.9 25.45 11.4
      vertex 34.7 25.45 1.6
      vertex 29.9 25.45 1.6
    endloop
  endfacet
  facet normal 0 -1 0
    outer loop
      vertex 29.9 15.95 1.6
      vertex 34.7 15.95 11.4
      vertex 29.9 15.95 11.4
    endloop
  endfacet
  facet normal 0 -1 -0
    outer loop
      vertex 34.7 15.95 11.4
      vertex 29.9 15.95 1.6
      vertex 34.7 15.95 1.6
    endloop
  endfacet
  facet normal 0.891006 0.453992 0
    outer loop
      vertex 33.8217 21.1944 12.5
      vertex 33.5944 21.6405 11.4
      vertex 33.5944 21.6405 12.5
    endloop
  endfacet
  facet normal 0.891006 0.453992 0
    outer loop
      vertex 33.5944 21.6405 11.4
      vertex 33.8217 21.1944 12.5
      vertex 33.8217 21.1944 11.4
    endloop
  endfacet
  facet normal 0.98769 0.156424 0
    outer loop
      vertex 33.9 20.7 12.5
      vertex 33.8217 21.1944 11.4
      vertex 33.8217 21.1944 12.5
    endloop
  endfacet
  facet normal 0.98769 0.156424 0
    outer loop
      vertex 33.8217 21.1944 11.4
      vertex 33.9 20.7 12.5
      vertex 33.9 20.7 11.4
    endloop
  endfacet
  facet normal -0 0 1
    outer loop
      vertex 33.45 20.85 12.5
      vertex 33.9 20.7 12.5
      vertex 33.8217 21.1944 12.5
    endloop
  endfacet
  facet normal 0 0 1
    outer loop
      vertex 33.45 20.85 12.5
      vertex 33.8217 21.1944 12.5
      vertex 33.5944 21.6405 12.5
    endloop
  endfacet
  facet normal 0 0 1
    outer loop
      vertex 33.45 20.55 12.5
      vertex 33.9 20.7 12.5
      vertex 33.45 20.85 12.5
    endloop
  endfacet
  facet normal 0 0 1
    outer loop
      vertex 33.9 20.7 12.5
      vertex 33.45 20.55 12.5
      vertex 33.8217 20.2056 12.5
    endloop
  endfacet
  facet normal 0 0 1
    outer loop
      vertex 33.2405 21.9944 12.5
      vertex 33.45 20.85 12.5
      vertex 33.5944 21.6405 12.5
    endloop
  endfacet
  facet normal 0 0 1
    outer loop
      vertex 32.7944 22.2217 12.5
      vertex 33.45 20.85 12.5
      vertex 33.2405 21.9944 12.5
    endloop
  endfacet
  facet normal 0 0 1
    outer loop
      vertex 32.3 22.3 12.5
      vertex 33.45 20.85 12.5
      vertex 32.7944 22.2217 12.5
    endloop
  endfacet
  facet normal 0 0 1
    outer loop
      vertex 31.15 20.85 12.5
      vertex 32.3 22.3 12.5
      vertex 31.8056 22.2217 12.5
    endloop
  endfacet
  facet normal 0 0 1
    outer loop
      vertex 31.15 20.85 12.5
      vertex 31.8056 22.2217 12.5
      vertex 31.3595 21.9944 12.5
    endloop
  endfacet
  facet normal 0 0 1
    outer loop
      vertex 32.3 22.3 12.5
      vertex 31.15 20.85 12.5
      vertex 33.45 20.85 12.5
    endloop
  endfacet
  facet normal -0 0 1
    outer loop
      vertex 30.7783 21.1944 12.5
      vertex 31.15 20.85 12.5
      vertex 31.0056 21.6405 12.5
    endloop
  endfacet
  facet normal -0 0 1
    outer loop
      vertex 31.0056 21.6405 12.5
      vertex 31.15 20.85 12.5
      vertex 31.3595 21.9944 12.5
    endloop
  endfacet
  facet normal 0 0 1
    outer loop
      vertex 33.8217 20.2056 12.5
      vertex 33.45 20.55 12.5
      vertex 33.5944 19.7595 12.5
    endloop
  endfacet
  facet normal 0 0 1
    outer loop
      vertex 33.45 20.55 12.5
      vertex 33.2405 19.4056 12.5
      vertex 33.5944 19.7595 12.5
    endloop
  endfacet
  facet normal 0 0 1
    outer loop
      vertex 33.45 20.55 12.5
      vertex 32.7944 19.1783 12.5
      vertex 33.2405 19.4056 12.5
    endloop
  endfacet
  facet normal 0 0 1
    outer loop
      vertex 33.45 20.55 12.5
      vertex 32.3 19.1 12.5
      vertex 32.7944 19.1783 12.5
    endloop
  endfacet
  facet normal -0 0 1
    outer loop
      vertex 31.15 20.55 12.5
      vertex 32.3 19.1 12.5
      vertex 33.45 20.55 12.5
    endloop
  endfacet
  facet normal 0 0 1
    outer loop
      vertex 32.3 19.1 12.5
      vertex 31.15 20.55 12.5
      vertex 31.8056 19.1783 12.5
    endloop
  endfacet
  facet normal 0 0 1
    outer loop
      vertex 31.8056 19.1783 12.5
      vertex 31.15 20.55 12.5
      vertex 31.3595 19.4056 12.5
    endloop
  endfacet
  facet normal 0 0 1
    outer loop
      vertex 31.15 20.55 12.5
      vertex 31.0056 19.7595 12.5
      vertex 31.3595 19.4056 12.5
    endloop
  endfacet
  facet normal 0 0 1
    outer loop
      vertex 30.7 20.7 12.5
      vertex 31.15 20.85 12.5
      vertex 30.7783 21.1944 12.5
    endloop
  endfacet
  facet normal 0 0 1
    outer loop
      vertex 31.15 20.85 12.5
      vertex 30.7 20.7 12.5
      vertex 31.15 20.55 12.5
    endloop
  endfacet
  facet normal 0 0 1
    outer loop
      vertex 31.15 20.55 12.5
      vertex 30.7783 20.2056 12.5
      vertex 31.0056 19.7595 12.5
    endloop
  endfacet
  facet normal 0 0 1
    outer loop
      vertex 31.15 20.55 12.5
      vertex 30.7 20.7 12.5
      vertex 30.7783 20.2056 12.5
    endloop
  endfacet
  facet normal -0.453992 -0.891006 0
    outer loop
      vertex 31.3595 19.4056 11.4
      vertex 31.8056 19.1783 12.5
      vertex 31.3595 19.4056 12.5
    endloop
  endfacet
  facet normal -0.453992 -0.891006 -0
    outer loop
      vertex 31.8056 19.1783 12.5
      vertex 31.3595 19.4056 11.4
      vertex 31.8056 19.1783 11.4
    endloop
  endfacet
  facet normal 0.707107 -0.707107 0
    outer loop
      vertex 33.2405 19.4056 12.5
      vertex 33.5944 19.7595 11.4
      vertex 33.5944 19.7595 12.5
    endloop
  endfacet
  facet normal 0.707107 -0.707107 0
    outer loop
      vertex 33.5944 19.7595 11.4
      vertex 33.2405 19.4056 12.5
      vertex 33.2405 19.4056 11.4
    endloop
  endfacet
  facet normal 0.453992 -0.891006 0
    outer loop
      vertex 32.7944 19.1783 11.4
      vertex 33.2405 19.4056 12.5
      vertex 32.7944 19.1783 12.5
    endloop
  endfacet
  facet normal 0.453992 -0.891006 0
    outer loop
      vertex 33.2405 19.4056 12.5
      vertex 32.7944 19.1783 11.4
      vertex 33.2405 19.4056 11.4
    endloop
  endfacet
  facet normal 0.156424 0.98769 -0
    outer loop
      vertex 32.7944 22.2217 11.4
      vertex 32.3 22.3 12.5
      vertex 32.7944 22.2217 12.5
    endloop
  endfacet
  facet normal 0.156424 0.98769 0
    outer loop
      vertex 32.3 22.3 12.5
      vertex 32.7944 22.2217 11.4
      vertex 32.3 22.3 11.4
    endloop
  endfacet
  facet normal -0.707107 0.707107 0
    outer loop
      vertex 31.0056 21.6405 11.4
      vertex 31.3595 21.9944 12.5
      vertex 31.3595 21.9944 11.4
    endloop
  endfacet
  facet normal -0.707107 0.707107 0
    outer loop
      vertex 31.3595 21.9944 12.5
      vertex 31.0056 21.6405 11.4
      vertex 31.0056 21.6405 12.5
    endloop
  endfacet
  facet normal -0.453992 0.891006 0
    outer loop
      vertex 31.8056 22.2217 11.4
      vertex 31.3595 21.9944 12.5
      vertex 31.8056 22.2217 12.5
    endloop
  endfacet
  facet normal -0.453992 0.891006 0
    outer loop
      vertex 31.3595 21.9944 12.5
      vertex 31.8056 22.2217 11.4
      vertex 31.3595 21.9944 11.4
    endloop
  endfacet
  facet normal 0.98769 -0.156424 0
    outer loop
      vertex 33.8217 20.2056 12.5
      vertex 33.9 20.7 11.4
      vertex 33.9 20.7 12.5
    endloop
  endfacet
  facet normal 0.98769 -0.156424 0
    outer loop
      vertex 33.9 20.7 11.4
      vertex 33.8217 20.2056 12.5
      vertex 33.8217 20.2056 11.4
    endloop
  endfacet
  facet normal -0.891006 0.453992 0
    outer loop
      vertex 30.7783 21.1944 11.4
      vertex 31.0056 21.6405 12.5
      vertex 31.0056 21.6405 11.4
    endloop
  endfacet
  facet normal -0.891006 0.453992 0
    outer loop
      vertex 31.0056 21.6405 12.5
      vertex 30.7783 21.1944 11.4
      vertex 30.7783 21.1944 12.5
    endloop
  endfacet
  facet normal -0.156424 0.98769 0
    outer loop
      vertex 32.3 22.3 11.4
      vertex 31.8056 22.2217 12.5
      vertex 32.3 22.3 12.5
    endloop
  endfacet
  facet normal -0.156424 0.98769 0
    outer loop
      vertex 31.8056 22.2217 12.5
      vertex 32.3 22.3 11.4
      vertex 31.8056 22.2217 11.4
    endloop
  endfacet
  facet normal -0.707107 -0.707107 0
    outer loop
      vertex 31.3595 19.4056 11.4
      vertex 31.0056 19.7595 12.5
      vertex 31.0056 19.7595 11.4
    endloop
  endfacet
  facet normal -0.707107 -0.707107 0
    outer loop
      vertex 31.0056 19.7595 12.5
      vertex 31.3595 19.4056 11.4
      vertex 31.3595 19.4056 12.5
    endloop
  endfacet
  facet normal 0.891006 -0.453992 0
    outer loop
      vertex 33.5944 19.7595 12.5
      vertex 33.8217 20.2056 11.4
      vertex 33.8217 20.2056 12.5
    endloop
  endfacet
  facet normal 0.891006 -0.453992 0
    outer loop
      vertex 33.8217 20.2056 11.4
      vertex 33.5944 19.7595 12.5
      vertex 33.5944 19.7595 11.4
    endloop
  endfacet
  facet normal -0.156424 -0.98769 0
    outer loop
      vertex 31.8056 19.1783 11.4
      vertex 32.3 19.1 12.5
      vertex 31.8056 19.1783 12.5
    endloop
  endfacet
  facet normal -0.156424 -0.98769 -0
    outer loop
      vertex 32.3 19.1 12.5
      vertex 31.8056 19.1783 11.4
      vertex 32.3 19.1 11.4
    endloop
  endfacet
  facet normal 0.156424 -0.98769 0
    outer loop
      vertex 32.3 19.1 11.4
      vertex 32.7944 19.1783 12.5
      vertex 32.3 19.1 12.5
    endloop
  endfacet
  facet normal 0.156424 -0.98769 0
    outer loop
      vertex 32.7944 19.1783 12.5
      vertex 32.3 19.1 11.4
      vertex 32.7944 19.1783 11.4
    endloop
  endfacet
  facet normal 0.707107 0.707107 -0
    outer loop
      vertex 33.5944 21.6405 11.4
      vertex 33.2405 21.9944 12.5
      vertex 33.5944 21.6405 12.5
    endloop
  endfacet
  facet normal 0.707107 0.707107 0
    outer loop
      vertex 33.2405 21.9944 12.5
      vertex 33.5944 21.6405 11.4
      vertex 33.2405 21.9944 11.4
    endloop
  endfacet
  facet normal -0.891006 -0.453992 0
    outer loop
      vertex 31.0056 19.7595 11.4
      vertex 30.7783 20.2056 12.5
      vertex 30.7783 20.2056 11.4
    endloop
  endfacet
  facet normal -0.891006 -0.453992 0
    outer loop
      vertex 30.7783 20.2056 12.5
      vertex 31.0056 19.7595 11.4
      vertex 31.0056 19.7595 12.5
    endloop
  endfacet
  facet normal 0.453992 0.891006 -0
    outer loop
      vertex 33.2405 21.9944 11.4
      vertex 32.7944 22.2217 12.5
      vertex 33.2405 21.9944 12.5
    endloop
  endfacet
  facet normal 0.453992 0.891006 0
    outer loop
      vertex 32.7944 22.2217 12.5
      vertex 33.2405 21.9944 11.4
      vertex 32.7944 22.2217 11.4
    endloop
  endfacet
  facet normal -0.98769 0.156424 0
    outer loop
      vertex 30.7 20.7 11.4
      vertex 30.7783 21.1944 12.5
      vertex 30.7783 21.1944 11.4
    endloop
  endfacet
  facet normal -0.98769 0.156424 0
    outer loop
      vertex 30.7783 21.1944 12.5
      vertex 30.7 20.7 11.4
      vertex 30.7 20.7 12.5
    endloop
  endfacet
  facet normal -0.98769 -0.156424 0
    outer loop
      vertex 30.7783 20.2056 11.4
      vertex 30.7 20.7 12.5
      vertex 30.7 20.7 11.4
    endloop
  endfacet
  facet normal -0.98769 -0.156424 0
    outer loop
      vertex 30.7 20.7 12.5
      vertex 30.7783 20.2056 11.4
      vertex 30.7783 20.2056 12.5
    endloop
  endfacet
  facet normal 1 -0 0
    outer loop
      vertex 33.45 20.55 12.6
      vertex 33.45 20.85 12.5
      vertex 33.45 20.85 12.6
    endloop
  endfacet
  facet normal 1 0 0
    outer loop
      vertex 33.45 20.85 12.5
      vertex 33.45 20.55 12.6
      vertex 33.45 20.55 12.5
    endloop
  endfacet
  facet normal -0 0 1
    outer loop
      vertex 31.15 20.85 12.6
      vertex 33.45 20.55 12.6
      vertex 33.45 20.85 12.6
    endloop
  endfacet
  facet normal 0 0 1
    outer loop
      vertex 33.45 20.55 12.6
      vertex 31.15 20.85 12.6
      vertex 31.15 20.55 12.6
    endloop
  endfacet
  facet normal -1 0 0
    outer loop
      vertex 31.15 20.55 12.5
      vertex 31.15 20.85 12.6
      vertex 31.15 20.85 12.5
    endloop
  endfacet
  facet normal -1 -0 0
    outer loop
      vertex 31.15 20.85 12.6
      vertex 31.15 20.55 12.5
      vertex 31.15 20.55 12.6
    endloop
  endfacet
  facet normal 0 1 -0
    outer loop
      vertex 33.45 20.85 12.5
      vertex 31.15 20.85 12.6
      vertex 33.45 20.85 12.6
    endloop
  endfacet
  facet normal 0 1 0
    outer loop
      vertex 31.15 20.85 12.6
      vertex 33.45 20.85 12.5
      vertex 31.15 20.85 12.5
    endloop
  endfacet
  facet normal 0 -1 0
    outer loop
      vertex 31.15 20.55 12.5
      vertex 33.45 20.55 12.6
      vertex 31.15 20.55 12.6
    endloop
  endfacet
  facet normal 0 -1 -0
    outer loop
      vertex 33.45 20.55 12.6
      vertex 31.15 20.55 12.5
      vertex 33.45 20.55 12.5
    endloop
  endfacet
  facet normal 1 -0 0
    outer loop
      vertex 16.65 12 1.95
      vertex 16.65 12.2 1.6
      vertex 16.65 12.2 1.95
    endloop
  endfacet
  facet normal 1 0 0
    outer loop
      vertex 16.65 12.2 1.6
      vertex 16.65 12 1.95
      vertex 16.65 12 1.6
    endloop
  endfacet
  facet normal -0 0 1
    outer loop
      vertex 16.1 12.2 1.95
      vertex 16.65 12 1.95
      vertex 16.65 12.2 1.95
    endloop
  endfacet
  facet normal 0 0 1
    outer loop
      vertex 16.65 12 1.95
      vertex 16.1 12.2 1.95
      vertex 16.1 12 1.95
    endloop
  endfacet
  facet normal -1 0 0
    outer loop
      vertex 16.1 12 1.6
      vertex 16.1 12.2 1.95
      vertex 16.1 12.2 1.6
    endloop
  endfacet
  facet normal -1 -0 0
    outer loop
      vertex 16.1 12.2 1.95
      vertex 16.1 12 1.6
      vertex 16.1 12 1.95
    endloop
  endfacet
  facet normal 0 -1 0
    outer loop
      vertex 16.1 12 1.6
      vertex 16.65 12 1.95
      vertex 16.1 12 1.95
    endloop
  endfacet
  facet normal 0 -1 -0
    outer loop
      vertex 16.65 12 1.95
      vertex 16.1 12 1.6
      vertex 16.65 12 1.6
    endloop
  endfacet
  facet normal 1 -0 0
    outer loop
      vertex 17.9 12 1.95
      vertex 17.9 12.2 1.6
      vertex 17.9 12.2 1.95
    endloop
  endfacet
  facet normal 1 0 0
    outer loop
      vertex 17.9 12.2 1.6
      vertex 17.9 12 1.95
      vertex 17.9 12 1.6
    endloop
  endfacet
  facet normal -0 0 1
    outer loop
      vertex 17.35 12.2 1.95
      vertex 17.9 12 1.95
      vertex 17.9 12.2 1.95
    endloop
  endfacet
  facet normal 0 0 1
    outer loop
      vertex 17.9 12 1.95
      vertex 17.35 12.2 1.95
      vertex 17.35 12 1.95
    endloop
  endfacet
  facet normal -1 0 0
    outer loop
      vertex 17.35 12 1.6
      vertex 17.35 12.2 1.95
      vertex 17.35 12.2 1.6
    endloop
  endfacet
  facet normal -1 -0 0
    outer loop
      vertex 17.35 12.2 1.95
      vertex 17.35 12 1.6
      vertex 17.35 12 1.95
    endloop
  endfacet
  facet normal 0 -1 0
    outer loop
      vertex 17.35 12 1.6
      vertex 17.9 12 1.95
      vertex 17.35 12 1.95
    endloop
  endfacet
  facet normal 0 -1 -0
    outer loop
      vertex 17.9 12 1.95
      vertex 17.35 12 1.6
      vertex 17.9 12 1.6
    endloop
  endfacet
  facet normal 1 -0 0
    outer loop
      vertex 19.15 12 1.95
      vertex 19.15 12.2 1.6
      vertex 19.15 12.2 1.95
    endloop
  endfacet
  facet normal 1 0 0
    outer loop
      vertex 19.15 12.2 1.6
      vertex 19.15 12 1.95
      vertex 19.15 12 1.6
    endloop
  endfacet
  facet normal -0 0 1
    outer loop
      vertex 18.6 12.2 1.95
      vertex 19.15 12 1.95
      vertex 19.15 12.2 1.95
    endloop
  endfacet
  facet normal 0 0 1
    outer loop
      vertex 19.15 12 1.95
      vertex 18.6 12.2 1.95
      vertex 18.6 12 1.95
    endloop
  endfacet
  facet normal -1 0 0
    outer loop
      vertex 18.6 12 1.6
      vertex 18.6 12.2 1.95
      vertex 18.6 12.2 1.6
    endloop
  endfacet
  facet normal -1 -0 0
    outer loop
      vertex 18.6 12.2 1.95
      vertex 18.6 12 1.6
      vertex 18.6 12 1.95
    endloop
  endfacet
  facet normal 0 -1 0
    outer loop
      vertex 18.6 12 1.6
      vertex 19.15 12 1.95
      vertex 18.6 12 1.95
    endloop
  endfacet
  facet normal 0 -1 -0
    outer loop
      vertex 19.15 12 1.95
      vertex 18.6 12 1.6
      vertex 19.15 12 1.6
    endloop
  endfacet
  facet normal 1 -0 0
    outer loop
      vertex 20.4 12 1.95
      vertex 20.4 12.2 1.6
      vertex 20.4 12.2 1.95
    endloop
  endfacet
  facet normal 1 0 0
    outer loop
      vertex 20.4 12.2 1.6
      vertex 20.4 12 1.95
      vertex 20.4 12 1.6
    endloop
  endfacet
  facet normal -0 0 1
    outer loop
      vertex 19.85 12.2 1.95
      vertex 20.4 12 1.95
      vertex 20.4 12.2 1.95
    endloop
  endfacet
  facet normal 0 0 1
    outer loop
      vertex 20.4 12 1.95
      vertex 19.85 12.2 1.95
      vertex 19.85 12 1.95
    endloop
  endfacet
  facet normal -1 0 0
    outer loop
      vertex 19.85 12 1.6
      vertex 19.85 12.2 1.95
      vertex 19.85 12.2 1.6
    endloop
  endfacet
  facet normal -1 -0 0
    outer loop
      vertex 19.85 12.2 1.95
      vertex 19.85 12 1.6
      vertex 19.85 12 1.95
    endloop
  endfacet
  facet normal 0 -1 0
    outer loop
      vertex 19.85 12 1.6
      vertex 20.4 12 1.95
      vertex 19.85 12 1.95
    endloop
  endfacet
  facet normal 0 -1 -0
    outer loop
      vertex 20.4 12 1.95
      vertex 19.85 12 1.6
      vertex 20.4 12 1.6
    endloop
  endfacet
  facet normal 1 -0 0
    outer loop
      vertex 21.65 12 1.95
      vertex 21.65 12.2 1.6
      vertex 21.65 12.2 1.95
    endloop
  endfacet
  facet normal 1 0 0
    outer loop
      vertex 21.65 12.2 1.6
      vertex 21.65 12 1.95
      vertex 21.65 12 1.6
    endloop
  endfacet
  facet normal -0 0 1
    outer loop
      vertex 21.1 12.2 1.95
      vertex 21.65 12 1.95
      vertex 21.65 12.2 1.95
    endloop
  endfacet
  facet normal 0 0 1
    outer loop
      vertex 21.65 12 1.95
      vertex 21.1 12.2 1.95
      vertex 21.1 12 1.95
    endloop
  endfacet
  facet normal -1 0 0
    outer loop
      vertex 21.1 12 1.6
      vertex 21.1 12.2 1.95
      vertex 21.1 12.2 1.6
    endloop
  endfacet
  facet normal -1 -0 0
    outer loop
      vertex 21.1 12.2 1.95
      vertex 21.1 12 1.6
      vertex 21.1 12 1.95
    endloop
  endfacet
  facet normal 0 -1 0
    outer loop
      vertex 21.1 12 1.6
      vertex 21.65 12 1.95
      vertex 21.1 12 1.95
    endloop
  endfacet
  facet normal 0 -1 -0
    outer loop
      vertex 21.65 12 1.95
      vertex 21.1 12 1.6
      vertex 21.65 12 1.6
    endloop
  endfacet
  facet normal 1 -0 0
    outer loop
      vertex 26.1 12 2.25
      vertex 26.1 14 1.6
      vertex 26.1 14 2.25
    endloop
  endfacet
  facet normal 1 0 0
    outer loop
      vertex 26.1 14 1.6
      vertex 26.1 12 2.25
      vertex 26.1 12 1.6
    endloop
  endfacet
  facet normal -0 0 1
    outer loop
      vertex 25 14 2.25
      vertex 26.1 12 2.25
      vertex 26.1 14 2.25
    endloop
  endfacet
  facet normal 0 0 1
    outer loop
      vertex 26.1 12 2.25
      vertex 25 14 2.25
      vertex 25 12 2.25
    endloop
  endfacet
  facet normal -1 0 0
    outer loop
      vertex 25 12 1.6
      vertex 25 14 2.25
      vertex 25 14 1.6
    endloop
  endfacet
  facet normal -1 -0 0
    outer loop
      vertex 25 14 2.25
      vertex 25 12 1.6
      vertex 25 12 2.25
    endloop
  endfacet
  facet normal 0 1 -0
    outer loop
      vertex 26.1 14 1.6
      vertex 25 14 2.25
      vertex 26.1 14 2.25
    endloop
  endfacet
  facet normal 0 1 0
    outer loop
      vertex 25 14 2.25
      vertex 26.1 14 1.6
      vertex 25 14 1.6
    endloop
  endfacet
  facet normal 0 -1 0
    outer loop
      vertex 25 12 1.6
      vertex 26.1 12 2.25
      vertex 25 12 2.25
    endloop
  endfacet
  facet normal 0 -1 -0
    outer loop
      vertex 26.1 12 2.25
      vertex 25 12 1.6
      vertex 26.1 12 1.6
    endloop
  endfacet
  facet normal 1 -0 0
    outer loop
      vertex 27.8 12 2.25
      vertex 27.8 14 1.6
      vertex 27.8 14 2.25
    endloop
  endfacet
  facet normal 1 0 0
    outer loop
      vertex 27.8 14 1.6
      vertex 27.8 12 2.25
      vertex 27.8 12 1.6
    endloop
  endfacet
  facet normal -0 0 1
    outer loop
      vertex 26.7 14 2.25
      vertex 27.8 12 2.25
      vertex 27.8 14 2.25
    endloop
  endfacet
  facet normal 0 0 1
    outer loop
      vertex 27.8 12 2.25
      vertex 26.7 14 2.25
      vertex 26.7 12 2.25
    endloop
  endfacet
  facet normal -1 0 0
    outer loop
      vertex 26.7 12 1.6
      vertex 26.7 14 2.25
      vertex 26.7 14 1.6
    endloop
  endfacet
  facet normal -1 -0 0
    outer loop
      vertex 26.7 14 2.25
      vertex 26.7 12 1.6
      vertex 26.7 12 2.25
    endloop
  endfacet
  facet normal 0 1 -0
    outer loop
      vertex 27.8 14 1.6
      vertex 26.7 14 2.25
      vertex 27.8 14 2.25
    endloop
  endfacet
  facet normal 0 1 0
    outer loop
      vertex 26.7 14 2.25
      vertex 27.8 14 1.6
      vertex 26.7 14 1.6
    endloop
  endfacet
  facet normal 0 -1 0
    outer loop
      vertex 26.7 12 1.6
      vertex 27.8 12 2.25
      vertex 26.7 12 2.25
    endloop
  endfacet
  facet normal 0 -1 -0
    outer loop
      vertex 27.8 12 2.25
      vertex 26.7 12 1.6
      vertex 27.8 12 1.6
    endloop
  endfacet
  facet normal 1 -0 0
    outer loop
      vertex 36.1 17 2.25
      vertex 36.1 19 1.6
      vertex 36.1 19 2.25
    endloop
  endfacet
  facet normal 1 0 0
    outer loop
      vertex 36.1 19 1.6
      vertex 36.1 17 2.25
      vertex 36.1 17 1.6
    endloop
  endfacet
  facet normal -0 0 1
    outer loop
      vertex 35 19 2.25
      vertex 36.1 17 2.25
      vertex 36.1 19 2.25
    endloop
  endfacet
  facet normal 0 0 1
    outer loop
      vertex 36.1 17 2.25
      vertex 35 19 2.25
      vertex 35 17 2.25
    endloop
  endfacet
  facet normal -1 0 0
    outer loop
      vertex 35 17 1.6
      vertex 35 19 2.25
      vertex 35 19 1.6
    endloop
  endfacet
  facet normal -1 -0 0
    outer loop
      vertex 35 19 2.25
      vertex 35 17 1.6
      vertex 35 17 2.25
    endloop
  endfacet
  facet normal 0 1 -0
    outer loop
      vertex 36.1 19 1.6
      vertex 35 19 2.25
      vertex 36.1 19 2.25
    endloop
  endfacet
  facet normal 0 1 0
    outer loop
      vertex 35 19 2.25
      vertex 36.1 19 1.6
      vertex 35 19 1.6
    endloop
  endfacet
  facet normal 0 -1 0
    outer loop
      vertex 35 17 1.6
      vertex 36.1 17 2.25
      vertex 35 17 2.25
    endloop
  endfacet
  facet normal 0 -1 -0
    outer loop
      vertex 36.1 17 2.25
      vertex 35 17 1.6
      vertex 36.1 17 1.6
    endloop
  endfacet
  facet normal 0 0 1
    outer loop
      vertex 37.3427 17.2221 2.25
      vertex 37 17 2.25
      vertex 37.525 17 2.25
    endloop
  endfacet
  facet normal 0 0 1
    outer loop
      vertex 37 17 2.25
      vertex 37.3427 17.2221 2.25
      vertex 37 17.8632 2.25
    endloop
  endfacet
  facet normal -1 0 0
    outer loop
      vertex 37 17 1.6
      vertex 37 17.8632 2.25
      vertex 37 17.8632 1.6
    endloop
  endfacet
  facet normal -1 -0 0
    outer loop
      vertex 37 17.8632 2.25
      vertex 37 17 1.6
      vertex 37 17 2.25
    endloop
  endfacet
  facet normal 0 -1 0
    outer loop
      vertex 37 17 1.6
      vertex 37.525 17 2.25
      vertex 37 17 2.25
    endloop
  endfacet
  facet normal 0 -1 -0
    outer loop
      vertex 37.525 17 2.25
      vertex 37 17 1.6
      vertex 37.525 17 1.6
    endloop
  endfacet
  facet normal 1 -0 0
    outer loop
      vertex 41.1 12 2.25
      vertex 41.1 14 1.6
      vertex 41.1 14 2.25
    endloop
  endfacet
  facet normal 1 0 0
    outer loop
      vertex 41.1 14 1.6
      vertex 41.1 12 2.25
      vertex 41.1 12 1.6
    endloop
  endfacet
  facet normal -0 0 1
    outer loop
      vertex 40 14 2.25
      vertex 41.1 12 2.25
      vertex 41.1 14 2.25
    endloop
  endfacet
  facet normal 0 0 1
    outer loop
      vertex 41.1 12 2.25
      vertex 40 14 2.25
      vertex 40 12 2.25
    endloop
  endfacet
  facet normal -1 0 0
    outer loop
      vertex 40 12 1.6
      vertex 40 14 2.25
      vertex 40 14 1.6
    endloop
  endfacet
  facet normal -1 -0 0
    outer loop
      vertex 40 14 2.25
      vertex 40 12 1.6
      vertex 40 12 2.25
    endloop
  endfacet
  facet normal 0 1 -0
    outer loop
      vertex 41.1 14 1.6
      vertex 40 14 2.25
      vertex 41.1 14 2.25
    endloop
  endfacet
  facet normal 0 1 0
    outer loop
      vertex 40 14 2.25
      vertex 41.1 14 1.6
      vertex 40 14 1.6
    endloop
  endfacet
  facet normal 0 -1 0
    outer loop
      vertex 40 12 1.6
      vertex 41.1 12 2.25
      vertex 40 12 2.25
    endloop
  endfacet
  facet normal 0 -1 -0
    outer loop
      vertex 41.1 12 2.25
      vertex 40 12 1.6
      vertex 41.1 12 1.6
    endloop
  endfacet
  facet normal -0 0 1
    outer loop
      vertex 42 14 2.25
      vertex 42.5 12 2.25
      vertex 42.5 14 2.25
    endloop
  endfacet
  facet normal 0 0 1
    outer loop
      vertex 42.5 12 2.25
      vertex 42 14 2.25
      vertex 42 12 2.25
    endloop
  endfacet
  facet normal -1 0 0
    outer loop
      vertex 42 12 1.6
      vertex 42 14 2.25
      vertex 42 14 1.6
    endloop
  endfacet
  facet normal -1 -0 0
    outer loop
      vertex 42 14 2.25
      vertex 42 12 1.6
      vertex 42 12 2.25
    endloop
  endfacet
  facet normal 0 1 -0
    outer loop
      vertex 42.5 14 1.6
      vertex 42 14 2.25
      vertex 42.5 14 2.25
    endloop
  endfacet
  facet normal 0 1 0
    outer loop
      vertex 42 14 2.25
      vertex 42.5 14 1.6
      vertex 42 14 1.6
    endloop
  endfacet
  facet normal 0 -1 0
    outer loop
      vertex 42 12 1.6
      vertex 42.5 12 2.25
      vertex 42 12 2.25
    endloop
  endfacet
  facet normal 0 -1 -0
    outer loop
      vertex 42.5 12 2.25
      vertex 42 12 1.6
      vertex 42.5 12 1.6
    endloop
  endfacet
  facet normal -0.977185 -0.194416 0.085505
    outer loop
      vertex 21.7675 4.1581 8.1
      vertex 21.8622 4.1581 9.18227
      vertex 21.6 5 8.1
    endloop
  endfacet
  facet normal -0.977179 -0.194465 0.0854653
    outer loop
      vertex 21.8622 4.1581 9.18227
      vertex 21.6972 5 9.21135
      vertex 21.6 5 8.1
    endloop
  endfacet
  facet normal -0.829283 -0.554103 0.0725193
    outer loop
      vertex 22.2444 3.44436 8.1
      vertex 22.3318 3.44436 9.09945
      vertex 21.7675 4.1581 8.1
    endloop
  endfacet
  facet normal -0.829309 -0.554058 0.0725656
    outer loop
      vertex 22.3318 3.44436 9.09945
      vertex 21.8622 4.1581 9.18227
      vertex 21.7675 4.1581 8.1
    endloop
  endfacet
  facet normal -0.554932 -0.830478 0.0485515
    outer loop
      vertex 22.9581 2.96746 8.1
      vertex 23.0347 2.96746 8.97552
      vertex 22.2444 3.44436 8.1
    endloop
  endfacet
  facet normal -0.554912 -0.830492 0.048526
    outer loop
      vertex 23.0347 2.96746 8.97552
      vertex 22.3318 3.44436 9.09945
      vertex 22.2444 3.44436 8.1
    endloop
  endfacet
  facet normal -0.195057 -0.980643 0.0170633
    outer loop
      vertex 23.8 2.8 8.1
      vertex 23.8638 2.8 8.82932
      vertex 22.9581 2.96746 8.1
    endloop
  endfacet
  facet normal -0.195059 -0.980643 0.0170659
    outer loop
      vertex 23.8638 2.8 8.82932
      vertex 23.0347 2.96746 8.97552
      vertex 22.9581 2.96746 8.1
    endloop
  endfacet
  facet normal 0.195057 -0.980644 -0.0170595
    outer loop
      vertex 24.6419 2.96746 8.1
      vertex 24.6929 2.96746 8.68313
      vertex 23.8 2.8 8.1
    endloop
  endfacet
  facet normal 0.19506 -0.980643 -0.0170636
    outer loop
      vertex 24.6929 2.96746 8.68313
      vertex 23.8638 2.8 8.82932
      vertex 23.8 2.8 8.1
    endloop
  endfacet
  facet normal 0.554931 -0.830477 -0.0485817
    outer loop
      vertex 25.3556 3.44436 8.1
      vertex 25.3958 3.44436 8.55919
      vertex 24.6419 2.96746 8.1
    endloop
  endfacet
  facet normal 0.554911 -0.830493 -0.048532
    outer loop
      vertex 25.3958 3.44436 8.55919
      vertex 24.6929 2.96746 8.68313
      vertex 24.6419 2.96746 8.1
    endloop
  endfacet
  facet normal 0.829272 -0.554095 -0.0727084
    outer loop
      vertex 25.8325 4.1581 8.1
      vertex 25.8655 4.1581 8.47638
      vertex 25.3556 3.44436 8.1
    endloop
  endfacet
  facet normal 0.829252 -0.554139 -0.0725973
    outer loop
      vertex 25.8655 4.1581 8.47638
      vertex 25.3958 3.44436 8.55919
      vertex 25.3556 3.44436 8.1
    endloop
  endfacet
  facet normal 0.977183 -0.194415 -0.0855352
    outer loop
      vertex 26 5 8.1
      vertex 26.0304 5 8.4473
      vertex 25.8325 4.1581 8.1
    endloop
  endfacet
  facet normal 0.977182 -0.194357 -0.0856767
    outer loop
      vertex 26.0304 5 8.4473
      vertex 25.8655 4.1581 8.47638
      vertex 25.8325 4.1581 8.1
    endloop
  endfacet
  facet normal 0.977171 0.194413 -0.0856758
    outer loop
      vertex 25.8655 5.8419 8.47638
      vertex 26 5 8.1
      vertex 25.8325 5.8419 8.1
    endloop
  endfacet
  facet normal 0.977195 0.194354 -0.0855362
    outer loop
      vertex 26.0304 5 8.4473
      vertex 26 5 8.1
      vertex 25.8655 5.8419 8.47638
    endloop
  endfacet
  facet normal 0.829275 0.554105 -0.0725993
    outer loop
      vertex 25.3958 6.55563 8.55919
      vertex 25.8325 5.8419 8.1
      vertex 25.3556 6.55563 8.1
    endloop
  endfacet
  facet normal 0.829236 0.554149 -0.0727052
    outer loop
      vertex 25.8655 5.8419 8.47638
      vertex 25.8325 5.8419 8.1
      vertex 25.3958 6.55563 8.55919
    endloop
  endfacet
  facet normal 0.554932 0.830479 -0.0485339
    outer loop
      vertex 24.6929 7.03253 8.68313
      vertex 25.3556 6.55563 8.1
      vertex 24.6419 7.03253 8.1
    endloop
  endfacet
  facet normal 0.554904 0.830495 -0.0485793
    outer loop
      vertex 25.3958 6.55563 8.55919
      vertex 25.3556 6.55563 8.1
      vertex 24.6929 7.03253 8.68313
    endloop
  endfacet
  facet normal 0.195068 0.980641 -0.0170643
    outer loop
      vertex 23.8638 7.2 8.82932
      vertex 24.6419 7.03253 8.1
      vertex 23.8 7.2 8.1
    endloop
  endfacet
  facet normal 0.195071 0.980641 -0.0170608
    outer loop
      vertex 24.6929 7.03253 8.68313
      vertex 24.6419 7.03253 8.1
      vertex 23.8638 7.2 8.82932
    endloop
  endfacet
  facet normal -0.195068 0.980641 0.0170667
    outer loop
      vertex 23.0347 7.03253 8.97552
      vertex 23.8 7.2 8.1
      vertex 22.9581 7.03253 8.1
    endloop
  endfacet
  facet normal -0.195071 0.980641 0.0170645
    outer loop
      vertex 23.8638 7.2 8.82932
      vertex 23.8 7.2 8.1
      vertex 23.0347 7.03253 8.97552
    endloop
  endfacet
  facet normal -0.554932 0.830479 0.0485278
    outer loop
      vertex 22.3318 6.55563 9.09945
      vertex 22.9581 7.03253 8.1
      vertex 22.2444 6.55563 8.1
    endloop
  endfacet
  facet normal -0.554909 0.830493 0.0485495
    outer loop
      vertex 23.0347 7.03253 8.97552
      vertex 22.9581 7.03253 8.1
      vertex 22.3318 6.55563 9.09945
    endloop
  endfacet
  facet normal -0.829277 0.554106 0.0725628
    outer loop
      vertex 21.8622 5.8419 9.18227
      vertex 22.2444 6.55563 8.1
      vertex 21.7675 5.8419 8.1
    endloop
  endfacet
  facet normal -0.829311 0.554062 0.0725216
    outer loop
      vertex 22.3318 6.55563 9.09945
      vertex 22.2444 6.55563 8.1
      vertex 21.8622 5.8419 9.18227
    endloop
  endfacet
  facet normal -0.977189 0.194416 0.0854661
    outer loop
      vertex 21.6972 5 9.21135
      vertex 21.7675 5.8419 8.1
      vertex 21.6 5 8.1
    endloop
  endfacet
  facet normal -0.977176 0.194465 0.0855041
    outer loop
      vertex 21.8622 5.8419 9.18227
      vertex 21.7675 5.8419 8.1
      vertex 21.6972 5 9.21135
    endloop
  endfacet
  facet normal -0.947507 -0.194464 0.253799
    outer loop
      vertex 21.8622 4.1581 9.18227
      vertex 22.1433 4.1581 10.2317
      vertex 21.6972 5 9.21135
    endloop
  endfacet
  facet normal -0.947505 -0.194285 0.253946
    outer loop
      vertex 22.1433 4.1581 10.2317
      vertex 21.986 5 10.2889
      vertex 21.6972 5 9.21135
    endloop
  endfacet
  facet normal -0.804103 -0.554059 0.215495
    outer loop
      vertex 22.3318 3.44436 9.09945
      vertex 22.5915 3.44436 10.0685
      vertex 21.8622 4.1581 9.18227
    endloop
  endfacet
  facet normal -0.804061 -0.554165 0.215376
    outer loop
      vertex 22.5915 3.44436 10.0685
      vertex 22.1433 4.1581 10.2317
      vertex 21.8622 4.1581 9.18227
    endloop
  endfacet
  facet normal -0.538045 -0.830492 0.144191
    outer loop
      vertex 23.0347 2.96746 8.97552
      vertex 23.2622 2.96746 9.82443
      vertex 22.3318 3.44436 9.09945
    endloop
  endfacet
  facet normal -0.538046 -0.83049 0.144193
    outer loop
      vertex 23.2622 2.96746 9.82443
      vertex 22.5915 3.44436 10.0685
      vertex 22.3318 3.44436 9.09945
    endloop
  endfacet
  facet normal -0.189131 -0.980643 0.0506821
    outer loop
      vertex 23.8638 2.8 8.82932
      vertex 24.0533 2.8 9.53648
      vertex 23.0347 2.96746 8.97552
    endloop
  endfacet
  facet normal -0.189133 -0.980642 0.050686
    outer loop
      vertex 24.0533 2.8 9.53648
      vertex 23.2622 2.96746 9.82443
      vertex 23.0347 2.96746 8.97552
    endloop
  endfacet
  facet normal 0.189133 -0.980643 -0.0506776
    outer loop
      vertex 24.6929 2.96746 8.68313
      vertex 24.8444 2.96746 9.24854
      vertex 23.8638 2.8 8.82932
    endloop
  endfacet
  facet normal 0.189135 -0.980642 -0.0506831
    outer loop
      vertex 24.8444 2.96746 9.24854
      vertex 24.0533 2.8 9.53648
      vertex 23.8638 2.8 8.82932
    endloop
  endfacet
  facet normal 0.538048 -0.830494 -0.144168
    outer loop
      vertex 25.3958 3.44436 8.55919
      vertex 25.5151 3.44436 9.00443
      vertex 24.6929 2.96746 8.68313
    endloop
  endfacet
  facet normal 0.538049 -0.830493 -0.144169
    outer loop
      vertex 25.5151 3.44436 9.00443
      vertex 24.8444 2.96746 9.24854
      vertex 24.6929 2.96746 8.68313
    endloop
  endfacet
  facet normal 0.804104 -0.554143 -0.215271
    outer loop
      vertex 25.8655 4.1581 8.47638
      vertex 25.9632 4.1581 8.84132
      vertex 25.3958 3.44436 8.55919
    endloop
  endfacet
  facet normal 0.804105 -0.554071 -0.215456
    outer loop
      vertex 25.9632 4.1581 8.84132
      vertex 25.5151 3.44436 9.00443
      vertex 25.3958 3.44436 8.55919
    endloop
  endfacet
  facet normal 0.947527 -0.194356 -0.253807
    outer loop
      vertex 26.0304 5 8.4473
      vertex 26.1206 5 8.78404
      vertex 25.8655 4.1581 8.47638
    endloop
  endfacet
  facet normal 0.947551 -0.194411 -0.253674
    outer loop
      vertex 26.1206 5 8.78404
      vertex 25.9632 4.1581 8.84132
      vertex 25.8655 4.1581 8.47638
    endloop
  endfacet
  facet normal 0.947562 0.194358 -0.253677
    outer loop
      vertex 25.9632 5.8419 8.84132
      vertex 26.0304 5 8.4473
      vertex 25.8655 5.8419 8.47638
    endloop
  endfacet
  facet normal 0.947516 0.194414 -0.253804
    outer loop
      vertex 26.1206 5 8.78404
      vertex 26.0304 5 8.4473
      vertex 25.9632 5.8419 8.84132
    endloop
  endfacet
  facet normal 0.804059 0.554142 -0.215444
    outer loop
      vertex 25.5151 6.55563 9.00443
      vertex 25.8655 5.8419 8.47638
      vertex 25.3958 6.55563 8.55919
    endloop
  endfacet
  facet normal 0.804152 0.554069 -0.215284
    outer loop
      vertex 25.9632 5.8419 8.84132
      vertex 25.8655 5.8419 8.47638
      vertex 25.5151 6.55563 9.00443
    endloop
  endfacet
  facet normal 0.538048 0.830494 -0.144169
    outer loop
      vertex 24.8444 7.03253 9.24854
      vertex 25.3958 6.55563 8.55919
      vertex 24.6929 7.03253 8.68313
    endloop
  endfacet
  facet normal 0.538049 0.830493 -0.144168
    outer loop
      vertex 25.5151 6.55563 9.00443
      vertex 25.3958 6.55563 8.55919
      vertex 24.8444 7.03253 9.24854
    endloop
  endfacet
  facet normal 0.189143 0.980641 -0.0506852
    outer loop
      vertex 24.0533 7.2 9.53648
      vertex 24.6929 7.03253 8.68313
      vertex 23.8638 7.2 8.82932
    endloop
  endfacet
  facet normal 0.189147 0.98064 -0.0506815
    outer loop
      vertex 24.8444 7.03253 9.24854
      vertex 24.6929 7.03253 8.68313
      vertex 24.0533 7.2 9.53648
    endloop
  endfacet
  facet normal -0.189142 0.980641 0.0506882
    outer loop
      vertex 23.2622 7.03253 9.82443
      vertex 23.8638 7.2 8.82932
      vertex 23.0347 7.03253 8.97552
    endloop
  endfacet
  facet normal -0.189145 0.98064 0.0506859
    outer loop
      vertex 24.0533 7.2 9.53648
      vertex 23.8638 7.2 8.82932
      vertex 23.2622 7.03253 9.82443
    endloop
  endfacet
  facet normal -0.538045 0.830492 0.144193
    outer loop
      vertex 22.5915 6.55563 10.0685
      vertex 23.0347 7.03253 8.97552
      vertex 22.3318 6.55563 9.09945
    endloop
  endfacet
  facet normal -0.538047 0.83049 0.144192
    outer loop
      vertex 23.2622 7.03253 9.82443
      vertex 23.0347 7.03253 8.97552
      vertex 22.5915 6.55563 10.0685
    endloop
  endfacet
  facet normal -0.804123 0.554068 0.215392
    outer loop
      vertex 22.1433 5.8419 10.2317
      vertex 22.3318 6.55563 9.09945
      vertex 21.8622 5.8419 9.18227
    endloop
  endfacet
  facet normal -0.804028 0.554174 0.215475
    outer loop
      vertex 22.5915 6.55563 10.0685
      vertex 22.3318 6.55563 9.09945
      vertex 22.1433 5.8419 10.2317
    endloop
  endfacet
  facet normal -0.947471 0.194462 0.253937
    outer loop
      vertex 21.986 5 10.2889
      vertex 21.8622 5.8419 9.18227
      vertex 21.6972 5 9.21135
    endloop
  endfacet
  facet normal -0.947542 0.194282 0.253808
    outer loop
      vertex 21.986 5 10.2889
      vertex 22.1433 5.8419 10.2317
      vertex 21.8622 5.8419 9.18227
    endloop
  endfacet
  facet normal -0.889015 -0.194273 0.414621
    outer loop
      vertex 22.1433 4.1581 10.2317
      vertex 22.6025 4.1581 11.2163
      vertex 21.986 5 10.2889
    endloop
  endfacet
  facet normal -0.88904 -0.194432 0.414493
    outer loop
      vertex 22.6025 4.1581 11.2163
      vertex 22.4574 5 11.3
      vertex 21.986 5 10.2889
    endloop
  endfacet
  facet normal -0.754414 -0.554177 0.351778
    outer loop
      vertex 22.5915 3.44436 10.0685
      vertex 23.0155 3.44436 10.9778
      vertex 22.1433 4.1581 10.2317
    endloop
  endfacet
  facet normal -0.754425 -0.554115 0.351851
    outer loop
      vertex 23.0155 3.44436 10.9778
      vertex 22.6025 4.1581 11.2163
      vertex 22.1433 4.1581 10.2317
    endloop
  endfacet
  facet normal -0.504858 -0.830488 0.23539
    outer loop
      vertex 23.2622 2.96746 9.82443
      vertex 23.6336 2.96746 10.621
      vertex 22.5915 3.44436 10.0685
    endloop
  endfacet
  facet normal -0.504866 -0.830476 0.235415
    outer loop
      vertex 23.6336 2.96746 10.621
      vertex 23.0155 3.44436 10.9778
      vertex 22.5915 3.44436 10.0685
    endloop
  endfacet
  facet normal -0.177462 -0.980642 0.0827508
    outer loop
      vertex 24.0533 2.8 9.53648
      vertex 24.3627 2.8 10.2
      vertex 23.2622 2.96746 9.82443
    endloop
  endfacet
  facet normal -0.177459 -0.980644 0.0827399
    outer loop
      vertex 24.3627 2.8 10.2
      vertex 23.6336 2.96746 10.621
      vertex 23.2622 2.96746 9.82443
    endloop
  endfacet
  facet normal 0.177461 -0.980642 -0.0827576
    outer loop
      vertex 24.8444 2.96746 9.24854
      vertex 25.0918 2.96746 9.77905
      vertex 24.0533 2.8 9.53648
    endloop
  endfacet
  facet normal 0.177459 -0.980643 -0.0827492
    outer loop
      vertex 25.0918 2.96746 9.77905
      vertex 24.3627 2.8 10.2
      vertex 24.0533 2.8 9.53648
    endloop
  endfacet
  facet normal 0.50484 -0.830493 -0.235411
    outer loop
      vertex 25.5151 3.44436 9.00443
      vertex 25.7099 3.44436 9.42218
      vertex 24.8444 2.96746 9.24854
    endloop
  endfacet
  facet normal 0.50484 -0.830487 -0.235429
    outer loop
      vertex 25.7099 3.44436 9.42218
      vertex 25.0918 2.96746 9.77905
      vertex 24.8444 2.96746 9.24854
    endloop
  endfacet
  facet normal 0.754447 -0.55407 -0.351874
    outer loop
      vertex 25.9632 4.1581 8.84132
      vertex 26.1229 4.1581 9.18373
      vertex 25.5151 3.44436 9.00443
    endloop
  endfacet
  facet normal 0.754459 -0.554096 -0.35181
    outer loop
      vertex 26.1229 4.1581 9.18373
      vertex 25.7099 3.44436 9.42218
      vertex 25.5151 3.44436 9.00443
    endloop
  endfacet
  facet normal 0.889052 -0.194415 -0.414475
    outer loop
      vertex 26.1206 5 8.78404
      vertex 26.2679 5 9.1
      vertex 25.9632 4.1581 8.84132
    endloop
  endfacet
  facet normal 0.888996 -0.194347 -0.414627
    outer loop
      vertex 26.2679 5 9.1
      vertex 26.1229 4.1581 9.18373
      vertex 25.9632 4.1581 8.84132
    endloop
  endfacet
  facet normal 0.888984 0.194412 -0.414622
    outer loop
      vertex 26.1229 5.8419 9.18373
      vertex 26.1206 5 8.78404
      vertex 25.9632 5.8419 8.84132
    endloop
  endfacet
  facet normal 0.889065 0.194345 -0.41448
    outer loop
      vertex 26.1229 5.8419 9.18373
      vertex 26.2679 5 9.1
      vertex 26.1206 5 8.78404
    endloop
  endfacet
  facet normal 0.754469 0.554078 -0.351815
    outer loop
      vertex 25.7099 6.55563 9.42218
      vertex 25.9632 5.8419 8.84132
      vertex 25.5151 6.55563 9.00443
    endloop
  endfacet
  facet normal 0.754427 0.554104 -0.351865
    outer loop
      vertex 26.1229 5.8419 9.18373
      vertex 25.9632 5.8419 8.84132
      vertex 25.7099 6.55563 9.42218
    endloop
  endfacet
  facet normal 0.504834 0.830492 -0.235426
    outer loop
      vertex 25.0918 7.03253 9.77905
      vertex 25.5151 6.55563 9.00443
      vertex 24.8444 7.03253 9.24854
    endloop
  endfacet
  facet normal 0.504848 0.830487 -0.235415
    outer loop
      vertex 25.7099 6.55563 9.42218
      vertex 25.5151 6.55563 9.00443
      vertex 25.0918 7.03253 9.77905
    endloop
  endfacet
  facet normal 0.177473 0.98064 -0.0827559
    outer loop
      vertex 24.3627 7.2 10.2
      vertex 24.8444 7.03253 9.24854
      vertex 24.0533 7.2 9.53648
    endloop
  endfacet
  facet normal 0.177466 0.980641 -0.08276
    outer loop
      vertex 25.0918 7.03253 9.77905
      vertex 24.8444 7.03253 9.24854
      vertex 24.3627 7.2 10.2
    endloop
  endfacet
  facet normal -0.177475 0.98064 0.0827476
    outer loop
      vertex 23.6336 7.03253 10.621
      vertex 24.0533 7.2 9.53648
      vertex 23.2622 7.03253 9.82443
    endloop
  endfacet
  facet normal -0.177465 0.980642 0.082752
    outer loop
      vertex 24.3627 7.2 10.2
      vertex 24.0533 7.2 9.53648
      vertex 23.6336 7.03253 10.621
    endloop
  endfacet
  facet normal -0.504851 0.830487 0.235408
    outer loop
      vertex 23.0155 6.55563 10.9778
      vertex 23.2622 7.03253 9.82443
      vertex 22.5915 6.55563 10.0685
    endloop
  endfacet
  facet normal -0.504876 0.830475 0.235398
    outer loop
      vertex 23.6336 7.03253 10.621
      vertex 23.2622 7.03253 9.82443
      vertex 23.0155 6.55563 10.9778
    endloop
  endfacet
  facet normal -0.754386 0.55418 0.351832
    outer loop
      vertex 22.6025 5.8419 11.2163
      vertex 22.5915 6.55563 10.0685
      vertex 22.1433 5.8419 10.2317
    endloop
  endfacet
  facet normal -0.75445 0.554118 0.351794
    outer loop
      vertex 22.6025 5.8419 11.2163
      vertex 23.0155 6.55563 10.9778
      vertex 22.5915 6.55563 10.0685
    endloop
  endfacet
  facet normal -0.889068 0.194275 0.414506
    outer loop
      vertex 22.4574 5 11.3
      vertex 22.1433 5.8419 10.2317
      vertex 21.986 5 10.2889
    endloop
  endfacet
  facet normal -0.888986 0.194435 0.414607
    outer loop
      vertex 22.4574 5 11.3
      vertex 22.6025 5.8419 11.2163
      vertex 22.1433 5.8419 10.2317
    endloop
  endfacet
  facet normal -0.803527 -0.194421 0.562623
    outer loop
      vertex 22.6025 4.1581 11.2163
      vertex 23.2256 4.1581 12.1062
      vertex 22.4574 5 11.3
    endloop
  endfacet
  facet normal -0.80351 -0.194362 0.562668
    outer loop
      vertex 23.2256 4.1581 12.1062
      vertex 23.0973 5 12.2138
      vertex 22.4574 5 11.3
    endloop
  endfacet
  facet normal -0.68193 -0.554122 0.477409
    outer loop
      vertex 23.0155 3.44436 10.9778
      vertex 23.5909 3.44436 11.7997
      vertex 22.6025 4.1581 11.2163
    endloop
  endfacet
  facet normal -0.681929 -0.554062 0.477481
    outer loop
      vertex 23.5909 3.44436 11.7997
      vertex 23.2256 4.1581 12.1062
      vertex 22.6025 4.1581 11.2163
    endloop
  endfacet
  facet normal -0.456311 -0.830472 0.319525
    outer loop
      vertex 23.6336 2.96746 10.621
      vertex 24.1377 2.96746 11.3409
      vertex 23.0155 3.44436 10.9778
    endloop
  endfacet
  facet normal -0.456301 -0.830507 0.319449
    outer loop
      vertex 24.1377 2.96746 11.3409
      vertex 23.5909 3.44436 11.7997
      vertex 23.0155 3.44436 10.9778
    endloop
  endfacet
  facet normal -0.160389 -0.980645 0.112302
    outer loop
      vertex 24.3627 2.8 10.2
      vertex 24.7826 2.8 10.7997
      vertex 23.6336 2.96746 10.621
    endloop
  endfacet
  facet normal -0.16039 -0.980643 0.112311
    outer loop
      vertex 24.7826 2.8 10.7997
      vertex 24.1377 2.96746 11.3409
      vertex 23.6336 2.96746 10.621
    endloop
  endfacet
  facet normal 0.160395 -0.980643 -0.112305
    outer loop
      vertex 25.0918 2.96746 9.77905
      vertex 25.4275 2.96746 10.2585
      vertex 24.3627 2.8 10.2
    endloop
  endfacet
  facet normal 0.160395 -0.980643 -0.112306
    outer loop
      vertex 25.4275 2.96746 10.2585
      vertex 24.7826 2.8 10.7997
      vertex 24.3627 2.8 10.2
    endloop
  endfacet
  facet normal 0.45629 -0.830487 -0.319517
    outer loop
      vertex 25.7099 3.44436 9.42218
      vertex 25.9743 3.44436 9.79976
      vertex 25.0918 2.96746 9.77905
    endloop
  endfacet
  facet normal 0.456295 -0.830496 -0.319487
    outer loop
      vertex 25.9743 3.44436 9.79976
      vertex 25.4275 2.96746 10.2585
      vertex 25.0918 2.96746 9.77905
    endloop
  endfacet
  facet normal 0.681912 -0.554097 -0.477464
    outer loop
      vertex 26.1229 4.1581 9.18373
      vertex 26.3396 4.1581 9.49322
      vertex 25.7099 3.44436 9.42218
    endloop
  endfacet
  facet normal 0.6819 -0.554082 -0.4775
    outer loop
      vertex 26.3396 4.1581 9.49322
      vertex 25.9743 3.44436 9.79976
      vertex 25.7099 3.44436 9.42218
    endloop
  endfacet
  facet normal 0.803478 -0.194347 -0.562719
    outer loop
      vertex 26.2679 5 9.1
      vertex 26.4679 5 9.38557
      vertex 26.1229 4.1581 9.18373
    endloop
  endfacet
  facet normal 0.803534 -0.194393 -0.562622
    outer loop
      vertex 26.4679 5 9.38557
      vertex 26.3396 4.1581 9.49322
      vertex 26.1229 4.1581 9.18373
    endloop
  endfacet
  facet normal 0.803542 0.194349 -0.562627
    outer loop
      vertex 26.3396 5.8419 9.49322
      vertex 26.2679 5 9.1
      vertex 26.1229 5.8419 9.18373
    endloop
  endfacet
  facet normal 0.80347 0.194395 -0.562713
    outer loop
      vertex 26.3396 5.8419 9.49322
      vertex 26.4679 5 9.38557
      vertex 26.2679 5 9.1
    endloop
  endfacet
  facet normal 0.681889 0.554101 -0.477492
    outer loop
      vertex 25.9743 6.55563 9.79976
      vertex 26.1229 5.8419 9.18373
      vertex 25.7099 6.55563 9.42218
    endloop
  endfacet
  facet normal 0.681918 0.554086 -0.477468
    outer loop
      vertex 26.3396 5.8419 9.49322
      vertex 26.1229 5.8419 9.18373
      vertex 25.9743 6.55563 9.79976
    endloop
  endfacet
  facet normal 0.456304 0.830488 -0.319494
    outer loop
      vertex 25.4275 7.03253 10.2585
      vertex 25.7099 6.55563 9.42218
      vertex 25.0918 7.03253 9.77905
    endloop
  endfacet
  facet normal 0.456278 0.830497 -0.319508
    outer loop
      vertex 25.9743 6.55563 9.79976
      vertex 25.7099 6.55563 9.42218
      vertex 25.4275 7.03253 10.2585
    endloop
  endfacet
  facet normal 0.160404 0.980641 -0.112312
    outer loop
      vertex 24.7826 7.2 10.7997
      vertex 25.0918 7.03253 9.77905
      vertex 24.3627 7.2 10.2
    endloop
  endfacet
  facet normal 0.160405 0.980641 -0.112312
    outer loop
      vertex 25.4275 7.03253 10.2585
      vertex 25.0918 7.03253 9.77905
      vertex 24.7826 7.2 10.7997
    endloop
  endfacet
  facet normal -0.160395 0.980642 0.112314
    outer loop
      vertex 24.1377 7.03253 11.3409
      vertex 24.3627 7.2 10.2
      vertex 23.6336 7.03253 10.621
    endloop
  endfacet
  facet normal -0.160404 0.980641 0.112312
    outer loop
      vertex 24.7826 7.2 10.7997
      vertex 24.3627 7.2 10.2
      vertex 24.1377 7.03253 11.3409
    endloop
  endfacet
  facet normal -0.45634 0.830475 0.319477
    outer loop
      vertex 23.5909 6.55563 11.7997
      vertex 23.6336 7.03253 10.621
      vertex 23.0155 6.55563 10.9778
    endloop
  endfacet
  facet normal -0.456266 0.830509 0.319494
    outer loop
      vertex 24.1377 7.03253 11.3409
      vertex 23.6336 7.03253 10.621
      vertex 23.5909 6.55563 11.7997
    endloop
  endfacet
  facet normal -0.681895 0.554125 0.477457
    outer loop
      vertex 23.2256 5.8419 12.1062
      vertex 23.0155 6.55563 10.9778
      vertex 22.6025 5.8419 11.2163
    endloop
  endfacet
  facet normal -0.681961 0.554065 0.477431
    outer loop
      vertex 23.2256 5.8419 12.1062
      vertex 23.5909 6.55563 11.7997
      vertex 23.0155 6.55563 10.9778
    endloop
  endfacet
  facet normal -0.8035 0.194421 0.562661
    outer loop
      vertex 23.0973 5 12.2138
      vertex 22.6025 5.8419 11.2163
      vertex 22.4574 5 11.3
    endloop
  endfacet
  facet normal -0.803537 0.194361 0.562629
    outer loop
      vertex 23.0973 5 12.2138
      vertex 23.2256 5.8419 12.1062
      vertex 22.6025 5.8419 11.2163
    endloop
  endfacet
  facet normal -0.693623 -0.194353 0.693623
    outer loop
      vertex 23.2256 4.1581 12.1062
      vertex 23.9938 4.1581 12.8744
      vertex 23.0973 5 12.2138
    endloop
  endfacet
  facet normal -0.693623 -0.194353 0.693623
    outer loop
      vertex 23.9938 4.1581 12.8744
      vertex 23.8862 5 13.0027
      vertex 23.0973 5 12.2138
    endloop
  endfacet
  facet normal -0.58865 -0.55406 0.58865
    outer loop
      vertex 23.5909 3.44436 11.7997
      vertex 24.3003 3.44436 12.5091
      vertex 23.2256 4.1581 12.1062
    endloop
  endfacet
  facet normal -0.58865 -0.55406 0.58865
    outer loop
      vertex 24.3003 3.44436 12.5091
      vertex 23.9938 4.1581 12.8744
      vertex 23.2256 4.1581 12.1062
    endloop
  endfacet
  facet normal -0.393864 -0.830508 0.393864
    outer loop
      vertex 24.1377 2.96746 11.3409
      vertex 24.7591 2.96746 11.9623
      vertex 23.5909 3.44436 11.7997
    endloop
  endfacet
  facet normal -0.393864 -0.830508 0.393864
    outer loop
      vertex 24.7591 2.96746 11.9623
      vertex 24.3003 3.44436 12.5091
      vertex 23.5909 3.44436 11.7997
    endloop
  endfacet
  facet normal -0.138453 -0.980644 0.138453
    outer loop
      vertex 24.7826 2.8 10.7997
      vertex 25.3003 2.8 11.3174
      vertex 24.1377 2.96746 11.3409
    endloop
  endfacet
  facet normal -0.138453 -0.980644 0.138453
    outer loop
      vertex 25.3003 2.8 11.3174
      vertex 24.7591 2.96746 11.9623
      vertex 24.1377 2.96746 11.3409
    endloop
  endfacet
  facet normal 0.138453 -0.980644 -0.138453
    outer loop
      vertex 25.4275 2.96746 10.2585
      vertex 25.8415 2.96746 10.6725
      vertex 24.7826 2.8 10.7997
    endloop
  endfacet
  facet normal 0.138453 -0.980644 -0.138453
    outer loop
      vertex 25.8415 2.96746 10.6725
      vertex 25.3003 2.8 11.3174
      vertex 24.7826 2.8 10.7997
    endloop
  endfacet
  facet normal 0.393902 -0.830494 -0.393854
    outer loop
      vertex 25.9743 3.44436 9.79976
      vertex 26.3002 3.44436 10.1257
      vertex 25.4275 2.96746 10.2585
    endloop
  endfacet
  facet normal 0.393891 -0.830482 -0.393891
    outer loop
      vertex 26.3002 3.44436 10.1257
      vertex 25.8415 2.96746 10.6725
      vertex 25.4275 2.96746 10.2585
    endloop
  endfacet
  facet normal 0.588558 -0.554138 -0.588668
    outer loop
      vertex 26.3002 3.44436 10.1257
      vertex 26.3396 4.1581 9.49322
      vertex 26.6068 4.1581 9.76037
    endloop
  endfacet
  facet normal 0.588674 -0.554085 -0.588602
    outer loop
      vertex 26.3396 4.1581 9.49322
      vertex 26.3002 3.44436 10.1257
      vertex 25.9743 3.44436 9.79976
    endloop
  endfacet
  facet normal 0.693646 -0.194393 -0.69359
    outer loop
      vertex 26.4679 5 9.38557
      vertex 26.7144 5 9.63209
      vertex 26.3396 4.1581 9.49322
    endloop
  endfacet
  facet normal 0.693561 -0.194339 -0.69369
    outer loop
      vertex 26.7144 5 9.63209
      vertex 26.6068 4.1581 9.76037
      vertex 26.3396 4.1581 9.49322
    endloop
  endfacet
  facet normal 0.693553 0.194391 -0.693683
    outer loop
      vertex 26.6068 5.8419 9.76037
      vertex 26.4679 5 9.38557
      vertex 26.3396 5.8419 9.49322
    endloop
  endfacet
  facet normal 0.693654 0.194336 -0.693598
    outer loop
      vertex 26.6068 5.8419 9.76037
      vertex 26.7144 5 9.63209
      vertex 26.4679 5 9.38557
    endloop
  endfacet
  facet normal 0.588556 0.554143 -0.588666
    outer loop
      vertex 26.3396 5.8419 9.49322
      vertex 26.3002 6.55563 10.1257
      vertex 26.6068 5.8419 9.76037
    endloop
  endfacet
  facet normal 0.588672 0.554091 -0.588599
    outer loop
      vertex 26.3002 6.55563 10.1257
      vertex 26.3396 5.8419 9.49322
      vertex 25.9743 6.55563 9.79976
    endloop
  endfacet
  facet normal 0.39388 0.830492 -0.39388
    outer loop
      vertex 25.8415 7.03253 10.6725
      vertex 25.9743 6.55563 9.79976
      vertex 25.4275 7.03253 10.2585
    endloop
  endfacet
  facet normal 0.393916 0.830481 -0.393868
    outer loop
      vertex 26.3002 6.55563 10.1257
      vertex 25.9743 6.55563 9.79976
      vertex 25.8415 7.03253 10.6725
    endloop
  endfacet
  facet normal 0.138461 0.980641 -0.138461
    outer loop
      vertex 25.3003 7.2 11.3174
      vertex 25.4275 7.03253 10.2585
      vertex 24.7826 7.2 10.7997
    endloop
  endfacet
  facet normal 0.138461 0.980641 -0.138461
    outer loop
      vertex 25.8415 7.03253 10.6725
      vertex 25.4275 7.03253 10.2585
      vertex 25.3003 7.2 11.3174
    endloop
  endfacet
  facet normal -0.138461 0.980641 0.138461
    outer loop
      vertex 24.7591 7.03253 11.9623
      vertex 24.7826 7.2 10.7997
      vertex 24.1377 7.03253 11.3409
    endloop
  endfacet
  facet normal -0.138461 0.980641 0.138461
    outer loop
      vertex 25.3003 7.2 11.3174
      vertex 24.7826 7.2 10.7997
      vertex 24.7591 7.03253 11.9623
    endloop
  endfacet
  facet normal -0.393864 0.830508 0.393864
    outer loop
      vertex 24.3003 6.55563 12.5091
      vertex 24.1377 7.03253 11.3409
      vertex 23.5909 6.55563 11.7997
    endloop
  endfacet
  facet normal -0.393864 0.830508 0.393864
    outer loop
      vertex 24.3003 6.55563 12.5091
      vertex 24.7591 7.03253 11.9623
      vertex 24.1377 7.03253 11.3409
    endloop
  endfacet
  facet normal -0.588647 0.554066 0.588647
    outer loop
      vertex 23.9938 5.8419 12.8744
      vertex 23.5909 6.55563 11.7997
      vertex 23.2256 5.8419 12.1062
    endloop
  endfacet
  facet normal -0.588647 0.554066 0.588647
    outer loop
      vertex 23.9938 5.8419 12.8744
      vertex 24.3003 6.55563 12.5091
      vertex 23.5909 6.55563 11.7997
    endloop
  endfacet
  facet normal -0.693623 0.194353 0.693623
    outer loop
      vertex 23.8862 5 13.0027
      vertex 23.2256 5.8419 12.1062
      vertex 23.0973 5 12.2138
    endloop
  endfacet
  facet normal -0.693623 0.194353 0.693623
    outer loop
      vertex 23.8862 5 13.0027
      vertex 23.9938 5.8419 12.8744
      vertex 23.2256 5.8419 12.1062
    endloop
  endfacet
  facet normal -0.562629 -0.194361 0.803537
    outer loop
      vertex 23.9938 4.1581 12.8744
      vertex 24.8837 4.1581 13.4975
      vertex 23.8862 5 13.0027
    endloop
  endfacet
  facet normal -0.562661 -0.194421 0.8035
    outer loop
      vertex 24.8837 4.1581 13.4975
      vertex 24.8 5 13.6426
      vertex 23.8862 5 13.0027
    endloop
  endfacet
  facet normal -0.477433 -0.55406 0.681964
    outer loop
      vertex 24.3003 3.44436 12.5091
      vertex 25.1222 3.44436 13.0845
      vertex 23.9938 4.1581 12.8744
    endloop
  endfacet
  facet normal -0.477459 -0.55412 0.681898
    outer loop
      vertex 25.1222 3.44436 13.0845
      vertex 24.8837 4.1581 13.4975
      vertex 23.9938 4.1581 12.8744
    endloop
  endfacet
  facet normal -0.319494 -0.830509 0.456266
    outer loop
      vertex 24.7591 2.96746 11.9623
      vertex 25.479 2.96746 12.4664
      vertex 24.3003 3.44436 12.5091
    endloop
  endfacet
  facet normal -0.319477 -0.830475 0.45634
    outer loop
      vertex 25.479 2.96746 12.4664
      vertex 25.1222 3.44436 13.0845
      vertex 24.3003 3.44436 12.5091
    endloop
  endfacet
  facet normal -0.112306 -0.980643 0.160395
    outer loop
      vertex 25.3003 2.8 11.3174
      vertex 25.9 2.8 11.7373
      vertex 24.7591 2.96746 11.9623
    endloop
  endfacet
  facet normal -0.112308 -0.980644 0.160386
    outer loop
      vertex 25.9 2.8 11.7373
      vertex 25.479 2.96746 12.4664
      vertex 24.7591 2.96746 11.9623
    endloop
  endfacet
  facet normal 0.112298 -0.980643 -0.160401
    outer loop
      vertex 25.8415 2.96746 10.6725
      vertex 26.321 2.96746 11.0082
      vertex 25.3003 2.8 11.3174
    endloop
  endfacet
  facet normal 0.112302 -0.980645 -0.160389
    outer loop
      vertex 26.321 2.96746 11.0082
      vertex 25.9 2.8 11.7373
      vertex 25.3003 2.8 11.3174
    endloop
  endfacet
  facet normal 0.319504 -0.830488 -0.456297
    outer loop
      vertex 26.3002 3.44436 10.1257
      vertex 26.6778 3.44436 10.3901
      vertex 25.8415 2.96746 10.6725
    endloop
  endfacet
  facet normal 0.319483 -0.830474 -0.456337
    outer loop
      vertex 26.6778 3.44436 10.3901
      vertex 26.321 2.96746 11.0082
      vertex 25.8415 2.96746 10.6725
    endloop
  endfacet
  facet normal 0.477457 -0.554129 -0.681892
    outer loop
      vertex 26.6068 4.1581 9.76037
      vertex 26.9163 4.1581 9.97708
      vertex 26.3002 3.44436 10.1257
    endloop
  endfacet
  facet normal 0.477463 -0.554133 -0.681884
    outer loop
      vertex 26.9163 4.1581 9.97708
      vertex 26.6778 3.44436 10.3901
      vertex 26.3002 3.44436 10.1257
    endloop
  endfacet
  facet normal 0.562604 -0.194342 -0.803559
    outer loop
      vertex 26.7144 5 9.63209
      vertex 27 5 9.83205
      vertex 26.6068 4.1581 9.76037
    endloop
  endfacet
  facet normal 0.562631 -0.194357 -0.803537
    outer loop
      vertex 27 5 9.83205
      vertex 26.9163 4.1581 9.97708
      vertex 26.6068 4.1581 9.76037
    endloop
  endfacet
  facet normal 0.562633 0.194343 -0.803539
    outer loop
      vertex 26.9163 5.8419 9.97708
      vertex 26.7144 5 9.63209
      vertex 26.6068 5.8419 9.76037
    endloop
  endfacet
  facet normal 0.562602 0.194358 -0.803557
    outer loop
      vertex 26.9163 5.8419 9.97708
      vertex 27 5 9.83205
      vertex 26.7144 5 9.63209
    endloop
  endfacet
  facet normal 0.477463 0.554134 -0.681883
    outer loop
      vertex 26.6778 6.55563 10.3901
      vertex 26.6068 5.8419 9.76037
      vertex 26.3002 6.55563 10.1257
    endloop
  endfacet
  facet normal 0.477453 0.554139 -0.681887
    outer loop
      vertex 26.6778 6.55563 10.3901
      vertex 26.9163 5.8419 9.97708
      vertex 26.6068 5.8419 9.76037
    endloop
  endfacet
  facet normal 0.319473 0.830486 -0.456322
    outer loop
      vertex 26.321 7.03253 11.0082
      vertex 26.3002 6.55563 10.1257
      vertex 25.8415 7.03253 10.6725
    endloop
  endfacet
  facet normal 0.319517 0.830473 -0.456315
    outer loop
      vertex 26.321 7.03253 11.0082
      vertex 26.6778 6.55563 10.3901
      vertex 26.3002 6.55563 10.1257
    endloop
  endfacet
  facet normal 0.112312 0.980641 -0.160404
    outer loop
      vertex 25.9 7.2 11.7373
      vertex 25.8415 7.03253 10.6725
      vertex 25.3003 7.2 11.3174
    endloop
  endfacet
  facet normal 0.112299 0.980642 -0.160404
    outer loop
      vertex 25.9 7.2 11.7373
      vertex 26.321 7.03253 11.0082
      vertex 25.8415 7.03253 10.6725
    endloop
  endfacet
  facet normal -0.112318 0.980641 0.1604
    outer loop
      vertex 25.479 7.03253 12.4664
      vertex 25.3003 7.2 11.3174
      vertex 24.7591 7.03253 11.9623
    endloop
  endfacet
  facet normal -0.112308 0.980642 0.160398
    outer loop
      vertex 25.479 7.03253 12.4664
      vertex 25.9 7.2 11.7373
      vertex 25.3003 7.2 11.3174
    endloop
  endfacet
  facet normal -0.319449 0.830507 0.456301
    outer loop
      vertex 25.1222 6.55563 13.0845
      vertex 24.7591 7.03253 11.9623
      vertex 24.3003 6.55563 12.5091
    endloop
  endfacet
  facet normal -0.319525 0.830472 0.456311
    outer loop
      vertex 25.1222 6.55563 13.0845
      vertex 25.479 7.03253 12.4664
      vertex 24.7591 7.03253 11.9623
    endloop
  endfacet
  facet normal -0.477479 0.554068 0.681926
    outer loop
      vertex 24.8837 5.8419 13.4975
      vertex 24.3003 6.55563 12.5091
      vertex 23.9938 5.8419 12.8744
    endloop
  endfacet
  facet normal -0.477407 0.554128 0.681927
    outer loop
      vertex 24.8837 5.8419 13.4975
      vertex 25.1222 6.55563 13.0845
      vertex 24.3003 6.55563 12.5091
    endloop
  endfacet
  facet normal -0.562668 0.194362 0.80351
    outer loop
      vertex 24.8 5 13.6426
      vertex 23.9938 5.8419 12.8744
      vertex 23.8862 5 13.0027
    endloop
  endfacet
  facet normal -0.562623 0.194421 0.803527
    outer loop
      vertex 24.8 5 13.6426
      vertex 24.8837 5.8419 13.4975
      vertex 23.9938 5.8419 12.8744
    endloop
  endfacet
  facet normal -0.414607 -0.194435 0.888986
    outer loop
      vertex 24.8837 4.1581 13.4975
      vertex 25.8683 4.1581 13.9567
      vertex 24.8 5 13.6426
    endloop
  endfacet
  facet normal -0.414506 -0.194275 0.889068
    outer loop
      vertex 25.8683 4.1581 13.9567
      vertex 25.8111 5 14.114
      vertex 24.8 5 13.6426
    endloop
  endfacet
  facet normal -0.351796 -0.554113 0.754453
    outer loop
      vertex 25.1222 3.44436 13.0845
      vertex 26.0315 3.44436 13.5085
      vertex 24.8837 4.1581 13.4975
    endloop
  endfacet
  facet normal -0.351834 -0.554175 0.754389
    outer loop
      vertex 26.0315 3.44436 13.5085
      vertex 25.8683 4.1581 13.9567
      vertex 24.8837 4.1581 13.4975
    endloop
  endfacet
  facet normal -0.235391 -0.830475 0.504879
    outer loop
      vertex 25.479 2.96746 12.4664
      vertex 26.2756 2.96746 12.8378
      vertex 25.1222 3.44436 13.0845
    endloop
  endfacet
  facet normal -0.235405 -0.830492 0.504844
    outer loop
      vertex 26.2756 2.96746 12.8378
      vertex 26.0315 3.44436 13.5085
      vertex 25.1222 3.44436 13.0845
    endloop
  endfacet
  facet normal -0.0827492 -0.980644 0.177453
    outer loop
      vertex 25.9 2.8 11.7373
      vertex 26.5635 2.8 12.0467
      vertex 25.479 2.96746 12.4664
    endloop
  endfacet
  facet normal -0.0827422 -0.980642 0.17747
    outer loop
      vertex 26.5635 2.8 12.0467
      vertex 26.2756 2.96746 12.8378
      vertex 25.479 2.96746 12.4664
    endloop
  endfacet
  facet normal 0.0827544 -0.980644 -0.17745
    outer loop
      vertex 26.321 2.96746 11.0082
      vertex 26.8515 2.96746 11.2556
      vertex 25.9 2.8 11.7373
    endloop
  endfacet
  facet normal 0.0827509 -0.980643 -0.177457
    outer loop
      vertex 26.8515 2.96746 11.2556
      vertex 26.5635 2.8 12.0467
      vertex 25.9 2.8 11.7373
    endloop
  endfacet
  facet normal 0.235399 -0.830475 -0.504875
    outer loop
      vertex 26.6778 3.44436 10.3901
      vertex 27.0956 3.44436 10.5849
      vertex 26.321 2.96746 11.0082
    endloop
  endfacet
  facet normal 0.235431 -0.830491 -0.504834
    outer loop
      vertex 27.0956 3.44436 10.5849
      vertex 26.8515 2.96746 11.2556
      vertex 26.321 2.96746 11.0082
    endloop
  endfacet
  facet normal 0.351901 -0.554132 -0.754389
    outer loop
      vertex 26.9163 4.1581 9.97708
      vertex 27.2587 4.1581 10.1368
      vertex 26.6778 3.44436 10.3901
    endloop
  endfacet
  facet normal 0.351782 -0.554071 -0.75449
    outer loop
      vertex 27.2587 4.1581 10.1368
      vertex 27.0956 3.44436 10.5849
      vertex 26.6778 3.44436 10.3901
    endloop
  endfacet
  facet normal 0.414505 -0.194361 -0.889049
    outer loop
      vertex 27 5 9.83205
      vertex 27.316 5 9.97938
      vertex 26.9163 4.1581 9.97708
    endloop
  endfacet
  facet normal 0.414672 -0.194441 -0.888954
    outer loop
      vertex 27.316 5 9.97938
      vertex 27.2587 4.1581 10.1368
      vertex 26.9163 4.1581 9.97708
    endloop
  endfacet
  facet normal 0.414679 0.194365 -0.888968
    outer loop
      vertex 27.2587 5.8419 10.1368
      vertex 27 5 9.83205
      vertex 26.9163 5.8419 9.97708
    endloop
  endfacet
  facet normal 0.414498 0.194444 -0.889035
    outer loop
      vertex 27.2587 5.8419 10.1368
      vertex 27.316 5 9.97938
      vertex 27 5 9.83205
    endloop
  endfacet
  facet normal 0.351765 0.554131 -0.754453
    outer loop
      vertex 27.0956 6.55563 10.5849
      vertex 26.9163 5.8419 9.97708
      vertex 26.6778 6.55563 10.3901
    endloop
  endfacet
  facet normal 0.351919 0.55407 -0.754427
    outer loop
      vertex 27.0956 6.55563 10.5849
      vertex 27.2587 5.8419 10.1368
      vertex 26.9163 5.8419 9.97708
    endloop
  endfacet
  facet normal 0.235439 0.830477 -0.504853
    outer loop
      vertex 26.8515 7.03253 11.2556
      vertex 26.6778 6.55563 10.3901
      vertex 26.321 7.03253 11.0082
    endloop
  endfacet
  facet normal 0.235388 0.830493 -0.504851
    outer loop
      vertex 26.8515 7.03253 11.2556
      vertex 27.0956 6.55563 10.5849
      vertex 26.6778 6.55563 10.3901
    endloop
  endfacet
  facet normal 0.0827539 0.980642 -0.177464
    outer loop
      vertex 26.5635 7.2 12.0467
      vertex 26.321 7.03253 11.0082
      vertex 25.9 7.2 11.7373
    endloop
  endfacet
  facet normal 0.0827613 0.980641 -0.177465
    outer loop
      vertex 26.5635 7.2 12.0467
      vertex 26.8515 7.03253 11.2556
      vertex 26.321 7.03253 11.0082
    endloop
  endfacet
  facet normal -0.0827422 0.980642 0.17747
    outer loop
      vertex 26.2756 7.03253 12.8378
      vertex 25.9 7.2 11.7373
      vertex 25.479 7.03253 12.4664
    endloop
  endfacet
  facet normal -0.0827596 0.980639 0.177476
    outer loop
      vertex 26.2756 7.03253 12.8378
      vertex 26.5635 7.2 12.0467
      vertex 25.9 7.2 11.7373
    endloop
  endfacet
  facet normal -0.235415 0.830476 0.504866
    outer loop
      vertex 26.0315 6.55563 13.5085
      vertex 25.479 7.03253 12.4664
      vertex 25.1222 6.55563 13.0845
    endloop
  endfacet
  facet normal -0.235379 0.830493 0.504855
    outer loop
      vertex 26.0315 6.55563 13.5085
      vertex 26.2756 7.03253 12.8378
      vertex 25.479 7.03253 12.4664
    endloop
  endfacet
  facet normal -0.351849 0.55412 0.754422
    outer loop
      vertex 25.8683 5.8419 13.9567
      vertex 25.1222 6.55563 13.0845
      vertex 24.8837 5.8419 13.4975
    endloop
  endfacet
  facet normal -0.351776 0.554183 0.754411
    outer loop
      vertex 25.8683 5.8419 13.9567
      vertex 26.0315 6.55563 13.5085
      vertex 25.1222 6.55563 13.0845
    endloop
  endfacet
  facet normal -0.414493 0.194432 0.88904
    outer loop
      vertex 25.8111 5 14.114
      vertex 24.8837 5.8419 13.4975
      vertex 24.8 5 13.6426
    endloop
  endfacet
  facet normal -0.414621 0.194273 0.889015
    outer loop
      vertex 25.8111 5 14.114
      vertex 25.8683 5.8419 13.9567
      vertex 24.8837 5.8419 13.4975
    endloop
  endfacet
  facet normal -0.253815 -0.194282 0.94754
    outer loop
      vertex 25.8683 4.1581 13.9567
      vertex 26.9177 4.1581 14.2378
      vertex 25.8111 5 14.114
    endloop
  endfacet
  facet normal -0.253927 -0.194438 0.947478
    outer loop
      vertex 26.9177 4.1581 14.2378
      vertex 26.8887 5 14.4028
      vertex 25.8111 5 14.114
    endloop
  endfacet
  facet normal -0.215486 -0.554169 0.804029
    outer loop
      vertex 26.0315 3.44436 13.5085
      vertex 27.0005 3.44436 13.7682
      vertex 25.8683 4.1581 13.9567
    endloop
  endfacet
  facet normal -0.2154 -0.554058 0.804128
    outer loop
      vertex 27.0005 3.44436 13.7682
      vertex 26.9177 4.1581 14.2378
      vertex 25.8683 4.1581 13.9567
    endloop
  endfacet
  facet normal -0.144192 -0.830493 0.538042
    outer loop
      vertex 26.2756 2.96746 12.8378
      vertex 27.1245 2.96746 13.0653
      vertex 26.0315 3.44436 13.5085
    endloop
  endfacet
  facet normal -0.144197 -0.830498 0.538034
    outer loop
      vertex 27.1245 2.96746 13.0653
      vertex 27.0005 3.44436 13.7682
      vertex 26.0315 3.44436 13.5085
    endloop
  endfacet
  facet normal -0.0506811 -0.980642 0.189138
    outer loop
      vertex 26.5635 2.8 12.0467
      vertex 27.2707 2.8 12.2362
      vertex 26.2756 2.96746 12.8378
    endloop
  endfacet
  facet normal -0.0506858 -0.980643 0.189131
    outer loop
      vertex 27.2707 2.8 12.2362
      vertex 27.1245 2.96746 13.0653
      vertex 26.2756 2.96746 12.8378
    endloop
  endfacet
  facet normal 0.0506785 -0.980643 -0.189133
    outer loop
      vertex 26.8515 2.96746 11.2556
      vertex 27.4169 2.96746 11.4071
      vertex 26.5635 2.8 12.0467
    endloop
  endfacet
  facet normal 0.0506794 -0.980643 -0.189132
    outer loop
      vertex 27.4169 2.96746 11.4071
      vertex 27.2707 2.8 12.2362
      vertex 26.5635 2.8 12.0467
    endloop
  endfacet
  facet normal 0.14418 -0.830493 -0.538046
    outer loop
      vertex 27.0956 3.44436 10.5849
      vertex 27.5408 3.44436 10.7042
      vertex 26.8515 2.96746 11.2556
    endloop
  endfacet
  facet normal 0.144172 -0.83049 -0.538053
    outer loop
      vertex 27.5408 3.44436 10.7042
      vertex 27.4169 2.96746 11.4071
      vertex 26.8515 2.96746 11.2556
    endloop
  endfacet
  facet normal 0.215307 -0.554062 -0.80415
    outer loop
      vertex 27.2587 4.1581 10.1368
      vertex 27.6236 4.1581 10.2345
      vertex 27.0956 3.44436 10.5849
    endloop
  endfacet
  facet normal 0.215463 -0.554133 -0.80406
    outer loop
      vertex 27.6236 4.1581 10.2345
      vertex 27.5408 3.44436 10.7042
      vertex 27.0956 3.44436 10.5849
    endloop
  endfacet
  facet normal 0.253883 -0.194443 -0.947489
    outer loop
      vertex 27.316 5 9.97938
      vertex 27.6527 5 10.0696
      vertex 27.2587 4.1581 10.1368
    endloop
  endfacet
  facet normal 0.253702 -0.194363 -0.947554
    outer loop
      vertex 27.6527 5 10.0696
      vertex 27.6236 4.1581 10.2345
      vertex 27.2587 4.1581 10.1368
    endloop
  endfacet
  facet normal 0.253698 0.194439 -0.947539
    outer loop
      vertex 27.6236 5.8419 10.2345
      vertex 27.316 5 9.97938
      vertex 27.2587 5.8419 10.1368
    endloop
  endfacet
  facet normal 0.253887 0.19436 -0.947505
    outer loop
      vertex 27.6236 5.8419 10.2345
      vertex 27.6527 5 10.0696
      vertex 27.316 5 9.97938
    endloop
  endfacet
  facet normal 0.215474 0.554075 -0.804097
    outer loop
      vertex 27.5408 6.55563 10.7042
      vertex 27.2587 5.8419 10.1368
      vertex 27.0956 6.55563 10.5849
    endloop
  endfacet
  facet normal 0.215293 0.554146 -0.804097
    outer loop
      vertex 27.5408 6.55563 10.7042
      vertex 27.6236 5.8419 10.2345
      vertex 27.2587 5.8419 10.1368
    endloop
  endfacet
  facet normal 0.144171 0.830492 -0.538049
    outer loop
      vertex 27.4169 7.03253 11.4071
      vertex 27.0956 6.55563 10.5849
      vertex 26.8515 7.03253 11.2556
    endloop
  endfacet
  facet normal 0.144181 0.830489 -0.538051
    outer loop
      vertex 27.4169 7.03253 11.4071
      vertex 27.5408 6.55563 10.7042
      vertex 27.0956 6.55563 10.5849
    endloop
  endfacet
  facet normal 0.0506825 0.980641 -0.189143
    outer loop
      vertex 27.2707 7.2 12.2362
      vertex 26.8515 7.03253 11.2556
      vertex 26.5635 7.2 12.0467
    endloop
  endfacet
  facet normal 0.0506812 0.980641 -0.189143
    outer loop
      vertex 27.2707 7.2 12.2362
      vertex 27.4169 7.03253 11.4071
      vertex 26.8515 7.03253 11.2556
    endloop
  endfacet
  facet normal -0.0506902 0.98064 0.189147
    outer loop
      vertex 27.1245 7.03253 13.0653
      vertex 26.5635 7.2 12.0467
      vertex 26.2756 7.03253 12.8378
    endloop
  endfacet
  facet normal -0.0506823 0.980641 0.189143
    outer loop
      vertex 27.1245 7.03253 13.0653
      vertex 27.2707 7.2 12.2362
      vertex 26.5635 7.2 12.0467
    endloop
  endfacet
  facet normal -0.144199 0.830494 0.53804
    outer loop
      vertex 27.0005 6.55563 13.7682
      vertex 26.2756 7.03253 12.8378
      vertex 26.0315 6.55563 13.5085
    endloop
  endfacet
  facet normal -0.14419 0.830498 0.538035
    outer loop
      vertex 27.0005 6.55563 13.7682
      vertex 27.1245 7.03253 13.0653
      vertex 26.2756 7.03253 12.8378
    endloop
  endfacet
  facet normal -0.21538 0.55417 0.804056
    outer loop
      vertex 26.9177 5.8419 14.2378
      vertex 26.0315 6.55563 13.5085
      vertex 25.8683 5.8419 13.9567
    endloop
  endfacet
  facet normal -0.215505 0.554059 0.804099
    outer loop
      vertex 26.9177 5.8419 14.2378
      vertex 27.0005 6.55563 13.7682
      vertex 26.0315 6.55563 13.5085
    endloop
  endfacet
  facet normal -0.253935 0.194284 0.947508
    outer loop
      vertex 26.8887 5 14.4028
      vertex 25.8683 5.8419 13.9567
      vertex 25.8111 5 14.114
    endloop
  endfacet
  facet normal -0.253807 0.194441 0.94751
    outer loop
      vertex 26.8887 5 14.4028
      vertex 26.9177 5.8419 14.2378
      vertex 25.8683 5.8419 13.9567
    endloop
  endfacet
  facet normal -0.0855019 -0.194458 0.977177
    outer loop
      vertex 26.9177 4.1581 14.2378
      vertex 28 4.1581 14.3325
      vertex 26.8887 5 14.4028
    endloop
  endfacet
  facet normal -0.0854699 -0.194416 0.977188
    outer loop
      vertex 28 4.1581 14.3325
      vertex 28 5 14.5
      vertex 26.8887 5 14.4028
    endloop
  endfacet
  facet normal -0.0725184 -0.554055 0.829316
    outer loop
      vertex 27.0005 3.44436 13.7682
      vertex 28 3.44436 13.8556
      vertex 26.9177 4.1581 14.2378
    endloop
  endfacet
  facet normal -0.0725611 -0.554101 0.829281
    outer loop
      vertex 28 3.44436 13.8556
      vertex 28 4.1581 14.3325
      vertex 26.9177 4.1581 14.2378
    endloop
  endfacet
  facet normal -0.0485503 -0.830495 0.554905
    outer loop
      vertex 27.1245 2.96746 13.0653
      vertex 28 2.96746 13.1419
      vertex 27.0005 3.44436 13.7682
    endloop
  endfacet
  facet normal -0.0485254 -0.830479 0.554933
    outer loop
      vertex 28 2.96746 13.1419
      vertex 28 3.44436 13.8556
      vertex 27.0005 3.44436 13.7682
    endloop
  endfacet
  facet normal -0.017064 -0.980643 0.195059
    outer loop
      vertex 27.2707 2.8 12.2362
      vertex 28 2.8 12.3
      vertex 27.1245 2.96746 13.0653
    endloop
  endfacet
  facet normal -0.0170661 -0.980643 0.195057
    outer loop
      vertex 28 2.8 12.3
      vertex 28 2.96746 13.1419
      vertex 27.1245 2.96746 13.0653
    endloop
  endfacet
  facet normal 0.0170606 -0.980643 -0.19506
    outer loop
      vertex 27.4169 2.96746 11.4071
      vertex 28 2.96746 11.4581
      vertex 27.2707 2.8 12.2362
    endloop
  endfacet
  facet normal 0.0170638 -0.980643 -0.195057
    outer loop
      vertex 28 2.96746 11.4581
      vertex 28 2.8 12.3
      vertex 27.2707 2.8 12.2362
    endloop
  endfacet
  facet normal 0.0485784 -0.830493 -0.554906
    outer loop
      vertex 27.5408 3.44436 10.7042
      vertex 28 3.44436 10.7444
      vertex 27.4169 2.96746 11.4071
    endloop
  endfacet
  facet normal 0.0485363 -0.830478 -0.554932
    outer loop
      vertex 28 3.44436 10.7444
      vertex 28 2.96746 11.4581
      vertex 27.4169 2.96746 11.4071
    endloop
  endfacet
  facet normal 0.0727018 -0.554143 -0.829241
    outer loop
      vertex 27.6236 4.1581 10.2345
      vertex 28 4.1581 10.2675
      vertex 27.5408 3.44436 10.7042
    endloop
  endfacet
  facet normal 0.072598 -0.5541 -0.829279
    outer loop
      vertex 28 4.1581 10.2675
      vertex 28 3.44436 10.7444
      vertex 27.5408 3.44436 10.7042
    endloop
  endfacet
  facet normal 0.0855362 -0.194356 -0.977195
    outer loop
      vertex 27.6527 5 10.0696
      vertex 28 5 10.1
      vertex 27.6236 4.1581 10.2345
    endloop
  endfacet
  facet normal 0.0856712 -0.194413 -0.977171
    outer loop
      vertex 28 5 10.1
      vertex 28 4.1581 10.2675
      vertex 27.6236 4.1581 10.2345
    endloop
  endfacet
  facet normal 0.0856722 0.194358 -0.977182
    outer loop
      vertex 28 5.8419 10.2675
      vertex 27.6527 5 10.0696
      vertex 27.6236 5.8419 10.2345
    endloop
  endfacet
  facet normal 0.0855352 0.194415 -0.977183
    outer loop
      vertex 28 5.8419 10.2675
      vertex 28 5 10.1
      vertex 27.6527 5 10.0696
    endloop
  endfacet
  facet normal 0.0725954 0.554144 -0.829249
    outer loop
      vertex 28 6.55563 10.7444
      vertex 27.6236 5.8419 10.2345
      vertex 27.5408 6.55563 10.7042
    endloop
  endfacet
  facet normal 0.0727042 0.554101 -0.829269
    outer loop
      vertex 28 6.55563 10.7444
      vertex 28 5.8419 10.2675
      vertex 27.6236 5.8419 10.2345
    endloop
  endfacet
  facet normal 0.0485346 0.830492 -0.554913
    outer loop
      vertex 28 7.03253 11.4581
      vertex 27.5408 6.55563 10.7042
      vertex 27.4169 7.03253 11.4071
    endloop
  endfacet
  facet normal 0.0485806 0.830477 -0.554931
    outer loop
      vertex 28 7.03253 11.4581
      vertex 28 6.55563 10.7444
      vertex 27.5408 6.55563 10.7042
    endloop
  endfacet
  facet normal 0.017065 0.980641 -0.195071
    outer loop
      vertex 28 7.2 12.3
      vertex 27.4169 7.03253 11.4071
      vertex 27.2707 7.2 12.2362
    endloop
  endfacet
  facet normal 0.0170614 0.980641 -0.195068
    outer loop
      vertex 28 7.2 12.3
      vertex 28 7.03253 11.4581
      vertex 27.4169 7.03253 11.4071
    endloop
  endfacet
  facet normal -0.0170672 0.980641 0.19507
    outer loop
      vertex 28 7.03253 13.1419
      vertex 27.2707 7.2 12.2362
      vertex 27.1245 7.03253 13.0653
    endloop
  endfacet
  facet normal -0.0170648 0.980641 0.195068
    outer loop
      vertex 28 7.03253 13.1419
      vertex 28 7.2 12.3
      vertex 27.2707 7.2 12.2362
    endloop
  endfacet
  facet normal -0.0485234 0.830494 0.554909
    outer loop
      vertex 28 6.55563 13.8556
      vertex 27.1245 7.03253 13.0653
      vertex 27.0005 6.55563 13.7682
    endloop
  endfacet
  facet normal -0.0485526 0.830478 0.554932
    outer loop
      vertex 28 6.55563 13.8556
      vertex 28 7.03253 13.1419
      vertex 27.1245 7.03253 13.0653
    endloop
  endfacet
  facet normal -0.0725634 0.554062 0.829307
    outer loop
      vertex 28 5.8419 14.3325
      vertex 27.0005 6.55563 13.7682
      vertex 26.9177 5.8419 14.2378
    endloop
  endfacet
  facet normal -0.0725153 0.554108 0.82928
    outer loop
      vertex 28 5.8419 14.3325
      vertex 28 6.55563 13.8556
      vertex 27.0005 6.55563 13.7682
    endloop
  endfacet
  facet normal -0.0854692 0.194457 0.97718
    outer loop
      vertex 28 5 14.5
      vertex 26.9177 5.8419 14.2378
      vertex 26.8887 5 14.4028
    endloop
  endfacet
  facet normal -0.0855026 0.194416 0.977186
    outer loop
      vertex 28 5 14.5
      vertex 28 5.8419 14.3325
      vertex 26.9177 5.8419 14.2378
    endloop
  endfacet
  facet normal 0.0855026 -0.194416 0.977186
    outer loop
      vertex 29.0823 4.1581 14.2378
      vertex 28 5 14.5
      vertex 28 4.1581 14.3325
    endloop
  endfacet
  facet normal 0.0854692 -0.194457 0.97718
    outer loop
      vertex 29.0823 4.1581 14.2378
      vertex 29.1113 5 14.4028
      vertex 28 5 14.5
    endloop
  endfacet
  facet normal 0.0725157 -0.554103 0.829284
    outer loop
      vertex 28.9995 3.44436 13.7682
      vertex 28 4.1581 14.3325
      vertex 28 3.44436 13.8556
    endloop
  endfacet
  facet normal 0.0725637 -0.554057 0.82931
    outer loop
      vertex 28.9995 3.44436 13.7682
      vertex 29.0823 4.1581 14.2378
      vertex 28 4.1581 14.3325
    endloop
  endfacet
  facet normal 0.0485526 -0.830478 0.554932
    outer loop
      vertex 28.8755 2.96746 13.0653
      vertex 28 3.44436 13.8556
      vertex 28 2.96746 13.1419
    endloop
  endfacet
  facet normal 0.0485234 -0.830494 0.554909
    outer loop
      vertex 28.8755 2.96746 13.0653
      vertex 28.9995 3.44436 13.7682
      vertex 28 3.44436 13.8556
    endloop
  endfacet
  facet normal 0.0170638 -0.980643 0.195057
    outer loop
      vertex 28.7293 2.8 12.2362
      vertex 28 2.96746 13.1419
      vertex 28 2.8 12.3
    endloop
  endfacet
  facet normal 0.0170663 -0.980643 0.195059
    outer loop
      vertex 28.7293 2.8 12.2362
      vertex 28.8755 2.96746 13.0653
      vertex 28 2.96746 13.1419
    endloop
  endfacet
  facet normal -0.0170604 -0.980644 -0.195057
    outer loop
      vertex 28 2.96746 11.4581
      vertex 28.5831 2.96746 11.4071
      vertex 28 2.8 12.3
    endloop
  endfacet
  facet normal -0.017064 -0.980643 -0.195059
    outer loop
      vertex 28.5831 2.96746 11.4071
      vertex 28.7293 2.8 12.2362
      vertex 28 2.8 12.3
    endloop
  endfacet
  facet normal -0.0485806 -0.830477 -0.554931
    outer loop
      vertex 28 3.44436 10.7444
      vertex 28.4592 3.44436 10.7042
      vertex 28 2.96746 11.4581
    endloop
  endfacet
  facet normal -0.0485346 -0.830492 -0.554913
    outer loop
      vertex 28.4592 3.44436 10.7042
      vertex 28.5831 2.96746 11.4071
      vertex 28 2.96746 11.4581
    endloop
  endfacet
  facet normal -0.0727045 -0.554095 -0.829272
    outer loop
      vertex 28 4.1581 10.2675
      vertex 28.3764 4.1581 10.2345
      vertex 28 3.44436 10.7444
    endloop
  endfacet
  facet normal -0.0725957 -0.554139 -0.829253
    outer loop
      vertex 28.3764 4.1581 10.2345
      vertex 28.4592 3.44436 10.7042
      vertex 28 3.44436 10.7444
    endloop
  endfacet
  facet normal -0.0855352 -0.194415 -0.977183
    outer loop
      vertex 28 5 10.1
      vertex 28.3473 5 10.0696
      vertex 28 4.1581 10.2675
    endloop
  endfacet
  facet normal -0.0856722 -0.194358 -0.977182
    outer loop
      vertex 28.3473 5 10.0696
      vertex 28.3764 4.1581 10.2345
      vertex 28 4.1581 10.2675
    endloop
  endfacet
  facet normal -0.0856712 0.194413 -0.977171
    outer loop
      vertex 28 5.8419 10.2675
      vertex 28.3764 5.8419 10.2345
      vertex 28 5 10.1
    endloop
  endfacet
  facet normal -0.0855362 0.194356 -0.977195
    outer loop
      vertex 28.3764 5.8419 10.2345
      vertex 28.3473 5 10.0696
      vertex 28 5 10.1
    endloop
  endfacet
  facet normal -0.0725977 0.554105 -0.829275
    outer loop
      vertex 28 6.55563 10.7444
      vertex 28.4592 6.55563 10.7042
      vertex 28 5.8419 10.2675
    endloop
  endfacet
  facet normal -0.0727014 0.554148 -0.829237
    outer loop
      vertex 28.4592 6.55563 10.7042
      vertex 28.3764 5.8419 10.2345
      vertex 28 5.8419 10.2675
    endloop
  endfacet
  facet normal -0.0485363 0.830478 -0.554932
    outer loop
      vertex 28 7.03253 11.4581
      vertex 28.5831 7.03253 11.4071
      vertex 28 6.55563 10.7444
    endloop
  endfacet
  facet normal -0.0485784 0.830493 -0.554906
    outer loop
      vertex 28.5831 7.03253 11.4071
      vertex 28.4592 6.55563 10.7042
      vertex 28 6.55563 10.7444
    endloop
  endfacet
  facet normal -0.0170648 0.980641 -0.195068
    outer loop
      vertex 28 7.2 12.3
      vertex 28.7293 7.2 12.2362
      vertex 28 7.03253 11.4581
    endloop
  endfacet
  facet normal -0.0170616 0.980641 -0.195071
    outer loop
      vertex 28.7293 7.2 12.2362
      vertex 28.5831 7.03253 11.4071
      vertex 28 7.03253 11.4581
    endloop
  endfacet
  facet normal 0.0170671 0.980641 0.195068
    outer loop
      vertex 28.8755 7.03253 13.0653
      vertex 28 7.2 12.3
      vertex 28 7.03253 13.1419
    endloop
  endfacet
  facet normal 0.017065 0.980641 0.195071
    outer loop
      vertex 28.8755 7.03253 13.0653
      vertex 28.7293 7.2 12.2362
      vertex 28 7.2 12.3
    endloop
  endfacet
  facet normal 0.0485254 0.830479 0.554933
    outer loop
      vertex 28.9995 6.55563 13.7682
      vertex 28 7.03253 13.1419
      vertex 28 6.55563 13.8556
    endloop
  endfacet
  facet normal 0.0485503 0.830495 0.554905
    outer loop
      vertex 28.9995 6.55563 13.7682
      vertex 28.8755 7.03253 13.0653
      vertex 28 7.03253 13.1419
    endloop
  endfacet
  facet normal 0.0725608 0.554106 0.829277
    outer loop
      vertex 29.0823 5.8419 14.2378
      vertex 28 6.55563 13.8556
      vertex 28 5.8419 14.3325
    endloop
  endfacet
  facet normal 0.0725181 0.55406 0.829312
    outer loop
      vertex 29.0823 5.8419 14.2378
      vertex 28.9995 6.55563 13.7682
      vertex 28 6.55563 13.8556
    endloop
  endfacet
  facet normal 0.0854699 0.194416 0.977188
    outer loop
      vertex 29.1113 5 14.4028
      vertex 28 5.8419 14.3325
      vertex 28 5 14.5
    endloop
  endfacet
  facet normal 0.0855019 0.194458 0.977177
    outer loop
      vertex 29.1113 5 14.4028
      vertex 29.0823 5.8419 14.2378
      vertex 28 5.8419 14.3325
    endloop
  endfacet
  facet normal 0.253807 -0.194441 0.94751
    outer loop
      vertex 30.1317 4.1581 13.9567
      vertex 29.1113 5 14.4028
      vertex 29.0823 4.1581 14.2378
    endloop
  endfacet
  facet normal 0.253935 -0.194284 0.947508
    outer loop
      vertex 30.1317 4.1581 13.9567
      vertex 30.1889 5 14.114
      vertex 29.1113 5 14.4028
    endloop
  endfacet
  facet normal 0.215506 -0.554054 0.804103
    outer loop
      vertex 29.9685 3.44436 13.5085
      vertex 29.0823 4.1581 14.2378
      vertex 28.9995 3.44436 13.7682
    endloop
  endfacet
  facet normal 0.215381 -0.554165 0.80406
    outer loop
      vertex 29.9685 3.44436 13.5085
      vertex 30.1317 4.1581 13.9567
      vertex 29.0823 4.1581 14.2378
    endloop
  endfacet
  facet normal 0.14419 -0.830498 0.538035
    outer loop
      vertex 29.7244 2.96746 12.8378
      vertex 28.9995 3.44436 13.7682
      vertex 28.8755 2.96746 13.0653
    endloop
  endfacet
  facet normal 0.144199 -0.830494 0.53804
    outer loop
      vertex 29.7244 2.96746 12.8378
      vertex 29.9685 3.44436 13.5085
      vertex 28.9995 3.44436 13.7682
    endloop
  endfacet
  facet normal 0.0506794 -0.980643 0.189132
    outer loop
      vertex 29.4365 2.8 12.0467
      vertex 28.8755 2.96746 13.0653
      vertex 28.7293 2.8 12.2362
    endloop
  endfacet
  facet normal 0.0506873 -0.980642 0.189136
    outer loop
      vertex 29.4365 2.8 12.0467
      vertex 29.7244 2.96746 12.8378
      vertex 28.8755 2.96746 13.0653
    endloop
  endfacet
  facet normal -0.0506783 -0.980643 -0.189132
    outer loop
      vertex 29.1485 2.96746 11.2556
      vertex 28.7293 2.8 12.2362
      vertex 28.5831 2.96746 11.4071
    endloop
  endfacet
  facet normal -0.0506796 -0.980643 -0.189133
    outer loop
      vertex 29.1485 2.96746 11.2556
      vertex 29.4365 2.8 12.0467
      vertex 28.7293 2.8 12.2362
    endloop
  endfacet
  facet normal -0.144181 -0.830489 -0.538051
    outer loop
      vertex 28.9044 3.44436 10.5849
      vertex 28.5831 2.96746 11.4071
      vertex 28.4592 3.44436 10.7042
    endloop
  endfacet
  facet normal -0.144171 -0.830492 -0.538049
    outer loop
      vertex 28.9044 3.44436 10.5849
      vertex 29.1485 2.96746 11.2556
      vertex 28.5831 2.96746 11.4071
    endloop
  endfacet
  facet normal -0.215293 -0.55414 -0.8041
    outer loop
      vertex 28.7413 4.1581 10.1368
      vertex 28.4592 3.44436 10.7042
      vertex 28.3764 4.1581 10.2345
    endloop
  endfacet
  facet normal -0.215474 -0.554069 -0.804101
    outer loop
      vertex 28.7413 4.1581 10.1368
      vertex 28.9044 3.44436 10.5849
      vertex 28.4592 3.44436 10.7042
    endloop
  endfacet
  facet normal -0.253887 -0.19436 -0.947505
    outer loop
      vertex 28.684 5 9.97938
      vertex 28.3764 4.1581 10.2345
      vertex 28.3473 5 10.0696
    endloop
  endfacet
  facet normal -0.253698 -0.194439 -0.947539
    outer loop
      vertex 28.684 5 9.97938
      vertex 28.7413 4.1581 10.1368
      vertex 28.3764 4.1581 10.2345
    endloop
  endfacet
  facet normal -0.253702 0.194363 -0.947554
    outer loop
      vertex 28.3764 5.8419 10.2345
      vertex 28.7413 5.8419 10.1368
      vertex 28.3473 5 10.0696
    endloop
  endfacet
  facet normal -0.253883 0.194443 -0.947489
    outer loop
      vertex 28.7413 5.8419 10.1368
      vertex 28.684 5 9.97938
      vertex 28.3473 5 10.0696
    endloop
  endfacet
  facet normal -0.215462 0.554139 -0.804056
    outer loop
      vertex 28.4592 6.55563 10.7042
      vertex 28.9044 6.55563 10.5849
      vertex 28.3764 5.8419 10.2345
    endloop
  endfacet
  facet normal -0.215306 0.554068 -0.804147
    outer loop
      vertex 28.9044 6.55563 10.5849
      vertex 28.7413 5.8419 10.1368
      vertex 28.3764 5.8419 10.2345
    endloop
  endfacet
  facet normal -0.144172 0.83049 -0.538053
    outer loop
      vertex 28.5831 7.03253 11.4071
      vertex 29.1485 7.03253 11.2556
      vertex 28.4592 6.55563 10.7042
    endloop
  endfacet
  facet normal -0.14418 0.830493 -0.538046
    outer loop
      vertex 29.1485 7.03253 11.2556
      vertex 28.9044 6.55563 10.5849
      vertex 28.4592 6.55563 10.7042
    endloop
  endfacet
  facet normal -0.0506823 0.980641 -0.189143
    outer loop
      vertex 28.7293 7.2 12.2362
      vertex 29.4365 7.2 12.0467
      vertex 28.5831 7.03253 11.4071
    endloop
  endfacet
  facet normal -0.0506814 0.980641 -0.189144
    outer loop
      vertex 29.4365 7.2 12.0467
      vertex 29.1485 7.03253 11.2556
      vertex 28.5831 7.03253 11.4071
    endloop
  endfacet
  facet normal 0.0506888 0.980641 0.189141
    outer loop
      vertex 28.8755 7.03253 13.0653
      vertex 29.7244 7.03253 12.8378
      vertex 28.7293 7.2 12.2362
    endloop
  endfacet
  facet normal 0.050684 0.980639 0.189149
    outer loop
      vertex 29.7244 7.03253 12.8378
      vertex 29.4365 7.2 12.0467
      vertex 28.7293 7.2 12.2362
    endloop
  endfacet
  facet normal 0.144197 0.830498 0.538034
    outer loop
      vertex 28.9995 6.55563 13.7682
      vertex 29.9685 6.55563 13.5085
      vertex 28.8755 7.03253 13.0653
    endloop
  endfacet
  facet normal 0.144192 0.830493 0.538042
    outer loop
      vertex 29.9685 6.55563 13.5085
      vertex 29.7244 7.03253 12.8378
      vertex 28.8755 7.03253 13.0653
    endloop
  endfacet
  facet normal 0.215399 0.554064 0.804125
    outer loop
      vertex 29.0823 5.8419 14.2378
      vertex 30.1317 5.8419 13.9567
      vertex 28.9995 6.55563 13.7682
    endloop
  endfacet
  facet normal 0.215485 0.554175 0.804025
    outer loop
      vertex 30.1317 5.8419 13.9567
      vertex 29.9685 6.55563 13.5085
      vertex 28.9995 6.55563 13.7682
    endloop
  endfacet
  facet normal 0.253927 0.194438 0.947478
    outer loop
      vertex 29.1113 5 14.4028
      vertex 30.1889 5 14.114
      vertex 29.0823 5.8419 14.2378
    endloop
  endfacet
  facet normal 0.253815 0.194282 0.94754
    outer loop
      vertex 30.1889 5 14.114
      vertex 30.1317 5.8419 13.9567
      vertex 29.0823 5.8419 14.2378
    endloop
  endfacet
  facet normal 0.414621 -0.194273 0.889015
    outer loop
      vertex 31.1163 4.1581 13.4975
      vertex 30.1889 5 14.114
      vertex 30.1317 4.1581 13.9567
    endloop
  endfacet
  facet normal 0.414493 -0.194432 0.88904
    outer loop
      vertex 31.1163 4.1581 13.4975
      vertex 31.2 5 13.6426
      vertex 30.1889 5 14.114
    endloop
  endfacet
  facet normal 0.351778 -0.554177 0.754414
    outer loop
      vertex 30.8778 3.44436 13.0845
      vertex 30.1317 4.1581 13.9567
      vertex 29.9685 3.44436 13.5085
    endloop
  endfacet
  facet normal 0.351851 -0.554115 0.754425
    outer loop
      vertex 30.8778 3.44436 13.0845
      vertex 31.1163 4.1581 13.4975
      vertex 30.1317 4.1581 13.9567
    endloop
  endfacet
  facet normal 0.235379 -0.830493 0.504855
    outer loop
      vertex 30.521 2.96746 12.4664
      vertex 29.9685 3.44436 13.5085
      vertex 29.7244 2.96746 12.8378
    endloop
  endfacet
  facet normal 0.235415 -0.830476 0.504866
    outer loop
      vertex 30.521 2.96746 12.4664
      vertex 30.8778 3.44436 13.0845
      vertex 29.9685 3.44436 13.5085
    endloop
  endfacet
  facet normal 0.0827549 -0.980641 0.177466
    outer loop
      vertex 30.1 2.8 11.7373
      vertex 29.7244 2.96746 12.8378
      vertex 29.4365 2.8 12.0467
    endloop
  endfacet
  facet normal 0.0827375 -0.980644 0.17746
    outer loop
      vertex 30.1 2.8 11.7373
      vertex 30.521 2.96746 12.4664
      vertex 29.7244 2.96746 12.8378
    endloop
  endfacet
  facet normal -0.0827566 -0.980643 -0.177455
    outer loop
      vertex 29.679 2.96746 11.0082
      vertex 29.4365 2.8 12.0467
      vertex 29.1485 2.96746 11.2556
    endloop
  endfacet
  facet normal -0.0827492 -0.980644 -0.177453
    outer loop
      vertex 29.679 2.96746 11.0082
      vertex 30.1 2.8 11.7373
      vertex 29.4365 2.8 12.0467
    endloop
  endfacet
  facet normal -0.235388 -0.830493 -0.504851
    outer loop
      vertex 29.3222 3.44436 10.3901
      vertex 29.1485 2.96746 11.2556
      vertex 28.9044 3.44436 10.5849
    endloop
  endfacet
  facet normal -0.235439 -0.830477 -0.504853
    outer loop
      vertex 29.3222 3.44436 10.3901
      vertex 29.679 2.96746 11.0082
      vertex 29.1485 2.96746 11.2556
    endloop
  endfacet
  facet normal -0.35192 -0.554065 -0.75443
    outer loop
      vertex 29.0837 4.1581 9.97708
      vertex 28.9044 3.44436 10.5849
      vertex 28.7413 4.1581 10.1368
    endloop
  endfacet
  facet normal -0.351767 -0.554126 -0.754456
    outer loop
      vertex 29.0837 4.1581 9.97708
      vertex 29.3222 3.44436 10.3901
      vertex 28.9044 3.44436 10.5849
    endloop
  endfacet
  facet normal -0.414498 -0.194444 -0.889035
    outer loop
      vertex 29 5 9.83205
      vertex 28.7413 4.1581 10.1368
      vertex 28.684 5 9.97938
    endloop
  endfacet
  facet normal -0.414679 -0.194365 -0.888968
    outer loop
      vertex 29 5 9.83205
      vertex 29.0837 4.1581 9.97708
      vertex 28.7413 4.1581 10.1368
    endloop
  endfacet
  facet normal -0.414672 0.194441 -0.888954
    outer loop
      vertex 28.7413 5.8419 10.1368
      vertex 29.0837 5.8419 9.97708
      vertex 28.684 5 9.97938
    endloop
  endfacet
  facet normal -0.414505 0.194361 -0.889049
    outer loop
      vertex 29.0837 5.8419 9.97708
      vertex 29 5 9.83205
      vertex 28.684 5 9.97938
    endloop
  endfacet
  facet normal -0.351781 0.554076 -0.754486
    outer loop
      vertex 28.9044 6.55563 10.5849
      vertex 29.3222 6.55563 10.3901
      vertex 28.7413 5.8419 10.1368
    endloop
  endfacet
  facet normal -0.3519 0.554138 -0.754386
    outer loop
      vertex 29.3222 6.55563 10.3901
      vertex 29.0837 5.8419 9.97708
      vertex 28.7413 5.8419 10.1368
    endloop
  endfacet
  facet normal -0.235431 0.830491 -0.504834
    outer loop
      vertex 29.1485 7.03253 11.2556
      vertex 29.679 7.03253 11.0082
      vertex 28.9044 6.55563 10.5849
    endloop
  endfacet
  facet normal -0.235399 0.830475 -0.504875
    outer loop
      vertex 29.679 7.03253 11.0082
      vertex 29.3222 6.55563 10.3901
      vertex 28.9044 6.55563 10.5849
    endloop
  endfacet
  facet normal -0.0827556 0.980641 -0.177467
    outer loop
      vertex 29.4365 7.2 12.0467
      vertex 30.1 7.2 11.7373
      vertex 29.1485 7.03253 11.2556
    endloop
  endfacet
  facet normal -0.0827592 0.980642 -0.177461
    outer loop
      vertex 30.1 7.2 11.7373
      vertex 29.679 7.03253 11.0082
      vertex 29.1485 7.03253 11.2556
    endloop
  endfacet
  facet normal 0.082747 0.980639 0.17748
    outer loop
      vertex 29.7244 7.03253 12.8378
      vertex 30.521 7.03253 12.4664
      vertex 29.4365 7.2 12.0467
    endloop
  endfacet
  facet normal 0.0827539 0.980642 0.177464
    outer loop
      vertex 30.521 7.03253 12.4664
      vertex 30.1 7.2 11.7373
      vertex 29.4365 7.2 12.0467
    endloop
  endfacet
  facet normal 0.235405 0.830492 0.504844
    outer loop
      vertex 29.9685 6.55563 13.5085
      vertex 30.8778 6.55563 13.0845
      vertex 29.7244 7.03253 12.8378
    endloop
  endfacet
  facet normal 0.235391 0.830475 0.504879
    outer loop
      vertex 30.8778 6.55563 13.0845
      vertex 30.521 7.03253 12.4664
      vertex 29.7244 7.03253 12.8378
    endloop
  endfacet
  facet normal 0.351832 0.55418 0.754386
    outer loop
      vertex 30.1317 5.8419 13.9567
      vertex 31.1163 5.8419 13.4975
      vertex 29.9685 6.55563 13.5085
    endloop
  endfacet
  facet normal 0.351794 0.554118 0.75445
    outer loop
      vertex 31.1163 5.8419 13.4975
      vertex 30.8778 6.55563 13.0845
      vertex 29.9685 6.55563 13.5085
    endloop
  endfacet
  facet normal 0.414506 0.194275 0.889068
    outer loop
      vertex 30.1889 5 14.114
      vertex 31.2 5 13.6426
      vertex 30.1317 5.8419 13.9567
    endloop
  endfacet
  facet normal 0.414607 0.194435 0.888986
    outer loop
      vertex 31.2 5 13.6426
      vertex 31.1163 5.8419 13.4975
      vertex 30.1317 5.8419 13.9567
    endloop
  endfacet
  facet normal 0.562623 -0.194421 0.803527
    outer loop
      vertex 32.0062 4.1581 12.8744
      vertex 31.2 5 13.6426
      vertex 31.1163 4.1581 13.4975
    endloop
  endfacet
  facet normal 0.562668 -0.194362 0.80351
    outer loop
      vertex 32.0062 4.1581 12.8744
      vertex 32.1138 5 13.0027
      vertex 31.2 5 13.6426
    endloop
  endfacet
  facet normal 0.477449 -0.55412 0.681904
    outer loop
      vertex 31.6996 3.44436 12.5091
      vertex 31.1163 4.1581 13.4975
      vertex 30.8778 3.44436 13.0845
    endloop
  endfacet
  facet normal 0.477463 -0.554109 0.681904
    outer loop
      vertex 31.6996 3.44436 12.5091
      vertex 32.0062 4.1581 12.8744
      vertex 31.1163 4.1581 13.4975
    endloop
  endfacet
  facet normal 0.319525 -0.830472 0.456311
    outer loop
      vertex 31.2409 2.96746 11.9623
      vertex 30.8778 3.44436 13.0845
      vertex 30.521 2.96746 12.4664
    endloop
  endfacet
  facet normal 0.319492 -0.830487 0.456306
    outer loop
      vertex 31.2409 2.96746 11.9623
      vertex 31.6996 3.44436 12.5091
      vertex 30.8778 3.44436 13.0845
    endloop
  endfacet
  facet normal 0.112302 -0.980645 0.160389
    outer loop
      vertex 30.6997 2.8 11.3174
      vertex 30.521 2.96746 12.4664
      vertex 30.1 2.8 11.7373
    endloop
  endfacet
  facet normal 0.112311 -0.980643 0.16039
    outer loop
      vertex 30.6997 2.8 11.3174
      vertex 31.2409 2.96746 11.9623
      vertex 30.521 2.96746 12.4664
    endloop
  endfacet
  facet normal -0.112293 -0.980645 -0.160394
    outer loop
      vertex 30.1585 2.96746 10.6725
      vertex 30.1 2.8 11.7373
      vertex 29.679 2.96746 11.0082
    endloop
  endfacet
  facet normal -0.112306 -0.980643 -0.160395
    outer loop
      vertex 30.1585 2.96746 10.6725
      vertex 30.6997 2.8 11.3174
      vertex 30.1 2.8 11.7373
    endloop
  endfacet
  facet normal -0.319517 -0.830473 -0.456315
    outer loop
      vertex 29.6998 3.44436 10.1257
      vertex 29.679 2.96746 11.0082
      vertex 29.3222 3.44436 10.3901
    endloop
  endfacet
  facet normal -0.319473 -0.830486 -0.456322
    outer loop
      vertex 29.6998 3.44436 10.1257
      vertex 30.1585 2.96746 10.6725
      vertex 29.679 2.96746 11.0082
    endloop
  endfacet
  facet normal -0.477455 -0.554133 -0.68189
    outer loop
      vertex 29.3932 4.1581 9.76037
      vertex 29.3222 3.44436 10.3901
      vertex 29.0837 4.1581 9.97708
    endloop
  endfacet
  facet normal -0.477465 -0.554129 -0.681886
    outer loop
      vertex 29.3932 4.1581 9.76037
      vertex 29.6998 3.44436 10.1257
      vertex 29.3222 3.44436 10.3901
    endloop
  endfacet
  facet normal -0.562602 -0.194358 -0.803557
    outer loop
      vertex 29.2856 5 9.63209
      vertex 29.0837 4.1581 9.97708
      vertex 29 5 9.83205
    endloop
  endfacet
  facet normal -0.562633 -0.194343 -0.803539
    outer loop
      vertex 29.2856 5 9.63209
      vertex 29.3932 4.1581 9.76037
      vertex 29.0837 4.1581 9.97708
    endloop
  endfacet
  facet normal -0.562631 0.194357 -0.803537
    outer loop
      vertex 29.0837 5.8419 9.97708
      vertex 29.3932 5.8419 9.76037
      vertex 29 5 9.83205
    endloop
  endfacet
  facet normal -0.562604 0.194342 -0.803559
    outer loop
      vertex 29.3932 5.8419 9.76037
      vertex 29.2856 5 9.63209
      vertex 29 5 9.83205
    endloop
  endfacet
  facet normal -0.477461 0.554138 -0.681881
    outer loop
      vertex 29.3222 6.55563 10.3901
      vertex 29.6998 6.55563 10.1257
      vertex 29.0837 5.8419 9.97708
    endloop
  endfacet
  facet normal -0.477455 0.554134 -0.681889
    outer loop
      vertex 29.6998 6.55563 10.1257
      vertex 29.3932 5.8419 9.76037
      vertex 29.0837 5.8419 9.97708
    endloop
  endfacet
  facet normal -0.319483 0.830474 -0.456337
    outer loop
      vertex 29.679 7.03253 11.0082
      vertex 30.1585 7.03253 10.6725
      vertex 29.3222 6.55563 10.3901
    endloop
  endfacet
  facet normal -0.319504 0.830488 -0.456297
    outer loop
      vertex 30.1585 7.03253 10.6725
      vertex 29.6998 6.55563 10.1257
      vertex 29.3222 6.55563 10.3901
    endloop
  endfacet
  facet normal -0.112308 0.980642 -0.160398
    outer loop
      vertex 30.1 7.2 11.7373
      vertex 30.6997 7.2 11.3174
      vertex 29.679 7.03253 11.0082
    endloop
  endfacet
  facet normal -0.112304 0.980641 -0.160411
    outer loop
      vertex 30.6997 7.2 11.3174
      vertex 30.1585 7.03253 10.6725
      vertex 29.679 7.03253 11.0082
    endloop
  endfacet
  facet normal 0.112314 0.980642 0.160395
    outer loop
      vertex 30.521 7.03253 12.4664
      vertex 31.2409 7.03253 11.9623
      vertex 30.1 7.2 11.7373
    endloop
  endfacet
  facet normal 0.112312 0.980641 0.160404
    outer loop
      vertex 31.2409 7.03253 11.9623
      vertex 30.6997 7.2 11.3174
      vertex 30.1 7.2 11.7373
    endloop
  endfacet
  facet normal 0.319504 0.830473 0.456324
    outer loop
      vertex 30.8778 6.55563 13.0845
      vertex 31.6996 6.55563 12.5091
      vertex 30.521 7.03253 12.4664
    endloop
  endfacet
  facet normal 0.319512 0.830488 0.456291
    outer loop
      vertex 31.6996 6.55563 12.5091
      vertex 31.2409 7.03253 11.9623
      vertex 30.521 7.03253 12.4664
    endloop
  endfacet
  facet normal 0.477457 0.554125 0.681895
    outer loop
      vertex 31.1163 5.8419 13.4975
      vertex 32.0062 5.8419 12.8744
      vertex 30.8778 6.55563 13.0845
    endloop
  endfacet
  facet normal 0.477452 0.554114 0.681908
    outer loop
      vertex 32.0062 5.8419 12.8744
      vertex 31.6996 6.55563 12.5091
      vertex 30.8778 6.55563 13.0845
    endloop
  endfacet
  facet normal 0.562661 0.194421 0.8035
    outer loop
      vertex 31.2 5 13.6426
      vertex 32.1138 5 13.0027
      vertex 31.1163 5.8419 13.4975
    endloop
  endfacet
  facet normal 0.562629 0.194361 0.803537
    outer loop
      vertex 32.1138 5 13.0027
      vertex 32.0062 5.8419 12.8744
      vertex 31.1163 5.8419 13.4975
    endloop
  endfacet
  facet normal 0.693623 -0.194353 0.693623
    outer loop
      vertex 32.7744 4.1581 12.1062
      vertex 32.1138 5 13.0027
      vertex 32.0062 4.1581 12.8744
    endloop
  endfacet
  facet normal 0.693623 -0.194353 0.693623
    outer loop
      vertex 32.7744 4.1581 12.1062
      vertex 32.9027 5 12.2138
      vertex 32.1138 5 13.0027
    endloop
  endfacet
  facet normal 0.58858 -0.55412 0.588663
    outer loop
      vertex 32.4091 3.44436 11.7997
      vertex 32.0062 4.1581 12.8744
      vertex 31.6996 3.44436 12.5091
    endloop
  endfacet
  facet normal 0.58865 -0.55406 0.58865
    outer loop
      vertex 32.4091 3.44436 11.7997
      vertex 32.7744 4.1581 12.1062
      vertex 32.0062 4.1581 12.8744
    endloop
  endfacet
  facet normal 0.393891 -0.830482 0.393891
    outer loop
      vertex 31.8623 2.96746 11.3409
      vertex 31.6996 3.44436 12.5091
      vertex 31.2409 2.96746 11.9623
    endloop
  endfacet
  facet normal 0.393837 -0.830506 0.393893
    outer loop
      vertex 31.8623 2.96746 11.3409
      vertex 32.4091 3.44436 11.7997
      vertex 31.6996 3.44436 12.5091
    endloop
  endfacet
  facet normal 0.138453 -0.980644 0.138453
    outer loop
      vertex 31.2174 2.8 10.7997
      vertex 31.2409 2.96746 11.9623
      vertex 30.6997 2.8 11.3174
    endloop
  endfacet
  facet normal 0.138453 -0.980644 0.138453
    outer loop
      vertex 31.8623 2.96746 11.3409
      vertex 31.2409 2.96746 11.9623
      vertex 31.2174 2.8 10.7997
    endloop
  endfacet
  facet normal -0.138453 -0.980644 -0.138453
    outer loop
      vertex 30.5725 2.96746 10.2585
      vertex 30.6997 2.8 11.3174
      vertex 30.1585 2.96746 10.6725
    endloop
  endfacet
  facet normal -0.138453 -0.980644 -0.138453
    outer loop
      vertex 31.2174 2.8 10.7997
      vertex 30.6997 2.8 11.3174
      vertex 30.5725 2.96746 10.2585
    endloop
  endfacet
  facet normal -0.393916 -0.830481 -0.393868
    outer loop
      vertex 30.0257 3.44436 9.79976
      vertex 30.1585 2.96746 10.6725
      vertex 29.6998 3.44436 10.1257
    endloop
  endfacet
  facet normal -0.39388 -0.830492 -0.39388
    outer loop
      vertex 30.5725 2.96746 10.2585
      vertex 30.1585 2.96746 10.6725
      vertex 30.0257 3.44436 9.79976
    endloop
  endfacet
  facet normal -0.588585 -0.55408 -0.588696
    outer loop
      vertex 30.0257 3.44436 9.79976
      vertex 29.3932 4.1581 9.76037
      vertex 29.6604 4.1581 9.49322
    endloop
  endfacet
  facet normal -0.588652 -0.554132 -0.58858
    outer loop
      vertex 29.3932 4.1581 9.76037
      vertex 30.0257 3.44436 9.79976
      vertex 29.6998 3.44436 10.1257
    endloop
  endfacet
  facet normal -0.693654 -0.194336 -0.693598
    outer loop
      vertex 29.5321 5 9.38557
      vertex 29.3932 4.1581 9.76037
      vertex 29.2856 5 9.63209
    endloop
  endfacet
  facet normal -0.693553 -0.194391 -0.693683
    outer loop
      vertex 29.5321 5 9.38557
      vertex 29.6604 4.1581 9.49322
      vertex 29.3932 4.1581 9.76037
    endloop
  endfacet
  facet normal -0.693561 0.194339 -0.69369
    outer loop
      vertex 29.3932 5.8419 9.76037
      vertex 29.6604 5.8419 9.49322
      vertex 29.2856 5 9.63209
    endloop
  endfacet
  facet normal -0.693646 0.194393 -0.69359
    outer loop
      vertex 29.6604 5.8419 9.49322
      vertex 29.5321 5 9.38557
      vertex 29.2856 5 9.63209
    endloop
  endfacet
  facet normal -0.588583 0.554085 -0.588693
    outer loop
      vertex 29.3932 5.8419 9.76037
      vertex 30.0257 6.55563 9.79976
      vertex 29.6604 5.8419 9.49322
    endloop
  endfacet
  facet normal -0.588649 0.554138 -0.588577
    outer loop
      vertex 30.0257 6.55563 9.79976
      vertex 29.3932 5.8419 9.76037
      vertex 29.6998 6.55563 10.1257
    endloop
  endfacet
  facet normal -0.393891 0.830482 -0.393891
    outer loop
      vertex 30.1585 7.03253 10.6725
      vertex 30.5725 7.03253 10.2585
      vertex 29.6998 6.55563 10.1257
    endloop
  endfacet
  facet normal -0.393902 0.830494 -0.393854
    outer loop
      vertex 30.5725 7.03253 10.2585
      vertex 30.0257 6.55563 9.79976
      vertex 29.6998 6.55563 10.1257
    endloop
  endfacet
  facet normal -0.138461 0.980641 -0.138461
    outer loop
      vertex 30.6997 7.2 11.3174
      vertex 31.2174 7.2 10.7997
      vertex 30.1585 7.03253 10.6725
    endloop
  endfacet
  facet normal -0.138461 0.980641 -0.138461
    outer loop
      vertex 31.2174 7.2 10.7997
      vertex 30.5725 7.03253 10.2585
      vertex 30.1585 7.03253 10.6725
    endloop
  endfacet
  facet normal 0.138461 0.980641 0.138461
    outer loop
      vertex 31.2409 7.03253 11.9623
      vertex 31.8623 7.03253 11.3409
      vertex 30.6997 7.2 11.3174
    endloop
  endfacet
  facet normal 0.138461 0.980641 0.138461
    outer loop
      vertex 31.8623 7.03253 11.3409
      vertex 31.2174 7.2 10.7997
      vertex 30.6997 7.2 11.3174
    endloop
  endfacet
  facet normal 0.393861 0.830484 0.393917
    outer loop
      vertex 31.6996 6.55563 12.5091
      vertex 32.4091 6.55563 11.7997
      vertex 31.2409 7.03253 11.9623
    endloop
  endfacet
  facet normal 0.393864 0.830508 0.393864
    outer loop
      vertex 32.4091 6.55563 11.7997
      vertex 31.8623 7.03253 11.3409
      vertex 31.2409 7.03253 11.9623
    endloop
  endfacet
  facet normal 0.58862 0.554123 0.58862
    outer loop
      vertex 32.0062 5.8419 12.8744
      vertex 32.7744 5.8419 12.1062
      vertex 31.6996 6.55563 12.5091
    endloop
  endfacet
  facet normal 0.588607 0.554063 0.58869
    outer loop
      vertex 32.7744 5.8419 12.1062
      vertex 32.4091 6.55563 11.7997
      vertex 31.6996 6.55563 12.5091
    endloop
  endfacet
  facet normal 0.693623 0.194353 0.693623
    outer loop
      vertex 32.1138 5 13.0027
      vertex 32.9027 5 12.2138
      vertex 32.0062 5.8419 12.8744
    endloop
  endfacet
  facet normal 0.693623 0.194353 0.693623
    outer loop
      vertex 32.9027 5 12.2138
      vertex 32.7744 5.8419 12.1062
      vertex 32.0062 5.8419 12.8744
    endloop
  endfacet
  facet normal 0.803537 -0.194361 0.562629
    outer loop
      vertex 33.3975 4.1581 11.2163
      vertex 32.9027 5 12.2138
      vertex 32.7744 4.1581 12.1062
    endloop
  endfacet
  facet normal 0.8035 -0.194421 0.562661
    outer loop
      vertex 33.3975 4.1581 11.2163
      vertex 33.5426 5 11.3
      vertex 32.9027 5 12.2138
    endloop
  endfacet
  facet normal 0.681964 -0.55406 0.477433
    outer loop
      vertex 32.9845 3.44436 10.9778
      vertex 32.7744 4.1581 12.1062
      vertex 32.4091 3.44436 11.7997
    endloop
  endfacet
  facet normal 0.681898 -0.55412 0.477459
    outer loop
      vertex 32.9845 3.44436 10.9778
      vertex 33.3975 4.1581 11.2163
      vertex 32.7744 4.1581 12.1062
    endloop
  endfacet
  facet normal 0.456266 -0.830509 0.319494
    outer loop
      vertex 32.3664 2.96746 10.621
      vertex 32.4091 3.44436 11.7997
      vertex 31.8623 2.96746 11.3409
    endloop
  endfacet
  facet normal 0.45634 -0.830475 0.319477
    outer loop
      vertex 32.9845 3.44436 10.9778
      vertex 32.4091 3.44436 11.7997
      vertex 32.3664 2.96746 10.621
    endloop
  endfacet
  facet normal 0.160395 -0.980643 0.112306
    outer loop
      vertex 31.6373 2.8 10.2
      vertex 31.8623 2.96746 11.3409
      vertex 31.2174 2.8 10.7997
    endloop
  endfacet
  facet normal 0.160386 -0.980644 0.112308
    outer loop
      vertex 32.3664 2.96746 10.621
      vertex 31.8623 2.96746 11.3409
      vertex 31.6373 2.8 10.2
    endloop
  endfacet
  facet normal -0.160395 -0.980643 -0.112305
    outer loop
      vertex 30.9082 2.96746 9.77905
      vertex 31.2174 2.8 10.7997
      vertex 30.5725 2.96746 10.2585
    endloop
  endfacet
  facet normal -0.160394 -0.980643 -0.112305
    outer loop
      vertex 31.6373 2.8 10.2
      vertex 31.2174 2.8 10.7997
      vertex 30.9082 2.96746 9.77905
    endloop
  endfacet
  facet normal -0.456278 -0.830497 -0.319508
    outer loop
      vertex 30.2901 3.44436 9.42218
      vertex 30.5725 2.96746 10.2585
      vertex 30.0257 3.44436 9.79976
    endloop
  endfacet
  facet normal -0.456304 -0.830488 -0.319494
    outer loop
      vertex 30.9082 2.96746 9.77905
      vertex 30.5725 2.96746 10.2585
      vertex 30.2901 3.44436 9.42218
    endloop
  endfacet
  facet normal -0.681921 -0.554081 -0.47747
    outer loop
      vertex 29.8771 4.1581 9.18373
      vertex 30.0257 3.44436 9.79976
      vertex 29.6604 4.1581 9.49322
    endloop
  endfacet
  facet normal -0.681892 -0.554095 -0.477494
    outer loop
      vertex 30.2901 3.44436 9.42218
      vertex 30.0257 3.44436 9.79976
      vertex 29.8771 4.1581 9.18373
    endloop
  endfacet
  facet normal -0.803603 -0.194391 -0.562525
    outer loop
      vertex 29.732 5 9.1
      vertex 29.6604 4.1581 9.49322
      vertex 29.5321 5 9.38557
    endloop
  endfacet
  facet normal -0.803527 -0.194441 -0.562617
    outer loop
      vertex 29.732 5 9.1
      vertex 29.8771 4.1581 9.18373
      vertex 29.6604 4.1581 9.49322
    endloop
  endfacet
  facet normal -0.803534 0.194393 -0.562622
    outer loop
      vertex 29.6604 5.8419 9.49322
      vertex 29.8771 5.8419 9.18373
      vertex 29.5321 5 9.38557
    endloop
  endfacet
  facet normal -0.803595 0.194443 -0.562519
    outer loop
      vertex 29.8771 5.8419 9.18373
      vertex 29.732 5 9.1
      vertex 29.5321 5 9.38557
    endloop
  endfacet
  facet normal -0.681897 0.554088 -0.477497
    outer loop
      vertex 30.0257 6.55563 9.79976
      vertex 30.2901 6.55563 9.42218
      vertex 29.6604 5.8419 9.49322
    endloop
  endfacet
  facet normal -0.681909 0.554102 -0.477462
    outer loop
      vertex 30.2901 6.55563 9.42218
      vertex 29.8771 5.8419 9.18373
      vertex 29.6604 5.8419 9.49322
    endloop
  endfacet
  facet normal -0.456295 0.830496 -0.319487
    outer loop
      vertex 30.5725 7.03253 10.2585
      vertex 30.9082 7.03253 9.77905
      vertex 30.0257 6.55563 9.79976
    endloop
  endfacet
  facet normal -0.45629 0.830487 -0.319517
    outer loop
      vertex 30.9082 7.03253 9.77905
      vertex 30.2901 6.55563 9.42218
      vertex 30.0257 6.55563 9.79976
    endloop
  endfacet
  facet normal -0.160404 0.980641 -0.112312
    outer loop
      vertex 31.2174 7.2 10.7997
      vertex 31.6373 7.2 10.2
      vertex 30.5725 7.03253 10.2585
    endloop
  endfacet
  facet normal -0.160404 0.980641 -0.112311
    outer loop
      vertex 31.6373 7.2 10.2
      vertex 30.9082 7.03253 9.77905
      vertex 30.5725 7.03253 10.2585
    endloop
  endfacet
  facet normal 0.1604 0.980641 0.112318
    outer loop
      vertex 31.8623 7.03253 11.3409
      vertex 32.3664 7.03253 10.621
      vertex 31.2174 7.2 10.7997
    endloop
  endfacet
  facet normal 0.160398 0.980642 0.112308
    outer loop
      vertex 32.3664 7.03253 10.621
      vertex 31.6373 7.2 10.2
      vertex 31.2174 7.2 10.7997
    endloop
  endfacet
  facet normal 0.456301 0.830507 0.319449
    outer loop
      vertex 32.4091 6.55563 11.7997
      vertex 32.9845 6.55563 10.9778
      vertex 31.8623 7.03253 11.3409
    endloop
  endfacet
  facet normal 0.456311 0.830472 0.319525
    outer loop
      vertex 32.9845 6.55563 10.9778
      vertex 32.3664 7.03253 10.621
      vertex 31.8623 7.03253 11.3409
    endloop
  endfacet
  facet normal 0.681926 0.554068 0.477479
    outer loop
      vertex 32.7744 5.8419 12.1062
      vertex 33.3975 5.8419 11.2163
      vertex 32.4091 6.55563 11.7997
    endloop
  endfacet
  facet normal 0.681927 0.554128 0.477407
    outer loop
      vertex 33.3975 5.8419 11.2163
      vertex 32.9845 6.55563 10.9778
      vertex 32.4091 6.55563 11.7997
    endloop
  endfacet
  facet normal 0.80351 0.194362 0.562668
    outer loop
      vertex 32.9027 5 12.2138
      vertex 33.5426 5 11.3
      vertex 32.7744 5.8419 12.1062
    endloop
  endfacet
  facet normal 0.803527 0.194421 0.562623
    outer loop
      vertex 33.5426 5 11.3
      vertex 33.3975 5.8419 11.2163
      vertex 32.7744 5.8419 12.1062
    endloop
  endfacet
  facet normal 0.888986 -0.194435 0.414607
    outer loop
      vertex 33.8567 4.1581 10.2317
      vertex 33.5426 5 11.3
      vertex 33.3975 4.1581 11.2163
    endloop
  endfacet
  facet normal 0.889068 -0.194275 0.414506
    outer loop
      vertex 33.8567 4.1581 10.2317
      vertex 34.014 5 10.2889
      vertex 33.5426 5 11.3
    endloop
  endfacet
  facet normal 0.754453 -0.554113 0.351796
    outer loop
      vertex 33.4085 3.44436 10.0685
      vertex 33.3975 4.1581 11.2163
      vertex 32.9845 3.44436 10.9778
    endloop
  endfacet
  facet normal 0.754389 -0.554175 0.351834
    outer loop
      vertex 33.4085 3.44436 10.0685
      vertex 33.8567 4.1581 10.2317
      vertex 33.3975 4.1581 11.2163
    endloop
  endfacet
  facet normal 0.504876 -0.830475 0.235398
    outer loop
      vertex 32.7378 2.96746 9.82443
      vertex 32.9845 3.44436 10.9778
      vertex 32.3664 2.96746 10.621
    endloop
  endfacet
  facet normal 0.504851 -0.830487 0.235408
    outer loop
      vertex 33.4085 3.44436 10.0685
      vertex 32.9845 3.44436 10.9778
      vertex 32.7378 2.96746 9.82443
    endloop
  endfacet
  facet normal 0.177455 -0.980644 0.0827472
    outer loop
      vertex 31.9467 2.8 9.53648
      vertex 32.3664 2.96746 10.621
      vertex 31.6373 2.8 10.2
    endloop
  endfacet
  facet normal 0.177465 -0.980643 0.0827429
    outer loop
      vertex 32.7378 2.96746 9.82443
      vertex 32.3664 2.96746 10.621
      vertex 31.9467 2.8 9.53648
    endloop
  endfacet
  facet normal -0.177455 -0.980643 -0.0827552
    outer loop
      vertex 31.1556 2.96746 9.24854
      vertex 31.6373 2.8 10.2
      vertex 30.9082 2.96746 9.77905
    endloop
  endfacet
  facet normal -0.177463 -0.980642 -0.0827512
    outer loop
      vertex 31.9467 2.8 9.53648
      vertex 31.6373 2.8 10.2
      vertex 31.1556 2.96746 9.24854
    endloop
  endfacet
  facet normal -0.504848 -0.830487 -0.235415
    outer loop
      vertex 30.4849 3.44436 9.00443
      vertex 30.9082 2.96746 9.77905
      vertex 30.2901 3.44436 9.42218
    endloop
  endfacet
  facet normal -0.504834 -0.830492 -0.235426
    outer loop
      vertex 31.1556 2.96746 9.24854
      vertex 30.9082 2.96746 9.77905
      vertex 30.4849 3.44436 9.00443
    endloop
  endfacet
  facet normal -0.75443 -0.554098 -0.351866
    outer loop
      vertex 30.0368 4.1581 8.84132
      vertex 30.2901 3.44436 9.42218
      vertex 29.8771 4.1581 9.18373
    endloop
  endfacet
  facet normal -0.754472 -0.554073 -0.351816
    outer loop
      vertex 30.4849 3.44436 9.00443
      vertex 30.2901 3.44436 9.42218
      vertex 30.0368 4.1581 8.84132
    endloop
  endfacet
  facet normal -0.888938 -0.194451 -0.414703
    outer loop
      vertex 29.8794 5 8.78404
      vertex 29.8771 4.1581 9.18373
      vertex 29.732 5 9.1
    endloop
  endfacet
  facet normal -0.888984 -0.194412 -0.414622
    outer loop
      vertex 29.8794 5 8.78404
      vertex 30.0368 4.1581 8.84132
      vertex 29.8771 4.1581 9.18373
    endloop
  endfacet
  facet normal -0.888977 0.194449 -0.414619
    outer loop
      vertex 29.8771 5.8419 9.18373
      vertex 30.0368 5.8419 8.84132
      vertex 29.732 5 9.1
    endloop
  endfacet
  facet normal -0.888945 0.194411 -0.414706
    outer loop
      vertex 30.0368 5.8419 8.84132
      vertex 29.8794 5 8.78404
      vertex 29.732 5 9.1
    endloop
  endfacet
  facet normal -0.754455 0.554101 -0.351808
    outer loop
      vertex 30.2901 6.55563 9.42218
      vertex 30.4849 6.55563 9.00443
      vertex 29.8771 5.8419 9.18373
    endloop
  endfacet
  facet normal -0.754444 0.554076 -0.351873
    outer loop
      vertex 30.4849 6.55563 9.00443
      vertex 30.0368 5.8419 8.84132
      vertex 29.8771 5.8419 9.18373
    endloop
  endfacet
  facet normal -0.50484 0.830487 -0.235429
    outer loop
      vertex 30.9082 7.03253 9.77905
      vertex 31.1556 7.03253 9.24854
      vertex 30.2901 6.55563 9.42218
    endloop
  endfacet
  facet normal -0.50484 0.830493 -0.235411
    outer loop
      vertex 31.1556 7.03253 9.24854
      vertex 30.4849 6.55563 9.00443
      vertex 30.2901 6.55563 9.42218
    endloop
  endfacet
  facet normal -0.177469 0.980641 -0.082754
    outer loop
      vertex 31.6373 7.2 10.2
      vertex 31.9467 7.2 9.53648
      vertex 30.9082 7.03253 9.77905
    endloop
  endfacet
  facet normal -0.177471 0.98064 -0.0827624
    outer loop
      vertex 31.9467 7.2 9.53648
      vertex 31.1556 7.03253 9.24854
      vertex 30.9082 7.03253 9.77905
    endloop
  endfacet
  facet normal 0.177469 0.980642 0.0827447
    outer loop
      vertex 32.3664 7.03253 10.621
      vertex 32.7378 7.03253 9.82443
      vertex 31.6373 7.2 10.2
    endloop
  endfacet
  facet normal 0.177472 0.98064 0.0827555
    outer loop
      vertex 32.7378 7.03253 9.82443
      vertex 31.9467 7.2 9.53648
      vertex 31.6373 7.2 10.2
    endloop
  endfacet
  facet normal 0.504866 0.830476 0.235415
    outer loop
      vertex 32.9845 6.55563 10.9778
      vertex 33.4085 6.55563 10.0685
      vertex 32.3664 7.03253 10.621
    endloop
  endfacet
  facet normal 0.504858 0.830488 0.23539
    outer loop
      vertex 33.4085 6.55563 10.0685
      vertex 32.7378 7.03253 9.82443
      vertex 32.3664 7.03253 10.621
    endloop
  endfacet
  facet normal 0.754422 0.55412 0.351849
    outer loop
      vertex 33.3975 5.8419 11.2163
      vertex 33.8567 5.8419 10.2317
      vertex 32.9845 6.55563 10.9778
    endloop
  endfacet
  facet normal 0.754411 0.554183 0.351776
    outer loop
      vertex 33.8567 5.8419 10.2317
      vertex 33.4085 6.55563 10.0685
      vertex 32.9845 6.55563 10.9778
    endloop
  endfacet
  facet normal 0.88904 0.194432 0.414493
    outer loop
      vertex 33.5426 5 11.3
      vertex 34.014 5 10.2889
      vertex 33.3975 5.8419 11.2163
    endloop
  endfacet
  facet normal 0.889015 0.194273 0.414621
    outer loop
      vertex 34.014 5 10.2889
      vertex 33.8567 5.8419 10.2317
      vertex 33.3975 5.8419 11.2163
    endloop
  endfacet
  facet normal 0.947542 -0.194282 0.253808
    outer loop
      vertex 34.1378 4.1581 9.18227
      vertex 34.014 5 10.2889
      vertex 33.8567 4.1581 10.2317
    endloop
  endfacet
  facet normal 0.947471 -0.194462 0.253937
    outer loop
      vertex 34.1378 4.1581 9.18227
      vertex 34.3028 5 9.21135
      vertex 34.014 5 10.2889
    endloop
  endfacet
  facet normal 0.804032 -0.554169 0.215476
    outer loop
      vertex 33.6682 3.44436 9.09945
      vertex 33.8567 4.1581 10.2317
      vertex 33.4085 3.44436 10.0685
    endloop
  endfacet
  facet normal 0.804127 -0.554063 0.215393
    outer loop
      vertex 34.1378 4.1581 9.18227
      vertex 33.8567 4.1581 10.2317
      vertex 33.6682 3.44436 9.09945
    endloop
  endfacet
  facet normal 0.538047 -0.83049 0.144192
    outer loop
      vertex 32.9653 2.96746 8.97552
      vertex 33.4085 3.44436 10.0685
      vertex 32.7378 2.96746 9.82443
    endloop
  endfacet
  facet normal 0.538045 -0.830492 0.144193
    outer loop
      vertex 33.6682 3.44436 9.09945
      vertex 33.4085 3.44436 10.0685
      vertex 32.9653 2.96746 8.97552
    endloop
  endfacet
  facet normal 0.189134 -0.980642 0.050683
    outer loop
      vertex 32.1362 2.8 8.82932
      vertex 32.7378 2.96746 9.82443
      vertex 31.9467 2.8 9.53648
    endloop
  endfacet
  facet normal 0.189131 -0.980643 0.0506853
    outer loop
      vertex 32.9653 2.96746 8.97552
      vertex 32.7378 2.96746 9.82443
      vertex 32.1362 2.8 8.82932
    endloop
  endfacet
  facet normal -0.189137 -0.980642 -0.0506786
    outer loop
      vertex 31.3071 2.96746 8.68313
      vertex 31.9467 2.8 9.53648
      vertex 31.1556 2.96746 9.24854
    endloop
  endfacet
  facet normal -0.189132 -0.980643 -0.0506823
    outer loop
      vertex 32.1362 2.8 8.82932
      vertex 31.9467 2.8 9.53648
      vertex 31.3071 2.96746 8.68313
    endloop
  endfacet
  facet normal -0.538049 -0.830493 -0.144168
    outer loop
      vertex 30.6042 3.44436 8.55919
      vertex 31.1556 2.96746 9.24854
      vertex 30.4849 3.44436 9.00443
    endloop
  endfacet
  facet normal -0.538048 -0.830494 -0.144169
    outer loop
      vertex 31.3071 2.96746 8.68313
      vertex 31.1556 2.96746 9.24854
      vertex 30.6042 3.44436 8.55919
    endloop
  endfacet
  facet normal -0.804156 -0.554063 -0.215285
    outer loop
      vertex 30.1345 4.1581 8.47638
      vertex 30.4849 3.44436 9.00443
      vertex 30.0368 4.1581 8.84132
    endloop
  endfacet
  facet normal -0.804063 -0.554136 -0.215445
    outer loop
      vertex 30.6042 3.44436 8.55919
      vertex 30.4849 3.44436 9.00443
      vertex 30.1345 4.1581 8.47638
    endloop
  endfacet
  facet normal -0.947516 -0.194414 -0.253804
    outer loop
      vertex 29.9696 5 8.4473
      vertex 30.0368 4.1581 8.84132
      vertex 29.8794 5 8.78404
    endloop
  endfacet
  facet normal -0.947562 -0.194358 -0.253677
    outer loop
      vertex 30.1345 4.1581 8.47638
      vertex 30.0368 4.1581 8.84132
      vertex 29.9696 5 8.4473
    endloop
  endfacet
  facet normal -0.947551 0.194411 -0.253674
    outer loop
      vertex 30.0368 5.8419 8.84132
      vertex 30.1345 5.8419 8.47638
      vertex 29.8794 5 8.78404
    endloop
  endfacet
  facet normal -0.947527 0.194356 -0.253807
    outer loop
      vertex 30.1345 5.8419 8.47638
      vertex 29.9696 5 8.4473
      vertex 29.8794 5 8.78404
    endloop
  endfacet
  facet normal -0.804101 0.554076 -0.215455
    outer loop
      vertex 30.4849 6.55563 9.00443
      vertex 30.6042 6.55563 8.55919
      vertex 30.0368 5.8419 8.84132
    endloop
  endfacet
  facet normal -0.804101 0.554149 -0.21527
    outer loop
      vertex 30.6042 6.55563 8.55919
      vertex 30.1345 5.8419 8.47638
      vertex 30.0368 5.8419 8.84132
    endloop
  endfacet
  facet normal -0.538049 0.830493 -0.144169
    outer loop
      vertex 31.1556 7.03253 9.24854
      vertex 31.3071 7.03253 8.68313
      vertex 30.4849 6.55563 9.00443
    endloop
  endfacet
  facet normal -0.538048 0.830494 -0.144168
    outer loop
      vertex 31.3071 7.03253 8.68313
      vertex 30.6042 6.55563 8.55919
      vertex 30.4849 6.55563 9.00443
    endloop
  endfacet
  facet normal -0.189146 0.98064 -0.050686
    outer loop
      vertex 31.9467 7.2 9.53648
      vertex 32.1362 7.2 8.82932
      vertex 31.1556 7.03253 9.24854
    endloop
  endfacet
  facet normal -0.189144 0.980641 -0.0506805
    outer loop
      vertex 32.1362 7.2 8.82932
      vertex 31.3071 7.03253 8.68313
      vertex 31.1556 7.03253 9.24854
    endloop
  endfacet
  facet normal 0.189144 0.98064 0.0506889
    outer loop
      vertex 32.7378 7.03253 9.82443
      vertex 32.9653 7.03253 8.97552
      vertex 31.9467 7.2 9.53648
    endloop
  endfacet
  facet normal 0.189142 0.980641 0.050685
    outer loop
      vertex 32.9653 7.03253 8.97552
      vertex 32.1362 7.2 8.82932
      vertex 31.9467 7.2 9.53648
    endloop
  endfacet
  facet normal 0.538046 0.83049 0.144193
    outer loop
      vertex 33.4085 6.55563 10.0685
      vertex 33.6682 6.55563 9.09945
      vertex 32.7378 7.03253 9.82443
    endloop
  endfacet
  facet normal 0.538045 0.830492 0.144191
    outer loop
      vertex 33.6682 6.55563 9.09945
      vertex 32.9653 7.03253 8.97552
      vertex 32.7378 7.03253 9.82443
    endloop
  endfacet
  facet normal 0.804058 0.55417 0.215375
    outer loop
      vertex 33.8567 5.8419 10.2317
      vertex 34.1378 5.8419 9.18227
      vertex 33.4085 6.55563 10.0685
    endloop
  endfacet
  facet normal 0.804099 0.554064 0.215494
    outer loop
      vertex 34.1378 5.8419 9.18227
      vertex 33.6682 6.55563 9.09945
      vertex 33.4085 6.55563 10.0685
    endloop
  endfacet
  facet normal 0.947505 0.194285 0.253946
    outer loop
      vertex 34.014 5 10.2889
      vertex 34.3028 5 9.21135
      vertex 33.8567 5.8419 10.2317
    endloop
  endfacet
  facet normal 0.947507 0.194464 0.253799
    outer loop
      vertex 34.3028 5 9.21135
      vertex 34.1378 5.8419 9.18227
      vertex 33.8567 5.8419 10.2317
    endloop
  endfacet
  facet normal 0.977176 -0.194465 0.0855041
    outer loop
      vertex 34.2325 4.1581 8.1
      vertex 34.3028 5 9.21135
      vertex 34.1378 4.1581 9.18227
    endloop
  endfacet
  facet normal 0.977189 -0.194416 0.0854661
    outer loop
      vertex 34.4 5 8.1
      vertex 34.3028 5 9.21135
      vertex 34.2325 4.1581 8.1
    endloop
  endfacet
  facet normal 0.829314 -0.554056 0.0725219
    outer loop
      vertex 33.7556 3.44436 8.1
      vertex 34.1378 4.1581 9.18227
      vertex 33.6682 3.44436 9.09945
    endloop
  endfacet
  facet normal 0.829281 -0.554101 0.0725631
    outer loop
      vertex 34.2325 4.1581 8.1
      vertex 34.1378 4.1581 9.18227
      vertex 33.7556 3.44436 8.1
    endloop
  endfacet
  facet normal 0.554909 -0.830493 0.0485495
    outer loop
      vertex 33.0419 2.96746 8.1
      vertex 33.6682 3.44436 9.09945
      vertex 32.9653 2.96746 8.97552
    endloop
  endfacet
  facet normal 0.554932 -0.830479 0.0485278
    outer loop
      vertex 33.7556 3.44436 8.1
      vertex 33.6682 3.44436 9.09945
      vertex 33.0419 2.96746 8.1
    endloop
  endfacet
  facet normal 0.195059 -0.980643 0.0170636
    outer loop
      vertex 32.2 2.8 8.1
      vertex 32.9653 2.96746 8.97552
      vertex 32.1362 2.8 8.82932
    endloop
  endfacet
  facet normal 0.195057 -0.980643 0.0170657
    outer loop
      vertex 33.0419 2.96746 8.1
      vertex 32.9653 2.96746 8.97552
      vertex 32.2 2.8 8.1
    endloop
  endfacet
  facet normal -0.19506 -0.980643 -0.0170598
    outer loop
      vertex 31.3581 2.96746 8.1
      vertex 32.1362 2.8 8.82932
      vertex 31.3071 2.96746 8.68313
    endloop
  endfacet
  facet normal -0.195057 -0.980643 -0.0170633
    outer loop
      vertex 32.2 2.8 8.1
      vertex 32.1362 2.8 8.82932
      vertex 31.3581 2.96746 8.1
    endloop
  endfacet
  facet normal -0.554904 -0.830495 -0.0485793
    outer loop
      vertex 30.6444 3.44436 8.1
      vertex 31.3071 2.96746 8.68313
      vertex 30.6042 3.44436 8.55919
    endloop
  endfacet
  facet normal -0.554932 -0.830479 -0.0485339
    outer loop
      vertex 31.3581 2.96746 8.1
      vertex 31.3071 2.96746 8.68313
      vertex 30.6444 3.44436 8.1
    endloop
  endfacet
  facet normal -0.82924 -0.554144 -0.0727055
    outer loop
      vertex 30.1675 4.1581 8.1
      vertex 30.6042 3.44436 8.55919
      vertex 30.1345 4.1581 8.47638
    endloop
  endfacet
  facet normal -0.829279 -0.5541 -0.0725996
    outer loop
      vertex 30.6444 3.44436 8.1
      vertex 30.6042 3.44436 8.55919
      vertex 30.1675 4.1581 8.1
    endloop
  endfacet
  facet normal -0.977195 -0.194354 -0.0855362
    outer loop
      vertex 30 5 8.1
      vertex 30.1345 4.1581 8.47638
      vertex 29.9696 5 8.4473
    endloop
  endfacet
  facet normal -0.977171 -0.194413 -0.0856758
    outer loop
      vertex 30.1675 4.1581 8.1
      vertex 30.1345 4.1581 8.47638
      vertex 30 5 8.1
    endloop
  endfacet
  facet normal -0.977182 0.194357 -0.0856767
    outer loop
      vertex 30.1345 5.8419 8.47638
      vertex 30.1675 5.8419 8.1
      vertex 29.9696 5 8.4473
    endloop
  endfacet
  facet normal -0.977183 0.194415 -0.0855352
    outer loop
      vertex 30.1675 5.8419 8.1
      vertex 30 5 8.1
      vertex 29.9696 5 8.4473
    endloop
  endfacet
  facet normal -0.829249 0.554145 -0.0725969
    outer loop
      vertex 30.6042 6.55563 8.55919
      vertex 30.6444 6.55563 8.1
      vertex 30.1345 5.8419 8.47638
    endloop
  endfacet
  facet normal -0.829268 0.5541 -0.0727081
    outer loop
      vertex 30.6444 6.55563 8.1
      vertex 30.1675 5.8419 8.1
      vertex 30.1345 5.8419 8.47638
    endloop
  endfacet
  facet normal -0.554911 0.830493 -0.048532
    outer loop
      vertex 31.3071 7.03253 8.68313
      vertex 31.3581 7.03253 8.1
      vertex 30.6042 6.55563 8.55919
    endloop
  endfacet
  facet normal -0.554931 0.830477 -0.0485817
    outer loop
      vertex 31.3581 7.03253 8.1
      vertex 30.6444 6.55563 8.1
      vertex 30.6042 6.55563 8.55919
    endloop
  endfacet
  facet normal -0.195071 0.980641 -0.0170646
    outer loop
      vertex 32.1362 7.2 8.82932
      vertex 32.2 7.2 8.1
      vertex 31.3071 7.03253 8.68313
    endloop
  endfacet
  facet normal -0.195068 0.980641 -0.0170605
    outer loop
      vertex 32.2 7.2 8.1
      vertex 31.3581 7.03253 8.1
      vertex 31.3071 7.03253 8.68313
    endloop
  endfacet
  facet normal 0.19507 0.980641 0.0170669
    outer loop
      vertex 32.9653 7.03253 8.97552
      vertex 33.0419 7.03253 8.1
      vertex 32.1362 7.2 8.82932
    endloop
  endfacet
  facet normal 0.195068 0.980641 0.0170643
    outer loop
      vertex 33.0419 7.03253 8.1
      vertex 32.2 7.2 8.1
      vertex 32.1362 7.2 8.82932
    endloop
  endfacet
  facet normal 0.554912 0.830492 0.048526
    outer loop
      vertex 33.6682 6.55563 9.09945
      vertex 33.7556 6.55563 8.1
      vertex 32.9653 7.03253 8.97552
    endloop
  endfacet
  facet normal 0.554932 0.830478 0.0485515
    outer loop
      vertex 33.7556 6.55563 8.1
      vertex 33.0419 7.03253 8.1
      vertex 32.9653 7.03253 8.97552
    endloop
  endfacet
  facet normal 0.829306 0.554064 0.0725653
    outer loop
      vertex 34.1378 5.8419 9.18227
      vertex 34.2325 5.8419 8.1
      vertex 33.6682 6.55563 9.09945
    endloop
  endfacet
  facet normal 0.82928 0.554108 0.072519
    outer loop
      vertex 34.2325 5.8419 8.1
      vertex 33.7556 6.55563 8.1
      vertex 33.6682 6.55563 9.09945
    endloop
  endfacet
  facet normal 0.977179 0.194465 0.0854653
    outer loop
      vertex 34.3028 5 9.21135
      vertex 34.4 5 8.1
      vertex 34.1378 5.8419 9.18227
    endloop
  endfacet
  facet normal 0.977185 0.194416 0.085505
    outer loop
      vertex 34.4 5 8.1
      vertex 34.2325 5.8419 8.1
      vertex 34.1378 5.8419 9.18227
    endloop
  endfacet
  facet normal 0.977185 -0.194416 -0.085505
    outer loop
      vertex 34.4 5 8.1
      vertex 34.2325 4.1581 8.1
      vertex 34.1378 4.1581 7.01773
    endloop
  endfacet
  facet normal 0.977179 -0.194465 -0.0854653
    outer loop
      vertex 34.3028 5 6.98865
      vertex 34.4 5 8.1
      vertex 34.1378 4.1581 7.01773
    endloop
  endfacet
  facet normal 0.829284 -0.554103 -0.0725185
    outer loop
      vertex 34.2325 4.1581 8.1
      vertex 33.7556 3.44436 8.1
      vertex 33.6682 3.44436 7.10054
    endloop
  endfacet
  facet normal 0.82931 -0.554057 -0.0725657
    outer loop
      vertex 34.1378 4.1581 7.01773
      vertex 34.2325 4.1581 8.1
      vertex 33.6682 3.44436 7.10054
    endloop
  endfacet
  facet normal 0.554932 -0.830478 -0.0485515
    outer loop
      vertex 33.7556 3.44436 8.1
      vertex 33.0419 2.96746 8.1
      vertex 32.9653 2.96746 7.22448
    endloop
  endfacet
  facet normal 0.554912 -0.830493 -0.0485255
    outer loop
      vertex 33.6682 3.44436 7.10054
      vertex 33.7556 3.44436 8.1
      vertex 32.9653 2.96746 7.22448
    endloop
  endfacet
  facet normal 0.195057 -0.980643 -0.0170633
    outer loop
      vertex 33.0419 2.96746 8.1
      vertex 32.2 2.8 8.1
      vertex 32.1362 2.8 7.37068
    endloop
  endfacet
  facet normal 0.195059 -0.980643 -0.0170659
    outer loop
      vertex 32.9653 2.96746 7.22448
      vertex 33.0419 2.96746 8.1
      vertex 32.1362 2.8 7.37068
    endloop
  endfacet
  facet normal -0.195057 -0.980644 0.0170595
    outer loop
      vertex 32.2 2.8 8.1
      vertex 31.3581 2.96746 8.1
      vertex 31.3071 2.96746 7.51687
    endloop
  endfacet
  facet normal -0.19506 -0.980643 0.0170636
    outer loop
      vertex 32.1362 2.8 7.37068
      vertex 32.2 2.8 8.1
      vertex 31.3071 2.96746 7.51687
    endloop
  endfacet
  facet normal -0.554931 -0.830477 0.0485817
    outer loop
      vertex 31.3581 2.96746 8.1
      vertex 30.6444 3.44436 8.1
      vertex 30.6042 3.44436 7.64081
    endloop
  endfacet
  facet normal -0.554911 -0.830493 0.048532
    outer loop
      vertex 31.3071 2.96746 7.51687
      vertex 31.3581 2.96746 8.1
      vertex 30.6042 3.44436 7.64081
    endloop
  endfacet
  facet normal -0.829272 -0.554095 0.0727084
    outer loop
      vertex 30.6444 3.44436 8.1
      vertex 30.1675 4.1581 8.1
      vertex 30.1345 4.1581 7.72362
    endloop
  endfacet
  facet normal -0.829252 -0.554139 0.0725973
    outer loop
      vertex 30.6042 3.44436 7.64081
      vertex 30.6444 3.44436 8.1
      vertex 30.1345 4.1581 7.72362
    endloop
  endfacet
  facet normal -0.977183 -0.194415 0.0855352
    outer loop
      vertex 30.1675 4.1581 8.1
      vertex 30 5 8.1
      vertex 29.9696 5 7.7527
    endloop
  endfacet
  facet normal -0.977182 -0.194357 0.0856767
    outer loop
      vertex 30.1345 4.1581 7.72362
      vertex 30.1675 4.1581 8.1
      vertex 29.9696 5 7.7527
    endloop
  endfacet
  facet normal -0.977171 0.194413 0.0856758
    outer loop
      vertex 30.1675 5.8419 8.1
      vertex 30.1345 5.8419 7.72362
      vertex 30 5 8.1
    endloop
  endfacet
  facet normal -0.977195 0.194354 0.0855362
    outer loop
      vertex 30 5 8.1
      vertex 30.1345 5.8419 7.72362
      vertex 29.9696 5 7.7527
    endloop
  endfacet
  facet normal -0.829275 0.554105 0.0725993
    outer loop
      vertex 30.6444 6.55563 8.1
      vertex 30.6042 6.55563 7.64081
      vertex 30.1675 5.8419 8.1
    endloop
  endfacet
  facet normal -0.829236 0.554149 0.0727052
    outer loop
      vertex 30.1675 5.8419 8.1
      vertex 30.6042 6.55563 7.64081
      vertex 30.1345 5.8419 7.72362
    endloop
  endfacet
  facet normal -0.554932 0.830479 0.0485339
    outer loop
      vertex 31.3581 7.03253 8.1
      vertex 31.3071 7.03253 7.51687
      vertex 30.6444 6.55563 8.1
    endloop
  endfacet
  facet normal -0.554904 0.830495 0.0485793
    outer loop
      vertex 30.6444 6.55563 8.1
      vertex 31.3071 7.03253 7.51687
      vertex 30.6042 6.55563 7.64081
    endloop
  endfacet
  facet normal -0.195068 0.980641 0.0170643
    outer loop
      vertex 32.2 7.2 8.1
      vertex 32.1362 7.2 7.37068
      vertex 31.3581 7.03253 8.1
    endloop
  endfacet
  facet normal -0.195071 0.980641 0.0170608
    outer loop
      vertex 31.3581 7.03253 8.1
      vertex 32.1362 7.2 7.37068
      vertex 31.3071 7.03253 7.51687
    endloop
  endfacet
  facet normal 0.195068 0.980641 -0.0170667
    outer loop
      vertex 33.0419 7.03253 8.1
      vertex 32.9653 7.03253 7.22448
      vertex 32.2 7.2 8.1
    endloop
  endfacet
  facet normal 0.195071 0.980641 -0.0170645
    outer loop
      vertex 32.2 7.2 8.1
      vertex 32.9653 7.03253 7.22448
      vertex 32.1362 7.2 7.37068
    endloop
  endfacet
  facet normal 0.554933 0.830479 -0.0485273
    outer loop
      vertex 33.7556 6.55563 8.1
      vertex 33.6682 6.55563 7.10054
      vertex 33.0419 7.03253 8.1
    endloop
  endfacet
  facet normal 0.554908 0.830494 -0.0485494
    outer loop
      vertex 33.0419 7.03253 8.1
      vertex 33.6682 6.55563 7.10054
      vertex 32.9653 7.03253 7.22448
    endloop
  endfacet
  facet normal 0.829277 0.554106 -0.0725628
    outer loop
      vertex 34.2325 5.8419 8.1
      vertex 34.1378 5.8419 7.01773
      vertex 33.7556 6.55563 8.1
    endloop
  endfacet
  facet normal 0.829311 0.554061 -0.072521
    outer loop
      vertex 33.7556 6.55563 8.1
      vertex 34.1378 5.8419 7.01773
      vertex 33.6682 6.55563 7.10054
    endloop
  endfacet
  facet normal 0.977189 0.194416 -0.0854661
    outer loop
      vertex 34.4 5 8.1
      vertex 34.3028 5 6.98865
      vertex 34.2325 5.8419 8.1
    endloop
  endfacet
  facet normal 0.977176 0.194465 -0.0855041
    outer loop
      vertex 34.2325 5.8419 8.1
      vertex 34.3028 5 6.98865
      vertex 34.1378 5.8419 7.01773
    endloop
  endfacet
  facet normal 0.947504 -0.194464 -0.25381
    outer loop
      vertex 34.3028 5 6.98865
      vertex 34.1378 4.1581 7.01773
      vertex 33.8567 4.1581 5.96835
    endloop
  endfacet
  facet normal 0.947502 -0.194308 -0.253938
    outer loop
      vertex 34.014 5 5.91107
      vertex 34.3028 5 6.98865
      vertex 33.8567 4.1581 5.96835
    endloop
  endfacet
  facet normal 0.804105 -0.554057 -0.215489
    outer loop
      vertex 34.1378 4.1581 7.01773
      vertex 33.6682 3.44436 7.10054
      vertex 33.4085 3.44436 6.13146
    endloop
  endfacet
  facet normal 0.804071 -0.554146 -0.215388
    outer loop
      vertex 33.8567 4.1581 5.96835
      vertex 34.1378 4.1581 7.01773
      vertex 33.4085 3.44436 6.13146
    endloop
  endfacet
  facet normal 0.538044 -0.830493 -0.144191
    outer loop
      vertex 33.6682 3.44436 7.10054
      vertex 32.9653 2.96746 7.22448
      vertex 32.7378 2.96746 6.37557
    endloop
  endfacet
  facet normal 0.538042 -0.830494 -0.144188
    outer loop
      vertex 33.4085 3.44436 6.13146
      vertex 33.6682 3.44436 7.10054
      vertex 32.7378 2.96746 6.37557
    endloop
  endfacet
  facet normal 0.189131 -0.980643 -0.0506821
    outer loop
      vertex 32.9653 2.96746 7.22448
      vertex 32.1362 2.8 7.37068
      vertex 31.9467 2.8 6.66352
    endloop
  endfacet
  facet normal 0.189133 -0.980642 -0.050686
    outer loop
      vertex 32.7378 2.96746 6.37557
      vertex 32.9653 2.96746 7.22448
      vertex 31.9467 2.8 6.66352
    endloop
  endfacet
  facet normal -0.189133 -0.980643 0.0506776
    outer loop
      vertex 32.1362 2.8 7.37068
      vertex 31.3071 2.96746 7.51687
      vertex 31.1556 2.96746 6.95146
    endloop
  endfacet
  facet normal -0.189135 -0.980642 0.0506831
    outer loop
      vertex 31.9467 2.8 6.66352
      vertex 32.1362 2.8 7.37068
      vertex 31.1556 2.96746 6.95146
    endloop
  endfacet
  facet normal -0.538048 -0.830494 0.144168
    outer loop
      vertex 31.3071 2.96746 7.51687
      vertex 30.6042 3.44436 7.64081
      vertex 30.4849 3.44436 7.19557
    endloop
  endfacet
  facet normal -0.538049 -0.830493 0.144169
    outer loop
      vertex 31.1556 2.96746 6.95146
      vertex 31.3071 2.96746 7.51687
      vertex 30.4849 3.44436 7.19557
    endloop
  endfacet
  facet normal -0.804104 -0.554143 0.215271
    outer loop
      vertex 30.6042 3.44436 7.64081
      vertex 30.1345 4.1581 7.72362
      vertex 30.0368 4.1581 7.35868
    endloop
  endfacet
  facet normal -0.804105 -0.554071 0.215456
    outer loop
      vertex 30.4849 3.44436 7.19557
      vertex 30.6042 3.44436 7.64081
      vertex 30.0368 4.1581 7.35868
    endloop
  endfacet
  facet normal -0.947527 -0.194356 0.253807
    outer loop
      vertex 30.1345 4.1581 7.72362
      vertex 29.9696 5 7.7527
      vertex 29.8794 5 7.41596
    endloop
  endfacet
  facet normal -0.947551 -0.194411 0.253674
    outer loop
      vertex 30.0368 4.1581 7.35868
      vertex 30.1345 4.1581 7.72362
      vertex 29.8794 5 7.41596
    endloop
  endfacet
  facet normal -0.947562 0.194358 0.253677
    outer loop
      vertex 30.1345 5.8419 7.72362
      vertex 30.0368 5.8419 7.35868
      vertex 29.9696 5 7.7527
    endloop
  endfacet
  facet normal -0.947516 0.194414 0.253804
    outer loop
      vertex 29.9696 5 7.7527
      vertex 30.0368 5.8419 7.35868
      vertex 29.8794 5 7.41596
    endloop
  endfacet
  facet normal -0.804059 0.554142 0.215444
    outer loop
      vertex 30.6042 6.55563 7.64081
      vertex 30.4849 6.55563 7.19557
      vertex 30.1345 5.8419 7.72362
    endloop
  endfacet
  facet normal -0.804152 0.554069 0.215284
    outer loop
      vertex 30.1345 5.8419 7.72362
      vertex 30.4849 6.55563 7.19557
      vertex 30.0368 5.8419 7.35868
    endloop
  endfacet
  facet normal -0.538048 0.830494 0.144169
    outer loop
      vertex 31.3071 7.03253 7.51687
      vertex 31.1556 7.03253 6.95146
      vertex 30.6042 6.55563 7.64081
    endloop
  endfacet
  facet normal -0.538049 0.830493 0.144168
    outer loop
      vertex 30.6042 6.55563 7.64081
      vertex 31.1556 7.03253 6.95146
      vertex 30.4849 6.55563 7.19557
    endloop
  endfacet
  facet normal -0.189143 0.980641 0.0506852
    outer loop
      vertex 32.1362 7.2 7.37068
      vertex 31.9467 7.2 6.66352
      vertex 31.3071 7.03253 7.51687
    endloop
  endfacet
  facet normal -0.189147 0.98064 0.0506815
    outer loop
      vertex 31.3071 7.03253 7.51687
      vertex 31.9467 7.2 6.66352
      vertex 31.1556 7.03253 6.95146
    endloop
  endfacet
  facet normal 0.189142 0.980641 -0.0506882
    outer loop
      vertex 32.9653 7.03253 7.22448
      vertex 32.7378 7.03253 6.37557
      vertex 32.1362 7.2 7.37068
    endloop
  endfacet
  facet normal 0.189145 0.98064 -0.0506859
    outer loop
      vertex 32.1362 7.2 7.37068
      vertex 32.7378 7.03253 6.37557
      vertex 31.9467 7.2 6.66352
    endloop
  endfacet
  facet normal 0.538044 0.830493 -0.144188
    outer loop
      vertex 33.6682 6.55563 7.10054
      vertex 33.4085 6.55563 6.13146
      vertex 32.9653 7.03253 7.22448
    endloop
  endfacet
  facet normal 0.538041 0.830494 -0.14419
    outer loop
      vertex 32.9653 7.03253 7.22448
      vertex 33.4085 6.55563 6.13146
      vertex 32.7378 7.03253 6.37557
    endloop
  endfacet
  facet normal 0.804122 0.554066 -0.215402
    outer loop
      vertex 34.1378 5.8419 7.01773
      vertex 33.8567 5.8419 5.96835
      vertex 33.6682 6.55563 7.10054
    endloop
  endfacet
  facet normal 0.804042 0.554155 -0.215472
    outer loop
      vertex 33.6682 6.55563 7.10054
      vertex 33.8567 5.8419 5.96835
      vertex 33.4085 6.55563 6.13146
    endloop
  endfacet
  facet normal 0.947473 0.194462 -0.25393
    outer loop
      vertex 34.1378 5.8419 7.01773
      vertex 34.3028 5 6.98865
      vertex 34.014 5 5.91107
    endloop
  endfacet
  facet normal 0.947534 0.194306 -0.253818
    outer loop
      vertex 34.1378 5.8419 7.01773
      vertex 34.014 5 5.91107
      vertex 33.8567 5.8419 5.96835
    endloop
  endfacet
  facet normal 0.889011 -0.194311 -0.414611
    outer loop
      vertex 34.014 5 5.91107
      vertex 33.8567 4.1581 5.96835
      vertex 33.3975 4.1581 4.98373
    endloop
  endfacet
  facet normal 0.889033 -0.194447 -0.414501
    outer loop
      vertex 33.5426 5 4.9
      vertex 34.014 5 5.91107
      vertex 33.3975 4.1581 4.98373
    endloop
  endfacet
  facet normal 0.75443 -0.554146 -0.351793
    outer loop
      vertex 33.8567 4.1581 5.96835
      vertex 33.4085 3.44436 6.13146
      vertex 32.9845 3.44436 5.22218
    endloop
  endfacet
  facet normal 0.754439 -0.554098 -0.35185
    outer loop
      vertex 33.3975 4.1581 4.98373
      vertex 33.8567 4.1581 5.96835
      vertex 32.9845 3.44436 5.22218
    endloop
  endfacet
  facet normal 0.504845 -0.830494 -0.235398
    outer loop
      vertex 33.4085 3.44436 6.13146
      vertex 32.7378 2.96746 6.37557
      vertex 32.3664 2.96746 5.57905
    endloop
  endfacet
  facet normal 0.504849 -0.830487 -0.235413
    outer loop
      vertex 32.9845 3.44436 5.22218
      vertex 33.4085 3.44436 6.13146
      vertex 32.3664 2.96746 5.57905
    endloop
  endfacet
  facet normal 0.177462 -0.980642 -0.0827508
    outer loop
      vertex 32.7378 2.96746 6.37557
      vertex 31.9467 2.8 6.66352
      vertex 31.6373 2.8 6
    endloop
  endfacet
  facet normal 0.177461 -0.980643 -0.082746
    outer loop
      vertex 32.3664 2.96746 5.57905
      vertex 32.7378 2.96746 6.37557
      vertex 31.6373 2.8 6
    endloop
  endfacet
  facet normal -0.177461 -0.980642 0.0827576
    outer loop
      vertex 31.9467 2.8 6.66352
      vertex 31.1556 2.96746 6.95146
      vertex 30.9082 2.96746 6.42095
    endloop
  endfacet
  facet normal -0.177459 -0.980643 0.0827492
    outer loop
      vertex 31.6373 2.8 6
      vertex 31.9467 2.8 6.66352
      vertex 30.9082 2.96746 6.42095
    endloop
  endfacet
  facet normal -0.50484 -0.830493 0.235411
    outer loop
      vertex 31.1556 2.96746 6.95146
      vertex 30.4849 3.44436 7.19557
      vertex 30.2901 3.44436 6.77782
    endloop
  endfacet
  facet normal -0.50484 -0.830487 0.235429
    outer loop
      vertex 30.9082 2.96746 6.42095
      vertex 31.1556 2.96746 6.95146
      vertex 30.2901 3.44436 6.77782
    endloop
  endfacet
  facet normal -0.754447 -0.55407 0.351874
    outer loop
      vertex 30.4849 3.44436 7.19557
      vertex 30.0368 4.1581 7.35868
      vertex 29.8771 4.1581 7.01627
    endloop
  endfacet
  facet normal -0.754459 -0.554096 0.35181
    outer loop
      vertex 30.2901 3.44436 6.77782
      vertex 30.4849 3.44436 7.19557
      vertex 29.8771 4.1581 7.01627
    endloop
  endfacet
  facet normal -0.888945 -0.194411 0.414706
    outer loop
      vertex 30.0368 4.1581 7.35868
      vertex 29.8794 5 7.41596
      vertex 29.732 5 7.1
    endloop
  endfacet
  facet normal -0.888977 -0.194449 0.414619
    outer loop
      vertex 29.8771 4.1581 7.01627
      vertex 30.0368 4.1581 7.35868
      vertex 29.732 5 7.1
    endloop
  endfacet
  facet normal -0.888984 0.194412 0.414622
    outer loop
      vertex 29.8794 5 7.41596
      vertex 30.0368 5.8419 7.35868
      vertex 29.8771 5.8419 7.01627
    endloop
  endfacet
  facet normal -0.888938 0.194451 0.414703
    outer loop
      vertex 29.8794 5 7.41596
      vertex 29.8771 5.8419 7.01627
      vertex 29.732 5 7.1
    endloop
  endfacet
  facet normal -0.754469 0.554078 0.351815
    outer loop
      vertex 30.4849 6.55563 7.19557
      vertex 30.2901 6.55563 6.77782
      vertex 30.0368 5.8419 7.35868
    endloop
  endfacet
  facet normal -0.754427 0.554104 0.351865
    outer loop
      vertex 30.0368 5.8419 7.35868
      vertex 30.2901 6.55563 6.77782
      vertex 29.8771 5.8419 7.01627
    endloop
  endfacet
  facet normal -0.504834 0.830492 0.235426
    outer loop
      vertex 31.1556 7.03253 6.95146
      vertex 30.9082 7.03253 6.42095
      vertex 30.4849 6.55563 7.19557
    endloop
  endfacet
  facet normal -0.504848 0.830487 0.235415
    outer loop
      vertex 30.4849 6.55563 7.19557
      vertex 30.9082 7.03253 6.42095
      vertex 30.2901 6.55563 6.77782
    endloop
  endfacet
  facet normal -0.177473 0.98064 0.0827559
    outer loop
      vertex 31.9467 7.2 6.66352
      vertex 31.6373 7.2 6
      vertex 31.1556 7.03253 6.95146
    endloop
  endfacet
  facet normal -0.177466 0.980641 0.08276
    outer loop
      vertex 31.1556 7.03253 6.95146
      vertex 31.6373 7.2 6
      vertex 30.9082 7.03253 6.42095
    endloop
  endfacet
  facet normal 0.177474 0.98064 -0.0827521
    outer loop
      vertex 32.7378 7.03253 6.37557
      vertex 32.3664 7.03253 5.57905
      vertex 31.9467 7.2 6.66352
    endloop
  endfacet
  facet normal 0.177469 0.980641 -0.082754
    outer loop
      vertex 31.9467 7.2 6.66352
      vertex 32.3664 7.03253 5.57905
      vertex 31.6373 7.2 6
    endloop
  endfacet
  facet normal 0.504841 0.830493 -0.235409
    outer loop
      vertex 33.4085 6.55563 6.13146
      vertex 32.9845 6.55563 5.22218
      vertex 32.7378 7.03253 6.37557
    endloop
  endfacet
  facet normal 0.504855 0.830486 -0.235403
    outer loop
      vertex 32.7378 7.03253 6.37557
      vertex 32.9845 6.55563 5.22218
      vertex 32.3664 7.03253 5.57905
    endloop
  endfacet
  facet normal 0.754407 0.55415 -0.351835
    outer loop
      vertex 33.4085 6.55563 6.13146
      vertex 33.8567 5.8419 5.96835
      vertex 33.3975 5.8419 4.98373
    endloop
  endfacet
  facet normal 0.754457 0.554101 -0.351805
    outer loop
      vertex 33.4085 6.55563 6.13146
      vertex 33.3975 5.8419 4.98373
      vertex 32.9845 6.55563 5.22218
    endloop
  endfacet
  facet normal 0.889057 0.194313 -0.414513
    outer loop
      vertex 33.8567 5.8419 5.96835
      vertex 34.014 5 5.91107
      vertex 33.5426 5 4.9
    endloop
  endfacet
  facet normal 0.888987 0.194449 -0.414599
    outer loop
      vertex 33.8567 5.8419 5.96835
      vertex 33.5426 5 4.9
      vertex 33.3975 5.8419 4.98373
    endloop
  endfacet
  facet normal 0.803533 -0.194441 -0.562608
    outer loop
      vertex 33.5426 5 4.9
      vertex 33.3975 4.1581 4.98373
      vertex 32.7744 4.1581 4.0938
    endloop
  endfacet
  facet normal 0.803517 -0.194387 -0.562649
    outer loop
      vertex 32.9027 5 3.98616
      vertex 33.5426 5 4.9
      vertex 32.7744 4.1581 4.0938
    endloop
  endfacet
  facet normal 0.681924 -0.554098 -0.477446
    outer loop
      vertex 33.3975 4.1581 4.98373
      vertex 32.9845 3.44436 5.22218
      vertex 32.4091 3.44436 4.40035
    endloop
  endfacet
  facet normal 0.681924 -0.554085 -0.477461
    outer loop
      vertex 32.7744 4.1581 4.0938
      vertex 33.3975 4.1581 4.98373
      vertex 32.4091 3.44436 4.40035
    endloop
  endfacet
  facet normal 0.456297 -0.830487 -0.319507
    outer loop
      vertex 32.9845 3.44436 5.22218
      vertex 32.3664 2.96746 5.57905
      vertex 31.8623 2.96746 4.85913
    endloop
  endfacet
  facet normal 0.456292 -0.830504 -0.31947
    outer loop
      vertex 32.4091 3.44436 4.40035
      vertex 32.9845 3.44436 5.22218
      vertex 31.8623 2.96746 4.85913
    endloop
  endfacet
  facet normal 0.160395 -0.980643 -0.112304
    outer loop
      vertex 32.3664 2.96746 5.57905
      vertex 31.6373 2.8 6
      vertex 31.2174 2.8 5.40029
    endloop
  endfacet
  facet normal 0.160396 -0.980642 -0.112312
    outer loop
      vertex 31.8623 2.96746 4.85913
      vertex 32.3664 2.96746 5.57905
      vertex 31.2174 2.8 5.40029
    endloop
  endfacet
  facet normal -0.160399 -0.980643 0.112298
    outer loop
      vertex 31.6373 2.8 6
      vertex 30.9082 2.96746 6.42095
      vertex 30.5725 2.96746 5.94146
    endloop
  endfacet
  facet normal -0.160399 -0.980642 0.112307
    outer loop
      vertex 31.2174 2.8 5.40029
      vertex 31.6373 2.8 6
      vertex 30.5725 2.96746 5.94146
    endloop
  endfacet
  facet normal -0.456294 -0.830487 0.319511
    outer loop
      vertex 30.9082 2.96746 6.42095
      vertex 30.2901 3.44436 6.77782
      vertex 30.0257 3.44436 6.40023
    endloop
  endfacet
  facet normal -0.456301 -0.830501 0.319465
    outer loop
      vertex 30.5725 2.96746 5.94146
      vertex 30.9082 2.96746 6.42095
      vertex 30.0257 3.44436 6.40023
    endloop
  endfacet
  facet normal -0.681912 -0.554097 0.477464
    outer loop
      vertex 30.2901 3.44436 6.77782
      vertex 29.8771 4.1581 7.01627
      vertex 29.6604 4.1581 6.70678
    endloop
  endfacet
  facet normal -0.681903 -0.554086 0.477489
    outer loop
      vertex 30.0257 3.44436 6.40023
      vertex 30.2901 3.44436 6.77782
      vertex 29.6604 4.1581 6.70678
    endloop
  endfacet
  facet normal -0.803604 -0.194443 0.562506
    outer loop
      vertex 29.8771 4.1581 7.01627
      vertex 29.732 5 7.1
      vertex 29.5321 5 6.81442
    endloop
  endfacet
  facet normal -0.803535 -0.194387 0.562623
    outer loop
      vertex 29.6604 4.1581 6.70678
      vertex 29.8771 4.1581 7.01627
      vertex 29.5321 5 6.81442
    endloop
  endfacet
  facet normal -0.803527 0.194441 0.562617
    outer loop
      vertex 29.732 5 7.1
      vertex 29.8771 5.8419 7.01627
      vertex 29.6604 5.8419 6.70678
    endloop
  endfacet
  facet normal -0.803613 0.194385 0.562512
    outer loop
      vertex 29.732 5 7.1
      vertex 29.6604 5.8419 6.70678
      vertex 29.5321 5 6.81442
    endloop
  endfacet
  facet normal -0.681895 0.554101 0.477484
    outer loop
      vertex 30.2901 6.55563 6.77782
      vertex 30.0257 6.55563 6.40023
      vertex 29.8771 5.8419 7.01627
    endloop
  endfacet
  facet normal -0.681916 0.554091 0.477467
    outer loop
      vertex 29.8771 5.8419 7.01627
      vertex 30.0257 6.55563 6.40023
      vertex 29.6604 5.8419 6.70678
    endloop
  endfacet
  facet normal -0.456316 0.830489 0.319475
    outer loop
      vertex 30.9082 7.03253 6.42095
      vertex 30.5725 7.03253 5.94146
      vertex 30.2901 6.55563 6.77782
    endloop
  endfacet
  facet normal -0.456275 0.830503 0.319497
    outer loop
      vertex 30.2901 6.55563 6.77782
      vertex 30.5725 7.03253 5.94146
      vertex 30.0257 6.55563 6.40023
    endloop
  endfacet
  facet normal -0.160404 0.980641 0.112311
    outer loop
      vertex 31.6373 7.2 6
      vertex 31.2174 7.2 5.40029
      vertex 30.9082 7.03253 6.42095
    endloop
  endfacet
  facet normal -0.160413 0.98064 0.112308
    outer loop
      vertex 30.9082 7.03253 6.42095
      vertex 31.2174 7.2 5.40029
      vertex 30.5725 7.03253 5.94146
    endloop
  endfacet
  facet normal 0.160401 0.980641 -0.112316
    outer loop
      vertex 32.3664 7.03253 5.57905
      vertex 31.8623 7.03253 4.85913
      vertex 31.6373 7.2 6
    endloop
  endfacet
  facet normal 0.160409 0.98064 -0.112314
    outer loop
      vertex 31.6373 7.2 6
      vertex 31.8623 7.03253 4.85913
      vertex 31.2174 7.2 5.40029
    endloop
  endfacet
  facet normal 0.456311 0.830488 -0.319484
    outer loop
      vertex 32.9845 6.55563 5.22218
      vertex 32.4091 6.55563 4.40035
      vertex 32.3664 7.03253 5.57905
    endloop
  endfacet
  facet normal 0.456275 0.830505 -0.319492
    outer loop
      vertex 32.3664 7.03253 5.57905
      vertex 32.4091 6.55563 4.40035
      vertex 31.8623 7.03253 4.85913
    endloop
  endfacet
  facet normal 0.681915 0.554103 -0.477454
    outer loop
      vertex 32.9845 6.55563 5.22218
      vertex 33.3975 5.8419 4.98373
      vertex 32.7744 5.8419 4.0938
    endloop
  endfacet
  facet normal 0.681929 0.55409 -0.477449
    outer loop
      vertex 32.9845 6.55563 5.22218
      vertex 32.7744 5.8419 4.0938
      vertex 32.4091 6.55563 4.40035
    endloop
  endfacet
  facet normal 0.803509 0.19444 -0.562643
    outer loop
      vertex 33.3975 5.8419 4.98373
      vertex 33.5426 5 4.9
      vertex 32.9027 5 3.98616
    endloop
  endfacet
  facet normal 0.803542 0.194387 -0.562614
    outer loop
      vertex 33.3975 5.8419 4.98373
      vertex 32.9027 5 3.98616
      vertex 32.7744 5.8419 4.0938
    endloop
  endfacet
  facet normal 0.693619 -0.194385 -0.693619
    outer loop
      vertex 32.9027 5 3.98616
      vertex 32.7744 4.1581 4.0938
      vertex 32.0062 4.1581 3.3256
    endloop
  endfacet
  facet normal 0.693599 -0.194338 -0.693652
    outer loop
      vertex 32.1138 5 3.19732
      vertex 32.9027 5 3.98616
      vertex 32.0062 4.1581 3.3256
    endloop
  endfacet
  facet normal 0.588604 -0.554087 -0.58867
    outer loop
      vertex 32.7744 4.1581 4.0938
      vertex 32.4091 3.44436 4.40035
      vertex 31.6996 3.44436 3.69093
    endloop
  endfacet
  facet normal 0.588615 -0.554135 -0.588615
    outer loop
      vertex 32.0062 4.1581 3.3256
      vertex 32.7744 4.1581 4.0938
      vertex 31.6996 3.44436 3.69093
    endloop
  endfacet
  facet normal 0.393884 -0.830504 -0.393852
    outer loop
      vertex 32.4091 3.44436 4.40035
      vertex 31.8623 2.96746 4.85913
      vertex 31.2409 2.96746 4.23768
    endloop
  endfacet
  facet normal 0.39388 -0.830471 -0.393925
    outer loop
      vertex 31.6996 3.44436 3.69093
      vertex 32.4091 3.44436 4.40035
      vertex 31.2409 2.96746 4.23768
    endloop
  endfacet
  facet normal 0.138455 -0.980642 -0.13846
    outer loop
      vertex 31.8623 2.96746 4.85913
      vertex 31.2174 2.8 5.40029
      vertex 30.6997 2.8 4.88261
    endloop
  endfacet
  facet normal 0.138455 -0.980644 -0.138444
    outer loop
      vertex 31.2409 2.96746 4.23768
      vertex 31.8623 2.96746 4.85913
      vertex 30.6997 2.8 4.88261
    endloop
  endfacet
  facet normal -0.138442 -0.980642 0.138472
    outer loop
      vertex 31.2174 2.8 5.40029
      vertex 30.5725 2.96746 5.94146
      vertex 30.1585 2.96746 5.52755
    endloop
  endfacet
  facet normal -0.138445 -0.980645 0.138451
    outer loop
      vertex 30.6997 2.8 4.88261
      vertex 31.2174 2.8 5.40029
      vertex 30.1585 2.96746 5.52755
    endloop
  endfacet
  facet normal -0.393889 -0.830501 0.393852
    outer loop
      vertex 29.6998 3.44436 6.0743
      vertex 30.5725 2.96746 5.94146
      vertex 30.0257 3.44436 6.40023
    endloop
  endfacet
  facet normal -0.393859 -0.830472 0.393944
    outer loop
      vertex 30.5725 2.96746 5.94146
      vertex 29.6998 3.44436 6.0743
      vertex 30.1585 2.96746 5.52755
    endloop
  endfacet
  facet normal -0.588645 -0.554127 0.588591
    outer loop
      vertex 30.0257 3.44436 6.40023
      vertex 29.3932 4.1581 6.43962
      vertex 29.6998 3.44436 6.0743
    endloop
  endfacet
  facet normal -0.588594 -0.554086 0.588682
    outer loop
      vertex 29.3932 4.1581 6.43962
      vertex 30.0257 3.44436 6.40023
      vertex 29.6604 4.1581 6.70678
    endloop
  endfacet
  facet normal -0.693633 -0.194385 0.693605
    outer loop
      vertex 29.6604 4.1581 6.70678
      vertex 29.5321 5 6.81442
      vertex 29.2856 5 6.56791
    endloop
  endfacet
  facet normal -0.693572 -0.194346 0.693676
    outer loop
      vertex 29.3932 4.1581 6.43962
      vertex 29.6604 4.1581 6.70678
      vertex 29.2856 5 6.56791
    endloop
  endfacet
  facet normal -0.693567 0.194383 0.693671
    outer loop
      vertex 29.5321 5 6.81442
      vertex 29.6604 5.8419 6.70678
      vertex 29.3932 5.8419 6.43962
    endloop
  endfacet
  facet normal -0.693639 0.194345 0.693611
    outer loop
      vertex 29.5321 5 6.81442
      vertex 29.3932 5.8419 6.43962
      vertex 29.2856 5 6.56791
    endloop
  endfacet
  facet normal -0.588643 0.554133 0.588589
    outer loop
      vertex 29.3932 5.8419 6.43962
      vertex 30.0257 6.55563 6.40023
      vertex 29.6998 6.55563 6.0743
    endloop
  endfacet
  facet normal -0.588591 0.554092 0.588679
    outer loop
      vertex 30.0257 6.55563 6.40023
      vertex 29.3932 5.8419 6.43962
      vertex 29.6604 5.8419 6.70678
    endloop
  endfacet
  facet normal -0.393889 0.830501 0.393852
    outer loop
      vertex 30.5725 7.03253 5.94146
      vertex 29.6998 6.55563 6.0743
      vertex 30.0257 6.55563 6.40023
    endloop
  endfacet
  facet normal -0.393859 0.830472 0.393944
    outer loop
      vertex 29.6998 6.55563 6.0743
      vertex 30.5725 7.03253 5.94146
      vertex 30.1585 7.03253 5.52755
    endloop
  endfacet
  facet normal -0.138461 0.98064 0.138467
    outer loop
      vertex 31.2174 7.2 5.40029
      vertex 30.6997 7.2 4.88261
      vertex 30.5725 7.03253 5.94146
    endloop
  endfacet
  facet normal -0.13844 0.980643 0.13847
    outer loop
      vertex 30.5725 7.03253 5.94146
      vertex 30.6997 7.2 4.88261
      vertex 30.1585 7.03253 5.52755
    endloop
  endfacet
  facet normal 0.13847 0.98064 -0.138459
    outer loop
      vertex 31.8623 7.03253 4.85913
      vertex 31.2409 7.03253 4.23768
      vertex 31.2174 7.2 5.40029
    endloop
  endfacet
  facet normal 0.138454 0.980642 -0.13846
    outer loop
      vertex 31.2174 7.2 5.40029
      vertex 31.2409 7.03253 4.23768
      vertex 30.6997 7.2 4.88261
    endloop
  endfacet
  facet normal 0.393848 0.830501 -0.393892
    outer loop
      vertex 31.8623 7.03253 4.85913
      vertex 32.4091 6.55563 4.40035
      vertex 31.6996 6.55563 3.69093
    endloop
  endfacet
  facet normal 0.393921 0.830468 -0.393889
    outer loop
      vertex 31.8623 7.03253 4.85913
      vertex 31.6996 6.55563 3.69093
      vertex 31.2409 7.03253 4.23768
    endloop
  endfacet
  facet normal 0.588634 0.554094 -0.588634
    outer loop
      vertex 32.4091 6.55563 4.40035
      vertex 32.7744 5.8419 4.0938
      vertex 32.0062 5.8419 3.3256
    endloop
  endfacet
  facet normal 0.588578 0.554142 -0.588645
    outer loop
      vertex 32.4091 6.55563 4.40035
      vertex 32.0062 5.8419 3.3256
      vertex 31.6996 6.55563 3.69093
    endloop
  endfacet
  facet normal 0.693593 0.194384 -0.693645
    outer loop
      vertex 32.7744 5.8419 4.0938
      vertex 32.9027 5 3.98616
      vertex 32.1138 5 3.19732
    endloop
  endfacet
  facet normal 0.693626 0.194337 -0.693626
    outer loop
      vertex 32.7744 5.8419 4.0938
      vertex 32.1138 5 3.19732
      vertex 32.0062 5.8419 3.3256
    endloop
  endfacet
  facet normal 0.56265 -0.194343 -0.803527
    outer loop
      vertex 32.1138 5 3.19732
      vertex 32.0062 4.1581 3.3256
      vertex 31.1163 4.1581 2.70247
    endloop
  endfacet
  facet normal 0.562657 -0.194357 -0.803519
    outer loop
      vertex 31.2 5 2.55744
      vertex 32.1138 5 3.19732
      vertex 31.1163 4.1581 2.70247
    endloop
  endfacet
  facet normal 0.477479 -0.55413 -0.681876
    outer loop
      vertex 32.0062 4.1581 3.3256
      vertex 31.6996 3.44436 3.69093
      vertex 30.8778 3.44436 3.11547
    endloop
  endfacet
  facet normal 0.477474 -0.554119 -0.681887
    outer loop
      vertex 31.1163 4.1581 2.70247
      vertex 32.0062 4.1581 3.3256
      vertex 30.8778 3.44436 3.11547
    endloop
  endfacet
  facet normal 0.319524 -0.830473 -0.456309
    outer loop
      vertex 31.6996 3.44436 3.69093
      vertex 31.2409 2.96746 4.23768
      vertex 30.521 2.96746 3.73358
    endloop
  endfacet
  facet normal 0.319525 -0.830475 -0.456306
    outer loop
      vertex 30.8778 3.44436 3.11547
      vertex 31.6996 3.44436 3.69093
      vertex 30.521 2.96746 3.73358
    endloop
  endfacet
  facet normal 0.112306 -0.980644 -0.160387
    outer loop
      vertex 31.2409 2.96746 4.23768
      vertex 30.6997 2.8 4.88261
      vertex 30.1 2.8 4.46269
    endloop
  endfacet
  facet normal 0.112307 -0.980645 -0.160384
    outer loop
      vertex 30.521 2.96746 3.73358
      vertex 31.2409 2.96746 4.23768
      vertex 30.1 2.8 4.46269
    endloop
  endfacet
  facet normal -0.112304 -0.980645 0.160387
    outer loop
      vertex 30.6997 2.8 4.88261
      vertex 30.1585 2.96746 5.52755
      vertex 29.679 2.96746 5.1918
    endloop
  endfacet
  facet normal -0.112305 -0.980645 0.160385
    outer loop
      vertex 30.1 2.8 4.46269
      vertex 30.6997 2.8 4.88261
      vertex 29.679 2.96746 5.1918
    endloop
  endfacet
  facet normal -0.319509 -0.830473 0.456321
    outer loop
      vertex 30.1585 2.96746 5.52755
      vertex 29.6998 3.44436 6.0743
      vertex 29.3222 3.44436 5.80991
    endloop
  endfacet
  facet normal -0.319514 -0.830476 0.456312
    outer loop
      vertex 29.679 2.96746 5.1918
      vertex 30.1585 2.96746 5.52755
      vertex 29.3222 3.44436 5.80991
    endloop
  endfacet
  facet normal -0.477445 -0.554121 0.681906
    outer loop
      vertex 29.6998 3.44436 6.0743
      vertex 29.3932 4.1581 6.43962
      vertex 29.0837 4.1581 6.22292
    endloop
  endfacet
  facet normal -0.477453 -0.554127 0.681896
    outer loop
      vertex 29.3222 3.44436 5.80991
      vertex 29.6998 3.44436 6.0743
      vertex 29.0837 4.1581 6.22292
    endloop
  endfacet
  facet normal -0.562603 -0.194352 0.803558
    outer loop
      vertex 29.3932 4.1581 6.43962
      vertex 29.2856 5 6.56791
      vertex 29 5 6.36795
    endloop
  endfacet
  facet normal -0.562614 -0.194357 0.803549
    outer loop
      vertex 29.0837 4.1581 6.22292
      vertex 29.3932 4.1581 6.43962
      vertex 29 5 6.36795
    endloop
  endfacet
  facet normal -0.562615 0.194352 0.80355
    outer loop
      vertex 29.2856 5 6.56791
      vertex 29.3932 5.8419 6.43962
      vertex 29.0837 5.8419 6.22292
    endloop
  endfacet
  facet normal -0.562602 0.194358 0.803557
    outer loop
      vertex 29.2856 5 6.56791
      vertex 29.0837 5.8419 6.22292
      vertex 29 5 6.36795
    endloop
  endfacet
  facet normal -0.477453 0.554127 0.681895
    outer loop
      vertex 29.3932 5.8419 6.43962
      vertex 29.6998 6.55563 6.0743
      vertex 29.3222 6.55563 5.80991
    endloop
  endfacet
  facet normal -0.47744 0.554133 0.6819
    outer loop
      vertex 29.3932 5.8419 6.43962
      vertex 29.3222 6.55563 5.80991
      vertex 29.0837 5.8419 6.22292
    endloop
  endfacet
  facet normal -0.319516 0.830473 0.456316
    outer loop
      vertex 29.6998 6.55563 6.0743
      vertex 30.1585 7.03253 5.52755
      vertex 29.679 7.03253 5.1918
    endloop
  endfacet
  facet normal -0.319506 0.830476 0.456317
    outer loop
      vertex 29.6998 6.55563 6.0743
      vertex 29.679 7.03253 5.1918
      vertex 29.3222 6.55563 5.80991
    endloop
  endfacet
  facet normal -0.112311 0.980642 0.160395
    outer loop
      vertex 30.1585 7.03253 5.52755
      vertex 30.6997 7.2 4.88261
      vertex 30.1 7.2 4.46269
    endloop
  endfacet
  facet normal -0.11231 0.980643 0.160395
    outer loop
      vertex 30.1585 7.03253 5.52755
      vertex 30.1 7.2 4.46269
      vertex 29.679 7.03253 5.1918
    endloop
  endfacet
  facet normal 0.112314 0.980642 -0.160395
    outer loop
      vertex 30.6997 7.2 4.88261
      vertex 31.2409 7.03253 4.23768
      vertex 30.521 7.03253 3.73358
    endloop
  endfacet
  facet normal 0.112311 0.980643 -0.160395
    outer loop
      vertex 30.6997 7.2 4.88261
      vertex 30.521 7.03253 3.73358
      vertex 30.1 7.2 4.46269
    endloop
  endfacet
  facet normal 0.319526 0.830474 -0.456308
    outer loop
      vertex 31.2409 7.03253 4.23768
      vertex 31.6996 6.55563 3.69093
      vertex 30.8778 6.55563 3.11547
    endloop
  endfacet
  facet normal 0.319523 0.830475 -0.456307
    outer loop
      vertex 31.2409 7.03253 4.23768
      vertex 30.8778 6.55563 3.11547
      vertex 30.521 7.03253 3.73358
    endloop
  endfacet
  facet normal 0.477468 0.554135 -0.681879
    outer loop
      vertex 31.6996 6.55563 3.69093
      vertex 32.0062 5.8419 3.3256
      vertex 31.1163 5.8419 2.70247
    endloop
  endfacet
  facet normal 0.477481 0.554124 -0.681879
    outer loop
      vertex 31.6996 6.55563 3.69093
      vertex 31.1163 5.8419 2.70247
      vertex 30.8778 6.55563 3.11547
    endloop
  endfacet
  facet normal 0.562658 0.194343 -0.803521
    outer loop
      vertex 32.0062 5.8419 3.3256
      vertex 32.1138 5 3.19732
      vertex 31.2 5 2.55744
    endloop
  endfacet
  facet normal 0.562648 0.194357 -0.803525
    outer loop
      vertex 32.0062 5.8419 3.3256
      vertex 31.2 5 2.55744
      vertex 31.1163 5.8419 2.70247
    endloop
  endfacet
  facet normal 0.414569 -0.194363 -0.88902
    outer loop
      vertex 31.2 5 2.55744
      vertex 31.1163 4.1581 2.70247
      vertex 30.1317 4.1581 2.24333
    endloop
  endfacet
  facet normal 0.414551 -0.194335 -0.889034
    outer loop
      vertex 30.1889 5 2.08597
      vertex 31.2 5 2.55744
      vertex 30.1317 4.1581 2.24333
    endloop
  endfacet
  facet normal 0.351796 -0.554113 -0.754453
    outer loop
      vertex 31.1163 4.1581 2.70247
      vertex 30.8778 3.44436 3.11547
      vertex 29.9685 3.44436 2.69147
    endloop
  endfacet
  facet normal 0.351808 -0.554132 -0.754433
    outer loop
      vertex 30.1317 4.1581 2.24333
      vertex 31.1163 4.1581 2.70247
      vertex 29.9685 3.44436 2.69147
    endloop
  endfacet
  facet normal 0.235399 -0.830478 -0.504869
    outer loop
      vertex 30.8778 3.44436 3.11547
      vertex 30.521 2.96746 3.73358
      vertex 29.7244 2.96746 3.36216
    endloop
  endfacet
  facet normal 0.235407 -0.830488 -0.504849
    outer loop
      vertex 29.9685 3.44436 2.69147
      vertex 30.8778 3.44436 3.11547
      vertex 29.7244 2.96746 3.36216
    endloop
  endfacet
  facet normal 0.0827483 -0.980645 -0.177452
    outer loop
      vertex 30.521 2.96746 3.73358
      vertex 30.1 2.8 4.46269
      vertex 29.4365 2.8 4.15329
    endloop
  endfacet
  facet normal 0.0827435 -0.980643 -0.177463
    outer loop
      vertex 29.7244 2.96746 3.36216
      vertex 30.521 2.96746 3.73358
      vertex 29.4365 2.8 4.15329
    endloop
  endfacet
  facet normal -0.0827483 -0.980645 0.177452
    outer loop
      vertex 30.1 2.8 4.46269
      vertex 29.679 2.96746 5.1918
      vertex 29.1485 2.96746 4.94442
    endloop
  endfacet
  facet normal -0.0827483 -0.980645 0.177452
    outer loop
      vertex 29.4365 2.8 4.15329
      vertex 30.1 2.8 4.46269
      vertex 29.1485 2.96746 4.94442
    endloop
  endfacet
  facet normal -0.235397 -0.830478 0.504871
    outer loop
      vertex 29.679 2.96746 5.1918
      vertex 29.3222 3.44436 5.80991
      vertex 28.9044 3.44436 5.61511
    endloop
  endfacet
  facet normal -0.235417 -0.830488 0.504845
    outer loop
      vertex 29.1485 2.96746 4.94442
      vertex 29.679 2.96746 5.1918
      vertex 28.9044 3.44436 5.61511
    endloop
  endfacet
  facet normal -0.351814 -0.554121 0.754438
    outer loop
      vertex 29.3222 3.44436 5.80991
      vertex 29.0837 4.1581 6.22292
      vertex 28.7413 4.1581 6.06325
    endloop
  endfacet
  facet normal -0.351774 -0.5541 0.754472
    outer loop
      vertex 28.9044 3.44436 5.61511
      vertex 29.3222 3.44436 5.80991
      vertex 28.7413 4.1581 6.06325
    endloop
  endfacet
  facet normal -0.414528 -0.194362 0.889039
    outer loop
      vertex 29.0837 4.1581 6.22292
      vertex 29 5 6.36795
      vertex 28.684 5 6.22061
    endloop
  endfacet
  facet normal -0.414571 -0.194382 0.889015
    outer loop
      vertex 28.7413 4.1581 6.06325
      vertex 29.0837 4.1581 6.22292
      vertex 28.684 5 6.22061
    endloop
  endfacet
  facet normal -0.414572 0.194363 0.889018
    outer loop
      vertex 29 5 6.36795
      vertex 29.0837 5.8419 6.22292
      vertex 28.7413 5.8419 6.06325
    endloop
  endfacet
  facet normal -0.414527 0.194383 0.889035
    outer loop
      vertex 29 5 6.36795
      vertex 28.7413 5.8419 6.06325
      vertex 28.684 5 6.22061
    endloop
  endfacet
  facet normal -0.351767 0.554124 0.754458
    outer loop
      vertex 29.0837 5.8419 6.22292
      vertex 29.3222 6.55563 5.80991
      vertex 28.9044 6.55563 5.61511
    endloop
  endfacet
  facet normal -0.351819 0.554103 0.754449
    outer loop
      vertex 29.0837 5.8419 6.22292
      vertex 28.9044 6.55563 5.61511
      vertex 28.7413 5.8419 6.06325
    endloop
  endfacet
  facet normal -0.235422 0.830479 0.504857
    outer loop
      vertex 29.3222 6.55563 5.80991
      vertex 29.679 7.03253 5.1918
      vertex 29.1485 7.03253 4.94442
    endloop
  endfacet
  facet normal -0.23539 0.830489 0.504856
    outer loop
      vertex 29.3222 6.55563 5.80991
      vertex 29.1485 7.03253 4.94442
      vertex 28.9044 6.55563 5.61511
    endloop
  endfacet
  facet normal -0.0827531 0.980642 0.177462
    outer loop
      vertex 29.679 7.03253 5.1918
      vertex 30.1 7.2 4.46269
      vertex 29.4365 7.2 4.15329
    endloop
  endfacet
  facet normal -0.082753 0.980642 0.177462
    outer loop
      vertex 29.679 7.03253 5.1918
      vertex 29.4365 7.2 4.15329
      vertex 29.1485 7.03253 4.94442
    endloop
  endfacet
  facet normal 0.0827449 0.980642 -0.177466
    outer loop
      vertex 30.1 7.2 4.46269
      vertex 30.521 7.03253 3.73358
      vertex 29.7244 7.03253 3.36216
    endloop
  endfacet
  facet normal 0.0827571 0.98064 -0.17747
    outer loop
      vertex 30.1 7.2 4.46269
      vertex 29.7244 7.03253 3.36216
      vertex 29.4365 7.2 4.15329
    endloop
  endfacet
  facet normal 0.235413 0.830479 -0.504862
    outer loop
      vertex 30.521 7.03253 3.73358
      vertex 30.8778 6.55563 3.11547
      vertex 29.9685 6.55563 2.69147
    endloop
  endfacet
  facet normal 0.235392 0.830489 -0.504855
    outer loop
      vertex 30.521 7.03253 3.73358
      vertex 29.9685 6.55563 2.69147
      vertex 29.7244 7.03253 3.36216
    endloop
  endfacet
  facet normal 0.351812 0.554119 -0.754441
    outer loop
      vertex 30.8778 6.55563 3.11547
      vertex 31.1163 5.8419 2.70247
      vertex 30.1317 5.8419 2.24333
    endloop
  endfacet
  facet normal 0.351789 0.554139 -0.754437
    outer loop
      vertex 30.8778 6.55563 3.11547
      vertex 30.1317 5.8419 2.24333
      vertex 29.9685 6.55563 2.69147
    endloop
  endfacet
  facet normal 0.414549 0.194362 -0.889029
    outer loop
      vertex 31.1163 5.8419 2.70247
      vertex 31.2 5 2.55744
      vertex 30.1889 5 2.08597
    endloop
  endfacet
  facet normal 0.414571 0.194335 -0.889025
    outer loop
      vertex 31.1163 5.8419 2.70247
      vertex 30.1889 5 2.08597
      vertex 30.1317 5.8419 2.24333
    endloop
  endfacet
  facet normal 0.253879 -0.194348 -0.947509
    outer loop
      vertex 30.1889 5 2.08597
      vertex 30.1317 4.1581 2.24333
      vertex 29.0823 4.1581 1.96215
    endloop
  endfacet
  facet normal 0.253882 -0.194353 -0.947508
    outer loop
      vertex 29.1113 5 1.79723
      vertex 30.1889 5 2.08597
      vertex 29.0823 4.1581 1.96215
    endloop
  endfacet
  facet normal 0.215464 -0.554121 -0.804068
    outer loop
      vertex 30.1317 4.1581 2.24333
      vertex 29.9685 3.44436 2.69147
      vertex 28.9995 3.44436 2.43181
    endloop
  endfacet
  facet normal 0.215449 -0.554103 -0.804084
    outer loop
      vertex 29.0823 4.1581 1.96215
      vertex 30.1317 4.1581 2.24333
      vertex 28.9995 3.44436 2.43181
    endloop
  endfacet
  facet normal 0.144176 -0.830489 -0.538053
    outer loop
      vertex 29.9685 3.44436 2.69147
      vertex 29.7244 2.96746 3.36216
      vertex 28.8755 2.96746 3.13469
    endloop
  endfacet
  facet normal 0.144179 -0.830492 -0.538048
    outer loop
      vertex 28.9995 3.44436 2.43181
      vertex 29.9685 3.44436 2.69147
      vertex 28.8755 2.96746 3.13469
    endloop
  endfacet
  facet normal 0.0506745 -0.980643 -0.189134
    outer loop
      vertex 29.7244 2.96746 3.36216
      vertex 29.4365 2.8 4.15329
      vertex 28.7293 2.8 3.96381
    endloop
  endfacet
  facet normal 0.0506783 -0.980644 -0.189128
    outer loop
      vertex 28.8755 2.96746 3.13469
      vertex 29.7244 2.96746 3.36216
      vertex 28.7293 2.8 3.96381
    endloop
  endfacet
  facet normal -0.0506768 -0.980644 0.189127
    outer loop
      vertex 29.4365 2.8 4.15329
      vertex 29.1485 2.96746 4.94442
      vertex 28.5831 2.96746 4.79292
    endloop
  endfacet
  facet normal -0.0506737 -0.980644 0.189131
    outer loop
      vertex 28.7293 2.8 3.96381
      vertex 29.4365 2.8 4.15329
      vertex 28.5831 2.96746 4.79292
    endloop
  endfacet
  facet normal -0.144181 -0.830489 0.538051
    outer loop
      vertex 29.1485 2.96746 4.94442
      vertex 28.9044 3.44436 5.61511
      vertex 28.4592 3.44436 5.49581
    endloop
  endfacet
  facet normal -0.144174 -0.830486 0.538058
    outer loop
      vertex 28.5831 2.96746 4.79292
      vertex 29.1485 2.96746 4.94442
      vertex 28.4592 3.44436 5.49581
    endloop
  endfacet
  facet normal -0.215485 -0.554101 0.804076
    outer loop
      vertex 28.9044 3.44436 5.61511
      vertex 28.7413 4.1581 6.06325
      vertex 28.3764 4.1581 5.96546
    endloop
  endfacet
  facet normal -0.21547 -0.554094 0.804085
    outer loop
      vertex 28.4592 3.44436 5.49581
      vertex 28.9044 3.44436 5.61511
      vertex 28.3764 4.1581 5.96546
    endloop
  endfacet
  facet normal -0.253913 -0.194378 0.947494
    outer loop
      vertex 28.7413 4.1581 6.06325
      vertex 28.684 5 6.22061
      vertex 28.3473 5 6.13038
    endloop
  endfacet
  facet normal -0.25392 -0.194381 0.947492
    outer loop
      vertex 28.3764 4.1581 5.96546
      vertex 28.7413 4.1581 6.06325
      vertex 28.3473 5 6.13038
    endloop
  endfacet
  facet normal -0.25392 0.194378 0.947492
    outer loop
      vertex 28.684 5 6.22061
      vertex 28.7413 5.8419 6.06325
      vertex 28.3764 5.8419 5.96546
    endloop
  endfacet
  facet normal -0.253913 0.194381 0.947494
    outer loop
      vertex 28.684 5 6.22061
      vertex 28.3764 5.8419 5.96546
      vertex 28.3473 5 6.13038
    endloop
  endfacet
  facet normal -0.215468 0.554106 0.804077
    outer loop
      vertex 28.7413 5.8419 6.06325
      vertex 28.9044 6.55563 5.61511
      vertex 28.4592 6.55563 5.49581
    endloop
  endfacet
  facet normal -0.215486 0.554099 0.804077
    outer loop
      vertex 28.7413 5.8419 6.06325
      vertex 28.4592 6.55563 5.49581
      vertex 28.3764 5.8419 5.96546
    endloop
  endfacet
  facet normal -0.144173 0.830489 0.538054
    outer loop
      vertex 28.9044 6.55563 5.61511
      vertex 29.1485 7.03253 4.94442
      vertex 28.5831 7.03253 4.79292
    endloop
  endfacet
  facet normal -0.144183 0.830486 0.538056
    outer loop
      vertex 28.9044 6.55563 5.61511
      vertex 28.5831 7.03253 4.79292
      vertex 28.4592 6.55563 5.49581
    endloop
  endfacet
  facet normal -0.0506759 0.980642 0.189139
    outer loop
      vertex 29.1485 7.03253 4.94442
      vertex 29.4365 7.2 4.15329
      vertex 28.7293 7.2 3.96381
    endloop
  endfacet
  facet normal -0.0506806 0.980641 0.189141
    outer loop
      vertex 29.1485 7.03253 4.94442
      vertex 28.7293 7.2 3.96381
      vertex 28.5831 7.03253 4.79292
    endloop
  endfacet
  facet normal 0.0506824 0.980641 -0.189143
    outer loop
      vertex 29.4365 7.2 4.15329
      vertex 29.7244 7.03253 3.36216
      vertex 28.8755 7.03253 3.13469
    endloop
  endfacet
  facet normal 0.0506761 0.980642 -0.189139
    outer loop
      vertex 29.4365 7.2 4.15329
      vertex 28.8755 7.03253 3.13469
      vertex 28.7293 7.2 3.96381
    endloop
  endfacet
  facet normal 0.14418 0.830489 -0.538052
    outer loop
      vertex 29.7244 7.03253 3.36216
      vertex 29.9685 6.55563 2.69147
      vertex 28.9995 6.55563 2.43181
    endloop
  endfacet
  facet normal 0.144175 0.830492 -0.538049
    outer loop
      vertex 29.7244 7.03253 3.36216
      vertex 28.9995 6.55563 2.43181
      vertex 28.8755 7.03253 3.13469
    endloop
  endfacet
  facet normal 0.215445 0.554126 -0.804069
    outer loop
      vertex 29.9685 6.55563 2.69147
      vertex 30.1317 5.8419 2.24333
      vertex 29.0823 5.8419 1.96215
    endloop
  endfacet
  facet normal 0.215466 0.554108 -0.804077
    outer loop
      vertex 29.9685 6.55563 2.69147
      vertex 29.0823 5.8419 1.96215
      vertex 28.9995 6.55563 2.43181
    endloop
  endfacet
  facet normal 0.253882 0.194349 -0.947509
    outer loop
      vertex 30.1317 5.8419 2.24333
      vertex 30.1889 5 2.08597
      vertex 29.1113 5 1.79723
    endloop
  endfacet
  facet normal 0.253879 0.194353 -0.947509
    outer loop
      vertex 30.1317 5.8419 2.24333
      vertex 29.1113 5 1.79723
      vertex 29.0823 5.8419 1.96215
    endloop
  endfacet
  facet normal 0.0854855 -0.194368 -0.977197
    outer loop
      vertex 29.1113 5 1.79723
      vertex 29.0823 4.1581 1.96215
      vertex 28 4.1581 1.86747
    endloop
  endfacet
  facet normal 0.0854967 -0.194382 -0.977193
    outer loop
      vertex 28 5 1.7
      vertex 29.1113 5 1.79723
      vertex 28 4.1581 1.86747
    endloop
  endfacet
  facet normal 0.0725567 -0.554105 -0.829279
    outer loop
      vertex 29.0823 4.1581 1.96215
      vertex 28.9995 3.44436 2.43181
      vertex 28 3.44436 2.34436
    endloop
  endfacet
  facet normal 0.0725463 -0.554094 -0.829287
    outer loop
      vertex 28 4.1581 1.86747
      vertex 29.0823 4.1581 1.96215
      vertex 28 3.44436 2.34436
    endloop
  endfacet
  facet normal 0.048545 -0.830488 -0.554917
    outer loop
      vertex 28.9995 3.44436 2.43181
      vertex 28.8755 2.96746 3.13469
      vertex 28 2.96746 3.0581
    endloop
  endfacet
  facet normal 0.0485512 -0.830492 -0.55491
    outer loop
      vertex 28 3.44436 2.34436
      vertex 28.9995 3.44436 2.43181
      vertex 28 2.96746 3.0581
    endloop
  endfacet
  facet normal 0.0170663 -0.980644 -0.195054
    outer loop
      vertex 28.8755 2.96746 3.13469
      vertex 28.7293 2.8 3.96381
      vertex 28 2.8 3.9
    endloop
  endfacet
  facet normal 0.0170639 -0.980643 -0.195057
    outer loop
      vertex 28 2.96746 3.0581
      vertex 28.8755 2.96746 3.13469
      vertex 28 2.8 3.9
    endloop
  endfacet
  facet normal -0.017067 -0.980643 0.195057
    outer loop
      vertex 28.7293 2.8 3.96381
      vertex 28.5831 2.96746 4.79292
      vertex 28 2.96746 4.7419
    endloop
  endfacet
  facet normal -0.0170665 -0.980643 0.195057
    outer loop
      vertex 28.7293 2.8 3.96381
      vertex 28 2.96746 4.7419
      vertex 28 2.8 3.9
    endloop
  endfacet
  facet normal -0.0485551 -0.830489 0.554915
    outer loop
      vertex 28.5831 2.96746 4.79292
      vertex 28.4592 3.44436 5.49581
      vertex 28 3.44436 5.45563
    endloop
  endfacet
  facet normal -0.0485539 -0.830488 0.554916
    outer loop
      vertex 28.5831 2.96746 4.79292
      vertex 28 3.44436 5.45563
      vertex 28 2.96746 4.7419
    endloop
  endfacet
  facet normal -0.0725514 -0.554097 0.829285
    outer loop
      vertex 28.4592 3.44436 5.49581
      vertex 28.3764 4.1581 5.96546
      vertex 28 4.1581 5.93253
    endloop
  endfacet
  facet normal -0.0725621 -0.554101 0.829281
    outer loop
      vertex 28.4592 3.44436 5.49581
      vertex 28 4.1581 5.93253
      vertex 28 3.44436 5.45563
    endloop
  endfacet
  facet normal -0.08548 -0.194378 0.977195
    outer loop
      vertex 28.3764 4.1581 5.96546
      vertex 28.3473 5 6.13038
      vertex 28 5 6.1
    endloop
  endfacet
  facet normal -0.0854914 -0.194382 0.977193
    outer loop
      vertex 28.3764 4.1581 5.96546
      vertex 28 5 6.1
      vertex 28 4.1581 5.93253
    endloop
  endfacet
  facet normal -0.0854915 0.194378 0.977194
    outer loop
      vertex 28.3473 5 6.13038
      vertex 28.3764 5.8419 5.96546
      vertex 28 5.8419 5.93253
    endloop
  endfacet
  facet normal -0.0854799 0.194383 0.977194
    outer loop
      vertex 28.3473 5 6.13038
      vertex 28 5.8419 5.93253
      vertex 28 5 6.1
    endloop
  endfacet
  facet normal -0.072562 0.554102 0.82928
    outer loop
      vertex 28.3764 5.8419 5.96546
      vertex 28.4592 6.55563 5.49581
      vertex 28 6.55563 5.45563
    endloop
  endfacet
  facet normal -0.0725508 0.554107 0.829278
    outer loop
      vertex 28.3764 5.8419 5.96546
      vertex 28 6.55563 5.45563
      vertex 28 5.8419 5.93253
    endloop
  endfacet
  facet normal -0.0485539 0.830489 0.554915
    outer loop
      vertex 28.4592 6.55563 5.49581
      vertex 28.5831 7.03253 4.79292
      vertex 28 7.03253 4.7419
    endloop
  endfacet
  facet normal -0.0485551 0.830488 0.554916
    outer loop
      vertex 28.4592 6.55563 5.49581
      vertex 28 7.03253 4.7419
      vertex 28 6.55563 5.45563
    endloop
  endfacet
  facet normal -0.0170674 0.980641 0.195068
    outer loop
      vertex 28.5831 7.03253 4.79292
      vertex 28.7293 7.2 3.96381
      vertex 28 7.2 3.9
    endloop
  endfacet
  facet normal -0.0170681 0.980641 0.195068
    outer loop
      vertex 28.5831 7.03253 4.79292
      vertex 28 7.2 3.9
      vertex 28 7.03253 4.7419
    endloop
  endfacet
  facet normal 0.0170647 0.980642 -0.195066
    outer loop
      vertex 28.7293 7.2 3.96381
      vertex 28.8755 7.03253 3.13469
      vertex 28 7.03253 3.0581
    endloop
  endfacet
  facet normal 0.0170675 0.980641 -0.195068
    outer loop
      vertex 28 7.2 3.9
      vertex 28.7293 7.2 3.96381
      vertex 28 7.03253 3.0581
    endloop
  endfacet
  facet normal 0.0485517 0.830488 -0.554916
    outer loop
      vertex 28.8755 7.03253 3.13469
      vertex 28.9995 6.55563 2.43181
      vertex 28 6.55563 2.34436
    endloop
  endfacet
  facet normal 0.0485444 0.830492 -0.554911
    outer loop
      vertex 28 7.03253 3.0581
      vertex 28.8755 7.03253 3.13469
      vertex 28 6.55563 2.34436
    endloop
  endfacet
  facet normal 0.0725454 0.55411 -0.829277
    outer loop
      vertex 28.9995 6.55563 2.43181
      vertex 29.0823 5.8419 1.96215
      vertex 28 5.8419 1.86747
    endloop
  endfacet
  facet normal 0.0725571 0.554099 -0.829283
    outer loop
      vertex 28 6.55563 2.34436
      vertex 28.9995 6.55563 2.43181
      vertex 28 5.8419 1.86747
    endloop
  endfacet
  facet normal 0.0854969 0.194368 -0.977196
    outer loop
      vertex 29.0823 5.8419 1.96215
      vertex 29.1113 5 1.79723
      vertex 28 5 1.7
    endloop
  endfacet
  facet normal 0.0854853 0.194383 -0.977194
    outer loop
      vertex 28 5.8419 1.86747
      vertex 29.0823 5.8419 1.96215
      vertex 28 5 1.7
    endloop
  endfacet
  facet normal -0.0854853 -0.194383 -0.977194
    outer loop
      vertex 28 5 1.7
      vertex 28 4.1581 1.86747
      vertex 26.9177 4.1581 1.96215
    endloop
  endfacet
  facet normal -0.0854969 -0.194368 -0.977196
    outer loop
      vertex 28 5 1.7
      vertex 26.9177 4.1581 1.96215
      vertex 26.8887 5 1.79723
    endloop
  endfacet
  facet normal -0.0725574 -0.554093 -0.829287
    outer loop
      vertex 28 4.1581 1.86747
      vertex 28 3.44436 2.34436
      vertex 27.0005 3.44436 2.43181
    endloop
  endfacet
  facet normal -0.0725457 -0.554104 -0.82928
    outer loop
      vertex 28 4.1581 1.86747
      vertex 27.0005 3.44436 2.43181
      vertex 26.9177 4.1581 1.96215
    endloop
  endfacet
  facet normal -0.0485444 -0.830492 -0.554911
    outer loop
      vertex 28 3.44436 2.34436
      vertex 28 2.96746 3.0581
      vertex 27.1245 2.96746 3.13469
    endloop
  endfacet
  facet normal -0.0485517 -0.830488 -0.554916
    outer loop
      vertex 28 3.44436 2.34436
      vertex 27.1245 2.96746 3.13469
      vertex 27.0005 3.44436 2.43181
    endloop
  endfacet
  facet normal -0.0170665 -0.980643 -0.195057
    outer loop
      vertex 28 2.96746 3.0581
      vertex 28 2.8 3.9
      vertex 27.2707 2.8 3.96381
    endloop
  endfacet
  facet normal -0.0170637 -0.980644 -0.195055
    outer loop
      vertex 28 2.96746 3.0581
      vertex 27.2707 2.8 3.96381
      vertex 27.1245 2.96746 3.13469
    endloop
  endfacet
  facet normal 0.0170671 -0.980643 0.195057
    outer loop
      vertex 28 2.8 3.9
      vertex 28 2.96746 4.7419
      vertex 27.4169 2.96746 4.79292
    endloop
  endfacet
  facet normal 0.0170665 -0.980643 0.195057
    outer loop
      vertex 28 2.8 3.9
      vertex 27.4169 2.96746 4.79292
      vertex 27.2707 2.8 3.96381
    endloop
  endfacet
  facet normal 0.0485551 -0.830488 0.554916
    outer loop
      vertex 28 2.96746 4.7419
      vertex 28 3.44436 5.45563
      vertex 27.5408 3.44436 5.49581
    endloop
  endfacet
  facet normal 0.0485539 -0.830489 0.554915
    outer loop
      vertex 28 2.96746 4.7419
      vertex 27.5408 3.44436 5.49581
      vertex 27.4169 2.96746 4.79292
    endloop
  endfacet
  facet normal 0.0725511 -0.554101 0.829282
    outer loop
      vertex 28 3.44436 5.45563
      vertex 28 4.1581 5.93253
      vertex 27.6236 4.1581 5.96546
    endloop
  endfacet
  facet normal 0.0725623 -0.554097 0.829284
    outer loop
      vertex 28 3.44436 5.45563
      vertex 27.6236 4.1581 5.96546
      vertex 27.5408 3.44436 5.49581
    endloop
  endfacet
  facet normal 0.0854799 -0.194383 0.977194
    outer loop
      vertex 28 4.1581 5.93253
      vertex 28 5 6.1
      vertex 27.6527 5 6.13038
    endloop
  endfacet
  facet normal 0.0854915 -0.194378 0.977194
    outer loop
      vertex 28 4.1581 5.93253
      vertex 27.6527 5 6.13038
      vertex 27.6236 4.1581 5.96546
    endloop
  endfacet
  facet normal 0.0854914 0.194382 0.977193
    outer loop
      vertex 28 5 6.1
      vertex 28 5.8419 5.93253
      vertex 27.6236 5.8419 5.96546
    endloop
  endfacet
  facet normal 0.08548 0.194378 0.977195
    outer loop
      vertex 27.6527 5 6.13038
      vertex 28 5 6.1
      vertex 27.6236 5.8419 5.96546
    endloop
  endfacet
  facet normal 0.0725618 0.554106 0.829277
    outer loop
      vertex 28 5.8419 5.93253
      vertex 28 6.55563 5.45563
      vertex 27.5408 6.55563 5.49581
    endloop
  endfacet
  facet normal 0.0725511 0.554102 0.829281
    outer loop
      vertex 27.6236 5.8419 5.96546
      vertex 28 5.8419 5.93253
      vertex 27.5408 6.55563 5.49581
    endloop
  endfacet
  facet normal 0.0485539 0.830488 0.554916
    outer loop
      vertex 28 6.55563 5.45563
      vertex 28 7.03253 4.7419
      vertex 27.4169 7.03253 4.79292
    endloop
  endfacet
  facet normal 0.0485551 0.830489 0.554915
    outer loop
      vertex 27.5408 6.55563 5.49581
      vertex 28 6.55563 5.45563
      vertex 27.4169 7.03253 4.79292
    endloop
  endfacet
  facet normal 0.0170675 0.980641 0.195068
    outer loop
      vertex 28 7.03253 4.7419
      vertex 28 7.2 3.9
      vertex 27.2707 7.2 3.96381
    endloop
  endfacet
  facet normal 0.017068 0.980641 0.195068
    outer loop
      vertex 27.4169 7.03253 4.79292
      vertex 28 7.03253 4.7419
      vertex 27.2707 7.2 3.96381
    endloop
  endfacet
  facet normal -0.0170649 0.980641 -0.195068
    outer loop
      vertex 28 7.2 3.9
      vertex 28 7.03253 3.0581
      vertex 27.1245 7.03253 3.13469
    endloop
  endfacet
  facet normal -0.0170672 0.980642 -0.195066
    outer loop
      vertex 27.2707 7.2 3.96381
      vertex 28 7.2 3.9
      vertex 27.1245 7.03253 3.13469
    endloop
  endfacet
  facet normal -0.0485512 0.830492 -0.55491
    outer loop
      vertex 28 7.03253 3.0581
      vertex 28 6.55563 2.34436
      vertex 27.0005 6.55563 2.43181
    endloop
  endfacet
  facet normal -0.048545 0.830488 -0.554917
    outer loop
      vertex 27.1245 7.03253 3.13469
      vertex 28 7.03253 3.0581
      vertex 27.0005 6.55563 2.43181
    endloop
  endfacet
  facet normal -0.072546 0.554099 -0.829284
    outer loop
      vertex 28 6.55563 2.34436
      vertex 28 5.8419 1.86747
      vertex 26.9177 5.8419 1.96215
    endloop
  endfacet
  facet normal -0.0725564 0.55411 -0.829275
    outer loop
      vertex 27.0005 6.55563 2.43181
      vertex 28 6.55563 2.34436
      vertex 26.9177 5.8419 1.96215
    endloop
  endfacet
  facet normal -0.0854967 0.194382 -0.977193
    outer loop
      vertex 28 5.8419 1.86747
      vertex 28 5 1.7
      vertex 26.8887 5 1.79723
    endloop
  endfacet
  facet normal -0.0854855 0.194368 -0.977197
    outer loop
      vertex 26.9177 5.8419 1.96215
      vertex 28 5.8419 1.86747
      vertex 26.8887 5 1.79723
    endloop
  endfacet
  facet normal -0.253879 -0.194353 -0.947509
    outer loop
      vertex 26.8887 5 1.79723
      vertex 26.9177 4.1581 1.96215
      vertex 25.8683 4.1581 2.24333
    endloop
  endfacet
  facet normal -0.253882 -0.194349 -0.947509
    outer loop
      vertex 26.8887 5 1.79723
      vertex 25.8683 4.1581 2.24333
      vertex 25.8111 5 2.08597
    endloop
  endfacet
  facet normal -0.215467 -0.554102 -0.80408
    outer loop
      vertex 26.9177 4.1581 1.96215
      vertex 27.0005 3.44436 2.43181
      vertex 26.0315 3.44436 2.69147
    endloop
  endfacet
  facet normal -0.215446 -0.554121 -0.804073
    outer loop
      vertex 26.9177 4.1581 1.96215
      vertex 26.0315 3.44436 2.69147
      vertex 25.8683 4.1581 2.24333
    endloop
  endfacet
  facet normal -0.144175 -0.830492 -0.538049
    outer loop
      vertex 27.0005 3.44436 2.43181
      vertex 27.1245 2.96746 3.13469
      vertex 26.2756 2.96746 3.36216
    endloop
  endfacet
  facet normal -0.14418 -0.830489 -0.538052
    outer loop
      vertex 27.0005 3.44436 2.43181
      vertex 26.2756 2.96746 3.36216
      vertex 26.0315 3.44436 2.69147
    endloop
  endfacet
  facet normal -0.0506732 -0.980644 -0.189129
    outer loop
      vertex 27.1245 2.96746 3.13469
      vertex 27.2707 2.8 3.96381
      vertex 26.5635 2.8 4.15329
    endloop
  endfacet
  facet normal -0.0506795 -0.980643 -0.189132
    outer loop
      vertex 27.1245 2.96746 3.13469
      vertex 26.5635 2.8 4.15329
      vertex 26.2756 2.96746 3.36216
    endloop
  endfacet
  facet normal 0.0506777 -0.980643 0.18913
    outer loop
      vertex 27.2707 2.8 3.96381
      vertex 27.4169 2.96746 4.79292
      vertex 26.8515 2.96746 4.94442
    endloop
  endfacet
  facet normal 0.050673 -0.980644 0.189128
    outer loop
      vertex 27.2707 2.8 3.96381
      vertex 26.8515 2.96746 4.94442
      vertex 26.5635 2.8 4.15329
    endloop
  endfacet
  facet normal 0.144183 -0.830486 0.538056
    outer loop
      vertex 27.4169 2.96746 4.79292
      vertex 27.5408 3.44436 5.49581
      vertex 27.0956 3.44436 5.61511
    endloop
  endfacet
  facet normal 0.144173 -0.830489 0.538054
    outer loop
      vertex 27.4169 2.96746 4.79292
      vertex 27.0956 3.44436 5.61511
      vertex 26.8515 2.96746 4.94442
    endloop
  endfacet
  facet normal 0.215487 -0.554094 0.804081
    outer loop
      vertex 27.5408 3.44436 5.49581
      vertex 27.6236 4.1581 5.96546
      vertex 27.2587 4.1581 6.06325
    endloop
  endfacet
  facet normal 0.215469 -0.554101 0.804081
    outer loop
      vertex 27.5408 3.44436 5.49581
      vertex 27.2587 4.1581 6.06325
      vertex 27.0956 3.44436 5.61511
    endloop
  endfacet
  facet normal 0.253913 -0.194381 0.947494
    outer loop
      vertex 27.6236 4.1581 5.96546
      vertex 27.6527 5 6.13038
      vertex 27.316 5 6.22061
    endloop
  endfacet
  facet normal 0.25392 -0.194378 0.947492
    outer loop
      vertex 27.6236 4.1581 5.96546
      vertex 27.316 5 6.22061
      vertex 27.2587 4.1581 6.06325
    endloop
  endfacet
  facet normal 0.25392 0.194381 0.947492
    outer loop
      vertex 27.6527 5 6.13038
      vertex 27.6236 5.8419 5.96546
      vertex 27.2587 5.8419 6.06325
    endloop
  endfacet
  facet normal 0.253913 0.194378 0.947494
    outer loop
      vertex 27.316 5 6.22061
      vertex 27.6527 5 6.13038
      vertex 27.2587 5.8419 6.06325
    endloop
  endfacet
  facet normal 0.215469 0.5541 0.804081
    outer loop
      vertex 27.6236 5.8419 5.96546
      vertex 27.5408 6.55563 5.49581
      vertex 27.0956 6.55563 5.61511
    endloop
  endfacet
  facet normal 0.215484 0.554107 0.804072
    outer loop
      vertex 27.2587 5.8419 6.06325
      vertex 27.6236 5.8419 5.96546
      vertex 27.0956 6.55563 5.61511
    endloop
  endfacet
  facet normal 0.144174 0.830486 0.538058
    outer loop
      vertex 27.5408 6.55563 5.49581
      vertex 27.4169 7.03253 4.79292
      vertex 26.8515 7.03253 4.94442
    endloop
  endfacet
  facet normal 0.144181 0.830489 0.538051
    outer loop
      vertex 27.0956 6.55563 5.61511
      vertex 27.5408 6.55563 5.49581
      vertex 26.8515 7.03253 4.94442
    endloop
  endfacet
  facet normal 0.0506766 0.980641 0.189141
    outer loop
      vertex 27.4169 7.03253 4.79292
      vertex 27.2707 7.2 3.96381
      vertex 26.5635 7.2 4.15329
    endloop
  endfacet
  facet normal 0.0506797 0.980642 0.189137
    outer loop
      vertex 26.8515 7.03253 4.94442
      vertex 27.4169 7.03253 4.79292
      vertex 26.5635 7.2 4.15329
    endloop
  endfacet
  facet normal -0.0506813 0.980642 -0.189138
    outer loop
      vertex 27.2707 7.2 3.96381
      vertex 27.1245 7.03253 3.13469
      vertex 26.2756 7.03253 3.36216
    endloop
  endfacet
  facet normal -0.0506775 0.980641 -0.189144
    outer loop
      vertex 26.5635 7.2 4.15329
      vertex 27.2707 7.2 3.96381
      vertex 26.2756 7.03253 3.36216
    endloop
  endfacet
  facet normal -0.144179 0.830492 -0.538048
    outer loop
      vertex 27.1245 7.03253 3.13469
      vertex 27.0005 6.55563 2.43181
      vertex 26.0315 6.55563 2.69147
    endloop
  endfacet
  facet normal -0.144176 0.830489 -0.538053
    outer loop
      vertex 26.2756 7.03253 3.36216
      vertex 27.1245 7.03253 3.13469
      vertex 26.0315 6.55563 2.69147
    endloop
  endfacet
  facet normal -0.215448 0.554108 -0.804081
    outer loop
      vertex 27.0005 6.55563 2.43181
      vertex 26.9177 5.8419 1.96215
      vertex 25.8683 5.8419 2.24333
    endloop
  endfacet
  facet normal -0.215463 0.554127 -0.804064
    outer loop
      vertex 26.0315 6.55563 2.69147
      vertex 27.0005 6.55563 2.43181
      vertex 25.8683 5.8419 2.24333
    endloop
  endfacet
  facet normal -0.253882 0.194353 -0.947508
    outer loop
      vertex 26.9177 5.8419 1.96215
      vertex 26.8887 5 1.79723
      vertex 25.8111 5 2.08597
    endloop
  endfacet
  facet normal -0.253879 0.194348 -0.947509
    outer loop
      vertex 25.8683 5.8419 2.24333
      vertex 26.9177 5.8419 1.96215
      vertex 25.8111 5 2.08597
    endloop
  endfacet
  facet normal -0.414571 -0.194335 -0.889025
    outer loop
      vertex 25.8111 5 2.08597
      vertex 25.8683 4.1581 2.24333
      vertex 24.8837 4.1581 2.70247
    endloop
  endfacet
  facet normal -0.414549 -0.194362 -0.889029
    outer loop
      vertex 25.8111 5 2.08597
      vertex 24.8837 4.1581 2.70247
      vertex 24.8 5 2.55744
    endloop
  endfacet
  facet normal -0.35179 -0.554133 -0.75444
    outer loop
      vertex 25.8683 4.1581 2.24333
      vertex 26.0315 3.44436 2.69147
      vertex 25.1222 3.44436 3.11547
    endloop
  endfacet
  facet normal -0.351813 -0.554113 -0.754444
    outer loop
      vertex 25.8683 4.1581 2.24333
      vertex 25.1222 3.44436 3.11547
      vertex 24.8837 4.1581 2.70247
    endloop
  endfacet
  facet normal -0.235392 -0.830489 -0.504855
    outer loop
      vertex 26.0315 3.44436 2.69147
      vertex 26.2756 2.96746 3.36216
      vertex 25.479 2.96746 3.73358
    endloop
  endfacet
  facet normal -0.235413 -0.830479 -0.504862
    outer loop
      vertex 26.0315 3.44436 2.69147
      vertex 25.479 2.96746 3.73358
      vertex 25.1222 3.44436 3.11547
    endloop
  endfacet
  facet normal -0.0827523 -0.980643 -0.17746
    outer loop
      vertex 26.2756 2.96746 3.36216
      vertex 26.5635 2.8 4.15329
      vertex 25.9 2.8 4.46269
    endloop
  endfacet
  facet normal -0.0827401 -0.980644 -0.177456
    outer loop
      vertex 26.2756 2.96746 3.36216
      vertex 25.9 2.8 4.46269
      vertex 25.479 2.96746 3.73358
    endloop
  endfacet
  facet normal 0.0827483 -0.980645 0.177452
    outer loop
      vertex 26.5635 2.8 4.15329
      vertex 26.8515 2.96746 4.94442
      vertex 26.321 2.96746 5.1918
    endloop
  endfacet
  facet normal 0.0827483 -0.980645 0.177452
    outer loop
      vertex 26.5635 2.8 4.15329
      vertex 26.321 2.96746 5.1918
      vertex 25.9 2.8 4.46269
    endloop
  endfacet
  facet normal 0.23539 -0.830489 0.504856
    outer loop
      vertex 26.8515 2.96746 4.94442
      vertex 27.0956 3.44436 5.61511
      vertex 26.6778 3.44436 5.80991
    endloop
  endfacet
  facet normal 0.235422 -0.830479 0.504857
    outer loop
      vertex 26.8515 2.96746 4.94442
      vertex 26.6778 3.44436 5.80991
      vertex 26.321 2.96746 5.1918
    endloop
  endfacet
  facet normal 0.35182 -0.554098 0.754452
    outer loop
      vertex 27.0956 3.44436 5.61511
      vertex 27.2587 4.1581 6.06325
      vertex 26.9163 4.1581 6.22292
    endloop
  endfacet
  facet normal 0.351769 -0.554119 0.754461
    outer loop
      vertex 27.0956 3.44436 5.61511
      vertex 26.9163 4.1581 6.22292
      vertex 26.6778 3.44436 5.80991
    endloop
  endfacet
  facet normal 0.414527 -0.194383 0.889035
    outer loop
      vertex 27.2587 4.1581 6.06325
      vertex 27.316 5 6.22061
      vertex 27 5 6.36795
    endloop
  endfacet
  facet normal 0.414572 -0.194363 0.889018
    outer loop
      vertex 27.2587 4.1581 6.06325
      vertex 27 5 6.36795
      vertex 26.9163 4.1581 6.22292
    endloop
  endfacet
  facet normal 0.414571 0.194382 0.889015
    outer loop
      vertex 27.316 5 6.22061
      vertex 27.2587 5.8419 6.06325
      vertex 26.9163 5.8419 6.22292
    endloop
  endfacet
  facet normal 0.414528 0.194362 0.889039
    outer loop
      vertex 27 5 6.36795
      vertex 27.316 5 6.22061
      vertex 26.9163 5.8419 6.22292
    endloop
  endfacet
  facet normal 0.351772 0.554106 0.754469
    outer loop
      vertex 27.2587 5.8419 6.06325
      vertex 27.0956 6.55563 5.61511
      vertex 26.6778 6.55563 5.80991
    endloop
  endfacet
  facet normal 0.351813 0.554126 0.754435
    outer loop
      vertex 26.9163 5.8419 6.22292
      vertex 27.2587 5.8419 6.06325
      vertex 26.6778 6.55563 5.80991
    endloop
  endfacet
  facet normal 0.235417 0.830488 0.504845
    outer loop
      vertex 27.0956 6.55563 5.61511
      vertex 26.8515 7.03253 4.94442
      vertex 26.321 7.03253 5.1918
    endloop
  endfacet
  facet normal 0.235397 0.830478 0.504871
    outer loop
      vertex 26.6778 6.55563 5.80991
      vertex 27.0956 6.55563 5.61511
      vertex 26.321 7.03253 5.1918
    endloop
  endfacet
  facet normal 0.0827531 0.980642 0.177462
    outer loop
      vertex 26.8515 7.03253 4.94442
      vertex 26.5635 7.2 4.15329
      vertex 25.9 7.2 4.46269
    endloop
  endfacet
  facet normal 0.082753 0.980642 0.177462
    outer loop
      vertex 26.321 7.03253 5.1918
      vertex 26.8515 7.03253 4.94442
      vertex 25.9 7.2 4.46269
    endloop
  endfacet
  facet normal -0.0827482 0.980641 -0.177474
    outer loop
      vertex 26.5635 7.2 4.15329
      vertex 26.2756 7.03253 3.36216
      vertex 25.479 7.03253 3.73358
    endloop
  endfacet
  facet normal -0.0827531 0.980642 -0.177462
    outer loop
      vertex 25.9 7.2 4.46269
      vertex 26.5635 7.2 4.15329
      vertex 25.479 7.03253 3.73358
    endloop
  endfacet
  facet normal -0.235407 0.830488 -0.504849
    outer loop
      vertex 26.2756 7.03253 3.36216
      vertex 26.0315 6.55563 2.69147
      vertex 25.1222 6.55563 3.11547
    endloop
  endfacet
  facet normal -0.235399 0.830478 -0.504869
    outer loop
      vertex 25.479 7.03253 3.73358
      vertex 26.2756 7.03253 3.36216
      vertex 25.1222 6.55563 3.11547
    endloop
  endfacet
  facet normal -0.351806 0.554138 -0.754429
    outer loop
      vertex 26.0315 6.55563 2.69147
      vertex 25.8683 5.8419 2.24333
      vertex 24.8837 5.8419 2.70247
    endloop
  endfacet
  facet normal -0.351794 0.554118 -0.75445
    outer loop
      vertex 25.1222 6.55563 3.11547
      vertex 26.0315 6.55563 2.69147
      vertex 24.8837 5.8419 2.70247
    endloop
  endfacet
  facet normal -0.414551 0.194335 -0.889034
    outer loop
      vertex 25.8683 5.8419 2.24333
      vertex 25.8111 5 2.08597
      vertex 24.8 5 2.55744
    endloop
  endfacet
  facet normal -0.414569 0.194363 -0.88902
    outer loop
      vertex 24.8837 5.8419 2.70247
      vertex 25.8683 5.8419 2.24333
      vertex 24.8 5 2.55744
    endloop
  endfacet
  facet normal -0.562648 -0.194357 -0.803525
    outer loop
      vertex 24.8 5 2.55744
      vertex 24.8837 4.1581 2.70247
      vertex 23.9938 4.1581 3.3256
    endloop
  endfacet
  facet normal -0.562658 -0.194343 -0.803521
    outer loop
      vertex 24.8 5 2.55744
      vertex 23.9938 4.1581 3.3256
      vertex 23.8862 5 3.19732
    endloop
  endfacet
  facet normal -0.477443 -0.554121 -0.681908
    outer loop
      vertex 24.8837 4.1581 2.70247
      vertex 25.1222 3.44436 3.11547
      vertex 24.3003 3.44436 3.69093
    endloop
  endfacet
  facet normal -0.477488 -0.554083 -0.681907
    outer loop
      vertex 24.8837 4.1581 2.70247
      vertex 24.3003 3.44436 3.69093
      vertex 23.9938 4.1581 3.3256
    endloop
  endfacet
  facet normal -0.319523 -0.830475 -0.456307
    outer loop
      vertex 25.1222 3.44436 3.11547
      vertex 25.479 2.96746 3.73358
      vertex 24.7591 2.96746 4.23768
    endloop
  endfacet
  facet normal -0.319484 -0.830493 -0.456302
    outer loop
      vertex 25.1222 3.44436 3.11547
      vertex 24.7591 2.96746 4.23768
      vertex 24.3003 3.44436 3.69093
    endloop
  endfacet
  facet normal -0.112305 -0.980645 -0.160385
    outer loop
      vertex 25.479 2.96746 3.73358
      vertex 25.9 2.8 4.46269
      vertex 25.3003 2.8 4.88261
    endloop
  endfacet
  facet normal -0.112308 -0.980644 -0.160386
    outer loop
      vertex 25.479 2.96746 3.73358
      vertex 25.3003 2.8 4.88261
      vertex 24.7591 2.96746 4.23768
    endloop
  endfacet
  facet normal 0.112304 -0.980645 0.160386
    outer loop
      vertex 25.9 2.8 4.46269
      vertex 26.321 2.96746 5.1918
      vertex 25.8415 2.96746 5.52755
    endloop
  endfacet
  facet normal 0.112305 -0.980645 0.160386
    outer loop
      vertex 25.9 2.8 4.46269
      vertex 25.8415 2.96746 5.52755
      vertex 25.3003 2.8 4.88261
    endloop
  endfacet
  facet normal 0.319506 -0.830476 0.456317
    outer loop
      vertex 26.321 2.96746 5.1918
      vertex 26.6778 3.44436 5.80991
      vertex 26.3002 3.44436 6.0743
    endloop
  endfacet
  facet normal 0.319516 -0.830473 0.456316
    outer loop
      vertex 26.321 2.96746 5.1918
      vertex 26.3002 3.44436 6.0743
      vertex 25.8415 2.96746 5.52755
    endloop
  endfacet
  facet normal 0.477442 -0.554127 0.681903
    outer loop
      vertex 26.6778 3.44436 5.80991
      vertex 26.9163 4.1581 6.22292
      vertex 26.6068 4.1581 6.43962
    endloop
  endfacet
  facet normal 0.477455 -0.554122 0.681898
    outer loop
      vertex 26.6778 3.44436 5.80991
      vertex 26.6068 4.1581 6.43962
      vertex 26.3002 3.44436 6.0743
    endloop
  endfacet
  facet normal 0.562602 -0.194358 0.803557
    outer loop
      vertex 26.9163 4.1581 6.22292
      vertex 27 5 6.36795
      vertex 26.7144 5 6.56791
    endloop
  endfacet
  facet normal 0.562615 -0.194352 0.80355
    outer loop
      vertex 26.9163 4.1581 6.22292
      vertex 26.7144 5 6.56791
      vertex 26.6068 4.1581 6.43962
    endloop
  endfacet
  facet normal 0.562614 0.194357 0.803549
    outer loop
      vertex 27 5 6.36795
      vertex 26.9163 5.8419 6.22292
      vertex 26.6068 5.8419 6.43962
    endloop
  endfacet
  facet normal 0.562603 0.194352 0.803558
    outer loop
      vertex 26.7144 5 6.56791
      vertex 27 5 6.36795
      vertex 26.6068 5.8419 6.43962
    endloop
  endfacet
  facet normal 0.477451 0.554132 0.681893
    outer loop
      vertex 26.9163 5.8419 6.22292
      vertex 26.6778 6.55563 5.80991
      vertex 26.3002 6.55563 6.0743
    endloop
  endfacet
  facet normal 0.477443 0.554127 0.681903
    outer loop
      vertex 26.6068 5.8419 6.43962
      vertex 26.9163 5.8419 6.22292
      vertex 26.3002 6.55563 6.0743
    endloop
  endfacet
  facet normal 0.319514 0.830476 0.456312
    outer loop
      vertex 26.6778 6.55563 5.80991
      vertex 26.321 7.03253 5.1918
      vertex 25.8415 7.03253 5.52755
    endloop
  endfacet
  facet normal 0.319509 0.830473 0.456321
    outer loop
      vertex 26.3002 6.55563 6.0743
      vertex 26.6778 6.55563 5.80991
      vertex 25.8415 7.03253 5.52755
    endloop
  endfacet
  facet normal 0.112311 0.980643 0.160395
    outer loop
      vertex 26.321 7.03253 5.1918
      vertex 25.9 7.2 4.46269
      vertex 25.3003 7.2 4.88261
    endloop
  endfacet
  facet normal 0.112311 0.980642 0.160396
    outer loop
      vertex 25.8415 7.03253 5.52755
      vertex 26.321 7.03253 5.1918
      vertex 25.3003 7.2 4.88261
    endloop
  endfacet
  facet normal -0.112313 0.980643 -0.160393
    outer loop
      vertex 25.9 7.2 4.46269
      vertex 25.479 7.03253 3.73358
      vertex 24.7591 7.03253 4.23768
    endloop
  endfacet
  facet normal -0.112312 0.980642 -0.160397
    outer loop
      vertex 25.3003 7.2 4.88261
      vertex 25.9 7.2 4.46269
      vertex 24.7591 7.03253 4.23768
    endloop
  endfacet
  facet normal -0.319498 0.830476 -0.456322
    outer loop
      vertex 25.479 7.03253 3.73358
      vertex 25.1222 6.55563 3.11547
      vertex 24.3003 6.55563 3.69093
    endloop
  endfacet
  facet normal -0.319506 0.830494 -0.456284
    outer loop
      vertex 24.7591 7.03253 4.23768
      vertex 25.479 7.03253 3.73358
      vertex 24.3003 6.55563 3.69093
    endloop
  endfacet
  facet normal -0.477472 0.554125 -0.681884
    outer loop
      vertex 25.1222 6.55563 3.11547
      vertex 24.8837 5.8419 2.70247
      vertex 23.9938 5.8419 3.3256
    endloop
  endfacet
  facet normal -0.477456 0.554087 -0.681926
    outer loop
      vertex 24.3003 6.55563 3.69093
      vertex 25.1222 6.55563 3.11547
      vertex 23.9938 5.8419 3.3256
    endloop
  endfacet
  facet normal -0.562657 0.194357 -0.803519
    outer loop
      vertex 24.8837 5.8419 2.70247
      vertex 24.8 5 2.55744
      vertex 23.8862 5 3.19732
    endloop
  endfacet
  facet normal -0.56265 0.194343 -0.803527
    outer loop
      vertex 23.9938 5.8419 3.3256
      vertex 24.8837 5.8419 2.70247
      vertex 23.8862 5 3.19732
    endloop
  endfacet
  facet normal -0.693626 -0.194337 -0.693626
    outer loop
      vertex 23.8862 5 3.19732
      vertex 23.9938 4.1581 3.3256
      vertex 23.2256 4.1581 4.0938
    endloop
  endfacet
  facet normal -0.693593 -0.194384 -0.693645
    outer loop
      vertex 23.8862 5 3.19732
      vertex 23.2256 4.1581 4.0938
      vertex 23.0973 5 3.98616
    endloop
  endfacet
  facet normal -0.58865 -0.554077 -0.588634
    outer loop
      vertex 23.9938 4.1581 3.3256
      vertex 24.3003 3.44436 3.69093
      vertex 23.5909 3.44436 4.40035
    endloop
  endfacet
  facet normal -0.588636 -0.554089 -0.588636
    outer loop
      vertex 23.9938 4.1581 3.3256
      vertex 23.5909 3.44436 4.40035
      vertex 23.2256 4.1581 4.0938
    endloop
  endfacet
  facet normal -0.393894 -0.830494 -0.393862
    outer loop
      vertex 24.3003 3.44436 3.69093
      vertex 24.7591 2.96746 4.23768
      vertex 24.1377 2.96746 4.85913
    endloop
  endfacet
  facet normal -0.393874 -0.830503 -0.393863
    outer loop
      vertex 24.3003 3.44436 3.69093
      vertex 24.1377 2.96746 4.85913
      vertex 23.5909 3.44436 4.40035
    endloop
  endfacet
  facet normal -0.138446 -0.980645 -0.138452
    outer loop
      vertex 25.3003 2.8 4.88261
      vertex 24.7826 2.8 5.40029
      vertex 24.7591 2.96746 4.23768
    endloop
  endfacet
  facet normal -0.138462 -0.980642 -0.138451
    outer loop
      vertex 24.7591 2.96746 4.23768
      vertex 24.7826 2.8 5.40029
      vertex 24.1377 2.96746 4.85913
    endloop
  endfacet
  facet normal 0.138432 -0.980645 0.138462
    outer loop
      vertex 25.8415 2.96746 5.52755
      vertex 25.4275 2.96746 5.94146
      vertex 25.3003 2.8 4.88261
    endloop
  endfacet
  facet normal 0.138453 -0.980643 0.138459
    outer loop
      vertex 25.3003 2.8 4.88261
      vertex 25.4275 2.96746 5.94146
      vertex 24.7826 2.8 5.40029
    endloop
  endfacet
  facet normal 0.393889 -0.830501 0.393852
    outer loop
      vertex 25.4275 2.96746 5.94146
      vertex 26.3002 3.44436 6.0743
      vertex 25.9743 3.44436 6.40023
    endloop
  endfacet
  facet normal 0.393859 -0.830472 0.393944
    outer loop
      vertex 26.3002 3.44436 6.0743
      vertex 25.4275 2.96746 5.94146
      vertex 25.8415 2.96746 5.52755
    endloop
  endfacet
  facet normal 0.588572 -0.554131 0.58866
    outer loop
      vertex 26.3396 4.1581 6.70678
      vertex 26.3002 3.44436 6.0743
      vertex 26.6068 4.1581 6.43962
    endloop
  endfacet
  facet normal 0.588663 -0.55409 0.588609
    outer loop
      vertex 26.3002 3.44436 6.0743
      vertex 26.3396 4.1581 6.70678
      vertex 25.9743 3.44436 6.40023
    endloop
  endfacet
  facet normal 0.693639 -0.194345 0.693611
    outer loop
      vertex 26.6068 4.1581 6.43962
      vertex 26.7144 5 6.56791
      vertex 26.4679 5 6.81442
    endloop
  endfacet
  facet normal 0.693567 -0.194383 0.693671
    outer loop
      vertex 26.6068 4.1581 6.43962
      vertex 26.4679 5 6.81442
      vertex 26.3396 4.1581 6.70678
    endloop
  endfacet
  facet normal 0.693572 0.194346 0.693676
    outer loop
      vertex 26.7144 5 6.56791
      vertex 26.6068 5.8419 6.43962
      vertex 26.3396 5.8419 6.70678
    endloop
  endfacet
  facet normal 0.693633 0.194385 0.693605
    outer loop
      vertex 26.4679 5 6.81442
      vertex 26.7144 5 6.56791
      vertex 26.3396 5.8419 6.70678
    endloop
  endfacet
  facet normal 0.58857 0.554137 0.588658
    outer loop
      vertex 26.3002 6.55563 6.0743
      vertex 26.3396 5.8419 6.70678
      vertex 26.6068 5.8419 6.43962
    endloop
  endfacet
  facet normal 0.58866 0.554096 0.588606
    outer loop
      vertex 26.3396 5.8419 6.70678
      vertex 26.3002 6.55563 6.0743
      vertex 25.9743 6.55563 6.40023
    endloop
  endfacet
  facet normal 0.393889 0.830501 0.393852
    outer loop
      vertex 26.3002 6.55563 6.0743
      vertex 25.4275 7.03253 5.94146
      vertex 25.9743 6.55563 6.40023
    endloop
  endfacet
  facet normal 0.393859 0.830472 0.393944
    outer loop
      vertex 25.4275 7.03253 5.94146
      vertex 26.3002 6.55563 6.0743
      vertex 25.8415 7.03253 5.52755
    endloop
  endfacet
  facet normal 0.138453 0.980643 0.138458
    outer loop
      vertex 25.8415 7.03253 5.52755
      vertex 25.3003 7.2 4.88261
      vertex 24.7826 7.2 5.40029
    endloop
  endfacet
  facet normal 0.13845 0.98064 0.13848
    outer loop
      vertex 25.4275 7.03253 5.94146
      vertex 25.8415 7.03253 5.52755
      vertex 24.7826 7.2 5.40029
    endloop
  endfacet
  facet normal -0.138463 0.980642 -0.138452
    outer loop
      vertex 25.3003 7.2 4.88261
      vertex 24.7591 7.03253 4.23768
      vertex 24.1377 7.03253 4.85913
    endloop
  endfacet
  facet normal -0.138463 0.98064 -0.138468
    outer loop
      vertex 24.7826 7.2 5.40029
      vertex 25.3003 7.2 4.88261
      vertex 24.1377 7.03253 4.85913
    endloop
  endfacet
  facet normal -0.393883 0.830495 -0.393872
    outer loop
      vertex 24.7591 7.03253 4.23768
      vertex 24.3003 6.55563 3.69093
      vertex 23.5909 6.55563 4.40035
    endloop
  endfacet
  facet normal -0.393884 0.830504 -0.393852
    outer loop
      vertex 24.1377 7.03253 4.85913
      vertex 24.7591 7.03253 4.23768
      vertex 23.5909 6.55563 4.40035
    endloop
  endfacet
  facet normal -0.588639 0.554083 -0.588639
    outer loop
      vertex 24.3003 6.55563 3.69093
      vertex 23.9938 5.8419 3.3256
      vertex 23.2256 5.8419 4.0938
    endloop
  endfacet
  facet normal -0.588642 0.554095 -0.588625
    outer loop
      vertex 23.5909 6.55563 4.40035
      vertex 24.3003 6.55563 3.69093
      vertex 23.2256 5.8419 4.0938
    endloop
  endfacet
  facet normal -0.693599 0.194338 -0.693652
    outer loop
      vertex 23.9938 5.8419 3.3256
      vertex 23.8862 5 3.19732
      vertex 23.0973 5 3.98616
    endloop
  endfacet
  facet normal -0.693619 0.194385 -0.693619
    outer loop
      vertex 23.2256 5.8419 4.0938
      vertex 23.9938 5.8419 3.3256
      vertex 23.0973 5 3.98616
    endloop
  endfacet
  facet normal -0.803542 -0.194387 -0.562614
    outer loop
      vertex 23.0973 5 3.98616
      vertex 23.2256 4.1581 4.0938
      vertex 22.6025 4.1581 4.98373
    endloop
  endfacet
  facet normal -0.803509 -0.19444 -0.562643
    outer loop
      vertex 23.0973 5 3.98616
      vertex 22.6025 4.1581 4.98373
      vertex 22.4574 5 4.9
    endloop
  endfacet
  facet normal -0.681932 -0.554084 -0.477451
    outer loop
      vertex 23.2256 4.1581 4.0938
      vertex 23.5909 3.44436 4.40035
      vertex 23.0155 3.44436 5.22218
    endloop
  endfacet
  facet normal -0.681918 -0.554097 -0.477456
    outer loop
      vertex 23.2256 4.1581 4.0938
      vertex 23.0155 3.44436 5.22218
      vertex 22.6025 4.1581 4.98373
    endloop
  endfacet
  facet normal -0.456275 -0.830505 -0.319492
    outer loop
      vertex 24.1377 2.96746 4.85913
      vertex 23.6336 2.96746 5.57905
      vertex 23.5909 3.44436 4.40035
    endloop
  endfacet
  facet normal -0.456311 -0.830488 -0.319484
    outer loop
      vertex 23.5909 3.44436 4.40035
      vertex 23.6336 2.96746 5.57905
      vertex 23.0155 3.44436 5.22218
    endloop
  endfacet
  facet normal -0.1604 -0.980642 -0.112308
    outer loop
      vertex 24.7826 2.8 5.40029
      vertex 24.3627 2.8 6
      vertex 24.1377 2.96746 4.85913
    endloop
  endfacet
  facet normal -0.160392 -0.980643 -0.112309
    outer loop
      vertex 24.1377 2.96746 4.85913
      vertex 24.3627 2.8 6
      vertex 23.6336 2.96746 5.57905
    endloop
  endfacet
  facet normal 0.160403 -0.980642 0.112301
    outer loop
      vertex 25.4275 2.96746 5.94146
      vertex 25.0918 2.96746 6.42095
      vertex 24.7826 2.8 5.40029
    endloop
  endfacet
  facet normal 0.160395 -0.980643 0.112304
    outer loop
      vertex 24.7826 2.8 5.40029
      vertex 25.0918 2.96746 6.42095
      vertex 24.3627 2.8 6
    endloop
  endfacet
  facet normal 0.456275 -0.830503 0.319497
    outer loop
      vertex 25.9743 3.44436 6.40023
      vertex 25.7099 3.44436 6.77782
      vertex 25.4275 2.96746 5.94146
    endloop
  endfacet
  facet normal 0.456316 -0.830489 0.319475
    outer loop
      vertex 25.4275 2.96746 5.94146
      vertex 25.7099 3.44436 6.77782
      vertex 25.0918 2.96746 6.42095
    endloop
  endfacet
  facet normal 0.681919 -0.554085 0.477469
    outer loop
      vertex 26.3396 4.1581 6.70678
      vertex 26.1229 4.1581 7.01627
      vertex 25.9743 3.44436 6.40023
    endloop
  endfacet
  facet normal 0.681898 -0.554096 0.477486
    outer loop
      vertex 25.9743 3.44436 6.40023
      vertex 26.1229 4.1581 7.01627
      vertex 25.7099 3.44436 6.77782
    endloop
  endfacet
  facet normal 0.80348 -0.194388 0.562701
    outer loop
      vertex 26.3396 4.1581 6.70678
      vertex 26.4679 5 6.81442
      vertex 26.2679 5 7.1
    endloop
  endfacet
  facet normal 0.803542 -0.194349 0.562627
    outer loop
      vertex 26.3396 4.1581 6.70678
      vertex 26.2679 5 7.1
      vertex 26.1229 4.1581 7.01627
    endloop
  endfacet
  facet normal 0.803535 0.194387 0.562623
    outer loop
      vertex 26.4679 5 6.81442
      vertex 26.3396 5.8419 6.70678
      vertex 26.1229 5.8419 7.01627
    endloop
  endfacet
  facet normal 0.803487 0.194347 0.562706
    outer loop
      vertex 26.2679 5 7.1
      vertex 26.4679 5 6.81442
      vertex 26.1229 5.8419 7.01627
    endloop
  endfacet
  facet normal 0.6819 0.554092 0.477487
    outer loop
      vertex 26.3396 5.8419 6.70678
      vertex 25.9743 6.55563 6.40023
      vertex 25.7099 6.55563 6.77782
    endloop
  endfacet
  facet normal 0.681909 0.554102 0.477462
    outer loop
      vertex 26.1229 5.8419 7.01627
      vertex 26.3396 5.8419 6.70678
      vertex 25.7099 6.55563 6.77782
    endloop
  endfacet
  facet normal 0.456301 0.830501 0.319465
    outer loop
      vertex 25.9743 6.55563 6.40023
      vertex 25.4275 7.03253 5.94146
      vertex 25.0918 7.03253 6.42095
    endloop
  endfacet
  facet normal 0.456294 0.830487 0.319511
    outer loop
      vertex 25.7099 6.55563 6.77782
      vertex 25.9743 6.55563 6.40023
      vertex 25.0918 7.03253 6.42095
    endloop
  endfacet
  facet normal 0.160408 0.98064 0.112313
    outer loop
      vertex 25.4275 7.03253 5.94146
      vertex 24.7826 7.2 5.40029
      vertex 24.3627 7.2 6
    endloop
  endfacet
  facet normal 0.160408 0.980641 0.112305
    outer loop
      vertex 25.0918 7.03253 6.42095
      vertex 25.4275 7.03253 5.94146
      vertex 24.3627 7.2 6
    endloop
  endfacet
  facet normal -0.160405 0.98064 -0.112319
    outer loop
      vertex 24.7826 7.2 5.40029
      vertex 24.1377 7.03253 4.85913
      vertex 23.6336 7.03253 5.57905
    endloop
  endfacet
  facet normal -0.160404 0.980641 -0.112311
    outer loop
      vertex 24.3627 7.2 6
      vertex 24.7826 7.2 5.40029
      vertex 23.6336 7.03253 5.57905
    endloop
  endfacet
  facet normal -0.456292 0.830504 -0.31947
    outer loop
      vertex 24.1377 7.03253 4.85913
      vertex 23.5909 6.55563 4.40035
      vertex 23.0155 6.55563 5.22218
    endloop
  endfacet
  facet normal -0.456297 0.830487 -0.319507
    outer loop
      vertex 23.6336 7.03253 5.57905
      vertex 24.1377 7.03253 4.85913
      vertex 23.0155 6.55563 5.22218
    endloop
  endfacet
  facet normal -0.681921 0.55409 -0.477459
    outer loop
      vertex 23.5909 6.55563 4.40035
      vertex 23.2256 5.8419 4.0938
      vertex 22.6025 5.8419 4.98373
    endloop
  endfacet
  facet normal -0.681922 0.554103 -0.477444
    outer loop
      vertex 23.0155 6.55563 5.22218
      vertex 23.5909 6.55563 4.40035
      vertex 22.6025 5.8419 4.98373
    endloop
  endfacet
  facet normal -0.803517 0.194387 -0.562649
    outer loop
      vertex 23.2256 5.8419 4.0938
      vertex 23.0973 5 3.98616
      vertex 22.4574 5 4.9
    endloop
  endfacet
  facet normal -0.803533 0.194441 -0.562608
    outer loop
      vertex 22.6025 5.8419 4.98373
      vertex 23.2256 5.8419 4.0938
      vertex 22.4574 5 4.9
    endloop
  endfacet
  facet normal -0.888987 -0.194449 -0.414599
    outer loop
      vertex 22.4574 5 4.9
      vertex 22.6025 4.1581 4.98373
      vertex 22.1433 4.1581 5.96835
    endloop
  endfacet
  facet normal -0.889057 -0.194313 -0.414513
    outer loop
      vertex 22.4574 5 4.9
      vertex 22.1433 4.1581 5.96835
      vertex 21.986 5 5.91107
    endloop
  endfacet
  facet normal -0.75446 -0.554096 -0.351807
    outer loop
      vertex 22.6025 4.1581 4.98373
      vertex 23.0155 3.44436 5.22218
      vertex 22.5915 3.44436 6.13146
    endloop
  endfacet
  facet normal -0.754411 -0.554144 -0.351837
    outer loop
      vertex 22.6025 4.1581 4.98373
      vertex 22.5915 3.44436 6.13146
      vertex 22.1433 4.1581 5.96835
    endloop
  endfacet
  facet normal -0.504855 -0.830486 -0.235403
    outer loop
      vertex 23.6336 2.96746 5.57905
      vertex 23.2622 2.96746 6.37557
      vertex 23.0155 3.44436 5.22218
    endloop
  endfacet
  facet normal -0.504841 -0.830493 -0.235409
    outer loop
      vertex 23.0155 3.44436 5.22218
      vertex 23.2622 2.96746 6.37557
      vertex 22.5915 3.44436 6.13146
    endloop
  endfacet
  facet normal -0.177459 -0.980643 -0.0827492
    outer loop
      vertex 24.3627 2.8 6
      vertex 24.0533 2.8 6.66352
      vertex 23.6336 2.96746 5.57905
    endloop
  endfacet
  facet normal -0.177463 -0.980642 -0.0827473
    outer loop
      vertex 23.6336 2.96746 5.57905
      vertex 24.0533 2.8 6.66352
      vertex 23.2622 2.96746 6.37557
    endloop
  endfacet
  facet normal 0.177455 -0.980643 0.0827552
    outer loop
      vertex 25.0918 2.96746 6.42095
      vertex 24.8444 2.96746 6.95146
      vertex 24.3627 2.8 6
    endloop
  endfacet
  facet normal 0.177463 -0.980642 0.0827512
    outer loop
      vertex 24.3627 2.8 6
      vertex 24.8444 2.96746 6.95146
      vertex 24.0533 2.8 6.66352
    endloop
  endfacet
  facet normal 0.504848 -0.830487 0.235415
    outer loop
      vertex 25.7099 3.44436 6.77782
      vertex 25.5151 3.44436 7.19557
      vertex 25.0918 2.96746 6.42095
    endloop
  endfacet
  facet normal 0.504834 -0.830492 0.235426
    outer loop
      vertex 25.0918 2.96746 6.42095
      vertex 25.5151 3.44436 7.19557
      vertex 24.8444 2.96746 6.95146
    endloop
  endfacet
  facet normal 0.75443 -0.554098 0.351866
    outer loop
      vertex 26.1229 4.1581 7.01627
      vertex 25.9632 4.1581 7.35868
      vertex 25.7099 3.44436 6.77782
    endloop
  endfacet
  facet normal 0.754472 -0.554073 0.351816
    outer loop
      vertex 25.7099 3.44436 6.77782
      vertex 25.9632 4.1581 7.35868
      vertex 25.5151 3.44436 7.19557
    endloop
  endfacet
  facet normal 0.889065 -0.194345 0.41448
    outer loop
      vertex 26.1229 4.1581 7.01627
      vertex 26.2679 5 7.1
      vertex 26.1206 5 7.41596
    endloop
  endfacet
  facet normal 0.888984 -0.194412 0.414622
    outer loop
      vertex 26.1229 4.1581 7.01627
      vertex 26.1206 5 7.41596
      vertex 25.9632 4.1581 7.35868
    endloop
  endfacet
  facet normal 0.888996 0.194347 0.414627
    outer loop
      vertex 26.2679 5 7.1
      vertex 26.1229 5.8419 7.01627
      vertex 25.9632 5.8419 7.35868
    endloop
  endfacet
  facet normal 0.889052 0.194415 0.414475
    outer loop
      vertex 26.1206 5 7.41596
      vertex 26.2679 5 7.1
      vertex 25.9632 5.8419 7.35868
    endloop
  endfacet
  facet normal 0.754455 0.554101 0.351808
    outer loop
      vertex 26.1229 5.8419 7.01627
      vertex 25.7099 6.55563 6.77782
      vertex 25.5151 6.55563 7.19557
    endloop
  endfacet
  facet normal 0.754444 0.554076 0.351873
    outer loop
      vertex 25.9632 5.8419 7.35868
      vertex 26.1229 5.8419 7.01627
      vertex 25.5151 6.55563 7.19557
    endloop
  endfacet
  facet normal 0.50484 0.830487 0.235429
    outer loop
      vertex 25.7099 6.55563 6.77782
      vertex 25.0918 7.03253 6.42095
      vertex 24.8444 7.03253 6.95146
    endloop
  endfacet
  facet normal 0.50484 0.830493 0.235411
    outer loop
      vertex 25.5151 6.55563 7.19557
      vertex 25.7099 6.55563 6.77782
      vertex 24.8444 7.03253 6.95146
    endloop
  endfacet
  facet normal 0.177469 0.980641 0.082754
    outer loop
      vertex 25.0918 7.03253 6.42095
      vertex 24.3627 7.2 6
      vertex 24.0533 7.2 6.66352
    endloop
  endfacet
  facet normal 0.177471 0.98064 0.0827624
    outer loop
      vertex 24.8444 7.03253 6.95146
      vertex 25.0918 7.03253 6.42095
      vertex 24.0533 7.2 6.66352
    endloop
  endfacet
  facet normal -0.177471 0.980641 -0.0827508
    outer loop
      vertex 24.3627 7.2 6
      vertex 23.6336 7.03253 5.57905
      vertex 23.2622 7.03253 6.37557
    endloop
  endfacet
  facet normal -0.177472 0.98064 -0.0827555
    outer loop
      vertex 24.0533 7.2 6.66352
      vertex 24.3627 7.2 6
      vertex 23.2622 7.03253 6.37557
    endloop
  endfacet
  facet normal -0.504849 0.830487 -0.235413
    outer loop
      vertex 23.6336 7.03253 5.57905
      vertex 23.0155 6.55563 5.22218
      vertex 22.5915 6.55563 6.13146
    endloop
  endfacet
  facet normal -0.504845 0.830494 -0.235398
    outer loop
      vertex 23.2622 7.03253 6.37557
      vertex 23.6336 7.03253 5.57905
      vertex 22.5915 6.55563 6.13146
    endloop
  endfacet
  facet normal -0.754435 0.554103 -0.351848
    outer loop
      vertex 23.0155 6.55563 5.22218
      vertex 22.6025 5.8419 4.98373
      vertex 22.1433 5.8419 5.96835
    endloop
  endfacet
  facet normal -0.754426 0.554151 -0.351791
    outer loop
      vertex 22.5915 6.55563 6.13146
      vertex 23.0155 6.55563 5.22218
      vertex 22.1433 5.8419 5.96835
    endloop
  endfacet
  facet normal -0.889033 0.194447 -0.414501
    outer loop
      vertex 22.6025 5.8419 4.98373
      vertex 22.4574 5 4.9
      vertex 21.986 5 5.91107
    endloop
  endfacet
  facet normal -0.889011 0.194311 -0.414611
    outer loop
      vertex 22.1433 5.8419 5.96835
      vertex 22.6025 5.8419 4.98373
      vertex 21.986 5 5.91107
    endloop
  endfacet
  facet normal -0.947534 -0.194306 -0.253818
    outer loop
      vertex 21.986 5 5.91107
      vertex 22.1433 4.1581 5.96835
      vertex 21.8622 4.1581 7.01773
    endloop
  endfacet
  facet normal -0.947473 -0.194462 -0.25393
    outer loop
      vertex 21.986 5 5.91107
      vertex 21.8622 4.1581 7.01773
      vertex 21.6972 5 6.98865
    endloop
  endfacet
  facet normal -0.804046 -0.55415 -0.215473
    outer loop
      vertex 22.5915 3.44436 6.13146
      vertex 22.3318 3.44436 7.10054
      vertex 22.1433 4.1581 5.96835
    endloop
  endfacet
  facet normal -0.804126 -0.55406 -0.215403
    outer loop
      vertex 22.1433 4.1581 5.96835
      vertex 22.3318 3.44436 7.10054
      vertex 21.8622 4.1581 7.01773
    endloop
  endfacet
  facet normal -0.538041 -0.830494 -0.14419
    outer loop
      vertex 23.2622 2.96746 6.37557
      vertex 23.0347 2.96746 7.22448
      vertex 22.5915 3.44436 6.13146
    endloop
  endfacet
  facet normal -0.538044 -0.830493 -0.144188
    outer loop
      vertex 22.5915 3.44436 6.13146
      vertex 23.0347 2.96746 7.22448
      vertex 22.3318 3.44436 7.10054
    endloop
  endfacet
  facet normal -0.189134 -0.980642 -0.050683
    outer loop
      vertex 24.0533 2.8 6.66352
      vertex 23.8638 2.8 7.37068
      vertex 23.2622 2.96746 6.37557
    endloop
  endfacet
  facet normal -0.189131 -0.980643 -0.0506853
    outer loop
      vertex 23.2622 2.96746 6.37557
      vertex 23.8638 2.8 7.37068
      vertex 23.0347 2.96746 7.22448
    endloop
  endfacet
  facet normal 0.189137 -0.980642 0.0506786
    outer loop
      vertex 24.8444 2.96746 6.95146
      vertex 24.6929 2.96746 7.51687
      vertex 24.0533 2.8 6.66352
    endloop
  endfacet
  facet normal 0.189132 -0.980643 0.0506823
    outer loop
      vertex 24.0533 2.8 6.66352
      vertex 24.6929 2.96746 7.51687
      vertex 23.8638 2.8 7.37068
    endloop
  endfacet
  facet normal 0.538049 -0.830493 0.144168
    outer loop
      vertex 25.5151 3.44436 7.19557
      vertex 25.3958 3.44436 7.64081
      vertex 24.8444 2.96746 6.95146
    endloop
  endfacet
  facet normal 0.538048 -0.830494 0.144169
    outer loop
      vertex 24.8444 2.96746 6.95146
      vertex 25.3958 3.44436 7.64081
      vertex 24.6929 2.96746 7.51687
    endloop
  endfacet
  facet normal 0.804156 -0.554063 0.215285
    outer loop
      vertex 25.9632 4.1581 7.35868
      vertex 25.8655 4.1581 7.72362
      vertex 25.5151 3.44436 7.19557
    endloop
  endfacet
  facet normal 0.804063 -0.554136 0.215445
    outer loop
      vertex 25.5151 3.44436 7.19557
      vertex 25.8655 4.1581 7.72362
      vertex 25.3958 3.44436 7.64081
    endloop
  endfacet
  facet normal 0.947516 -0.194414 0.253804
    outer loop
      vertex 26.1206 5 7.41596
      vertex 26.0304 5 7.7527
      vertex 25.9632 4.1581 7.35868
    endloop
  endfacet
  facet normal 0.947562 -0.194358 0.253677
    outer loop
      vertex 25.9632 4.1581 7.35868
      vertex 26.0304 5 7.7527
      vertex 25.8655 4.1581 7.72362
    endloop
  endfacet
  facet normal 0.947551 0.194411 0.253674
    outer loop
      vertex 26.1206 5 7.41596
      vertex 25.9632 5.8419 7.35868
      vertex 25.8655 5.8419 7.72362
    endloop
  endfacet
  facet normal 0.947527 0.194356 0.253807
    outer loop
      vertex 26.0304 5 7.7527
      vertex 26.1206 5 7.41596
      vertex 25.8655 5.8419 7.72362
    endloop
  endfacet
  facet normal 0.804101 0.554076 0.215455
    outer loop
      vertex 25.9632 5.8419 7.35868
      vertex 25.5151 6.55563 7.19557
      vertex 25.3958 6.55563 7.64081
    endloop
  endfacet
  facet normal 0.804101 0.554149 0.21527
    outer loop
      vertex 25.8655 5.8419 7.72362
      vertex 25.9632 5.8419 7.35868
      vertex 25.3958 6.55563 7.64081
    endloop
  endfacet
  facet normal 0.538049 0.830493 0.144169
    outer loop
      vertex 25.5151 6.55563 7.19557
      vertex 24.8444 7.03253 6.95146
      vertex 24.6929 7.03253 7.51687
    endloop
  endfacet
  facet normal 0.538048 0.830494 0.144168
    outer loop
      vertex 25.3958 6.55563 7.64081
      vertex 25.5151 6.55563 7.19557
      vertex 24.6929 7.03253 7.51687
    endloop
  endfacet
  facet normal 0.189146 0.98064 0.050686
    outer loop
      vertex 24.8444 7.03253 6.95146
      vertex 24.0533 7.2 6.66352
      vertex 23.8638 7.2 7.37068
    endloop
  endfacet
  facet normal 0.189144 0.980641 0.0506805
    outer loop
      vertex 24.6929 7.03253 7.51687
      vertex 24.8444 7.03253 6.95146
      vertex 23.8638 7.2 7.37068
    endloop
  endfacet
  facet normal -0.189144 0.98064 -0.0506889
    outer loop
      vertex 24.0533 7.2 6.66352
      vertex 23.2622 7.03253 6.37557
      vertex 23.0347 7.03253 7.22448
    endloop
  endfacet
  facet normal -0.189142 0.980641 -0.050685
    outer loop
      vertex 23.8638 7.2 7.37068
      vertex 24.0533 7.2 6.66352
      vertex 23.0347 7.03253 7.22448
    endloop
  endfacet
  facet normal -0.538042 0.830494 -0.144188
    outer loop
      vertex 23.2622 7.03253 6.37557
      vertex 22.5915 6.55563 6.13146
      vertex 22.3318 6.55563 7.10054
    endloop
  endfacet
  facet normal -0.538044 0.830493 -0.144191
    outer loop
      vertex 23.0347 7.03253 7.22448
      vertex 23.2622 7.03253 6.37557
      vertex 22.3318 6.55563 7.10054
    endloop
  endfacet
  facet normal -0.804067 0.554152 -0.215387
    outer loop
      vertex 22.5915 6.55563 6.13146
      vertex 22.1433 5.8419 5.96835
      vertex 21.8622 5.8419 7.01773
    endloop
  endfacet
  facet normal -0.804102 0.554062 -0.215488
    outer loop
      vertex 22.3318 6.55563 7.10054
      vertex 22.5915 6.55563 6.13146
      vertex 21.8622 5.8419 7.01773
    endloop
  endfacet
  facet normal -0.947502 0.194308 -0.253938
    outer loop
      vertex 22.1433 5.8419 5.96835
      vertex 21.986 5 5.91107
      vertex 21.6972 5 6.98865
    endloop
  endfacet
  facet normal -0.947504 0.194464 -0.25381
    outer loop
      vertex 21.8622 5.8419 7.01773
      vertex 22.1433 5.8419 5.96835
      vertex 21.6972 5 6.98865
    endloop
  endfacet
  facet normal -0.977176 -0.194465 -0.0855041
    outer loop
      vertex 21.8622 4.1581 7.01773
      vertex 21.7675 4.1581 8.1
      vertex 21.6972 5 6.98865
    endloop
  endfacet
  facet normal -0.977189 -0.194416 -0.0854661
    outer loop
      vertex 21.6972 5 6.98865
      vertex 21.7675 4.1581 8.1
      vertex 21.6 5 8.1
    endloop
  endfacet
  facet normal -0.829315 -0.554056 -0.0725213
    outer loop
      vertex 22.3318 3.44436 7.10054
      vertex 22.2444 3.44436 8.1
      vertex 21.8622 4.1581 7.01773
    endloop
  endfacet
  facet normal -0.829281 -0.554101 -0.0725631
    outer loop
      vertex 21.8622 4.1581 7.01773
      vertex 22.2444 3.44436 8.1
      vertex 21.7675 4.1581 8.1
    endloop
  endfacet
  facet normal -0.554908 -0.830494 -0.0485494
    outer loop
      vertex 23.0347 2.96746 7.22448
      vertex 22.9581 2.96746 8.1
      vertex 22.3318 3.44436 7.10054
    endloop
  endfacet
  facet normal -0.554933 -0.830479 -0.0485273
    outer loop
      vertex 22.3318 3.44436 7.10054
      vertex 22.9581 2.96746 8.1
      vertex 22.2444 3.44436 8.1
    endloop
  endfacet
  facet normal -0.195059 -0.980643 -0.0170636
    outer loop
      vertex 23.8638 2.8 7.37068
      vertex 23.8 2.8 8.1
      vertex 23.0347 2.96746 7.22448
    endloop
  endfacet
  facet normal -0.195057 -0.980643 -0.0170657
    outer loop
      vertex 23.0347 2.96746 7.22448
      vertex 23.8 2.8 8.1
      vertex 22.9581 2.96746 8.1
    endloop
  endfacet
  facet normal 0.19506 -0.980643 0.0170598
    outer loop
      vertex 24.6929 2.96746 7.51687
      vertex 24.6419 2.96746 8.1
      vertex 23.8638 2.8 7.37068
    endloop
  endfacet
  facet normal 0.195057 -0.980643 0.0170633
    outer loop
      vertex 23.8638 2.8 7.37068
      vertex 24.6419 2.96746 8.1
      vertex 23.8 2.8 8.1
    endloop
  endfacet
  facet normal 0.554904 -0.830495 0.0485793
    outer loop
      vertex 25.3958 3.44436 7.64081
      vertex 25.3556 3.44436 8.1
      vertex 24.6929 2.96746 7.51687
    endloop
  endfacet
  facet normal 0.554932 -0.830479 0.0485339
    outer loop
      vertex 24.6929 2.96746 7.51687
      vertex 25.3556 3.44436 8.1
      vertex 24.6419 2.96746 8.1
    endloop
  endfacet
  facet normal 0.82924 -0.554144 0.0727055
    outer loop
      vertex 25.8655 4.1581 7.72362
      vertex 25.8325 4.1581 8.1
      vertex 25.3958 3.44436 7.64081
    endloop
  endfacet
  facet normal 0.829279 -0.5541 0.0725996
    outer loop
      vertex 25.3958 3.44436 7.64081
      vertex 25.8325 4.1581 8.1
      vertex 25.3556 3.44436 8.1
    endloop
  endfacet
  facet normal 0.977195 -0.194354 0.0855362
    outer loop
      vertex 26.0304 5 7.7527
      vertex 26 5 8.1
      vertex 25.8655 4.1581 7.72362
    endloop
  endfacet
  facet normal 0.977171 -0.194413 0.0856758
    outer loop
      vertex 25.8655 4.1581 7.72362
      vertex 26 5 8.1
      vertex 25.8325 4.1581 8.1
    endloop
  endfacet
  facet normal 0.977182 0.194357 0.0856767
    outer loop
      vertex 26.0304 5 7.7527
      vertex 25.8655 5.8419 7.72362
      vertex 25.8325 5.8419 8.1
    endloop
  endfacet
  facet normal 0.977183 0.194415 0.0855352
    outer loop
      vertex 26 5 8.1
      vertex 26.0304 5 7.7527
      vertex 25.8325 5.8419 8.1
    endloop
  endfacet
  facet normal 0.829249 0.554145 0.0725969
    outer loop
      vertex 25.8655 5.8419 7.72362
      vertex 25.3958 6.55563 7.64081
      vertex 25.3556 6.55563 8.1
    endloop
  endfacet
  facet normal 0.829268 0.5541 0.0727081
    outer loop
      vertex 25.8325 5.8419 8.1
      vertex 25.8655 5.8419 7.72362
      vertex 25.3556 6.55563 8.1
    endloop
  endfacet
  facet normal 0.554911 0.830493 0.048532
    outer loop
      vertex 25.3958 6.55563 7.64081
      vertex 24.6929 7.03253 7.51687
      vertex 24.6419 7.03253 8.1
    endloop
  endfacet
  facet normal 0.554931 0.830477 0.0485817
    outer loop
      vertex 25.3556 6.55563 8.1
      vertex 25.3958 6.55563 7.64081
      vertex 24.6419 7.03253 8.1
    endloop
  endfacet
  facet normal 0.195071 0.980641 0.0170646
    outer loop
      vertex 24.6929 7.03253 7.51687
      vertex 23.8638 7.2 7.37068
      vertex 23.8 7.2 8.1
    endloop
  endfacet
  facet normal 0.195068 0.980641 0.0170605
    outer loop
      vertex 24.6419 7.03253 8.1
      vertex 24.6929 7.03253 7.51687
      vertex 23.8 7.2 8.1
    endloop
  endfacet
  facet normal -0.19507 0.980641 -0.0170669
    outer loop
      vertex 23.8638 7.2 7.37068
      vertex 23.0347 7.03253 7.22448
      vertex 22.9581 7.03253 8.1
    endloop
  endfacet
  facet normal -0.195068 0.980641 -0.0170643
    outer loop
      vertex 23.8 7.2 8.1
      vertex 23.8638 7.2 7.37068
      vertex 22.9581 7.03253 8.1
    endloop
  endfacet
  facet normal -0.554912 0.830493 -0.0485255
    outer loop
      vertex 23.0347 7.03253 7.22448
      vertex 22.3318 6.55563 7.10054
      vertex 22.2444 6.55563 8.1
    endloop
  endfacet
  facet normal -0.554932 0.830478 -0.0485515
    outer loop
      vertex 22.9581 7.03253 8.1
      vertex 23.0347 7.03253 7.22448
      vertex 22.2444 6.55563 8.1
    endloop
  endfacet
  facet normal -0.829306 0.554063 -0.0725653
    outer loop
      vertex 22.3318 6.55563 7.10054
      vertex 21.8622 5.8419 7.01773
      vertex 21.7675 5.8419 8.1
    endloop
  endfacet
  facet normal -0.82928 0.554108 -0.0725182
    outer loop
      vertex 22.2444 6.55563 8.1
      vertex 22.3318 6.55563 7.10054
      vertex 21.7675 5.8419 8.1
    endloop
  endfacet
  facet normal -0.977179 0.194465 -0.0854653
    outer loop
      vertex 21.8622 5.8419 7.01773
      vertex 21.6972 5 6.98865
      vertex 21.6 5 8.1
    endloop
  endfacet
  facet normal -0.977185 0.194416 -0.085505
    outer loop
      vertex 21.7675 5.8419 8.1
      vertex 21.8622 5.8419 7.01773
      vertex 21.6 5 8.1
    endloop
  endfacet
  facet normal 1 -0 0
    outer loop
      vertex 23.5 12.2 4.8
      vertex 23.5 22 1.6
      vertex 23.5 22 4.8
    endloop
  endfacet
  facet normal 1 0 0
    outer loop
      vertex 23.5 22 1.6
      vertex 23.5 12.2 4.8
      vertex 23.5 12.2 1.6
    endloop
  endfacet
  facet normal 0 0 1
    outer loop
      vertex 15.4 17 4.8
      vertex 23.5 22 4.8
      vertex 15.4 21.5 4.8
    endloop
  endfacet
  facet normal -0 0 1
    outer loop
      vertex 8.9 22 4.8
      vertex 15.4 21.5 4.8
      vertex 23.5 22 4.8
    endloop
  endfacet
  facet normal 0 0 1
    outer loop
      vertex 9.2 21.5 4.8
      vertex 8.9 22 4.8
      vertex 9.2 17 4.8
    endloop
  endfacet
  facet normal 0 0 1
    outer loop
      vertex 15.4 21.5 4.8
      vertex 8.9 22 4.8
      vertex 9.2 21.5 4.8
    endloop
  endfacet
  facet normal 0 0 1
    outer loop
      vertex 23.5 22 4.8
      vertex 15.4 17 4.8
      vertex 23.5 12.2 4.8
    endloop
  endfacet
  facet normal 0 0 1
    outer loop
      vertex 8.9 12.2 4.8
      vertex 15.4 17 4.8
      vertex 9.2 17 4.8
    endloop
  endfacet
  facet normal 0 0 1
    outer loop
      vertex 15.4 17 4.8
      vertex 8.9 12.2 4.8
      vertex 23.5 12.2 4.8
    endloop
  endfacet
  facet normal 0 0 1
    outer loop
      vertex 8.9 12.2 4.8
      vertex 9.2 17 4.8
      vertex 8.9 22 4.8
    endloop
  endfacet
  facet normal -1 0 0
    outer loop
      vertex 8.9 12.2 1.6
      vertex 8.9 22 4.8
      vertex 8.9 22 1.6
    endloop
  endfacet
  facet normal -1 -0 0
    outer loop
      vertex 8.9 22 4.8
      vertex 8.9 12.2 1.6
      vertex 8.9 12.2 4.8
    endloop
  endfacet
  facet normal 0 1 -0
    outer loop
      vertex 23.5 22 1.6
      vertex 8.9 22 4.8
      vertex 23.5 22 4.8
    endloop
  endfacet
  facet normal 0 1 0
    outer loop
      vertex 8.9 22 4.8
      vertex 23.5 22 1.6
      vertex 8.9 22 1.6
    endloop
  endfacet
  facet normal 0 -1 0
    outer loop
      vertex 20.4 12.2 1.6
      vertex 21.1 12.2 1.95
      vertex 20.4 12.2 1.95
    endloop
  endfacet
  facet normal 0 -1 -0
    outer loop
      vertex 21.1 12.2 1.95
      vertex 20.4 12.2 1.6
      vertex 21.1 12.2 1.6
    endloop
  endfacet
  facet normal 0 -1 0
    outer loop
      vertex 19.15 12.2 1.6
      vertex 19.85 12.2 1.95
      vertex 19.15 12.2 1.95
    endloop
  endfacet
  facet normal 0 -1 -0
    outer loop
      vertex 19.85 12.2 1.95
      vertex 19.15 12.2 1.6
      vertex 19.85 12.2 1.6
    endloop
  endfacet
  facet normal 0 -1 0
    outer loop
      vertex 17.9 12.2 1.6
      vertex 18.6 12.2 1.95
      vertex 17.9 12.2 1.95
    endloop
  endfacet
  facet normal 0 -1 -0
    outer loop
      vertex 18.6 12.2 1.95
      vertex 17.9 12.2 1.6
      vertex 18.6 12.2 1.6
    endloop
  endfacet
  facet normal 0 -1 0
    outer loop
      vertex 16.65 12.2 1.6
      vertex 17.35 12.2 1.95
      vertex 16.65 12.2 1.95
    endloop
  endfacet
  facet normal 0 -1 -0
    outer loop
      vertex 17.35 12.2 1.95
      vertex 16.65 12.2 1.6
      vertex 17.35 12.2 1.6
    endloop
  endfacet
  facet normal 0 -1 0
    outer loop
      vertex 8.9 12.2 4.8
      vertex 16.1 12.2 1.95
      vertex 23.5 12.2 4.8
    endloop
  endfacet
  facet normal 0 -1 0
    outer loop
      vertex 8.9 12.2 1.6
      vertex 16.1 12.2 1.95
      vertex 8.9 12.2 4.8
    endloop
  endfacet
  facet normal 0 -1 -0
    outer loop
      vertex 16.1 12.2 1.95
      vertex 8.9 12.2 1.6
      vertex 16.1 12.2 1.6
    endloop
  endfacet
  facet normal 0 -1 0
    outer loop
      vertex 16.65 12.2 1.95
      vertex 23.5 12.2 4.8
      vertex 16.1 12.2 1.95
    endloop
  endfacet
  facet normal 0 -1 0
    outer loop
      vertex 17.35 12.2 1.95
      vertex 23.5 12.2 4.8
      vertex 16.65 12.2 1.95
    endloop
  endfacet
  facet normal 0 -1 0
    outer loop
      vertex 17.9 12.2 1.95
      vertex 23.5 12.2 4.8
      vertex 17.35 12.2 1.95
    endloop
  endfacet
  facet normal 0 -1 0
    outer loop
      vertex 18.6 12.2 1.95
      vertex 23.5 12.2 4.8
      vertex 17.9 12.2 1.95
    endloop
  endfacet
  facet normal 0 -1 0
    outer loop
      vertex 19.15 12.2 1.95
      vertex 23.5 12.2 4.8
      vertex 18.6 12.2 1.95
    endloop
  endfacet
  facet normal 0 -1 0
    outer loop
      vertex 19.85 12.2 1.95
      vertex 23.5 12.2 4.8
      vertex 19.15 12.2 1.95
    endloop
  endfacet
  facet normal 0 -1 0
    outer loop
      vertex 20.4 12.2 1.95
      vertex 23.5 12.2 4.8
      vertex 19.85 12.2 1.95
    endloop
  endfacet
  facet normal 0 -1 0
    outer loop
      vertex 21.1 12.2 1.95
      vertex 23.5 12.2 4.8
      vertex 20.4 12.2 1.95
    endloop
  endfacet
  facet normal 0 -1 0
    outer loop
      vertex 21.65 12.2 1.95
      vertex 23.5 12.2 4.8
      vertex 21.1 12.2 1.95
    endloop
  endfacet
  facet normal 0 -1 0
    outer loop
      vertex 23.5 12.2 1.6
      vertex 21.65 12.2 1.95
      vertex 21.65 12.2 1.6
    endloop
  endfacet
  facet normal 0 -1 0
    outer loop
      vertex 21.65 12.2 1.95
      vertex 23.5 12.2 1.6
      vertex 23.5 12.2 4.8
    endloop
  endfacet
  facet normal 1 -0 0
    outer loop
      vertex 15.4 17 5.7
      vertex 15.4 21.5 4.8
      vertex 15.4 21.5 5.7
    endloop
  endfacet
  facet normal 1 0 0
    outer loop
      vertex 15.4 21.5 4.8
      vertex 15.4 17 5.7
      vertex 15.4 17 4.8
    endloop
  endfacet
  facet normal -0 0 1
    outer loop
      vertex 9.2 21.5 5.7
      vertex 15.4 17 5.7
      vertex 15.4 21.5 5.7
    endloop
  endfacet
  facet normal 0 0 1
    outer loop
      vertex 15.4 17 5.7
      vertex 9.2 21.5 5.7
      vertex 9.2 17 5.7
    endloop
  endfacet
  facet normal -1 0 0
    outer loop
      vertex 9.2 17 4.8
      vertex 9.2 21.5 5.7
      vertex 9.2 21.5 4.8
    endloop
  endfacet
  facet normal -1 -0 0
    outer loop
      vertex 9.2 21.5 5.7
      vertex 9.2 17 4.8
      vertex 9.2 17 5.7
    endloop
  endfacet
  facet normal 0 1 -0
    outer loop
      vertex 15.4 21.5 4.8
      vertex 9.2 21.5 5.7
      vertex 15.4 21.5 5.7
    endloop
  endfacet
  facet normal 0 1 0
    outer loop
      vertex 9.2 21.5 5.7
      vertex 15.4 21.5 4.8
      vertex 9.2 21.5 4.8
    endloop
  endfacet
  facet normal 0 -1 0
    outer loop
      vertex 9.2 17 4.8
      vertex 15.4 17 5.7
      vertex 9.2 17 5.7
    endloop
  endfacet
  facet normal 0 -1 -0
    outer loop
      vertex 15.4 17 5.7
      vertex 9.2 17 4.8
      vertex 15.4 17 4.8
    endloop
  endfacet
  facet normal 1 -0 0
    outer loop
      vertex 21.25 1 4.25
      vertex 21.25 9.15 1.6
      vertex 21.25 9.15 4.25
    endloop
  endfacet
  facet normal 1 0 0
    outer loop
      vertex 21.25 9.15 1.6
      vertex 21.25 1 4.25
      vertex 21.25 1 1.6
    endloop
  endfacet
  facet normal -0 0 1
    outer loop
      vertex 15 9.15 4.25
      vertex 21.25 1 4.25
      vertex 21.25 9.15 4.25
    endloop
  endfacet
  facet normal 0 0 1
    outer loop
      vertex 21.25 1 4.25
      vertex 15 9.15 4.25
      vertex 15 1 4.25
    endloop
  endfacet
  facet normal -1 0 0
    outer loop
      vertex 15 8.9 3.65
      vertex 15 9.15 1.6
      vertex 15 8.9 2.15
    endloop
  endfacet
  facet normal -1 0 0
    outer loop
      vertex 15 1 1.6
      vertex 15 8.9 2.15
      vertex 15 9.15 1.6
    endloop
  endfacet
  facet normal -1 -0 0
    outer loop
      vertex 15 1.2 2.15
      vertex 15 1 1.6
      vertex 15 1.2 3.65
    endloop
  endfacet
  facet normal -1 -0 0
    outer loop
      vertex 15 8.9 2.15
      vertex 15 1 1.6
      vertex 15 1.2 2.15
    endloop
  endfacet
  facet normal -1 0 0
    outer loop
      vertex 15 9.15 1.6
      vertex 15 8.9 3.65
      vertex 15 9.15 4.25
    endloop
  endfacet
  facet normal -1 0 0
    outer loop
      vertex 15 1 4.25
      vertex 15 8.9 3.65
      vertex 15 1.2 3.65
    endloop
  endfacet
  facet normal -1 0 0
    outer loop
      vertex 15 8.9 3.65
      vertex 15 1 4.25
      vertex 15 9.15 4.25
    endloop
  endfacet
  facet normal -1 0 0
    outer loop
      vertex 15 1 4.25
      vertex 15 1.2 3.65
      vertex 15 1 1.6
    endloop
  endfacet
  facet normal 0 1 -0
    outer loop
      vertex 21.25 9.15 1.6
      vertex 15 9.15 4.25
      vertex 21.25 9.15 4.25
    endloop
  endfacet
  facet normal 0 1 0
    outer loop
      vertex 15 9.15 4.25
      vertex 21.25 9.15 1.6
      vertex 15 9.15 1.6
    endloop
  endfacet
  facet normal 0 -1 0
    outer loop
      vertex 15 1 1.6
      vertex 21.25 1 4.25
      vertex 15 1 4.25
    endloop
  endfacet
  facet normal 0 -1 -0
    outer loop
      vertex 21.25 1 4.25
      vertex 15 1 1.6
      vertex 21.25 1 1.6
    endloop
  endfacet
  facet normal -0 0 1
    outer loop
      vertex 14.7 8.9 3.65
      vertex 15 1.2 3.65
      vertex 15 8.9 3.65
    endloop
  endfacet
  facet normal 0 0 1
    outer loop
      vertex 15 1.2 3.65
      vertex 14.7 8.9 3.65
      vertex 14.7 1.2 3.65
    endloop
  endfacet
  facet normal 0 0 -1
    outer loop
      vertex 14.7 1.2 2.15
      vertex 15 8.9 2.15
      vertex 15 1.2 2.15
    endloop
  endfacet
  facet normal -0 0 -1
    outer loop
      vertex 15 8.9 2.15
      vertex 14.7 1.2 2.15
      vertex 14.7 8.9 2.15
    endloop
  endfacet
  facet normal -1 0 0
    outer loop
      vertex 14.7 1.2 2.15
      vertex 14.7 8.9 3.65
      vertex 14.7 8.9 2.15
    endloop
  endfacet
  facet normal -1 -0 0
    outer loop
      vertex 14.7 8.9 3.65
      vertex 14.7 1.2 2.15
      vertex 14.7 1.2 3.65
    endloop
  endfacet
  facet normal 0 1 -0
    outer loop
      vertex 15 8.9 2.15
      vertex 14.7 8.9 3.65
      vertex 15 8.9 3.65
    endloop
  endfacet
  facet normal 0 1 0
    outer loop
      vertex 14.7 8.9 3.65
      vertex 15 8.9 2.15
      vertex 14.7 8.9 2.15
    endloop
  endfacet
  facet normal 0 -1 0
    outer loop
      vertex 14.7 1.2 2.15
      vertex 15 1.2 3.65
      vertex 14.7 1.2 3.65
    endloop
  endfacet
  facet normal 0 -1 -0
    outer loop
      vertex 15 1.2 3.65
      vertex 14.7 1.2 2.15
      vertex 15 1.2 2.15
    endloop
  endfacet
  facet normal 1 -0 0
    outer loop
      vertex 40.1 3.5 3.6
      vertex 40.1 8.5 1.6
      vertex 40.1 8.5 3.6
    endloop
  endfacet
  facet normal 1 0 0
    outer loop
      vertex 40.1 8.5 1.6
      vertex 40.1 3.5 3.6
      vertex 40.1 3.5 1.6
    endloop
  endfacet
  facet normal -0 0 1
    outer loop
      vertex 33.9 8.5 3.6
      vertex 40.1 3.5 3.6
      vertex 40.1 8.5 3.6
    endloop
  endfacet
  facet normal 0 0 1
    outer loop
      vertex 40.1 3.5 3.6
      vertex 33.9 8.5 3.6
      vertex 33.9 3.5 3.6
    endloop
  endfacet
  facet normal -1 0 0
    outer loop
      vertex 33.9 3.5 1.6
      vertex 33.9 8.5 3.6
      vertex 33.9 8.5 1.6
    endloop
  endfacet
  facet normal -1 -0 0
    outer loop
      vertex 33.9 8.5 3.6
      vertex 33.9 3.5 1.6
      vertex 33.9 3.5 3.6
    endloop
  endfacet
  facet normal 0 1 -0
    outer loop
      vertex 40.1 8.5 1.6
      vertex 33.9 8.5 3.6
      vertex 40.1 8.5 3.6
    endloop
  endfacet
  facet normal 0 1 0
    outer loop
      vertex 33.9 8.5 3.6
      vertex 40.1 8.5 1.6
      vertex 33.9 8.5 1.6
    endloop
  endfacet
  facet normal 0 -1 0
    outer loop
      vertex 33.9 3.5 1.6
      vertex 40.1 3.5 3.6
      vertex 33.9 3.5 3.6
    endloop
  endfacet
  facet normal 0 -1 -0
    outer loop
      vertex 40.1 3.5 3.6
      vertex 33.9 3.5 1.6
      vertex 40.1 3.5 1.6
    endloop
  endfacet
  facet normal 1 -0 0
    outer loop
      vertex 33.9 10.65 3.1
      vertex 33.9 15 1.6
      vertex 33.9 15 3.1
    endloop
  endfacet
  facet normal 1 0 0
    outer loop
      vertex 33.9 15 1.6
      vertex 33.9 10.65 3.1
      vertex 33.9 10.65 1.6
    endloop
  endfacet
  facet normal -0 0 1
    outer loop
      vertex 29.9 15 3.1
      vertex 33.9 10.65 3.1
      vertex 33.9 15 3.1
    endloop
  endfacet
  facet normal 0 0 1
    outer loop
      vertex 33.9 10.65 3.1
      vertex 29.9 15 3.1
      vertex 29.9 10.65 3.1
    endloop
  endfacet
  facet normal -1 0 0
    outer loop
      vertex 29.9 10.65 1.6
      vertex 29.9 15 3.1
      vertex 29.9 15 1.6
    endloop
  endfacet
  facet normal -1 -0 0
    outer loop
      vertex 29.9 15 3.1
      vertex 29.9 10.65 1.6
      vertex 29.9 10.65 3.1
    endloop
  endfacet
  facet normal 0 1 -0
    outer loop
      vertex 33.9 15 1.6
      vertex 29.9 15 3.1
      vertex 33.9 15 3.1
    endloop
  endfacet
  facet normal 0 1 0
    outer loop
      vertex 29.9 15 3.1
      vertex 33.9 15 1.6
      vertex 29.9 15 1.6
    endloop
  endfacet
  facet normal 0 -1 0
    outer loop
      vertex 29.9 10.65 1.6
      vertex 33.9 10.65 3.1
      vertex 29.9 10.65 3.1
    endloop
  endfacet
  facet normal 0 -1 -0
    outer loop
      vertex 33.9 10.65 3.1
      vertex 29.9 10.65 1.6
      vertex 33.9 10.65 1.6
    endloop
  endfacet
  facet normal 1 -0 0
    outer loop
      vertex 39.7 11.25 3.05
      vertex 39.7 14.35 1.6
      vertex 39.7 14.35 3.05
    endloop
  endfacet
  facet normal 1 0 0
    outer loop
      vertex 39.7 14.35 1.6
      vertex 39.7 11.25 3.05
      vertex 39.7 11.25 1.6
    endloop
  endfacet
  facet normal -0 0 1
    outer loop
      vertex 36.7 14.35 3.05
      vertex 39.7 11.25 3.05
      vertex 39.7 14.35 3.05
    endloop
  endfacet
  facet normal 0 0 1
    outer loop
      vertex 39.7 11.25 3.05
      vertex 36.7 14.35 3.05
      vertex 36.7 11.25 3.05
    endloop
  endfacet
  facet normal -1 0 0
    outer loop
      vertex 36.7 11.25 1.6
      vertex 36.7 14.35 3.05
      vertex 36.7 14.35 1.6
    endloop
  endfacet
  facet normal -1 -0 0
    outer loop
      vertex 36.7 14.35 3.05
      vertex 36.7 11.25 1.6
      vertex 36.7 11.25 3.05
    endloop
  endfacet
  facet normal 0 1 -0
    outer loop
      vertex 39.7 14.35 1.6
      vertex 36.7 14.35 3.05
      vertex 39.7 14.35 3.05
    endloop
  endfacet
  facet normal 0 1 0
    outer loop
      vertex 36.7 14.35 3.05
      vertex 39.7 14.35 1.6
      vertex 36.7 14.35 1.6
    endloop
  endfacet
  facet normal 0 -1 0
    outer loop
      vertex 36.7 11.25 1.6
      vertex 39.7 11.25 3.05
      vertex 36.7 11.25 3.05
    endloop
  endfacet
  facet normal 0 -1 -0
    outer loop
      vertex 39.7 11.25 3.05
      vertex 36.7 11.25 1.6
      vertex 39.7 11.25 1.6
    endloop
  endfacet
  facet normal 1 -0 0
    outer loop
      vertex 21.2 23.275 1.95
      vertex 21.2 24.525 1.6
      vertex 21.2 24.525 1.95
    endloop
  endfacet
  facet normal 1 0 0
    outer loop
      vertex 21.2 24.525 1.6
      vertex 21.2 23.275 1.95
      vertex 21.2 23.275 1.6
    endloop
  endfacet
  facet normal -0 0 1
    outer loop
      vertex 19.2 24.525 1.95
      vertex 21.2 23.275 1.95
      vertex 21.2 24.525 1.95
    endloop
  endfacet
  facet normal 0 0 1
    outer loop
      vertex 21.2 23.275 1.95
      vertex 19.2 24.525 1.95
      vertex 19.2 23.275 1.95
    endloop
  endfacet
  facet normal -1 0 0
    outer loop
      vertex 19.2 23.275 1.6
      vertex 19.2 24.525 1.95
      vertex 19.2 24.525 1.6
    endloop
  endfacet
  facet normal -1 -0 0
    outer loop
      vertex 19.2 24.525 1.95
      vertex 19.2 23.275 1.6
      vertex 19.2 23.275 1.95
    endloop
  endfacet
  facet normal 0 1 -0
    outer loop
      vertex 21.2 24.525 1.6
      vertex 19.2 24.525 1.95
      vertex 21.2 24.525 1.95
    endloop
  endfacet
  facet normal 0 1 0
    outer loop
      vertex 19.2 24.525 1.95
      vertex 21.2 24.525 1.6
      vertex 19.2 24.525 1.6
    endloop
  endfacet
  facet normal 0 -1 0
    outer loop
      vertex 19.2 23.275 1.6
      vertex 21.2 23.275 1.95
      vertex 19.2 23.275 1.95
    endloop
  endfacet
  facet normal 0 -1 -0
    outer loop
      vertex 21.2 23.275 1.95
      vertex 19.2 23.275 1.6
      vertex 21.2 23.275 1.6
    endloop
  endfacet
  facet normal 1 -0 0
    outer loop
      vertex 40.8 0.974999 1.95
      vertex 40.8 2.225 1.6
      vertex 40.8 2.225 1.95
    endloop
  endfacet
  facet normal 1 0 0
    outer loop
      vertex 40.8 2.225 1.6
      vertex 40.8 0.974999 1.95
      vertex 40.8 0.974999 1.6
    endloop
  endfacet
  facet normal -0 0 1
    outer loop
      vertex 38.8 2.225 1.95
      vertex 40.8 0.974999 1.95
      vertex 40.8 2.225 1.95
    endloop
  endfacet
  facet normal 0 0 1
    outer loop
      vertex 40.8 0.974999 1.95
      vertex 38.8 2.225 1.95
      vertex 38.8 0.974999 1.95
    endloop
  endfacet
  facet normal -1 0 0
    outer loop
      vertex 38.8 0.974999 1.6
      vertex 38.8 2.225 1.95
      vertex 38.8 2.225 1.6
    endloop
  endfacet
  facet normal -1 -0 0
    outer loop
      vertex 38.8 2.225 1.95
      vertex 38.8 0.974999 1.6
      vertex 38.8 0.974999 1.95
    endloop
  endfacet
  facet normal 0 1 -0
    outer loop
      vertex 40.8 2.225 1.6
      vertex 38.8 2.225 1.95
      vertex 40.8 2.225 1.95
    endloop
  endfacet
  facet normal 0 1 0
    outer loop
      vertex 38.8 2.225 1.95
      vertex 40.8 2.225 1.6
      vertex 38.8 2.225 1.6
    endloop
  endfacet
  facet normal 0 -1 0
    outer loop
      vertex 38.8 0.974999 1.6
      vertex 40.8 0.974999 1.95
      vertex 38.8 0.974999 1.95
    endloop
  endfacet
  facet normal 0 -1 -0
    outer loop
      vertex 40.8 0.974999 1.95
      vertex 38.8 0.974999 1.6
      vertex 40.8 0.974999 1.6
    endloop
  endfacet
  facet normal 1 -0 0
    outer loop
      vertex 45.8 0.974999 1.95
      vertex 45.8 2.225 1.6
      vertex 45.8 2.225 1.95
    endloop
  endfacet
  facet normal 1 0 0
    outer loop
      vertex 45.8 2.225 1.6
      vertex 45.8 0.974999 1.95
      vertex 45.8 0.974999 1.6
    endloop
  endfacet
  facet normal -0 0 1
    outer loop
      vertex 43.8 2.225 1.95
      vertex 45.8 0.974999 1.95
      vertex 45.8 2.225 1.95
    endloop
  endfacet
  facet normal 0 0 1
    outer loop
      vertex 45.8 0.974999 1.95
      vertex 43.8 2.225 1.95
      vertex 43.8 0.974999 1.95
    endloop
  endfacet
  facet normal -1 0 0
    outer loop
      vertex 43.8 0.974999 1.6
      vertex 43.8 2.225 1.95
      vertex 43.8 2.225 1.6
    endloop
  endfacet
  facet normal -1 -0 0
    outer loop
      vertex 43.8 2.225 1.95
      vertex 43.8 0.974999 1.6
      vertex 43.8 0.974999 1.95
    endloop
  endfacet
  facet normal 0 1 -0
    outer loop
      vertex 45.8 2.225 1.6
      vertex 43.8 2.225 1.95
      vertex 45.8 2.225 1.95
    endloop
  endfacet
  facet normal 0 1 0
    outer loop
      vertex 43.8 2.225 1.95
      vertex 45.8 2.225 1.6
      vertex 43.8 2.225 1.6
    endloop
  endfacet
  facet normal 0 -1 0
    outer loop
      vertex 43.8 0.974999 1.6
      vertex 45.8 0.974999 1.95
      vertex 43.8 0.974999 1.95
    endloop
  endfacet
  facet normal 0 -1 -0
    outer loop
      vertex 45.8 0.974999 1.95
      vertex 43.8 0.974999 1.6
      vertex 45.8 0.974999 1.6
    endloop
  endfacet
endsolid OpenSCAD_Model
