solid OpenSCAD_Model
  facet normal -0.290288 0.956939 0
    outer loop
      vertex 2.49749 0.798956 0
      vertex 2.25362 0.724978 1.78
      vertex 2.49749 0.798956 1.78
    endloop
  endfacet
  facet normal -0.290288 0.956939 0
    outer loop
      vertex 2.25362 0.724978 1.78
      vertex 2.49749 0.798956 0
      vertex 2.25362 0.724978 0
    endloop
  endfacet
  facet normal -0.956937 -0.290295 0
    outer loop
      vertex 3.27502 2.25362 0
      vertex 3.20104 2.49749 1.78
      vertex 3.20104 2.49749 0
    endloop
  endfacet
  facet normal -0.956937 -0.290295 0
    outer loop
      vertex 3.20104 2.49749 1.78
      vertex 3.27502 2.25362 0
      vertex 3.27502 2.25362 1.78
    endloop
  endfacet
  facet normal -0.995184 -0.0980195 0
    outer loop
      vertex 3.3 2 0
      vertex 3.27502 2.25362 1.78
      vertex 3.27502 2.25362 0
    endloop
  endfacet
  facet normal -0.995184 -0.0980195 0
    outer loop
      vertex 3.27502 2.25362 1.78
      vertex 3.3 2 0
      vertex 3.3 2 1.78
    endloop
  endfacet
  facet normal -0.881924 -0.471393 0
    outer loop
      vertex 3.20104 2.49749 0
      vertex 3.08091 2.72224 1.78
      vertex 3.08091 2.72224 0
    endloop
  endfacet
  facet normal -0.881924 -0.471393 0
    outer loop
      vertex 3.08091 2.72224 1.78
      vertex 3.20104 2.49749 0
      vertex 3.20104 2.49749 1.78
    endloop
  endfacet
  facet normal -0.995184 0.0980195 0
    outer loop
      vertex 3.27502 1.74638 0
      vertex 3.3 2 1.78
      vertex 3.3 2 0
    endloop
  endfacet
  facet normal -0.995184 0.0980195 0
    outer loop
      vertex 3.3 2 1.78
      vertex 3.27502 1.74638 0
      vertex 3.27502 1.74638 1.78
    endloop
  endfacet
  facet normal 0.471402 0.881919 -0
    outer loop
      vertex 1.50251 0.798956 0
      vertex 1.27776 0.919089 1.78
      vertex 1.50251 0.798956 1.78
    endloop
  endfacet
  facet normal 0.471402 0.881919 0
    outer loop
      vertex 1.27776 0.919089 1.78
      vertex 1.50251 0.798956 0
      vertex 1.27776 0.919089 0
    endloop
  endfacet
  facet normal -0.634385 -0.773018 0
    outer loop
      vertex 2.72224 3.08091 0
      vertex 2.91924 2.91924 1.78
      vertex 2.72224 3.08091 1.78
    endloop
  endfacet
  facet normal -0.634385 -0.773018 -0
    outer loop
      vertex 2.91924 2.91924 1.78
      vertex 2.72224 3.08091 0
      vertex 2.91924 2.91924 0
    endloop
  endfacet
  facet normal 0.0980195 -0.995184 0
    outer loop
      vertex 1.74638 3.27502 0
      vertex 2 3.3 1.78
      vertex 1.74638 3.27502 1.78
    endloop
  endfacet
  facet normal 0.0980195 -0.995184 0
    outer loop
      vertex 2 3.3 1.78
      vertex 1.74638 3.27502 0
      vertex 2 3.3 0
    endloop
  endfacet
  facet normal 0.881919 0.471402 0
    outer loop
      vertex 0.919089 1.27776 1.78
      vertex 0.798956 1.50251 0
      vertex 0.798956 1.50251 1.78
    endloop
  endfacet
  facet normal 0.881919 0.471402 0
    outer loop
      vertex 0.798956 1.50251 0
      vertex 0.919089 1.27776 1.78
      vertex 0.919089 1.27776 0
    endloop
  endfacet
  facet normal -0.0980117 0.995185 0
    outer loop
      vertex 2.25362 0.724978 0
      vertex 2 0.7 1.78
      vertex 2.25362 0.724978 1.78
    endloop
  endfacet
  facet normal -0.0980117 0.995185 0
    outer loop
      vertex 2 0.7 1.78
      vertex 2.25362 0.724978 0
      vertex 2 0.7 0
    endloop
  endfacet
  facet normal -0.956937 0.290295 0
    outer loop
      vertex 3.20104 1.50251 0
      vertex 3.27502 1.74638 1.78
      vertex 3.27502 1.74638 0
    endloop
  endfacet
  facet normal -0.956937 0.290295 0
    outer loop
      vertex 3.27502 1.74638 1.78
      vertex 3.20104 1.50251 0
      vertex 3.20104 1.50251 1.78
    endloop
  endfacet
  facet normal -0.773018 0.634385 0
    outer loop
      vertex 2.91924 1.08076 0
      vertex 3.08091 1.27776 1.78
      vertex 3.08091 1.27776 0
    endloop
  endfacet
  facet normal -0.773018 0.634385 0
    outer loop
      vertex 3.08091 1.27776 1.78
      vertex 2.91924 1.08076 0
      vertex 2.91924 1.08076 1.78
    endloop
  endfacet
  facet normal 0.0980117 0.995185 -0
    outer loop
      vertex 2 0.7 0
      vertex 1.74638 0.724978 1.78
      vertex 2 0.7 1.78
    endloop
  endfacet
  facet normal 0.0980117 0.995185 0
    outer loop
      vertex 1.74638 0.724978 1.78
      vertex 2 0.7 0
      vertex 1.74638 0.724978 0
    endloop
  endfacet
  facet normal -0.881924 0.471393 0
    outer loop
      vertex 3.08091 1.27776 0
      vertex 3.20104 1.50251 1.78
      vertex 3.20104 1.50251 0
    endloop
  endfacet
  facet normal -0.881924 0.471393 0
    outer loop
      vertex 3.20104 1.50251 1.78
      vertex 3.08091 1.27776 0
      vertex 3.08091 1.27776 1.78
    endloop
  endfacet
  facet normal -0.471402 0.881919 0
    outer loop
      vertex 2.72224 0.919089 0
      vertex 2.49749 0.798956 1.78
      vertex 2.72224 0.919089 1.78
    endloop
  endfacet
  facet normal -0.471402 0.881919 0
    outer loop
      vertex 2.49749 0.798956 1.78
      vertex 2.72224 0.919089 0
      vertex 2.49749 0.798956 0
    endloop
  endfacet
  facet normal 0.956939 0.290288 0
    outer loop
      vertex 0.798956 1.50251 1.78
      vertex 0.724978 1.74638 0
      vertex 0.724978 1.74638 1.78
    endloop
  endfacet
  facet normal 0.956939 0.290288 0
    outer loop
      vertex 0.724978 1.74638 0
      vertex 0.798956 1.50251 1.78
      vertex 0.798956 1.50251 0
    endloop
  endfacet
  facet normal 0.773016 -0.634387 0
    outer loop
      vertex 0.919089 2.72224 1.78
      vertex 1.08076 2.91924 0
      vertex 1.08076 2.91924 1.78
    endloop
  endfacet
  facet normal 0.773016 -0.634387 0
    outer loop
      vertex 1.08076 2.91924 0
      vertex 0.919089 2.72224 1.78
      vertex 0.919089 2.72224 0
    endloop
  endfacet
  facet normal -0.773018 -0.634385 0
    outer loop
      vertex 3.08091 2.72224 0
      vertex 2.91924 2.91924 1.78
      vertex 2.91924 2.91924 0
    endloop
  endfacet
  facet normal -0.773018 -0.634385 0
    outer loop
      vertex 2.91924 2.91924 1.78
      vertex 3.08091 2.72224 0
      vertex 3.08091 2.72224 1.78
    endloop
  endfacet
  facet normal 0.471393 -0.881924 0
    outer loop
      vertex 1.27776 3.08091 0
      vertex 1.50251 3.20104 1.78
      vertex 1.27776 3.08091 1.78
    endloop
  endfacet
  facet normal 0.471393 -0.881924 0
    outer loop
      vertex 1.50251 3.20104 1.78
      vertex 1.27776 3.08091 0
      vertex 1.50251 3.20104 0
    endloop
  endfacet
  facet normal 0.290295 -0.956937 0
    outer loop
      vertex 1.50251 3.20104 0
      vertex 1.74638 3.27502 1.78
      vertex 1.50251 3.20104 1.78
    endloop
  endfacet
  facet normal 0.290295 -0.956937 0
    outer loop
      vertex 1.74638 3.27502 1.78
      vertex 1.50251 3.20104 0
      vertex 1.74638 3.27502 0
    endloop
  endfacet
  facet normal 0.290288 0.956939 -0
    outer loop
      vertex 1.74638 0.724978 0
      vertex 1.50251 0.798956 1.78
      vertex 1.74638 0.724978 1.78
    endloop
  endfacet
  facet normal 0.290288 0.956939 0
    outer loop
      vertex 1.50251 0.798956 1.78
      vertex 1.74638 0.724978 0
      vertex 1.50251 0.798956 0
    endloop
  endfacet
  facet normal 0.634385 -0.773018 0
    outer loop
      vertex 1.08076 2.91924 0
      vertex 1.27776 3.08091 1.78
      vertex 1.08076 2.91924 1.78
    endloop
  endfacet
  facet normal 0.634385 -0.773018 0
    outer loop
      vertex 1.27776 3.08091 1.78
      vertex 1.08076 2.91924 0
      vertex 1.27776 3.08091 0
    endloop
  endfacet
  facet normal -0.290295 -0.956937 0
    outer loop
      vertex 2.25362 3.27502 0
      vertex 2.49749 3.20104 1.78
      vertex 2.25362 3.27502 1.78
    endloop
  endfacet
  facet normal -0.290295 -0.956937 -0
    outer loop
      vertex 2.49749 3.20104 1.78
      vertex 2.25362 3.27502 0
      vertex 2.49749 3.20104 0
    endloop
  endfacet
  facet normal -0.634387 0.773016 0
    outer loop
      vertex 2.91924 1.08076 0
      vertex 2.72224 0.919089 1.78
      vertex 2.91924 1.08076 1.78
    endloop
  endfacet
  facet normal -0.634387 0.773016 0
    outer loop
      vertex 2.72224 0.919089 1.78
      vertex 2.91924 1.08076 0
      vertex 2.72224 0.919089 0
    endloop
  endfacet
  facet normal 0.995185 -0.0980117 0
    outer loop
      vertex 0.7 2 1.78
      vertex 0.724978 2.25362 0
      vertex 0.724978 2.25362 1.78
    endloop
  endfacet
  facet normal 0.995185 -0.0980117 0
    outer loop
      vertex 0.724978 2.25362 0
      vertex 0.7 2 1.78
      vertex 0.7 2 0
    endloop
  endfacet
  facet normal -0.0980195 -0.995184 0
    outer loop
      vertex 2 3.3 0
      vertex 2.25362 3.27502 1.78
      vertex 2 3.3 1.78
    endloop
  endfacet
  facet normal -0.0980195 -0.995184 -0
    outer loop
      vertex 2.25362 3.27502 1.78
      vertex 2 3.3 0
      vertex 2.25362 3.27502 0
    endloop
  endfacet
  facet normal -0.471393 -0.881924 0
    outer loop
      vertex 2.49749 3.20104 0
      vertex 2.72224 3.08091 1.78
      vertex 2.49749 3.20104 1.78
    endloop
  endfacet
  facet normal -0.471393 -0.881924 -0
    outer loop
      vertex 2.72224 3.08091 1.78
      vertex 2.49749 3.20104 0
      vertex 2.72224 3.08091 0
    endloop
  endfacet
  facet normal 0.773016 0.634387 0
    outer loop
      vertex 1.08076 1.08076 1.78
      vertex 0.919089 1.27776 0
      vertex 0.919089 1.27776 1.78
    endloop
  endfacet
  facet normal 0.773016 0.634387 0
    outer loop
      vertex 0.919089 1.27776 0
      vertex 1.08076 1.08076 1.78
      vertex 1.08076 1.08076 0
    endloop
  endfacet
  facet normal 0.634387 0.773016 -0
    outer loop
      vertex 1.27776 0.919089 0
      vertex 1.08076 1.08076 1.78
      vertex 1.27776 0.919089 1.78
    endloop
  endfacet
  facet normal 0.634387 0.773016 0
    outer loop
      vertex 1.08076 1.08076 1.78
      vertex 1.27776 0.919089 0
      vertex 1.08076 1.08076 0
    endloop
  endfacet
  facet normal 0.956939 -0.290288 0
    outer loop
      vertex 0.724978 2.25362 1.78
      vertex 0.798956 2.49749 0
      vertex 0.798956 2.49749 1.78
    endloop
  endfacet
  facet normal 0.956939 -0.290288 0
    outer loop
      vertex 0.798956 2.49749 0
      vertex 0.724978 2.25362 1.78
      vertex 0.724978 2.25362 0
    endloop
  endfacet
  facet normal 0.881919 -0.471402 0
    outer loop
      vertex 0.798956 2.49749 1.78
      vertex 0.919089 2.72224 0
      vertex 0.919089 2.72224 1.78
    endloop
  endfacet
  facet normal 0.881919 -0.471402 0
    outer loop
      vertex 0.919089 2.72224 0
      vertex 0.798956 2.49749 1.78
      vertex 0.798956 2.49749 0
    endloop
  endfacet
  facet normal 0.995185 0.0980117 0
    outer loop
      vertex 0.724978 1.74638 1.78
      vertex 0.7 2 0
      vertex 0.7 2 1.78
    endloop
  endfacet
  facet normal 0.995185 0.0980117 0
    outer loop
      vertex 0.7 2 0
      vertex 0.724978 1.74638 1.78
      vertex 0.724978 1.74638 0
    endloop
  endfacet
  facet normal -0.290367 0.956915 0
    outer loop
      vertex 2.49749 21.799 0
      vertex 2.25362 21.725 1.78
      vertex 2.49749 21.799 1.78
    endloop
  endfacet
  facet normal -0.290367 0.956915 0
    outer loop
      vertex 2.25362 21.725 1.78
      vertex 2.49749 21.799 0
      vertex 2.25362 21.725 0
    endloop
  endfacet
  facet normal -0.956947 -0.290262 0
    outer loop
      vertex 3.27502 23.2536 0
      vertex 3.20104 23.4975 1.78
      vertex 3.20104 23.4975 0
    endloop
  endfacet
  facet normal -0.956947 -0.290262 0
    outer loop
      vertex 3.20104 23.4975 1.78
      vertex 3.27502 23.2536 0
      vertex 3.27502 23.2536 1.78
    endloop
  endfacet
  facet normal -0.995184 -0.0980272 0
    outer loop
      vertex 3.3 23 0
      vertex 3.27502 23.2536 1.78
      vertex 3.27502 23.2536 0
    endloop
  endfacet
  facet normal -0.995184 -0.0980272 0
    outer loop
      vertex 3.27502 23.2536 1.78
      vertex 3.3 23 0
      vertex 3.3 23 1.78
    endloop
  endfacet
  facet normal -0.88188 -0.471474 0
    outer loop
      vertex 3.20104 23.4975 0
      vertex 3.08091 23.7222 1.78
      vertex 3.08091 23.7222 0
    endloop
  endfacet
  facet normal -0.88188 -0.471474 0
    outer loop
      vertex 3.08091 23.7222 1.78
      vertex 3.20104 23.4975 0
      vertex 3.20104 23.4975 1.78
    endloop
  endfacet
  facet normal -0.995184 0.0980272 0
    outer loop
      vertex 3.27502 22.7464 0
      vertex 3.3 23 1.78
      vertex 3.3 23 0
    endloop
  endfacet
  facet normal -0.995184 0.0980272 0
    outer loop
      vertex 3.3 23 1.78
      vertex 3.27502 22.7464 0
      vertex 3.27502 22.7464 1.78
    endloop
  endfacet
  facet normal 0.471301 0.881972 -0
    outer loop
      vertex 1.50251 21.799 0
      vertex 1.27776 21.9191 1.78
      vertex 1.50251 21.799 1.78
    endloop
  endfacet
  facet normal 0.471301 0.881972 0
    outer loop
      vertex 1.27776 21.9191 1.78
      vertex 1.50251 21.799 0
      vertex 1.27776 21.9191 0
    endloop
  endfacet
  facet normal -0.634455 -0.77296 0
    outer loop
      vertex 2.72224 24.0809 0
      vertex 2.91924 23.9192 1.78
      vertex 2.72224 24.0809 1.78
    endloop
  endfacet
  facet normal -0.634455 -0.77296 -0
    outer loop
      vertex 2.91924 23.9192 1.78
      vertex 2.72224 24.0809 0
      vertex 2.91924 23.9192 0
    endloop
  endfacet
  facet normal 0.0980972 -0.995177 0
    outer loop
      vertex 1.74638 24.275 0
      vertex 2 24.3 1.78
      vertex 1.74638 24.275 1.78
    endloop
  endfacet
  facet normal 0.0980972 -0.995177 0
    outer loop
      vertex 2 24.3 1.78
      vertex 1.74638 24.275 0
      vertex 2 24.3 0
    endloop
  endfacet
  facet normal 0.881875 0.471483 0
    outer loop
      vertex 0.919089 22.2778 1.78
      vertex 0.798956 22.5025 0
      vertex 0.798956 22.5025 1.78
    endloop
  endfacet
  facet normal 0.881875 0.471483 0
    outer loop
      vertex 0.798956 22.5025 0
      vertex 0.919089 22.2778 1.78
      vertex 0.919089 22.2778 0
    endloop
  endfacet
  facet normal -0.0980972 0.995177 0
    outer loop
      vertex 2.25362 21.725 0
      vertex 2 21.7 1.78
      vertex 2.25362 21.725 1.78
    endloop
  endfacet
  facet normal -0.0980972 0.995177 0
    outer loop
      vertex 2 21.7 1.78
      vertex 2.25362 21.725 0
      vertex 2 21.7 0
    endloop
  endfacet
  facet normal -0.956947 0.290262 0
    outer loop
      vertex 3.20104 22.5025 0
      vertex 3.27502 22.7464 1.78
      vertex 3.27502 22.7464 0
    endloop
  endfacet
  facet normal -0.956947 0.290262 0
    outer loop
      vertex 3.27502 22.7464 1.78
      vertex 3.20104 22.5025 0
      vertex 3.20104 22.5025 1.78
    endloop
  endfacet
  facet normal -0.773018 0.634385 0
    outer loop
      vertex 2.91924 22.0808 0
      vertex 3.08091 22.2778 1.78
      vertex 3.08091 22.2778 0
    endloop
  endfacet
  facet normal -0.773018 0.634385 0
    outer loop
      vertex 3.08091 22.2778 1.78
      vertex 2.91924 22.0808 0
      vertex 2.91924 22.0808 1.78
    endloop
  endfacet
  facet normal -0.88188 0.471474 0
    outer loop
      vertex 3.08091 22.2778 0
      vertex 3.20104 22.5025 1.78
      vertex 3.20104 22.5025 0
    endloop
  endfacet
  facet normal -0.88188 0.471474 0
    outer loop
      vertex 3.20104 22.5025 1.78
      vertex 3.08091 22.2778 0
      vertex 3.08091 22.2778 1.78
    endloop
  endfacet
  facet normal -0.471301 0.881972 0
    outer loop
      vertex 2.72224 21.9191 0
      vertex 2.49749 21.799 1.78
      vertex 2.72224 21.9191 1.78
    endloop
  endfacet
  facet normal -0.471301 0.881972 0
    outer loop
      vertex 2.49749 21.799 1.78
      vertex 2.72224 21.9191 0
      vertex 2.49749 21.799 0
    endloop
  endfacet
  facet normal 0.956949 0.290255 0
    outer loop
      vertex 0.798956 22.5025 1.78
      vertex 0.724978 22.7464 0
      vertex 0.724978 22.7464 1.78
    endloop
  endfacet
  facet normal 0.956949 0.290255 0
    outer loop
      vertex 0.724978 22.7464 0
      vertex 0.798956 22.5025 1.78
      vertex 0.798956 22.5025 0
    endloop
  endfacet
  facet normal 0.773016 -0.634387 0
    outer loop
      vertex 0.919089 23.7222 1.78
      vertex 1.08076 23.9192 0
      vertex 1.08076 23.9192 1.78
    endloop
  endfacet
  facet normal 0.773016 -0.634387 0
    outer loop
      vertex 1.08076 23.9192 0
      vertex 0.919089 23.7222 1.78
      vertex 0.919089 23.7222 0
    endloop
  endfacet
  facet normal -0.773018 -0.634385 0
    outer loop
      vertex 3.08091 23.7222 0
      vertex 2.91924 23.9192 1.78
      vertex 2.91924 23.9192 0
    endloop
  endfacet
  facet normal -0.773018 -0.634385 0
    outer loop
      vertex 2.91924 23.9192 1.78
      vertex 3.08091 23.7222 0
      vertex 3.08091 23.7222 1.78
    endloop
  endfacet
  facet normal 0.471301 -0.881972 0
    outer loop
      vertex 1.27776 24.0809 0
      vertex 1.50251 24.201 1.78
      vertex 1.27776 24.0809 1.78
    endloop
  endfacet
  facet normal 0.471301 -0.881972 0
    outer loop
      vertex 1.50251 24.201 1.78
      vertex 1.27776 24.0809 0
      vertex 1.50251 24.201 0
    endloop
  endfacet
  facet normal 0.290367 -0.956915 0
    outer loop
      vertex 1.50251 24.201 0
      vertex 1.74638 24.275 1.78
      vertex 1.50251 24.201 1.78
    endloop
  endfacet
  facet normal 0.290367 -0.956915 0
    outer loop
      vertex 1.74638 24.275 1.78
      vertex 1.50251 24.201 0
      vertex 1.74638 24.275 0
    endloop
  endfacet
  facet normal 0.290367 0.956915 -0
    outer loop
      vertex 1.74638 21.725 0
      vertex 1.50251 21.799 1.78
      vertex 1.74638 21.725 1.78
    endloop
  endfacet
  facet normal 0.290367 0.956915 0
    outer loop
      vertex 1.50251 21.799 1.78
      vertex 1.74638 21.725 0
      vertex 1.50251 21.799 0
    endloop
  endfacet
  facet normal 0.634455 -0.77296 0
    outer loop
      vertex 1.08076 23.9192 0
      vertex 1.27776 24.0809 1.78
      vertex 1.08076 23.9192 1.78
    endloop
  endfacet
  facet normal 0.634455 -0.77296 0
    outer loop
      vertex 1.27776 24.0809 1.78
      vertex 1.08076 23.9192 0
      vertex 1.27776 24.0809 0
    endloop
  endfacet
  facet normal -0.290367 -0.956915 0
    outer loop
      vertex 2.25362 24.275 0
      vertex 2.49749 24.201 1.78
      vertex 2.25362 24.275 1.78
    endloop
  endfacet
  facet normal -0.290367 -0.956915 -0
    outer loop
      vertex 2.49749 24.201 1.78
      vertex 2.25362 24.275 0
      vertex 2.49749 24.201 0
    endloop
  endfacet
  facet normal -0.634455 0.77296 0
    outer loop
      vertex 2.91924 22.0808 0
      vertex 2.72224 21.9191 1.78
      vertex 2.91924 22.0808 1.78
    endloop
  endfacet
  facet normal -0.634455 0.77296 0
    outer loop
      vertex 2.72224 21.9191 1.78
      vertex 2.91924 22.0808 0
      vertex 2.72224 21.9191 0
    endloop
  endfacet
  facet normal 0.995185 -0.0980194 0
    outer loop
      vertex 0.7 23 1.78
      vertex 0.724978 23.2536 0
      vertex 0.724978 23.2536 1.78
    endloop
  endfacet
  facet normal 0.995185 -0.0980194 0
    outer loop
      vertex 0.724978 23.2536 0
      vertex 0.7 23 1.78
      vertex 0.7 23 0
    endloop
  endfacet
  facet normal -0.0980972 -0.995177 0
    outer loop
      vertex 2 24.3 0
      vertex 2.25362 24.275 1.78
      vertex 2 24.3 1.78
    endloop
  endfacet
  facet normal -0.0980972 -0.995177 -0
    outer loop
      vertex 2.25362 24.275 1.78
      vertex 2 24.3 0
      vertex 2.25362 24.275 0
    endloop
  endfacet
  facet normal -0.471301 -0.881972 0
    outer loop
      vertex 2.49749 24.201 0
      vertex 2.72224 24.0809 1.78
      vertex 2.49749 24.201 1.78
    endloop
  endfacet
  facet normal -0.471301 -0.881972 -0
    outer loop
      vertex 2.72224 24.0809 1.78
      vertex 2.49749 24.201 0
      vertex 2.72224 24.0809 0
    endloop
  endfacet
  facet normal 0.773016 0.634387 0
    outer loop
      vertex 1.08076 22.0808 1.78
      vertex 0.919089 22.2778 0
      vertex 0.919089 22.2778 1.78
    endloop
  endfacet
  facet normal 0.773016 0.634387 0
    outer loop
      vertex 0.919089 22.2778 0
      vertex 1.08076 22.0808 1.78
      vertex 1.08076 22.0808 0
    endloop
  endfacet
  facet normal 0.0980972 0.995177 -0
    outer loop
      vertex 2 21.7 0
      vertex 1.74638 21.725 1.78
      vertex 2 21.7 1.78
    endloop
  endfacet
  facet normal 0.0980972 0.995177 0
    outer loop
      vertex 1.74638 21.725 1.78
      vertex 2 21.7 0
      vertex 1.74638 21.725 0
    endloop
  endfacet
  facet normal 0.634455 0.77296 -0
    outer loop
      vertex 1.27776 21.9191 0
      vertex 1.08076 22.0808 1.78
      vertex 1.27776 21.9191 1.78
    endloop
  endfacet
  facet normal 0.634455 0.77296 0
    outer loop
      vertex 1.08076 22.0808 1.78
      vertex 1.27776 21.9191 0
      vertex 1.08076 22.0808 0
    endloop
  endfacet
  facet normal 0.956949 -0.290255 0
    outer loop
      vertex 0.724978 23.2536 1.78
      vertex 0.798956 23.4975 0
      vertex 0.798956 23.4975 1.78
    endloop
  endfacet
  facet normal 0.956949 -0.290255 0
    outer loop
      vertex 0.798956 23.4975 0
      vertex 0.724978 23.2536 1.78
      vertex 0.724978 23.2536 0
    endloop
  endfacet
  facet normal 0.881875 -0.471483 0
    outer loop
      vertex 0.798956 23.4975 1.78
      vertex 0.919089 23.7222 0
      vertex 0.919089 23.7222 1.78
    endloop
  endfacet
  facet normal 0.881875 -0.471483 0
    outer loop
      vertex 0.919089 23.7222 0
      vertex 0.798956 23.4975 1.78
      vertex 0.798956 23.4975 0
    endloop
  endfacet
  facet normal 0.995185 0.0980194 0
    outer loop
      vertex 0.724978 22.7464 1.78
      vertex 0.7 23 0
      vertex 0.7 23 1.78
    endloop
  endfacet
  facet normal 0.995185 0.0980194 0
    outer loop
      vertex 0.7 23 0
      vertex 0.724978 22.7464 1.78
      vertex 0.724978 22.7464 0
    endloop
  endfacet
  facet normal -0.290255 0.956949 0
    outer loop
      vertex 53.4975 0.798956 0
      vertex 53.2536 0.724978 1.78
      vertex 53.4975 0.798956 1.78
    endloop
  endfacet
  facet normal -0.290255 0.956949 0
    outer loop
      vertex 53.2536 0.724978 1.78
      vertex 53.4975 0.798956 0
      vertex 53.2536 0.724978 0
    endloop
  endfacet
  facet normal -0.956915 -0.290367 0
    outer loop
      vertex 54.275 2.25362 0
      vertex 54.201 2.49749 1.78
      vertex 54.201 2.49749 0
    endloop
  endfacet
  facet normal -0.956915 -0.290367 0
    outer loop
      vertex 54.201 2.49749 1.78
      vertex 54.275 2.25362 0
      vertex 54.275 2.25362 1.78
    endloop
  endfacet
  facet normal -0.995177 -0.0980972 0
    outer loop
      vertex 54.3 2 0
      vertex 54.275 2.25362 1.78
      vertex 54.275 2.25362 0
    endloop
  endfacet
  facet normal -0.995177 -0.0980972 0
    outer loop
      vertex 54.275 2.25362 1.78
      vertex 54.3 2 0
      vertex 54.3 2 1.78
    endloop
  endfacet
  facet normal -0.881972 -0.471301 0
    outer loop
      vertex 54.201 2.49749 0
      vertex 54.0809 2.72224 1.78
      vertex 54.0809 2.72224 0
    endloop
  endfacet
  facet normal -0.881972 -0.471301 0
    outer loop
      vertex 54.0809 2.72224 1.78
      vertex 54.201 2.49749 0
      vertex 54.201 2.49749 1.78
    endloop
  endfacet
  facet normal -0.995177 0.0980972 0
    outer loop
      vertex 54.275 1.74638 0
      vertex 54.3 2 1.78
      vertex 54.3 2 0
    endloop
  endfacet
  facet normal -0.995177 0.0980972 0
    outer loop
      vertex 54.3 2 1.78
      vertex 54.275 1.74638 0
      vertex 54.275 1.74638 1.78
    endloop
  endfacet
  facet normal 0.471483 0.881875 -0
    outer loop
      vertex 52.5025 0.798956 0
      vertex 52.2778 0.919089 1.78
      vertex 52.5025 0.798956 1.78
    endloop
  endfacet
  facet normal 0.471483 0.881875 0
    outer loop
      vertex 52.2778 0.919089 1.78
      vertex 52.5025 0.798956 0
      vertex 52.2778 0.919089 0
    endloop
  endfacet
  facet normal -0.634385 -0.773018 0
    outer loop
      vertex 53.7222 3.08091 0
      vertex 53.9192 2.91924 1.78
      vertex 53.7222 3.08091 1.78
    endloop
  endfacet
  facet normal -0.634385 -0.773018 -0
    outer loop
      vertex 53.9192 2.91924 1.78
      vertex 53.7222 3.08091 0
      vertex 53.9192 2.91924 0
    endloop
  endfacet
  facet normal 0.0980272 -0.995184 0
    outer loop
      vertex 52.7464 3.27502 0
      vertex 53 3.3 1.78
      vertex 52.7464 3.27502 1.78
    endloop
  endfacet
  facet normal 0.0980272 -0.995184 0
    outer loop
      vertex 53 3.3 1.78
      vertex 52.7464 3.27502 0
      vertex 53 3.3 0
    endloop
  endfacet
  facet normal 0.881972 0.471301 0
    outer loop
      vertex 51.9191 1.27776 1.78
      vertex 51.799 1.50251 0
      vertex 51.799 1.50251 1.78
    endloop
  endfacet
  facet normal 0.881972 0.471301 0
    outer loop
      vertex 51.799 1.50251 0
      vertex 51.9191 1.27776 1.78
      vertex 51.9191 1.27776 0
    endloop
  endfacet
  facet normal -0.0980194 0.995185 0
    outer loop
      vertex 53.2536 0.724978 0
      vertex 53 0.7 1.78
      vertex 53.2536 0.724978 1.78
    endloop
  endfacet
  facet normal -0.0980194 0.995185 0
    outer loop
      vertex 53 0.7 1.78
      vertex 53.2536 0.724978 0
      vertex 53 0.7 0
    endloop
  endfacet
  facet normal -0.956915 0.290367 0
    outer loop
      vertex 54.201 1.50251 0
      vertex 54.275 1.74638 1.78
      vertex 54.275 1.74638 0
    endloop
  endfacet
  facet normal -0.956915 0.290367 0
    outer loop
      vertex 54.275 1.74638 1.78
      vertex 54.201 1.50251 0
      vertex 54.201 1.50251 1.78
    endloop
  endfacet
  facet normal -0.77296 0.634455 0
    outer loop
      vertex 53.9192 1.08076 0
      vertex 54.0809 1.27776 1.78
      vertex 54.0809 1.27776 0
    endloop
  endfacet
  facet normal -0.77296 0.634455 0
    outer loop
      vertex 54.0809 1.27776 1.78
      vertex 53.9192 1.08076 0
      vertex 53.9192 1.08076 1.78
    endloop
  endfacet
  facet normal 0.0980194 0.995185 -0
    outer loop
      vertex 53 0.7 0
      vertex 52.7464 0.724978 1.78
      vertex 53 0.7 1.78
    endloop
  endfacet
  facet normal 0.0980194 0.995185 0
    outer loop
      vertex 52.7464 0.724978 1.78
      vertex 53 0.7 0
      vertex 52.7464 0.724978 0
    endloop
  endfacet
  facet normal -0.881972 0.471301 0
    outer loop
      vertex 54.0809 1.27776 0
      vertex 54.201 1.50251 1.78
      vertex 54.201 1.50251 0
    endloop
  endfacet
  facet normal -0.881972 0.471301 0
    outer loop
      vertex 54.201 1.50251 1.78
      vertex 54.0809 1.27776 0
      vertex 54.0809 1.27776 1.78
    endloop
  endfacet
  facet normal -0.471483 0.881875 0
    outer loop
      vertex 53.7222 0.919089 0
      vertex 53.4975 0.798956 1.78
      vertex 53.7222 0.919089 1.78
    endloop
  endfacet
  facet normal -0.471483 0.881875 0
    outer loop
      vertex 53.4975 0.798956 1.78
      vertex 53.7222 0.919089 0
      vertex 53.4975 0.798956 0
    endloop
  endfacet
  facet normal 0.956915 0.290367 0
    outer loop
      vertex 51.799 1.50251 1.78
      vertex 51.725 1.74638 0
      vertex 51.725 1.74638 1.78
    endloop
  endfacet
  facet normal 0.956915 0.290367 0
    outer loop
      vertex 51.725 1.74638 0
      vertex 51.799 1.50251 1.78
      vertex 51.799 1.50251 0
    endloop
  endfacet
  facet normal 0.77296 -0.634455 0
    outer loop
      vertex 51.9191 2.72224 1.78
      vertex 52.0808 2.91924 0
      vertex 52.0808 2.91924 1.78
    endloop
  endfacet
  facet normal 0.77296 -0.634455 0
    outer loop
      vertex 52.0808 2.91924 0
      vertex 51.9191 2.72224 1.78
      vertex 51.9191 2.72224 0
    endloop
  endfacet
  facet normal -0.77296 -0.634455 0
    outer loop
      vertex 54.0809 2.72224 0
      vertex 53.9192 2.91924 1.78
      vertex 53.9192 2.91924 0
    endloop
  endfacet
  facet normal -0.77296 -0.634455 0
    outer loop
      vertex 53.9192 2.91924 1.78
      vertex 54.0809 2.72224 0
      vertex 54.0809 2.72224 1.78
    endloop
  endfacet
  facet normal 0.471474 -0.88188 0
    outer loop
      vertex 52.2778 3.08091 0
      vertex 52.5025 3.20104 1.78
      vertex 52.2778 3.08091 1.78
    endloop
  endfacet
  facet normal 0.471474 -0.88188 0
    outer loop
      vertex 52.5025 3.20104 1.78
      vertex 52.2778 3.08091 0
      vertex 52.5025 3.20104 0
    endloop
  endfacet
  facet normal 0.290262 -0.956947 0
    outer loop
      vertex 52.5025 3.20104 0
      vertex 52.7464 3.27502 1.78
      vertex 52.5025 3.20104 1.78
    endloop
  endfacet
  facet normal 0.290262 -0.956947 0
    outer loop
      vertex 52.7464 3.27502 1.78
      vertex 52.5025 3.20104 0
      vertex 52.7464 3.27502 0
    endloop
  endfacet
  facet normal 0.290255 0.956949 -0
    outer loop
      vertex 52.7464 0.724978 0
      vertex 52.5025 0.798956 1.78
      vertex 52.7464 0.724978 1.78
    endloop
  endfacet
  facet normal 0.290255 0.956949 0
    outer loop
      vertex 52.5025 0.798956 1.78
      vertex 52.7464 0.724978 0
      vertex 52.5025 0.798956 0
    endloop
  endfacet
  facet normal 0.634385 -0.773018 0
    outer loop
      vertex 52.0808 2.91924 0
      vertex 52.2778 3.08091 1.78
      vertex 52.0808 2.91924 1.78
    endloop
  endfacet
  facet normal 0.634385 -0.773018 0
    outer loop
      vertex 52.2778 3.08091 1.78
      vertex 52.0808 2.91924 0
      vertex 52.2778 3.08091 0
    endloop
  endfacet
  facet normal -0.290262 -0.956947 0
    outer loop
      vertex 53.2536 3.27502 0
      vertex 53.4975 3.20104 1.78
      vertex 53.2536 3.27502 1.78
    endloop
  endfacet
  facet normal -0.290262 -0.956947 -0
    outer loop
      vertex 53.4975 3.20104 1.78
      vertex 53.2536 3.27502 0
      vertex 53.4975 3.20104 0
    endloop
  endfacet
  facet normal -0.634387 0.773016 0
    outer loop
      vertex 53.9192 1.08076 0
      vertex 53.7222 0.919089 1.78
      vertex 53.9192 1.08076 1.78
    endloop
  endfacet
  facet normal -0.634387 0.773016 0
    outer loop
      vertex 53.7222 0.919089 1.78
      vertex 53.9192 1.08076 0
      vertex 53.7222 0.919089 0
    endloop
  endfacet
  facet normal 0.995177 -0.0980972 0
    outer loop
      vertex 51.7 2 1.78
      vertex 51.725 2.25362 0
      vertex 51.725 2.25362 1.78
    endloop
  endfacet
  facet normal 0.995177 -0.0980972 0
    outer loop
      vertex 51.725 2.25362 0
      vertex 51.7 2 1.78
      vertex 51.7 2 0
    endloop
  endfacet
  facet normal -0.0980272 -0.995184 0
    outer loop
      vertex 53 3.3 0
      vertex 53.2536 3.27502 1.78
      vertex 53 3.3 1.78
    endloop
  endfacet
  facet normal -0.0980272 -0.995184 -0
    outer loop
      vertex 53.2536 3.27502 1.78
      vertex 53 3.3 0
      vertex 53.2536 3.27502 0
    endloop
  endfacet
  facet normal -0.471474 -0.88188 0
    outer loop
      vertex 53.4975 3.20104 0
      vertex 53.7222 3.08091 1.78
      vertex 53.4975 3.20104 1.78
    endloop
  endfacet
  facet normal -0.471474 -0.88188 -0
    outer loop
      vertex 53.7222 3.08091 1.78
      vertex 53.4975 3.20104 0
      vertex 53.7222 3.08091 0
    endloop
  endfacet
  facet normal 0.77296 0.634455 0
    outer loop
      vertex 52.0808 1.08076 1.78
      vertex 51.9191 1.27776 0
      vertex 51.9191 1.27776 1.78
    endloop
  endfacet
  facet normal 0.77296 0.634455 0
    outer loop
      vertex 51.9191 1.27776 0
      vertex 52.0808 1.08076 1.78
      vertex 52.0808 1.08076 0
    endloop
  endfacet
  facet normal 0.634387 0.773016 -0
    outer loop
      vertex 52.2778 0.919089 0
      vertex 52.0808 1.08076 1.78
      vertex 52.2778 0.919089 1.78
    endloop
  endfacet
  facet normal 0.634387 0.773016 0
    outer loop
      vertex 52.0808 1.08076 1.78
      vertex 52.2778 0.919089 0
      vertex 52.0808 1.08076 0
    endloop
  endfacet
  facet normal 0.956915 -0.290367 0
    outer loop
      vertex 51.725 2.25362 1.78
      vertex 51.799 2.49749 0
      vertex 51.799 2.49749 1.78
    endloop
  endfacet
  facet normal 0.956915 -0.290367 0
    outer loop
      vertex 51.799 2.49749 0
      vertex 51.725 2.25362 1.78
      vertex 51.725 2.25362 0
    endloop
  endfacet
  facet normal 0.881972 -0.471301 0
    outer loop
      vertex 51.799 2.49749 1.78
      vertex 51.9191 2.72224 0
      vertex 51.9191 2.72224 1.78
    endloop
  endfacet
  facet normal 0.881972 -0.471301 0
    outer loop
      vertex 51.9191 2.72224 0
      vertex 51.799 2.49749 1.78
      vertex 51.799 2.49749 0
    endloop
  endfacet
  facet normal 0.995177 0.0980972 0
    outer loop
      vertex 51.725 1.74638 1.78
      vertex 51.7 2 0
      vertex 51.7 2 1.78
    endloop
  endfacet
  facet normal 0.995177 0.0980972 0
    outer loop
      vertex 51.7 2 0
      vertex 51.725 1.74638 1.78
      vertex 51.725 1.74638 0
    endloop
  endfacet
  facet normal -0.290334 0.956925 0
    outer loop
      vertex 53.4975 21.799 0
      vertex 53.2536 21.725 1.78
      vertex 53.4975 21.799 1.78
    endloop
  endfacet
  facet normal -0.290334 0.956925 0
    outer loop
      vertex 53.2536 21.725 1.78
      vertex 53.4975 21.799 0
      vertex 53.2536 21.725 0
    endloop
  endfacet
  facet normal -0.956925 -0.290334 0
    outer loop
      vertex 54.275 23.2536 0
      vertex 54.201 23.4975 1.78
      vertex 54.201 23.4975 0
    endloop
  endfacet
  facet normal -0.956925 -0.290334 0
    outer loop
      vertex 54.201 23.4975 1.78
      vertex 54.275 23.2536 0
      vertex 54.275 23.2536 1.78
    endloop
  endfacet
  facet normal -0.995176 -0.0981049 0
    outer loop
      vertex 54.3 23 0
      vertex 54.275 23.2536 1.78
      vertex 54.275 23.2536 0
    endloop
  endfacet
  facet normal -0.995176 -0.0981049 0
    outer loop
      vertex 54.275 23.2536 1.78
      vertex 54.3 23 0
      vertex 54.3 23 1.78
    endloop
  endfacet
  facet normal -0.881929 -0.471383 0
    outer loop
      vertex 54.201 23.4975 0
      vertex 54.0809 23.7222 1.78
      vertex 54.0809 23.7222 0
    endloop
  endfacet
  facet normal -0.881929 -0.471383 0
    outer loop
      vertex 54.0809 23.7222 1.78
      vertex 54.201 23.4975 0
      vertex 54.201 23.4975 1.78
    endloop
  endfacet
  facet normal -0.995176 0.0981049 0
    outer loop
      vertex 54.275 22.7464 0
      vertex 54.3 23 1.78
      vertex 54.3 23 0
    endloop
  endfacet
  facet normal -0.995176 0.0981049 0
    outer loop
      vertex 54.3 23 1.78
      vertex 54.275 22.7464 0
      vertex 54.275 22.7464 1.78
    endloop
  endfacet
  facet normal 0.471383 0.881929 -0
    outer loop
      vertex 52.5025 21.799 0
      vertex 52.2778 21.9191 1.78
      vertex 52.5025 21.799 1.78
    endloop
  endfacet
  facet normal 0.471383 0.881929 0
    outer loop
      vertex 52.2778 21.9191 1.78
      vertex 52.5025 21.799 0
      vertex 52.2778 21.9191 0
    endloop
  endfacet
  facet normal -0.634455 -0.77296 0
    outer loop
      vertex 53.7222 24.0809 0
      vertex 53.9192 23.9192 1.78
      vertex 53.7222 24.0809 1.78
    endloop
  endfacet
  facet normal -0.634455 -0.77296 -0
    outer loop
      vertex 53.9192 23.9192 1.78
      vertex 53.7222 24.0809 0
      vertex 53.9192 23.9192 0
    endloop
  endfacet
  facet normal 0.0981049 -0.995176 0
    outer loop
      vertex 52.7464 24.275 0
      vertex 53 24.3 1.78
      vertex 52.7464 24.275 1.78
    endloop
  endfacet
  facet normal 0.0981049 -0.995176 0
    outer loop
      vertex 53 24.3 1.78
      vertex 52.7464 24.275 0
      vertex 53 24.3 0
    endloop
  endfacet
  facet normal 0.881929 0.471383 0
    outer loop
      vertex 51.9191 22.2778 1.78
      vertex 51.799 22.5025 0
      vertex 51.799 22.5025 1.78
    endloop
  endfacet
  facet normal 0.881929 0.471383 0
    outer loop
      vertex 51.799 22.5025 0
      vertex 51.9191 22.2778 1.78
      vertex 51.9191 22.2778 0
    endloop
  endfacet
  facet normal -0.0981049 0.995176 0
    outer loop
      vertex 53.2536 21.725 0
      vertex 53 21.7 1.78
      vertex 53.2536 21.725 1.78
    endloop
  endfacet
  facet normal -0.0981049 0.995176 0
    outer loop
      vertex 53 21.7 1.78
      vertex 53.2536 21.725 0
      vertex 53 21.7 0
    endloop
  endfacet
  facet normal -0.956925 0.290334 0
    outer loop
      vertex 54.201 22.5025 0
      vertex 54.275 22.7464 1.78
      vertex 54.275 22.7464 0
    endloop
  endfacet
  facet normal -0.956925 0.290334 0
    outer loop
      vertex 54.275 22.7464 1.78
      vertex 54.201 22.5025 0
      vertex 54.201 22.5025 1.78
    endloop
  endfacet
  facet normal -0.77296 0.634455 0
    outer loop
      vertex 53.9192 22.0808 0
      vertex 54.0809 22.2778 1.78
      vertex 54.0809 22.2778 0
    endloop
  endfacet
  facet normal -0.77296 0.634455 0
    outer loop
      vertex 54.0809 22.2778 1.78
      vertex 53.9192 22.0808 0
      vertex 53.9192 22.0808 1.78
    endloop
  endfacet
  facet normal -0.881929 0.471383 0
    outer loop
      vertex 54.0809 22.2778 0
      vertex 54.201 22.5025 1.78
      vertex 54.201 22.5025 0
    endloop
  endfacet
  facet normal -0.881929 0.471383 0
    outer loop
      vertex 54.201 22.5025 1.78
      vertex 54.0809 22.2778 0
      vertex 54.0809 22.2778 1.78
    endloop
  endfacet
  facet normal -0.471383 0.881929 0
    outer loop
      vertex 53.7222 21.9191 0
      vertex 53.4975 21.799 1.78
      vertex 53.7222 21.9191 1.78
    endloop
  endfacet
  facet normal -0.471383 0.881929 0
    outer loop
      vertex 53.4975 21.799 1.78
      vertex 53.7222 21.9191 0
      vertex 53.4975 21.799 0
    endloop
  endfacet
  facet normal 0.956925 0.290334 0
    outer loop
      vertex 51.799 22.5025 1.78
      vertex 51.725 22.7464 0
      vertex 51.725 22.7464 1.78
    endloop
  endfacet
  facet normal 0.956925 0.290334 0
    outer loop
      vertex 51.725 22.7464 0
      vertex 51.799 22.5025 1.78
      vertex 51.799 22.5025 0
    endloop
  endfacet
  facet normal 0.77296 -0.634455 0
    outer loop
      vertex 51.9191 23.7222 1.78
      vertex 52.0808 23.9192 0
      vertex 52.0808 23.9192 1.78
    endloop
  endfacet
  facet normal 0.77296 -0.634455 0
    outer loop
      vertex 52.0808 23.9192 0
      vertex 51.9191 23.7222 1.78
      vertex 51.9191 23.7222 0
    endloop
  endfacet
  facet normal -0.77296 -0.634455 0
    outer loop
      vertex 54.0809 23.7222 0
      vertex 53.9192 23.9192 1.78
      vertex 53.9192 23.9192 0
    endloop
  endfacet
  facet normal -0.77296 -0.634455 0
    outer loop
      vertex 53.9192 23.9192 1.78
      vertex 54.0809 23.7222 0
      vertex 54.0809 23.7222 1.78
    endloop
  endfacet
  facet normal 0.471383 -0.881929 0
    outer loop
      vertex 52.2778 24.0809 0
      vertex 52.5025 24.201 1.78
      vertex 52.2778 24.0809 1.78
    endloop
  endfacet
  facet normal 0.471383 -0.881929 0
    outer loop
      vertex 52.5025 24.201 1.78
      vertex 52.2778 24.0809 0
      vertex 52.5025 24.201 0
    endloop
  endfacet
  facet normal 0.290334 -0.956925 0
    outer loop
      vertex 52.5025 24.201 0
      vertex 52.7464 24.275 1.78
      vertex 52.5025 24.201 1.78
    endloop
  endfacet
  facet normal 0.290334 -0.956925 0
    outer loop
      vertex 52.7464 24.275 1.78
      vertex 52.5025 24.201 0
      vertex 52.7464 24.275 0
    endloop
  endfacet
  facet normal 0.290334 0.956925 -0
    outer loop
      vertex 52.7464 21.725 0
      vertex 52.5025 21.799 1.78
      vertex 52.7464 21.725 1.78
    endloop
  endfacet
  facet normal 0.290334 0.956925 0
    outer loop
      vertex 52.5025 21.799 1.78
      vertex 52.7464 21.725 0
      vertex 52.5025 21.799 0
    endloop
  endfacet
  facet normal 0.634455 -0.77296 0
    outer loop
      vertex 52.0808 23.9192 0
      vertex 52.2778 24.0809 1.78
      vertex 52.0808 23.9192 1.78
    endloop
  endfacet
  facet normal 0.634455 -0.77296 0
    outer loop
      vertex 52.2778 24.0809 1.78
      vertex 52.0808 23.9192 0
      vertex 52.2778 24.0809 0
    endloop
  endfacet
  facet normal -0.290334 -0.956925 0
    outer loop
      vertex 53.2536 24.275 0
      vertex 53.4975 24.201 1.78
      vertex 53.2536 24.275 1.78
    endloop
  endfacet
  facet normal -0.290334 -0.956925 -0
    outer loop
      vertex 53.4975 24.201 1.78
      vertex 53.2536 24.275 0
      vertex 53.4975 24.201 0
    endloop
  endfacet
  facet normal -0.634455 0.77296 0
    outer loop
      vertex 53.9192 22.0808 0
      vertex 53.7222 21.9191 1.78
      vertex 53.9192 22.0808 1.78
    endloop
  endfacet
  facet normal -0.634455 0.77296 0
    outer loop
      vertex 53.7222 21.9191 1.78
      vertex 53.9192 22.0808 0
      vertex 53.7222 21.9191 0
    endloop
  endfacet
  facet normal 0.995176 -0.0981049 0
    outer loop
      vertex 51.7 23 1.78
      vertex 51.725 23.2536 0
      vertex 51.725 23.2536 1.78
    endloop
  endfacet
  facet normal 0.995176 -0.0981049 0
    outer loop
      vertex 51.725 23.2536 0
      vertex 51.7 23 1.78
      vertex 51.7 23 0
    endloop
  endfacet
  facet normal -0.0981049 -0.995176 0
    outer loop
      vertex 53 24.3 0
      vertex 53.2536 24.275 1.78
      vertex 53 24.3 1.78
    endloop
  endfacet
  facet normal -0.0981049 -0.995176 -0
    outer loop
      vertex 53.2536 24.275 1.78
      vertex 53 24.3 0
      vertex 53.2536 24.275 0
    endloop
  endfacet
  facet normal -0.471383 -0.881929 0
    outer loop
      vertex 53.4975 24.201 0
      vertex 53.7222 24.0809 1.78
      vertex 53.4975 24.201 1.78
    endloop
  endfacet
  facet normal -0.471383 -0.881929 -0
    outer loop
      vertex 53.7222 24.0809 1.78
      vertex 53.4975 24.201 0
      vertex 53.7222 24.0809 0
    endloop
  endfacet
  facet normal 0.77296 0.634455 0
    outer loop
      vertex 52.0808 22.0808 1.78
      vertex 51.9191 22.2778 0
      vertex 51.9191 22.2778 1.78
    endloop
  endfacet
  facet normal 0.77296 0.634455 0
    outer loop
      vertex 51.9191 22.2778 0
      vertex 52.0808 22.0808 1.78
      vertex 52.0808 22.0808 0
    endloop
  endfacet
  facet normal 0.0981049 0.995176 -0
    outer loop
      vertex 53 21.7 0
      vertex 52.7464 21.725 1.78
      vertex 53 21.7 1.78
    endloop
  endfacet
  facet normal 0.0981049 0.995176 0
    outer loop
      vertex 52.7464 21.725 1.78
      vertex 53 21.7 0
      vertex 52.7464 21.725 0
    endloop
  endfacet
  facet normal 0.634455 0.77296 -0
    outer loop
      vertex 52.2778 21.9191 0
      vertex 52.0808 22.0808 1.78
      vertex 52.2778 21.9191 1.78
    endloop
  endfacet
  facet normal 0.634455 0.77296 0
    outer loop
      vertex 52.0808 22.0808 1.78
      vertex 52.2778 21.9191 0
      vertex 52.0808 22.0808 0
    endloop
  endfacet
  facet normal 0.956925 -0.290334 0
    outer loop
      vertex 51.725 23.2536 1.78
      vertex 51.799 23.4975 0
      vertex 51.799 23.4975 1.78
    endloop
  endfacet
  facet normal 0.956925 -0.290334 0
    outer loop
      vertex 51.799 23.4975 0
      vertex 51.725 23.2536 1.78
      vertex 51.725 23.2536 0
    endloop
  endfacet
  facet normal 0.881929 -0.471383 0
    outer loop
      vertex 51.799 23.4975 1.78
      vertex 51.9191 23.7222 0
      vertex 51.9191 23.7222 1.78
    endloop
  endfacet
  facet normal 0.881929 -0.471383 0
    outer loop
      vertex 51.9191 23.7222 0
      vertex 51.799 23.4975 1.78
      vertex 51.799 23.4975 0
    endloop
  endfacet
  facet normal 0.995176 0.0981049 0
    outer loop
      vertex 51.725 22.7464 1.78
      vertex 51.7 23 0
      vertex 51.7 23 1.78
    endloop
  endfacet
  facet normal 0.995176 0.0981049 0
    outer loop
      vertex 51.7 23 0
      vertex 51.725 22.7464 1.78
      vertex 51.725 22.7464 0
    endloop
  endfacet
  facet normal 0.995183 0.0980305 0
    outer loop
      vertex 6.64612 20.0318 1.78
      vertex 6.6 20.5 0
      vertex 6.6 20.5 1.78
    endloop
  endfacet
  facet normal 0.995183 0.0980305 0
    outer loop
      vertex 6.6 20.5 0
      vertex 6.64612 20.0318 1.78
      vertex 6.64612 20.0318 0
    endloop
  endfacet
  facet normal -0.956921 -0.29035 0
    outer loop
      vertex 11.3539 20.9682 0
      vertex 11.2173 21.4184 1.6
      vertex 11.2173 21.4184 0
    endloop
  endfacet
  facet normal -0.956921 -0.29035 0
    outer loop
      vertex 11.2173 21.4184 1.6
      vertex 11.3539 20.9682 0
      vertex 11.3539 20.9682 1.6
    endloop
  endfacet
  facet normal -0.995188 -0.0979884 0
    outer loop
      vertex 11.4 20.5 0
      vertex 11.3539 20.9682 1.6
      vertex 11.3539 20.9682 0
    endloop
  endfacet
  facet normal -0.995188 -0.0979884 0
    outer loop
      vertex 11.3539 20.9682 1.6
      vertex 11.4 20.5 0
      vertex 11.4 20.5 1.6
    endloop
  endfacet
  facet normal -0.881928 -0.471384 0
    outer loop
      vertex 10.9955 21.8334 0
      vertex 11.1737 21.5 1.6
      vertex 10.9955 21.8334 1.78
    endloop
  endfacet
  facet normal -0.881941 -0.47136 6.48173e-06
    outer loop
      vertex 11.2173 21.4184 0
      vertex 11.1737 21.5 1.6
      vertex 10.9955 21.8334 0
    endloop
  endfacet
  facet normal -0.881994 -0.471261 0
    outer loop
      vertex 11.1737 21.5 1.6
      vertex 11.2173 21.4184 0
      vertex 11.2173 21.4184 1.6
    endloop
  endfacet
  facet normal -0.881928 -0.471384 0
    outer loop
      vertex 10.9955 21.8334 1.78
      vertex 11.1737 21.5 1.6
      vertex 11.1737 21.5 1.78
    endloop
  endfacet
  facet normal 0.290338 -0.956924 0
    outer loop
      vertex 8.08156 22.7173 0
      vertex 8.53178 22.8539 1.78
      vertex 8.08156 22.7173 1.78
    endloop
  endfacet
  facet normal 0.290338 -0.956924 0
    outer loop
      vertex 8.53178 22.8539 1.78
      vertex 8.08156 22.7173 0
      vertex 8.53178 22.8539 0
    endloop
  endfacet
  facet normal -0.995188 0.0979884 0
    outer loop
      vertex 11.3539 20.0318 0
      vertex 11.4 20.5 1.6
      vertex 11.4 20.5 0
    endloop
  endfacet
  facet normal -0.995188 0.0979884 0
    outer loop
      vertex 11.4 20.5 1.6
      vertex 11.3539 20.0318 0
      vertex 11.3539 20.0318 1.6
    endloop
  endfacet
  facet normal 0.0979842 0.995188 -0
    outer loop
      vertex 9 18.1 0
      vertex 8.53178 18.1461 1.78
      vertex 9 18.1 1.78
    endloop
  endfacet
  facet normal 0.0979842 0.995188 0
    outer loop
      vertex 8.53178 18.1461 1.78
      vertex 9 18.1 0
      vertex 8.53178 18.1461 0
    endloop
  endfacet
  facet normal -0.773095 -0.634291 0
    outer loop
      vertex 10.9955 21.8334 0
      vertex 10.6971 22.1971 1.78
      vertex 10.6971 22.1971 0
    endloop
  endfacet
  facet normal -0.773095 -0.634291 0
    outer loop
      vertex 10.6971 22.1971 1.78
      vertex 10.9955 21.8334 0
      vertex 10.9955 21.8334 1.78
    endloop
  endfacet
  facet normal 0.634301 0.773086 -0
    outer loop
      vertex 7.66663 18.5045 0
      vertex 7.30294 18.8029 1.78
      vertex 7.66663 18.5045 1.78
    endloop
  endfacet
  facet normal 0.634301 0.773086 0
    outer loop
      vertex 7.30294 18.8029 1.78
      vertex 7.66663 18.5045 0
      vertex 7.30294 18.8029 0
    endloop
  endfacet
  facet normal -0.471396 0.881922 0
    outer loop
      vertex 10.3334 18.5045 0
      vertex 9.91844 18.2827 1.78
      vertex 10.3334 18.5045 1.78
    endloop
  endfacet
  facet normal -0.471396 0.881922 0
    outer loop
      vertex 9.91844 18.2827 1.78
      vertex 10.3334 18.5045 0
      vertex 9.91844 18.2827 0
    endloop
  endfacet
  facet normal 0.881958 0.471327 0
    outer loop
      vertex 7.00447 19.1666 1.78
      vertex 6.78269 19.5816 0
      vertex 6.78269 19.5816 1.78
    endloop
  endfacet
  facet normal 0.881958 0.471327 0
    outer loop
      vertex 6.78269 19.5816 0
      vertex 7.00447 19.1666 1.78
      vertex 7.00447 19.1666 0
    endloop
  endfacet
  facet normal 0.956938 0.290291 0
    outer loop
      vertex 6.78269 19.5816 1.78
      vertex 6.64612 20.0318 0
      vertex 6.64612 20.0318 1.78
    endloop
  endfacet
  facet normal 0.956938 0.290291 0
    outer loop
      vertex 6.64612 20.0318 0
      vertex 6.78269 19.5816 1.78
      vertex 6.78269 19.5816 0
    endloop
  endfacet
  facet normal -0.471396 -0.881922 0
    outer loop
      vertex 9.91844 22.7173 0
      vertex 10.3334 22.4955 1.78
      vertex 9.91844 22.7173 1.78
    endloop
  endfacet
  facet normal -0.471396 -0.881922 -0
    outer loop
      vertex 10.3334 22.4955 1.78
      vertex 9.91844 22.7173 0
      vertex 10.3334 22.4955 0
    endloop
  endfacet
  facet normal 0.0979842 -0.995188 0
    outer loop
      vertex 8.53178 22.8539 0
      vertex 9 22.9 1.78
      vertex 8.53178 22.8539 1.78
    endloop
  endfacet
  facet normal 0.0979842 -0.995188 0
    outer loop
      vertex 9 22.9 1.78
      vertex 8.53178 22.8539 0
      vertex 9 22.9 0
    endloop
  endfacet
  facet normal -0.956921 0.29035 0
    outer loop
      vertex 11.2173 19.5816 0
      vertex 11.3539 20.0318 1.6
      vertex 11.3539 20.0318 0
    endloop
  endfacet
  facet normal -0.956921 0.29035 0
    outer loop
      vertex 11.3539 20.0318 1.6
      vertex 11.2173 19.5816 0
      vertex 11.2173 19.5816 1.6
    endloop
  endfacet
  facet normal -0.290338 -0.956924 0
    outer loop
      vertex 9.46822 22.8539 0
      vertex 9.91844 22.7173 1.78
      vertex 9.46822 22.8539 1.78
    endloop
  endfacet
  facet normal -0.290338 -0.956924 -0
    outer loop
      vertex 9.91844 22.7173 1.78
      vertex 9.46822 22.8539 0
      vertex 9.91844 22.7173 0
    endloop
  endfacet
  facet normal 0.881958 -0.471327 0
    outer loop
      vertex 6.78269 21.4184 1.78
      vertex 7.00447 21.8334 0
      vertex 7.00447 21.8334 1.78
    endloop
  endfacet
  facet normal 0.881958 -0.471327 0
    outer loop
      vertex 7.00447 21.8334 0
      vertex 6.78269 21.4184 1.78
      vertex 6.78269 21.4184 0
    endloop
  endfacet
  facet normal -0.290338 0.956924 0
    outer loop
      vertex 9.91844 18.2827 0
      vertex 9.46822 18.1461 1.78
      vertex 9.91844 18.2827 1.78
    endloop
  endfacet
  facet normal -0.290338 0.956924 0
    outer loop
      vertex 9.46822 18.1461 1.78
      vertex 9.91844 18.2827 0
      vertex 9.46822 18.1461 0
    endloop
  endfacet
  facet normal 0.471422 -0.881908 0
    outer loop
      vertex 7.66663 22.4955 0
      vertex 8.08156 22.7173 1.78
      vertex 7.66663 22.4955 1.78
    endloop
  endfacet
  facet normal 0.471422 -0.881908 0
    outer loop
      vertex 8.08156 22.7173 1.78
      vertex 7.66663 22.4955 0
      vertex 8.08156 22.7173 0
    endloop
  endfacet
  facet normal 0.634301 -0.773086 0
    outer loop
      vertex 7.30294 22.1971 0
      vertex 7.66663 22.4955 1.78
      vertex 7.30294 22.1971 1.78
    endloop
  endfacet
  facet normal 0.634301 -0.773086 0
    outer loop
      vertex 7.66663 22.4955 1.78
      vertex 7.30294 22.1971 0
      vertex 7.66663 22.4955 0
    endloop
  endfacet
  facet normal -0.773095 0.634291 0
    outer loop
      vertex 10.6971 18.8029 0
      vertex 10.9955 19.1666 1.6
      vertex 10.9955 19.1666 0
    endloop
  endfacet
  facet normal -0.773095 0.634291 0
    outer loop
      vertex 10.9955 19.1666 1.6
      vertex 10.6971 18.8029 0
      vertex 10.6971 18.8029 1.6
    endloop
  endfacet
  facet normal -0.881941 0.47136 0
    outer loop
      vertex 10.9955 19.1666 0
      vertex 11.2173 19.5816 1.6
      vertex 11.2173 19.5816 0
    endloop
  endfacet
  facet normal -0.881941 0.47136 0
    outer loop
      vertex 11.2173 19.5816 1.6
      vertex 10.9955 19.1666 0
      vertex 10.9955 19.1666 1.6
    endloop
  endfacet
  facet normal 0.995183 -0.0980305 0
    outer loop
      vertex 6.6 20.5 1.78
      vertex 6.64612 20.9682 0
      vertex 6.64612 20.9682 1.78
    endloop
  endfacet
  facet normal 0.995183 -0.0980305 0
    outer loop
      vertex 6.64612 20.9682 0
      vertex 6.6 20.5 1.78
      vertex 6.6 20.5 0
    endloop
  endfacet
  facet normal 0.471422 0.881908 -0
    outer loop
      vertex 8.08156 18.2827 0
      vertex 7.66663 18.5045 1.78
      vertex 8.08156 18.2827 1.78
    endloop
  endfacet
  facet normal 0.471422 0.881908 0
    outer loop
      vertex 7.66663 18.5045 1.78
      vertex 8.08156 18.2827 0
      vertex 7.66663 18.5045 0
    endloop
  endfacet
  facet normal -0.634291 -0.773095 0
    outer loop
      vertex 10.3334 22.4955 0
      vertex 10.6971 22.1971 1.78
      vertex 10.3334 22.4955 1.78
    endloop
  endfacet
  facet normal -0.634291 -0.773095 -0
    outer loop
      vertex 10.6971 22.1971 1.78
      vertex 10.3334 22.4955 0
      vertex 10.6971 22.1971 0
    endloop
  endfacet
  facet normal 0.290338 0.956924 -0
    outer loop
      vertex 8.53178 18.1461 0
      vertex 8.08156 18.2827 1.78
      vertex 8.53178 18.1461 1.78
    endloop
  endfacet
  facet normal 0.290338 0.956924 0
    outer loop
      vertex 8.08156 18.2827 1.78
      vertex 8.53178 18.1461 0
      vertex 8.08156 18.2827 0
    endloop
  endfacet
  facet normal 0.773022 0.634379 0
    outer loop
      vertex 7.30294 18.8029 1.78
      vertex 7.00447 19.1666 0
      vertex 7.00447 19.1666 1.78
    endloop
  endfacet
  facet normal 0.773022 0.634379 0
    outer loop
      vertex 7.00447 19.1666 0
      vertex 7.30294 18.8029 1.78
      vertex 7.30294 18.8029 0
    endloop
  endfacet
  facet normal 0.773022 -0.634379 0
    outer loop
      vertex 7.00447 21.8334 1.78
      vertex 7.30294 22.1971 0
      vertex 7.30294 22.1971 1.78
    endloop
  endfacet
  facet normal 0.773022 -0.634379 0
    outer loop
      vertex 7.30294 22.1971 0
      vertex 7.00447 21.8334 1.78
      vertex 7.00447 21.8334 0
    endloop
  endfacet
  facet normal -0.0979842 0.995188 0
    outer loop
      vertex 9.46822 18.1461 0
      vertex 9 18.1 1.78
      vertex 9.46822 18.1461 1.78
    endloop
  endfacet
  facet normal -0.0979842 0.995188 0
    outer loop
      vertex 9 18.1 1.78
      vertex 9.46822 18.1461 0
      vertex 9 18.1 0
    endloop
  endfacet
  facet normal -0.0979842 -0.995188 0
    outer loop
      vertex 9 22.9 0
      vertex 9.46822 22.8539 1.78
      vertex 9 22.9 1.78
    endloop
  endfacet
  facet normal -0.0979842 -0.995188 -0
    outer loop
      vertex 9.46822 22.8539 1.78
      vertex 9 22.9 0
      vertex 9.46822 22.8539 0
    endloop
  endfacet
  facet normal -0.634263 0.773118 0
    outer loop
      vertex 10.6971 18.8029 1.6
      vertex 10.6971 18.8029 0
      vertex 10.5 18.6412 1.6
    endloop
  endfacet
  facet normal -0.634324 0.773068 0
    outer loop
      vertex 10.5 18.6412 1.6
      vertex 10.3334 18.5045 1.78
      vertex 10.5 18.6412 1.78
    endloop
  endfacet
  facet normal -0.634291 0.773095 -5.77908e-06
    outer loop
      vertex 10.3334 18.5045 0
      vertex 10.5 18.6412 1.6
      vertex 10.6971 18.8029 0
    endloop
  endfacet
  facet normal -0.634324 0.773068 0
    outer loop
      vertex 10.5 18.6412 1.6
      vertex 10.3334 18.5045 0
      vertex 10.3334 18.5045 1.78
    endloop
  endfacet
  facet normal 0.956938 -0.290291 0
    outer loop
      vertex 6.64612 20.9682 1.78
      vertex 6.78269 21.4184 0
      vertex 6.78269 21.4184 1.78
    endloop
  endfacet
  facet normal 0.956938 -0.290291 0
    outer loop
      vertex 6.78269 21.4184 0
      vertex 6.64612 20.9682 1.78
      vertex 6.64612 20.9682 0
    endloop
  endfacet
  facet normal 0.995188 0.0979842 0
    outer loop
      vertex 43.6461 4.03178 1.78
      vertex 43.6 4.5 0
      vertex 43.6 4.5 1.78
    endloop
  endfacet
  facet normal 0.995188 0.0979842 0
    outer loop
      vertex 43.6 4.5 0
      vertex 43.6461 4.03178 1.78
      vertex 43.6461 4.03178 0
    endloop
  endfacet
  facet normal -0.956924 -0.290338 0
    outer loop
      vertex 48.3539 4.96822 0
      vertex 48.2173 5.41844 1.78
      vertex 48.2173 5.41844 0
    endloop
  endfacet
  facet normal -0.956924 -0.290338 0
    outer loop
      vertex 48.2173 5.41844 1.78
      vertex 48.3539 4.96822 0
      vertex 48.3539 4.96822 1.78
    endloop
  endfacet
  facet normal -0.995188 -0.0979842 0
    outer loop
      vertex 48.4 4.5 0
      vertex 48.3539 4.96822 1.78
      vertex 48.3539 4.96822 0
    endloop
  endfacet
  facet normal -0.995188 -0.0979842 0
    outer loop
      vertex 48.3539 4.96822 1.78
      vertex 48.4 4.5 0
      vertex 48.4 4.5 1.78
    endloop
  endfacet
  facet normal -0.881908 -0.471422 0
    outer loop
      vertex 48.2173 5.41844 0
      vertex 47.9955 5.83337 1.78
      vertex 47.9955 5.83337 0
    endloop
  endfacet
  facet normal -0.881908 -0.471422 0
    outer loop
      vertex 47.9955 5.83337 1.78
      vertex 48.2173 5.41844 0
      vertex 48.2173 5.41844 1.78
    endloop
  endfacet
  facet normal 0.290291 -0.956938 0
    outer loop
      vertex 45.0816 6.71731 0
      vertex 45.5318 6.85388 1.78
      vertex 45.0816 6.71731 1.78
    endloop
  endfacet
  facet normal 0.290291 -0.956938 0
    outer loop
      vertex 45.5318 6.85388 1.78
      vertex 45.0816 6.71731 0
      vertex 45.5318 6.85388 0
    endloop
  endfacet
  facet normal -0.995188 0.0979842 0
    outer loop
      vertex 48.3539 4.03178 0
      vertex 48.4 4.5 1.78
      vertex 48.4 4.5 0
    endloop
  endfacet
  facet normal -0.995188 0.0979842 0
    outer loop
      vertex 48.4 4.5 1.78
      vertex 48.3539 4.03178 0
      vertex 48.3539 4.03178 1.78
    endloop
  endfacet
  facet normal 0.0980305 0.995183 -0
    outer loop
      vertex 46 2.1 0
      vertex 45.5318 2.14612 1.78
      vertex 46 2.1 1.78
    endloop
  endfacet
  facet normal 0.0980305 0.995183 0
    outer loop
      vertex 45.5318 2.14612 1.78
      vertex 46 2.1 0
      vertex 45.5318 2.14612 0
    endloop
  endfacet
  facet normal -0.773086 -0.634301 0
    outer loop
      vertex 47.9955 5.83337 0
      vertex 47.6971 6.19706 1.78
      vertex 47.6971 6.19706 0
    endloop
  endfacet
  facet normal -0.773086 -0.634301 0
    outer loop
      vertex 47.6971 6.19706 1.78
      vertex 47.9955 5.83337 0
      vertex 47.9955 5.83337 1.78
    endloop
  endfacet
  facet normal 0.634379 0.773022 -0
    outer loop
      vertex 44.6666 2.50447 0
      vertex 44.3029 2.80294 1.78
      vertex 44.6666 2.50447 1.78
    endloop
  endfacet
  facet normal 0.634379 0.773022 0
    outer loop
      vertex 44.3029 2.80294 1.78
      vertex 44.6666 2.50447 0
      vertex 44.3029 2.80294 0
    endloop
  endfacet
  facet normal -0.471327 0.881958 0
    outer loop
      vertex 47.3334 2.50447 0
      vertex 46.9184 2.28269 1.78
      vertex 47.3334 2.50447 1.78
    endloop
  endfacet
  facet normal -0.471327 0.881958 0
    outer loop
      vertex 46.9184 2.28269 1.78
      vertex 47.3334 2.50447 0
      vertex 46.9184 2.28269 0
    endloop
  endfacet
  facet normal 0.881908 0.471422 0
    outer loop
      vertex 44.0045 3.16663 1.78
      vertex 43.7827 3.58156 0
      vertex 43.7827 3.58156 1.78
    endloop
  endfacet
  facet normal 0.881908 0.471422 0
    outer loop
      vertex 43.7827 3.58156 0
      vertex 44.0045 3.16663 1.78
      vertex 44.0045 3.16663 0
    endloop
  endfacet
  facet normal 0.956924 0.290338 0
    outer loop
      vertex 43.7827 3.58156 1.78
      vertex 43.6461 4.03178 0
      vertex 43.6461 4.03178 1.78
    endloop
  endfacet
  facet normal 0.956924 0.290338 0
    outer loop
      vertex 43.6461 4.03178 0
      vertex 43.7827 3.58156 1.78
      vertex 43.7827 3.58156 0
    endloop
  endfacet
  facet normal -0.471327 -0.881958 0
    outer loop
      vertex 46.9184 6.71731 0
      vertex 47.3334 6.49553 1.78
      vertex 46.9184 6.71731 1.78
    endloop
  endfacet
  facet normal -0.471327 -0.881958 -0
    outer loop
      vertex 47.3334 6.49553 1.78
      vertex 46.9184 6.71731 0
      vertex 47.3334 6.49553 0
    endloop
  endfacet
  facet normal 0.0980305 -0.995183 0
    outer loop
      vertex 45.5318 6.85388 0
      vertex 46 6.9 1.78
      vertex 45.5318 6.85388 1.78
    endloop
  endfacet
  facet normal 0.0980305 -0.995183 0
    outer loop
      vertex 46 6.9 1.78
      vertex 45.5318 6.85388 0
      vertex 46 6.9 0
    endloop
  endfacet
  facet normal -0.956924 0.290338 0
    outer loop
      vertex 48.2173 3.58156 0
      vertex 48.3539 4.03178 1.78
      vertex 48.3539 4.03178 0
    endloop
  endfacet
  facet normal -0.956924 0.290338 0
    outer loop
      vertex 48.3539 4.03178 1.78
      vertex 48.2173 3.58156 0
      vertex 48.2173 3.58156 1.78
    endloop
  endfacet
  facet normal -0.290291 -0.956938 0
    outer loop
      vertex 46.4682 6.85388 0
      vertex 46.9184 6.71731 1.78
      vertex 46.4682 6.85388 1.78
    endloop
  endfacet
  facet normal -0.290291 -0.956938 -0
    outer loop
      vertex 46.9184 6.71731 1.78
      vertex 46.4682 6.85388 0
      vertex 46.9184 6.71731 0
    endloop
  endfacet
  facet normal 0.881908 -0.471422 0
    outer loop
      vertex 43.7827 5.41844 1.78
      vertex 44.0045 5.83337 0
      vertex 44.0045 5.83337 1.78
    endloop
  endfacet
  facet normal 0.881908 -0.471422 0
    outer loop
      vertex 44.0045 5.83337 0
      vertex 43.7827 5.41844 1.78
      vertex 43.7827 5.41844 0
    endloop
  endfacet
  facet normal -0.290291 0.956938 0
    outer loop
      vertex 46.9184 2.28269 0
      vertex 46.4682 2.14612 1.78
      vertex 46.9184 2.28269 1.78
    endloop
  endfacet
  facet normal -0.290291 0.956938 0
    outer loop
      vertex 46.4682 2.14612 1.78
      vertex 46.9184 2.28269 0
      vertex 46.4682 2.14612 0
    endloop
  endfacet
  facet normal 0.471327 -0.881958 0
    outer loop
      vertex 44.6666 6.49553 0
      vertex 45.0816 6.71731 1.78
      vertex 44.6666 6.49553 1.78
    endloop
  endfacet
  facet normal 0.471327 -0.881958 0
    outer loop
      vertex 45.0816 6.71731 1.78
      vertex 44.6666 6.49553 0
      vertex 45.0816 6.71731 0
    endloop
  endfacet
  facet normal 0.634379 -0.773022 0
    outer loop
      vertex 44.3029 6.19706 0
      vertex 44.6666 6.49553 1.78
      vertex 44.3029 6.19706 1.78
    endloop
  endfacet
  facet normal 0.634379 -0.773022 0
    outer loop
      vertex 44.6666 6.49553 1.78
      vertex 44.3029 6.19706 0
      vertex 44.6666 6.49553 0
    endloop
  endfacet
  facet normal -0.773086 0.634301 0
    outer loop
      vertex 47.6971 2.80294 0
      vertex 47.9955 3.16663 1.78
      vertex 47.9955 3.16663 0
    endloop
  endfacet
  facet normal -0.773086 0.634301 0
    outer loop
      vertex 47.9955 3.16663 1.78
      vertex 47.6971 2.80294 0
      vertex 47.6971 2.80294 1.78
    endloop
  endfacet
  facet normal -0.881908 0.471422 0
    outer loop
      vertex 47.9955 3.16663 0
      vertex 48.2173 3.58156 1.78
      vertex 48.2173 3.58156 0
    endloop
  endfacet
  facet normal -0.881908 0.471422 0
    outer loop
      vertex 48.2173 3.58156 1.78
      vertex 47.9955 3.16663 0
      vertex 47.9955 3.16663 1.78
    endloop
  endfacet
  facet normal 0.995188 -0.0979842 0
    outer loop
      vertex 43.6 4.5 1.78
      vertex 43.6461 4.96822 0
      vertex 43.6461 4.96822 1.78
    endloop
  endfacet
  facet normal 0.995188 -0.0979842 0
    outer loop
      vertex 43.6461 4.96822 0
      vertex 43.6 4.5 1.78
      vertex 43.6 4.5 0
    endloop
  endfacet
  facet normal 0.471327 0.881958 -0
    outer loop
      vertex 45.0816 2.28269 0
      vertex 44.6666 2.50447 1.78
      vertex 45.0816 2.28269 1.78
    endloop
  endfacet
  facet normal 0.471327 0.881958 0
    outer loop
      vertex 44.6666 2.50447 1.78
      vertex 45.0816 2.28269 0
      vertex 44.6666 2.50447 0
    endloop
  endfacet
  facet normal -0.634379 -0.773022 0
    outer loop
      vertex 47.3334 6.49553 0
      vertex 47.6971 6.19706 1.78
      vertex 47.3334 6.49553 1.78
    endloop
  endfacet
  facet normal -0.634379 -0.773022 -0
    outer loop
      vertex 47.6971 6.19706 1.78
      vertex 47.3334 6.49553 0
      vertex 47.6971 6.19706 0
    endloop
  endfacet
  facet normal 0.290291 0.956938 -0
    outer loop
      vertex 45.5318 2.14612 0
      vertex 45.0816 2.28269 1.78
      vertex 45.5318 2.14612 1.78
    endloop
  endfacet
  facet normal 0.290291 0.956938 0
    outer loop
      vertex 45.0816 2.28269 1.78
      vertex 45.5318 2.14612 0
      vertex 45.0816 2.28269 0
    endloop
  endfacet
  facet normal -0.0980305 0.995183 0
    outer loop
      vertex 46.4682 2.14612 0
      vertex 46 2.1 1.78
      vertex 46.4682 2.14612 1.78
    endloop
  endfacet
  facet normal -0.0980305 0.995183 0
    outer loop
      vertex 46 2.1 1.78
      vertex 46.4682 2.14612 0
      vertex 46 2.1 0
    endloop
  endfacet
  facet normal 0.773086 0.634301 0
    outer loop
      vertex 44.3029 2.80294 1.78
      vertex 44.0045 3.16663 0
      vertex 44.0045 3.16663 1.78
    endloop
  endfacet
  facet normal 0.773086 0.634301 0
    outer loop
      vertex 44.0045 3.16663 0
      vertex 44.3029 2.80294 1.78
      vertex 44.3029 2.80294 0
    endloop
  endfacet
  facet normal 0.773086 -0.634301 0
    outer loop
      vertex 44.0045 5.83337 1.78
      vertex 44.3029 6.19706 0
      vertex 44.3029 6.19706 1.78
    endloop
  endfacet
  facet normal 0.773086 -0.634301 0
    outer loop
      vertex 44.3029 6.19706 0
      vertex 44.0045 5.83337 1.78
      vertex 44.0045 5.83337 0
    endloop
  endfacet
  facet normal -0.0980305 -0.995183 0
    outer loop
      vertex 46 6.9 0
      vertex 46.4682 6.85388 1.78
      vertex 46 6.9 1.78
    endloop
  endfacet
  facet normal -0.0980305 -0.995183 -0
    outer loop
      vertex 46.4682 6.85388 1.78
      vertex 46 6.9 0
      vertex 46.4682 6.85388 0
    endloop
  endfacet
  facet normal -0.634379 0.773022 0
    outer loop
      vertex 47.6971 2.80294 0
      vertex 47.3334 2.50447 1.78
      vertex 47.6971 2.80294 1.78
    endloop
  endfacet
  facet normal -0.634379 0.773022 0
    outer loop
      vertex 47.3334 2.50447 1.78
      vertex 47.6971 2.80294 0
      vertex 47.3334 2.50447 0
    endloop
  endfacet
  facet normal 0.956924 -0.290338 0
    outer loop
      vertex 43.6461 4.96822 1.78
      vertex 43.7827 5.41844 0
      vertex 43.7827 5.41844 1.78
    endloop
  endfacet
  facet normal 0.956924 -0.290338 0
    outer loop
      vertex 43.7827 5.41844 0
      vertex 43.6461 4.96822 1.78
      vertex 43.6461 4.96822 0
    endloop
  endfacet
  facet normal -0.64266 0.766152 0
    outer loop
      vertex 4.65963 16.6143 0
      vertex 4.5 16.4804 1.6
      vertex 4.65963 16.6143 1.6
    endloop
  endfacet
  facet normal -0.64266 0.766152 0
    outer loop
      vertex 4.5 16.4804 1.6
      vertex 4.65963 16.6143 0
      vertex 4.5 16.4804 0
    endloop
  endfacet
  facet normal -0.866091 -0.499886 0
    outer loop
      vertex 4.76381 17.2052 0
      vertex 4.65963 17.3857 1.6
      vertex 4.65963 17.3857 0
    endloop
  endfacet
  facet normal -0.866091 -0.499886 0
    outer loop
      vertex 4.65963 17.3857 1.6
      vertex 4.76381 17.2052 0
      vertex 4.76381 17.2052 1.6
    endloop
  endfacet
  facet normal -0.984801 -0.173684 0
    outer loop
      vertex 4.8 17 0
      vertex 4.76381 17.2052 1.6
      vertex 4.76381 17.2052 0
    endloop
  endfacet
  facet normal -0.984801 -0.173684 0
    outer loop
      vertex 4.76381 17.2052 1.6
      vertex 4.8 17 0
      vertex 4.8 17 1.6
    endloop
  endfacet
  facet normal -0.64266 -0.766152 0
    outer loop
      vertex 4.5 17.5196 0
      vertex 4.65963 17.3857 1.6
      vertex 4.5 17.5196 1.6
    endloop
  endfacet
  facet normal -0.64266 -0.766152 -0
    outer loop
      vertex 4.65963 17.3857 1.6
      vertex 4.5 17.5196 0
      vertex 4.65963 17.3857 0
    endloop
  endfacet
  facet normal -0.342151 -0.939645 0
    outer loop
      vertex 4.30419 17.5909 0
      vertex 4.5 17.5196 1.6
      vertex 4.30419 17.5909 1.6
    endloop
  endfacet
  facet normal -0.342151 -0.939645 -0
    outer loop
      vertex 4.5 17.5196 1.6
      vertex 4.30419 17.5909 0
      vertex 4.5 17.5196 0
    endloop
  endfacet
  facet normal -0.984801 0.173684 0
    outer loop
      vertex 4.76381 16.7948 0
      vertex 4.8 17 1.6
      vertex 4.8 17 0
    endloop
  endfacet
  facet normal -0.984801 0.173684 0
    outer loop
      vertex 4.8 17 1.6
      vertex 4.76381 16.7948 0
      vertex 4.76381 16.7948 1.6
    endloop
  endfacet
  facet normal 0 -1 0
    outer loop
      vertex 4.09581 17.5909 0
      vertex 4.30419 17.5909 1.6
      vertex 4.09581 17.5909 1.6
    endloop
  endfacet
  facet normal 0 -1 -0
    outer loop
      vertex 4.30419 17.5909 1.6
      vertex 4.09581 17.5909 0
      vertex 4.30419 17.5909 0
    endloop
  endfacet
  facet normal 0 1 -0
    outer loop
      vertex 4.30419 16.4091 0
      vertex 4.09581 16.4091 1.6
      vertex 4.30419 16.4091 1.6
    endloop
  endfacet
  facet normal 0 1 0
    outer loop
      vertex 4.09581 16.4091 1.6
      vertex 4.30419 16.4091 0
      vertex 4.09581 16.4091 0
    endloop
  endfacet
  facet normal -0.866091 0.499886 0
    outer loop
      vertex 4.65963 16.6143 0
      vertex 4.76381 16.7948 1.6
      vertex 4.76381 16.7948 0
    endloop
  endfacet
  facet normal -0.866091 0.499886 0
    outer loop
      vertex 4.76381 16.7948 1.6
      vertex 4.65963 16.6143 0
      vertex 4.65963 16.6143 1.6
    endloop
  endfacet
  facet normal 0.98481 0.173637 0
    outer loop
      vertex 3.63618 16.7948 1.6
      vertex 3.6 17 0
      vertex 3.6 17 1.6
    endloop
  endfacet
  facet normal 0.98481 0.173637 0
    outer loop
      vertex 3.6 17 0
      vertex 3.63618 16.7948 1.6
      vertex 3.63618 16.7948 0
    endloop
  endfacet
  facet normal 0.64266 -0.766152 0
    outer loop
      vertex 3.74037 17.3857 0
      vertex 3.9 17.5196 1.6
      vertex 3.74037 17.3857 1.6
    endloop
  endfacet
  facet normal 0.64266 -0.766152 0
    outer loop
      vertex 3.9 17.5196 1.6
      vertex 3.74037 17.3857 0
      vertex 3.9 17.5196 0
    endloop
  endfacet
  facet normal 0.98481 -0.173637 0
    outer loop
      vertex 3.6 17 1.6
      vertex 3.63618 17.2052 0
      vertex 3.63618 17.2052 1.6
    endloop
  endfacet
  facet normal 0.98481 -0.173637 0
    outer loop
      vertex 3.63618 17.2052 0
      vertex 3.6 17 1.6
      vertex 3.6 17 0
    endloop
  endfacet
  facet normal 0.866071 0.499922 0
    outer loop
      vertex 3.74037 16.6143 1.6
      vertex 3.63618 16.7948 0
      vertex 3.63618 16.7948 1.6
    endloop
  endfacet
  facet normal 0.866071 0.499922 0
    outer loop
      vertex 3.63618 16.7948 0
      vertex 3.74037 16.6143 1.6
      vertex 3.74037 16.6143 0
    endloop
  endfacet
  facet normal 0.866071 -0.499922 0
    outer loop
      vertex 3.63618 17.2052 1.6
      vertex 3.74037 17.3857 0
      vertex 3.74037 17.3857 1.6
    endloop
  endfacet
  facet normal 0.866071 -0.499922 0
    outer loop
      vertex 3.74037 17.3857 0
      vertex 3.63618 17.2052 1.6
      vertex 3.63618 17.2052 0
    endloop
  endfacet
  facet normal 0.64266 0.766152 -0
    outer loop
      vertex 3.9 16.4804 0
      vertex 3.74037 16.6143 1.6
      vertex 3.9 16.4804 1.6
    endloop
  endfacet
  facet normal 0.64266 0.766152 0
    outer loop
      vertex 3.74037 16.6143 1.6
      vertex 3.9 16.4804 0
      vertex 3.74037 16.6143 0
    endloop
  endfacet
  facet normal 0.342151 -0.939645 0
    outer loop
      vertex 3.9 17.5196 0
      vertex 4.09581 17.5909 1.6
      vertex 3.9 17.5196 1.6
    endloop
  endfacet
  facet normal 0.342151 -0.939645 0
    outer loop
      vertex 4.09581 17.5909 1.6
      vertex 3.9 17.5196 0
      vertex 4.09581 17.5909 0
    endloop
  endfacet
  facet normal -0.342151 0.939645 0
    outer loop
      vertex 4.5 16.4804 0
      vertex 4.30419 16.4091 1.6
      vertex 4.5 16.4804 1.6
    endloop
  endfacet
  facet normal -0.342151 0.939645 0
    outer loop
      vertex 4.30419 16.4091 1.6
      vertex 4.5 16.4804 0
      vertex 4.30419 16.4091 0
    endloop
  endfacet
  facet normal 0.342151 0.939645 -0
    outer loop
      vertex 4.09581 16.4091 0
      vertex 3.9 16.4804 1.6
      vertex 4.09581 16.4091 1.6
    endloop
  endfacet
  facet normal 0.342151 0.939645 0
    outer loop
      vertex 3.9 16.4804 1.6
      vertex 4.09581 16.4091 0
      vertex 3.9 16.4804 0
    endloop
  endfacet
  facet normal -0.64266 0.766152 0
    outer loop
      vertex 4.65963 19.6143 0
      vertex 4.5 19.4804 1.6
      vertex 4.65963 19.6143 1.6
    endloop
  endfacet
  facet normal -0.64266 0.766152 0
    outer loop
      vertex 4.5 19.4804 1.6
      vertex 4.65963 19.6143 0
      vertex 4.5 19.4804 0
    endloop
  endfacet
  facet normal -0.866091 -0.499886 0
    outer loop
      vertex 4.76381 20.2052 0
      vertex 4.65963 20.3857 1.6
      vertex 4.65963 20.3857 0
    endloop
  endfacet
  facet normal -0.866091 -0.499886 0
    outer loop
      vertex 4.65963 20.3857 1.6
      vertex 4.76381 20.2052 0
      vertex 4.76381 20.2052 1.6
    endloop
  endfacet
  facet normal -0.984801 -0.173684 0
    outer loop
      vertex 4.8 20 0
      vertex 4.76381 20.2052 1.6
      vertex 4.76381 20.2052 0
    endloop
  endfacet
  facet normal -0.984801 -0.173684 0
    outer loop
      vertex 4.76381 20.2052 1.6
      vertex 4.8 20 0
      vertex 4.8 20 1.6
    endloop
  endfacet
  facet normal -0.64266 -0.766152 0
    outer loop
      vertex 4.5 20.5196 0
      vertex 4.65963 20.3857 1.6
      vertex 4.5 20.5196 1.6
    endloop
  endfacet
  facet normal -0.64266 -0.766152 -0
    outer loop
      vertex 4.65963 20.3857 1.6
      vertex 4.5 20.5196 0
      vertex 4.65963 20.3857 0
    endloop
  endfacet
  facet normal -0.342151 -0.939645 0
    outer loop
      vertex 4.30419 20.5909 0
      vertex 4.5 20.5196 1.6
      vertex 4.30419 20.5909 1.6
    endloop
  endfacet
  facet normal -0.342151 -0.939645 -0
    outer loop
      vertex 4.5 20.5196 1.6
      vertex 4.30419 20.5909 0
      vertex 4.5 20.5196 0
    endloop
  endfacet
  facet normal -0.984801 0.173684 0
    outer loop
      vertex 4.76381 19.7948 0
      vertex 4.8 20 1.6
      vertex 4.8 20 0
    endloop
  endfacet
  facet normal -0.984801 0.173684 0
    outer loop
      vertex 4.8 20 1.6
      vertex 4.76381 19.7948 0
      vertex 4.76381 19.7948 1.6
    endloop
  endfacet
  facet normal 0 -1 0
    outer loop
      vertex 4.09581 20.5909 0
      vertex 4.30419 20.5909 1.6
      vertex 4.09581 20.5909 1.6
    endloop
  endfacet
  facet normal 0 -1 -0
    outer loop
      vertex 4.30419 20.5909 1.6
      vertex 4.09581 20.5909 0
      vertex 4.30419 20.5909 0
    endloop
  endfacet
  facet normal 0 1 -0
    outer loop
      vertex 4.30419 19.4091 0
      vertex 4.09581 19.4091 1.6
      vertex 4.30419 19.4091 1.6
    endloop
  endfacet
  facet normal 0 1 0
    outer loop
      vertex 4.09581 19.4091 1.6
      vertex 4.30419 19.4091 0
      vertex 4.09581 19.4091 0
    endloop
  endfacet
  facet normal -0.866091 0.499886 0
    outer loop
      vertex 4.65963 19.6143 0
      vertex 4.76381 19.7948 1.6
      vertex 4.76381 19.7948 0
    endloop
  endfacet
  facet normal -0.866091 0.499886 0
    outer loop
      vertex 4.76381 19.7948 1.6
      vertex 4.65963 19.6143 0
      vertex 4.65963 19.6143 1.6
    endloop
  endfacet
  facet normal 0.98481 0.173637 0
    outer loop
      vertex 3.63618 19.7948 1.6
      vertex 3.6 20 0
      vertex 3.6 20 1.6
    endloop
  endfacet
  facet normal 0.98481 0.173637 0
    outer loop
      vertex 3.6 20 0
      vertex 3.63618 19.7948 1.6
      vertex 3.63618 19.7948 0
    endloop
  endfacet
  facet normal 0.64266 -0.766152 0
    outer loop
      vertex 3.74037 20.3857 0
      vertex 3.9 20.5196 1.6
      vertex 3.74037 20.3857 1.6
    endloop
  endfacet
  facet normal 0.64266 -0.766152 0
    outer loop
      vertex 3.9 20.5196 1.6
      vertex 3.74037 20.3857 0
      vertex 3.9 20.5196 0
    endloop
  endfacet
  facet normal 0.98481 -0.173637 0
    outer loop
      vertex 3.6 20 1.6
      vertex 3.63618 20.2052 0
      vertex 3.63618 20.2052 1.6
    endloop
  endfacet
  facet normal 0.98481 -0.173637 0
    outer loop
      vertex 3.63618 20.2052 0
      vertex 3.6 20 1.6
      vertex 3.6 20 0
    endloop
  endfacet
  facet normal 0.866071 0.499922 0
    outer loop
      vertex 3.74037 19.6143 1.6
      vertex 3.63618 19.7948 0
      vertex 3.63618 19.7948 1.6
    endloop
  endfacet
  facet normal 0.866071 0.499922 0
    outer loop
      vertex 3.63618 19.7948 0
      vertex 3.74037 19.6143 1.6
      vertex 3.74037 19.6143 0
    endloop
  endfacet
  facet normal 0.866071 -0.499922 0
    outer loop
      vertex 3.63618 20.2052 1.6
      vertex 3.74037 20.3857 0
      vertex 3.74037 20.3857 1.6
    endloop
  endfacet
  facet normal 0.866071 -0.499922 0
    outer loop
      vertex 3.74037 20.3857 0
      vertex 3.63618 20.2052 1.6
      vertex 3.63618 20.2052 0
    endloop
  endfacet
  facet normal 0.64266 0.766152 -0
    outer loop
      vertex 3.9 19.4804 0
      vertex 3.74037 19.6143 1.6
      vertex 3.9 19.4804 1.6
    endloop
  endfacet
  facet normal 0.64266 0.766152 0
    outer loop
      vertex 3.74037 19.6143 1.6
      vertex 3.9 19.4804 0
      vertex 3.74037 19.6143 0
    endloop
  endfacet
  facet normal 0.342151 -0.939645 0
    outer loop
      vertex 3.9 20.5196 0
      vertex 4.09581 20.5909 1.6
      vertex 3.9 20.5196 1.6
    endloop
  endfacet
  facet normal 0.342151 -0.939645 0
    outer loop
      vertex 4.09581 20.5909 1.6
      vertex 3.9 20.5196 0
      vertex 4.09581 20.5909 0
    endloop
  endfacet
  facet normal -0.342151 0.939645 0
    outer loop
      vertex 4.5 19.4804 0
      vertex 4.30419 19.4091 1.6
      vertex 4.5 19.4804 1.6
    endloop
  endfacet
  facet normal -0.342151 0.939645 0
    outer loop
      vertex 4.30419 19.4091 1.6
      vertex 4.5 19.4804 0
      vertex 4.30419 19.4091 0
    endloop
  endfacet
  facet normal 0.342151 0.939645 -0
    outer loop
      vertex 4.09581 19.4091 0
      vertex 3.9 19.4804 1.6
      vertex 4.09581 19.4091 1.6
    endloop
  endfacet
  facet normal 0.342151 0.939645 0
    outer loop
      vertex 3.9 19.4804 1.6
      vertex 4.09581 19.4091 0
      vertex 3.9 19.4804 0
    endloop
  endfacet
  facet normal -0.866002 -0.500041 0
    outer loop
      vertex 51.3638 5.20521 0
      vertex 51.2596 5.38567 1.6
      vertex 51.2596 5.38567 0
    endloop
  endfacet
  facet normal -0.866002 -0.500041 0
    outer loop
      vertex 51.2596 5.38567 1.6
      vertex 51.3638 5.20521 0
      vertex 51.3638 5.20521 1.6
    endloop
  endfacet
  facet normal -0.984795 -0.173722 0
    outer loop
      vertex 51.4 5 0
      vertex 51.3638 5.20521 1.6
      vertex 51.3638 5.20521 0
    endloop
  endfacet
  facet normal -0.984795 -0.173722 0
    outer loop
      vertex 51.3638 5.20521 1.6
      vertex 51.4 5 0
      vertex 51.4 5 1.6
    endloop
  endfacet
  facet normal -0.642871 -0.765974 0
    outer loop
      vertex 51.1 5.51962 0
      vertex 51.2596 5.38567 1.6
      vertex 51.1 5.51962 1.6
    endloop
  endfacet
  facet normal -0.642871 -0.765974 -0
    outer loop
      vertex 51.2596 5.38567 1.6
      vertex 51.1 5.51962 0
      vertex 51.2596 5.38567 0
    endloop
  endfacet
  facet normal -0.866002 0.500041 0
    outer loop
      vertex 51.2596 4.61433 0
      vertex 51.3638 4.79479 1.6
      vertex 51.3638 4.79479 0
    endloop
  endfacet
  facet normal -0.866002 0.500041 0
    outer loop
      vertex 51.3638 4.79479 1.6
      vertex 51.2596 4.61433 0
      vertex 51.2596 4.61433 1.6
    endloop
  endfacet
  facet normal -0.642871 0.765974 0
    outer loop
      vertex 51.2596 4.61433 0
      vertex 51.1 4.48038 1.6
      vertex 51.2596 4.61433 1.6
    endloop
  endfacet
  facet normal -0.642871 0.765974 0
    outer loop
      vertex 51.1 4.48038 1.6
      vertex 51.2596 4.61433 0
      vertex 51.1 4.48038 0
    endloop
  endfacet
  facet normal -0.34204 0.939685 0
    outer loop
      vertex 51.1 4.48038 0
      vertex 50.9042 4.40911 1.6
      vertex 51.1 4.48038 1.6
    endloop
  endfacet
  facet normal -0.34204 0.939685 0
    outer loop
      vertex 50.9042 4.40911 1.6
      vertex 51.1 4.48038 0
      vertex 50.9042 4.40911 0
    endloop
  endfacet
  facet normal 0.866002 -0.500041 0
    outer loop
      vertex 50.2362 5.20521 1.6
      vertex 50.3404 5.38567 0
      vertex 50.3404 5.38567 1.6
    endloop
  endfacet
  facet normal 0.866002 -0.500041 0
    outer loop
      vertex 50.3404 5.38567 0
      vertex 50.2362 5.20521 1.6
      vertex 50.2362 5.20521 0
    endloop
  endfacet
  facet normal -0.984795 0.173722 0
    outer loop
      vertex 51.3638 4.79479 0
      vertex 51.4 5 1.6
      vertex 51.4 5 0
    endloop
  endfacet
  facet normal -0.984795 0.173722 0
    outer loop
      vertex 51.4 5 1.6
      vertex 51.3638 4.79479 0
      vertex 51.3638 4.79479 1.6
    endloop
  endfacet
  facet normal 0.642871 -0.765974 0
    outer loop
      vertex 50.3404 5.38567 0
      vertex 50.5 5.51962 1.6
      vertex 50.3404 5.38567 1.6
    endloop
  endfacet
  facet normal 0.642871 -0.765974 0
    outer loop
      vertex 50.5 5.51962 1.6
      vertex 50.3404 5.38567 0
      vertex 50.5 5.51962 0
    endloop
  endfacet
  facet normal 0 1 -0
    outer loop
      vertex 50.9042 4.40911 0
      vertex 50.6958 4.40911 1.6
      vertex 50.9042 4.40911 1.6
    endloop
  endfacet
  facet normal 0 1 0
    outer loop
      vertex 50.6958 4.40911 1.6
      vertex 50.9042 4.40911 0
      vertex 50.6958 4.40911 0
    endloop
  endfacet
  facet normal -0.341997 -0.939701 0
    outer loop
      vertex 50.9042 5.59088 0
      vertex 51.1 5.51962 1.6
      vertex 50.9042 5.59088 1.6
    endloop
  endfacet
  facet normal -0.341997 -0.939701 -0
    outer loop
      vertex 51.1 5.51962 1.6
      vertex 50.9042 5.59088 0
      vertex 51.1 5.51962 0
    endloop
  endfacet
  facet normal 0.866002 0.500041 0
    outer loop
      vertex 50.3404 4.61433 1.6
      vertex 50.2362 4.79479 0
      vertex 50.2362 4.79479 1.6
    endloop
  endfacet
  facet normal 0.866002 0.500041 0
    outer loop
      vertex 50.2362 4.79479 0
      vertex 50.3404 4.61433 1.6
      vertex 50.3404 4.61433 0
    endloop
  endfacet
  facet normal 0.984795 0.173722 0
    outer loop
      vertex 50.2362 4.79479 1.6
      vertex 50.2 5 0
      vertex 50.2 5 1.6
    endloop
  endfacet
  facet normal 0.984795 0.173722 0
    outer loop
      vertex 50.2 5 0
      vertex 50.2362 4.79479 1.6
      vertex 50.2362 4.79479 0
    endloop
  endfacet
  facet normal 0 -1 0
    outer loop
      vertex 50.6958 5.59088 0
      vertex 50.9042 5.59088 1.6
      vertex 50.6958 5.59088 1.6
    endloop
  endfacet
  facet normal 0 -1 -0
    outer loop
      vertex 50.9042 5.59088 1.6
      vertex 50.6958 5.59088 0
      vertex 50.9042 5.59088 0
    endloop
  endfacet
  facet normal 0.984795 -0.173722 0
    outer loop
      vertex 50.2 5 1.6
      vertex 50.2362 5.20521 0
      vertex 50.2362 5.20521 1.6
    endloop
  endfacet
  facet normal 0.984795 -0.173722 0
    outer loop
      vertex 50.2362 5.20521 0
      vertex 50.2 5 1.6
      vertex 50.2 5 0
    endloop
  endfacet
  facet normal 0.341997 -0.939701 0
    outer loop
      vertex 50.5 5.51962 0
      vertex 50.6958 5.59088 1.6
      vertex 50.5 5.51962 1.6
    endloop
  endfacet
  facet normal 0.341997 -0.939701 0
    outer loop
      vertex 50.6958 5.59088 1.6
      vertex 50.5 5.51962 0
      vertex 50.6958 5.59088 0
    endloop
  endfacet
  facet normal 0.642871 0.765974 -0
    outer loop
      vertex 50.5 4.48038 0
      vertex 50.3404 4.61433 1.6
      vertex 50.5 4.48038 1.6
    endloop
  endfacet
  facet normal 0.642871 0.765974 0
    outer loop
      vertex 50.3404 4.61433 1.6
      vertex 50.5 4.48038 0
      vertex 50.3404 4.61433 0
    endloop
  endfacet
  facet normal 0.34204 0.939685 -0
    outer loop
      vertex 50.6958 4.40911 0
      vertex 50.5 4.48038 1.6
      vertex 50.6958 4.40911 1.6
    endloop
  endfacet
  facet normal 0.34204 0.939685 0
    outer loop
      vertex 50.5 4.48038 1.6
      vertex 50.6958 4.40911 0
      vertex 50.5 4.48038 0
    endloop
  endfacet
  facet normal -0.866002 -0.500041 0
    outer loop
      vertex 51.3638 8.20521 0
      vertex 51.2596 8.38567 1.6
      vertex 51.2596 8.38567 0
    endloop
  endfacet
  facet normal -0.866002 -0.500041 0
    outer loop
      vertex 51.2596 8.38567 1.6
      vertex 51.3638 8.20521 0
      vertex 51.3638 8.20521 1.6
    endloop
  endfacet
  facet normal -0.984795 -0.173722 0
    outer loop
      vertex 51.4 8 0
      vertex 51.3638 8.20521 1.6
      vertex 51.3638 8.20521 0
    endloop
  endfacet
  facet normal -0.984795 -0.173722 0
    outer loop
      vertex 51.3638 8.20521 1.6
      vertex 51.4 8 0
      vertex 51.4 8 1.6
    endloop
  endfacet
  facet normal -0.642871 -0.765974 0
    outer loop
      vertex 51.1 8.51962 0
      vertex 51.2596 8.38567 1.6
      vertex 51.1 8.51962 1.6
    endloop
  endfacet
  facet normal -0.642871 -0.765974 -0
    outer loop
      vertex 51.2596 8.38567 1.6
      vertex 51.1 8.51962 0
      vertex 51.2596 8.38567 0
    endloop
  endfacet
  facet normal -0.866002 0.500041 0
    outer loop
      vertex 51.2596 7.61433 0
      vertex 51.3638 7.79479 1.6
      vertex 51.3638 7.79479 0
    endloop
  endfacet
  facet normal -0.866002 0.500041 0
    outer loop
      vertex 51.3638 7.79479 1.6
      vertex 51.2596 7.61433 0
      vertex 51.2596 7.61433 1.6
    endloop
  endfacet
  facet normal -0.642871 0.765974 0
    outer loop
      vertex 51.2596 7.61433 0
      vertex 51.1 7.48038 1.6
      vertex 51.2596 7.61433 1.6
    endloop
  endfacet
  facet normal -0.642871 0.765974 0
    outer loop
      vertex 51.1 7.48038 1.6
      vertex 51.2596 7.61433 0
      vertex 51.1 7.48038 0
    endloop
  endfacet
  facet normal -0.34204 0.939685 0
    outer loop
      vertex 51.1 7.48038 0
      vertex 50.9042 7.40911 1.6
      vertex 51.1 7.48038 1.6
    endloop
  endfacet
  facet normal -0.34204 0.939685 0
    outer loop
      vertex 50.9042 7.40911 1.6
      vertex 51.1 7.48038 0
      vertex 50.9042 7.40911 0
    endloop
  endfacet
  facet normal 0.866002 -0.500041 0
    outer loop
      vertex 50.2362 8.20521 1.6
      vertex 50.3404 8.38567 0
      vertex 50.3404 8.38567 1.6
    endloop
  endfacet
  facet normal 0.866002 -0.500041 0
    outer loop
      vertex 50.3404 8.38567 0
      vertex 50.2362 8.20521 1.6
      vertex 50.2362 8.20521 0
    endloop
  endfacet
  facet normal -0.984795 0.173722 0
    outer loop
      vertex 51.3638 7.79479 0
      vertex 51.4 8 1.6
      vertex 51.4 8 0
    endloop
  endfacet
  facet normal -0.984795 0.173722 0
    outer loop
      vertex 51.4 8 1.6
      vertex 51.3638 7.79479 0
      vertex 51.3638 7.79479 1.6
    endloop
  endfacet
  facet normal 0.642871 -0.765974 0
    outer loop
      vertex 50.3404 8.38567 0
      vertex 50.5 8.51962 1.6
      vertex 50.3404 8.38567 1.6
    endloop
  endfacet
  facet normal 0.642871 -0.765974 0
    outer loop
      vertex 50.5 8.51962 1.6
      vertex 50.3404 8.38567 0
      vertex 50.5 8.51962 0
    endloop
  endfacet
  facet normal 0 1 -0
    outer loop
      vertex 50.9042 7.40911 0
      vertex 50.6958 7.40911 1.6
      vertex 50.9042 7.40911 1.6
    endloop
  endfacet
  facet normal 0 1 0
    outer loop
      vertex 50.6958 7.40911 1.6
      vertex 50.9042 7.40911 0
      vertex 50.6958 7.40911 0
    endloop
  endfacet
  facet normal -0.341997 -0.939701 0
    outer loop
      vertex 50.9042 8.59088 0
      vertex 51.1 8.51962 1.6
      vertex 50.9042 8.59088 1.6
    endloop
  endfacet
  facet normal -0.341997 -0.939701 -0
    outer loop
      vertex 51.1 8.51962 1.6
      vertex 50.9042 8.59088 0
      vertex 51.1 8.51962 0
    endloop
  endfacet
  facet normal 0.866002 0.500041 0
    outer loop
      vertex 50.3404 7.61433 1.6
      vertex 50.2362 7.79479 0
      vertex 50.2362 7.79479 1.6
    endloop
  endfacet
  facet normal 0.866002 0.500041 0
    outer loop
      vertex 50.2362 7.79479 0
      vertex 50.3404 7.61433 1.6
      vertex 50.3404 7.61433 0
    endloop
  endfacet
  facet normal 0.984795 0.173722 0
    outer loop
      vertex 50.2362 7.79479 1.6
      vertex 50.2 8 0
      vertex 50.2 8 1.6
    endloop
  endfacet
  facet normal 0.984795 0.173722 0
    outer loop
      vertex 50.2 8 0
      vertex 50.2362 7.79479 1.6
      vertex 50.2362 7.79479 0
    endloop
  endfacet
  facet normal 0 -1 0
    outer loop
      vertex 50.6958 8.59088 0
      vertex 50.9042 8.59088 1.6
      vertex 50.6958 8.59088 1.6
    endloop
  endfacet
  facet normal 0 -1 -0
    outer loop
      vertex 50.9042 8.59088 1.6
      vertex 50.6958 8.59088 0
      vertex 50.9042 8.59088 0
    endloop
  endfacet
  facet normal 0.984795 -0.173722 0
    outer loop
      vertex 50.2 8 1.6
      vertex 50.2362 8.20521 0
      vertex 50.2362 8.20521 1.6
    endloop
  endfacet
  facet normal 0.984795 -0.173722 0
    outer loop
      vertex 50.2362 8.20521 0
      vertex 50.2 8 1.6
      vertex 50.2 8 0
    endloop
  endfacet
  facet normal 0.341997 -0.939701 0
    outer loop
      vertex 50.5 8.51962 0
      vertex 50.6958 8.59088 1.6
      vertex 50.5 8.51962 1.6
    endloop
  endfacet
  facet normal 0.341997 -0.939701 0
    outer loop
      vertex 50.6958 8.59088 1.6
      vertex 50.5 8.51962 0
      vertex 50.6958 8.59088 0
    endloop
  endfacet
  facet normal 0.642871 0.765974 -0
    outer loop
      vertex 50.5 7.48038 0
      vertex 50.3404 7.61433 1.6
      vertex 50.5 7.48038 1.6
    endloop
  endfacet
  facet normal 0.642871 0.765974 0
    outer loop
      vertex 50.3404 7.61433 1.6
      vertex 50.5 7.48038 0
      vertex 50.3404 7.61433 0
    endloop
  endfacet
  facet normal 0.34204 0.939685 -0
    outer loop
      vertex 50.6958 7.40911 0
      vertex 50.5 7.48038 1.6
      vertex 50.6958 7.40911 1.6
    endloop
  endfacet
  facet normal 0.34204 0.939685 0
    outer loop
      vertex 50.5 7.48038 1.6
      vertex 50.6958 7.40911 0
      vertex 50.5 7.48038 0
    endloop
  endfacet
  facet normal 1 -0 0
    outer loop
      vertex 55 23 1.6
      vertex 55 25 0
      vertex 55 25 1.6
    endloop
  endfacet
  facet normal 1 -0 0
    outer loop
      vertex 55 2 1.6
      vertex 55 25 0
      vertex 55 23 1.6
    endloop
  endfacet
  facet normal 1 0 0
    outer loop
      vertex 55 0 0
      vertex 55 2 1.6
      vertex 55 0 1.6
    endloop
  endfacet
  facet normal 1 0 0
    outer loop
      vertex 55 2 1.6
      vertex 55 0 0
      vertex 55 25 0
    endloop
  endfacet
  facet normal 0 0 1
    outer loop
      vertex 51.1522 22.2346 1.6
      vertex 50.2405 19.6334 1.6
      vertex 50.7118 18.7517 1.6
    endloop
  endfacet
  facet normal 0 0 1
    outer loop
      vertex 47.9517 21.5118 1.6
      vertex 51 23 1.6
      vertex 51.0384 23.3902 1.6
    endloop
  endfacet
  facet normal 0 0 1
    outer loop
      vertex 51.0384 22.6098 1.6
      vertex 49.6062 20.4062 1.6
      vertex 50.2405 19.6334 1.6
    endloop
  endfacet
  facet normal 0 0 1
    outer loop
      vertex 47.9517 21.5118 1.6
      vertex 51.0384 23.3902 1.6
      vertex 51.1522 23.7654 1.6
    endloop
  endfacet
  facet normal 0 0 1
    outer loop
      vertex 51.0384 22.6098 1.6
      vertex 48.8334 21.0405 1.6
      vertex 49.6062 20.4062 1.6
    endloop
  endfacet
  facet normal 0 0 1
    outer loop
      vertex 46.995 21.802 1.6
      vertex 51.1522 23.7654 1.6
      vertex 51.3371 24.1111 1.6
    endloop
  endfacet
  facet normal 0 0 1
    outer loop
      vertex 51 23 1.6
      vertex 47.9517 21.5118 1.6
      vertex 48.8334 21.0405 1.6
    endloop
  endfacet
  facet normal 0 0 1
    outer loop
      vertex 46 21.9 1.6
      vertex 51.3371 24.1111 1.6
      vertex 51.5858 24.4142 1.6
    endloop
  endfacet
  facet normal 0 0 1
    outer loop
      vertex 45.005 21.802 1.6
      vertex 51.5858 24.4142 1.6
      vertex 51.8889 24.6629 1.6
    endloop
  endfacet
  facet normal 0 0 1
    outer loop
      vertex 51.1522 23.7654 1.6
      vertex 46.995 21.802 1.6
      vertex 47.9517 21.5118 1.6
    endloop
  endfacet
  facet normal 0 0 1
    outer loop
      vertex 51.3371 24.1111 1.6
      vertex 46 21.9 1.6
      vertex 46.995 21.802 1.6
    endloop
  endfacet
  facet normal 0 0 1
    outer loop
      vertex 35.5 22.5 1.6
      vertex 51.8889 24.6629 1.6
      vertex 52.2346 24.8478 1.6
    endloop
  endfacet
  facet normal 0 0 1
    outer loop
      vertex 51.5858 24.4142 1.6
      vertex 45.005 21.802 1.6
      vertex 46 21.9 1.6
    endloop
  endfacet
  facet normal 0 0 1
    outer loop
      vertex 51.8889 24.6629 1.6
      vertex 35.5 22.5 1.6
      vertex 45.005 21.802 1.6
    endloop
  endfacet
  facet normal 0 0 1
    outer loop
      vertex 43.1666 21.0405 1.6
      vertex 42 20.8 1.6
      vertex 42.8735 20.8 1.6
    endloop
  endfacet
  facet normal 0 0 1
    outer loop
      vertex 44.0483 21.5118 1.6
      vertex 42 20.8 1.6
      vertex 43.1666 21.0405 1.6
    endloop
  endfacet
  facet normal 0 0 1
    outer loop
      vertex 45.005 21.802 1.6
      vertex 35.5 22.5 1.6
      vertex 44.0483 21.5118 1.6
    endloop
  endfacet
  facet normal -0 0 1
    outer loop
      vertex 40.5 20.7 1.6
      vertex 42 19.9265 1.6
      vertex 42 20.8 1.6
    endloop
  endfacet
  facet normal 0 0 1
    outer loop
      vertex 42 19.9265 1.6
      vertex 40.5 20.7 1.6
      vertex 41.7595 19.6334 1.6
    endloop
  endfacet
  facet normal 0 0 1
    outer loop
      vertex 41.2882 18.7517 1.6
      vertex 40.5 18.7 1.6
      vertex 40.998 17.795 1.6
    endloop
  endfacet
  facet normal 0 0 1
    outer loop
      vertex 41.7595 19.6334 1.6
      vertex 40.5 18.7 1.6
      vertex 41.2882 18.7517 1.6
    endloop
  endfacet
  facet normal 0 0 1
    outer loop
      vertex 40.5 18.7 1.6
      vertex 41.7595 19.6334 1.6
      vertex 40.5 20.7 1.6
    endloop
  endfacet
  facet normal 0 -0 1
    outer loop
      vertex 40.5 20.7 1.6
      vertex 44.0483 21.5118 1.6
      vertex 35.5 22.5 1.6
    endloop
  endfacet
  facet normal 0 0 1
    outer loop
      vertex 44.0483 21.5118 1.6
      vertex 40.5 20.7 1.6
      vertex 42 20.8 1.6
    endloop
  endfacet
  facet normal 0 0 1
    outer loop
      vertex 35.5 17.5 1.6
      vertex 39.2 20.7 1.6
      vertex 35.5 22.5 1.6
    endloop
  endfacet
  facet normal 0 0 1
    outer loop
      vertex 40.5 20.7 1.6
      vertex 35.5 22.5 1.6
      vertex 39.2 20.7 1.6
    endloop
  endfacet
  facet normal 0 0 1
    outer loop
      vertex 52.6098 24.9616 1.6
      vertex 35.5 22.5 1.6
      vertex 52.2346 24.8478 1.6
    endloop
  endfacet
  facet normal 0 0 1
    outer loop
      vertex 52.6098 24.9616 1.6
      vertex 23.5 22.5 1.6
      vertex 35.5 22.5 1.6
    endloop
  endfacet
  facet normal 0 0 1
    outer loop
      vertex 2.39018 24.9616 1.6
      vertex 52.6098 24.9616 1.6
      vertex 53 25 1.6
    endloop
  endfacet
  facet normal 0 0 1
    outer loop
      vertex 23.5 22.5 1.6
      vertex 22 22.2 1.6
      vertex 23.5 22.2 1.6
    endloop
  endfacet
  facet normal 0 0 1
    outer loop
      vertex 22 22.2 1.6
      vertex 11.9205 21.5 1.6
      vertex 22 21.5 1.6
    endloop
  endfacet
  facet normal 0 0 1
    outer loop
      vertex 10.1863 23.364 1.6
      vertex 22 22.2 1.6
      vertex 23.5 22.5 1.6
    endloop
  endfacet
  facet normal 0 0 1
    outer loop
      vertex 22 22.2 1.6
      vertex 11.864 21.6863 1.6
      vertex 11.9205 21.5 1.6
    endloop
  endfacet
  facet normal 0 0 1
    outer loop
      vertex 52.6098 24.9616 1.6
      vertex 2.39018 24.9616 1.6
      vertex 23.5 22.5 1.6
    endloop
  endfacet
  facet normal 0 0 1
    outer loop
      vertex 22 22.2 1.6
      vertex 11.5776 22.2223 1.6
      vertex 11.864 21.6863 1.6
    endloop
  endfacet
  facet normal 0 0 1
    outer loop
      vertex 22 22.2 1.6
      vertex 11.192 22.692 1.6
      vertex 11.5776 22.2223 1.6
    endloop
  endfacet
  facet normal 0 0 1
    outer loop
      vertex 22 22.2 1.6
      vertex 10.7223 23.0776 1.6
      vertex 11.192 22.692 1.6
    endloop
  endfacet
  facet normal 0 0 1
    outer loop
      vertex 22 22.2 1.6
      vertex 10.1863 23.364 1.6
      vertex 10.7223 23.0776 1.6
    endloop
  endfacet
  facet normal 0 0 1
    outer loop
      vertex 23.5 22.5 1.6
      vertex 9.60478 23.5404 1.6
      vertex 10.1863 23.364 1.6
    endloop
  endfacet
  facet normal 0 0 1
    outer loop
      vertex 23.5 22.5 1.6
      vertex 2.39018 24.9616 1.6
      vertex 9.60478 23.5404 1.6
    endloop
  endfacet
  facet normal 0 0 1
    outer loop
      vertex 6.42244 18.7777 1.6
      vertex 4.89375 11.6062 1.6
      vertex 5.66659 12.2405 1.6
    endloop
  endfacet
  facet normal 0 0 1
    outer loop
      vertex 4.65963 20.3857 1.6
      vertex 5.9 20.5 1.6
      vertex 5.95957 21.1048 1.6
    endloop
  endfacet
  facet normal 0 0 1
    outer loop
      vertex 5.95957 19.8952 1.6
      vertex 4.8 20 1.6
      vertex 4.76381 19.7948 1.6
    endloop
  endfacet
  facet normal 0 0 1
    outer loop
      vertex 3.84776 22.2346 1.6
      vertex 5.95957 21.1048 1.6
      vertex 6.13597 21.6863 1.6
    endloop
  endfacet
  facet normal 0 0 1
    outer loop
      vertex 3.96157 22.6098 1.6
      vertex 6.13597 21.6863 1.6
      vertex 6.42244 22.2223 1.6
    endloop
  endfacet
  facet normal 0 0 1
    outer loop
      vertex 5.9 20.5 1.6
      vertex 4.76381 20.2052 1.6
      vertex 4.8 20 1.6
    endloop
  endfacet
  facet normal 0 0 1
    outer loop
      vertex 3.96157 23.3902 1.6
      vertex 6.42244 22.2223 1.6
      vertex 6.80797 22.692 1.6
    endloop
  endfacet
  facet normal 0 0 1
    outer loop
      vertex 5.9 20.5 1.6
      vertex 4.65963 20.3857 1.6
      vertex 4.76381 20.2052 1.6
    endloop
  endfacet
  facet normal 0 0 1
    outer loop
      vertex 5.95957 21.1048 1.6
      vertex 4.5 20.5196 1.6
      vertex 4.65963 20.3857 1.6
    endloop
  endfacet
  facet normal 0 0 1
    outer loop
      vertex 5.95957 21.1048 1.6
      vertex 3.84776 22.2346 1.6
      vertex 4.5 20.5196 1.6
    endloop
  endfacet
  facet normal 0 0 1
    outer loop
      vertex 4.5 20.5196 1.6
      vertex 3.84776 22.2346 1.6
      vertex 4.30419 20.5909 1.6
    endloop
  endfacet
  facet normal 0 0 1
    outer loop
      vertex 3.84776 23.7654 1.6
      vertex 6.80797 22.692 1.6
      vertex 7.27773 23.0776 1.6
    endloop
  endfacet
  facet normal 0 0 1
    outer loop
      vertex 6.42244 22.2223 1.6
      vertex 4 23 1.6
      vertex 3.96157 22.6098 1.6
    endloop
  endfacet
  facet normal 0 0 1
    outer loop
      vertex 3.66294 24.1111 1.6
      vertex 7.27773 23.0776 1.6
      vertex 7.81368 23.364 1.6
    endloop
  endfacet
  facet normal 0 0 1
    outer loop
      vertex 3.41421 24.4142 1.6
      vertex 7.81368 23.364 1.6
      vertex 8.39522 23.5404 1.6
    endloop
  endfacet
  facet normal 0 0 1
    outer loop
      vertex 6.42244 22.2223 1.6
      vertex 3.96157 23.3902 1.6
      vertex 4 23 1.6
    endloop
  endfacet
  facet normal 0 0 1
    outer loop
      vertex 3.11114 24.6629 1.6
      vertex 8.39522 23.5404 1.6
      vertex 9 23.6 1.6
    endloop
  endfacet
  facet normal 0 0 1
    outer loop
      vertex 6.80797 22.692 1.6
      vertex 3.84776 23.7654 1.6
      vertex 3.96157 23.3902 1.6
    endloop
  endfacet
  facet normal 0 0 1
    outer loop
      vertex 9.60478 23.5404 1.6
      vertex 2.39018 24.9616 1.6
      vertex 9 23.6 1.6
    endloop
  endfacet
  facet normal 0 0 1
    outer loop
      vertex 7.27773 23.0776 1.6
      vertex 3.66294 24.1111 1.6
      vertex 3.84776 23.7654 1.6
    endloop
  endfacet
  facet normal 0 0 1
    outer loop
      vertex 7.81368 23.364 1.6
      vertex 3.41421 24.4142 1.6
      vertex 3.66294 24.1111 1.6
    endloop
  endfacet
  facet normal 0 0 1
    outer loop
      vertex 8.39522 23.5404 1.6
      vertex 3.11114 24.6629 1.6
      vertex 3.41421 24.4142 1.6
    endloop
  endfacet
  facet normal 0 0 1
    outer loop
      vertex 9 23.6 1.6
      vertex 2.76537 24.8478 1.6
      vertex 3.11114 24.6629 1.6
    endloop
  endfacet
  facet normal 0 0 1
    outer loop
      vertex 9 23.6 1.6
      vertex 2.39018 24.9616 1.6
      vertex 2.76537 24.8478 1.6
    endloop
  endfacet
  facet normal 0 -0 1
    outer loop
      vertex 2.39018 24.9616 1.6
      vertex 53 25 1.6
      vertex 2 25 1.6
    endloop
  endfacet
  facet normal 0 0 1
    outer loop
      vertex 50.2405 19.6334 1.6
      vertex 51.1522 22.2346 1.6
      vertex 51.0384 22.6098 1.6
    endloop
  endfacet
  facet normal 0 0 1
    outer loop
      vertex 51.1522 22.2346 1.6
      vertex 51.002 17.795 1.6
      vertex 51.1 16.8 1.6
    endloop
  endfacet
  facet normal 0 0 1
    outer loop
      vertex 48.8334 21.0405 1.6
      vertex 51.0384 22.6098 1.6
      vertex 51 23 1.6
    endloop
  endfacet
  facet normal 0 0 1
    outer loop
      vertex 51.1522 22.2346 1.6
      vertex 50.7118 18.7517 1.6
      vertex 51.002 17.795 1.6
    endloop
  endfacet
  facet normal 0 0 1
    outer loop
      vertex 53.3902 3.96157 1.6
      vertex 51.3638 5.20521 1.6
      vertex 53 4 1.6
    endloop
  endfacet
  facet normal 0 0 1
    outer loop
      vertex 53 4 1.6
      vertex 51.3638 5.20521 1.6
      vertex 51.4 5 1.6
    endloop
  endfacet
  facet normal -0 0 1
    outer loop
      vertex 51.2596 7.61433 1.6
      vertex 51.3638 5.20521 1.6
      vertex 51.3638 7.79479 1.6
    endloop
  endfacet
  facet normal 0 0 1
    outer loop
      vertex 51.2596 7.61433 1.6
      vertex 51.2596 5.38567 1.6
      vertex 51.3638 5.20521 1.6
    endloop
  endfacet
  facet normal -0 0 1
    outer loop
      vertex 51.1 7.48038 1.6
      vertex 51.2596 5.38567 1.6
      vertex 51.2596 7.61433 1.6
    endloop
  endfacet
  facet normal 0 0 1
    outer loop
      vertex 51.1 7.48038 1.6
      vertex 51.1 5.51962 1.6
      vertex 51.2596 5.38567 1.6
    endloop
  endfacet
  facet normal -0 0 1
    outer loop
      vertex 50.9042 7.40911 1.6
      vertex 51.1 5.51962 1.6
      vertex 51.1 7.48038 1.6
    endloop
  endfacet
  facet normal 0 0 1
    outer loop
      vertex 50.9042 7.40911 1.6
      vertex 50.9042 5.59088 1.6
      vertex 51.1 5.51962 1.6
    endloop
  endfacet
  facet normal -0 0 1
    outer loop
      vertex 50.6958 7.40911 1.6
      vertex 50.9042 5.59088 1.6
      vertex 50.9042 7.40911 1.6
    endloop
  endfacet
  facet normal 0 0 1
    outer loop
      vertex 50.6958 7.40911 1.6
      vertex 50.6958 5.59088 1.6
      vertex 50.9042 5.59088 1.6
    endloop
  endfacet
  facet normal 0 0 1
    outer loop
      vertex 50.5 7.48038 1.6
      vertex 50.6958 5.59088 1.6
      vertex 50.6958 7.40911 1.6
    endloop
  endfacet
  facet normal 0 0 1
    outer loop
      vertex 50.5 7.48038 1.6
      vertex 50.5 5.51962 1.6
      vertex 50.6958 5.59088 1.6
    endloop
  endfacet
  facet normal 0 0 1
    outer loop
      vertex 48.5776 6.22227 1.6
      vertex 50.5 7.48038 1.6
      vertex 50.3404 7.61433 1.6
    endloop
  endfacet
  facet normal 0 0 1
    outer loop
      vertex 50.5 7.48038 1.6
      vertex 48.864 5.68632 1.6
      vertex 50.5 5.51962 1.6
    endloop
  endfacet
  facet normal 0 0 1
    outer loop
      vertex 48.5776 6.22227 1.6
      vertex 50.3404 7.61433 1.6
      vertex 50.2362 7.79479 1.6
    endloop
  endfacet
  facet normal 0 0 1
    outer loop
      vertex 50.5 7.48038 1.6
      vertex 48.5776 6.22227 1.6
      vertex 48.864 5.68632 1.6
    endloop
  endfacet
  facet normal 0 0 1
    outer loop
      vertex 48.192 6.69203 1.6
      vertex 50.2362 7.79479 1.6
      vertex 50.2 8 1.6
    endloop
  endfacet
  facet normal 0 0 1
    outer loop
      vertex 50.3404 5.38567 1.6
      vertex 48.864 5.68632 1.6
      vertex 50.2362 5.20521 1.6
    endloop
  endfacet
  facet normal -0 0 1
    outer loop
      vertex 54.9616 22.6098 1.6
      vertex 55 2 1.6
      vertex 55 23 1.6
    endloop
  endfacet
  facet normal 0 0 1
    outer loop
      vertex 54.9616 22.6098 1.6
      vertex 54.9616 2.39018 1.6
      vertex 55 2 1.6
    endloop
  endfacet
  facet normal -0 0 1
    outer loop
      vertex 54.8478 22.2346 1.6
      vertex 54.9616 2.39018 1.6
      vertex 54.9616 22.6098 1.6
    endloop
  endfacet
  facet normal 0 0 1
    outer loop
      vertex 54.8478 22.2346 1.6
      vertex 54.8478 2.76537 1.6
      vertex 54.9616 2.39018 1.6
    endloop
  endfacet
  facet normal -0 0 1
    outer loop
      vertex 54.6629 21.8889 1.6
      vertex 54.8478 2.76537 1.6
      vertex 54.8478 22.2346 1.6
    endloop
  endfacet
  facet normal 0 0 1
    outer loop
      vertex 54.6629 21.8889 1.6
      vertex 54.6629 3.11114 1.6
      vertex 54.8478 2.76537 1.6
    endloop
  endfacet
  facet normal -0 0 1
    outer loop
      vertex 54.4142 21.5858 1.6
      vertex 54.6629 3.11114 1.6
      vertex 54.6629 21.8889 1.6
    endloop
  endfacet
  facet normal 0 0 1
    outer loop
      vertex 54.4142 21.5858 1.6
      vertex 54.4142 3.41421 1.6
      vertex 54.6629 3.11114 1.6
    endloop
  endfacet
  facet normal 0 0 1
    outer loop
      vertex 51.002 15.805 1.6
      vertex 54.4142 21.5858 1.6
      vertex 54.1111 21.3371 1.6
    endloop
  endfacet
  facet normal 0 0 1
    outer loop
      vertex 54.4142 21.5858 1.6
      vertex 51.3638 8.20521 1.6
      vertex 54.4142 3.41421 1.6
    endloop
  endfacet
  facet normal 0 0 1
    outer loop
      vertex 51.1 16.8 1.6
      vertex 54.1111 21.3371 1.6
      vertex 53.7654 21.1522 1.6
    endloop
  endfacet
  facet normal 0 0 1
    outer loop
      vertex 54.4142 3.41421 1.6
      vertex 51.3638 8.20521 1.6
      vertex 54.1111 3.66294 1.6
    endloop
  endfacet
  facet normal 0 0 1
    outer loop
      vertex 51.1 16.8 1.6
      vertex 53.7654 21.1522 1.6
      vertex 53.3902 21.0384 1.6
    endloop
  endfacet
  facet normal -0 -0 1
    outer loop
      vertex 51.4 8 1.6
      vertex 54.1111 3.66294 1.6
      vertex 51.3638 8.20521 1.6
    endloop
  endfacet
  facet normal 0 0 1
    outer loop
      vertex 51.1 16.8 1.6
      vertex 53.3902 21.0384 1.6
      vertex 53 21 1.6
    endloop
  endfacet
  facet normal 0 0 1
    outer loop
      vertex 54.1111 3.66294 1.6
      vertex 51.4 8 1.6
      vertex 53.7654 3.84776 1.6
    endloop
  endfacet
  facet normal 0 0 1
    outer loop
      vertex 51.1 16.8 1.6
      vertex 53 21 1.6
      vertex 52.6098 21.0384 1.6
    endloop
  endfacet
  facet normal -0 0 1
    outer loop
      vertex 51.3638 7.79479 1.6
      vertex 53.7654 3.84776 1.6
      vertex 51.4 8 1.6
    endloop
  endfacet
  facet normal 0 0 1
    outer loop
      vertex 51.1 16.8 1.6
      vertex 52.6098 21.0384 1.6
      vertex 52.2346 21.1522 1.6
    endloop
  endfacet
  facet normal 0 0 1
    outer loop
      vertex 53.7654 3.84776 1.6
      vertex 51.3638 7.79479 1.6
      vertex 53.3902 3.96157 1.6
    endloop
  endfacet
  facet normal 0 0 1
    outer loop
      vertex 51.1 16.8 1.6
      vertex 52.2346 21.1522 1.6
      vertex 51.8889 21.3371 1.6
    endloop
  endfacet
  facet normal 0 0 1
    outer loop
      vertex 53 4 1.6
      vertex 51.4 5 1.6
      vertex 52.6098 3.96157 1.6
    endloop
  endfacet
  facet normal 0 0 1
    outer loop
      vertex 51.1 16.8 1.6
      vertex 51.8889 21.3371 1.6
      vertex 51.5858 21.5858 1.6
    endloop
  endfacet
  facet normal -0 0 1
    outer loop
      vertex 51.3638 4.79479 1.6
      vertex 52.6098 3.96157 1.6
      vertex 51.4 5 1.6
    endloop
  endfacet
  facet normal 0 0 1
    outer loop
      vertex 52.6098 3.96157 1.6
      vertex 51.3638 4.79479 1.6
      vertex 52.2346 3.84776 1.6
    endloop
  endfacet
  facet normal 0 0 1
    outer loop
      vertex 54.1111 21.3371 1.6
      vertex 51.1 16.8 1.6
      vertex 51.002 15.805 1.6
    endloop
  endfacet
  facet normal 0 0 1
    outer loop
      vertex 51.1 16.8 1.6
      vertex 51.5858 21.5858 1.6
      vertex 51.3371 21.8889 1.6
    endloop
  endfacet
  facet normal -0 0 1
    outer loop
      vertex 51.3638 5.20521 1.6
      vertex 53.3902 3.96157 1.6
      vertex 51.3638 7.79479 1.6
    endloop
  endfacet
  facet normal 0 0 1
    outer loop
      vertex 51.1 16.8 1.6
      vertex 51.3371 21.8889 1.6
      vertex 51.1522 22.2346 1.6
    endloop
  endfacet
  facet normal 0 0 1
    outer loop
      vertex 54.4142 21.5858 1.6
      vertex 51.002 15.805 1.6
      vertex 51.3638 8.20521 1.6
    endloop
  endfacet
  facet normal -0 0 1
    outer loop
      vertex 50.7118 14.8483 1.6
      vertex 51.3638 8.20521 1.6
      vertex 51.002 15.805 1.6
    endloop
  endfacet
  facet normal 0 0 1
    outer loop
      vertex 51.3638 8.20521 1.6
      vertex 50.7118 14.8483 1.6
      vertex 51.2596 8.38567 1.6
    endloop
  endfacet
  facet normal -0 0 1
    outer loop
      vertex 50.2405 13.9666 1.6
      vertex 51.2596 8.38567 1.6
      vertex 50.7118 14.8483 1.6
    endloop
  endfacet
  facet normal 0 0 1
    outer loop
      vertex 51.2596 8.38567 1.6
      vertex 50.2405 13.9666 1.6
      vertex 51.1 8.51962 1.6
    endloop
  endfacet
  facet normal -0 0 1
    outer loop
      vertex 49.6062 13.1938 1.6
      vertex 51.1 8.51962 1.6
      vertex 50.2405 13.9666 1.6
    endloop
  endfacet
  facet normal 0 0 1
    outer loop
      vertex 51.1 8.51962 1.6
      vertex 49.6062 13.1938 1.6
      vertex 50.9042 8.59088 1.6
    endloop
  endfacet
  facet normal 0 0 1
    outer loop
      vertex 50.9042 8.59088 1.6
      vertex 49.6062 13.1938 1.6
      vertex 50.6958 8.59088 1.6
    endloop
  endfacet
  facet normal -0 0 1
    outer loop
      vertex 48.8334 12.5595 1.6
      vertex 50.6958 8.59088 1.6
      vertex 49.6062 13.1938 1.6
    endloop
  endfacet
  facet normal 0 0 1
    outer loop
      vertex 50.6958 8.59088 1.6
      vertex 48.8334 12.5595 1.6
      vertex 50.5 8.51962 1.6
    endloop
  endfacet
  facet normal -0 0 1
    outer loop
      vertex 47.9517 12.0882 1.6
      vertex 50.5 8.51962 1.6
      vertex 48.8334 12.5595 1.6
    endloop
  endfacet
  facet normal 0 0 1
    outer loop
      vertex 47.1863 7.36403 1.6
      vertex 50.3404 8.38567 1.6
      vertex 47.9517 12.0882 1.6
    endloop
  endfacet
  facet normal 0 0 1
    outer loop
      vertex 50.5 8.51962 1.6
      vertex 47.9517 12.0882 1.6
      vertex 50.3404 8.38567 1.6
    endloop
  endfacet
  facet normal -0 0 1
    outer loop
      vertex 51.2596 4.61433 1.6
      vertex 52.2346 3.84776 1.6
      vertex 51.3638 4.79479 1.6
    endloop
  endfacet
  facet normal 0 0 1
    outer loop
      vertex 52.2346 3.84776 1.6
      vertex 51.2596 4.61433 1.6
      vertex 51.8889 3.66294 1.6
    endloop
  endfacet
  facet normal -0 0 1
    outer loop
      vertex 51.1 4.48038 1.6
      vertex 51.8889 3.66294 1.6
      vertex 51.2596 4.61433 1.6
    endloop
  endfacet
  facet normal 0 0 1
    outer loop
      vertex 51.8889 3.66294 1.6
      vertex 51.1 4.48038 1.6
      vertex 51.5858 3.41421 1.6
    endloop
  endfacet
  facet normal -0 0 1
    outer loop
      vertex 50.9042 4.40911 1.6
      vertex 51.5858 3.41421 1.6
      vertex 51.1 4.48038 1.6
    endloop
  endfacet
  facet normal 0 0 1
    outer loop
      vertex 51.5858 3.41421 1.6
      vertex 50.9042 4.40911 1.6
      vertex 51.3371 3.11114 1.6
    endloop
  endfacet
  facet normal -0 0 1
    outer loop
      vertex 50.6958 4.40911 1.6
      vertex 51.3371 3.11114 1.6
      vertex 50.9042 4.40911 1.6
    endloop
  endfacet
  facet normal 0 0 1
    outer loop
      vertex 51.3371 3.11114 1.6
      vertex 50.6958 4.40911 1.6
      vertex 51.1522 2.76537 1.6
    endloop
  endfacet
  facet normal 0 0 1
    outer loop
      vertex 50.5 4.48038 1.6
      vertex 51.1522 2.76537 1.6
      vertex 50.6958 4.40911 1.6
    endloop
  endfacet
  facet normal -0 0 1
    outer loop
      vertex 49.0404 3.89522 1.6
      vertex 51.1522 2.76537 1.6
      vertex 50.5 4.48038 1.6
    endloop
  endfacet
  facet normal -0 0 1
    outer loop
      vertex 48.5776 2.77773 1.6
      vertex 51.0384 2.39018 1.6
      vertex 48.864 3.31368 1.6
    endloop
  endfacet
  facet normal -0 0 1
    outer loop
      vertex 48.864 3.31368 1.6
      vertex 51.1522 2.76537 1.6
      vertex 49.0404 3.89522 1.6
    endloop
  endfacet
  facet normal 0 0 1
    outer loop
      vertex 49.0404 3.89522 1.6
      vertex 50.5 4.48038 1.6
      vertex 50.3404 4.61433 1.6
    endloop
  endfacet
  facet normal 0 0 1
    outer loop
      vertex 49.1 4.5 1.6
      vertex 50.3404 4.61433 1.6
      vertex 50.2362 4.79479 1.6
    endloop
  endfacet
  facet normal 0 0 1
    outer loop
      vertex 50.5 5.51962 1.6
      vertex 48.864 5.68632 1.6
      vertex 50.3404 5.38567 1.6
    endloop
  endfacet
  facet normal 0 0 1
    outer loop
      vertex 49.1 4.5 1.6
      vertex 50.2362 4.79479 1.6
      vertex 50.2 5 1.6
    endloop
  endfacet
  facet normal 0 0 1
    outer loop
      vertex 50.3404 4.61433 1.6
      vertex 49.1 4.5 1.6
      vertex 49.0404 3.89522 1.6
    endloop
  endfacet
  facet normal 0 0 1
    outer loop
      vertex 51.1522 2.76537 1.6
      vertex 48.864 3.31368 1.6
      vertex 51.0384 2.39018 1.6
    endloop
  endfacet
  facet normal 0 0 1
    outer loop
      vertex 51.0384 2.39018 1.6
      vertex 48.5776 2.77773 1.6
      vertex 51 2 1.6
    endloop
  endfacet
  facet normal 0 0 1
    outer loop
      vertex 51 2 1.6
      vertex 48.5776 2.77773 1.6
      vertex 51.0384 1.60982 1.6
    endloop
  endfacet
  facet normal -0 0 1
    outer loop
      vertex 48.192 2.30797 1.6
      vertex 51.0384 1.60982 1.6
      vertex 48.5776 2.77773 1.6
    endloop
  endfacet
  facet normal 0 0 1
    outer loop
      vertex 51.0384 1.60982 1.6
      vertex 48.192 2.30797 1.6
      vertex 51.1522 1.23463 1.6
    endloop
  endfacet
  facet normal -0 0 1
    outer loop
      vertex 47.7223 1.92244 1.6
      vertex 51.1522 1.23463 1.6
      vertex 48.192 2.30797 1.6
    endloop
  endfacet
  facet normal 0 0 1
    outer loop
      vertex 51.1522 1.23463 1.6
      vertex 47.7223 1.92244 1.6
      vertex 51.3371 0.888859 1.6
    endloop
  endfacet
  facet normal -0 0 1
    outer loop
      vertex 47.1863 1.63597 1.6
      vertex 51.3371 0.888859 1.6
      vertex 47.7223 1.92244 1.6
    endloop
  endfacet
  facet normal 0 0 1
    outer loop
      vertex 51.3371 0.888859 1.6
      vertex 47.1863 1.63597 1.6
      vertex 51.5858 0.585786 1.6
    endloop
  endfacet
  facet normal -0 0 1
    outer loop
      vertex 46.6048 1.45957 1.6
      vertex 51.5858 0.585786 1.6
      vertex 47.1863 1.63597 1.6
    endloop
  endfacet
  facet normal 0 0 1
    outer loop
      vertex 51.5858 0.585786 1.6
      vertex 46.6048 1.45957 1.6
      vertex 51.8889 0.33706 1.6
    endloop
  endfacet
  facet normal -0 0 1
    outer loop
      vertex 46 1.4 1.6
      vertex 51.8889 0.33706 1.6
      vertex 46.6048 1.45957 1.6
    endloop
  endfacet
  facet normal 0 0 1
    outer loop
      vertex 51.8889 0.33706 1.6
      vertex 46 1.4 1.6
      vertex 52.2346 0.152241 1.6
    endloop
  endfacet
  facet normal 0 0 1
    outer loop
      vertex 52.2346 0.152241 1.6
      vertex 46 1.4 1.6
      vertex 52.6098 0.0384293 1.6
    endloop
  endfacet
  facet normal 0 0 1
    outer loop
      vertex 45.3952 1.45957 1.6
      vertex 52.6098 0.0384293 1.6
      vertex 46 1.4 1.6
    endloop
  endfacet
  facet normal 0 0 1
    outer loop
      vertex 43.136 5.68632 1.6
      vertex 41.6 8.1 1.6
      vertex 42.9596 5.10478 1.6
    endloop
  endfacet
  facet normal 0 0 1
    outer loop
      vertex 41.6 2.7 1.6
      vertex 42.9596 5.10478 1.6
      vertex 41.6 8.1 1.6
    endloop
  endfacet
  facet normal 0 0 1
    outer loop
      vertex 42.9596 5.10478 1.6
      vertex 41.6 2.7 1.6
      vertex 42.9 4.5 1.6
    endloop
  endfacet
  facet normal 0 0 1
    outer loop
      vertex 42.9 4.5 1.6
      vertex 41.6 2.7 1.6
      vertex 42.9596 3.89522 1.6
    endloop
  endfacet
  facet normal 0 0 1
    outer loop
      vertex 42.9596 3.89522 1.6
      vertex 41.6 2.7 1.6
      vertex 43.136 3.31368 1.6
    endloop
  endfacet
  facet normal 0 0 1
    outer loop
      vertex 41.6 2.7 1.6
      vertex 43.4224 2.77773 1.6
      vertex 43.136 3.31368 1.6
    endloop
  endfacet
  facet normal -0 0 1
    outer loop
      vertex 41.6 2.7 1.6
      vertex 43.808 2.30797 1.6
      vertex 43.4224 2.77773 1.6
    endloop
  endfacet
  facet normal 0 0 1
    outer loop
      vertex 41.6 2.7 1.6
      vertex 44.2777 1.92244 1.6
      vertex 43.808 2.30797 1.6
    endloop
  endfacet
  facet normal 0 0 1
    outer loop
      vertex 41.6 2.7 1.6
      vertex 44.8137 1.63597 1.6
      vertex 44.2777 1.92244 1.6
    endloop
  endfacet
  facet normal -0 0 1
    outer loop
      vertex 34.4 2.7 1.6
      vertex 44.8137 1.63597 1.6
      vertex 41.6 2.7 1.6
    endloop
  endfacet
  facet normal 0 0 1
    outer loop
      vertex 34.4 2.7 1.6
      vertex 45.3952 1.45957 1.6
      vertex 44.8137 1.63597 1.6
    endloop
  endfacet
  facet normal 0 0 1
    outer loop
      vertex 34.4 2.7 1.6
      vertex 52.6098 0.0384293 1.6
      vertex 45.3952 1.45957 1.6
    endloop
  endfacet
  facet normal -0 0 1
    outer loop
      vertex 25.5 3.5 1.6
      vertex 34.4 2.7 1.6
      vertex 25.5 4.8 1.6
    endloop
  endfacet
  facet normal 0 0 1
    outer loop
      vertex 2.76537 0.152241 1.6
      vertex 34.4 2.7 1.6
      vertex 25.5 3.5 1.6
    endloop
  endfacet
  facet normal 0 0 1
    outer loop
      vertex 2.76537 0.152241 1.6
      vertex 25.5 3.5 1.6
      vertex 23.5 3.5 1.6
    endloop
  endfacet
  facet normal 0 0 1
    outer loop
      vertex 25.5 4.8 1.6
      vertex 22.3 12.5 1.6
      vertex 23.5 4.8 1.6
    endloop
  endfacet
  facet normal 0 0 1
    outer loop
      vertex 22.3 12.5 1.6
      vertex 23 13.2 1.6
      vertex 22.3 13.2 1.6
    endloop
  endfacet
  facet normal -0 0 1
    outer loop
      vertex 21.8 12.5 1.6
      vertex 23.5 4.8 1.6
      vertex 22.3 12.5 1.6
    endloop
  endfacet
  facet normal -0 0 1
    outer loop
      vertex 21.15 12.5 1.6
      vertex 23.5 4.8 1.6
      vertex 21.8 12.5 1.6
    endloop
  endfacet
  facet normal 0 0 1
    outer loop
      vertex 21.15 12.5 1.6
      vertex 21.8 12.5 1.6
      vertex 21.15 13.2 1.6
    endloop
  endfacet
  facet normal -0 0 1
    outer loop
      vertex 20.65 12.5 1.6
      vertex 23.5 4.8 1.6
      vertex 21.15 12.5 1.6
    endloop
  endfacet
  facet normal -0 0 1
    outer loop
      vertex 20 12.5 1.6
      vertex 23.5 4.8 1.6
      vertex 20.65 12.5 1.6
    endloop
  endfacet
  facet normal 0 0 1
    outer loop
      vertex 20 12.5 1.6
      vertex 20.65 12.5 1.6
      vertex 20 13.2 1.6
    endloop
  endfacet
  facet normal -0 0 1
    outer loop
      vertex 15.2 8.2 1.6
      vertex 23.5 4.8 1.6
      vertex 20 12.5 1.6
    endloop
  endfacet
  facet normal 0 0 1
    outer loop
      vertex 15.2 8.2 1.6
      vertex 20 12.5 1.6
      vertex 19.5 12.5 1.6
    endloop
  endfacet
  facet normal 0 0 1
    outer loop
      vertex 18.85 12.5 1.6
      vertex 19.5 12.5 1.6
      vertex 18.85 13.2 1.6
    endloop
  endfacet
  facet normal 0 0 1
    outer loop
      vertex 15.2 8.2 1.6
      vertex 19.5 12.5 1.6
      vertex 18.85 12.5 1.6
    endloop
  endfacet
  facet normal 0 0 1
    outer loop
      vertex 15.2 8.2 1.6
      vertex 18.85 12.5 1.6
      vertex 18.35 12.5 1.6
    endloop
  endfacet
  facet normal 0 0 1
    outer loop
      vertex 17.7 12.5 1.6
      vertex 18.35 12.5 1.6
      vertex 17.7 13.2 1.6
    endloop
  endfacet
  facet normal 0 0 1
    outer loop
      vertex 15.2 10.3 1.6
      vertex 18.35 12.5 1.6
      vertex 17.7 12.5 1.6
    endloop
  endfacet
  facet normal 0 0 1
    outer loop
      vertex 15.2 10.3 1.6
      vertex 17.7 12.5 1.6
      vertex 17.2 12.5 1.6
    endloop
  endfacet
  facet normal 0 0 1
    outer loop
      vertex 18.35 12.5 1.6
      vertex 15.2 10.3 1.6
      vertex 15.2 8.2 1.6
    endloop
  endfacet
  facet normal 0 0 1
    outer loop
      vertex 23.5 4.8 1.6
      vertex 15.2 8.2 1.6
      vertex 23.5 3.5 1.6
    endloop
  endfacet
  facet normal 0 0 1
    outer loop
      vertex 13.502 7.00504 1.6
      vertex 15.2 8.2 1.6
      vertex 14 8.2 1.6
    endloop
  endfacet
  facet normal 0 0 1
    outer loop
      vertex 13.502 7.00504 1.6
      vertex 14 8.2 1.6
      vertex 13.6 8 1.6
    endloop
  endfacet
  facet normal 0 0 1
    outer loop
      vertex 13.2118 6.04831 1.6
      vertex 15.2 8.2 1.6
      vertex 13.502 7.00504 1.6
    endloop
  endfacet
  facet normal 0 0 1
    outer loop
      vertex 15.2 8.2 1.6
      vertex 13.2118 6.04831 1.6
      vertex 23.5 3.5 1.6
    endloop
  endfacet
  facet normal -0 0 1
    outer loop
      vertex 12.7405 5.16659 1.6
      vertex 23.5 3.5 1.6
      vertex 13.2118 6.04831 1.6
    endloop
  endfacet
  facet normal -0 0 1
    outer loop
      vertex 12.1062 4.39375 1.6
      vertex 23.5 3.5 1.6
      vertex 12.7405 5.16659 1.6
    endloop
  endfacet
  facet normal -0 0 1
    outer loop
      vertex 11.3334 3.7595 1.6
      vertex 23.5 3.5 1.6
      vertex 12.1062 4.39375 1.6
    endloop
  endfacet
  facet normal 0 0 1
    outer loop
      vertex 10.4517 3.28821 1.6
      vertex 23.5 3.5 1.6
      vertex 11.3334 3.7595 1.6
    endloop
  endfacet
  facet normal 0 0 1
    outer loop
      vertex 9.49496 2.99799 1.6
      vertex 23.5 3.5 1.6
      vertex 10.4517 3.28821 1.6
    endloop
  endfacet
  facet normal 0 0 1
    outer loop
      vertex 34.4 2.7 1.6
      vertex 2.76537 0.152241 1.6
      vertex 2.39018 0.0384293 1.6
    endloop
  endfacet
  facet normal 0 0 1
    outer loop
      vertex 3.11114 0.33706 1.6
      vertex 23.5 3.5 1.6
      vertex 9.49496 2.99799 1.6
    endloop
  endfacet
  facet normal 0 0 1
    outer loop
      vertex 3.41421 0.585786 1.6
      vertex 9.49496 2.99799 1.6
      vertex 8.5 2.9 1.6
    endloop
  endfacet
  facet normal 0 0 1
    outer loop
      vertex 3.41421 3.41421 1.6
      vertex 4.89375 4.39375 1.6
      vertex 4.2595 5.16659 1.6
    endloop
  endfacet
  facet normal 0 0 1
    outer loop
      vertex 3.96157 2.39018 1.6
      vertex 5.66659 3.7595 1.6
      vertex 4.89375 4.39375 1.6
    endloop
  endfacet
  facet normal 0 0 1
    outer loop
      vertex 4 2 1.6
      vertex 6.54831 3.28821 1.6
      vertex 5.66659 3.7595 1.6
    endloop
  endfacet
  facet normal 0 0 1
    outer loop
      vertex 3.96157 1.60982 1.6
      vertex 6.54831 3.28821 1.6
      vertex 4 2 1.6
    endloop
  endfacet
  facet normal 0 0 1
    outer loop
      vertex 6.54831 3.28821 1.6
      vertex 3.96157 1.60982 1.6
      vertex 7.50504 2.99799 1.6
    endloop
  endfacet
  facet normal 0 0 1
    outer loop
      vertex 3.84776 1.23463 1.6
      vertex 7.50504 2.99799 1.6
      vertex 3.96157 1.60982 1.6
    endloop
  endfacet
  facet normal 0 0 1
    outer loop
      vertex 3.66294 0.888859 1.6
      vertex 7.50504 2.99799 1.6
      vertex 3.84776 1.23463 1.6
    endloop
  endfacet
  facet normal 0 0 1
    outer loop
      vertex 7.50504 2.99799 1.6
      vertex 3.66294 0.888859 1.6
      vertex 8.5 2.9 1.6
    endloop
  endfacet
  facet normal 0 0 1
    outer loop
      vertex 3.41421 0.585786 1.6
      vertex 8.5 2.9 1.6
      vertex 3.66294 0.888859 1.6
    endloop
  endfacet
  facet normal 0 0 1
    outer loop
      vertex 9.49496 2.99799 1.6
      vertex 3.41421 0.585786 1.6
      vertex 3.11114 0.33706 1.6
    endloop
  endfacet
  facet normal 0 0 1
    outer loop
      vertex 23.5 3.5 1.6
      vertex 3.11114 0.33706 1.6
      vertex 2.76537 0.152241 1.6
    endloop
  endfacet
  facet normal 0 0 1
    outer loop
      vertex 34.4 2.7 1.6
      vertex 2.39018 0.0384293 1.6
      vertex 52.6098 0.0384293 1.6
    endloop
  endfacet
  facet normal 0 0 1
    outer loop
      vertex 52.6098 0.0384293 1.6
      vertex 2.39018 0.0384293 1.6
      vertex 53 0 1.6
    endloop
  endfacet
  facet normal 0 0 1
    outer loop
      vertex 53 0 1.6
      vertex 2.39018 0.0384293 1.6
      vertex 2 0 1.6
    endloop
  endfacet
  facet normal 0 0 1
    outer loop
      vertex 5.66659 3.7595 1.6
      vertex 3.96157 2.39018 1.6
      vertex 4 2 1.6
    endloop
  endfacet
  facet normal 0 0 1
    outer loop
      vertex 4.89375 4.39375 1.6
      vertex 3.84776 2.76537 1.6
      vertex 3.96157 2.39018 1.6
    endloop
  endfacet
  facet normal 0 0 1
    outer loop
      vertex 2.76537 3.84776 1.6
      vertex 4.2595 5.16659 1.6
      vertex 3.78821 6.04831 1.6
    endloop
  endfacet
  facet normal 0 0 1
    outer loop
      vertex 4.89375 4.39375 1.6
      vertex 3.66294 3.11114 1.6
      vertex 3.84776 2.76537 1.6
    endloop
  endfacet
  facet normal 0 0 1
    outer loop
      vertex 2 4 1.6
      vertex 3.78821 6.04831 1.6
      vertex 3.49799 7.00504 1.6
    endloop
  endfacet
  facet normal 0 0 1
    outer loop
      vertex 4.89375 4.39375 1.6
      vertex 3.41421 3.41421 1.6
      vertex 3.66294 3.11114 1.6
    endloop
  endfacet
  facet normal 0 0 1
    outer loop
      vertex 1.23463 3.84776 1.6
      vertex 3.49799 7.00504 1.6
      vertex 3.4 8 1.6
    endloop
  endfacet
  facet normal 0 0 1
    outer loop
      vertex 3.63618 19.7948 1.6
      vertex 1.60982 21.0384 1.6
      vertex 3.63618 17.2052 1.6
    endloop
  endfacet
  facet normal 0 0 1
    outer loop
      vertex 4.2595 5.16659 1.6
      vertex 3.11114 3.66294 1.6
      vertex 3.41421 3.41421 1.6
    endloop
  endfacet
  facet normal 0 0 1
    outer loop
      vertex 1.23463 21.1522 1.6
      vertex 3.63618 17.2052 1.6
      vertex 1.60982 21.0384 1.6
    endloop
  endfacet
  facet normal 0 0 1
    outer loop
      vertex 4.2595 5.16659 1.6
      vertex 2.76537 3.84776 1.6
      vertex 3.11114 3.66294 1.6
    endloop
  endfacet
  facet normal 0 0 1
    outer loop
      vertex 3.63618 17.2052 1.6
      vertex 1.23463 21.1522 1.6
      vertex 3.6 17 1.6
    endloop
  endfacet
  facet normal 0 0 1
    outer loop
      vertex 3.78821 6.04831 1.6
      vertex 2.39018 3.96157 1.6
      vertex 2.76537 3.84776 1.6
    endloop
  endfacet
  facet normal 0 0 1
    outer loop
      vertex 0.888859 21.3371 1.6
      vertex 3.6 17 1.6
      vertex 1.23463 21.1522 1.6
    endloop
  endfacet
  facet normal 0 0 1
    outer loop
      vertex 3.78821 6.04831 1.6
      vertex 2 4 1.6
      vertex 2.39018 3.96157 1.6
    endloop
  endfacet
  facet normal 0 0 1
    outer loop
      vertex 0.585786 21.5858 1.6
      vertex 3.6 17 1.6
      vertex 0.888859 21.3371 1.6
    endloop
  endfacet
  facet normal 0 0 1
    outer loop
      vertex 3.49799 7.00504 1.6
      vertex 1.60982 3.96157 1.6
      vertex 2 4 1.6
    endloop
  endfacet
  facet normal 0 0 1
    outer loop
      vertex 3.6 17 1.6
      vertex 0.585786 21.5858 1.6
      vertex 3.49799 8.99496 1.6
    endloop
  endfacet
  facet normal 0 0 1
    outer loop
      vertex 3.49799 7.00504 1.6
      vertex 1.23463 3.84776 1.6
      vertex 1.60982 3.96157 1.6
    endloop
  endfacet
  facet normal 0 0 1
    outer loop
      vertex 0.585786 3.41421 1.6
      vertex 3.49799 8.99496 1.6
      vertex 0.585786 21.5858 1.6
    endloop
  endfacet
  facet normal 0 0 1
    outer loop
      vertex 3.4 8 1.6
      vertex 0.888859 3.66294 1.6
      vertex 1.23463 3.84776 1.6
    endloop
  endfacet
  facet normal 0 -0 1
    outer loop
      vertex 0.888859 3.66294 1.6
      vertex 3.49799 8.99496 1.6
      vertex 0.585786 3.41421 1.6
    endloop
  endfacet
  facet normal 0 0 1
    outer loop
      vertex 3.49799 8.99496 1.6
      vertex 0.888859 3.66294 1.6
      vertex 3.4 8 1.6
    endloop
  endfacet
  facet normal 0 0 1
    outer loop
      vertex 0.33706 21.8889 1.6
      vertex 0.585786 3.41421 1.6
      vertex 0.585786 21.5858 1.6
    endloop
  endfacet
  facet normal 0 0 1
    outer loop
      vertex 0.33706 21.8889 1.6
      vertex 0.33706 3.11114 1.6
      vertex 0.585786 3.41421 1.6
    endloop
  endfacet
  facet normal 0 0 1
    outer loop
      vertex 0.152241 22.2346 1.6
      vertex 0.33706 3.11114 1.6
      vertex 0.33706 21.8889 1.6
    endloop
  endfacet
  facet normal 0 0 1
    outer loop
      vertex 0.152241 22.2346 1.6
      vertex 0.152241 2.76537 1.6
      vertex 0.33706 3.11114 1.6
    endloop
  endfacet
  facet normal 0 0 1
    outer loop
      vertex 0.0384293 22.6098 1.6
      vertex 0.152241 2.76537 1.6
      vertex 0.152241 22.2346 1.6
    endloop
  endfacet
  facet normal 0 0 1
    outer loop
      vertex 0.0384293 22.6098 1.6
      vertex 0.0384293 2.39018 1.6
      vertex 0.152241 2.76537 1.6
    endloop
  endfacet
  facet normal 0 0 1
    outer loop
      vertex 0 23 1.6
      vertex 0.0384293 2.39018 1.6
      vertex 0.0384293 22.6098 1.6
    endloop
  endfacet
  facet normal 0 0 1
    outer loop
      vertex 0.0384293 2.39018 1.6
      vertex 0 23 1.6
      vertex 0 2 1.6
    endloop
  endfacet
  facet normal 0 0 1
    outer loop
      vertex 5.95957 19.8952 1.6
      vertex 4.76381 19.7948 1.6
      vertex 4.65963 19.6143 1.6
    endloop
  endfacet
  facet normal 0 0 1
    outer loop
      vertex 5.95957 19.8952 1.6
      vertex 4.76381 17.2052 1.6
      vertex 4.8 17 1.6
    endloop
  endfacet
  facet normal 0 0 1
    outer loop
      vertex 5.95957 19.8952 1.6
      vertex 4.65963 19.6143 1.6
      vertex 4.65963 17.3857 1.6
    endloop
  endfacet
  facet normal 0 0 1
    outer loop
      vertex 5.95957 19.8952 1.6
      vertex 4.65963 17.3857 1.6
      vertex 4.76381 17.2052 1.6
    endloop
  endfacet
  facet normal -0 0 1
    outer loop
      vertex 4.5 19.4804 1.6
      vertex 4.65963 17.3857 1.6
      vertex 4.65963 19.6143 1.6
    endloop
  endfacet
  facet normal 0 0 1
    outer loop
      vertex 4.5 19.4804 1.6
      vertex 4.5 17.5196 1.6
      vertex 4.65963 17.3857 1.6
    endloop
  endfacet
  facet normal -0 0 1
    outer loop
      vertex 4.30419 19.4091 1.6
      vertex 4.5 17.5196 1.6
      vertex 4.5 19.4804 1.6
    endloop
  endfacet
  facet normal 0 0 1
    outer loop
      vertex 4.30419 19.4091 1.6
      vertex 4.30419 17.5909 1.6
      vertex 4.5 17.5196 1.6
    endloop
  endfacet
  facet normal -0 0 1
    outer loop
      vertex 4.09581 19.4091 1.6
      vertex 4.30419 17.5909 1.6
      vertex 4.30419 19.4091 1.6
    endloop
  endfacet
  facet normal 0 0 1
    outer loop
      vertex 4.09581 19.4091 1.6
      vertex 4.09581 17.5909 1.6
      vertex 4.30419 17.5909 1.6
    endloop
  endfacet
  facet normal 0 0 1
    outer loop
      vertex 3.9 19.4804 1.6
      vertex 4.09581 17.5909 1.6
      vertex 4.09581 19.4091 1.6
    endloop
  endfacet
  facet normal 0 0 1
    outer loop
      vertex 3.9 19.4804 1.6
      vertex 3.9 17.5196 1.6
      vertex 4.09581 17.5909 1.6
    endloop
  endfacet
  facet normal 0 0 1
    outer loop
      vertex 3.74037 19.6143 1.6
      vertex 3.9 17.5196 1.6
      vertex 3.9 19.4804 1.6
    endloop
  endfacet
  facet normal 0 0 1
    outer loop
      vertex 3.74037 19.6143 1.6
      vertex 3.74037 17.3857 1.6
      vertex 3.9 17.5196 1.6
    endloop
  endfacet
  facet normal 0 0 1
    outer loop
      vertex 3.63618 19.7948 1.6
      vertex 3.74037 17.3857 1.6
      vertex 3.74037 19.6143 1.6
    endloop
  endfacet
  facet normal 0 0 1
    outer loop
      vertex 3.63618 19.7948 1.6
      vertex 3.63618 17.2052 1.6
      vertex 3.74037 17.3857 1.6
    endloop
  endfacet
  facet normal -0 0 1
    outer loop
      vertex 2.39018 21.0384 1.6
      vertex 3.63618 20.2052 1.6
      vertex 2.76537 21.1522 1.6
    endloop
  endfacet
  facet normal 0 0 1
    outer loop
      vertex 3.63618 20.2052 1.6
      vertex 2.39018 21.0384 1.6
      vertex 3.6 20 1.6
    endloop
  endfacet
  facet normal -0 0 1
    outer loop
      vertex 10.1863 17.636 1.6
      vertex 10.5 13.2 1.6
      vertex 10.5 17.8036 1.6
    endloop
  endfacet
  facet normal -0 0 1
    outer loop
      vertex 9.60478 17.4596 1.6
      vertex 10.5 13.2 1.6
      vertex 10.1863 17.636 1.6
    endloop
  endfacet
  facet normal 0 0 1
    outer loop
      vertex 10.5 13.2 1.6
      vertex 9.60478 17.4596 1.6
      vertex 9.49496 13.002 1.6
    endloop
  endfacet
  facet normal 0 0 1
    outer loop
      vertex 10.5 13.2 1.6
      vertex 9.49496 13.002 1.6
      vertex 10.4517 12.7118 1.6
    endloop
  endfacet
  facet normal -0 0 1
    outer loop
      vertex 9 17.4 1.6
      vertex 9.49496 13.002 1.6
      vertex 9.60478 17.4596 1.6
    endloop
  endfacet
  facet normal 0 0 1
    outer loop
      vertex 9 17.4 1.6
      vertex 8.5 13.1 1.6
      vertex 9.49496 13.002 1.6
    endloop
  endfacet
  facet normal 0 0 1
    outer loop
      vertex 8.39522 17.4596 1.6
      vertex 8.5 13.1 1.6
      vertex 9 17.4 1.6
    endloop
  endfacet
  facet normal 0 0 1
    outer loop
      vertex 7.50504 13.002 1.6
      vertex 8.39522 17.4596 1.6
      vertex 7.81368 17.636 1.6
    endloop
  endfacet
  facet normal 0 0 1
    outer loop
      vertex 8.39522 17.4596 1.6
      vertex 7.50504 13.002 1.6
      vertex 8.5 13.1 1.6
    endloop
  endfacet
  facet normal 0 0 1
    outer loop
      vertex 7.27773 17.9224 1.6
      vertex 7.50504 13.002 1.6
      vertex 7.81368 17.636 1.6
    endloop
  endfacet
  facet normal 0 0 1
    outer loop
      vertex 6.54831 12.7118 1.6
      vertex 7.27773 17.9224 1.6
      vertex 6.80797 18.308 1.6
    endloop
  endfacet
  facet normal 0 0 1
    outer loop
      vertex 7.27773 17.9224 1.6
      vertex 6.54831 12.7118 1.6
      vertex 7.50504 13.002 1.6
    endloop
  endfacet
  facet normal 0 0 1
    outer loop
      vertex 5.66659 12.2405 1.6
      vertex 6.80797 18.308 1.6
      vertex 6.42244 18.7777 1.6
    endloop
  endfacet
  facet normal 0 0 1
    outer loop
      vertex 4.89375 11.6062 1.6
      vertex 6.42244 18.7777 1.6
      vertex 6.13597 19.3137 1.6
    endloop
  endfacet
  facet normal 0 0 1
    outer loop
      vertex 4.89375 11.6062 1.6
      vertex 6.13597 19.3137 1.6
      vertex 5.95957 19.8952 1.6
    endloop
  endfacet
  facet normal -0 0 1
    outer loop
      vertex 4.8 20 1.6
      vertex 5.95957 19.8952 1.6
      vertex 5.9 20.5 1.6
    endloop
  endfacet
  facet normal 0 0 1
    outer loop
      vertex 6.80797 18.308 1.6
      vertex 5.66659 12.2405 1.6
      vertex 6.54831 12.7118 1.6
    endloop
  endfacet
  facet normal 0 0 1
    outer loop
      vertex 17.2 13.2 1.6
      vertex 15.2 10.3 1.6
      vertex 17.2 12.5 1.6
    endloop
  endfacet
  facet normal 0 0 1
    outer loop
      vertex 17.2 13.2 1.6
      vertex 14 10.3 1.6
      vertex 15.2 10.3 1.6
    endloop
  endfacet
  facet normal -0 0 1
    outer loop
      vertex 13.502 8.99496 1.6
      vertex 14 8.2 1.6
      vertex 14 10.3 1.6
    endloop
  endfacet
  facet normal 0 0 1
    outer loop
      vertex 14 8.2 1.6
      vertex 13.502 8.99496 1.6
      vertex 13.6 8 1.6
    endloop
  endfacet
  facet normal 0 0 1
    outer loop
      vertex 14 10.3 1.6
      vertex 13.2118 9.95168 1.6
      vertex 13.502 8.99496 1.6
    endloop
  endfacet
  facet normal -0 0 1
    outer loop
      vertex 12.1062 11.6062 1.6
      vertex 14 10.3 1.6
      vertex 17.2 13.2 1.6
    endloop
  endfacet
  facet normal 0 0 1
    outer loop
      vertex 14 10.3 1.6
      vertex 12.7405 10.8334 1.6
      vertex 13.2118 9.95168 1.6
    endloop
  endfacet
  facet normal 0 0 1
    outer loop
      vertex 14 10.3 1.6
      vertex 12.1062 11.6062 1.6
      vertex 12.7405 10.8334 1.6
    endloop
  endfacet
  facet normal 0 0 1
    outer loop
      vertex 17.2 13.2 1.6
      vertex 11.3334 12.2405 1.6
      vertex 12.1062 11.6062 1.6
    endloop
  endfacet
  facet normal -0 0 1
    outer loop
      vertex 10.5 13.2 1.6
      vertex 11.3334 12.2405 1.6
      vertex 17.2 13.2 1.6
    endloop
  endfacet
  facet normal 0 0 1
    outer loop
      vertex 11.3334 12.2405 1.6
      vertex 10.5 13.2 1.6
      vertex 10.4517 12.7118 1.6
    endloop
  endfacet
  facet normal 0 0 1
    outer loop
      vertex 18.35 13.2 1.6
      vertex 17.7 13.2 1.6
      vertex 18.35 12.5 1.6
    endloop
  endfacet
  facet normal 0 0 1
    outer loop
      vertex 19.5 13.2 1.6
      vertex 18.85 13.2 1.6
      vertex 19.5 12.5 1.6
    endloop
  endfacet
  facet normal 0 0 1
    outer loop
      vertex 20.65 13.2 1.6
      vertex 20 13.2 1.6
      vertex 20.65 12.5 1.6
    endloop
  endfacet
  facet normal 0 0 1
    outer loop
      vertex 21.8 13.2 1.6
      vertex 21.15 13.2 1.6
      vertex 21.8 12.5 1.6
    endloop
  endfacet
  facet normal 0 0 1
    outer loop
      vertex 4.76381 16.7948 1.6
      vertex 5.95957 19.8952 1.6
      vertex 4.8 17 1.6
    endloop
  endfacet
  facet normal 0 0 1
    outer loop
      vertex 5.95957 19.8952 1.6
      vertex 4.76381 16.7948 1.6
      vertex 4.89375 11.6062 1.6
    endloop
  endfacet
  facet normal -0 0 1
    outer loop
      vertex 4.65963 16.6143 1.6
      vertex 4.89375 11.6062 1.6
      vertex 4.76381 16.7948 1.6
    endloop
  endfacet
  facet normal -0 0 1
    outer loop
      vertex 4.5 16.4804 1.6
      vertex 4.89375 11.6062 1.6
      vertex 4.65963 16.6143 1.6
    endloop
  endfacet
  facet normal -0 0 1
    outer loop
      vertex 4.30419 16.4091 1.6
      vertex 4.89375 11.6062 1.6
      vertex 4.5 16.4804 1.6
    endloop
  endfacet
  facet normal -0 0 1
    outer loop
      vertex 4.09581 16.4091 1.6
      vertex 4.89375 11.6062 1.6
      vertex 4.30419 16.4091 1.6
    endloop
  endfacet
  facet normal 0 0 1
    outer loop
      vertex 3.9 16.4804 1.6
      vertex 4.89375 11.6062 1.6
      vertex 4.09581 16.4091 1.6
    endloop
  endfacet
  facet normal 0 0 1
    outer loop
      vertex 4.89375 11.6062 1.6
      vertex 3.9 16.4804 1.6
      vertex 4.2595 10.8334 1.6
    endloop
  endfacet
  facet normal 0 0 1
    outer loop
      vertex 3.74037 16.6143 1.6
      vertex 4.2595 10.8334 1.6
      vertex 3.9 16.4804 1.6
    endloop
  endfacet
  facet normal 0 0 1
    outer loop
      vertex 4.2595 10.8334 1.6
      vertex 3.74037 16.6143 1.6
      vertex 3.78821 9.95168 1.6
    endloop
  endfacet
  facet normal 0 0 1
    outer loop
      vertex 3.63618 16.7948 1.6
      vertex 3.78821 9.95168 1.6
      vertex 3.74037 16.6143 1.6
    endloop
  endfacet
  facet normal 0 0 1
    outer loop
      vertex 3.49799 8.99496 1.6
      vertex 3.63618 16.7948 1.6
      vertex 3.6 17 1.6
    endloop
  endfacet
  facet normal 0 0 1
    outer loop
      vertex 3.63618 16.7948 1.6
      vertex 3.49799 8.99496 1.6
      vertex 3.78821 9.95168 1.6
    endloop
  endfacet
  facet normal 0 0 1
    outer loop
      vertex 6.13597 21.6863 1.6
      vertex 3.96157 22.6098 1.6
      vertex 3.84776 22.2346 1.6
    endloop
  endfacet
  facet normal -0 0 1
    outer loop
      vertex 3.66294 21.8889 1.6
      vertex 4.30419 20.5909 1.6
      vertex 3.84776 22.2346 1.6
    endloop
  endfacet
  facet normal 0 0 1
    outer loop
      vertex 4.30419 20.5909 1.6
      vertex 3.66294 21.8889 1.6
      vertex 4.09581 20.5909 1.6
    endloop
  endfacet
  facet normal -0 0 1
    outer loop
      vertex 3.41421 21.5858 1.6
      vertex 4.09581 20.5909 1.6
      vertex 3.66294 21.8889 1.6
    endloop
  endfacet
  facet normal 0 0 1
    outer loop
      vertex 4.09581 20.5909 1.6
      vertex 3.41421 21.5858 1.6
      vertex 3.9 20.5196 1.6
    endloop
  endfacet
  facet normal -0 0 1
    outer loop
      vertex 3.11114 21.3371 1.6
      vertex 3.9 20.5196 1.6
      vertex 3.41421 21.5858 1.6
    endloop
  endfacet
  facet normal 0 0 1
    outer loop
      vertex 3.9 20.5196 1.6
      vertex 3.11114 21.3371 1.6
      vertex 3.74037 20.3857 1.6
    endloop
  endfacet
  facet normal -0 0 1
    outer loop
      vertex 2 21 1.6
      vertex 3.6 20 1.6
      vertex 2.39018 21.0384 1.6
    endloop
  endfacet
  facet normal -0 0 1
    outer loop
      vertex 2.76537 21.1522 1.6
      vertex 3.74037 20.3857 1.6
      vertex 3.11114 21.3371 1.6
    endloop
  endfacet
  facet normal 0 0 1
    outer loop
      vertex 3.74037 20.3857 1.6
      vertex 2.76537 21.1522 1.6
      vertex 3.63618 20.2052 1.6
    endloop
  endfacet
  facet normal 0 0 1
    outer loop
      vertex 3.6 20 1.6
      vertex 2 21 1.6
      vertex 3.63618 19.7948 1.6
    endloop
  endfacet
  facet normal 0 0 1
    outer loop
      vertex 1.60982 21.0384 1.6
      vertex 3.63618 19.7948 1.6
      vertex 2 21 1.6
    endloop
  endfacet
  facet normal -0 0 1
    outer loop
      vertex 23 19.2 1.6
      vertex 23.5 17.5 1.6
      vertex 23.5 19.2 1.6
    endloop
  endfacet
  facet normal 0 0 1
    outer loop
      vertex 23 13.2 1.6
      vertex 23.5 17.5 1.6
      vertex 23 19.2 1.6
    endloop
  endfacet
  facet normal -0 0 1
    outer loop
      vertex 22.3 12.5 1.6
      vertex 25.5 4.8 1.6
      vertex 23 13.2 1.6
    endloop
  endfacet
  facet normal 0 0 1
    outer loop
      vertex 34.4 8.1 1.6
      vertex 41.7595 13.9666 1.6
      vertex 41.2882 14.8483 1.6
    endloop
  endfacet
  facet normal 0 0 1
    outer loop
      vertex 35.5 17.5 1.6
      vertex 41.2882 14.8483 1.6
      vertex 40.998 15.805 1.6
    endloop
  endfacet
  facet normal 0 0 1
    outer loop
      vertex 39.2 18.7 1.6
      vertex 40.998 15.805 1.6
      vertex 40.9 16.8 1.6
    endloop
  endfacet
  facet normal -0 0 1
    outer loop
      vertex 39.2 18.7 1.6
      vertex 40.998 17.795 1.6
      vertex 40.5 18.7 1.6
    endloop
  endfacet
  facet normal 0 0 1
    outer loop
      vertex 40.998 17.795 1.6
      vertex 39.2 18.7 1.6
      vertex 40.9 16.8 1.6
    endloop
  endfacet
  facet normal 0 0 1
    outer loop
      vertex 40.998 15.805 1.6
      vertex 39.2 18.7 1.6
      vertex 35.5 17.5 1.6
    endloop
  endfacet
  facet normal 0 0 1
    outer loop
      vertex 39.2 20.7 1.6
      vertex 35.5 17.5 1.6
      vertex 39.2 18.7 1.6
    endloop
  endfacet
  facet normal 0 0 1
    outer loop
      vertex 41.2882 14.8483 1.6
      vertex 35.5 17.5 1.6
      vertex 34.4 8.1 1.6
    endloop
  endfacet
  facet normal 0 0 1
    outer loop
      vertex 41.7595 13.9666 1.6
      vertex 34.4 8.1 1.6
      vertex 41.6 8.1 1.6
    endloop
  endfacet
  facet normal 0 0 1
    outer loop
      vertex 34.4 8.1 1.6
      vertex 25.5 4.8 1.6
      vertex 34.4 2.7 1.6
    endloop
  endfacet
  facet normal 0 0 1
    outer loop
      vertex 23 13.2 1.6
      vertex 35.5 17.5 1.6
      vertex 23.5 17.5 1.6
    endloop
  endfacet
  facet normal 0 0 1
    outer loop
      vertex 35.5 17.5 1.6
      vertex 23 13.2 1.6
      vertex 34.4 8.1 1.6
    endloop
  endfacet
  facet normal 0 0 1
    outer loop
      vertex 34.4 8.1 1.6
      vertex 23 13.2 1.6
      vertex 25.5 4.8 1.6
    endloop
  endfacet
  facet normal 0 0 1
    outer loop
      vertex 50.2 5 1.6
      vertex 49.0404 5.10478 1.6
      vertex 49.1 4.5 1.6
    endloop
  endfacet
  facet normal 0 0 1
    outer loop
      vertex 50.2362 5.20521 1.6
      vertex 49.0404 5.10478 1.6
      vertex 50.2 5 1.6
    endloop
  endfacet
  facet normal 0 0 1
    outer loop
      vertex 50.3404 8.38567 1.6
      vertex 47.1863 7.36403 1.6
      vertex 50.2362 8.20521 1.6
    endloop
  endfacet
  facet normal 0 -0 1
    outer loop
      vertex 49.0404 5.10478 1.6
      vertex 50.2362 5.20521 1.6
      vertex 48.864 5.68632 1.6
    endloop
  endfacet
  facet normal 0 0 1
    outer loop
      vertex 50.2362 7.79479 1.6
      vertex 48.192 6.69203 1.6
      vertex 48.5776 6.22227 1.6
    endloop
  endfacet
  facet normal 0 -0 1
    outer loop
      vertex 47.7223 7.07756 1.6
      vertex 50.2362 8.20521 1.6
      vertex 47.1863 7.36403 1.6
    endloop
  endfacet
  facet normal 0 0 1
    outer loop
      vertex 50.2 8 1.6
      vertex 47.7223 7.07756 1.6
      vertex 48.192 6.69203 1.6
    endloop
  endfacet
  facet normal 0 0 1
    outer loop
      vertex 50.2362 8.20521 1.6
      vertex 47.7223 7.07756 1.6
      vertex 50.2 8 1.6
    endloop
  endfacet
  facet normal -0 0 1
    outer loop
      vertex 46.995 11.798 1.6
      vertex 47.1863 7.36403 1.6
      vertex 47.9517 12.0882 1.6
    endloop
  endfacet
  facet normal 0 0 1
    outer loop
      vertex 46.995 11.798 1.6
      vertex 46.6048 7.54043 1.6
      vertex 47.1863 7.36403 1.6
    endloop
  endfacet
  facet normal -0 0 1
    outer loop
      vertex 46 11.7 1.6
      vertex 46.6048 7.54043 1.6
      vertex 46.995 11.798 1.6
    endloop
  endfacet
  facet normal 0 0 1
    outer loop
      vertex 46 11.7 1.6
      vertex 46 7.6 1.6
      vertex 46.6048 7.54043 1.6
    endloop
  endfacet
  facet normal -0 0 1
    outer loop
      vertex 44.2 10.5 1.6
      vertex 46 7.6 1.6
      vertex 46 11.7 1.6
    endloop
  endfacet
  facet normal 0 0 1
    outer loop
      vertex 44.2 10.5 1.6
      vertex 46 11.7 1.6
      vertex 45.005 11.798 1.6
    endloop
  endfacet
  facet normal -0 0 1
    outer loop
      vertex 44.2 8.4 1.6
      vertex 46 7.6 1.6
      vertex 44.2 10.5 1.6
    endloop
  endfacet
  facet normal 0 0 1
    outer loop
      vertex 46 7.6 1.6
      vertex 44.2 8.4 1.6
      vertex 45.3952 7.54043 1.6
    endloop
  endfacet
  facet normal 0 0 1
    outer loop
      vertex 45.3952 7.54043 1.6
      vertex 44.2 8.4 1.6
      vertex 44.8137 7.36403 1.6
    endloop
  endfacet
  facet normal 0 0 1
    outer loop
      vertex 44.0483 12.0882 1.6
      vertex 44.2 10.5 1.6
      vertex 45.005 11.798 1.6
    endloop
  endfacet
  facet normal 0 0 1
    outer loop
      vertex 43 10.5 1.6
      vertex 44.0483 12.0882 1.6
      vertex 43.1666 12.5595 1.6
    endloop
  endfacet
  facet normal 0 0 1
    outer loop
      vertex 44.0483 12.0882 1.6
      vertex 43 10.5 1.6
      vertex 44.2 10.5 1.6
    endloop
  endfacet
  facet normal 0 0 1
    outer loop
      vertex 41.6 8.1 1.6
      vertex 42.3938 13.1938 1.6
      vertex 41.7595 13.9666 1.6
    endloop
  endfacet
  facet normal 0 0 1
    outer loop
      vertex 42.3938 13.1938 1.6
      vertex 41.6 8.1 1.6
      vertex 43 10.5 1.6
    endloop
  endfacet
  facet normal 0 0 1
    outer loop
      vertex 43 10.5 1.6
      vertex 41.6 8.1 1.6
      vertex 43 8.4 1.6
    endloop
  endfacet
  facet normal 0 0 1
    outer loop
      vertex 42.3938 13.1938 1.6
      vertex 43 10.5 1.6
      vertex 43.1666 12.5595 1.6
    endloop
  endfacet
  facet normal 0 0 1
    outer loop
      vertex 44.8137 7.36403 1.6
      vertex 44.2 8.4 1.6
      vertex 44.2777 7.07756 1.6
    endloop
  endfacet
  facet normal -0 0 1
    outer loop
      vertex 43 8.4 1.6
      vertex 44.2777 7.07756 1.6
      vertex 44.2 8.4 1.6
    endloop
  endfacet
  facet normal 0 0 1
    outer loop
      vertex 44.2777 7.07756 1.6
      vertex 43 8.4 1.6
      vertex 43.808 6.69203 1.6
    endloop
  endfacet
  facet normal 0 0 1
    outer loop
      vertex 43.808 6.69203 1.6
      vertex 43 8.4 1.6
      vertex 43.4224 6.22227 1.6
    endloop
  endfacet
  facet normal -0 0 1
    outer loop
      vertex 41.6 8.1 1.6
      vertex 43.4224 6.22227 1.6
      vertex 43 8.4 1.6
    endloop
  endfacet
  facet normal 0 0 1
    outer loop
      vertex 43.4224 6.22227 1.6
      vertex 41.6 8.1 1.6
      vertex 43.136 5.68632 1.6
    endloop
  endfacet
  facet normal -0 0 1
    outer loop
      vertex 0 25 1.6
      vertex 1.60982 24.9616 1.6
      vertex 2 25 1.6
    endloop
  endfacet
  facet normal 0 0 1
    outer loop
      vertex 0 25 1.6
      vertex 1.23463 24.8478 1.6
      vertex 1.60982 24.9616 1.6
    endloop
  endfacet
  facet normal 0 0 1
    outer loop
      vertex 0 25 1.6
      vertex 0.888859 24.6629 1.6
      vertex 1.23463 24.8478 1.6
    endloop
  endfacet
  facet normal 0 0 1
    outer loop
      vertex 0 25 1.6
      vertex 0.585786 24.4142 1.6
      vertex 0.888859 24.6629 1.6
    endloop
  endfacet
  facet normal 0 0 1
    outer loop
      vertex 0 25 1.6
      vertex 0.33706 24.1111 1.6
      vertex 0.585786 24.4142 1.6
    endloop
  endfacet
  facet normal 0 0 1
    outer loop
      vertex 0 25 1.6
      vertex 0.152241 23.7654 1.6
      vertex 0.33706 24.1111 1.6
    endloop
  endfacet
  facet normal 0 0 1
    outer loop
      vertex 0 25 1.6
      vertex 0.0384293 23.3902 1.6
      vertex 0.152241 23.7654 1.6
    endloop
  endfacet
  facet normal 0 0 1
    outer loop
      vertex 0.0384293 23.3902 1.6
      vertex 0 25 1.6
      vertex 0 23 1.6
    endloop
  endfacet
  facet normal 0 0 1
    outer loop
      vertex 55 25 1.6
      vertex 54.9616 23.3902 1.6
      vertex 55 23 1.6
    endloop
  endfacet
  facet normal 0 0 1
    outer loop
      vertex 55 25 1.6
      vertex 54.8478 23.7654 1.6
      vertex 54.9616 23.3902 1.6
    endloop
  endfacet
  facet normal 0 0 1
    outer loop
      vertex 55 25 1.6
      vertex 54.6629 24.1111 1.6
      vertex 54.8478 23.7654 1.6
    endloop
  endfacet
  facet normal 0 0 1
    outer loop
      vertex 55 25 1.6
      vertex 54.4142 24.4142 1.6
      vertex 54.6629 24.1111 1.6
    endloop
  endfacet
  facet normal 0 0 1
    outer loop
      vertex 55 25 1.6
      vertex 54.1111 24.6629 1.6
      vertex 54.4142 24.4142 1.6
    endloop
  endfacet
  facet normal 0 0 1
    outer loop
      vertex 55 25 1.6
      vertex 53.7654 24.8478 1.6
      vertex 54.1111 24.6629 1.6
    endloop
  endfacet
  facet normal 0 0 1
    outer loop
      vertex 55 25 1.6
      vertex 53.3902 24.9616 1.6
      vertex 53.7654 24.8478 1.6
    endloop
  endfacet
  facet normal 0 -0 1
    outer loop
      vertex 53.3902 24.9616 1.6
      vertex 55 25 1.6
      vertex 53 25 1.6
    endloop
  endfacet
  facet normal 0 0 -1
    outer loop
      vertex 10.5 21.5 1.6
      vertex 11.4 20.5 1.6
      vertex 11.3539 20.0318 1.6
    endloop
  endfacet
  facet normal 0 0 -1
    outer loop
      vertex 10.5 21.5 1.6
      vertex 11.3539 20.0318 1.6
      vertex 11.2173 19.5816 1.6
    endloop
  endfacet
  facet normal 0 0 -1
    outer loop
      vertex 11.4 20.5 1.6
      vertex 10.5 21.5 1.6
      vertex 11.3539 20.9682 1.6
    endloop
  endfacet
  facet normal 0 0 -1
    outer loop
      vertex 11.3539 20.9682 1.6
      vertex 10.5 21.5 1.6
      vertex 11.2173 21.4184 1.6
    endloop
  endfacet
  facet normal 0 0 -1
    outer loop
      vertex 10.5 21.5 1.6
      vertex 11.2173 19.5816 1.6
      vertex 10.9955 19.1666 1.6
    endloop
  endfacet
  facet normal 0 0 -1
    outer loop
      vertex 10.5 21.5 1.6
      vertex 10.9955 19.1666 1.6
      vertex 10.6971 18.8029 1.6
    endloop
  endfacet
  facet normal 0 0 -1
    outer loop
      vertex 10.5 21.5 1.6
      vertex 10.6971 18.8029 1.6
      vertex 10.5 18.6412 1.6
    endloop
  endfacet
  facet normal 0 0 -1
    outer loop
      vertex 11.2173 21.4184 1.6
      vertex 10.5 21.5 1.6
      vertex 11.1737 21.5 1.6
    endloop
  endfacet
  facet normal 0 0 1
    outer loop
      vertex 1.60982 0.0384293 1.6
      vertex 0 0 1.6
      vertex 2 0 1.6
    endloop
  endfacet
  facet normal 0 0 1
    outer loop
      vertex 1.23463 0.152241 1.6
      vertex 0 0 1.6
      vertex 1.60982 0.0384293 1.6
    endloop
  endfacet
  facet normal 0 0 1
    outer loop
      vertex 0.888859 0.33706 1.6
      vertex 0 0 1.6
      vertex 1.23463 0.152241 1.6
    endloop
  endfacet
  facet normal 0 0 1
    outer loop
      vertex 0.585786 0.585786 1.6
      vertex 0 0 1.6
      vertex 0.888859 0.33706 1.6
    endloop
  endfacet
  facet normal 0 0 1
    outer loop
      vertex 0.33706 0.888859 1.6
      vertex 0 0 1.6
      vertex 0.585786 0.585786 1.6
    endloop
  endfacet
  facet normal 0 0 1
    outer loop
      vertex 0.152241 1.23463 1.6
      vertex 0 0 1.6
      vertex 0.33706 0.888859 1.6
    endloop
  endfacet
  facet normal 0 0 1
    outer loop
      vertex 0.0384293 1.60982 1.6
      vertex 0 0 1.6
      vertex 0.152241 1.23463 1.6
    endloop
  endfacet
  facet normal 0 0 1
    outer loop
      vertex 0 0 1.6
      vertex 0.0384293 1.60982 1.6
      vertex 0 2 1.6
    endloop
  endfacet
  facet normal -0 0 1
    outer loop
      vertex 54.9616 1.60982 1.6
      vertex 55 0 1.6
      vertex 55 2 1.6
    endloop
  endfacet
  facet normal -0 0 1
    outer loop
      vertex 54.8478 1.23463 1.6
      vertex 55 0 1.6
      vertex 54.9616 1.60982 1.6
    endloop
  endfacet
  facet normal -0 0 1
    outer loop
      vertex 54.6629 0.888859 1.6
      vertex 55 0 1.6
      vertex 54.8478 1.23463 1.6
    endloop
  endfacet
  facet normal -0 0 1
    outer loop
      vertex 54.4142 0.585786 1.6
      vertex 55 0 1.6
      vertex 54.6629 0.888859 1.6
    endloop
  endfacet
  facet normal -0 0 1
    outer loop
      vertex 54.1111 0.33706 1.6
      vertex 55 0 1.6
      vertex 54.4142 0.585786 1.6
    endloop
  endfacet
  facet normal -0 0 1
    outer loop
      vertex 53.7654 0.152241 1.6
      vertex 55 0 1.6
      vertex 54.1111 0.33706 1.6
    endloop
  endfacet
  facet normal -0 0 1
    outer loop
      vertex 53.3902 0.0384293 1.6
      vertex 55 0 1.6
      vertex 53.7654 0.152241 1.6
    endloop
  endfacet
  facet normal 0 0 1
    outer loop
      vertex 55 0 1.6
      vertex 53.3902 0.0384293 1.6
      vertex 53 0 1.6
    endloop
  endfacet
  facet normal 0 0 -1
    outer loop
      vertex 2.25362 3.27502 0
      vertex 4.30419 16.4091 0
      vertex 2.49749 3.20104 0
    endloop
  endfacet
  facet normal 0 0 -1
    outer loop
      vertex 3.6 17 0
      vertex 3.27502 22.7464 0
      vertex 3.3 23 0
    endloop
  endfacet
  facet normal -0 0 -1
    outer loop
      vertex 4.30419 16.4091 0
      vertex 2.25362 3.27502 0
      vertex 4.09581 16.4091 0
    endloop
  endfacet
  facet normal 0 0 -1
    outer loop
      vertex 3.6 17 0
      vertex 3.20104 22.5025 0
      vertex 3.27502 22.7464 0
    endloop
  endfacet
  facet normal 0 0 -1
    outer loop
      vertex 2 3.3 0
      vertex 4.09581 16.4091 0
      vertex 2.25362 3.27502 0
    endloop
  endfacet
  facet normal 0 0 -1
    outer loop
      vertex 3.6 17 0
      vertex 3.08091 22.2778 0
      vertex 3.20104 22.5025 0
    endloop
  endfacet
  facet normal -0 0 -1
    outer loop
      vertex 4.09581 16.4091 0
      vertex 2 3.3 0
      vertex 3.9 16.4804 0
    endloop
  endfacet
  facet normal 0 0 -1
    outer loop
      vertex 3.6 17 0
      vertex 2.91924 22.0808 0
      vertex 3.08091 22.2778 0
    endloop
  endfacet
  facet normal 0 0 -1
    outer loop
      vertex 1.74638 3.27502 0
      vertex 3.9 16.4804 0
      vertex 2 3.3 0
    endloop
  endfacet
  facet normal 0 0 -1
    outer loop
      vertex 3.6 17 0
      vertex 2.72224 21.9191 0
      vertex 2.91924 22.0808 0
    endloop
  endfacet
  facet normal 0 0 -1
    outer loop
      vertex 1.50251 3.20104 0
      vertex 3.9 16.4804 0
      vertex 1.74638 3.27502 0
    endloop
  endfacet
  facet normal 0 0 -1
    outer loop
      vertex 3.6 17 0
      vertex 2.49749 21.799 0
      vertex 2.72224 21.9191 0
    endloop
  endfacet
  facet normal -0 0 -1
    outer loop
      vertex 3.9 16.4804 0
      vertex 1.50251 3.20104 0
      vertex 3.74037 16.6143 0
    endloop
  endfacet
  facet normal 0 0 -1
    outer loop
      vertex 3.6 17 0
      vertex 2.25362 21.725 0
      vertex 2.49749 21.799 0
    endloop
  endfacet
  facet normal 0 0 -1
    outer loop
      vertex 1.27776 3.08091 0
      vertex 3.74037 16.6143 0
      vertex 1.50251 3.20104 0
    endloop
  endfacet
  facet normal 0 0 -1
    outer loop
      vertex 3.6 17 0
      vertex 2 21.7 0
      vertex 2.25362 21.725 0
    endloop
  endfacet
  facet normal -0 0 -1
    outer loop
      vertex 3.74037 16.6143 0
      vertex 1.27776 3.08091 0
      vertex 3.63618 16.7948 0
    endloop
  endfacet
  facet normal 0 0 -1
    outer loop
      vertex 3.6 17 0
      vertex 1.74638 21.725 0
      vertex 2 21.7 0
    endloop
  endfacet
  facet normal 0 0 -1
    outer loop
      vertex 1.08076 2.91924 0
      vertex 3.63618 16.7948 0
      vertex 1.27776 3.08091 0
    endloop
  endfacet
  facet normal 0 0 -1
    outer loop
      vertex 3.6 17 0
      vertex 1.50251 21.799 0
      vertex 1.74638 21.725 0
    endloop
  endfacet
  facet normal 0 0 -1
    outer loop
      vertex 0.919089 2.72224 0
      vertex 3.63618 16.7948 0
      vertex 1.08076 2.91924 0
    endloop
  endfacet
  facet normal 0 0 -1
    outer loop
      vertex 3.6 17 0
      vertex 1.27776 21.9191 0
      vertex 1.50251 21.799 0
    endloop
  endfacet
  facet normal 0 0 -1
    outer loop
      vertex 0.919089 22.2778 0
      vertex 3.63618 16.7948 0
      vertex 0.919089 2.72224 0
    endloop
  endfacet
  facet normal 0 0 -1
    outer loop
      vertex 3.6 17 0
      vertex 1.08076 22.0808 0
      vertex 1.27776 21.9191 0
    endloop
  endfacet
  facet normal -0 -0 -1
    outer loop
      vertex 1.08076 22.0808 0
      vertex 3.63618 16.7948 0
      vertex 0.919089 22.2778 0
    endloop
  endfacet
  facet normal 0 0 -1
    outer loop
      vertex 3.63618 16.7948 0
      vertex 1.08076 22.0808 0
      vertex 3.6 17 0
    endloop
  endfacet
  facet normal 0 0 -1
    outer loop
      vertex 0.798956 2.49749 0
      vertex 0.919089 22.2778 0
      vertex 0.919089 2.72224 0
    endloop
  endfacet
  facet normal 0 0 -1
    outer loop
      vertex 0.798956 2.49749 0
      vertex 0.798956 22.5025 0
      vertex 0.919089 22.2778 0
    endloop
  endfacet
  facet normal 0 0 -1
    outer loop
      vertex 0.724978 2.25362 0
      vertex 0.798956 22.5025 0
      vertex 0.798956 2.49749 0
    endloop
  endfacet
  facet normal 0 0 -1
    outer loop
      vertex 0.724978 2.25362 0
      vertex 0.724978 22.7464 0
      vertex 0.798956 22.5025 0
    endloop
  endfacet
  facet normal 0 0 -1
    outer loop
      vertex 0 0 0
      vertex 0.724978 2.25362 0
      vertex 0.7 2 0
    endloop
  endfacet
  facet normal -0 0 -1
    outer loop
      vertex 0.724978 2.25362 0
      vertex 0 0 0
      vertex 0.724978 22.7464 0
    endloop
  endfacet
  facet normal 0 0 -1
    outer loop
      vertex 4.65963 17.3857 0
      vertex 7.00447 19.1666 0
      vertex 4.76381 17.2052 0
    endloop
  endfacet
  facet normal 0 0 -1
    outer loop
      vertex 7.00447 19.1666 0
      vertex 4.76381 19.7948 0
      vertex 4.8 20 0
    endloop
  endfacet
  facet normal 0 0 -1
    outer loop
      vertex 4.65963 19.6143 0
      vertex 7.00447 19.1666 0
      vertex 4.65963 17.3857 0
    endloop
  endfacet
  facet normal 0 0 -1
    outer loop
      vertex 7.00447 19.1666 0
      vertex 4.65963 19.6143 0
      vertex 4.76381 19.7948 0
    endloop
  endfacet
  facet normal 0 0 -1
    outer loop
      vertex 4.5 17.5196 0
      vertex 4.65963 19.6143 0
      vertex 4.65963 17.3857 0
    endloop
  endfacet
  facet normal 0 0 -1
    outer loop
      vertex 4.5 17.5196 0
      vertex 4.5 19.4804 0
      vertex 4.65963 19.6143 0
    endloop
  endfacet
  facet normal 0 0 -1
    outer loop
      vertex 4.30419 17.5909 0
      vertex 4.5 19.4804 0
      vertex 4.5 17.5196 0
    endloop
  endfacet
  facet normal 0 0 -1
    outer loop
      vertex 4.30419 17.5909 0
      vertex 4.30419 19.4091 0
      vertex 4.5 19.4804 0
    endloop
  endfacet
  facet normal 0 0 -1
    outer loop
      vertex 4.09581 17.5909 0
      vertex 4.30419 19.4091 0
      vertex 4.30419 17.5909 0
    endloop
  endfacet
  facet normal 0 0 -1
    outer loop
      vertex 4.09581 17.5909 0
      vertex 4.09581 19.4091 0
      vertex 4.30419 19.4091 0
    endloop
  endfacet
  facet normal 0 0 -1
    outer loop
      vertex 3.9 17.5196 0
      vertex 4.09581 19.4091 0
      vertex 4.09581 17.5909 0
    endloop
  endfacet
  facet normal 0 0 -1
    outer loop
      vertex 3.9 17.5196 0
      vertex 3.9 19.4804 0
      vertex 4.09581 19.4091 0
    endloop
  endfacet
  facet normal 0 0 -1
    outer loop
      vertex 3.74037 17.3857 0
      vertex 3.9 19.4804 0
      vertex 3.9 17.5196 0
    endloop
  endfacet
  facet normal 0 0 -1
    outer loop
      vertex 3.74037 17.3857 0
      vertex 3.74037 19.6143 0
      vertex 3.9 19.4804 0
    endloop
  endfacet
  facet normal 0 0 -1
    outer loop
      vertex 3.63618 17.2052 0
      vertex 3.74037 19.6143 0
      vertex 3.74037 17.3857 0
    endloop
  endfacet
  facet normal 0 0 -1
    outer loop
      vertex 3.63618 17.2052 0
      vertex 3.63618 19.7948 0
      vertex 3.74037 19.6143 0
    endloop
  endfacet
  facet normal 0 0 -1
    outer loop
      vertex 3.6 17 0
      vertex 3.63618 19.7948 0
      vertex 3.63618 17.2052 0
    endloop
  endfacet
  facet normal -0 0 -1
    outer loop
      vertex 3.63618 19.7948 0
      vertex 3.6 17 0
      vertex 3.6 20 0
    endloop
  endfacet
  facet normal 0 0 -1
    outer loop
      vertex 51.3638 7.79479 0
      vertex 53.4975 3.20104 0
      vertex 51.3638 5.20521 0
    endloop
  endfacet
  facet normal 0 0 -1
    outer loop
      vertex 53.4975 3.20104 0
      vertex 51.3638 7.79479 0
      vertex 51.4 8 0
    endloop
  endfacet
  facet normal 0 0 -1
    outer loop
      vertex 51.2596 5.38567 0
      vertex 51.3638 7.79479 0
      vertex 51.3638 5.20521 0
    endloop
  endfacet
  facet normal 0 0 -1
    outer loop
      vertex 51.2596 5.38567 0
      vertex 51.2596 7.61433 0
      vertex 51.3638 7.79479 0
    endloop
  endfacet
  facet normal 0 0 -1
    outer loop
      vertex 51.1 5.51962 0
      vertex 51.2596 7.61433 0
      vertex 51.2596 5.38567 0
    endloop
  endfacet
  facet normal 0 0 -1
    outer loop
      vertex 51.1 5.51962 0
      vertex 51.1 7.48038 0
      vertex 51.2596 7.61433 0
    endloop
  endfacet
  facet normal 0 0 -1
    outer loop
      vertex 50.9042 5.59088 0
      vertex 51.1 7.48038 0
      vertex 51.1 5.51962 0
    endloop
  endfacet
  facet normal 0 0 -1
    outer loop
      vertex 50.9042 5.59088 0
      vertex 50.9042 7.40911 0
      vertex 51.1 7.48038 0
    endloop
  endfacet
  facet normal 0 0 -1
    outer loop
      vertex 50.6958 5.59088 0
      vertex 50.9042 7.40911 0
      vertex 50.9042 5.59088 0
    endloop
  endfacet
  facet normal 0 0 -1
    outer loop
      vertex 50.6958 5.59088 0
      vertex 50.6958 7.40911 0
      vertex 50.9042 7.40911 0
    endloop
  endfacet
  facet normal 0 0 -1
    outer loop
      vertex 50.5 5.51962 0
      vertex 50.6958 7.40911 0
      vertex 50.6958 5.59088 0
    endloop
  endfacet
  facet normal 0 0 -1
    outer loop
      vertex 50.5 5.51962 0
      vertex 50.5 7.48038 0
      vertex 50.6958 7.40911 0
    endloop
  endfacet
  facet normal 0 0 -1
    outer loop
      vertex 50.3404 5.38567 0
      vertex 50.5 7.48038 0
      vertex 50.5 5.51962 0
    endloop
  endfacet
  facet normal 0 0 -1
    outer loop
      vertex 50.3404 5.38567 0
      vertex 50.3404 7.61433 0
      vertex 50.5 7.48038 0
    endloop
  endfacet
  facet normal 0 0 -1
    outer loop
      vertex 48.2173 5.41844 0
      vertex 50.3404 5.38567 0
      vertex 50.2362 5.20521 0
    endloop
  endfacet
  facet normal 0 0 -1
    outer loop
      vertex 50.3404 5.38567 0
      vertex 47.9955 5.83337 0
      vertex 50.3404 7.61433 0
    endloop
  endfacet
  facet normal 0 0 -1
    outer loop
      vertex 48.3539 4.96822 0
      vertex 50.2362 5.20521 0
      vertex 50.2 5 0
    endloop
  endfacet
  facet normal -0 0 -1
    outer loop
      vertex 50.3404 7.61433 0
      vertex 47.9955 5.83337 0
      vertex 50.2362 7.79479 0
    endloop
  endfacet
  facet normal 0 0 -1
    outer loop
      vertex 54.275 22.7464 0
      vertex 55 25 0
      vertex 54.275 2.25362 0
    endloop
  endfacet
  facet normal 0 0 -1
    outer loop
      vertex 55 25 0
      vertex 54.275 22.7464 0
      vertex 54.3 23 0
    endloop
  endfacet
  facet normal 0 0 -1
    outer loop
      vertex 54.201 2.49749 0
      vertex 54.275 22.7464 0
      vertex 54.275 2.25362 0
    endloop
  endfacet
  facet normal 0 0 -1
    outer loop
      vertex 54.201 2.49749 0
      vertex 54.201 22.5025 0
      vertex 54.275 22.7464 0
    endloop
  endfacet
  facet normal 0 0 -1
    outer loop
      vertex 54.0809 2.72224 0
      vertex 54.201 22.5025 0
      vertex 54.201 2.49749 0
    endloop
  endfacet
  facet normal 0 0 -1
    outer loop
      vertex 54.0809 2.72224 0
      vertex 54.0809 22.2778 0
      vertex 54.201 22.5025 0
    endloop
  endfacet
  facet normal 0 0 -1
    outer loop
      vertex 51.3638 8.20521 0
      vertex 54.0809 2.72224 0
      vertex 53.9192 2.91924 0
    endloop
  endfacet
  facet normal 0 0 -1
    outer loop
      vertex 54.0809 2.72224 0
      vertex 51.3638 8.20521 0
      vertex 54.0809 22.2778 0
    endloop
  endfacet
  facet normal 0 0 -1
    outer loop
      vertex 51.4 8 0
      vertex 53.9192 2.91924 0
      vertex 53.7222 3.08091 0
    endloop
  endfacet
  facet normal 0 0 -1
    outer loop
      vertex 54.0809 22.2778 0
      vertex 51.3638 8.20521 0
      vertex 53.9192 22.0808 0
    endloop
  endfacet
  facet normal 0 0 -1
    outer loop
      vertex 51.4 8 0
      vertex 53.7222 3.08091 0
      vertex 53.4975 3.20104 0
    endloop
  endfacet
  facet normal 0 0 -1
    outer loop
      vertex 53.9192 22.0808 0
      vertex 51.3638 8.20521 0
      vertex 53.7222 21.9191 0
    endloop
  endfacet
  facet normal 0 0 -1
    outer loop
      vertex 51.3638 5.20521 0
      vertex 53.2536 3.27502 0
      vertex 51.4 5 0
    endloop
  endfacet
  facet normal 0 0 -1
    outer loop
      vertex 51.2596 8.38567 0
      vertex 53.7222 21.9191 0
      vertex 51.3638 8.20521 0
    endloop
  endfacet
  facet normal 0 0 -1
    outer loop
      vertex 51.4 5 0
      vertex 53.2536 3.27502 0
      vertex 53 3.3 0
    endloop
  endfacet
  facet normal 0 0 -1
    outer loop
      vertex 53.7222 21.9191 0
      vertex 51.2596 8.38567 0
      vertex 53.4975 21.799 0
    endloop
  endfacet
  facet normal 0 0 -1
    outer loop
      vertex 51.4 5 0
      vertex 53 3.3 0
      vertex 52.7464 3.27502 0
    endloop
  endfacet
  facet normal 0 0 -1
    outer loop
      vertex 53.9192 2.91924 0
      vertex 51.4 8 0
      vertex 51.3638 8.20521 0
    endloop
  endfacet
  facet normal 0 0 -1
    outer loop
      vertex 51.3638 4.79479 0
      vertex 52.7464 3.27502 0
      vertex 52.5025 3.20104 0
    endloop
  endfacet
  facet normal 0 0 -1
    outer loop
      vertex 51.1 8.51962 0
      vertex 53.4975 21.799 0
      vertex 51.2596 8.38567 0
    endloop
  endfacet
  facet normal 0 0 -1
    outer loop
      vertex 51.2596 4.61433 0
      vertex 52.5025 3.20104 0
      vertex 52.2778 3.08091 0
    endloop
  endfacet
  facet normal 0 0 -1
    outer loop
      vertex 53.4975 21.799 0
      vertex 51.1 8.51962 0
      vertex 53.2536 21.725 0
    endloop
  endfacet
  facet normal 0 0 -1
    outer loop
      vertex 51.1 4.48038 0
      vertex 52.2778 3.08091 0
      vertex 52.0808 2.91924 0
    endloop
  endfacet
  facet normal 0 0 -1
    outer loop
      vertex 53.2536 21.725 0
      vertex 51.1 8.51962 0
      vertex 53 21.7 0
    endloop
  endfacet
  facet normal 0 0 -1
    outer loop
      vertex 50.9042 4.40911 0
      vertex 52.0808 2.91924 0
      vertex 51.9191 2.72224 0
    endloop
  endfacet
  facet normal 0 0 -1
    outer loop
      vertex 50.9042 8.59088 0
      vertex 53 21.7 0
      vertex 51.1 8.51962 0
    endloop
  endfacet
  facet normal 0 0 -1
    outer loop
      vertex 50.6958 4.40911 0
      vertex 51.9191 2.72224 0
      vertex 51.799 2.49749 0
    endloop
  endfacet
  facet normal -0 0 -1
    outer loop
      vertex 53 21.7 0
      vertex 50.9042 8.59088 0
      vertex 52.7464 21.725 0
    endloop
  endfacet
  facet normal 0 0 -1
    outer loop
      vertex 50.6958 4.40911 0
      vertex 51.799 2.49749 0
      vertex 51.725 2.25362 0
    endloop
  endfacet
  facet normal 0 0 -1
    outer loop
      vertex 50.6958 8.59088 0
      vertex 52.7464 21.725 0
      vertex 50.9042 8.59088 0
    endloop
  endfacet
  facet normal 0 0 -1
    outer loop
      vertex 47.9955 3.16663 0
      vertex 51.725 2.25362 0
      vertex 51.7 2 0
    endloop
  endfacet
  facet normal -0 0 -1
    outer loop
      vertex 52.7464 21.725 0
      vertex 50.6958 8.59088 0
      vertex 52.5025 21.799 0
    endloop
  endfacet
  facet normal 0 0 -1
    outer loop
      vertex 54.275 2.25362 0
      vertex 55 0 0
      vertex 54.3 2 0
    endloop
  endfacet
  facet normal 0 0 -1
    outer loop
      vertex 55 0 0
      vertex 54.275 1.74638 0
      vertex 54.3 2 0
    endloop
  endfacet
  facet normal 0 0 -1
    outer loop
      vertex 55 0 0
      vertex 54.201 1.50251 0
      vertex 54.275 1.74638 0
    endloop
  endfacet
  facet normal 0 0 -1
    outer loop
      vertex 55 0 0
      vertex 54.0809 1.27776 0
      vertex 54.201 1.50251 0
    endloop
  endfacet
  facet normal 0 0 -1
    outer loop
      vertex 55 0 0
      vertex 53.9192 1.08076 0
      vertex 54.0809 1.27776 0
    endloop
  endfacet
  facet normal 0 0 -1
    outer loop
      vertex 55 0 0
      vertex 53.7222 0.919089 0
      vertex 53.9192 1.08076 0
    endloop
  endfacet
  facet normal 0 0 -1
    outer loop
      vertex 55 0 0
      vertex 53.4975 0.798956 0
      vertex 53.7222 0.919089 0
    endloop
  endfacet
  facet normal 0 0 -1
    outer loop
      vertex 55 0 0
      vertex 53.2536 0.724978 0
      vertex 53.4975 0.798956 0
    endloop
  endfacet
  facet normal 0 0 -1
    outer loop
      vertex 55 0 0
      vertex 53 0.7 0
      vertex 53.2536 0.724978 0
    endloop
  endfacet
  facet normal 0 0 -1
    outer loop
      vertex 55 0 0
      vertex 52.7464 0.724978 0
      vertex 53 0.7 0
    endloop
  endfacet
  facet normal 0 0 -1
    outer loop
      vertex 45.5318 2.14612 0
      vertex 52.7464 0.724978 0
      vertex 55 0 0
    endloop
  endfacet
  facet normal 0 0 -1
    outer loop
      vertex 53.2536 3.27502 0
      vertex 51.3638 5.20521 0
      vertex 53.4975 3.20104 0
    endloop
  endfacet
  facet normal 0 0 -1
    outer loop
      vertex 47.9955 3.16663 0
      vertex 51.7 2 0
      vertex 51.725 1.74638 0
    endloop
  endfacet
  facet normal 0 0 -1
    outer loop
      vertex 52.7464 3.27502 0
      vertex 51.3638 4.79479 0
      vertex 51.4 5 0
    endloop
  endfacet
  facet normal 0 0 -1
    outer loop
      vertex 52.5025 3.20104 0
      vertex 51.2596 4.61433 0
      vertex 51.3638 4.79479 0
    endloop
  endfacet
  facet normal 0 0 -1
    outer loop
      vertex 52.2778 3.08091 0
      vertex 51.1 4.48038 0
      vertex 51.2596 4.61433 0
    endloop
  endfacet
  facet normal 0 0 -1
    outer loop
      vertex 52.0808 2.91924 0
      vertex 50.9042 4.40911 0
      vertex 51.1 4.48038 0
    endloop
  endfacet
  facet normal 0 0 -1
    outer loop
      vertex 47.6971 2.80294 0
      vertex 51.725 1.74638 0
      vertex 51.799 1.50251 0
    endloop
  endfacet
  facet normal 0 0 -1
    outer loop
      vertex 51.9191 2.72224 0
      vertex 50.6958 4.40911 0
      vertex 50.9042 4.40911 0
    endloop
  endfacet
  facet normal 0 0 -1
    outer loop
      vertex 51.725 2.25362 0
      vertex 48.2173 3.58156 0
      vertex 50.5 4.48038 0
    endloop
  endfacet
  facet normal 0 0 -1
    outer loop
      vertex 51.725 2.25362 0
      vertex 50.5 4.48038 0
      vertex 50.6958 4.40911 0
    endloop
  endfacet
  facet normal 0 -0 -1
    outer loop
      vertex 48.3539 4.03178 0
      vertex 50.5 4.48038 0
      vertex 48.2173 3.58156 0
    endloop
  endfacet
  facet normal 0 0 -1
    outer loop
      vertex 48.3539 4.96822 0
      vertex 50.2 5 0
      vertex 48.4 4.5 0
    endloop
  endfacet
  facet normal -0 0 -1
    outer loop
      vertex 50.2362 4.79479 0
      vertex 48.4 4.5 0
      vertex 50.2 5 0
    endloop
  endfacet
  facet normal -0 0 -1
    outer loop
      vertex 50.5 4.48038 0
      vertex 48.3539 4.03178 0
      vertex 50.3404 4.61433 0
    endloop
  endfacet
  facet normal 0 0 -1
    outer loop
      vertex 47.3334 2.50447 0
      vertex 51.799 1.50251 0
      vertex 51.9191 1.27776 0
    endloop
  endfacet
  facet normal 0 0 -1
    outer loop
      vertex 46.9184 2.28269 0
      vertex 51.9191 1.27776 0
      vertex 52.0808 1.08076 0
    endloop
  endfacet
  facet normal -0 0 -1
    outer loop
      vertex 50.3404 4.61433 0
      vertex 48.4 4.5 0
      vertex 50.2362 4.79479 0
    endloop
  endfacet
  facet normal 0 0 -1
    outer loop
      vertex 46.4682 2.14612 0
      vertex 52.0808 1.08076 0
      vertex 52.2778 0.919089 0
    endloop
  endfacet
  facet normal 0 -0 -1
    outer loop
      vertex 48.4 4.5 0
      vertex 50.3404 4.61433 0
      vertex 48.3539 4.03178 0
    endloop
  endfacet
  facet normal 0 0 -1
    outer loop
      vertex 51.725 2.25362 0
      vertex 47.9955 3.16663 0
      vertex 48.2173 3.58156 0
    endloop
  endfacet
  facet normal 0 0 -1
    outer loop
      vertex 46 2.1 0
      vertex 52.2778 0.919089 0
      vertex 52.5025 0.798956 0
    endloop
  endfacet
  facet normal 0 0 -1
    outer loop
      vertex 51.725 1.74638 0
      vertex 47.6971 2.80294 0
      vertex 47.9955 3.16663 0
    endloop
  endfacet
  facet normal 0 0 -1
    outer loop
      vertex 51.799 1.50251 0
      vertex 47.3334 2.50447 0
      vertex 47.6971 2.80294 0
    endloop
  endfacet
  facet normal 0 0 -1
    outer loop
      vertex 51.9191 1.27776 0
      vertex 46.9184 2.28269 0
      vertex 47.3334 2.50447 0
    endloop
  endfacet
  facet normal 0 0 -1
    outer loop
      vertex 52.7464 0.724978 0
      vertex 45.5318 2.14612 0
      vertex 52.5025 0.798956 0
    endloop
  endfacet
  facet normal 0 0 -1
    outer loop
      vertex 52.0808 1.08076 0
      vertex 46.4682 2.14612 0
      vertex 46.9184 2.28269 0
    endloop
  endfacet
  facet normal 0 0 -1
    outer loop
      vertex 52.2778 0.919089 0
      vertex 46 2.1 0
      vertex 46.4682 2.14612 0
    endloop
  endfacet
  facet normal 0 0 -1
    outer loop
      vertex 52.5025 0.798956 0
      vertex 45.5318 2.14612 0
      vertex 46 2.1 0
    endloop
  endfacet
  facet normal 0 0 -1
    outer loop
      vertex 3.3 2 0
      vertex 43.6 4.5 0
      vertex 43.6461 4.03178 0
    endloop
  endfacet
  facet normal 0 0 -1
    outer loop
      vertex 3.27502 1.74638 0
      vertex 43.6461 4.03178 0
      vertex 43.7827 3.58156 0
    endloop
  endfacet
  facet normal 0 0 -1
    outer loop
      vertex 3.20104 1.50251 0
      vertex 43.7827 3.58156 0
      vertex 44.0045 3.16663 0
    endloop
  endfacet
  facet normal 0 0 -1
    outer loop
      vertex 3.08091 1.27776 0
      vertex 44.0045 3.16663 0
      vertex 44.3029 2.80294 0
    endloop
  endfacet
  facet normal 0 0 -1
    outer loop
      vertex 2.91924 1.08076 0
      vertex 44.3029 2.80294 0
      vertex 44.6666 2.50447 0
    endloop
  endfacet
  facet normal 0 0 -1
    outer loop
      vertex 43.6 4.5 0
      vertex 11.3539 20.0318 0
      vertex 11.4 20.5 0
    endloop
  endfacet
  facet normal 0 0 -1
    outer loop
      vertex 2.72224 0.919089 0
      vertex 44.6666 2.50447 0
      vertex 45.0816 2.28269 0
    endloop
  endfacet
  facet normal 0 0 -1
    outer loop
      vertex 43.6 4.5 0
      vertex 11.2173 19.5816 0
      vertex 11.3539 20.0318 0
    endloop
  endfacet
  facet normal 0 0 -1
    outer loop
      vertex 43.6 4.5 0
      vertex 10.9955 19.1666 0
      vertex 11.2173 19.5816 0
    endloop
  endfacet
  facet normal 0 0 -1
    outer loop
      vertex 43.6 4.5 0
      vertex 10.6971 18.8029 0
      vertex 10.9955 19.1666 0
    endloop
  endfacet
  facet normal -0 0 -1
    outer loop
      vertex 43.6 4.5 0
      vertex 3.3 2 0
      vertex 10.6971 18.8029 0
    endloop
  endfacet
  facet normal 0 0 -1
    outer loop
      vertex 10.6971 18.8029 0
      vertex 3.3 2 0
      vertex 10.3334 18.5045 0
    endloop
  endfacet
  facet normal 0 0 -1
    outer loop
      vertex 3.27502 2.25362 0
      vertex 10.3334 18.5045 0
      vertex 3.3 2 0
    endloop
  endfacet
  facet normal 0 0 -1
    outer loop
      vertex 10.3334 18.5045 0
      vertex 3.27502 2.25362 0
      vertex 9.91844 18.2827 0
    endloop
  endfacet
  facet normal 0 0 -1
    outer loop
      vertex 3.20104 2.49749 0
      vertex 9.91844 18.2827 0
      vertex 3.27502 2.25362 0
    endloop
  endfacet
  facet normal 0 0 -1
    outer loop
      vertex 9.91844 18.2827 0
      vertex 3.20104 2.49749 0
      vertex 9.46822 18.1461 0
    endloop
  endfacet
  facet normal 0 0 -1
    outer loop
      vertex 6.78269 19.5816 0
      vertex 4.8 20 0
      vertex 6.64612 20.0318 0
    endloop
  endfacet
  facet normal 0 0 -1
    outer loop
      vertex 7.00447 19.1666 0
      vertex 4.8 20 0
      vertex 6.78269 19.5816 0
    endloop
  endfacet
  facet normal -0 0 -1
    outer loop
      vertex 7.30294 18.8029 0
      vertex 4.76381 17.2052 0
      vertex 7.00447 19.1666 0
    endloop
  endfacet
  facet normal 0 0 -1
    outer loop
      vertex 4.76381 17.2052 0
      vertex 7.30294 18.8029 0
      vertex 4.8 17 0
    endloop
  endfacet
  facet normal -0 0 -1
    outer loop
      vertex 7.66663 18.5045 0
      vertex 4.8 17 0
      vertex 7.30294 18.8029 0
    endloop
  endfacet
  facet normal -0 0 -1
    outer loop
      vertex 8.08156 18.2827 0
      vertex 4.8 17 0
      vertex 7.66663 18.5045 0
    endloop
  endfacet
  facet normal 0 -0 -1
    outer loop
      vertex 4.65963 16.6143 0
      vertex 9 18.1 0
      vertex 4.5 16.4804 0
    endloop
  endfacet
  facet normal 0 0 -1
    outer loop
      vertex 8.08156 18.2827 0
      vertex 4.76381 16.7948 0
      vertex 4.8 17 0
    endloop
  endfacet
  facet normal -0 0 -1
    outer loop
      vertex 9 18.1 0
      vertex 4.65963 16.6143 0
      vertex 8.53178 18.1461 0
    endloop
  endfacet
  facet normal -0 0 -1
    outer loop
      vertex 8.53178 18.1461 0
      vertex 4.76381 16.7948 0
      vertex 8.08156 18.2827 0
    endloop
  endfacet
  facet normal 0 -0 -1
    outer loop
      vertex 4.76381 16.7948 0
      vertex 8.53178 18.1461 0
      vertex 4.65963 16.6143 0
    endloop
  endfacet
  facet normal 0 0 -1
    outer loop
      vertex 3.08091 2.72224 0
      vertex 9.46822 18.1461 0
      vertex 3.20104 2.49749 0
    endloop
  endfacet
  facet normal 0 0 -1
    outer loop
      vertex 2.49749 3.20104 0
      vertex 4.30419 16.4091 0
      vertex 2.72224 3.08091 0
    endloop
  endfacet
  facet normal 0 0 -1
    outer loop
      vertex 4.5 16.4804 0
      vertex 2.72224 3.08091 0
      vertex 4.30419 16.4091 0
    endloop
  endfacet
  facet normal 0 0 -1
    outer loop
      vertex 2.72224 3.08091 0
      vertex 4.5 16.4804 0
      vertex 2.91924 2.91924 0
    endloop
  endfacet
  facet normal 0 0 -1
    outer loop
      vertex 9 18.1 0
      vertex 2.91924 2.91924 0
      vertex 4.5 16.4804 0
    endloop
  endfacet
  facet normal 0 0 -1
    outer loop
      vertex 9.46822 18.1461 0
      vertex 2.91924 2.91924 0
      vertex 9 18.1 0
    endloop
  endfacet
  facet normal 0 0 -1
    outer loop
      vertex 2.91924 2.91924 0
      vertex 9.46822 18.1461 0
      vertex 3.08091 2.72224 0
    endloop
  endfacet
  facet normal 0 0 -1
    outer loop
      vertex 2.49749 0.798956 0
      vertex 45.0816 2.28269 0
      vertex 45.5318 2.14612 0
    endloop
  endfacet
  facet normal 0 0 -1
    outer loop
      vertex 0 0 0
      vertex 45.5318 2.14612 0
      vertex 55 0 0
    endloop
  endfacet
  facet normal 0 0 -1
    outer loop
      vertex 43.6461 4.03178 0
      vertex 3.27502 1.74638 0
      vertex 3.3 2 0
    endloop
  endfacet
  facet normal 0 0 -1
    outer loop
      vertex 43.7827 3.58156 0
      vertex 3.20104 1.50251 0
      vertex 3.27502 1.74638 0
    endloop
  endfacet
  facet normal 0 0 -1
    outer loop
      vertex 44.0045 3.16663 0
      vertex 3.08091 1.27776 0
      vertex 3.20104 1.50251 0
    endloop
  endfacet
  facet normal 0 0 -1
    outer loop
      vertex 44.3029 2.80294 0
      vertex 2.91924 1.08076 0
      vertex 3.08091 1.27776 0
    endloop
  endfacet
  facet normal 0 0 -1
    outer loop
      vertex 44.6666 2.50447 0
      vertex 2.72224 0.919089 0
      vertex 2.91924 1.08076 0
    endloop
  endfacet
  facet normal 0 0 -1
    outer loop
      vertex 45.0816 2.28269 0
      vertex 2.49749 0.798956 0
      vertex 2.72224 0.919089 0
    endloop
  endfacet
  facet normal 0 0 -1
    outer loop
      vertex 45.5318 2.14612 0
      vertex 2.25362 0.724978 0
      vertex 2.49749 0.798956 0
    endloop
  endfacet
  facet normal 0 0 -1
    outer loop
      vertex 45.5318 2.14612 0
      vertex 0 0 0
      vertex 2.25362 0.724978 0
    endloop
  endfacet
  facet normal 0 0 -1
    outer loop
      vertex 0 25 0
      vertex 0.724978 22.7464 0
      vertex 0 0 0
    endloop
  endfacet
  facet normal -0 0 -1
    outer loop
      vertex 0.724978 1.74638 0
      vertex 0 0 0
      vertex 0.7 2 0
    endloop
  endfacet
  facet normal -0 0 -1
    outer loop
      vertex 0.798956 1.50251 0
      vertex 0 0 0
      vertex 0.724978 1.74638 0
    endloop
  endfacet
  facet normal -0 0 -1
    outer loop
      vertex 0.919089 1.27776 0
      vertex 0 0 0
      vertex 0.798956 1.50251 0
    endloop
  endfacet
  facet normal -0 0 -1
    outer loop
      vertex 1.08076 1.08076 0
      vertex 0 0 0
      vertex 0.919089 1.27776 0
    endloop
  endfacet
  facet normal -0 0 -1
    outer loop
      vertex 1.27776 0.919089 0
      vertex 0 0 0
      vertex 1.08076 1.08076 0
    endloop
  endfacet
  facet normal -0 0 -1
    outer loop
      vertex 1.50251 0.798956 0
      vertex 0 0 0
      vertex 1.27776 0.919089 0
    endloop
  endfacet
  facet normal -0 0 -1
    outer loop
      vertex 1.74638 0.724978 0
      vertex 0 0 0
      vertex 1.50251 0.798956 0
    endloop
  endfacet
  facet normal -0 0 -1
    outer loop
      vertex 2 0.7 0
      vertex 0 0 0
      vertex 1.74638 0.724978 0
    endloop
  endfacet
  facet normal 0 0 -1
    outer loop
      vertex 2.25362 0.724978 0
      vertex 0 0 0
      vertex 2 0.7 0
    endloop
  endfacet
  facet normal 0 0 -1
    outer loop
      vertex 55 0 0
      vertex 54.275 2.25362 0
      vertex 55 25 0
    endloop
  endfacet
  facet normal 0 0 -1
    outer loop
      vertex 54.275 23.2536 0
      vertex 55 25 0
      vertex 54.3 23 0
    endloop
  endfacet
  facet normal 0 0 -1
    outer loop
      vertex 54.201 23.4975 0
      vertex 55 25 0
      vertex 54.275 23.2536 0
    endloop
  endfacet
  facet normal 0 0 -1
    outer loop
      vertex 54.0809 23.7222 0
      vertex 55 25 0
      vertex 54.201 23.4975 0
    endloop
  endfacet
  facet normal 0 0 -1
    outer loop
      vertex 53.9192 23.9192 0
      vertex 55 25 0
      vertex 54.0809 23.7222 0
    endloop
  endfacet
  facet normal 0 0 -1
    outer loop
      vertex 53.7222 24.0809 0
      vertex 55 25 0
      vertex 53.9192 23.9192 0
    endloop
  endfacet
  facet normal 0 0 -1
    outer loop
      vertex 53.4975 24.201 0
      vertex 55 25 0
      vertex 53.7222 24.0809 0
    endloop
  endfacet
  facet normal 0 0 -1
    outer loop
      vertex 53.2536 24.275 0
      vertex 55 25 0
      vertex 53.4975 24.201 0
    endloop
  endfacet
  facet normal 0 0 -1
    outer loop
      vertex 53 24.3 0
      vertex 55 25 0
      vertex 53.2536 24.275 0
    endloop
  endfacet
  facet normal 0 0 -1
    outer loop
      vertex 52.7464 24.275 0
      vertex 55 25 0
      vertex 53 24.3 0
    endloop
  endfacet
  facet normal 0 0 -1
    outer loop
      vertex 52.5025 24.201 0
      vertex 55 25 0
      vertex 52.7464 24.275 0
    endloop
  endfacet
  facet normal -0 0 -1
    outer loop
      vertex 52.5025 21.799 0
      vertex 50.6958 8.59088 0
      vertex 52.2778 21.9191 0
    endloop
  endfacet
  facet normal 0 0 -1
    outer loop
      vertex 50.5 8.51962 0
      vertex 52.2778 21.9191 0
      vertex 50.6958 8.59088 0
    endloop
  endfacet
  facet normal -0 0 -1
    outer loop
      vertex 52.2778 21.9191 0
      vertex 50.5 8.51962 0
      vertex 52.0808 22.0808 0
    endloop
  endfacet
  facet normal 0 0 -1
    outer loop
      vertex 46 6.9 0
      vertex 52.0808 22.0808 0
      vertex 50.5 8.51962 0
    endloop
  endfacet
  facet normal 0 0 -1
    outer loop
      vertex 45.5318 6.85388 0
      vertex 52.0808 22.0808 0
      vertex 46 6.9 0
    endloop
  endfacet
  facet normal -0 0 -1
    outer loop
      vertex 52.0808 22.0808 0
      vertex 45.5318 6.85388 0
      vertex 51.9191 22.2778 0
    endloop
  endfacet
  facet normal -0 0 -1
    outer loop
      vertex 51.9191 22.2778 0
      vertex 45.5318 6.85388 0
      vertex 51.799 22.5025 0
    endloop
  endfacet
  facet normal 0 0 -1
    outer loop
      vertex 46 6.9 0
      vertex 50.5 8.51962 0
      vertex 50.3404 8.38567 0
    endloop
  endfacet
  facet normal 0 0 -1
    outer loop
      vertex 46.4682 6.85388 0
      vertex 50.3404 8.38567 0
      vertex 50.2362 8.20521 0
    endloop
  endfacet
  facet normal 0 0 -1
    outer loop
      vertex 45.0816 6.71731 0
      vertex 51.799 22.5025 0
      vertex 45.5318 6.85388 0
    endloop
  endfacet
  facet normal 0 0 -1
    outer loop
      vertex 46.9184 6.71731 0
      vertex 50.2362 8.20521 0
      vertex 50.2 8 0
    endloop
  endfacet
  facet normal -0 0 -1
    outer loop
      vertex 50.2362 5.20521 0
      vertex 48.3539 4.96822 0
      vertex 48.2173 5.41844 0
    endloop
  endfacet
  facet normal 0 0 -1
    outer loop
      vertex 50.3404 5.38567 0
      vertex 48.2173 5.41844 0
      vertex 47.9955 5.83337 0
    endloop
  endfacet
  facet normal 0 0 -1
    outer loop
      vertex 47.6971 6.19706 0
      vertex 50.2362 7.79479 0
      vertex 47.9955 5.83337 0
    endloop
  endfacet
  facet normal -0 0 -1
    outer loop
      vertex 50.2362 7.79479 0
      vertex 47.6971 6.19706 0
      vertex 50.2 8 0
    endloop
  endfacet
  facet normal 0 0 -1
    outer loop
      vertex 47.3334 6.49553 0
      vertex 50.2 8 0
      vertex 47.6971 6.19706 0
    endloop
  endfacet
  facet normal 0 0 -1
    outer loop
      vertex 46.9184 6.71731 0
      vertex 50.2 8 0
      vertex 47.3334 6.49553 0
    endloop
  endfacet
  facet normal 0 0 -1
    outer loop
      vertex 50.2362 8.20521 0
      vertex 46.9184 6.71731 0
      vertex 46.4682 6.85388 0
    endloop
  endfacet
  facet normal 0 0 -1
    outer loop
      vertex 50.3404 8.38567 0
      vertex 46.4682 6.85388 0
      vertex 46 6.9 0
    endloop
  endfacet
  facet normal -0 0 -1
    outer loop
      vertex 51.799 22.5025 0
      vertex 45.0816 6.71731 0
      vertex 51.725 22.7464 0
    endloop
  endfacet
  facet normal 0 0 -1
    outer loop
      vertex 44.6666 6.49553 0
      vertex 51.725 22.7464 0
      vertex 45.0816 6.71731 0
    endloop
  endfacet
  facet normal -0 0 -1
    outer loop
      vertex 51.725 22.7464 0
      vertex 44.6666 6.49553 0
      vertex 51.7 23 0
    endloop
  endfacet
  facet normal 0 0 -1
    outer loop
      vertex 44.3029 6.19706 0
      vertex 51.7 23 0
      vertex 44.6666 6.49553 0
    endloop
  endfacet
  facet normal 0 0 -1
    outer loop
      vertex 11.4 20.5 0
      vertex 51.7 23 0
      vertex 44.3029 6.19706 0
    endloop
  endfacet
  facet normal 0 0 -1
    outer loop
      vertex 11.3539 20.9682 0
      vertex 51.7 23 0
      vertex 11.4 20.5 0
    endloop
  endfacet
  facet normal 0 0 -1
    outer loop
      vertex 11.4 20.5 0
      vertex 44.3029 6.19706 0
      vertex 44.0045 5.83337 0
    endloop
  endfacet
  facet normal 0 0 -1
    outer loop
      vertex 11.4 20.5 0
      vertex 44.0045 5.83337 0
      vertex 43.7827 5.41844 0
    endloop
  endfacet
  facet normal 0 0 -1
    outer loop
      vertex 11.4 20.5 0
      vertex 43.6461 4.96822 0
      vertex 43.6 4.5 0
    endloop
  endfacet
  facet normal 0 0 -1
    outer loop
      vertex 11.4 20.5 0
      vertex 43.7827 5.41844 0
      vertex 43.6461 4.96822 0
    endloop
  endfacet
  facet normal -0 0 -1
    outer loop
      vertex 51.7 23 0
      vertex 11.3539 20.9682 0
      vertex 51.725 23.2536 0
    endloop
  endfacet
  facet normal 0 0 -1
    outer loop
      vertex 11.2173 21.4184 0
      vertex 51.725 23.2536 0
      vertex 11.3539 20.9682 0
    endloop
  endfacet
  facet normal -0 0 -1
    outer loop
      vertex 51.725 23.2536 0
      vertex 11.2173 21.4184 0
      vertex 51.799 23.4975 0
    endloop
  endfacet
  facet normal 0 0 -1
    outer loop
      vertex 10.9955 21.8334 0
      vertex 51.799 23.4975 0
      vertex 11.2173 21.4184 0
    endloop
  endfacet
  facet normal -0 0 -1
    outer loop
      vertex 51.799 23.4975 0
      vertex 10.9955 21.8334 0
      vertex 51.9191 23.7222 0
    endloop
  endfacet
  facet normal 0 0 -1
    outer loop
      vertex 10.6971 22.1971 0
      vertex 51.9191 23.7222 0
      vertex 10.9955 21.8334 0
    endloop
  endfacet
  facet normal -0 0 -1
    outer loop
      vertex 51.9191 23.7222 0
      vertex 10.6971 22.1971 0
      vertex 52.0808 23.9192 0
    endloop
  endfacet
  facet normal 0 0 -1
    outer loop
      vertex 10.3334 22.4955 0
      vertex 52.0808 23.9192 0
      vertex 10.6971 22.1971 0
    endloop
  endfacet
  facet normal -0 0 -1
    outer loop
      vertex 52.0808 23.9192 0
      vertex 10.3334 22.4955 0
      vertex 52.2778 24.0809 0
    endloop
  endfacet
  facet normal 0 0 -1
    outer loop
      vertex 9.91844 22.7173 0
      vertex 52.2778 24.0809 0
      vertex 10.3334 22.4955 0
    endloop
  endfacet
  facet normal -0 0 -1
    outer loop
      vertex 52.2778 24.0809 0
      vertex 9.91844 22.7173 0
      vertex 52.5025 24.201 0
    endloop
  endfacet
  facet normal 0 0 -1
    outer loop
      vertex 9.46822 22.8539 0
      vertex 52.5025 24.201 0
      vertex 9.91844 22.7173 0
    endloop
  endfacet
  facet normal -0 0 -1
    outer loop
      vertex 52.5025 24.201 0
      vertex 9.46822 22.8539 0
      vertex 55 25 0
    endloop
  endfacet
  facet normal 0 0 -1
    outer loop
      vertex 2.25362 24.275 0
      vertex 9.46822 22.8539 0
      vertex 9 22.9 0
    endloop
  endfacet
  facet normal -0 0 -1
    outer loop
      vertex 6.64612 20.0318 0
      vertex 4.8 20 0
      vertex 6.6 20.5 0
    endloop
  endfacet
  facet normal 0 0 -1
    outer loop
      vertex 4.76381 20.2052 0
      vertex 6.6 20.5 0
      vertex 4.8 20 0
    endloop
  endfacet
  facet normal 0 0 -1
    outer loop
      vertex 4.65963 20.3857 0
      vertex 6.6 20.5 0
      vertex 4.76381 20.2052 0
    endloop
  endfacet
  facet normal -0 0 -1
    outer loop
      vertex 6.6 20.5 0
      vertex 4.65963 20.3857 0
      vertex 6.64612 20.9682 0
    endloop
  endfacet
  facet normal 0 0 -1
    outer loop
      vertex 4.5 20.5196 0
      vertex 6.64612 20.9682 0
      vertex 4.65963 20.3857 0
    endloop
  endfacet
  facet normal -0 0 -1
    outer loop
      vertex 6.64612 20.9682 0
      vertex 4.5 20.5196 0
      vertex 6.78269 21.4184 0
    endloop
  endfacet
  facet normal 0 0 -1
    outer loop
      vertex 3.3 23 0
      vertex 6.78269 21.4184 0
      vertex 4.5 20.5196 0
    endloop
  endfacet
  facet normal 0 0 -1
    outer loop
      vertex 6.78269 21.4184 0
      vertex 3.3 23 0
      vertex 7.00447 21.8334 0
    endloop
  endfacet
  facet normal 0 0 -1
    outer loop
      vertex 3.27502 23.2536 0
      vertex 7.00447 21.8334 0
      vertex 3.3 23 0
    endloop
  endfacet
  facet normal 0 0 -1
    outer loop
      vertex 3.3 23 0
      vertex 4.5 20.5196 0
      vertex 4.30419 20.5909 0
    endloop
  endfacet
  facet normal 0 0 -1
    outer loop
      vertex 3.3 23 0
      vertex 4.30419 20.5909 0
      vertex 4.09581 20.5909 0
    endloop
  endfacet
  facet normal 0 0 -1
    outer loop
      vertex 7.00447 21.8334 0
      vertex 3.27502 23.2536 0
      vertex 7.30294 22.1971 0
    endloop
  endfacet
  facet normal 0 0 -1
    outer loop
      vertex 3.3 23 0
      vertex 4.09581 20.5909 0
      vertex 3.9 20.5196 0
    endloop
  endfacet
  facet normal 0 0 -1
    outer loop
      vertex 3.6 17 0
      vertex 3.3 23 0
      vertex 3.6 20 0
    endloop
  endfacet
  facet normal 0 0 -1
    outer loop
      vertex 3.3 23 0
      vertex 3.63618 20.2052 0
      vertex 3.6 20 0
    endloop
  endfacet
  facet normal 0 0 -1
    outer loop
      vertex 3.3 23 0
      vertex 3.74037 20.3857 0
      vertex 3.63618 20.2052 0
    endloop
  endfacet
  facet normal 0 0 -1
    outer loop
      vertex 3.3 23 0
      vertex 3.9 20.5196 0
      vertex 3.74037 20.3857 0
    endloop
  endfacet
  facet normal 0 0 -1
    outer loop
      vertex 3.20104 23.4975 0
      vertex 7.30294 22.1971 0
      vertex 3.27502 23.2536 0
    endloop
  endfacet
  facet normal 0 0 -1
    outer loop
      vertex 7.30294 22.1971 0
      vertex 3.20104 23.4975 0
      vertex 7.66663 22.4955 0
    endloop
  endfacet
  facet normal 0 0 -1
    outer loop
      vertex 3.08091 23.7222 0
      vertex 7.66663 22.4955 0
      vertex 3.20104 23.4975 0
    endloop
  endfacet
  facet normal 0 0 -1
    outer loop
      vertex 7.66663 22.4955 0
      vertex 3.08091 23.7222 0
      vertex 8.08156 22.7173 0
    endloop
  endfacet
  facet normal 0 0 -1
    outer loop
      vertex 2.91924 23.9192 0
      vertex 8.08156 22.7173 0
      vertex 3.08091 23.7222 0
    endloop
  endfacet
  facet normal 0 0 -1
    outer loop
      vertex 8.08156 22.7173 0
      vertex 2.91924 23.9192 0
      vertex 8.53178 22.8539 0
    endloop
  endfacet
  facet normal 0 0 -1
    outer loop
      vertex 2.72224 24.0809 0
      vertex 8.53178 22.8539 0
      vertex 2.91924 23.9192 0
    endloop
  endfacet
  facet normal 0 0 -1
    outer loop
      vertex 8.53178 22.8539 0
      vertex 2.72224 24.0809 0
      vertex 9 22.9 0
    endloop
  endfacet
  facet normal 0 0 -1
    outer loop
      vertex 2.49749 24.201 0
      vertex 9 22.9 0
      vertex 2.72224 24.0809 0
    endloop
  endfacet
  facet normal 0 0 -1
    outer loop
      vertex 2.25362 24.275 0
      vertex 9 22.9 0
      vertex 2.49749 24.201 0
    endloop
  endfacet
  facet normal 0 0 -1
    outer loop
      vertex 9.46822 22.8539 0
      vertex 2.25362 24.275 0
      vertex 0 25 0
    endloop
  endfacet
  facet normal 0 0 -1
    outer loop
      vertex 0 25 0
      vertex 2.25362 24.275 0
      vertex 2 24.3 0
    endloop
  endfacet
  facet normal 0 0 -1
    outer loop
      vertex 9.46822 22.8539 0
      vertex 0 25 0
      vertex 55 25 0
    endloop
  endfacet
  facet normal 0 0 -1
    outer loop
      vertex 1.74638 24.275 0
      vertex 0 25 0
      vertex 2 24.3 0
    endloop
  endfacet
  facet normal 0 0 -1
    outer loop
      vertex 1.50251 24.201 0
      vertex 0 25 0
      vertex 1.74638 24.275 0
    endloop
  endfacet
  facet normal 0 0 -1
    outer loop
      vertex 1.27776 24.0809 0
      vertex 0 25 0
      vertex 1.50251 24.201 0
    endloop
  endfacet
  facet normal 0 0 -1
    outer loop
      vertex 1.08076 23.9192 0
      vertex 0 25 0
      vertex 1.27776 24.0809 0
    endloop
  endfacet
  facet normal 0 0 -1
    outer loop
      vertex 0.919089 23.7222 0
      vertex 0 25 0
      vertex 1.08076 23.9192 0
    endloop
  endfacet
  facet normal 0 0 -1
    outer loop
      vertex 0.798956 23.4975 0
      vertex 0 25 0
      vertex 0.919089 23.7222 0
    endloop
  endfacet
  facet normal 0 0 -1
    outer loop
      vertex 0.724978 23.2536 0
      vertex 0 25 0
      vertex 0.798956 23.4975 0
    endloop
  endfacet
  facet normal 0 0 -1
    outer loop
      vertex 0.7 23 0
      vertex 0 25 0
      vertex 0.724978 23.2536 0
    endloop
  endfacet
  facet normal 0 0 -1
    outer loop
      vertex 0.724978 22.7464 0
      vertex 0 25 0
      vertex 0.7 23 0
    endloop
  endfacet
  facet normal -1 0 0
    outer loop
      vertex 0 25 0
      vertex 0 23 1.6
      vertex 0 25 1.6
    endloop
  endfacet
  facet normal -1 0 0
    outer loop
      vertex 0 25 0
      vertex 0 2 1.6
      vertex 0 23 1.6
    endloop
  endfacet
  facet normal -1 0 0
    outer loop
      vertex 0 0 0
      vertex 0 2 1.6
      vertex 0 25 0
    endloop
  endfacet
  facet normal -1 -0 0
    outer loop
      vertex 0 2 1.6
      vertex 0 0 0
      vertex 0 0 1.6
    endloop
  endfacet
  facet normal 0 1 -0
    outer loop
      vertex 55 25 0
      vertex 53 25 1.6
      vertex 55 25 1.6
    endloop
  endfacet
  facet normal 0 1 0
    outer loop
      vertex 53 25 1.6
      vertex 55 25 0
      vertex 2 25 1.6
    endloop
  endfacet
  facet normal 0 1 0
    outer loop
      vertex 0 25 0
      vertex 2 25 1.6
      vertex 55 25 0
    endloop
  endfacet
  facet normal 0 1 0
    outer loop
      vertex 2 25 1.6
      vertex 0 25 0
      vertex 0 25 1.6
    endloop
  endfacet
  facet normal 0 -1 0
    outer loop
      vertex 0 0 0
      vertex 2 0 1.6
      vertex 0 0 1.6
    endloop
  endfacet
  facet normal 0 -1 -0
    outer loop
      vertex 2 0 1.6
      vertex 0 0 0
      vertex 53 0 1.6
    endloop
  endfacet
  facet normal 0 -1 0
    outer loop
      vertex 55 0 0
      vertex 53 0 1.6
      vertex 0 0 0
    endloop
  endfacet
  facet normal 0 -1 0
    outer loop
      vertex 53 0 1.6
      vertex 55 0 0
      vertex 55 0 1.6
    endloop
  endfacet
  facet normal 0.290282 -0.956941 0
    outer loop
      vertex 2.39018 0.0384293 1.6
      vertex 2.76537 0.152241 1.78
      vertex 2.39018 0.0384293 1.78
    endloop
  endfacet
  facet normal 0.290282 -0.956941 0
    outer loop
      vertex 2.76537 0.152241 1.78
      vertex 2.39018 0.0384293 1.6
      vertex 2.76537 0.152241 1.6
    endloop
  endfacet
  facet normal 0.956942 0.290279 0
    outer loop
      vertex 3.96157 2.39018 1.78
      vertex 3.84776 2.76537 1.6
      vertex 3.84776 2.76537 1.78
    endloop
  endfacet
  facet normal 0.956942 0.290279 0
    outer loop
      vertex 3.84776 2.76537 1.6
      vertex 3.96157 2.39018 1.78
      vertex 3.96157 2.39018 1.6
    endloop
  endfacet
  facet normal 0.995185 0.0980187 0
    outer loop
      vertex 4 2 1.78
      vertex 3.96157 2.39018 1.6
      vertex 3.96157 2.39018 1.78
    endloop
  endfacet
  facet normal 0.995185 0.0980187 0
    outer loop
      vertex 3.96157 2.39018 1.6
      vertex 4 2 1.78
      vertex 4 2 1.6
    endloop
  endfacet
  facet normal 0.881919 0.471401 0
    outer loop
      vertex 3.84776 2.76537 1.78
      vertex 3.66294 3.11114 1.6
      vertex 3.66294 3.11114 1.78
    endloop
  endfacet
  facet normal 0.881919 0.471401 0
    outer loop
      vertex 3.66294 3.11114 1.6
      vertex 3.84776 2.76537 1.78
      vertex 3.84776 2.76537 1.6
    endloop
  endfacet
  facet normal -0.881921 -0.471398 0
    outer loop
      vertex 0.33706 0.888859 1.6
      vertex 0.152241 1.23463 1.78
      vertex 0.152241 1.23463 1.6
    endloop
  endfacet
  facet normal -0.881921 -0.471398 0
    outer loop
      vertex 0.152241 1.23463 1.78
      vertex 0.33706 0.888859 1.6
      vertex 0.33706 0.888859 1.78
    endloop
  endfacet
  facet normal 0.290279 0.956942 -0
    outer loop
      vertex 2.76537 3.84776 1.6
      vertex 2.39018 3.96157 1.78
      vertex 2.76537 3.84776 1.78
    endloop
  endfacet
  facet normal 0.290279 0.956942 0
    outer loop
      vertex 2.39018 3.96157 1.78
      vertex 2.76537 3.84776 1.6
      vertex 2.39018 3.96157 1.6
    endloop
  endfacet
  facet normal -0.0980187 0.995185 0
    outer loop
      vertex 2 4 1.6
      vertex 1.60982 3.96157 1.78
      vertex 2 4 1.78
    endloop
  endfacet
  facet normal -0.0980187 0.995185 0
    outer loop
      vertex 1.60982 3.96157 1.78
      vertex 2 4 1.6
      vertex 1.60982 3.96157 1.6
    endloop
  endfacet
  facet normal -0.471398 -0.881921 0
    outer loop
      vertex 0.888859 0.33706 1.6
      vertex 1.23463 0.152241 1.78
      vertex 0.888859 0.33706 1.78
    endloop
  endfacet
  facet normal -0.471398 -0.881921 -0
    outer loop
      vertex 1.23463 0.152241 1.78
      vertex 0.888859 0.33706 1.6
      vertex 1.23463 0.152241 1.6
    endloop
  endfacet
  facet normal -0.4714 0.88192 0
    outer loop
      vertex 1.23463 3.84776 1.6
      vertex 0.888859 3.66294 1.78
      vertex 1.23463 3.84776 1.78
    endloop
  endfacet
  facet normal -0.4714 0.88192 0
    outer loop
      vertex 0.888859 3.66294 1.78
      vertex 1.23463 3.84776 1.6
      vertex 0.888859 3.66294 1.6
    endloop
  endfacet
  facet normal 0.471399 -0.88192 0
    outer loop
      vertex 2.76537 0.152241 1.6
      vertex 3.11114 0.33706 1.78
      vertex 2.76537 0.152241 1.78
    endloop
  endfacet
  facet normal 0.471399 -0.88192 0
    outer loop
      vertex 3.11114 0.33706 1.78
      vertex 2.76537 0.152241 1.6
      vertex 3.11114 0.33706 1.6
    endloop
  endfacet
  facet normal -0.773007 0.634398 0
    outer loop
      vertex 0.33706 3.11114 1.6
      vertex 0.585786 3.41421 1.78
      vertex 0.585786 3.41421 1.6
    endloop
  endfacet
  facet normal -0.773007 0.634398 0
    outer loop
      vertex 0.585786 3.41421 1.78
      vertex 0.33706 3.11114 1.6
      vertex 0.33706 3.11114 1.78
    endloop
  endfacet
  facet normal 0.773002 0.634404 0
    outer loop
      vertex 3.66294 3.11114 1.78
      vertex 3.41421 3.41421 1.6
      vertex 3.41421 3.41421 1.78
    endloop
  endfacet
  facet normal 0.773002 0.634404 0
    outer loop
      vertex 3.41421 3.41421 1.6
      vertex 3.66294 3.11114 1.78
      vertex 3.66294 3.11114 1.6
    endloop
  endfacet
  facet normal 0.773005 -0.6344 0
    outer loop
      vertex 3.41421 0.585786 1.78
      vertex 3.66294 0.888859 1.6
      vertex 3.66294 0.888859 1.78
    endloop
  endfacet
  facet normal 0.773005 -0.6344 0
    outer loop
      vertex 3.66294 0.888859 1.6
      vertex 3.41421 0.585786 1.78
      vertex 3.41421 0.585786 1.6
    endloop
  endfacet
  facet normal -0.290279 0.956942 0
    outer loop
      vertex 1.60982 3.96157 1.6
      vertex 1.23463 3.84776 1.78
      vertex 1.60982 3.96157 1.78
    endloop
  endfacet
  facet normal -0.290279 0.956942 0
    outer loop
      vertex 1.23463 3.84776 1.78
      vertex 1.60982 3.96157 1.6
      vertex 1.23463 3.84776 1.6
    endloop
  endfacet
  facet normal 0.634398 -0.773007 0
    outer loop
      vertex 3.11114 0.33706 1.6
      vertex 3.41421 0.585786 1.78
      vertex 3.11114 0.33706 1.78
    endloop
  endfacet
  facet normal 0.634398 -0.773007 0
    outer loop
      vertex 3.41421 0.585786 1.78
      vertex 3.11114 0.33706 1.6
      vertex 3.41421 0.585786 1.6
    endloop
  endfacet
  facet normal 0.995185 -0.0980187 0
    outer loop
      vertex 3.96157 1.60982 1.78
      vertex 4 2 1.6
      vertex 4 2 1.78
    endloop
  endfacet
  facet normal 0.995185 -0.0980187 0
    outer loop
      vertex 4 2 1.6
      vertex 3.96157 1.60982 1.78
      vertex 3.96157 1.60982 1.6
    endloop
  endfacet
  facet normal -0.290282 -0.956941 0
    outer loop
      vertex 1.23463 0.152241 1.6
      vertex 1.60982 0.0384293 1.78
      vertex 1.23463 0.152241 1.78
    endloop
  endfacet
  facet normal -0.290282 -0.956941 -0
    outer loop
      vertex 1.60982 0.0384293 1.78
      vertex 1.23463 0.152241 1.6
      vertex 1.60982 0.0384293 1.6
    endloop
  endfacet
  facet normal 0 0 1
    outer loop
      vertex 3.3 2 1.78
      vertex 4 2 1.78
      vertex 3.96157 2.39018 1.78
    endloop
  endfacet
  facet normal 0 0 1
    outer loop
      vertex 3.27502 2.25362 1.78
      vertex 3.96157 2.39018 1.78
      vertex 3.84776 2.76537 1.78
    endloop
  endfacet
  facet normal 0 0 1
    outer loop
      vertex 4 2 1.78
      vertex 3.3 2 1.78
      vertex 3.96157 1.60982 1.78
    endloop
  endfacet
  facet normal 0 0 1
    outer loop
      vertex 3.20104 2.49749 1.78
      vertex 3.84776 2.76537 1.78
      vertex 3.66294 3.11114 1.78
    endloop
  endfacet
  facet normal -0 0 1
    outer loop
      vertex 3.27502 1.74638 1.78
      vertex 3.96157 1.60982 1.78
      vertex 3.3 2 1.78
    endloop
  endfacet
  facet normal 0 0 1
    outer loop
      vertex 3.08091 2.72224 1.78
      vertex 3.66294 3.11114 1.78
      vertex 3.41421 3.41421 1.78
    endloop
  endfacet
  facet normal 0 0 1
    outer loop
      vertex 3.96157 1.60982 1.78
      vertex 3.27502 1.74638 1.78
      vertex 3.84776 1.23463 1.78
    endloop
  endfacet
  facet normal -0 0 1
    outer loop
      vertex 3.20104 1.50251 1.78
      vertex 3.84776 1.23463 1.78
      vertex 3.27502 1.74638 1.78
    endloop
  endfacet
  facet normal 0 0 1
    outer loop
      vertex 3.96157 2.39018 1.78
      vertex 3.27502 2.25362 1.78
      vertex 3.3 2 1.78
    endloop
  endfacet
  facet normal 0 0 1
    outer loop
      vertex 3.84776 2.76537 1.78
      vertex 3.20104 2.49749 1.78
      vertex 3.27502 2.25362 1.78
    endloop
  endfacet
  facet normal 0 0 1
    outer loop
      vertex 2.91924 2.91924 1.78
      vertex 3.41421 3.41421 1.78
      vertex 3.11114 3.66294 1.78
    endloop
  endfacet
  facet normal 0 0 1
    outer loop
      vertex 3.66294 3.11114 1.78
      vertex 3.08091 2.72224 1.78
      vertex 3.20104 2.49749 1.78
    endloop
  endfacet
  facet normal 0 0 1
    outer loop
      vertex 3.41421 3.41421 1.78
      vertex 2.91924 2.91924 1.78
      vertex 3.08091 2.72224 1.78
    endloop
  endfacet
  facet normal 0 0 1
    outer loop
      vertex 2.72224 3.08091 1.78
      vertex 3.11114 3.66294 1.78
      vertex 2.76537 3.84776 1.78
    endloop
  endfacet
  facet normal 0 0 1
    outer loop
      vertex 3.11114 3.66294 1.78
      vertex 2.72224 3.08091 1.78
      vertex 2.91924 2.91924 1.78
    endloop
  endfacet
  facet normal 0 0 1
    outer loop
      vertex 2.76537 3.84776 1.78
      vertex 2.49749 3.20104 1.78
      vertex 2.72224 3.08091 1.78
    endloop
  endfacet
  facet normal 0 0 1
    outer loop
      vertex 2.39018 3.96157 1.78
      vertex 2.49749 3.20104 1.78
      vertex 2.76537 3.84776 1.78
    endloop
  endfacet
  facet normal 0 0 1
    outer loop
      vertex 2.39018 3.96157 1.78
      vertex 2.25362 3.27502 1.78
      vertex 2.49749 3.20104 1.78
    endloop
  endfacet
  facet normal 0 0 1
    outer loop
      vertex 2 4 1.78
      vertex 2.25362 3.27502 1.78
      vertex 2.39018 3.96157 1.78
    endloop
  endfacet
  facet normal 0 0 1
    outer loop
      vertex 2 4 1.78
      vertex 2 3.3 1.78
      vertex 2.25362 3.27502 1.78
    endloop
  endfacet
  facet normal 0 0 1
    outer loop
      vertex 2 4 1.78
      vertex 1.74638 3.27502 1.78
      vertex 2 3.3 1.78
    endloop
  endfacet
  facet normal -0 0 1
    outer loop
      vertex 1.60982 3.96157 1.78
      vertex 1.74638 3.27502 1.78
      vertex 2 4 1.78
    endloop
  endfacet
  facet normal 0 0 1
    outer loop
      vertex 1.60982 3.96157 1.78
      vertex 1.50251 3.20104 1.78
      vertex 1.74638 3.27502 1.78
    endloop
  endfacet
  facet normal -0 0 1
    outer loop
      vertex 1.23463 3.84776 1.78
      vertex 1.50251 3.20104 1.78
      vertex 1.60982 3.96157 1.78
    endloop
  endfacet
  facet normal 0 0 1
    outer loop
      vertex 1.50251 3.20104 1.78
      vertex 1.23463 3.84776 1.78
      vertex 1.27776 3.08091 1.78
    endloop
  endfacet
  facet normal -0 0 1
    outer loop
      vertex 0.888859 3.66294 1.78
      vertex 1.27776 3.08091 1.78
      vertex 1.23463 3.84776 1.78
    endloop
  endfacet
  facet normal 0 0 1
    outer loop
      vertex 1.27776 3.08091 1.78
      vertex 0.888859 3.66294 1.78
      vertex 1.08076 2.91924 1.78
    endloop
  endfacet
  facet normal -0 0 1
    outer loop
      vertex 0.585786 3.41421 1.78
      vertex 1.08076 2.91924 1.78
      vertex 0.888859 3.66294 1.78
    endloop
  endfacet
  facet normal 0 0 1
    outer loop
      vertex 1.08076 2.91924 1.78
      vertex 0.585786 3.41421 1.78
      vertex 0.919089 2.72224 1.78
    endloop
  endfacet
  facet normal -0 0 1
    outer loop
      vertex 0.33706 3.11114 1.78
      vertex 0.919089 2.72224 1.78
      vertex 0.585786 3.41421 1.78
    endloop
  endfacet
  facet normal -0 0 1
    outer loop
      vertex 0.152241 2.76537 1.78
      vertex 0.798956 2.49749 1.78
      vertex 0.33706 3.11114 1.78
    endloop
  endfacet
  facet normal 0 0 1
    outer loop
      vertex 0.919089 2.72224 1.78
      vertex 0.33706 3.11114 1.78
      vertex 0.798956 2.49749 1.78
    endloop
  endfacet
  facet normal 0 0 1
    outer loop
      vertex 3.84776 1.23463 1.78
      vertex 3.20104 1.50251 1.78
      vertex 3.66294 0.888859 1.78
    endloop
  endfacet
  facet normal -0 0 1
    outer loop
      vertex 3.08091 1.27776 1.78
      vertex 3.66294 0.888859 1.78
      vertex 3.20104 1.50251 1.78
    endloop
  endfacet
  facet normal 0 0 1
    outer loop
      vertex 3.66294 0.888859 1.78
      vertex 3.08091 1.27776 1.78
      vertex 3.41421 0.585786 1.78
    endloop
  endfacet
  facet normal -0 0 1
    outer loop
      vertex 2.91924 1.08076 1.78
      vertex 3.41421 0.585786 1.78
      vertex 3.08091 1.27776 1.78
    endloop
  endfacet
  facet normal 0 0 1
    outer loop
      vertex 3.41421 0.585786 1.78
      vertex 2.91924 1.08076 1.78
      vertex 3.11114 0.33706 1.78
    endloop
  endfacet
  facet normal -0 0 1
    outer loop
      vertex 2.72224 0.919089 1.78
      vertex 3.11114 0.33706 1.78
      vertex 2.91924 1.08076 1.78
    endloop
  endfacet
  facet normal 0 0 1
    outer loop
      vertex 3.11114 0.33706 1.78
      vertex 2.72224 0.919089 1.78
      vertex 2.76537 0.152241 1.78
    endloop
  endfacet
  facet normal -0 0 1
    outer loop
      vertex 2.49749 0.798956 1.78
      vertex 2.76537 0.152241 1.78
      vertex 2.72224 0.919089 1.78
    endloop
  endfacet
  facet normal 0 0 1
    outer loop
      vertex 2.49749 0.798956 1.78
      vertex 2.39018 0.0384293 1.78
      vertex 2.76537 0.152241 1.78
    endloop
  endfacet
  facet normal -0 0 1
    outer loop
      vertex 2.25362 0.724978 1.78
      vertex 2.39018 0.0384293 1.78
      vertex 2.49749 0.798956 1.78
    endloop
  endfacet
  facet normal -0 0 1
    outer loop
      vertex 2 0.7 1.78
      vertex 2.39018 0.0384293 1.78
      vertex 2.25362 0.724978 1.78
    endloop
  endfacet
  facet normal 0 0 1
    outer loop
      vertex 2 0.7 1.78
      vertex 2 0 1.78
      vertex 2.39018 0.0384293 1.78
    endloop
  endfacet
  facet normal 0 0 1
    outer loop
      vertex 1.74638 0.724978 1.78
      vertex 2 0 1.78
      vertex 2 0.7 1.78
    endloop
  endfacet
  facet normal 0 0 1
    outer loop
      vertex 1.74638 0.724978 1.78
      vertex 1.60982 0.0384293 1.78
      vertex 2 0 1.78
    endloop
  endfacet
  facet normal 0 0 1
    outer loop
      vertex 1.50251 0.798956 1.78
      vertex 1.60982 0.0384293 1.78
      vertex 1.74638 0.724978 1.78
    endloop
  endfacet
  facet normal 0 0 1
    outer loop
      vertex 1.23463 0.152241 1.78
      vertex 1.50251 0.798956 1.78
      vertex 1.27776 0.919089 1.78
    endloop
  endfacet
  facet normal 0 0 1
    outer loop
      vertex 1.50251 0.798956 1.78
      vertex 1.23463 0.152241 1.78
      vertex 1.60982 0.0384293 1.78
    endloop
  endfacet
  facet normal 0 0 1
    outer loop
      vertex 0.888859 0.33706 1.78
      vertex 1.27776 0.919089 1.78
      vertex 1.08076 1.08076 1.78
    endloop
  endfacet
  facet normal 0 0 1
    outer loop
      vertex 0.585786 0.585786 1.78
      vertex 1.08076 1.08076 1.78
      vertex 0.919089 1.27776 1.78
    endloop
  endfacet
  facet normal 0 0 1
    outer loop
      vertex 1.27776 0.919089 1.78
      vertex 0.888859 0.33706 1.78
      vertex 1.23463 0.152241 1.78
    endloop
  endfacet
  facet normal 0 0 1
    outer loop
      vertex 0.33706 0.888859 1.78
      vertex 0.919089 1.27776 1.78
      vertex 0.798956 1.50251 1.78
    endloop
  endfacet
  facet normal 0 0 1
    outer loop
      vertex 0.152241 1.23463 1.78
      vertex 0.798956 1.50251 1.78
      vertex 0.724978 1.74638 1.78
    endloop
  endfacet
  facet normal 0 0 1
    outer loop
      vertex 1.08076 1.08076 1.78
      vertex 0.585786 0.585786 1.78
      vertex 0.888859 0.33706 1.78
    endloop
  endfacet
  facet normal 0 0 1
    outer loop
      vertex 0.0384293 1.60982 1.78
      vertex 0.724978 1.74638 1.78
      vertex 0.7 2 1.78
    endloop
  endfacet
  facet normal 0 0 1
    outer loop
      vertex 0.798956 2.49749 1.78
      vertex 0.152241 2.76537 1.78
      vertex 0.724978 2.25362 1.78
    endloop
  endfacet
  facet normal -0 0 1
    outer loop
      vertex 0.0384293 2.39018 1.78
      vertex 0.724978 2.25362 1.78
      vertex 0.152241 2.76537 1.78
    endloop
  endfacet
  facet normal 0 0 1
    outer loop
      vertex 0.919089 1.27776 1.78
      vertex 0.33706 0.888859 1.78
      vertex 0.585786 0.585786 1.78
    endloop
  endfacet
  facet normal 0 0 1
    outer loop
      vertex 0.724978 2.25362 1.78
      vertex 0.0384293 2.39018 1.78
      vertex 0.7 2 1.78
    endloop
  endfacet
  facet normal 0 0 1
    outer loop
      vertex 0.798956 1.50251 1.78
      vertex 0.152241 1.23463 1.78
      vertex 0.33706 0.888859 1.78
    endloop
  endfacet
  facet normal 0 0 1
    outer loop
      vertex 0 2 1.78
      vertex 0.7 2 1.78
      vertex 0.0384293 2.39018 1.78
    endloop
  endfacet
  facet normal 0 0 1
    outer loop
      vertex 0.724978 1.74638 1.78
      vertex 0.0384293 1.60982 1.78
      vertex 0.152241 1.23463 1.78
    endloop
  endfacet
  facet normal 0 0 1
    outer loop
      vertex 0.7 2 1.78
      vertex 0 2 1.78
      vertex 0.0384293 1.60982 1.78
    endloop
  endfacet
  facet normal 0.956942 -0.290279 0
    outer loop
      vertex 3.84776 1.23463 1.78
      vertex 3.96157 1.60982 1.6
      vertex 3.96157 1.60982 1.78
    endloop
  endfacet
  facet normal 0.956942 -0.290279 0
    outer loop
      vertex 3.96157 1.60982 1.6
      vertex 3.84776 1.23463 1.78
      vertex 3.84776 1.23463 1.6
    endloop
  endfacet
  facet normal -0.956941 -0.290282 0
    outer loop
      vertex 0.152241 1.23463 1.6
      vertex 0.0384293 1.60982 1.78
      vertex 0.0384293 1.60982 1.6
    endloop
  endfacet
  facet normal -0.956941 -0.290282 0
    outer loop
      vertex 0.0384293 1.60982 1.78
      vertex 0.152241 1.23463 1.6
      vertex 0.152241 1.23463 1.78
    endloop
  endfacet
  facet normal 0.88192 -0.4714 0
    outer loop
      vertex 3.66294 0.888859 1.78
      vertex 3.84776 1.23463 1.6
      vertex 3.84776 1.23463 1.78
    endloop
  endfacet
  facet normal 0.88192 -0.4714 0
    outer loop
      vertex 3.84776 1.23463 1.6
      vertex 3.66294 0.888859 1.78
      vertex 3.66294 0.888859 1.6
    endloop
  endfacet
  facet normal -0.995185 0.0980169 0
    outer loop
      vertex 0 2 1.6
      vertex 0.0384293 2.39018 1.78
      vertex 0.0384293 2.39018 1.6
    endloop
  endfacet
  facet normal -0.995185 0.0980169 0
    outer loop
      vertex 0.0384293 2.39018 1.78
      vertex 0 2 1.6
      vertex 0 2 1.78
    endloop
  endfacet
  facet normal 0.0980187 0.995185 -0
    outer loop
      vertex 2.39018 3.96157 1.6
      vertex 2 4 1.78
      vertex 2.39018 3.96157 1.78
    endloop
  endfacet
  facet normal 0.0980187 0.995185 0
    outer loop
      vertex 2 4 1.78
      vertex 2.39018 3.96157 1.6
      vertex 2 4 1.6
    endloop
  endfacet
  facet normal -0.6344 0.773005 0
    outer loop
      vertex 0.888859 3.66294 1.6
      vertex 0.585786 3.41421 1.78
      vertex 0.888859 3.66294 1.78
    endloop
  endfacet
  facet normal -0.6344 0.773005 0
    outer loop
      vertex 0.585786 3.41421 1.78
      vertex 0.888859 3.66294 1.6
      vertex 0.585786 3.41421 1.6
    endloop
  endfacet
  facet normal 0.634404 0.773002 -0
    outer loop
      vertex 3.41421 3.41421 1.6
      vertex 3.11114 3.66294 1.78
      vertex 3.41421 3.41421 1.78
    endloop
  endfacet
  facet normal 0.634404 0.773002 0
    outer loop
      vertex 3.11114 3.66294 1.78
      vertex 3.41421 3.41421 1.6
      vertex 3.11114 3.66294 1.6
    endloop
  endfacet
  facet normal 0.0980169 -0.995185 0
    outer loop
      vertex 2 0 1.6
      vertex 2.39018 0.0384293 1.78
      vertex 2 0 1.78
    endloop
  endfacet
  facet normal 0.0980169 -0.995185 0
    outer loop
      vertex 2.39018 0.0384293 1.78
      vertex 2 0 1.6
      vertex 2.39018 0.0384293 1.6
    endloop
  endfacet
  facet normal 0.471401 0.881919 -0
    outer loop
      vertex 3.11114 3.66294 1.6
      vertex 2.76537 3.84776 1.78
      vertex 3.11114 3.66294 1.78
    endloop
  endfacet
  facet normal 0.471401 0.881919 0
    outer loop
      vertex 2.76537 3.84776 1.78
      vertex 3.11114 3.66294 1.6
      vertex 2.76537 3.84776 1.6
    endloop
  endfacet
  facet normal -0.77301 -0.634394 0
    outer loop
      vertex 0.585786 0.585786 1.6
      vertex 0.33706 0.888859 1.78
      vertex 0.33706 0.888859 1.6
    endloop
  endfacet
  facet normal -0.77301 -0.634394 0
    outer loop
      vertex 0.33706 0.888859 1.78
      vertex 0.585786 0.585786 1.6
      vertex 0.585786 0.585786 1.78
    endloop
  endfacet
  facet normal -0.0980169 -0.995185 0
    outer loop
      vertex 1.60982 0.0384293 1.6
      vertex 2 0 1.78
      vertex 1.60982 0.0384293 1.78
    endloop
  endfacet
  facet normal -0.0980169 -0.995185 -0
    outer loop
      vertex 2 0 1.78
      vertex 1.60982 0.0384293 1.6
      vertex 2 0 1.6
    endloop
  endfacet
  facet normal -0.634394 -0.77301 0
    outer loop
      vertex 0.585786 0.585786 1.6
      vertex 0.888859 0.33706 1.78
      vertex 0.585786 0.585786 1.78
    endloop
  endfacet
  facet normal -0.634394 -0.77301 -0
    outer loop
      vertex 0.888859 0.33706 1.78
      vertex 0.585786 0.585786 1.6
      vertex 0.888859 0.33706 1.6
    endloop
  endfacet
  facet normal -0.956941 0.290282 0
    outer loop
      vertex 0.0384293 2.39018 1.6
      vertex 0.152241 2.76537 1.78
      vertex 0.152241 2.76537 1.6
    endloop
  endfacet
  facet normal -0.956941 0.290282 0
    outer loop
      vertex 0.152241 2.76537 1.78
      vertex 0.0384293 2.39018 1.6
      vertex 0.0384293 2.39018 1.78
    endloop
  endfacet
  facet normal -0.88192 0.471399 0
    outer loop
      vertex 0.152241 2.76537 1.6
      vertex 0.33706 3.11114 1.78
      vertex 0.33706 3.11114 1.6
    endloop
  endfacet
  facet normal -0.88192 0.471399 0
    outer loop
      vertex 0.33706 3.11114 1.78
      vertex 0.152241 2.76537 1.6
      vertex 0.152241 2.76537 1.78
    endloop
  endfacet
  facet normal -0.995185 -0.0980169 0
    outer loop
      vertex 0.0384293 1.60982 1.6
      vertex 0 2 1.78
      vertex 0 2 1.6
    endloop
  endfacet
  facet normal -0.995185 -0.0980169 0
    outer loop
      vertex 0 2 1.78
      vertex 0.0384293 1.60982 1.6
      vertex 0.0384293 1.60982 1.78
    endloop
  endfacet
  facet normal 0.290255 -0.956949 0
    outer loop
      vertex 2.39018 21.0384 1.6
      vertex 2.76537 21.1522 1.78
      vertex 2.39018 21.0384 1.78
    endloop
  endfacet
  facet normal 0.290255 -0.956949 0
    outer loop
      vertex 2.76537 21.1522 1.78
      vertex 2.39018 21.0384 1.6
      vertex 2.76537 21.1522 1.6
    endloop
  endfacet
  facet normal 0.956944 0.290271 0
    outer loop
      vertex 3.96157 23.3902 1.78
      vertex 3.84776 23.7654 1.6
      vertex 3.84776 23.7654 1.78
    endloop
  endfacet
  facet normal 0.956944 0.290271 0
    outer loop
      vertex 3.84776 23.7654 1.6
      vertex 3.96157 23.3902 1.78
      vertex 3.96157 23.3902 1.6
    endloop
  endfacet
  facet normal 0.995185 0.0980137 0
    outer loop
      vertex 4 23 1.78
      vertex 3.96157 23.3902 1.6
      vertex 3.96157 23.3902 1.78
    endloop
  endfacet
  facet normal 0.995185 0.0980137 0
    outer loop
      vertex 3.96157 23.3902 1.6
      vertex 4 23 1.78
      vertex 4 23 1.6
    endloop
  endfacet
  facet normal 0.881879 0.471475 0
    outer loop
      vertex 3.84776 23.7654 1.78
      vertex 3.66294 24.1111 1.6
      vertex 3.66294 24.1111 1.78
    endloop
  endfacet
  facet normal 0.881879 0.471475 0
    outer loop
      vertex 3.66294 24.1111 1.6
      vertex 3.84776 23.7654 1.78
      vertex 3.84776 23.7654 1.6
    endloop
  endfacet
  facet normal -0.88188 -0.471473 0
    outer loop
      vertex 0.33706 21.8889 1.6
      vertex 0.152241 22.2346 1.78
      vertex 0.152241 22.2346 1.6
    endloop
  endfacet
  facet normal -0.88188 -0.471473 0
    outer loop
      vertex 0.152241 22.2346 1.78
      vertex 0.33706 21.8889 1.6
      vertex 0.33706 21.8889 1.78
    endloop
  endfacet
  facet normal 0.290255 0.956949 -0
    outer loop
      vertex 2.76537 24.8478 1.6
      vertex 2.39018 24.9616 1.78
      vertex 2.76537 24.8478 1.78
    endloop
  endfacet
  facet normal 0.290255 0.956949 0
    outer loop
      vertex 2.39018 24.9616 1.78
      vertex 2.76537 24.8478 1.6
      vertex 2.39018 24.9616 1.6
    endloop
  endfacet
  facet normal -0.0979429 0.995192 0
    outer loop
      vertex 2 25 1.6
      vertex 1.60982 24.9616 1.78
      vertex 2 25 1.78
    endloop
  endfacet
  facet normal -0.0979429 0.995192 0
    outer loop
      vertex 1.60982 24.9616 1.78
      vertex 2 25 1.6
      vertex 1.60982 24.9616 1.6
    endloop
  endfacet
  facet normal -0.471558 -0.881835 0
    outer loop
      vertex 0.888859 21.3371 1.6
      vertex 1.23463 21.1522 1.78
      vertex 0.888859 21.3371 1.78
    endloop
  endfacet
  facet normal -0.471558 -0.881835 -0
    outer loop
      vertex 1.23463 21.1522 1.78
      vertex 0.888859 21.3371 1.6
      vertex 1.23463 21.1522 1.6
    endloop
  endfacet
  facet normal -0.471558 0.881835 0
    outer loop
      vertex 1.23463 24.8478 1.6
      vertex 0.888859 24.6629 1.78
      vertex 1.23463 24.8478 1.78
    endloop
  endfacet
  facet normal -0.471558 0.881835 0
    outer loop
      vertex 0.888859 24.6629 1.78
      vertex 1.23463 24.8478 1.6
      vertex 0.888859 24.6629 1.6
    endloop
  endfacet
  facet normal 0.47156 -0.881834 0
    outer loop
      vertex 2.76537 21.1522 1.6
      vertex 3.11114 21.3371 1.78
      vertex 2.76537 21.1522 1.78
    endloop
  endfacet
  facet normal 0.47156 -0.881834 0
    outer loop
      vertex 3.11114 21.3371 1.78
      vertex 2.76537 21.1522 1.6
      vertex 3.11114 21.3371 1.6
    endloop
  endfacet
  facet normal -0.773038 0.63436 0
    outer loop
      vertex 0.33706 24.1111 1.6
      vertex 0.585786 24.4142 1.78
      vertex 0.585786 24.4142 1.6
    endloop
  endfacet
  facet normal -0.773038 0.63436 0
    outer loop
      vertex 0.585786 24.4142 1.78
      vertex 0.33706 24.1111 1.6
      vertex 0.33706 24.1111 1.78
    endloop
  endfacet
  facet normal 0.773033 0.634366 0
    outer loop
      vertex 3.66294 24.1111 1.78
      vertex 3.41421 24.4142 1.6
      vertex 3.41421 24.4142 1.78
    endloop
  endfacet
  facet normal 0.773033 0.634366 0
    outer loop
      vertex 3.41421 24.4142 1.6
      vertex 3.66294 24.1111 1.78
      vertex 3.66294 24.1111 1.6
    endloop
  endfacet
  facet normal 0.773033 -0.634366 0
    outer loop
      vertex 3.41421 21.5858 1.78
      vertex 3.66294 21.8889 1.6
      vertex 3.66294 21.8889 1.78
    endloop
  endfacet
  facet normal 0.773033 -0.634366 0
    outer loop
      vertex 3.66294 21.8889 1.6
      vertex 3.41421 21.5858 1.78
      vertex 3.41421 21.5858 1.6
    endloop
  endfacet
  facet normal -0.290255 0.956949 0
    outer loop
      vertex 1.60982 24.9616 1.6
      vertex 1.23463 24.8478 1.78
      vertex 1.60982 24.9616 1.78
    endloop
  endfacet
  facet normal -0.290255 0.956949 0
    outer loop
      vertex 1.23463 24.8478 1.78
      vertex 1.60982 24.9616 1.6
      vertex 1.23463 24.8478 1.6
    endloop
  endfacet
  facet normal 0.634358 -0.773039 0
    outer loop
      vertex 3.11114 21.3371 1.6
      vertex 3.41421 21.5858 1.78
      vertex 3.11114 21.3371 1.78
    endloop
  endfacet
  facet normal 0.634358 -0.773039 0
    outer loop
      vertex 3.41421 21.5858 1.78
      vertex 3.11114 21.3371 1.6
      vertex 3.41421 21.5858 1.6
    endloop
  endfacet
  facet normal 0.995185 -0.0980137 0
    outer loop
      vertex 3.96157 22.6098 1.78
      vertex 4 23 1.6
      vertex 4 23 1.78
    endloop
  endfacet
  facet normal 0.995185 -0.0980137 0
    outer loop
      vertex 4 23 1.6
      vertex 3.96157 22.6098 1.78
      vertex 3.96157 22.6098 1.6
    endloop
  endfacet
  facet normal -0.290255 -0.956949 0
    outer loop
      vertex 1.23463 21.1522 1.6
      vertex 1.60982 21.0384 1.78
      vertex 1.23463 21.1522 1.78
    endloop
  endfacet
  facet normal -0.290255 -0.956949 -0
    outer loop
      vertex 1.60982 21.0384 1.78
      vertex 1.23463 21.1522 1.6
      vertex 1.60982 21.0384 1.6
    endloop
  endfacet
  facet normal 0 0 1
    outer loop
      vertex 3.3 23 1.78
      vertex 4 23 1.78
      vertex 3.96157 23.3902 1.78
    endloop
  endfacet
  facet normal 0 0 1
    outer loop
      vertex 3.27502 23.2536 1.78
      vertex 3.96157 23.3902 1.78
      vertex 3.84776 23.7654 1.78
    endloop
  endfacet
  facet normal 0 0 1
    outer loop
      vertex 4 23 1.78
      vertex 3.3 23 1.78
      vertex 3.96157 22.6098 1.78
    endloop
  endfacet
  facet normal 0 0 1
    outer loop
      vertex 3.20104 23.4975 1.78
      vertex 3.84776 23.7654 1.78
      vertex 3.66294 24.1111 1.78
    endloop
  endfacet
  facet normal -0 0 1
    outer loop
      vertex 3.27502 22.7464 1.78
      vertex 3.96157 22.6098 1.78
      vertex 3.3 23 1.78
    endloop
  endfacet
  facet normal 0 0 1
    outer loop
      vertex 3.08091 23.7222 1.78
      vertex 3.66294 24.1111 1.78
      vertex 3.41421 24.4142 1.78
    endloop
  endfacet
  facet normal 0 0 1
    outer loop
      vertex 3.96157 22.6098 1.78
      vertex 3.27502 22.7464 1.78
      vertex 3.84776 22.2346 1.78
    endloop
  endfacet
  facet normal -0 0 1
    outer loop
      vertex 3.20104 22.5025 1.78
      vertex 3.84776 22.2346 1.78
      vertex 3.27502 22.7464 1.78
    endloop
  endfacet
  facet normal 0 0 1
    outer loop
      vertex 3.96157 23.3902 1.78
      vertex 3.27502 23.2536 1.78
      vertex 3.3 23 1.78
    endloop
  endfacet
  facet normal 0 0 1
    outer loop
      vertex 3.84776 23.7654 1.78
      vertex 3.20104 23.4975 1.78
      vertex 3.27502 23.2536 1.78
    endloop
  endfacet
  facet normal 0 0 1
    outer loop
      vertex 2.91924 23.9192 1.78
      vertex 3.41421 24.4142 1.78
      vertex 3.11114 24.6629 1.78
    endloop
  endfacet
  facet normal 0 0 1
    outer loop
      vertex 3.66294 24.1111 1.78
      vertex 3.08091 23.7222 1.78
      vertex 3.20104 23.4975 1.78
    endloop
  endfacet
  facet normal 0 0 1
    outer loop
      vertex 3.41421 24.4142 1.78
      vertex 2.91924 23.9192 1.78
      vertex 3.08091 23.7222 1.78
    endloop
  endfacet
  facet normal 0 0 1
    outer loop
      vertex 2.72224 24.0809 1.78
      vertex 3.11114 24.6629 1.78
      vertex 2.76537 24.8478 1.78
    endloop
  endfacet
  facet normal 0 0 1
    outer loop
      vertex 3.11114 24.6629 1.78
      vertex 2.72224 24.0809 1.78
      vertex 2.91924 23.9192 1.78
    endloop
  endfacet
  facet normal 0 0 1
    outer loop
      vertex 2.76537 24.8478 1.78
      vertex 2.49749 24.201 1.78
      vertex 2.72224 24.0809 1.78
    endloop
  endfacet
  facet normal 0 0 1
    outer loop
      vertex 2.39018 24.9616 1.78
      vertex 2.49749 24.201 1.78
      vertex 2.76537 24.8478 1.78
    endloop
  endfacet
  facet normal 0 0 1
    outer loop
      vertex 2.39018 24.9616 1.78
      vertex 2.25362 24.275 1.78
      vertex 2.49749 24.201 1.78
    endloop
  endfacet
  facet normal 0 0 1
    outer loop
      vertex 2 25 1.78
      vertex 2.25362 24.275 1.78
      vertex 2.39018 24.9616 1.78
    endloop
  endfacet
  facet normal 0 0 1
    outer loop
      vertex 2 25 1.78
      vertex 2 24.3 1.78
      vertex 2.25362 24.275 1.78
    endloop
  endfacet
  facet normal 0 0 1
    outer loop
      vertex 2 25 1.78
      vertex 1.74638 24.275 1.78
      vertex 2 24.3 1.78
    endloop
  endfacet
  facet normal -0 0 1
    outer loop
      vertex 1.60982 24.9616 1.78
      vertex 1.74638 24.275 1.78
      vertex 2 25 1.78
    endloop
  endfacet
  facet normal 0 0 1
    outer loop
      vertex 1.60982 24.9616 1.78
      vertex 1.50251 24.201 1.78
      vertex 1.74638 24.275 1.78
    endloop
  endfacet
  facet normal -0 0 1
    outer loop
      vertex 1.23463 24.8478 1.78
      vertex 1.50251 24.201 1.78
      vertex 1.60982 24.9616 1.78
    endloop
  endfacet
  facet normal 0 0 1
    outer loop
      vertex 1.50251 24.201 1.78
      vertex 1.23463 24.8478 1.78
      vertex 1.27776 24.0809 1.78
    endloop
  endfacet
  facet normal -0 0 1
    outer loop
      vertex 0.888859 24.6629 1.78
      vertex 1.27776 24.0809 1.78
      vertex 1.23463 24.8478 1.78
    endloop
  endfacet
  facet normal 0 0 1
    outer loop
      vertex 1.27776 24.0809 1.78
      vertex 0.888859 24.6629 1.78
      vertex 1.08076 23.9192 1.78
    endloop
  endfacet
  facet normal -0 0 1
    outer loop
      vertex 0.585786 24.4142 1.78
      vertex 1.08076 23.9192 1.78
      vertex 0.888859 24.6629 1.78
    endloop
  endfacet
  facet normal 0 0 1
    outer loop
      vertex 1.08076 23.9192 1.78
      vertex 0.585786 24.4142 1.78
      vertex 0.919089 23.7222 1.78
    endloop
  endfacet
  facet normal -0 0 1
    outer loop
      vertex 0.33706 24.1111 1.78
      vertex 0.919089 23.7222 1.78
      vertex 0.585786 24.4142 1.78
    endloop
  endfacet
  facet normal -0 0 1
    outer loop
      vertex 0.152241 23.7654 1.78
      vertex 0.798956 23.4975 1.78
      vertex 0.33706 24.1111 1.78
    endloop
  endfacet
  facet normal 0 0 1
    outer loop
      vertex 0.919089 23.7222 1.78
      vertex 0.33706 24.1111 1.78
      vertex 0.798956 23.4975 1.78
    endloop
  endfacet
  facet normal 0 0 1
    outer loop
      vertex 3.84776 22.2346 1.78
      vertex 3.20104 22.5025 1.78
      vertex 3.66294 21.8889 1.78
    endloop
  endfacet
  facet normal -0 0 1
    outer loop
      vertex 3.08091 22.2778 1.78
      vertex 3.66294 21.8889 1.78
      vertex 3.20104 22.5025 1.78
    endloop
  endfacet
  facet normal 0 0 1
    outer loop
      vertex 3.66294 21.8889 1.78
      vertex 3.08091 22.2778 1.78
      vertex 3.41421 21.5858 1.78
    endloop
  endfacet
  facet normal -0 0 1
    outer loop
      vertex 2.91924 22.0808 1.78
      vertex 3.41421 21.5858 1.78
      vertex 3.08091 22.2778 1.78
    endloop
  endfacet
  facet normal 0 0 1
    outer loop
      vertex 3.41421 21.5858 1.78
      vertex 2.91924 22.0808 1.78
      vertex 3.11114 21.3371 1.78
    endloop
  endfacet
  facet normal -0 0 1
    outer loop
      vertex 2.72224 21.9191 1.78
      vertex 3.11114 21.3371 1.78
      vertex 2.91924 22.0808 1.78
    endloop
  endfacet
  facet normal 0 0 1
    outer loop
      vertex 3.11114 21.3371 1.78
      vertex 2.72224 21.9191 1.78
      vertex 2.76537 21.1522 1.78
    endloop
  endfacet
  facet normal -0 0 1
    outer loop
      vertex 2.49749 21.799 1.78
      vertex 2.76537 21.1522 1.78
      vertex 2.72224 21.9191 1.78
    endloop
  endfacet
  facet normal 0 0 1
    outer loop
      vertex 2.49749 21.799 1.78
      vertex 2.39018 21.0384 1.78
      vertex 2.76537 21.1522 1.78
    endloop
  endfacet
  facet normal -0 0 1
    outer loop
      vertex 2.25362 21.725 1.78
      vertex 2.39018 21.0384 1.78
      vertex 2.49749 21.799 1.78
    endloop
  endfacet
  facet normal -0 0 1
    outer loop
      vertex 2 21.7 1.78
      vertex 2.39018 21.0384 1.78
      vertex 2.25362 21.725 1.78
    endloop
  endfacet
  facet normal 0 0 1
    outer loop
      vertex 2 21.7 1.78
      vertex 2 21 1.78
      vertex 2.39018 21.0384 1.78
    endloop
  endfacet
  facet normal 0 0 1
    outer loop
      vertex 1.74638 21.725 1.78
      vertex 2 21 1.78
      vertex 2 21.7 1.78
    endloop
  endfacet
  facet normal 0 0 1
    outer loop
      vertex 1.74638 21.725 1.78
      vertex 1.60982 21.0384 1.78
      vertex 2 21 1.78
    endloop
  endfacet
  facet normal 0 0 1
    outer loop
      vertex 1.50251 21.799 1.78
      vertex 1.60982 21.0384 1.78
      vertex 1.74638 21.725 1.78
    endloop
  endfacet
  facet normal 0 0 1
    outer loop
      vertex 1.23463 21.1522 1.78
      vertex 1.50251 21.799 1.78
      vertex 1.27776 21.9191 1.78
    endloop
  endfacet
  facet normal 0 0 1
    outer loop
      vertex 1.50251 21.799 1.78
      vertex 1.23463 21.1522 1.78
      vertex 1.60982 21.0384 1.78
    endloop
  endfacet
  facet normal 0 0 1
    outer loop
      vertex 0.888859 21.3371 1.78
      vertex 1.27776 21.9191 1.78
      vertex 1.08076 22.0808 1.78
    endloop
  endfacet
  facet normal 0 0 1
    outer loop
      vertex 0.585786 21.5858 1.78
      vertex 1.08076 22.0808 1.78
      vertex 0.919089 22.2778 1.78
    endloop
  endfacet
  facet normal 0 0 1
    outer loop
      vertex 1.27776 21.9191 1.78
      vertex 0.888859 21.3371 1.78
      vertex 1.23463 21.1522 1.78
    endloop
  endfacet
  facet normal 0 0 1
    outer loop
      vertex 0.33706 21.8889 1.78
      vertex 0.919089 22.2778 1.78
      vertex 0.798956 22.5025 1.78
    endloop
  endfacet
  facet normal 0 0 1
    outer loop
      vertex 0.152241 22.2346 1.78
      vertex 0.798956 22.5025 1.78
      vertex 0.724978 22.7464 1.78
    endloop
  endfacet
  facet normal 0 0 1
    outer loop
      vertex 1.08076 22.0808 1.78
      vertex 0.585786 21.5858 1.78
      vertex 0.888859 21.3371 1.78
    endloop
  endfacet
  facet normal 0 0 1
    outer loop
      vertex 0.0384293 22.6098 1.78
      vertex 0.724978 22.7464 1.78
      vertex 0.7 23 1.78
    endloop
  endfacet
  facet normal 0 0 1
    outer loop
      vertex 0.798956 23.4975 1.78
      vertex 0.152241 23.7654 1.78
      vertex 0.724978 23.2536 1.78
    endloop
  endfacet
  facet normal -0 0 1
    outer loop
      vertex 0.0384293 23.3902 1.78
      vertex 0.724978 23.2536 1.78
      vertex 0.152241 23.7654 1.78
    endloop
  endfacet
  facet normal 0 0 1
    outer loop
      vertex 0.919089 22.2778 1.78
      vertex 0.33706 21.8889 1.78
      vertex 0.585786 21.5858 1.78
    endloop
  endfacet
  facet normal 0 0 1
    outer loop
      vertex 0.724978 23.2536 1.78
      vertex 0.0384293 23.3902 1.78
      vertex 0.7 23 1.78
    endloop
  endfacet
  facet normal 0 0 1
    outer loop
      vertex 0.798956 22.5025 1.78
      vertex 0.152241 22.2346 1.78
      vertex 0.33706 21.8889 1.78
    endloop
  endfacet
  facet normal 0 0 1
    outer loop
      vertex 0 23 1.78
      vertex 0.7 23 1.78
      vertex 0.0384293 23.3902 1.78
    endloop
  endfacet
  facet normal 0 0 1
    outer loop
      vertex 0.724978 22.7464 1.78
      vertex 0.0384293 22.6098 1.78
      vertex 0.152241 22.2346 1.78
    endloop
  endfacet
  facet normal 0 0 1
    outer loop
      vertex 0.7 23 1.78
      vertex 0 23 1.78
      vertex 0.0384293 22.6098 1.78
    endloop
  endfacet
  facet normal 0.956944 -0.290271 0
    outer loop
      vertex 3.84776 22.2346 1.78
      vertex 3.96157 22.6098 1.6
      vertex 3.96157 22.6098 1.78
    endloop
  endfacet
  facet normal 0.956944 -0.290271 0
    outer loop
      vertex 3.96157 22.6098 1.6
      vertex 3.84776 22.2346 1.78
      vertex 3.84776 22.2346 1.6
    endloop
  endfacet
  facet normal -0.956943 -0.290275 0
    outer loop
      vertex 0.152241 22.2346 1.6
      vertex 0.0384293 22.6098 1.78
      vertex 0.0384293 22.6098 1.6
    endloop
  endfacet
  facet normal -0.956943 -0.290275 0
    outer loop
      vertex 0.0384293 22.6098 1.78
      vertex 0.152241 22.2346 1.6
      vertex 0.152241 22.2346 1.78
    endloop
  endfacet
  facet normal 0.881879 -0.471475 0
    outer loop
      vertex 3.66294 21.8889 1.78
      vertex 3.84776 22.2346 1.6
      vertex 3.84776 22.2346 1.78
    endloop
  endfacet
  facet normal 0.881879 -0.471475 0
    outer loop
      vertex 3.84776 22.2346 1.6
      vertex 3.66294 21.8889 1.78
      vertex 3.66294 21.8889 1.6
    endloop
  endfacet
  facet normal -0.995185 0.098012 0
    outer loop
      vertex 0 23 1.6
      vertex 0.0384293 23.3902 1.78
      vertex 0.0384293 23.3902 1.6
    endloop
  endfacet
  facet normal -0.995185 0.098012 0
    outer loop
      vertex 0.0384293 23.3902 1.78
      vertex 0 23 1.6
      vertex 0 23 1.78
    endloop
  endfacet
  facet normal 0.0979429 0.995192 -0
    outer loop
      vertex 2.39018 24.9616 1.6
      vertex 2 25 1.78
      vertex 2.39018 24.9616 1.78
    endloop
  endfacet
  facet normal 0.0979429 0.995192 0
    outer loop
      vertex 2 25 1.78
      vertex 2.39018 24.9616 1.6
      vertex 2 25 1.6
    endloop
  endfacet
  facet normal -0.634354 0.773042 0
    outer loop
      vertex 0.888859 24.6629 1.6
      vertex 0.585786 24.4142 1.78
      vertex 0.888859 24.6629 1.78
    endloop
  endfacet
  facet normal -0.634354 0.773042 0
    outer loop
      vertex 0.585786 24.4142 1.78
      vertex 0.888859 24.6629 1.6
      vertex 0.585786 24.4142 1.6
    endloop
  endfacet
  facet normal 0.634358 0.773039 -0
    outer loop
      vertex 3.41421 24.4142 1.6
      vertex 3.11114 24.6629 1.78
      vertex 3.41421 24.4142 1.78
    endloop
  endfacet
  facet normal 0.634358 0.773039 0
    outer loop
      vertex 3.11114 24.6629 1.78
      vertex 3.41421 24.4142 1.6
      vertex 3.11114 24.6629 1.6
    endloop
  endfacet
  facet normal 0.0979429 -0.995192 0
    outer loop
      vertex 2 21 1.6
      vertex 2.39018 21.0384 1.78
      vertex 2 21 1.78
    endloop
  endfacet
  facet normal 0.0979429 -0.995192 0
    outer loop
      vertex 2.39018 21.0384 1.78
      vertex 2 21 1.6
      vertex 2.39018 21.0384 1.6
    endloop
  endfacet
  facet normal 0.47156 0.881834 -0
    outer loop
      vertex 3.11114 24.6629 1.6
      vertex 2.76537 24.8478 1.78
      vertex 3.11114 24.6629 1.78
    endloop
  endfacet
  facet normal 0.47156 0.881834 0
    outer loop
      vertex 2.76537 24.8478 1.78
      vertex 3.11114 24.6629 1.6
      vertex 2.76537 24.8478 1.6
    endloop
  endfacet
  facet normal -0.773038 -0.63436 0
    outer loop
      vertex 0.585786 21.5858 1.6
      vertex 0.33706 21.8889 1.78
      vertex 0.33706 21.8889 1.6
    endloop
  endfacet
  facet normal -0.773038 -0.63436 0
    outer loop
      vertex 0.33706 21.8889 1.78
      vertex 0.585786 21.5858 1.6
      vertex 0.585786 21.5858 1.78
    endloop
  endfacet
  facet normal -0.0979429 -0.995192 0
    outer loop
      vertex 1.60982 21.0384 1.6
      vertex 2 21 1.78
      vertex 1.60982 21.0384 1.78
    endloop
  endfacet
  facet normal -0.0979429 -0.995192 -0
    outer loop
      vertex 2 21 1.78
      vertex 1.60982 21.0384 1.6
      vertex 2 21 1.6
    endloop
  endfacet
  facet normal -0.634354 -0.773042 0
    outer loop
      vertex 0.585786 21.5858 1.6
      vertex 0.888859 21.3371 1.78
      vertex 0.585786 21.5858 1.78
    endloop
  endfacet
  facet normal -0.634354 -0.773042 -0
    outer loop
      vertex 0.888859 21.3371 1.78
      vertex 0.585786 21.5858 1.6
      vertex 0.888859 21.3371 1.6
    endloop
  endfacet
  facet normal -0.956943 0.290275 0
    outer loop
      vertex 0.0384293 23.3902 1.6
      vertex 0.152241 23.7654 1.78
      vertex 0.152241 23.7654 1.6
    endloop
  endfacet
  facet normal -0.956943 0.290275 0
    outer loop
      vertex 0.152241 23.7654 1.78
      vertex 0.0384293 23.3902 1.6
      vertex 0.0384293 23.3902 1.78
    endloop
  endfacet
  facet normal -0.88188 0.471473 0
    outer loop
      vertex 0.152241 23.7654 1.6
      vertex 0.33706 24.1111 1.78
      vertex 0.33706 24.1111 1.6
    endloop
  endfacet
  facet normal -0.88188 0.471473 0
    outer loop
      vertex 0.33706 24.1111 1.78
      vertex 0.152241 23.7654 1.6
      vertex 0.152241 23.7654 1.78
    endloop
  endfacet
  facet normal -0.995185 -0.098012 0
    outer loop
      vertex 0.0384293 22.6098 1.6
      vertex 0 23 1.78
      vertex 0 23 1.6
    endloop
  endfacet
  facet normal -0.995185 -0.098012 0
    outer loop
      vertex 0 23 1.78
      vertex 0.0384293 22.6098 1.6
      vertex 0.0384293 22.6098 1.78
    endloop
  endfacet
  facet normal 0.290275 -0.956943 0
    outer loop
      vertex 53.3902 0.0384293 1.6
      vertex 53.7654 0.152241 1.78
      vertex 53.3902 0.0384293 1.78
    endloop
  endfacet
  facet normal 0.290275 -0.956943 0
    outer loop
      vertex 53.7654 0.152241 1.78
      vertex 53.3902 0.0384293 1.6
      vertex 53.7654 0.152241 1.6
    endloop
  endfacet
  facet normal 0.956949 0.290255 0
    outer loop
      vertex 54.9616 2.39018 1.78
      vertex 54.8478 2.76537 1.6
      vertex 54.8478 2.76537 1.78
    endloop
  endfacet
  facet normal 0.956949 0.290255 0
    outer loop
      vertex 54.8478 2.76537 1.6
      vertex 54.9616 2.39018 1.78
      vertex 54.9616 2.39018 1.6
    endloop
  endfacet
  facet normal 0.995192 0.0979429 0
    outer loop
      vertex 55 2 1.78
      vertex 54.9616 2.39018 1.6
      vertex 54.9616 2.39018 1.78
    endloop
  endfacet
  facet normal 0.995192 0.0979429 0
    outer loop
      vertex 54.9616 2.39018 1.6
      vertex 55 2 1.78
      vertex 55 2 1.6
    endloop
  endfacet
  facet normal 0.881834 0.47156 0
    outer loop
      vertex 54.8478 2.76537 1.78
      vertex 54.6629 3.11114 1.6
      vertex 54.6629 3.11114 1.78
    endloop
  endfacet
  facet normal 0.881834 0.47156 0
    outer loop
      vertex 54.6629 3.11114 1.6
      vertex 54.8478 2.76537 1.78
      vertex 54.8478 2.76537 1.6
    endloop
  endfacet
  facet normal -0.881835 -0.471558 0
    outer loop
      vertex 51.3371 0.888859 1.6
      vertex 51.1522 1.23463 1.78
      vertex 51.1522 1.23463 1.6
    endloop
  endfacet
  facet normal -0.881835 -0.471558 0
    outer loop
      vertex 51.1522 1.23463 1.78
      vertex 51.3371 0.888859 1.6
      vertex 51.3371 0.888859 1.78
    endloop
  endfacet
  facet normal 0.290271 0.956944 -0
    outer loop
      vertex 53.7654 3.84776 1.6
      vertex 53.3902 3.96157 1.78
      vertex 53.7654 3.84776 1.78
    endloop
  endfacet
  facet normal 0.290271 0.956944 0
    outer loop
      vertex 53.3902 3.96157 1.78
      vertex 53.7654 3.84776 1.6
      vertex 53.3902 3.96157 1.6
    endloop
  endfacet
  facet normal -0.0980137 0.995185 0
    outer loop
      vertex 53 4 1.6
      vertex 52.6098 3.96157 1.78
      vertex 53 4 1.78
    endloop
  endfacet
  facet normal -0.0980137 0.995185 0
    outer loop
      vertex 52.6098 3.96157 1.78
      vertex 53 4 1.6
      vertex 52.6098 3.96157 1.6
    endloop
  endfacet
  facet normal -0.471473 -0.88188 0
    outer loop
      vertex 51.8889 0.33706 1.6
      vertex 52.2346 0.152241 1.78
      vertex 51.8889 0.33706 1.78
    endloop
  endfacet
  facet normal -0.471473 -0.88188 -0
    outer loop
      vertex 52.2346 0.152241 1.78
      vertex 51.8889 0.33706 1.6
      vertex 52.2346 0.152241 1.6
    endloop
  endfacet
  facet normal -0.471475 0.881879 0
    outer loop
      vertex 52.2346 3.84776 1.6
      vertex 51.8889 3.66294 1.78
      vertex 52.2346 3.84776 1.78
    endloop
  endfacet
  facet normal -0.471475 0.881879 0
    outer loop
      vertex 51.8889 3.66294 1.78
      vertex 52.2346 3.84776 1.6
      vertex 51.8889 3.66294 1.6
    endloop
  endfacet
  facet normal 0.471473 -0.88188 0
    outer loop
      vertex 53.7654 0.152241 1.6
      vertex 54.1111 0.33706 1.78
      vertex 53.7654 0.152241 1.78
    endloop
  endfacet
  facet normal 0.471473 -0.88188 0
    outer loop
      vertex 54.1111 0.33706 1.78
      vertex 53.7654 0.152241 1.6
      vertex 54.1111 0.33706 1.6
    endloop
  endfacet
  facet normal -0.773039 0.634358 0
    outer loop
      vertex 51.3371 3.11114 1.6
      vertex 51.5858 3.41421 1.78
      vertex 51.5858 3.41421 1.6
    endloop
  endfacet
  facet normal -0.773039 0.634358 0
    outer loop
      vertex 51.5858 3.41421 1.78
      vertex 51.3371 3.11114 1.6
      vertex 51.3371 3.11114 1.78
    endloop
  endfacet
  facet normal 0.773039 0.634358 0
    outer loop
      vertex 54.6629 3.11114 1.78
      vertex 54.4142 3.41421 1.6
      vertex 54.4142 3.41421 1.78
    endloop
  endfacet
  facet normal 0.773039 0.634358 0
    outer loop
      vertex 54.4142 3.41421 1.6
      vertex 54.6629 3.11114 1.78
      vertex 54.6629 3.11114 1.6
    endloop
  endfacet
  facet normal 0.773042 -0.634354 0
    outer loop
      vertex 54.4142 0.585786 1.78
      vertex 54.6629 0.888859 1.6
      vertex 54.6629 0.888859 1.78
    endloop
  endfacet
  facet normal 0.773042 -0.634354 0
    outer loop
      vertex 54.6629 0.888859 1.6
      vertex 54.4142 0.585786 1.78
      vertex 54.4142 0.585786 1.6
    endloop
  endfacet
  facet normal -0.290271 0.956944 0
    outer loop
      vertex 52.6098 3.96157 1.6
      vertex 52.2346 3.84776 1.78
      vertex 52.6098 3.96157 1.78
    endloop
  endfacet
  facet normal -0.290271 0.956944 0
    outer loop
      vertex 52.2346 3.84776 1.78
      vertex 52.6098 3.96157 1.6
      vertex 52.2346 3.84776 1.6
    endloop
  endfacet
  facet normal 0.63436 -0.773038 0
    outer loop
      vertex 54.1111 0.33706 1.6
      vertex 54.4142 0.585786 1.78
      vertex 54.1111 0.33706 1.78
    endloop
  endfacet
  facet normal 0.63436 -0.773038 0
    outer loop
      vertex 54.4142 0.585786 1.78
      vertex 54.1111 0.33706 1.6
      vertex 54.4142 0.585786 1.6
    endloop
  endfacet
  facet normal 0.995192 -0.0979429 0
    outer loop
      vertex 54.9616 1.60982 1.78
      vertex 55 2 1.6
      vertex 55 2 1.78
    endloop
  endfacet
  facet normal 0.995192 -0.0979429 0
    outer loop
      vertex 55 2 1.6
      vertex 54.9616 1.60982 1.78
      vertex 54.9616 1.60982 1.6
    endloop
  endfacet
  facet normal -0.290275 -0.956943 0
    outer loop
      vertex 52.2346 0.152241 1.6
      vertex 52.6098 0.0384293 1.78
      vertex 52.2346 0.152241 1.78
    endloop
  endfacet
  facet normal -0.290275 -0.956943 -0
    outer loop
      vertex 52.6098 0.0384293 1.78
      vertex 52.2346 0.152241 1.6
      vertex 52.6098 0.0384293 1.6
    endloop
  endfacet
  facet normal 0 0 1
    outer loop
      vertex 54.3 2 1.78
      vertex 55 2 1.78
      vertex 54.9616 2.39018 1.78
    endloop
  endfacet
  facet normal 0 0 1
    outer loop
      vertex 54.275 2.25362 1.78
      vertex 54.9616 2.39018 1.78
      vertex 54.8478 2.76537 1.78
    endloop
  endfacet
  facet normal 0 0 1
    outer loop
      vertex 55 2 1.78
      vertex 54.3 2 1.78
      vertex 54.9616 1.60982 1.78
    endloop
  endfacet
  facet normal 0 0 1
    outer loop
      vertex 54.201 2.49749 1.78
      vertex 54.8478 2.76537 1.78
      vertex 54.6629 3.11114 1.78
    endloop
  endfacet
  facet normal -0 0 1
    outer loop
      vertex 54.275 1.74638 1.78
      vertex 54.9616 1.60982 1.78
      vertex 54.3 2 1.78
    endloop
  endfacet
  facet normal 0 0 1
    outer loop
      vertex 54.0809 2.72224 1.78
      vertex 54.6629 3.11114 1.78
      vertex 54.4142 3.41421 1.78
    endloop
  endfacet
  facet normal 0 0 1
    outer loop
      vertex 54.9616 1.60982 1.78
      vertex 54.275 1.74638 1.78
      vertex 54.8478 1.23463 1.78
    endloop
  endfacet
  facet normal -0 0 1
    outer loop
      vertex 54.201 1.50251 1.78
      vertex 54.8478 1.23463 1.78
      vertex 54.275 1.74638 1.78
    endloop
  endfacet
  facet normal 0 0 1
    outer loop
      vertex 54.9616 2.39018 1.78
      vertex 54.275 2.25362 1.78
      vertex 54.3 2 1.78
    endloop
  endfacet
  facet normal 0 0 1
    outer loop
      vertex 54.8478 2.76537 1.78
      vertex 54.201 2.49749 1.78
      vertex 54.275 2.25362 1.78
    endloop
  endfacet
  facet normal 0 0 1
    outer loop
      vertex 53.9192 2.91924 1.78
      vertex 54.4142 3.41421 1.78
      vertex 54.1111 3.66294 1.78
    endloop
  endfacet
  facet normal 0 0 1
    outer loop
      vertex 54.6629 3.11114 1.78
      vertex 54.0809 2.72224 1.78
      vertex 54.201 2.49749 1.78
    endloop
  endfacet
  facet normal 0 0 1
    outer loop
      vertex 54.4142 3.41421 1.78
      vertex 53.9192 2.91924 1.78
      vertex 54.0809 2.72224 1.78
    endloop
  endfacet
  facet normal 0 0 1
    outer loop
      vertex 53.7222 3.08091 1.78
      vertex 54.1111 3.66294 1.78
      vertex 53.7654 3.84776 1.78
    endloop
  endfacet
  facet normal 0 0 1
    outer loop
      vertex 54.1111 3.66294 1.78
      vertex 53.7222 3.08091 1.78
      vertex 53.9192 2.91924 1.78
    endloop
  endfacet
  facet normal 0 0 1
    outer loop
      vertex 53.7654 3.84776 1.78
      vertex 53.4975 3.20104 1.78
      vertex 53.7222 3.08091 1.78
    endloop
  endfacet
  facet normal 0 0 1
    outer loop
      vertex 53.3902 3.96157 1.78
      vertex 53.4975 3.20104 1.78
      vertex 53.7654 3.84776 1.78
    endloop
  endfacet
  facet normal 0 0 1
    outer loop
      vertex 53.3902 3.96157 1.78
      vertex 53.2536 3.27502 1.78
      vertex 53.4975 3.20104 1.78
    endloop
  endfacet
  facet normal 0 0 1
    outer loop
      vertex 53 4 1.78
      vertex 53.2536 3.27502 1.78
      vertex 53.3902 3.96157 1.78
    endloop
  endfacet
  facet normal 0 0 1
    outer loop
      vertex 53 4 1.78
      vertex 53 3.3 1.78
      vertex 53.2536 3.27502 1.78
    endloop
  endfacet
  facet normal 0 0 1
    outer loop
      vertex 53 4 1.78
      vertex 52.7464 3.27502 1.78
      vertex 53 3.3 1.78
    endloop
  endfacet
  facet normal -0 0 1
    outer loop
      vertex 52.6098 3.96157 1.78
      vertex 52.7464 3.27502 1.78
      vertex 53 4 1.78
    endloop
  endfacet
  facet normal 0 0 1
    outer loop
      vertex 52.6098 3.96157 1.78
      vertex 52.5025 3.20104 1.78
      vertex 52.7464 3.27502 1.78
    endloop
  endfacet
  facet normal -0 0 1
    outer loop
      vertex 52.2346 3.84776 1.78
      vertex 52.5025 3.20104 1.78
      vertex 52.6098 3.96157 1.78
    endloop
  endfacet
  facet normal 0 0 1
    outer loop
      vertex 52.5025 3.20104 1.78
      vertex 52.2346 3.84776 1.78
      vertex 52.2778 3.08091 1.78
    endloop
  endfacet
  facet normal -0 0 1
    outer loop
      vertex 51.8889 3.66294 1.78
      vertex 52.2778 3.08091 1.78
      vertex 52.2346 3.84776 1.78
    endloop
  endfacet
  facet normal 0 0 1
    outer loop
      vertex 52.2778 3.08091 1.78
      vertex 51.8889 3.66294 1.78
      vertex 52.0808 2.91924 1.78
    endloop
  endfacet
  facet normal -0 0 1
    outer loop
      vertex 51.5858 3.41421 1.78
      vertex 52.0808 2.91924 1.78
      vertex 51.8889 3.66294 1.78
    endloop
  endfacet
  facet normal 0 0 1
    outer loop
      vertex 52.0808 2.91924 1.78
      vertex 51.5858 3.41421 1.78
      vertex 51.9191 2.72224 1.78
    endloop
  endfacet
  facet normal -0 0 1
    outer loop
      vertex 51.3371 3.11114 1.78
      vertex 51.9191 2.72224 1.78
      vertex 51.5858 3.41421 1.78
    endloop
  endfacet
  facet normal -0 0 1
    outer loop
      vertex 51.1522 2.76537 1.78
      vertex 51.799 2.49749 1.78
      vertex 51.3371 3.11114 1.78
    endloop
  endfacet
  facet normal 0 0 1
    outer loop
      vertex 51.9191 2.72224 1.78
      vertex 51.3371 3.11114 1.78
      vertex 51.799 2.49749 1.78
    endloop
  endfacet
  facet normal 0 0 1
    outer loop
      vertex 54.8478 1.23463 1.78
      vertex 54.201 1.50251 1.78
      vertex 54.6629 0.888859 1.78
    endloop
  endfacet
  facet normal -0 0 1
    outer loop
      vertex 54.0809 1.27776 1.78
      vertex 54.6629 0.888859 1.78
      vertex 54.201 1.50251 1.78
    endloop
  endfacet
  facet normal 0 0 1
    outer loop
      vertex 54.6629 0.888859 1.78
      vertex 54.0809 1.27776 1.78
      vertex 54.4142 0.585786 1.78
    endloop
  endfacet
  facet normal -0 0 1
    outer loop
      vertex 53.9192 1.08076 1.78
      vertex 54.4142 0.585786 1.78
      vertex 54.0809 1.27776 1.78
    endloop
  endfacet
  facet normal 0 0 1
    outer loop
      vertex 54.4142 0.585786 1.78
      vertex 53.9192 1.08076 1.78
      vertex 54.1111 0.33706 1.78
    endloop
  endfacet
  facet normal -0 0 1
    outer loop
      vertex 53.7222 0.919089 1.78
      vertex 54.1111 0.33706 1.78
      vertex 53.9192 1.08076 1.78
    endloop
  endfacet
  facet normal 0 0 1
    outer loop
      vertex 54.1111 0.33706 1.78
      vertex 53.7222 0.919089 1.78
      vertex 53.7654 0.152241 1.78
    endloop
  endfacet
  facet normal -0 0 1
    outer loop
      vertex 53.4975 0.798956 1.78
      vertex 53.7654 0.152241 1.78
      vertex 53.7222 0.919089 1.78
    endloop
  endfacet
  facet normal 0 0 1
    outer loop
      vertex 53.4975 0.798956 1.78
      vertex 53.3902 0.0384293 1.78
      vertex 53.7654 0.152241 1.78
    endloop
  endfacet
  facet normal -0 0 1
    outer loop
      vertex 53.2536 0.724978 1.78
      vertex 53.3902 0.0384293 1.78
      vertex 53.4975 0.798956 1.78
    endloop
  endfacet
  facet normal -0 0 1
    outer loop
      vertex 53 0.7 1.78
      vertex 53.3902 0.0384293 1.78
      vertex 53.2536 0.724978 1.78
    endloop
  endfacet
  facet normal 0 0 1
    outer loop
      vertex 53 0.7 1.78
      vertex 53 0 1.78
      vertex 53.3902 0.0384293 1.78
    endloop
  endfacet
  facet normal 0 0 1
    outer loop
      vertex 52.7464 0.724978 1.78
      vertex 53 0 1.78
      vertex 53 0.7 1.78
    endloop
  endfacet
  facet normal 0 0 1
    outer loop
      vertex 52.7464 0.724978 1.78
      vertex 52.6098 0.0384293 1.78
      vertex 53 0 1.78
    endloop
  endfacet
  facet normal 0 0 1
    outer loop
      vertex 52.5025 0.798956 1.78
      vertex 52.6098 0.0384293 1.78
      vertex 52.7464 0.724978 1.78
    endloop
  endfacet
  facet normal 0 0 1
    outer loop
      vertex 52.2346 0.152241 1.78
      vertex 52.5025 0.798956 1.78
      vertex 52.2778 0.919089 1.78
    endloop
  endfacet
  facet normal 0 0 1
    outer loop
      vertex 52.5025 0.798956 1.78
      vertex 52.2346 0.152241 1.78
      vertex 52.6098 0.0384293 1.78
    endloop
  endfacet
  facet normal 0 0 1
    outer loop
      vertex 51.8889 0.33706 1.78
      vertex 52.2778 0.919089 1.78
      vertex 52.0808 1.08076 1.78
    endloop
  endfacet
  facet normal 0 0 1
    outer loop
      vertex 51.5858 0.585786 1.78
      vertex 52.0808 1.08076 1.78
      vertex 51.9191 1.27776 1.78
    endloop
  endfacet
  facet normal 0 0 1
    outer loop
      vertex 52.2778 0.919089 1.78
      vertex 51.8889 0.33706 1.78
      vertex 52.2346 0.152241 1.78
    endloop
  endfacet
  facet normal 0 0 1
    outer loop
      vertex 51.3371 0.888859 1.78
      vertex 51.9191 1.27776 1.78
      vertex 51.799 1.50251 1.78
    endloop
  endfacet
  facet normal 0 0 1
    outer loop
      vertex 51.1522 1.23463 1.78
      vertex 51.799 1.50251 1.78
      vertex 51.725 1.74638 1.78
    endloop
  endfacet
  facet normal 0 0 1
    outer loop
      vertex 52.0808 1.08076 1.78
      vertex 51.5858 0.585786 1.78
      vertex 51.8889 0.33706 1.78
    endloop
  endfacet
  facet normal 0 0 1
    outer loop
      vertex 51.0384 1.60982 1.78
      vertex 51.725 1.74638 1.78
      vertex 51.7 2 1.78
    endloop
  endfacet
  facet normal 0 0 1
    outer loop
      vertex 51.799 2.49749 1.78
      vertex 51.1522 2.76537 1.78
      vertex 51.725 2.25362 1.78
    endloop
  endfacet
  facet normal -0 0 1
    outer loop
      vertex 51.0384 2.39018 1.78
      vertex 51.725 2.25362 1.78
      vertex 51.1522 2.76537 1.78
    endloop
  endfacet
  facet normal 0 0 1
    outer loop
      vertex 51.9191 1.27776 1.78
      vertex 51.3371 0.888859 1.78
      vertex 51.5858 0.585786 1.78
    endloop
  endfacet
  facet normal 0 0 1
    outer loop
      vertex 51.725 2.25362 1.78
      vertex 51.0384 2.39018 1.78
      vertex 51.7 2 1.78
    endloop
  endfacet
  facet normal 0 0 1
    outer loop
      vertex 51.799 1.50251 1.78
      vertex 51.1522 1.23463 1.78
      vertex 51.3371 0.888859 1.78
    endloop
  endfacet
  facet normal 0 0 1
    outer loop
      vertex 51 2 1.78
      vertex 51.7 2 1.78
      vertex 51.0384 2.39018 1.78
    endloop
  endfacet
  facet normal 0 0 1
    outer loop
      vertex 51.725 1.74638 1.78
      vertex 51.0384 1.60982 1.78
      vertex 51.1522 1.23463 1.78
    endloop
  endfacet
  facet normal 0 0 1
    outer loop
      vertex 51.7 2 1.78
      vertex 51 2 1.78
      vertex 51.0384 1.60982 1.78
    endloop
  endfacet
  facet normal 0.956949 -0.290255 0
    outer loop
      vertex 54.8478 1.23463 1.78
      vertex 54.9616 1.60982 1.6
      vertex 54.9616 1.60982 1.78
    endloop
  endfacet
  facet normal 0.956949 -0.290255 0
    outer loop
      vertex 54.9616 1.60982 1.6
      vertex 54.8478 1.23463 1.78
      vertex 54.8478 1.23463 1.6
    endloop
  endfacet
  facet normal -0.956949 -0.290255 0
    outer loop
      vertex 51.1522 1.23463 1.6
      vertex 51.0384 1.60982 1.78
      vertex 51.0384 1.60982 1.6
    endloop
  endfacet
  facet normal -0.956949 -0.290255 0
    outer loop
      vertex 51.0384 1.60982 1.78
      vertex 51.1522 1.23463 1.6
      vertex 51.1522 1.23463 1.78
    endloop
  endfacet
  facet normal 0.881835 -0.471558 0
    outer loop
      vertex 54.6629 0.888859 1.78
      vertex 54.8478 1.23463 1.6
      vertex 54.8478 1.23463 1.78
    endloop
  endfacet
  facet normal 0.881835 -0.471558 0
    outer loop
      vertex 54.8478 1.23463 1.6
      vertex 54.6629 0.888859 1.78
      vertex 54.6629 0.888859 1.6
    endloop
  endfacet
  facet normal -0.995192 0.0979429 0
    outer loop
      vertex 51 2 1.6
      vertex 51.0384 2.39018 1.78
      vertex 51.0384 2.39018 1.6
    endloop
  endfacet
  facet normal -0.995192 0.0979429 0
    outer loop
      vertex 51.0384 2.39018 1.78
      vertex 51 2 1.6
      vertex 51 2 1.78
    endloop
  endfacet
  facet normal 0.0980137 0.995185 -0
    outer loop
      vertex 53.3902 3.96157 1.6
      vertex 53 4 1.78
      vertex 53.3902 3.96157 1.78
    endloop
  endfacet
  facet normal 0.0980137 0.995185 0
    outer loop
      vertex 53 4 1.78
      vertex 53.3902 3.96157 1.6
      vertex 53 4 1.6
    endloop
  endfacet
  facet normal -0.634366 0.773033 0
    outer loop
      vertex 51.8889 3.66294 1.6
      vertex 51.5858 3.41421 1.78
      vertex 51.8889 3.66294 1.78
    endloop
  endfacet
  facet normal -0.634366 0.773033 0
    outer loop
      vertex 51.5858 3.41421 1.78
      vertex 51.8889 3.66294 1.6
      vertex 51.5858 3.41421 1.6
    endloop
  endfacet
  facet normal 0.634366 0.773033 -0
    outer loop
      vertex 54.4142 3.41421 1.6
      vertex 54.1111 3.66294 1.78
      vertex 54.4142 3.41421 1.78
    endloop
  endfacet
  facet normal 0.634366 0.773033 0
    outer loop
      vertex 54.1111 3.66294 1.78
      vertex 54.4142 3.41421 1.6
      vertex 54.1111 3.66294 1.6
    endloop
  endfacet
  facet normal 0.098012 -0.995185 0
    outer loop
      vertex 53 0 1.6
      vertex 53.3902 0.0384293 1.78
      vertex 53 0 1.78
    endloop
  endfacet
  facet normal 0.098012 -0.995185 0
    outer loop
      vertex 53.3902 0.0384293 1.78
      vertex 53 0 1.6
      vertex 53.3902 0.0384293 1.6
    endloop
  endfacet
  facet normal 0.471475 0.881879 -0
    outer loop
      vertex 54.1111 3.66294 1.6
      vertex 53.7654 3.84776 1.78
      vertex 54.1111 3.66294 1.78
    endloop
  endfacet
  facet normal 0.471475 0.881879 0
    outer loop
      vertex 53.7654 3.84776 1.78
      vertex 54.1111 3.66294 1.6
      vertex 53.7654 3.84776 1.6
    endloop
  endfacet
  facet normal -0.773042 -0.634354 0
    outer loop
      vertex 51.5858 0.585786 1.6
      vertex 51.3371 0.888859 1.78
      vertex 51.3371 0.888859 1.6
    endloop
  endfacet
  facet normal -0.773042 -0.634354 0
    outer loop
      vertex 51.3371 0.888859 1.78
      vertex 51.5858 0.585786 1.6
      vertex 51.5858 0.585786 1.78
    endloop
  endfacet
  facet normal -0.098012 -0.995185 0
    outer loop
      vertex 52.6098 0.0384293 1.6
      vertex 53 0 1.78
      vertex 52.6098 0.0384293 1.78
    endloop
  endfacet
  facet normal -0.098012 -0.995185 -0
    outer loop
      vertex 53 0 1.78
      vertex 52.6098 0.0384293 1.6
      vertex 53 0 1.6
    endloop
  endfacet
  facet normal -0.63436 -0.773038 0
    outer loop
      vertex 51.5858 0.585786 1.6
      vertex 51.8889 0.33706 1.78
      vertex 51.5858 0.585786 1.78
    endloop
  endfacet
  facet normal -0.63436 -0.773038 -0
    outer loop
      vertex 51.8889 0.33706 1.78
      vertex 51.5858 0.585786 1.6
      vertex 51.8889 0.33706 1.6
    endloop
  endfacet
  facet normal -0.956949 0.290255 0
    outer loop
      vertex 51.0384 2.39018 1.6
      vertex 51.1522 2.76537 1.78
      vertex 51.1522 2.76537 1.6
    endloop
  endfacet
  facet normal -0.956949 0.290255 0
    outer loop
      vertex 51.1522 2.76537 1.78
      vertex 51.0384 2.39018 1.6
      vertex 51.0384 2.39018 1.78
    endloop
  endfacet
  facet normal -0.881834 0.47156 0
    outer loop
      vertex 51.1522 2.76537 1.6
      vertex 51.3371 3.11114 1.78
      vertex 51.3371 3.11114 1.6
    endloop
  endfacet
  facet normal -0.881834 0.47156 0
    outer loop
      vertex 51.3371 3.11114 1.78
      vertex 51.1522 2.76537 1.6
      vertex 51.1522 2.76537 1.78
    endloop
  endfacet
  facet normal -0.995192 -0.0979429 0
    outer loop
      vertex 51.0384 1.60982 1.6
      vertex 51 2 1.78
      vertex 51 2 1.6
    endloop
  endfacet
  facet normal -0.995192 -0.0979429 0
    outer loop
      vertex 51 2 1.78
      vertex 51.0384 1.60982 1.6
      vertex 51.0384 1.60982 1.78
    endloop
  endfacet
  facet normal 0.290248 -0.956951 0
    outer loop
      vertex 53.3902 21.0384 1.6
      vertex 53.7654 21.1522 1.78
      vertex 53.3902 21.0384 1.78
    endloop
  endfacet
  facet normal 0.290248 -0.956951 0
    outer loop
      vertex 53.7654 21.1522 1.78
      vertex 53.3902 21.0384 1.6
      vertex 53.7654 21.1522 1.6
    endloop
  endfacet
  facet normal 0.956951 0.290248 0
    outer loop
      vertex 54.9616 23.3902 1.78
      vertex 54.8478 23.7654 1.6
      vertex 54.8478 23.7654 1.78
    endloop
  endfacet
  facet normal 0.956951 0.290248 0
    outer loop
      vertex 54.8478 23.7654 1.6
      vertex 54.9616 23.3902 1.78
      vertex 54.9616 23.3902 1.6
    endloop
  endfacet
  facet normal 0.995193 0.097938 0
    outer loop
      vertex 55 23 1.78
      vertex 54.9616 23.3902 1.6
      vertex 54.9616 23.3902 1.78
    endloop
  endfacet
  facet normal 0.995193 0.097938 0
    outer loop
      vertex 54.9616 23.3902 1.6
      vertex 55 23 1.78
      vertex 55 23 1.6
    endloop
  endfacet
  facet normal 0.881795 0.471634 0
    outer loop
      vertex 54.8478 23.7654 1.78
      vertex 54.6629 24.1111 1.6
      vertex 54.6629 24.1111 1.78
    endloop
  endfacet
  facet normal 0.881795 0.471634 0
    outer loop
      vertex 54.6629 24.1111 1.6
      vertex 54.8478 23.7654 1.78
      vertex 54.8478 23.7654 1.6
    endloop
  endfacet
  facet normal -0.881795 -0.471634 0
    outer loop
      vertex 51.3371 21.8889 1.6
      vertex 51.1522 22.2346 1.78
      vertex 51.1522 22.2346 1.6
    endloop
  endfacet
  facet normal -0.881795 -0.471634 0
    outer loop
      vertex 51.1522 22.2346 1.78
      vertex 51.3371 21.8889 1.6
      vertex 51.3371 21.8889 1.78
    endloop
  endfacet
  facet normal 0.290248 0.956951 -0
    outer loop
      vertex 53.7654 24.8478 1.6
      vertex 53.3902 24.9616 1.78
      vertex 53.7654 24.8478 1.78
    endloop
  endfacet
  facet normal 0.290248 0.956951 0
    outer loop
      vertex 53.3902 24.9616 1.78
      vertex 53.7654 24.8478 1.6
      vertex 53.3902 24.9616 1.6
    endloop
  endfacet
  facet normal -0.097938 0.995193 0
    outer loop
      vertex 53 25 1.6
      vertex 52.6098 24.9616 1.78
      vertex 53 25 1.78
    endloop
  endfacet
  facet normal -0.097938 0.995193 0
    outer loop
      vertex 52.6098 24.9616 1.78
      vertex 53 25 1.6
      vertex 52.6098 24.9616 1.6
    endloop
  endfacet
  facet normal -0.471634 -0.881795 0
    outer loop
      vertex 51.8889 21.3371 1.6
      vertex 52.2346 21.1522 1.78
      vertex 51.8889 21.3371 1.78
    endloop
  endfacet
  facet normal -0.471634 -0.881795 -0
    outer loop
      vertex 52.2346 21.1522 1.78
      vertex 51.8889 21.3371 1.6
      vertex 52.2346 21.1522 1.6
    endloop
  endfacet
  facet normal -0.471634 0.881795 0
    outer loop
      vertex 52.2346 24.8478 1.6
      vertex 51.8889 24.6629 1.78
      vertex 52.2346 24.8478 1.78
    endloop
  endfacet
  facet normal -0.471634 0.881795 0
    outer loop
      vertex 51.8889 24.6629 1.78
      vertex 52.2346 24.8478 1.6
      vertex 51.8889 24.6629 1.6
    endloop
  endfacet
  facet normal 0.471634 -0.881795 0
    outer loop
      vertex 53.7654 21.1522 1.6
      vertex 54.1111 21.3371 1.78
      vertex 53.7654 21.1522 1.78
    endloop
  endfacet
  facet normal 0.471634 -0.881795 0
    outer loop
      vertex 54.1111 21.3371 1.78
      vertex 53.7654 21.1522 1.6
      vertex 54.1111 21.3371 1.6
    endloop
  endfacet
  facet normal -0.77307 0.634321 0
    outer loop
      vertex 51.3371 24.1111 1.6
      vertex 51.5858 24.4142 1.78
      vertex 51.5858 24.4142 1.6
    endloop
  endfacet
  facet normal -0.77307 0.634321 0
    outer loop
      vertex 51.5858 24.4142 1.78
      vertex 51.3371 24.1111 1.6
      vertex 51.3371 24.1111 1.78
    endloop
  endfacet
  facet normal 0.77307 0.634321 0
    outer loop
      vertex 54.6629 24.1111 1.78
      vertex 54.4142 24.4142 1.6
      vertex 54.4142 24.4142 1.78
    endloop
  endfacet
  facet normal 0.77307 0.634321 0
    outer loop
      vertex 54.4142 24.4142 1.6
      vertex 54.6629 24.1111 1.78
      vertex 54.6629 24.1111 1.6
    endloop
  endfacet
  facet normal 0.77307 -0.634321 0
    outer loop
      vertex 54.4142 21.5858 1.78
      vertex 54.6629 21.8889 1.6
      vertex 54.6629 21.8889 1.78
    endloop
  endfacet
  facet normal 0.77307 -0.634321 0
    outer loop
      vertex 54.6629 21.8889 1.6
      vertex 54.4142 21.5858 1.78
      vertex 54.4142 21.5858 1.6
    endloop
  endfacet
  facet normal -0.290248 0.956951 0
    outer loop
      vertex 52.6098 24.9616 1.6
      vertex 52.2346 24.8478 1.78
      vertex 52.6098 24.9616 1.78
    endloop
  endfacet
  facet normal -0.290248 0.956951 0
    outer loop
      vertex 52.2346 24.8478 1.78
      vertex 52.6098 24.9616 1.6
      vertex 52.2346 24.8478 1.6
    endloop
  endfacet
  facet normal 0.634321 -0.77307 0
    outer loop
      vertex 54.1111 21.3371 1.6
      vertex 54.4142 21.5858 1.78
      vertex 54.1111 21.3371 1.78
    endloop
  endfacet
  facet normal 0.634321 -0.77307 0
    outer loop
      vertex 54.4142 21.5858 1.78
      vertex 54.1111 21.3371 1.6
      vertex 54.4142 21.5858 1.6
    endloop
  endfacet
  facet normal 0.995193 -0.097938 0
    outer loop
      vertex 54.9616 22.6098 1.78
      vertex 55 23 1.6
      vertex 55 23 1.78
    endloop
  endfacet
  facet normal 0.995193 -0.097938 0
    outer loop
      vertex 55 23 1.6
      vertex 54.9616 22.6098 1.78
      vertex 54.9616 22.6098 1.6
    endloop
  endfacet
  facet normal -0.290248 -0.956951 0
    outer loop
      vertex 52.2346 21.1522 1.6
      vertex 52.6098 21.0384 1.78
      vertex 52.2346 21.1522 1.78
    endloop
  endfacet
  facet normal -0.290248 -0.956951 -0
    outer loop
      vertex 52.6098 21.0384 1.78
      vertex 52.2346 21.1522 1.6
      vertex 52.6098 21.0384 1.6
    endloop
  endfacet
  facet normal 0 0 1
    outer loop
      vertex 54.3 23 1.78
      vertex 55 23 1.78
      vertex 54.9616 23.3902 1.78
    endloop
  endfacet
  facet normal 0 0 1
    outer loop
      vertex 54.275 23.2536 1.78
      vertex 54.9616 23.3902 1.78
      vertex 54.8478 23.7654 1.78
    endloop
  endfacet
  facet normal 0 0 1
    outer loop
      vertex 55 23 1.78
      vertex 54.3 23 1.78
      vertex 54.9616 22.6098 1.78
    endloop
  endfacet
  facet normal 0 0 1
    outer loop
      vertex 54.201 23.4975 1.78
      vertex 54.8478 23.7654 1.78
      vertex 54.6629 24.1111 1.78
    endloop
  endfacet
  facet normal -0 0 1
    outer loop
      vertex 54.275 22.7464 1.78
      vertex 54.9616 22.6098 1.78
      vertex 54.3 23 1.78
    endloop
  endfacet
  facet normal 0 0 1
    outer loop
      vertex 54.0809 23.7222 1.78
      vertex 54.6629 24.1111 1.78
      vertex 54.4142 24.4142 1.78
    endloop
  endfacet
  facet normal 0 0 1
    outer loop
      vertex 54.9616 22.6098 1.78
      vertex 54.275 22.7464 1.78
      vertex 54.8478 22.2346 1.78
    endloop
  endfacet
  facet normal -0 0 1
    outer loop
      vertex 54.201 22.5025 1.78
      vertex 54.8478 22.2346 1.78
      vertex 54.275 22.7464 1.78
    endloop
  endfacet
  facet normal 0 0 1
    outer loop
      vertex 54.9616 23.3902 1.78
      vertex 54.275 23.2536 1.78
      vertex 54.3 23 1.78
    endloop
  endfacet
  facet normal 0 0 1
    outer loop
      vertex 54.8478 23.7654 1.78
      vertex 54.201 23.4975 1.78
      vertex 54.275 23.2536 1.78
    endloop
  endfacet
  facet normal 0 0 1
    outer loop
      vertex 53.9192 23.9192 1.78
      vertex 54.4142 24.4142 1.78
      vertex 54.1111 24.6629 1.78
    endloop
  endfacet
  facet normal 0 0 1
    outer loop
      vertex 54.6629 24.1111 1.78
      vertex 54.0809 23.7222 1.78
      vertex 54.201 23.4975 1.78
    endloop
  endfacet
  facet normal 0 0 1
    outer loop
      vertex 54.4142 24.4142 1.78
      vertex 53.9192 23.9192 1.78
      vertex 54.0809 23.7222 1.78
    endloop
  endfacet
  facet normal 0 0 1
    outer loop
      vertex 53.7222 24.0809 1.78
      vertex 54.1111 24.6629 1.78
      vertex 53.7654 24.8478 1.78
    endloop
  endfacet
  facet normal 0 0 1
    outer loop
      vertex 54.1111 24.6629 1.78
      vertex 53.7222 24.0809 1.78
      vertex 53.9192 23.9192 1.78
    endloop
  endfacet
  facet normal 0 0 1
    outer loop
      vertex 53.7654 24.8478 1.78
      vertex 53.4975 24.201 1.78
      vertex 53.7222 24.0809 1.78
    endloop
  endfacet
  facet normal 0 0 1
    outer loop
      vertex 53.3902 24.9616 1.78
      vertex 53.4975 24.201 1.78
      vertex 53.7654 24.8478 1.78
    endloop
  endfacet
  facet normal 0 0 1
    outer loop
      vertex 53.3902 24.9616 1.78
      vertex 53.2536 24.275 1.78
      vertex 53.4975 24.201 1.78
    endloop
  endfacet
  facet normal 0 0 1
    outer loop
      vertex 53 25 1.78
      vertex 53.2536 24.275 1.78
      vertex 53.3902 24.9616 1.78
    endloop
  endfacet
  facet normal 0 0 1
    outer loop
      vertex 53 25 1.78
      vertex 53 24.3 1.78
      vertex 53.2536 24.275 1.78
    endloop
  endfacet
  facet normal 0 0 1
    outer loop
      vertex 53 25 1.78
      vertex 52.7464 24.275 1.78
      vertex 53 24.3 1.78
    endloop
  endfacet
  facet normal -0 0 1
    outer loop
      vertex 52.6098 24.9616 1.78
      vertex 52.7464 24.275 1.78
      vertex 53 25 1.78
    endloop
  endfacet
  facet normal 0 0 1
    outer loop
      vertex 52.6098 24.9616 1.78
      vertex 52.5025 24.201 1.78
      vertex 52.7464 24.275 1.78
    endloop
  endfacet
  facet normal -0 0 1
    outer loop
      vertex 52.2346 24.8478 1.78
      vertex 52.5025 24.201 1.78
      vertex 52.6098 24.9616 1.78
    endloop
  endfacet
  facet normal 0 0 1
    outer loop
      vertex 52.5025 24.201 1.78
      vertex 52.2346 24.8478 1.78
      vertex 52.2778 24.0809 1.78
    endloop
  endfacet
  facet normal -0 0 1
    outer loop
      vertex 51.8889 24.6629 1.78
      vertex 52.2778 24.0809 1.78
      vertex 52.2346 24.8478 1.78
    endloop
  endfacet
  facet normal 0 0 1
    outer loop
      vertex 52.2778 24.0809 1.78
      vertex 51.8889 24.6629 1.78
      vertex 52.0808 23.9192 1.78
    endloop
  endfacet
  facet normal -0 0 1
    outer loop
      vertex 51.5858 24.4142 1.78
      vertex 52.0808 23.9192 1.78
      vertex 51.8889 24.6629 1.78
    endloop
  endfacet
  facet normal 0 0 1
    outer loop
      vertex 52.0808 23.9192 1.78
      vertex 51.5858 24.4142 1.78
      vertex 51.9191 23.7222 1.78
    endloop
  endfacet
  facet normal -0 0 1
    outer loop
      vertex 51.3371 24.1111 1.78
      vertex 51.9191 23.7222 1.78
      vertex 51.5858 24.4142 1.78
    endloop
  endfacet
  facet normal -0 0 1
    outer loop
      vertex 51.1522 23.7654 1.78
      vertex 51.799 23.4975 1.78
      vertex 51.3371 24.1111 1.78
    endloop
  endfacet
  facet normal 0 0 1
    outer loop
      vertex 51.9191 23.7222 1.78
      vertex 51.3371 24.1111 1.78
      vertex 51.799 23.4975 1.78
    endloop
  endfacet
  facet normal 0 0 1
    outer loop
      vertex 54.8478 22.2346 1.78
      vertex 54.201 22.5025 1.78
      vertex 54.6629 21.8889 1.78
    endloop
  endfacet
  facet normal -0 0 1
    outer loop
      vertex 54.0809 22.2778 1.78
      vertex 54.6629 21.8889 1.78
      vertex 54.201 22.5025 1.78
    endloop
  endfacet
  facet normal 0 0 1
    outer loop
      vertex 54.6629 21.8889 1.78
      vertex 54.0809 22.2778 1.78
      vertex 54.4142 21.5858 1.78
    endloop
  endfacet
  facet normal -0 0 1
    outer loop
      vertex 53.9192 22.0808 1.78
      vertex 54.4142 21.5858 1.78
      vertex 54.0809 22.2778 1.78
    endloop
  endfacet
  facet normal 0 0 1
    outer loop
      vertex 54.4142 21.5858 1.78
      vertex 53.9192 22.0808 1.78
      vertex 54.1111 21.3371 1.78
    endloop
  endfacet
  facet normal -0 0 1
    outer loop
      vertex 53.7222 21.9191 1.78
      vertex 54.1111 21.3371 1.78
      vertex 53.9192 22.0808 1.78
    endloop
  endfacet
  facet normal 0 0 1
    outer loop
      vertex 54.1111 21.3371 1.78
      vertex 53.7222 21.9191 1.78
      vertex 53.7654 21.1522 1.78
    endloop
  endfacet
  facet normal -0 0 1
    outer loop
      vertex 53.4975 21.799 1.78
      vertex 53.7654 21.1522 1.78
      vertex 53.7222 21.9191 1.78
    endloop
  endfacet
  facet normal 0 0 1
    outer loop
      vertex 53.4975 21.799 1.78
      vertex 53.3902 21.0384 1.78
      vertex 53.7654 21.1522 1.78
    endloop
  endfacet
  facet normal -0 0 1
    outer loop
      vertex 53.2536 21.725 1.78
      vertex 53.3902 21.0384 1.78
      vertex 53.4975 21.799 1.78
    endloop
  endfacet
  facet normal -0 0 1
    outer loop
      vertex 53 21.7 1.78
      vertex 53.3902 21.0384 1.78
      vertex 53.2536 21.725 1.78
    endloop
  endfacet
  facet normal 0 0 1
    outer loop
      vertex 53 21.7 1.78
      vertex 53 21 1.78
      vertex 53.3902 21.0384 1.78
    endloop
  endfacet
  facet normal 0 0 1
    outer loop
      vertex 52.7464 21.725 1.78
      vertex 53 21 1.78
      vertex 53 21.7 1.78
    endloop
  endfacet
  facet normal 0 0 1
    outer loop
      vertex 52.7464 21.725 1.78
      vertex 52.6098 21.0384 1.78
      vertex 53 21 1.78
    endloop
  endfacet
  facet normal 0 0 1
    outer loop
      vertex 52.5025 21.799 1.78
      vertex 52.6098 21.0384 1.78
      vertex 52.7464 21.725 1.78
    endloop
  endfacet
  facet normal 0 0 1
    outer loop
      vertex 52.2346 21.1522 1.78
      vertex 52.5025 21.799 1.78
      vertex 52.2778 21.9191 1.78
    endloop
  endfacet
  facet normal 0 0 1
    outer loop
      vertex 52.5025 21.799 1.78
      vertex 52.2346 21.1522 1.78
      vertex 52.6098 21.0384 1.78
    endloop
  endfacet
  facet normal 0 0 1
    outer loop
      vertex 51.8889 21.3371 1.78
      vertex 52.2778 21.9191 1.78
      vertex 52.0808 22.0808 1.78
    endloop
  endfacet
  facet normal 0 0 1
    outer loop
      vertex 51.5858 21.5858 1.78
      vertex 52.0808 22.0808 1.78
      vertex 51.9191 22.2778 1.78
    endloop
  endfacet
  facet normal 0 0 1
    outer loop
      vertex 52.2778 21.9191 1.78
      vertex 51.8889 21.3371 1.78
      vertex 52.2346 21.1522 1.78
    endloop
  endfacet
  facet normal 0 0 1
    outer loop
      vertex 51.3371 21.8889 1.78
      vertex 51.9191 22.2778 1.78
      vertex 51.799 22.5025 1.78
    endloop
  endfacet
  facet normal 0 0 1
    outer loop
      vertex 51.1522 22.2346 1.78
      vertex 51.799 22.5025 1.78
      vertex 51.725 22.7464 1.78
    endloop
  endfacet
  facet normal 0 0 1
    outer loop
      vertex 52.0808 22.0808 1.78
      vertex 51.5858 21.5858 1.78
      vertex 51.8889 21.3371 1.78
    endloop
  endfacet
  facet normal 0 0 1
    outer loop
      vertex 51.0384 22.6098 1.78
      vertex 51.725 22.7464 1.78
      vertex 51.7 23 1.78
    endloop
  endfacet
  facet normal 0 0 1
    outer loop
      vertex 51.799 23.4975 1.78
      vertex 51.1522 23.7654 1.78
      vertex 51.725 23.2536 1.78
    endloop
  endfacet
  facet normal -0 0 1
    outer loop
      vertex 51.0384 23.3902 1.78
      vertex 51.725 23.2536 1.78
      vertex 51.1522 23.7654 1.78
    endloop
  endfacet
  facet normal 0 0 1
    outer loop
      vertex 51.9191 22.2778 1.78
      vertex 51.3371 21.8889 1.78
      vertex 51.5858 21.5858 1.78
    endloop
  endfacet
  facet normal 0 0 1
    outer loop
      vertex 51.725 23.2536 1.78
      vertex 51.0384 23.3902 1.78
      vertex 51.7 23 1.78
    endloop
  endfacet
  facet normal 0 0 1
    outer loop
      vertex 51.799 22.5025 1.78
      vertex 51.1522 22.2346 1.78
      vertex 51.3371 21.8889 1.78
    endloop
  endfacet
  facet normal 0 0 1
    outer loop
      vertex 51 23 1.78
      vertex 51.7 23 1.78
      vertex 51.0384 23.3902 1.78
    endloop
  endfacet
  facet normal 0 0 1
    outer loop
      vertex 51.725 22.7464 1.78
      vertex 51.0384 22.6098 1.78
      vertex 51.1522 22.2346 1.78
    endloop
  endfacet
  facet normal 0 0 1
    outer loop
      vertex 51.7 23 1.78
      vertex 51 23 1.78
      vertex 51.0384 22.6098 1.78
    endloop
  endfacet
  facet normal 0.956951 -0.290248 0
    outer loop
      vertex 54.8478 22.2346 1.78
      vertex 54.9616 22.6098 1.6
      vertex 54.9616 22.6098 1.78
    endloop
  endfacet
  facet normal 0.956951 -0.290248 0
    outer loop
      vertex 54.9616 22.6098 1.6
      vertex 54.8478 22.2346 1.78
      vertex 54.8478 22.2346 1.6
    endloop
  endfacet
  facet normal -0.956951 -0.290248 0
    outer loop
      vertex 51.1522 22.2346 1.6
      vertex 51.0384 22.6098 1.78
      vertex 51.0384 22.6098 1.6
    endloop
  endfacet
  facet normal -0.956951 -0.290248 0
    outer loop
      vertex 51.0384 22.6098 1.78
      vertex 51.1522 22.2346 1.6
      vertex 51.1522 22.2346 1.78
    endloop
  endfacet
  facet normal 0.881795 -0.471634 0
    outer loop
      vertex 54.6629 21.8889 1.78
      vertex 54.8478 22.2346 1.6
      vertex 54.8478 22.2346 1.78
    endloop
  endfacet
  facet normal 0.881795 -0.471634 0
    outer loop
      vertex 54.8478 22.2346 1.6
      vertex 54.6629 21.8889 1.78
      vertex 54.6629 21.8889 1.6
    endloop
  endfacet
  facet normal -0.995193 0.097938 0
    outer loop
      vertex 51 23 1.6
      vertex 51.0384 23.3902 1.78
      vertex 51.0384 23.3902 1.6
    endloop
  endfacet
  facet normal -0.995193 0.097938 0
    outer loop
      vertex 51.0384 23.3902 1.78
      vertex 51 23 1.6
      vertex 51 23 1.78
    endloop
  endfacet
  facet normal 0.097938 0.995193 -0
    outer loop
      vertex 53.3902 24.9616 1.6
      vertex 53 25 1.78
      vertex 53.3902 24.9616 1.78
    endloop
  endfacet
  facet normal 0.097938 0.995193 0
    outer loop
      vertex 53 25 1.78
      vertex 53.3902 24.9616 1.6
      vertex 53 25 1.6
    endloop
  endfacet
  facet normal -0.634321 0.77307 0
    outer loop
      vertex 51.8889 24.6629 1.6
      vertex 51.5858 24.4142 1.78
      vertex 51.8889 24.6629 1.78
    endloop
  endfacet
  facet normal -0.634321 0.77307 0
    outer loop
      vertex 51.5858 24.4142 1.78
      vertex 51.8889 24.6629 1.6
      vertex 51.5858 24.4142 1.6
    endloop
  endfacet
  facet normal 0.634321 0.77307 -0
    outer loop
      vertex 54.4142 24.4142 1.6
      vertex 54.1111 24.6629 1.78
      vertex 54.4142 24.4142 1.78
    endloop
  endfacet
  facet normal 0.634321 0.77307 0
    outer loop
      vertex 54.1111 24.6629 1.78
      vertex 54.4142 24.4142 1.6
      vertex 54.1111 24.6629 1.6
    endloop
  endfacet
  facet normal 0.097938 -0.995193 0
    outer loop
      vertex 53 21 1.6
      vertex 53.3902 21.0384 1.78
      vertex 53 21 1.78
    endloop
  endfacet
  facet normal 0.097938 -0.995193 0
    outer loop
      vertex 53.3902 21.0384 1.78
      vertex 53 21 1.6
      vertex 53.3902 21.0384 1.6
    endloop
  endfacet
  facet normal 0.471634 0.881795 -0
    outer loop
      vertex 54.1111 24.6629 1.6
      vertex 53.7654 24.8478 1.78
      vertex 54.1111 24.6629 1.78
    endloop
  endfacet
  facet normal 0.471634 0.881795 0
    outer loop
      vertex 53.7654 24.8478 1.78
      vertex 54.1111 24.6629 1.6
      vertex 53.7654 24.8478 1.6
    endloop
  endfacet
  facet normal -0.77307 -0.634321 0
    outer loop
      vertex 51.5858 21.5858 1.6
      vertex 51.3371 21.8889 1.78
      vertex 51.3371 21.8889 1.6
    endloop
  endfacet
  facet normal -0.77307 -0.634321 0
    outer loop
      vertex 51.3371 21.8889 1.78
      vertex 51.5858 21.5858 1.6
      vertex 51.5858 21.5858 1.78
    endloop
  endfacet
  facet normal -0.097938 -0.995193 0
    outer loop
      vertex 52.6098 21.0384 1.6
      vertex 53 21 1.78
      vertex 52.6098 21.0384 1.78
    endloop
  endfacet
  facet normal -0.097938 -0.995193 -0
    outer loop
      vertex 53 21 1.78
      vertex 52.6098 21.0384 1.6
      vertex 53 21 1.6
    endloop
  endfacet
  facet normal -0.634321 -0.77307 0
    outer loop
      vertex 51.5858 21.5858 1.6
      vertex 51.8889 21.3371 1.78
      vertex 51.5858 21.5858 1.78
    endloop
  endfacet
  facet normal -0.634321 -0.77307 -0
    outer loop
      vertex 51.8889 21.3371 1.78
      vertex 51.5858 21.5858 1.6
      vertex 51.8889 21.3371 1.6
    endloop
  endfacet
  facet normal -0.956951 0.290248 0
    outer loop
      vertex 51.0384 23.3902 1.6
      vertex 51.1522 23.7654 1.78
      vertex 51.1522 23.7654 1.6
    endloop
  endfacet
  facet normal -0.956951 0.290248 0
    outer loop
      vertex 51.1522 23.7654 1.78
      vertex 51.0384 23.3902 1.6
      vertex 51.0384 23.3902 1.78
    endloop
  endfacet
  facet normal -0.881795 0.471634 0
    outer loop
      vertex 51.1522 23.7654 1.6
      vertex 51.3371 24.1111 1.78
      vertex 51.3371 24.1111 1.6
    endloop
  endfacet
  facet normal -0.881795 0.471634 0
    outer loop
      vertex 51.3371 24.1111 1.78
      vertex 51.1522 23.7654 1.6
      vertex 51.1522 23.7654 1.78
    endloop
  endfacet
  facet normal -0.995193 -0.097938 0
    outer loop
      vertex 51.0384 22.6098 1.6
      vertex 51 23 1.78
      vertex 51 23 1.6
    endloop
  endfacet
  facet normal -0.995193 -0.097938 0
    outer loop
      vertex 51 23 1.78
      vertex 51.0384 22.6098 1.6
      vertex 51.0384 22.6098 1.78
    endloop
  endfacet
  facet normal 0.290281 -0.956941 0
    outer loop
      vertex 9.60478 17.4596 1.6
      vertex 10.1863 17.636 1.78
      vertex 9.60478 17.4596 1.78
    endloop
  endfacet
  facet normal 0.290281 -0.956941 0
    outer loop
      vertex 10.1863 17.636 1.78
      vertex 9.60478 17.4596 1.6
      vertex 10.1863 17.636 1.6
    endloop
  endfacet
  facet normal 0.95696 0.290221 0
    outer loop
      vertex 11.9205 21.5 1.78
      vertex 11.864 21.6863 1.6
      vertex 11.864 21.6863 1.78
    endloop
  endfacet
  facet normal 0.95696 0.290221 0
    outer loop
      vertex 11.864 21.6863 1.6
      vertex 11.9205 21.5 1.78
      vertex 11.9205 21.5 1.6
    endloop
  endfacet
  facet normal 0.881988 0.471271 0
    outer loop
      vertex 11.864 21.6863 1.78
      vertex 11.5776 22.2223 1.6
      vertex 11.5776 22.2223 1.78
    endloop
  endfacet
  facet normal 0.881988 0.471271 0
    outer loop
      vertex 11.5776 22.2223 1.6
      vertex 11.864 21.6863 1.78
      vertex 11.864 21.6863 1.6
    endloop
  endfacet
  facet normal -0.471306 -0.88197 0
    outer loop
      vertex 7.27773 17.9224 1.6
      vertex 7.81368 17.636 1.78
      vertex 7.27773 17.9224 1.78
    endloop
  endfacet
  facet normal -0.471306 -0.88197 -0
    outer loop
      vertex 7.81368 17.636 1.78
      vertex 7.27773 17.9224 1.6
      vertex 7.81368 17.636 1.6
    endloop
  endfacet
  facet normal 0.634518 0.772908 -0
    outer loop
      vertex 11.192 22.692 1.6
      vertex 10.7223 23.0776 1.78
      vertex 11.192 22.692 1.78
    endloop
  endfacet
  facet normal 0.634518 0.772908 0
    outer loop
      vertex 10.7223 23.0776 1.78
      vertex 11.192 22.692 1.6
      vertex 10.7223 23.0776 1.6
    endloop
  endfacet
  facet normal -0.0980732 0.995179 0
    outer loop
      vertex 9 23.6 1.6
      vertex 8.39522 23.5404 1.78
      vertex 9 23.6 1.78
    endloop
  endfacet
  facet normal -0.0980732 0.995179 0
    outer loop
      vertex 8.39522 23.5404 1.78
      vertex 9 23.6 1.6
      vertex 8.39522 23.5404 1.6
    endloop
  endfacet
  facet normal -0.88194 -0.471361 0
    outer loop
      vertex 6.42244 18.7777 1.6
      vertex 6.13597 19.3137 1.78
      vertex 6.13597 19.3137 1.6
    endloop
  endfacet
  facet normal -0.88194 -0.471361 0
    outer loop
      vertex 6.13597 19.3137 1.78
      vertex 6.42244 18.7777 1.6
      vertex 6.42244 18.7777 1.78
    endloop
  endfacet
  facet normal 0.0980732 -0.995179 0
    outer loop
      vertex 9 17.4 1.6
      vertex 9.60478 17.4596 1.78
      vertex 9 17.4 1.78
    endloop
  endfacet
  facet normal 0.0980732 -0.995179 0
    outer loop
      vertex 9.60478 17.4596 1.78
      vertex 9 17.4 1.6
      vertex 9.60478 17.4596 1.6
    endloop
  endfacet
  facet normal -0.0980732 -0.995179 0
    outer loop
      vertex 8.39522 17.4596 1.6
      vertex 9 17.4 1.78
      vertex 8.39522 17.4596 1.78
    endloop
  endfacet
  facet normal -0.0980732 -0.995179 -0
    outer loop
      vertex 9 17.4 1.78
      vertex 8.39522 17.4596 1.6
      vertex 9 17.4 1.6
    endloop
  endfacet
  facet normal 0.47123 -0.88201 0
    outer loop
      vertex 10.1863 17.636 1.6
      vertex 10.5 17.8036 1.78
      vertex 10.1863 17.636 1.78
    endloop
  endfacet
  facet normal 0.47123 -0.88201 0
    outer loop
      vertex 10.5 17.8036 1.78
      vertex 10.1863 17.636 1.6
      vertex 10.5 17.8036 1.6
    endloop
  endfacet
  facet normal -0.956939 -0.290291 0
    outer loop
      vertex 6.13597 19.3137 1.6
      vertex 5.95957 19.8952 1.78
      vertex 5.95957 19.8952 1.6
    endloop
  endfacet
  facet normal -0.956939 -0.290291 0
    outer loop
      vertex 5.95957 19.8952 1.78
      vertex 6.13597 19.3137 1.6
      vertex 6.13597 19.3137 1.78
    endloop
  endfacet
  facet normal -0.772964 0.63445 0
    outer loop
      vertex 6.42244 22.2223 1.6
      vertex 6.80797 22.692 1.78
      vertex 6.80797 22.692 1.6
    endloop
  endfacet
  facet normal -0.772964 0.63445 0
    outer loop
      vertex 6.80797 22.692 1.78
      vertex 6.42244 22.2223 1.6
      vertex 6.42244 22.2223 1.78
    endloop
  endfacet
  facet normal 0.772908 0.634518 0
    outer loop
      vertex 11.5776 22.2223 1.78
      vertex 11.192 22.692 1.6
      vertex 11.192 22.692 1.78
    endloop
  endfacet
  facet normal 0.772908 0.634518 0
    outer loop
      vertex 11.192 22.692 1.6
      vertex 11.5776 22.2223 1.78
      vertex 11.5776 22.2223 1.6
    endloop
  endfacet
  facet normal -0.471306 0.88197 0
    outer loop
      vertex 7.81368 23.364 1.6
      vertex 7.27773 23.0776 1.78
      vertex 7.81368 23.364 1.78
    endloop
  endfacet
  facet normal -0.471306 0.88197 0
    outer loop
      vertex 7.27773 23.0776 1.78
      vertex 7.81368 23.364 1.6
      vertex 7.27773 23.0776 1.6
    endloop
  endfacet
  facet normal -0.290272 0.956944 0
    outer loop
      vertex 8.39522 23.5404 1.6
      vertex 7.81368 23.364 1.78
      vertex 8.39522 23.5404 1.78
    endloop
  endfacet
  facet normal -0.290272 0.956944 0
    outer loop
      vertex 7.81368 23.364 1.78
      vertex 8.39522 23.5404 1.6
      vertex 7.81368 23.364 1.6
    endloop
  endfacet
  facet normal -0.290272 -0.956944 0
    outer loop
      vertex 7.81368 17.636 1.6
      vertex 8.39522 17.4596 1.78
      vertex 7.81368 17.636 1.78
    endloop
  endfacet
  facet normal -0.290272 -0.956944 -0
    outer loop
      vertex 8.39522 17.4596 1.78
      vertex 7.81368 17.636 1.6
      vertex 8.39522 17.4596 1.6
    endloop
  endfacet
  facet normal 0 0 1
    outer loop
      vertex 11.1737 21.5 1.78
      vertex 11.864 21.6863 1.78
      vertex 11.5776 22.2223 1.78
    endloop
  endfacet
  facet normal 0 0 1
    outer loop
      vertex 10.9955 21.8334 1.78
      vertex 11.5776 22.2223 1.78
      vertex 11.192 22.692 1.78
    endloop
  endfacet
  facet normal 0 -0 1
    outer loop
      vertex 11.1737 21.5 1.78
      vertex 11.5776 22.2223 1.78
      vertex 10.9955 21.8334 1.78
    endloop
  endfacet
  facet normal 0 0 1
    outer loop
      vertex 11.864 21.6863 1.78
      vertex 11.1737 21.5 1.78
      vertex 11.9205 21.5 1.78
    endloop
  endfacet
  facet normal 0 0 1
    outer loop
      vertex 10.6971 22.1971 1.78
      vertex 11.192 22.692 1.78
      vertex 10.7223 23.0776 1.78
    endloop
  endfacet
  facet normal 0 0 1
    outer loop
      vertex 11.192 22.692 1.78
      vertex 10.6971 22.1971 1.78
      vertex 10.9955 21.8334 1.78
    endloop
  endfacet
  facet normal 0 0 1
    outer loop
      vertex 10.7223 23.0776 1.78
      vertex 10.3334 22.4955 1.78
      vertex 10.6971 22.1971 1.78
    endloop
  endfacet
  facet normal 0 0 1
    outer loop
      vertex 10.1863 23.364 1.78
      vertex 10.3334 22.4955 1.78
      vertex 10.7223 23.0776 1.78
    endloop
  endfacet
  facet normal 0 0 1
    outer loop
      vertex 10.1863 23.364 1.78
      vertex 9.91844 22.7173 1.78
      vertex 10.3334 22.4955 1.78
    endloop
  endfacet
  facet normal 0 0 1
    outer loop
      vertex 9.60478 23.5404 1.78
      vertex 9.91844 22.7173 1.78
      vertex 10.1863 23.364 1.78
    endloop
  endfacet
  facet normal 0 0 1
    outer loop
      vertex 9.60478 23.5404 1.78
      vertex 9.46822 22.8539 1.78
      vertex 9.91844 22.7173 1.78
    endloop
  endfacet
  facet normal 0 0 1
    outer loop
      vertex 9 23.6 1.78
      vertex 9.46822 22.8539 1.78
      vertex 9.60478 23.5404 1.78
    endloop
  endfacet
  facet normal 0 0 1
    outer loop
      vertex 9 23.6 1.78
      vertex 9 22.9 1.78
      vertex 9.46822 22.8539 1.78
    endloop
  endfacet
  facet normal 0 0 1
    outer loop
      vertex 9 23.6 1.78
      vertex 8.53178 22.8539 1.78
      vertex 9 22.9 1.78
    endloop
  endfacet
  facet normal -0 0 1
    outer loop
      vertex 8.39522 23.5404 1.78
      vertex 8.53178 22.8539 1.78
      vertex 9 23.6 1.78
    endloop
  endfacet
  facet normal 0 0 1
    outer loop
      vertex 8.39522 23.5404 1.78
      vertex 8.08156 22.7173 1.78
      vertex 8.53178 22.8539 1.78
    endloop
  endfacet
  facet normal -0 0 1
    outer loop
      vertex 7.81368 23.364 1.78
      vertex 8.08156 22.7173 1.78
      vertex 8.39522 23.5404 1.78
    endloop
  endfacet
  facet normal 0 0 1
    outer loop
      vertex 7.81368 23.364 1.78
      vertex 7.66663 22.4955 1.78
      vertex 8.08156 22.7173 1.78
    endloop
  endfacet
  facet normal -0 0 1
    outer loop
      vertex 7.27773 23.0776 1.78
      vertex 7.66663 22.4955 1.78
      vertex 7.81368 23.364 1.78
    endloop
  endfacet
  facet normal 0 0 1
    outer loop
      vertex 7.66663 22.4955 1.78
      vertex 7.27773 23.0776 1.78
      vertex 7.30294 22.1971 1.78
    endloop
  endfacet
  facet normal -0 0 1
    outer loop
      vertex 6.80797 22.692 1.78
      vertex 7.30294 22.1971 1.78
      vertex 7.27773 23.0776 1.78
    endloop
  endfacet
  facet normal 0 0 1
    outer loop
      vertex 7.30294 22.1971 1.78
      vertex 6.80797 22.692 1.78
      vertex 7.00447 21.8334 1.78
    endloop
  endfacet
  facet normal -0 0 1
    outer loop
      vertex 6.42244 22.2223 1.78
      vertex 7.00447 21.8334 1.78
      vertex 6.80797 22.692 1.78
    endloop
  endfacet
  facet normal 0 0 1
    outer loop
      vertex 7.00447 21.8334 1.78
      vertex 6.42244 22.2223 1.78
      vertex 6.78269 21.4184 1.78
    endloop
  endfacet
  facet normal -0 0 1
    outer loop
      vertex 6.13597 21.6863 1.78
      vertex 6.78269 21.4184 1.78
      vertex 6.42244 22.2223 1.78
    endloop
  endfacet
  facet normal 0 0 1
    outer loop
      vertex 6.78269 21.4184 1.78
      vertex 6.13597 21.6863 1.78
      vertex 6.64612 20.9682 1.78
    endloop
  endfacet
  facet normal -0 0 1
    outer loop
      vertex 10.3334 18.5045 1.78
      vertex 10.5 17.8036 1.78
      vertex 10.5 18.6412 1.78
    endloop
  endfacet
  facet normal -0 0 1
    outer loop
      vertex 9.91844 18.2827 1.78
      vertex 10.5 17.8036 1.78
      vertex 10.3334 18.5045 1.78
    endloop
  endfacet
  facet normal 0 0 1
    outer loop
      vertex 10.5 17.8036 1.78
      vertex 9.91844 18.2827 1.78
      vertex 10.1863 17.636 1.78
    endloop
  endfacet
  facet normal 0 0 1
    outer loop
      vertex 9.91844 18.2827 1.78
      vertex 9.60478 17.4596 1.78
      vertex 10.1863 17.636 1.78
    endloop
  endfacet
  facet normal -0 0 1
    outer loop
      vertex 9.46822 18.1461 1.78
      vertex 9.60478 17.4596 1.78
      vertex 9.91844 18.2827 1.78
    endloop
  endfacet
  facet normal -0 0 1
    outer loop
      vertex 9 18.1 1.78
      vertex 9.60478 17.4596 1.78
      vertex 9.46822 18.1461 1.78
    endloop
  endfacet
  facet normal 0 0 1
    outer loop
      vertex 9 18.1 1.78
      vertex 9 17.4 1.78
      vertex 9.60478 17.4596 1.78
    endloop
  endfacet
  facet normal 0 0 1
    outer loop
      vertex 8.53178 18.1461 1.78
      vertex 9 17.4 1.78
      vertex 9 18.1 1.78
    endloop
  endfacet
  facet normal 0 0 1
    outer loop
      vertex 8.53178 18.1461 1.78
      vertex 8.39522 17.4596 1.78
      vertex 9 17.4 1.78
    endloop
  endfacet
  facet normal 0 0 1
    outer loop
      vertex 8.08156 18.2827 1.78
      vertex 8.39522 17.4596 1.78
      vertex 8.53178 18.1461 1.78
    endloop
  endfacet
  facet normal 0 0 1
    outer loop
      vertex 8.08156 18.2827 1.78
      vertex 7.81368 17.636 1.78
      vertex 8.39522 17.4596 1.78
    endloop
  endfacet
  facet normal 0 0 1
    outer loop
      vertex 7.66663 18.5045 1.78
      vertex 7.81368 17.636 1.78
      vertex 8.08156 18.2827 1.78
    endloop
  endfacet
  facet normal 0 0 1
    outer loop
      vertex 7.27773 17.9224 1.78
      vertex 7.66663 18.5045 1.78
      vertex 7.30294 18.8029 1.78
    endloop
  endfacet
  facet normal 0 0 1
    outer loop
      vertex 7.66663 18.5045 1.78
      vertex 7.27773 17.9224 1.78
      vertex 7.81368 17.636 1.78
    endloop
  endfacet
  facet normal 0 0 1
    outer loop
      vertex 6.80797 18.308 1.78
      vertex 7.30294 18.8029 1.78
      vertex 7.00447 19.1666 1.78
    endloop
  endfacet
  facet normal 0 0 1
    outer loop
      vertex 7.30294 18.8029 1.78
      vertex 6.80797 18.308 1.78
      vertex 7.27773 17.9224 1.78
    endloop
  endfacet
  facet normal 0 0 1
    outer loop
      vertex 6.42244 18.7777 1.78
      vertex 7.00447 19.1666 1.78
      vertex 6.78269 19.5816 1.78
    endloop
  endfacet
  facet normal 0 0 1
    outer loop
      vertex 6.13597 19.3137 1.78
      vertex 6.78269 19.5816 1.78
      vertex 6.64612 20.0318 1.78
    endloop
  endfacet
  facet normal 0 0 1
    outer loop
      vertex 5.95957 19.8952 1.78
      vertex 6.64612 20.0318 1.78
      vertex 6.6 20.5 1.78
    endloop
  endfacet
  facet normal -0 0 1
    outer loop
      vertex 5.95957 21.1048 1.78
      vertex 6.64612 20.9682 1.78
      vertex 6.13597 21.6863 1.78
    endloop
  endfacet
  facet normal 0 0 1
    outer loop
      vertex 7.00447 19.1666 1.78
      vertex 6.42244 18.7777 1.78
      vertex 6.80797 18.308 1.78
    endloop
  endfacet
  facet normal 0 0 1
    outer loop
      vertex 6.64612 20.9682 1.78
      vertex 5.95957 21.1048 1.78
      vertex 6.6 20.5 1.78
    endloop
  endfacet
  facet normal 0 0 1
    outer loop
      vertex 6.78269 19.5816 1.78
      vertex 6.13597 19.3137 1.78
      vertex 6.42244 18.7777 1.78
    endloop
  endfacet
  facet normal 0 0 1
    outer loop
      vertex 5.9 20.5 1.78
      vertex 6.6 20.5 1.78
      vertex 5.95957 21.1048 1.78
    endloop
  endfacet
  facet normal 0 0 1
    outer loop
      vertex 6.64612 20.0318 1.78
      vertex 5.95957 19.8952 1.78
      vertex 6.13597 19.3137 1.78
    endloop
  endfacet
  facet normal 0 0 1
    outer loop
      vertex 6.6 20.5 1.78
      vertex 5.9 20.5 1.78
      vertex 5.95957 19.8952 1.78
    endloop
  endfacet
  facet normal -0.63447 0.772948 0
    outer loop
      vertex 7.27773 23.0776 1.6
      vertex 6.80797 22.692 1.78
      vertex 7.27773 23.0776 1.78
    endloop
  endfacet
  facet normal -0.63447 0.772948 0
    outer loop
      vertex 6.80797 22.692 1.78
      vertex 7.27773 23.0776 1.6
      vertex 6.80797 22.692 1.6
    endloop
  endfacet
  facet normal 0.290281 0.956941 -0
    outer loop
      vertex 10.1863 23.364 1.6
      vertex 9.60478 23.5404 1.78
      vertex 10.1863 23.364 1.78
    endloop
  endfacet
  facet normal 0.290281 0.956941 0
    outer loop
      vertex 9.60478 23.5404 1.78
      vertex 10.1863 23.364 1.6
      vertex 9.60478 23.5404 1.6
    endloop
  endfacet
  facet normal -0.995184 0.0980211 0
    outer loop
      vertex 5.9 20.5 1.6
      vertex 5.95957 21.1048 1.78
      vertex 5.95957 21.1048 1.6
    endloop
  endfacet
  facet normal -0.995184 0.0980211 0
    outer loop
      vertex 5.95957 21.1048 1.78
      vertex 5.9 20.5 1.6
      vertex 5.9 20.5 1.78
    endloop
  endfacet
  facet normal 0.0980732 0.995179 -0
    outer loop
      vertex 9.60478 23.5404 1.6
      vertex 9 23.6 1.78
      vertex 9.60478 23.5404 1.78
    endloop
  endfacet
  facet normal 0.0980732 0.995179 0
    outer loop
      vertex 9 23.6 1.78
      vertex 9.60478 23.5404 1.6
      vertex 9 23.6 1.6
    endloop
  endfacet
  facet normal 0.471271 0.881988 -0
    outer loop
      vertex 10.7223 23.0776 1.6
      vertex 10.1863 23.364 1.78
      vertex 10.7223 23.0776 1.78
    endloop
  endfacet
  facet normal 0.471271 0.881988 0
    outer loop
      vertex 10.1863 23.364 1.78
      vertex 10.7223 23.0776 1.6
      vertex 10.1863 23.364 1.6
    endloop
  endfacet
  facet normal -0.772964 -0.63445 0
    outer loop
      vertex 6.80797 18.308 1.6
      vertex 6.42244 18.7777 1.78
      vertex 6.42244 18.7777 1.6
    endloop
  endfacet
  facet normal -0.772964 -0.63445 0
    outer loop
      vertex 6.42244 18.7777 1.78
      vertex 6.80797 18.308 1.6
      vertex 6.80797 18.308 1.78
    endloop
  endfacet
  facet normal -0.63447 -0.772948 0
    outer loop
      vertex 6.80797 18.308 1.6
      vertex 7.27773 17.9224 1.78
      vertex 6.80797 18.308 1.78
    endloop
  endfacet
  facet normal -0.63447 -0.772948 -0
    outer loop
      vertex 7.27773 17.9224 1.78
      vertex 6.80797 18.308 1.6
      vertex 7.27773 17.9224 1.6
    endloop
  endfacet
  facet normal -0.956939 0.290291 0
    outer loop
      vertex 5.95957 21.1048 1.6
      vertex 6.13597 21.6863 1.78
      vertex 6.13597 21.6863 1.6
    endloop
  endfacet
  facet normal -0.956939 0.290291 0
    outer loop
      vertex 6.13597 21.6863 1.78
      vertex 5.95957 21.1048 1.6
      vertex 5.95957 21.1048 1.78
    endloop
  endfacet
  facet normal -0.88194 0.471361 0
    outer loop
      vertex 6.13597 21.6863 1.6
      vertex 6.42244 22.2223 1.78
      vertex 6.42244 22.2223 1.6
    endloop
  endfacet
  facet normal -0.88194 0.471361 0
    outer loop
      vertex 6.42244 22.2223 1.78
      vertex 6.13597 21.6863 1.6
      vertex 6.13597 21.6863 1.78
    endloop
  endfacet
  facet normal -0.995184 -0.0980211 0
    outer loop
      vertex 5.95957 19.8952 1.6
      vertex 5.9 20.5 1.78
      vertex 5.9 20.5 1.6
    endloop
  endfacet
  facet normal -0.995184 -0.0980211 0
    outer loop
      vertex 5.9 20.5 1.78
      vertex 5.95957 19.8952 1.6
      vertex 5.95957 19.8952 1.78
    endloop
  endfacet
  facet normal 0.290291 -0.956939 0
    outer loop
      vertex 46.6048 1.45957 1.6
      vertex 47.1863 1.63597 1.78
      vertex 46.6048 1.45957 1.78
    endloop
  endfacet
  facet normal 0.290291 -0.956939 0
    outer loop
      vertex 47.1863 1.63597 1.78
      vertex 46.6048 1.45957 1.6
      vertex 47.1863 1.63597 1.6
    endloop
  endfacet
  facet normal 0.956944 0.290272 0
    outer loop
      vertex 49.0404 5.10478 1.78
      vertex 48.864 5.68632 1.6
      vertex 48.864 5.68632 1.78
    endloop
  endfacet
  facet normal 0.956944 0.290272 0
    outer loop
      vertex 48.864 5.68632 1.6
      vertex 49.0404 5.10478 1.78
      vertex 49.0404 5.10478 1.6
    endloop
  endfacet
  facet normal 0.995179 0.0980732 0
    outer loop
      vertex 49.1 4.5 1.78
      vertex 49.0404 5.10478 1.6
      vertex 49.0404 5.10478 1.78
    endloop
  endfacet
  facet normal 0.995179 0.0980732 0
    outer loop
      vertex 49.0404 5.10478 1.6
      vertex 49.1 4.5 1.78
      vertex 49.1 4.5 1.6
    endloop
  endfacet
  facet normal 0.88197 0.471306 0
    outer loop
      vertex 48.864 5.68632 1.78
      vertex 48.5776 6.22227 1.6
      vertex 48.5776 6.22227 1.78
    endloop
  endfacet
  facet normal 0.88197 0.471306 0
    outer loop
      vertex 48.5776 6.22227 1.6
      vertex 48.864 5.68632 1.78
      vertex 48.864 5.68632 1.6
    endloop
  endfacet
  facet normal 0.995179 -0.0980732 0
    outer loop
      vertex 49.0404 3.89522 1.78
      vertex 49.1 4.5 1.6
      vertex 49.1 4.5 1.78
    endloop
  endfacet
  facet normal 0.995179 -0.0980732 0
    outer loop
      vertex 49.1 4.5 1.6
      vertex 49.0404 3.89522 1.78
      vertex 49.0404 3.89522 1.6
    endloop
  endfacet
  facet normal -0.471361 -0.88194 0
    outer loop
      vertex 44.2777 1.92244 1.6
      vertex 44.8137 1.63597 1.78
      vertex 44.2777 1.92244 1.78
    endloop
  endfacet
  facet normal -0.471361 -0.88194 -0
    outer loop
      vertex 44.8137 1.63597 1.78
      vertex 44.2777 1.92244 1.6
      vertex 44.8137 1.63597 1.6
    endloop
  endfacet
  facet normal 0.63445 0.772964 -0
    outer loop
      vertex 48.192 6.69203 1.6
      vertex 47.7223 7.07756 1.78
      vertex 48.192 6.69203 1.78
    endloop
  endfacet
  facet normal 0.63445 0.772964 0
    outer loop
      vertex 47.7223 7.07756 1.78
      vertex 48.192 6.69203 1.6
      vertex 47.7223 7.07756 1.6
    endloop
  endfacet
  facet normal -0.0980211 0.995184 0
    outer loop
      vertex 46 7.6 1.6
      vertex 45.3952 7.54043 1.78
      vertex 46 7.6 1.78
    endloop
  endfacet
  facet normal -0.0980211 0.995184 0
    outer loop
      vertex 45.3952 7.54043 1.78
      vertex 46 7.6 1.6
      vertex 45.3952 7.54043 1.6
    endloop
  endfacet
  facet normal -0.88197 -0.471306 0
    outer loop
      vertex 43.4224 2.77773 1.6
      vertex 43.136 3.31368 1.78
      vertex 43.136 3.31368 1.6
    endloop
  endfacet
  facet normal -0.88197 -0.471306 0
    outer loop
      vertex 43.136 3.31368 1.78
      vertex 43.4224 2.77773 1.6
      vertex 43.4224 2.77773 1.78
    endloop
  endfacet
  facet normal 0.0980211 -0.995184 0
    outer loop
      vertex 46 1.4 1.6
      vertex 46.6048 1.45957 1.78
      vertex 46 1.4 1.78
    endloop
  endfacet
  facet normal 0.0980211 -0.995184 0
    outer loop
      vertex 46.6048 1.45957 1.78
      vertex 46 1.4 1.6
      vertex 46.6048 1.45957 1.6
    endloop
  endfacet
  facet normal 0.956944 -0.290272 0
    outer loop
      vertex 48.864 3.31368 1.78
      vertex 49.0404 3.89522 1.6
      vertex 49.0404 3.89522 1.78
    endloop
  endfacet
  facet normal 0.956944 -0.290272 0
    outer loop
      vertex 49.0404 3.89522 1.6
      vertex 48.864 3.31368 1.78
      vertex 48.864 3.31368 1.6
    endloop
  endfacet
  facet normal 0.772948 -0.63447 0
    outer loop
      vertex 48.192 2.30797 1.78
      vertex 48.5776 2.77773 1.6
      vertex 48.5776 2.77773 1.78
    endloop
  endfacet
  facet normal 0.772948 -0.63447 0
    outer loop
      vertex 48.5776 2.77773 1.6
      vertex 48.192 2.30797 1.78
      vertex 48.192 2.30797 1.6
    endloop
  endfacet
  facet normal 0.88197 -0.471306 0
    outer loop
      vertex 48.5776 2.77773 1.78
      vertex 48.864 3.31368 1.6
      vertex 48.864 3.31368 1.78
    endloop
  endfacet
  facet normal 0.88197 -0.471306 0
    outer loop
      vertex 48.864 3.31368 1.6
      vertex 48.5776 2.77773 1.78
      vertex 48.5776 2.77773 1.6
    endloop
  endfacet
  facet normal 0.471361 -0.88194 0
    outer loop
      vertex 47.1863 1.63597 1.6
      vertex 47.7223 1.92244 1.78
      vertex 47.1863 1.63597 1.78
    endloop
  endfacet
  facet normal 0.471361 -0.88194 0
    outer loop
      vertex 47.7223 1.92244 1.78
      vertex 47.1863 1.63597 1.6
      vertex 47.7223 1.92244 1.6
    endloop
  endfacet
  facet normal -0.956944 -0.290272 0
    outer loop
      vertex 43.136 3.31368 1.6
      vertex 42.9596 3.89522 1.78
      vertex 42.9596 3.89522 1.6
    endloop
  endfacet
  facet normal -0.956944 -0.290272 0
    outer loop
      vertex 42.9596 3.89522 1.78
      vertex 43.136 3.31368 1.6
      vertex 43.136 3.31368 1.78
    endloop
  endfacet
  facet normal -0.772948 0.63447 0
    outer loop
      vertex 43.4224 6.22227 1.6
      vertex 43.808 6.69203 1.78
      vertex 43.808 6.69203 1.6
    endloop
  endfacet
  facet normal -0.772948 0.63447 0
    outer loop
      vertex 43.808 6.69203 1.78
      vertex 43.4224 6.22227 1.6
      vertex 43.4224 6.22227 1.78
    endloop
  endfacet
  facet normal 0.772948 0.63447 0
    outer loop
      vertex 48.5776 6.22227 1.78
      vertex 48.192 6.69203 1.6
      vertex 48.192 6.69203 1.78
    endloop
  endfacet
  facet normal 0.772948 0.63447 0
    outer loop
      vertex 48.192 6.69203 1.6
      vertex 48.5776 6.22227 1.78
      vertex 48.5776 6.22227 1.6
    endloop
  endfacet
  facet normal -0.471361 0.88194 0
    outer loop
      vertex 44.8137 7.36403 1.6
      vertex 44.2777 7.07756 1.78
      vertex 44.8137 7.36403 1.78
    endloop
  endfacet
  facet normal -0.471361 0.88194 0
    outer loop
      vertex 44.2777 7.07756 1.78
      vertex 44.8137 7.36403 1.6
      vertex 44.2777 7.07756 1.6
    endloop
  endfacet
  facet normal -0.290291 0.956939 0
    outer loop
      vertex 45.3952 7.54043 1.6
      vertex 44.8137 7.36403 1.78
      vertex 45.3952 7.54043 1.78
    endloop
  endfacet
  facet normal -0.290291 0.956939 0
    outer loop
      vertex 44.8137 7.36403 1.78
      vertex 45.3952 7.54043 1.6
      vertex 44.8137 7.36403 1.6
    endloop
  endfacet
  facet normal -0.290291 -0.956939 0
    outer loop
      vertex 44.8137 1.63597 1.6
      vertex 45.3952 1.45957 1.78
      vertex 44.8137 1.63597 1.78
    endloop
  endfacet
  facet normal -0.290291 -0.956939 -0
    outer loop
      vertex 45.3952 1.45957 1.78
      vertex 44.8137 1.63597 1.6
      vertex 45.3952 1.45957 1.6
    endloop
  endfacet
  facet normal 0 0 1
    outer loop
      vertex 48.4 4.5 1.78
      vertex 49.1 4.5 1.78
      vertex 49.0404 5.10478 1.78
    endloop
  endfacet
  facet normal 0 0 1
    outer loop
      vertex 48.3539 4.96822 1.78
      vertex 49.0404 5.10478 1.78
      vertex 48.864 5.68632 1.78
    endloop
  endfacet
  facet normal 0 0 1
    outer loop
      vertex 49.1 4.5 1.78
      vertex 48.4 4.5 1.78
      vertex 49.0404 3.89522 1.78
    endloop
  endfacet
  facet normal 0 0 1
    outer loop
      vertex 48.2173 5.41844 1.78
      vertex 48.864 5.68632 1.78
      vertex 48.5776 6.22227 1.78
    endloop
  endfacet
  facet normal -0 0 1
    outer loop
      vertex 48.3539 4.03178 1.78
      vertex 49.0404 3.89522 1.78
      vertex 48.4 4.5 1.78
    endloop
  endfacet
  facet normal 0 0 1
    outer loop
      vertex 49.0404 3.89522 1.78
      vertex 48.3539 4.03178 1.78
      vertex 48.864 3.31368 1.78
    endloop
  endfacet
  facet normal 0 0 1
    outer loop
      vertex 49.0404 5.10478 1.78
      vertex 48.3539 4.96822 1.78
      vertex 48.4 4.5 1.78
    endloop
  endfacet
  facet normal 0 0 1
    outer loop
      vertex 48.864 5.68632 1.78
      vertex 48.2173 5.41844 1.78
      vertex 48.3539 4.96822 1.78
    endloop
  endfacet
  facet normal 0 0 1
    outer loop
      vertex 47.9955 5.83337 1.78
      vertex 48.5776 6.22227 1.78
      vertex 48.192 6.69203 1.78
    endloop
  endfacet
  facet normal 0 0 1
    outer loop
      vertex 48.5776 6.22227 1.78
      vertex 47.9955 5.83337 1.78
      vertex 48.2173 5.41844 1.78
    endloop
  endfacet
  facet normal 0 0 1
    outer loop
      vertex 47.6971 6.19706 1.78
      vertex 48.192 6.69203 1.78
      vertex 47.7223 7.07756 1.78
    endloop
  endfacet
  facet normal 0 0 1
    outer loop
      vertex 48.192 6.69203 1.78
      vertex 47.6971 6.19706 1.78
      vertex 47.9955 5.83337 1.78
    endloop
  endfacet
  facet normal 0 0 1
    outer loop
      vertex 47.7223 7.07756 1.78
      vertex 47.3334 6.49553 1.78
      vertex 47.6971 6.19706 1.78
    endloop
  endfacet
  facet normal 0 0 1
    outer loop
      vertex 47.1863 7.36403 1.78
      vertex 47.3334 6.49553 1.78
      vertex 47.7223 7.07756 1.78
    endloop
  endfacet
  facet normal 0 0 1
    outer loop
      vertex 47.1863 7.36403 1.78
      vertex 46.9184 6.71731 1.78
      vertex 47.3334 6.49553 1.78
    endloop
  endfacet
  facet normal 0 0 1
    outer loop
      vertex 46.6048 7.54043 1.78
      vertex 46.9184 6.71731 1.78
      vertex 47.1863 7.36403 1.78
    endloop
  endfacet
  facet normal 0 0 1
    outer loop
      vertex 46.6048 7.54043 1.78
      vertex 46.4682 6.85388 1.78
      vertex 46.9184 6.71731 1.78
    endloop
  endfacet
  facet normal 0 0 1
    outer loop
      vertex 46 7.6 1.78
      vertex 46.4682 6.85388 1.78
      vertex 46.6048 7.54043 1.78
    endloop
  endfacet
  facet normal 0 0 1
    outer loop
      vertex 46 7.6 1.78
      vertex 46 6.9 1.78
      vertex 46.4682 6.85388 1.78
    endloop
  endfacet
  facet normal 0 0 1
    outer loop
      vertex 46 7.6 1.78
      vertex 45.5318 6.85388 1.78
      vertex 46 6.9 1.78
    endloop
  endfacet
  facet normal -0 0 1
    outer loop
      vertex 45.3952 7.54043 1.78
      vertex 45.5318 6.85388 1.78
      vertex 46 7.6 1.78
    endloop
  endfacet
  facet normal 0 0 1
    outer loop
      vertex 45.3952 7.54043 1.78
      vertex 45.0816 6.71731 1.78
      vertex 45.5318 6.85388 1.78
    endloop
  endfacet
  facet normal -0 0 1
    outer loop
      vertex 44.8137 7.36403 1.78
      vertex 45.0816 6.71731 1.78
      vertex 45.3952 7.54043 1.78
    endloop
  endfacet
  facet normal 0 0 1
    outer loop
      vertex 44.8137 7.36403 1.78
      vertex 44.6666 6.49553 1.78
      vertex 45.0816 6.71731 1.78
    endloop
  endfacet
  facet normal -0 0 1
    outer loop
      vertex 44.2777 7.07756 1.78
      vertex 44.6666 6.49553 1.78
      vertex 44.8137 7.36403 1.78
    endloop
  endfacet
  facet normal 0 0 1
    outer loop
      vertex 44.6666 6.49553 1.78
      vertex 44.2777 7.07756 1.78
      vertex 44.3029 6.19706 1.78
    endloop
  endfacet
  facet normal -0 0 1
    outer loop
      vertex 43.808 6.69203 1.78
      vertex 44.3029 6.19706 1.78
      vertex 44.2777 7.07756 1.78
    endloop
  endfacet
  facet normal 0 0 1
    outer loop
      vertex 44.3029 6.19706 1.78
      vertex 43.808 6.69203 1.78
      vertex 44.0045 5.83337 1.78
    endloop
  endfacet
  facet normal -0 0 1
    outer loop
      vertex 43.4224 6.22227 1.78
      vertex 44.0045 5.83337 1.78
      vertex 43.808 6.69203 1.78
    endloop
  endfacet
  facet normal 0 0 1
    outer loop
      vertex 44.0045 5.83337 1.78
      vertex 43.4224 6.22227 1.78
      vertex 43.7827 5.41844 1.78
    endloop
  endfacet
  facet normal -0 0 1
    outer loop
      vertex 43.136 5.68632 1.78
      vertex 43.7827 5.41844 1.78
      vertex 43.4224 6.22227 1.78
    endloop
  endfacet
  facet normal 0 0 1
    outer loop
      vertex 43.7827 5.41844 1.78
      vertex 43.136 5.68632 1.78
      vertex 43.6461 4.96822 1.78
    endloop
  endfacet
  facet normal -0 0 1
    outer loop
      vertex 48.2173 3.58156 1.78
      vertex 48.864 3.31368 1.78
      vertex 48.3539 4.03178 1.78
    endloop
  endfacet
  facet normal 0 0 1
    outer loop
      vertex 48.864 3.31368 1.78
      vertex 48.2173 3.58156 1.78
      vertex 48.5776 2.77773 1.78
    endloop
  endfacet
  facet normal -0 0 1
    outer loop
      vertex 47.9955 3.16663 1.78
      vertex 48.5776 2.77773 1.78
      vertex 48.2173 3.58156 1.78
    endloop
  endfacet
  facet normal 0 0 1
    outer loop
      vertex 48.5776 2.77773 1.78
      vertex 47.9955 3.16663 1.78
      vertex 48.192 2.30797 1.78
    endloop
  endfacet
  facet normal -0 0 1
    outer loop
      vertex 47.6971 2.80294 1.78
      vertex 48.192 2.30797 1.78
      vertex 47.9955 3.16663 1.78
    endloop
  endfacet
  facet normal 0 0 1
    outer loop
      vertex 48.192 2.30797 1.78
      vertex 47.6971 2.80294 1.78
      vertex 47.7223 1.92244 1.78
    endloop
  endfacet
  facet normal -0 0 1
    outer loop
      vertex 47.3334 2.50447 1.78
      vertex 47.7223 1.92244 1.78
      vertex 47.6971 2.80294 1.78
    endloop
  endfacet
  facet normal 0 0 1
    outer loop
      vertex 47.3334 2.50447 1.78
      vertex 47.1863 1.63597 1.78
      vertex 47.7223 1.92244 1.78
    endloop
  endfacet
  facet normal -0 0 1
    outer loop
      vertex 46.9184 2.28269 1.78
      vertex 47.1863 1.63597 1.78
      vertex 47.3334 2.50447 1.78
    endloop
  endfacet
  facet normal 0 0 1
    outer loop
      vertex 46.9184 2.28269 1.78
      vertex 46.6048 1.45957 1.78
      vertex 47.1863 1.63597 1.78
    endloop
  endfacet
  facet normal -0 0 1
    outer loop
      vertex 46.4682 2.14612 1.78
      vertex 46.6048 1.45957 1.78
      vertex 46.9184 2.28269 1.78
    endloop
  endfacet
  facet normal -0 0 1
    outer loop
      vertex 46 2.1 1.78
      vertex 46.6048 1.45957 1.78
      vertex 46.4682 2.14612 1.78
    endloop
  endfacet
  facet normal 0 0 1
    outer loop
      vertex 46 2.1 1.78
      vertex 46 1.4 1.78
      vertex 46.6048 1.45957 1.78
    endloop
  endfacet
  facet normal 0 0 1
    outer loop
      vertex 45.5318 2.14612 1.78
      vertex 46 1.4 1.78
      vertex 46 2.1 1.78
    endloop
  endfacet
  facet normal 0 0 1
    outer loop
      vertex 45.5318 2.14612 1.78
      vertex 45.3952 1.45957 1.78
      vertex 46 1.4 1.78
    endloop
  endfacet
  facet normal 0 0 1
    outer loop
      vertex 45.0816 2.28269 1.78
      vertex 45.3952 1.45957 1.78
      vertex 45.5318 2.14612 1.78
    endloop
  endfacet
  facet normal 0 0 1
    outer loop
      vertex 45.0816 2.28269 1.78
      vertex 44.8137 1.63597 1.78
      vertex 45.3952 1.45957 1.78
    endloop
  endfacet
  facet normal 0 0 1
    outer loop
      vertex 44.6666 2.50447 1.78
      vertex 44.8137 1.63597 1.78
      vertex 45.0816 2.28269 1.78
    endloop
  endfacet
  facet normal 0 0 1
    outer loop
      vertex 44.2777 1.92244 1.78
      vertex 44.6666 2.50447 1.78
      vertex 44.3029 2.80294 1.78
    endloop
  endfacet
  facet normal 0 0 1
    outer loop
      vertex 44.6666 2.50447 1.78
      vertex 44.2777 1.92244 1.78
      vertex 44.8137 1.63597 1.78
    endloop
  endfacet
  facet normal 0 0 1
    outer loop
      vertex 43.808 2.30797 1.78
      vertex 44.3029 2.80294 1.78
      vertex 44.0045 3.16663 1.78
    endloop
  endfacet
  facet normal 0 0 1
    outer loop
      vertex 44.3029 2.80294 1.78
      vertex 43.808 2.30797 1.78
      vertex 44.2777 1.92244 1.78
    endloop
  endfacet
  facet normal 0 0 1
    outer loop
      vertex 43.4224 2.77773 1.78
      vertex 44.0045 3.16663 1.78
      vertex 43.7827 3.58156 1.78
    endloop
  endfacet
  facet normal 0 0 1
    outer loop
      vertex 43.136 3.31368 1.78
      vertex 43.7827 3.58156 1.78
      vertex 43.6461 4.03178 1.78
    endloop
  endfacet
  facet normal 0 0 1
    outer loop
      vertex 42.9596 3.89522 1.78
      vertex 43.6461 4.03178 1.78
      vertex 43.6 4.5 1.78
    endloop
  endfacet
  facet normal -0 0 1
    outer loop
      vertex 42.9596 5.10478 1.78
      vertex 43.6461 4.96822 1.78
      vertex 43.136 5.68632 1.78
    endloop
  endfacet
  facet normal 0 0 1
    outer loop
      vertex 44.0045 3.16663 1.78
      vertex 43.4224 2.77773 1.78
      vertex 43.808 2.30797 1.78
    endloop
  endfacet
  facet normal 0 0 1
    outer loop
      vertex 43.6461 4.96822 1.78
      vertex 42.9596 5.10478 1.78
      vertex 43.6 4.5 1.78
    endloop
  endfacet
  facet normal 0 0 1
    outer loop
      vertex 43.7827 3.58156 1.78
      vertex 43.136 3.31368 1.78
      vertex 43.4224 2.77773 1.78
    endloop
  endfacet
  facet normal 0 0 1
    outer loop
      vertex 42.9 4.5 1.78
      vertex 43.6 4.5 1.78
      vertex 42.9596 5.10478 1.78
    endloop
  endfacet
  facet normal 0 0 1
    outer loop
      vertex 43.6461 4.03178 1.78
      vertex 42.9596 3.89522 1.78
      vertex 43.136 3.31368 1.78
    endloop
  endfacet
  facet normal 0 0 1
    outer loop
      vertex 43.6 4.5 1.78
      vertex 42.9 4.5 1.78
      vertex 42.9596 3.89522 1.78
    endloop
  endfacet
  facet normal -0.63445 0.772964 0
    outer loop
      vertex 44.2777 7.07756 1.6
      vertex 43.808 6.69203 1.78
      vertex 44.2777 7.07756 1.78
    endloop
  endfacet
  facet normal -0.63445 0.772964 0
    outer loop
      vertex 43.808 6.69203 1.78
      vertex 44.2777 7.07756 1.6
      vertex 43.808 6.69203 1.6
    endloop
  endfacet
  facet normal 0.290291 0.956939 -0
    outer loop
      vertex 47.1863 7.36403 1.6
      vertex 46.6048 7.54043 1.78
      vertex 47.1863 7.36403 1.78
    endloop
  endfacet
  facet normal 0.290291 0.956939 0
    outer loop
      vertex 46.6048 7.54043 1.78
      vertex 47.1863 7.36403 1.6
      vertex 46.6048 7.54043 1.6
    endloop
  endfacet
  facet normal 0.63445 -0.772964 0
    outer loop
      vertex 47.7223 1.92244 1.6
      vertex 48.192 2.30797 1.78
      vertex 47.7223 1.92244 1.78
    endloop
  endfacet
  facet normal 0.63445 -0.772964 0
    outer loop
      vertex 48.192 2.30797 1.78
      vertex 47.7223 1.92244 1.6
      vertex 48.192 2.30797 1.6
    endloop
  endfacet
  facet normal -0.995179 0.0980732 0
    outer loop
      vertex 42.9 4.5 1.6
      vertex 42.9596 5.10478 1.78
      vertex 42.9596 5.10478 1.6
    endloop
  endfacet
  facet normal -0.995179 0.0980732 0
    outer loop
      vertex 42.9596 5.10478 1.78
      vertex 42.9 4.5 1.6
      vertex 42.9 4.5 1.78
    endloop
  endfacet
  facet normal 0.0980211 0.995184 -0
    outer loop
      vertex 46.6048 7.54043 1.6
      vertex 46 7.6 1.78
      vertex 46.6048 7.54043 1.78
    endloop
  endfacet
  facet normal 0.0980211 0.995184 0
    outer loop
      vertex 46 7.6 1.78
      vertex 46.6048 7.54043 1.6
      vertex 46 7.6 1.6
    endloop
  endfacet
  facet normal 0.471361 0.88194 -0
    outer loop
      vertex 47.7223 7.07756 1.6
      vertex 47.1863 7.36403 1.78
      vertex 47.7223 7.07756 1.78
    endloop
  endfacet
  facet normal 0.471361 0.88194 0
    outer loop
      vertex 47.1863 7.36403 1.78
      vertex 47.7223 7.07756 1.6
      vertex 47.1863 7.36403 1.6
    endloop
  endfacet
  facet normal -0.772948 -0.63447 0
    outer loop
      vertex 43.808 2.30797 1.6
      vertex 43.4224 2.77773 1.78
      vertex 43.4224 2.77773 1.6
    endloop
  endfacet
  facet normal -0.772948 -0.63447 0
    outer loop
      vertex 43.4224 2.77773 1.78
      vertex 43.808 2.30797 1.6
      vertex 43.808 2.30797 1.78
    endloop
  endfacet
  facet normal -0.0980211 -0.995184 0
    outer loop
      vertex 45.3952 1.45957 1.6
      vertex 46 1.4 1.78
      vertex 45.3952 1.45957 1.78
    endloop
  endfacet
  facet normal -0.0980211 -0.995184 -0
    outer loop
      vertex 46 1.4 1.78
      vertex 45.3952 1.45957 1.6
      vertex 46 1.4 1.6
    endloop
  endfacet
  facet normal -0.63445 -0.772964 0
    outer loop
      vertex 43.808 2.30797 1.6
      vertex 44.2777 1.92244 1.78
      vertex 43.808 2.30797 1.78
    endloop
  endfacet
  facet normal -0.63445 -0.772964 -0
    outer loop
      vertex 44.2777 1.92244 1.78
      vertex 43.808 2.30797 1.6
      vertex 44.2777 1.92244 1.6
    endloop
  endfacet
  facet normal -0.956944 0.290272 0
    outer loop
      vertex 42.9596 5.10478 1.6
      vertex 43.136 5.68632 1.78
      vertex 43.136 5.68632 1.6
    endloop
  endfacet
  facet normal -0.956944 0.290272 0
    outer loop
      vertex 43.136 5.68632 1.78
      vertex 42.9596 5.10478 1.6
      vertex 42.9596 5.10478 1.78
    endloop
  endfacet
  facet normal -0.88197 0.471306 0
    outer loop
      vertex 43.136 5.68632 1.6
      vertex 43.4224 6.22227 1.78
      vertex 43.4224 6.22227 1.6
    endloop
  endfacet
  facet normal -0.88197 0.471306 0
    outer loop
      vertex 43.4224 6.22227 1.78
      vertex 43.136 5.68632 1.6
      vertex 43.136 5.68632 1.78
    endloop
  endfacet
  facet normal -0.995179 -0.0980732 0
    outer loop
      vertex 42.9596 3.89522 1.6
      vertex 42.9 4.5 1.78
      vertex 42.9 4.5 1.6
    endloop
  endfacet
  facet normal -0.995179 -0.0980732 0
    outer loop
      vertex 42.9 4.5 1.78
      vertex 42.9596 3.89522 1.6
      vertex 42.9596 3.89522 1.78
    endloop
  endfacet
  facet normal 1 -0 0
    outer loop
      vertex 11.6 7.82 15.11
      vertex 11.6 8.18 15
      vertex 11.6 8.18 15.11
    endloop
  endfacet
  facet normal 1 0 0
    outer loop
      vertex 11.6 8.18 15
      vertex 11.6 7.82 15.11
      vertex 11.6 7.82 15
    endloop
  endfacet
  facet normal -0 0 1
    outer loop
      vertex 5.4 8.18 15.11
      vertex 8.32 7.82 15.11
      vertex 8.32 8.18 15.11
    endloop
  endfacet
  facet normal 0 0 1
    outer loop
      vertex 8.32 7.82 15.11
      vertex 5.4 8.18 15.11
      vertex 5.4 7.82 15.11
    endloop
  endfacet
  facet normal 0 0 1
    outer loop
      vertex 8.32 8.18 15.11
      vertex 8.68 8.18 15.11
      vertex 8.68 11.1 15.11
    endloop
  endfacet
  facet normal 0 0 1
    outer loop
      vertex 8.68 8.18 15.11
      vertex 8.32 8.18 15.11
      vertex 8.68 7.82 15.11
    endloop
  endfacet
  facet normal 0 0 1
    outer loop
      vertex 8.32 8.18 15.11
      vertex 8.68 11.1 15.11
      vertex 8.32 11.1 15.11
    endloop
  endfacet
  facet normal 0 0 1
    outer loop
      vertex 8.32 7.82 15.11
      vertex 8.68 7.82 15.11
      vertex 8.32 8.18 15.11
    endloop
  endfacet
  facet normal 0 0 1
    outer loop
      vertex 8.68 7.82 15.11
      vertex 8.32 7.82 15.11
      vertex 8.68 4.9 15.11
    endloop
  endfacet
  facet normal 0 0 1
    outer loop
      vertex 8.68 4.9 15.11
      vertex 8.32 7.82 15.11
      vertex 8.32 4.9 15.11
    endloop
  endfacet
  facet normal -0 0 1
    outer loop
      vertex 8.68 8.18 15.11
      vertex 11.6 7.82 15.11
      vertex 11.6 8.18 15.11
    endloop
  endfacet
  facet normal 0 0 1
    outer loop
      vertex 11.6 7.82 15.11
      vertex 8.68 8.18 15.11
      vertex 8.68 7.82 15.11
    endloop
  endfacet
  facet normal -1 0 0
    outer loop
      vertex 5.4 7.82 15
      vertex 5.4 8.18 15.11
      vertex 5.4 8.18 15
    endloop
  endfacet
  facet normal -1 -0 0
    outer loop
      vertex 5.4 8.18 15.11
      vertex 5.4 7.82 15
      vertex 5.4 7.82 15.11
    endloop
  endfacet
  facet normal 0 1 -0
    outer loop
      vertex 8.32 8.18 15
      vertex 5.4 8.18 15.11
      vertex 8.32 8.18 15.11
    endloop
  endfacet
  facet normal 0 1 0
    outer loop
      vertex 5.4 8.18 15.11
      vertex 8.32 8.18 15
      vertex 5.4 8.18 15
    endloop
  endfacet
  facet normal 0 1 -0
    outer loop
      vertex 11.6 8.18 15
      vertex 8.68 8.18 15.11
      vertex 11.6 8.18 15.11
    endloop
  endfacet
  facet normal 0 1 0
    outer loop
      vertex 8.68 8.18 15.11
      vertex 11.6 8.18 15
      vertex 8.68 8.18 15
    endloop
  endfacet
  facet normal 0 -1 0
    outer loop
      vertex 5.4 7.82 15
      vertex 8.32 7.82 15.11
      vertex 5.4 7.82 15.11
    endloop
  endfacet
  facet normal 0 -1 -0
    outer loop
      vertex 8.32 7.82 15.11
      vertex 5.4 7.82 15
      vertex 8.32 7.82 15
    endloop
  endfacet
  facet normal 0 -1 0
    outer loop
      vertex 8.68 7.82 15
      vertex 11.6 7.82 15.11
      vertex 8.68 7.82 15.11
    endloop
  endfacet
  facet normal 0 -1 -0
    outer loop
      vertex 11.6 7.82 15.11
      vertex 8.68 7.82 15
      vertex 11.6 7.82 15
    endloop
  endfacet
  facet normal 1 -0 0
    outer loop
      vertex 8.68 8.18 15.11
      vertex 8.68 11.1 15
      vertex 8.68 11.1 15.11
    endloop
  endfacet
  facet normal 1 0 0
    outer loop
      vertex 8.68 11.1 15
      vertex 8.68 8.18 15.11
      vertex 8.68 8.18 15
    endloop
  endfacet
  facet normal 1 -0 0
    outer loop
      vertex 8.68 4.9 15.11
      vertex 8.68 7.82 15
      vertex 8.68 7.82 15.11
    endloop
  endfacet
  facet normal 1 0 0
    outer loop
      vertex 8.68 7.82 15
      vertex 8.68 4.9 15.11
      vertex 8.68 4.9 15
    endloop
  endfacet
  facet normal -1 0 0
    outer loop
      vertex 8.32 8.18 15
      vertex 8.32 11.1 15.11
      vertex 8.32 11.1 15
    endloop
  endfacet
  facet normal -1 -0 0
    outer loop
      vertex 8.32 11.1 15.11
      vertex 8.32 8.18 15
      vertex 8.32 8.18 15.11
    endloop
  endfacet
  facet normal -1 0 0
    outer loop
      vertex 8.32 4.9 15
      vertex 8.32 7.82 15.11
      vertex 8.32 7.82 15
    endloop
  endfacet
  facet normal -1 -0 0
    outer loop
      vertex 8.32 7.82 15.11
      vertex 8.32 4.9 15
      vertex 8.32 4.9 15.11
    endloop
  endfacet
  facet normal 0 1 -0
    outer loop
      vertex 8.68 11.1 15
      vertex 8.32 11.1 15.11
      vertex 8.68 11.1 15.11
    endloop
  endfacet
  facet normal 0 1 0
    outer loop
      vertex 8.32 11.1 15.11
      vertex 8.68 11.1 15
      vertex 8.32 11.1 15
    endloop
  endfacet
  facet normal 0 -1 0
    outer loop
      vertex 8.32 4.9 15
      vertex 8.68 4.9 15.11
      vertex 8.32 4.9 15.11
    endloop
  endfacet
  facet normal 0 -1 -0
    outer loop
      vertex 8.68 4.9 15.11
      vertex 8.32 4.9 15
      vertex 8.68 4.9 15
    endloop
  endfacet
  facet normal 0.290281 -0.956941 0
    outer loop
      vertex 9.49496 2.99799 1.6
      vertex 10.4517 3.28821 14.45
      vertex 9.49496 2.99799 14.45
    endloop
  endfacet
  facet normal 0.290281 -0.956941 0
    outer loop
      vertex 10.4517 3.28821 14.45
      vertex 9.49496 2.99799 1.6
      vertex 10.4517 3.28821 1.6
    endloop
  endfacet
  facet normal 0.956945 0.290268 0
    outer loop
      vertex 13.502 8.99496 14.45
      vertex 13.2118 9.95168 1.6
      vertex 13.2118 9.95168 14.45
    endloop
  endfacet
  facet normal 0.956945 0.290268 0
    outer loop
      vertex 13.2118 9.95168 1.6
      vertex 13.502 8.99496 14.45
      vertex 13.502 8.99496 1.6
    endloop
  endfacet
  facet normal 0.995184 0.0980221 0
    outer loop
      vertex 13.6 8 14.45
      vertex 13.502 8.99496 1.6
      vertex 13.502 8.99496 14.45
    endloop
  endfacet
  facet normal 0.995184 0.0980221 0
    outer loop
      vertex 13.502 8.99496 1.6
      vertex 13.6 8 14.45
      vertex 13.6 8 1.6
    endloop
  endfacet
  facet normal 0.881917 0.471405 0
    outer loop
      vertex 13.2118 9.95168 14.45
      vertex 12.7405 10.8334 1.6
      vertex 12.7405 10.8334 14.45
    endloop
  endfacet
  facet normal 0.881917 0.471405 0
    outer loop
      vertex 12.7405 10.8334 1.6
      vertex 13.2118 9.95168 14.45
      vertex 13.2118 9.95168 1.6
    endloop
  endfacet
  facet normal 0.995184 -0.0980221 0
    outer loop
      vertex 13.502 7.00504 14.45
      vertex 13.6 8 1.6
      vertex 13.6 8 14.45
    endloop
  endfacet
  facet normal 0.995184 -0.0980221 0
    outer loop
      vertex 13.6 8 1.6
      vertex 13.502 7.00504 14.45
      vertex 13.502 7.00504 1.6
    endloop
  endfacet
  facet normal -0.471397 -0.881921 0
    outer loop
      vertex 5.66659 3.7595 1.6
      vertex 6.54831 3.28821 14.45
      vertex 5.66659 3.7595 14.45
    endloop
  endfacet
  facet normal -0.471397 -0.881921 -0
    outer loop
      vertex 6.54831 3.28821 14.45
      vertex 5.66659 3.7595 1.6
      vertex 6.54831 3.28821 1.6
    endloop
  endfacet
  facet normal 0.634441 0.772971 -0
    outer loop
      vertex 12.1062 11.6062 1.6
      vertex 11.3334 12.2405 14.45
      vertex 12.1062 11.6062 14.45
    endloop
  endfacet
  facet normal 0.634441 0.772971 0
    outer loop
      vertex 11.3334 12.2405 14.45
      vertex 12.1062 11.6062 1.6
      vertex 11.3334 12.2405 1.6
    endloop
  endfacet
  facet normal -0.0980221 0.995184 0
    outer loop
      vertex 8.5 13.1 1.6
      vertex 7.50504 13.002 14.45
      vertex 8.5 13.1 14.45
    endloop
  endfacet
  facet normal -0.0980221 0.995184 0
    outer loop
      vertex 7.50504 13.002 14.45
      vertex 8.5 13.1 1.6
      vertex 7.50504 13.002 1.6
    endloop
  endfacet
  facet normal -0.881921 -0.471397 0
    outer loop
      vertex 4.2595 5.16659 1.6
      vertex 3.78821 6.04831 14.45
      vertex 3.78821 6.04831 1.6
    endloop
  endfacet
  facet normal -0.881921 -0.471397 0
    outer loop
      vertex 3.78821 6.04831 14.45
      vertex 4.2595 5.16659 1.6
      vertex 4.2595 5.16659 14.45
    endloop
  endfacet
  facet normal 0.0980122 -0.995185 0
    outer loop
      vertex 8.5 2.9 1.6
      vertex 9.49496 2.99799 14.45
      vertex 8.5 2.9 14.45
    endloop
  endfacet
  facet normal 0.0980122 -0.995185 0
    outer loop
      vertex 9.49496 2.99799 14.45
      vertex 8.5 2.9 1.6
      vertex 9.49496 2.99799 1.6
    endloop
  endfacet
  facet normal 0.956946 -0.290266 0
    outer loop
      vertex 13.2118 6.04831 14.45
      vertex 13.502 7.00504 1.6
      vertex 13.502 7.00504 14.45
    endloop
  endfacet
  facet normal 0.956946 -0.290266 0
    outer loop
      vertex 13.502 7.00504 1.6
      vertex 13.2118 6.04831 14.45
      vertex 13.2118 6.04831 1.6
    endloop
  endfacet
  facet normal 0.772988 -0.634421 0
    outer loop
      vertex 12.1062 4.39375 14.45
      vertex 12.7405 5.16659 1.6
      vertex 12.7405 5.16659 14.45
    endloop
  endfacet
  facet normal 0.772988 -0.634421 0
    outer loop
      vertex 12.7405 5.16659 1.6
      vertex 12.1062 4.39375 14.45
      vertex 12.1062 4.39375 1.6
    endloop
  endfacet
  facet normal -0.0980122 -0.995185 0
    outer loop
      vertex 7.50504 2.99799 1.6
      vertex 8.5 2.9 14.45
      vertex 7.50504 2.99799 14.45
    endloop
  endfacet
  facet normal -0.0980122 -0.995185 -0
    outer loop
      vertex 8.5 2.9 14.45
      vertex 7.50504 2.99799 1.6
      vertex 8.5 2.9 1.6
    endloop
  endfacet
  facet normal 0.881917 -0.471405 0
    outer loop
      vertex 12.7405 5.16659 14.45
      vertex 13.2118 6.04831 1.6
      vertex 13.2118 6.04831 14.45
    endloop
  endfacet
  facet normal 0.881917 -0.471405 0
    outer loop
      vertex 13.2118 6.04831 1.6
      vertex 12.7405 5.16659 14.45
      vertex 12.7405 5.16659 1.6
    endloop
  endfacet
  facet normal 0.471406 -0.881916 0
    outer loop
      vertex 10.4517 3.28821 1.6
      vertex 11.3334 3.7595 14.45
      vertex 10.4517 3.28821 14.45
    endloop
  endfacet
  facet normal 0.471406 -0.881916 0
    outer loop
      vertex 11.3334 3.7595 14.45
      vertex 10.4517 3.28821 1.6
      vertex 11.3334 3.7595 1.6
    endloop
  endfacet
  facet normal -0.956941 -0.290284 0
    outer loop
      vertex 3.78821 6.04831 1.6
      vertex 3.49799 7.00504 14.45
      vertex 3.49799 7.00504 1.6
    endloop
  endfacet
  facet normal -0.956941 -0.290284 0
    outer loop
      vertex 3.49799 7.00504 14.45
      vertex 3.78821 6.04831 1.6
      vertex 3.78821 6.04831 14.45
    endloop
  endfacet
  facet normal -0.772996 0.634411 0
    outer loop
      vertex 4.2595 10.8334 1.6
      vertex 4.89375 11.6062 14.45
      vertex 4.89375 11.6062 1.6
    endloop
  endfacet
  facet normal -0.772996 0.634411 0
    outer loop
      vertex 4.89375 11.6062 14.45
      vertex 4.2595 10.8334 1.6
      vertex 4.2595 10.8334 14.45
    endloop
  endfacet
  facet normal 0.772971 0.634441 0
    outer loop
      vertex 12.7405 10.8334 14.45
      vertex 12.1062 11.6062 1.6
      vertex 12.1062 11.6062 14.45
    endloop
  endfacet
  facet normal 0.772971 0.634441 0
    outer loop
      vertex 12.1062 11.6062 1.6
      vertex 12.7405 10.8334 14.45
      vertex 12.7405 10.8334 1.6
    endloop
  endfacet
  facet normal -0.471405 0.881917 0
    outer loop
      vertex 6.54831 12.7118 1.6
      vertex 5.66659 12.2405 14.45
      vertex 6.54831 12.7118 14.45
    endloop
  endfacet
  facet normal -0.471405 0.881917 0
    outer loop
      vertex 5.66659 12.2405 14.45
      vertex 6.54831 12.7118 1.6
      vertex 5.66659 12.2405 1.6
    endloop
  endfacet
  facet normal -0.290266 0.956946 0
    outer loop
      vertex 7.50504 13.002 1.6
      vertex 6.54831 12.7118 14.45
      vertex 7.50504 13.002 14.45
    endloop
  endfacet
  facet normal -0.290266 0.956946 0
    outer loop
      vertex 6.54831 12.7118 14.45
      vertex 7.50504 13.002 1.6
      vertex 6.54831 12.7118 1.6
    endloop
  endfacet
  facet normal -0.290284 -0.956941 0
    outer loop
      vertex 6.54831 3.28821 1.6
      vertex 7.50504 2.99799 14.45
      vertex 6.54831 3.28821 14.45
    endloop
  endfacet
  facet normal -0.290284 -0.956941 -0
    outer loop
      vertex 7.50504 2.99799 14.45
      vertex 6.54831 3.28821 1.6
      vertex 7.50504 2.99799 1.6
    endloop
  endfacet
  facet normal 0 0 1
    outer loop
      vertex 13.3 8 14.45
      vertex 13.6 8 14.45
      vertex 13.502 8.99496 14.45
    endloop
  endfacet
  facet normal 0 0 1
    outer loop
      vertex 13.6 8 14.45
      vertex 13.3 8 14.45
      vertex 13.502 7.00504 14.45
    endloop
  endfacet
  facet normal 0 0 1
    outer loop
      vertex 13.2078 8.93643 14.45
      vertex 13.502 8.99496 14.45
      vertex 13.2118 9.95168 14.45
    endloop
  endfacet
  facet normal 0 0 1
    outer loop
      vertex 13.502 8.99496 14.45
      vertex 13.2078 8.93643 14.45
      vertex 13.3 8 14.45
    endloop
  endfacet
  facet normal 0 0 1
    outer loop
      vertex 13.2118 9.95168 14.45
      vertex 12.9346 9.83688 14.45
      vertex 13.2078 8.93643 14.45
    endloop
  endfacet
  facet normal 0 0 1
    outer loop
      vertex 12.7405 10.8334 14.45
      vertex 12.9346 9.83688 14.45
      vertex 13.2118 9.95168 14.45
    endloop
  endfacet
  facet normal 0 0 1
    outer loop
      vertex 12.7405 10.8334 14.45
      vertex 12.4911 10.6667 14.45
      vertex 12.9346 9.83688 14.45
    endloop
  endfacet
  facet normal 0 0 1
    outer loop
      vertex 12.1062 11.6062 14.45
      vertex 12.4911 10.6667 14.45
      vertex 12.7405 10.8334 14.45
    endloop
  endfacet
  facet normal 0 0 1
    outer loop
      vertex 12.1062 11.6062 14.45
      vertex 11.8941 11.3941 14.45
      vertex 12.4911 10.6667 14.45
    endloop
  endfacet
  facet normal 0 0 1
    outer loop
      vertex 11.3334 12.2405 14.45
      vertex 11.8941 11.3941 14.45
      vertex 12.1062 11.6062 14.45
    endloop
  endfacet
  facet normal 0 0 1
    outer loop
      vertex 11.3334 12.2405 14.45
      vertex 11.1667 11.9911 14.45
      vertex 11.8941 11.3941 14.45
    endloop
  endfacet
  facet normal 0 0 1
    outer loop
      vertex 10.4517 12.7118 14.45
      vertex 11.1667 11.9911 14.45
      vertex 11.3334 12.2405 14.45
    endloop
  endfacet
  facet normal 0 0 1
    outer loop
      vertex 10.4517 12.7118 14.45
      vertex 10.3369 12.4346 14.45
      vertex 11.1667 11.9911 14.45
    endloop
  endfacet
  facet normal 0 0 1
    outer loop
      vertex 9.49496 13.002 14.45
      vertex 10.3369 12.4346 14.45
      vertex 10.4517 12.7118 14.45
    endloop
  endfacet
  facet normal 0 0 1
    outer loop
      vertex 9.49496 13.002 14.45
      vertex 9.43643 12.7078 14.45
      vertex 10.3369 12.4346 14.45
    endloop
  endfacet
  facet normal 0 0 1
    outer loop
      vertex 8.5 13.1 14.45
      vertex 9.43643 12.7078 14.45
      vertex 9.49496 13.002 14.45
    endloop
  endfacet
  facet normal 0 0 1
    outer loop
      vertex 8.5 13.1 14.45
      vertex 8.5 12.8 14.45
      vertex 9.43643 12.7078 14.45
    endloop
  endfacet
  facet normal 0 0 1
    outer loop
      vertex 8.5 13.1 14.45
      vertex 7.56357 12.7078 14.45
      vertex 8.5 12.8 14.45
    endloop
  endfacet
  facet normal -0 0 1
    outer loop
      vertex 7.50504 13.002 14.45
      vertex 7.56357 12.7078 14.45
      vertex 8.5 13.1 14.45
    endloop
  endfacet
  facet normal 0 0 1
    outer loop
      vertex 7.50504 13.002 14.45
      vertex 6.66312 12.4346 14.45
      vertex 7.56357 12.7078 14.45
    endloop
  endfacet
  facet normal -0 0 1
    outer loop
      vertex 6.54831 12.7118 14.45
      vertex 6.66312 12.4346 14.45
      vertex 7.50504 13.002 14.45
    endloop
  endfacet
  facet normal 0 0 1
    outer loop
      vertex 6.54831 12.7118 14.45
      vertex 5.83326 11.9911 14.45
      vertex 6.66312 12.4346 14.45
    endloop
  endfacet
  facet normal -0 0 1
    outer loop
      vertex 5.66659 12.2405 14.45
      vertex 5.83326 11.9911 14.45
      vertex 6.54831 12.7118 14.45
    endloop
  endfacet
  facet normal 0 0 1
    outer loop
      vertex 5.66659 12.2405 14.45
      vertex 5.10589 11.3941 14.45
      vertex 5.83326 11.9911 14.45
    endloop
  endfacet
  facet normal -0 0 1
    outer loop
      vertex 4.89375 11.6062 14.45
      vertex 5.10589 11.3941 14.45
      vertex 5.66659 12.2405 14.45
    endloop
  endfacet
  facet normal 0 0 1
    outer loop
      vertex 4.89375 11.6062 14.45
      vertex 4.50895 10.6667 14.45
      vertex 5.10589 11.3941 14.45
    endloop
  endfacet
  facet normal -0 0 1
    outer loop
      vertex 4.2595 10.8334 14.45
      vertex 4.50895 10.6667 14.45
      vertex 4.89375 11.6062 14.45
    endloop
  endfacet
  facet normal 0 0 1
    outer loop
      vertex 4.2595 10.8334 14.45
      vertex 4.06538 9.83688 14.45
      vertex 4.50895 10.6667 14.45
    endloop
  endfacet
  facet normal -0 0 1
    outer loop
      vertex 3.78821 9.95168 14.45
      vertex 4.06538 9.83688 14.45
      vertex 4.2595 10.8334 14.45
    endloop
  endfacet
  facet normal 0 0 1
    outer loop
      vertex 4.06538 9.83688 14.45
      vertex 3.78821 9.95168 14.45
      vertex 3.79223 8.93643 14.45
    endloop
  endfacet
  facet normal -0 0 1
    outer loop
      vertex 3.49799 8.99496 14.45
      vertex 3.79223 8.93643 14.45
      vertex 3.78821 9.95168 14.45
    endloop
  endfacet
  facet normal 0 0 1
    outer loop
      vertex 3.79223 8.93643 14.45
      vertex 3.49799 8.99496 14.45
      vertex 3.7 8 14.45
    endloop
  endfacet
  facet normal -0 0 1
    outer loop
      vertex 13.2078 7.06357 14.45
      vertex 13.502 7.00504 14.45
      vertex 13.3 8 14.45
    endloop
  endfacet
  facet normal 0 0 1
    outer loop
      vertex 13.502 7.00504 14.45
      vertex 13.2078 7.06357 14.45
      vertex 13.2118 6.04831 14.45
    endloop
  endfacet
  facet normal -0 0 1
    outer loop
      vertex 12.9346 6.16312 14.45
      vertex 13.2118 6.04831 14.45
      vertex 13.2078 7.06357 14.45
    endloop
  endfacet
  facet normal 0 0 1
    outer loop
      vertex 12.9346 6.16312 14.45
      vertex 12.7405 5.16659 14.45
      vertex 13.2118 6.04831 14.45
    endloop
  endfacet
  facet normal -0 0 1
    outer loop
      vertex 12.4911 5.33326 14.45
      vertex 12.7405 5.16659 14.45
      vertex 12.9346 6.16312 14.45
    endloop
  endfacet
  facet normal 0 0 1
    outer loop
      vertex 12.4911 5.33326 14.45
      vertex 12.1062 4.39375 14.45
      vertex 12.7405 5.16659 14.45
    endloop
  endfacet
  facet normal -0 0 1
    outer loop
      vertex 11.8941 4.60589 14.45
      vertex 12.1062 4.39375 14.45
      vertex 12.4911 5.33326 14.45
    endloop
  endfacet
  facet normal 0 0 1
    outer loop
      vertex 11.8941 4.60589 14.45
      vertex 11.3334 3.7595 14.45
      vertex 12.1062 4.39375 14.45
    endloop
  endfacet
  facet normal -0 0 1
    outer loop
      vertex 11.1667 4.00895 14.45
      vertex 11.3334 3.7595 14.45
      vertex 11.8941 4.60589 14.45
    endloop
  endfacet
  facet normal 0 0 1
    outer loop
      vertex 11.1667 4.00895 14.45
      vertex 10.4517 3.28821 14.45
      vertex 11.3334 3.7595 14.45
    endloop
  endfacet
  facet normal -0 0 1
    outer loop
      vertex 10.3369 3.56538 14.45
      vertex 10.4517 3.28821 14.45
      vertex 11.1667 4.00895 14.45
    endloop
  endfacet
  facet normal 0 0 1
    outer loop
      vertex 10.3369 3.56538 14.45
      vertex 9.49496 2.99799 14.45
      vertex 10.4517 3.28821 14.45
    endloop
  endfacet
  facet normal -0 0 1
    outer loop
      vertex 9.43643 3.29223 14.45
      vertex 9.49496 2.99799 14.45
      vertex 10.3369 3.56538 14.45
    endloop
  endfacet
  facet normal -0 0 1
    outer loop
      vertex 8.5 3.2 14.45
      vertex 9.49496 2.99799 14.45
      vertex 9.43643 3.29223 14.45
    endloop
  endfacet
  facet normal 0 0 1
    outer loop
      vertex 8.5 3.2 14.45
      vertex 8.5 2.9 14.45
      vertex 9.49496 2.99799 14.45
    endloop
  endfacet
  facet normal 0 0 1
    outer loop
      vertex 7.56357 3.29223 14.45
      vertex 8.5 2.9 14.45
      vertex 8.5 3.2 14.45
    endloop
  endfacet
  facet normal 0 0 1
    outer loop
      vertex 7.56357 3.29223 14.45
      vertex 7.50504 2.99799 14.45
      vertex 8.5 2.9 14.45
    endloop
  endfacet
  facet normal 0 0 1
    outer loop
      vertex 6.66312 3.56538 14.45
      vertex 7.50504 2.99799 14.45
      vertex 7.56357 3.29223 14.45
    endloop
  endfacet
  facet normal 0 0 1
    outer loop
      vertex 6.66312 3.56538 14.45
      vertex 6.54831 3.28821 14.45
      vertex 7.50504 2.99799 14.45
    endloop
  endfacet
  facet normal 0 0 1
    outer loop
      vertex 5.83326 4.00895 14.45
      vertex 6.54831 3.28821 14.45
      vertex 6.66312 3.56538 14.45
    endloop
  endfacet
  facet normal 0 0 1
    outer loop
      vertex 5.83326 4.00895 14.45
      vertex 5.66659 3.7595 14.45
      vertex 6.54831 3.28821 14.45
    endloop
  endfacet
  facet normal 0 0 1
    outer loop
      vertex 5.10589 4.60589 14.45
      vertex 5.66659 3.7595 14.45
      vertex 5.83326 4.00895 14.45
    endloop
  endfacet
  facet normal 0 0 1
    outer loop
      vertex 5.10589 4.60589 14.45
      vertex 4.89375 4.39375 14.45
      vertex 5.66659 3.7595 14.45
    endloop
  endfacet
  facet normal 0 0 1
    outer loop
      vertex 4.50895 5.33326 14.45
      vertex 4.89375 4.39375 14.45
      vertex 5.10589 4.60589 14.45
    endloop
  endfacet
  facet normal 0 0 1
    outer loop
      vertex 4.50895 5.33326 14.45
      vertex 4.2595 5.16659 14.45
      vertex 4.89375 4.39375 14.45
    endloop
  endfacet
  facet normal 0 0 1
    outer loop
      vertex 4.06538 6.16312 14.45
      vertex 4.2595 5.16659 14.45
      vertex 4.50895 5.33326 14.45
    endloop
  endfacet
  facet normal 0 0 1
    outer loop
      vertex 3.78821 6.04831 14.45
      vertex 4.06538 6.16312 14.45
      vertex 3.79223 7.06357 14.45
    endloop
  endfacet
  facet normal 0 0 1
    outer loop
      vertex 4.06538 6.16312 14.45
      vertex 3.78821 6.04831 14.45
      vertex 4.2595 5.16659 14.45
    endloop
  endfacet
  facet normal 0 0 1
    outer loop
      vertex 3.49799 7.00504 14.45
      vertex 3.79223 7.06357 14.45
      vertex 3.7 8 14.45
    endloop
  endfacet
  facet normal 0 0 1
    outer loop
      vertex 3.4 8 14.45
      vertex 3.7 8 14.45
      vertex 3.49799 8.99496 14.45
    endloop
  endfacet
  facet normal 0 0 1
    outer loop
      vertex 3.79223 7.06357 14.45
      vertex 3.49799 7.00504 14.45
      vertex 3.78821 6.04831 14.45
    endloop
  endfacet
  facet normal 0 0 1
    outer loop
      vertex 3.7 8 14.45
      vertex 3.4 8 14.45
      vertex 3.49799 7.00504 14.45
    endloop
  endfacet
  facet normal -0.634421 0.772988 0
    outer loop
      vertex 5.66659 12.2405 1.6
      vertex 4.89375 11.6062 14.45
      vertex 5.66659 12.2405 14.45
    endloop
  endfacet
  facet normal -0.634421 0.772988 0
    outer loop
      vertex 4.89375 11.6062 14.45
      vertex 5.66659 12.2405 1.6
      vertex 4.89375 11.6062 1.6
    endloop
  endfacet
  facet normal 0.290263 0.956947 -0
    outer loop
      vertex 10.4517 12.7118 1.6
      vertex 9.49496 13.002 14.45
      vertex 10.4517 12.7118 14.45
    endloop
  endfacet
  facet normal 0.290263 0.956947 0
    outer loop
      vertex 9.49496 13.002 14.45
      vertex 10.4517 12.7118 1.6
      vertex 9.49496 13.002 1.6
    endloop
  endfacet
  facet normal 0.634411 -0.772996 0
    outer loop
      vertex 11.3334 3.7595 1.6
      vertex 12.1062 4.39375 14.45
      vertex 11.3334 3.7595 14.45
    endloop
  endfacet
  facet normal 0.634411 -0.772996 0
    outer loop
      vertex 12.1062 4.39375 14.45
      vertex 11.3334 3.7595 1.6
      vertex 12.1062 4.39375 1.6
    endloop
  endfacet
  facet normal -0.995185 0.0980122 0
    outer loop
      vertex 3.4 8 1.6
      vertex 3.49799 8.99496 14.45
      vertex 3.49799 8.99496 1.6
    endloop
  endfacet
  facet normal -0.995185 0.0980122 0
    outer loop
      vertex 3.49799 8.99496 14.45
      vertex 3.4 8 1.6
      vertex 3.4 8 14.45
    endloop
  endfacet
  facet normal 0.0980221 0.995184 -0
    outer loop
      vertex 9.49496 13.002 1.6
      vertex 8.5 13.1 14.45
      vertex 9.49496 13.002 14.45
    endloop
  endfacet
  facet normal 0.0980221 0.995184 0
    outer loop
      vertex 8.5 13.1 14.45
      vertex 9.49496 13.002 1.6
      vertex 8.5 13.1 1.6
    endloop
  endfacet
  facet normal 0.471413 0.881912 -0
    outer loop
      vertex 11.3334 12.2405 1.6
      vertex 10.4517 12.7118 14.45
      vertex 11.3334 12.2405 14.45
    endloop
  endfacet
  facet normal 0.471413 0.881912 0
    outer loop
      vertex 10.4517 12.7118 14.45
      vertex 11.3334 12.2405 1.6
      vertex 10.4517 12.7118 1.6
    endloop
  endfacet
  facet normal -0.773012 -0.634391 0
    outer loop
      vertex 4.89375 4.39375 1.6
      vertex 4.2595 5.16659 14.45
      vertex 4.2595 5.16659 1.6
    endloop
  endfacet
  facet normal -0.773012 -0.634391 0
    outer loop
      vertex 4.2595 5.16659 14.45
      vertex 4.89375 4.39375 1.6
      vertex 4.89375 4.39375 14.45
    endloop
  endfacet
  facet normal -0.634391 -0.773012 0
    outer loop
      vertex 4.89375 4.39375 1.6
      vertex 5.66659 3.7595 14.45
      vertex 4.89375 4.39375 14.45
    endloop
  endfacet
  facet normal -0.634391 -0.773012 -0
    outer loop
      vertex 5.66659 3.7595 14.45
      vertex 4.89375 4.39375 1.6
      vertex 5.66659 3.7595 1.6
    endloop
  endfacet
  facet normal -0.95694 0.290287 0
    outer loop
      vertex 3.49799 8.99496 1.6
      vertex 3.78821 9.95168 14.45
      vertex 3.78821 9.95168 1.6
    endloop
  endfacet
  facet normal -0.95694 0.290287 0
    outer loop
      vertex 3.78821 9.95168 14.45
      vertex 3.49799 8.99496 1.6
      vertex 3.49799 8.99496 14.45
    endloop
  endfacet
  facet normal -0.881921 0.471397 0
    outer loop
      vertex 3.78821 9.95168 1.6
      vertex 4.2595 10.8334 14.45
      vertex 4.2595 10.8334 1.6
    endloop
  endfacet
  facet normal -0.881921 0.471397 0
    outer loop
      vertex 4.2595 10.8334 14.45
      vertex 3.78821 9.95168 1.6
      vertex 3.78821 9.95168 14.45
    endloop
  endfacet
  facet normal -0.995185 -0.0980122 0
    outer loop
      vertex 3.49799 7.00504 1.6
      vertex 3.4 8 14.45
      vertex 3.4 8 1.6
    endloop
  endfacet
  facet normal -0.995185 -0.0980122 0
    outer loop
      vertex 3.4 8 14.45
      vertex 3.49799 7.00504 1.6
      vertex 3.49799 7.00504 14.45
    endloop
  endfacet
  facet normal 0.0979852 0.995188 -0
    outer loop
      vertex 9.43643 12.7078 14.45
      vertex 8.5 12.8 15
      vertex 9.43643 12.7078 15
    endloop
  endfacet
  facet normal 0.0979852 0.995188 0
    outer loop
      vertex 8.5 12.8 15
      vertex 9.43643 12.7078 14.45
      vertex 8.5 12.8 14.45
    endloop
  endfacet
  facet normal 0.772978 -0.634433 0
    outer loop
      vertex 11.8941 4.60589 15
      vertex 12.4911 5.33326 14.45
      vertex 12.4911 5.33326 15
    endloop
  endfacet
  facet normal 0.772978 -0.634433 0
    outer loop
      vertex 12.4911 5.33326 14.45
      vertex 11.8941 4.60589 15
      vertex 11.8941 4.60589 14.45
    endloop
  endfacet
  facet normal 0.956925 0.290335 0
    outer loop
      vertex 13.2078 8.93643 15
      vertex 12.9346 9.83688 14.45
      vertex 12.9346 9.83688 15
    endloop
  endfacet
  facet normal 0.956925 0.290335 0
    outer loop
      vertex 12.9346 9.83688 14.45
      vertex 13.2078 8.93643 15
      vertex 13.2078 8.93643 14.45
    endloop
  endfacet
  facet normal 0.995188 0.0979852 0
    outer loop
      vertex 13.3 8 15
      vertex 13.2078 8.93643 14.45
      vertex 13.2078 8.93643 15
    endloop
  endfacet
  facet normal 0.995188 0.0979852 0
    outer loop
      vertex 13.2078 8.93643 14.45
      vertex 13.3 8 15
      vertex 13.3 8 14.45
    endloop
  endfacet
  facet normal 0.881942 0.471357 0
    outer loop
      vertex 12.9346 9.83688 15
      vertex 12.4911 10.6667 14.45
      vertex 12.4911 10.6667 15
    endloop
  endfacet
  facet normal 0.881942 0.471357 0
    outer loop
      vertex 12.4911 10.6667 14.45
      vertex 12.9346 9.83688 15
      vertex 12.9346 9.83688 14.45
    endloop
  endfacet
  facet normal -0.290335 0.956925 0
    outer loop
      vertex 7.56357 12.7078 14.45
      vertex 6.66312 12.4346 15
      vertex 7.56357 12.7078 15
    endloop
  endfacet
  facet normal -0.290335 0.956925 0
    outer loop
      vertex 6.66312 12.4346 15
      vertex 7.56357 12.7078 14.45
      vertex 6.66312 12.4346 14.45
    endloop
  endfacet
  facet normal 0.995188 -0.0979852 0
    outer loop
      vertex 13.2078 7.06357 15
      vertex 13.3 8 14.45
      vertex 13.3 8 15
    endloop
  endfacet
  facet normal 0.995188 -0.0979852 0
    outer loop
      vertex 13.3 8 14.45
      vertex 13.2078 7.06357 15
      vertex 13.2078 7.06357 14.45
    endloop
  endfacet
  facet normal -0.0980168 -0.995185 0
    outer loop
      vertex 7.56357 3.29223 14.45
      vertex 8.5 3.2 15
      vertex 7.56357 3.29223 15
    endloop
  endfacet
  facet normal -0.0980168 -0.995185 -0
    outer loop
      vertex 8.5 3.2 15
      vertex 7.56357 3.29223 14.45
      vertex 8.5 3.2 14.45
    endloop
  endfacet
  facet normal -0.471397 -0.881921 0
    outer loop
      vertex 5.83326 4.00895 14.45
      vertex 6.66312 3.56538 15
      vertex 5.83326 4.00895 15
    endloop
  endfacet
  facet normal -0.471397 -0.881921 -0
    outer loop
      vertex 6.66312 3.56538 15
      vertex 5.83326 4.00895 14.45
      vertex 6.66312 3.56538 14.45
    endloop
  endfacet
  facet normal -0.881921 -0.471397 0
    outer loop
      vertex 4.50895 5.33326 14.45
      vertex 4.06538 6.16312 15
      vertex 4.06538 6.16312 14.45
    endloop
  endfacet
  facet normal -0.881921 -0.471397 0
    outer loop
      vertex 4.06538 6.16312 15
      vertex 4.50895 5.33326 14.45
      vertex 4.50895 5.33326 15
    endloop
  endfacet
  facet normal 0.0980168 -0.995185 0
    outer loop
      vertex 8.5 3.2 14.45
      vertex 9.43643 3.29223 15
      vertex 8.5 3.2 15
    endloop
  endfacet
  facet normal 0.0980168 -0.995185 0
    outer loop
      vertex 9.43643 3.29223 15
      vertex 8.5 3.2 14.45
      vertex 9.43643 3.29223 14.45
    endloop
  endfacet
  facet normal 0.956925 -0.290335 0
    outer loop
      vertex 12.9346 6.16312 15
      vertex 13.2078 7.06357 14.45
      vertex 13.2078 7.06357 15
    endloop
  endfacet
  facet normal 0.956925 -0.290335 0
    outer loop
      vertex 13.2078 7.06357 14.45
      vertex 12.9346 6.16312 15
      vertex 12.9346 6.16312 14.45
    endloop
  endfacet
  facet normal 0.290329 0.956927 -0
    outer loop
      vertex 10.3369 12.4346 14.45
      vertex 9.43643 12.7078 15
      vertex 10.3369 12.4346 15
    endloop
  endfacet
  facet normal 0.290329 0.956927 0
    outer loop
      vertex 9.43643 12.7078 15
      vertex 10.3369 12.4346 14.45
      vertex 9.43643 12.7078 14.45
    endloop
  endfacet
  facet normal 0.29028 -0.956942 0
    outer loop
      vertex 9.43643 3.29223 14.45
      vertex 10.3369 3.56538 15
      vertex 9.43643 3.29223 15
    endloop
  endfacet
  facet normal 0.29028 -0.956942 0
    outer loop
      vertex 10.3369 3.56538 15
      vertex 9.43643 3.29223 14.45
      vertex 10.3369 3.56538 14.45
    endloop
  endfacet
  facet normal -0.290286 -0.95694 0
    outer loop
      vertex 6.66312 3.56538 14.45
      vertex 7.56357 3.29223 15
      vertex 6.66312 3.56538 15
    endloop
  endfacet
  facet normal -0.290286 -0.95694 -0
    outer loop
      vertex 7.56357 3.29223 15
      vertex 6.66312 3.56538 14.45
      vertex 7.56357 3.29223 14.45
    endloop
  endfacet
  facet normal -0.634433 0.772978 0
    outer loop
      vertex 5.83326 11.9911 14.45
      vertex 5.10589 11.3941 15
      vertex 5.83326 11.9911 15
    endloop
  endfacet
  facet normal -0.634433 0.772978 0
    outer loop
      vertex 5.10589 11.3941 15
      vertex 5.83326 11.9911 14.45
      vertex 5.10589 11.3941 14.45
    endloop
  endfacet
  facet normal 0.772991 0.634418 0
    outer loop
      vertex 12.4911 10.6667 15
      vertex 11.8941 11.3941 14.45
      vertex 11.8941 11.3941 15
    endloop
  endfacet
  facet normal 0.772991 0.634418 0
    outer loop
      vertex 11.8941 11.3941 14.45
      vertex 12.4911 10.6667 15
      vertex 12.4911 10.6667 14.45
    endloop
  endfacet
  facet normal -0.471339 0.881952 0
    outer loop
      vertex 6.66312 12.4346 14.45
      vertex 5.83326 11.9911 15
      vertex 6.66312 12.4346 15
    endloop
  endfacet
  facet normal -0.471339 0.881952 0
    outer loop
      vertex 5.83326 11.9911 15
      vertex 6.66312 12.4346 14.45
      vertex 5.83326 11.9911 14.45
    endloop
  endfacet
  facet normal 0.471424 -0.881907 0
    outer loop
      vertex 10.3369 3.56538 14.45
      vertex 11.1667 4.00895 15
      vertex 10.3369 3.56538 15
    endloop
  endfacet
  facet normal 0.471424 -0.881907 0
    outer loop
      vertex 11.1667 4.00895 15
      vertex 10.3369 3.56538 14.45
      vertex 11.1667 4.00895 14.45
    endloop
  endfacet
  facet normal -0.95694 0.290286 0
    outer loop
      vertex 3.79223 8.93643 14.45
      vertex 4.06538 9.83688 15
      vertex 4.06538 9.83688 14.45
    endloop
  endfacet
  facet normal -0.95694 0.290286 0
    outer loop
      vertex 4.06538 9.83688 15
      vertex 3.79223 8.93643 14.45
      vertex 3.79223 8.93643 15
    endloop
  endfacet
  facet normal 0.881952 -0.471339 0
    outer loop
      vertex 12.4911 5.33326 15
      vertex 12.9346 6.16312 14.45
      vertex 12.9346 6.16312 15
    endloop
  endfacet
  facet normal 0.881952 -0.471339 0
    outer loop
      vertex 12.9346 6.16312 14.45
      vertex 12.4911 5.33326 15
      vertex 12.4911 5.33326 14.45
    endloop
  endfacet
  facet normal 0.634418 0.772991 -0
    outer loop
      vertex 11.8941 11.3941 14.45
      vertex 11.1667 11.9911 15
      vertex 11.8941 11.3941 15
    endloop
  endfacet
  facet normal 0.634418 0.772991 0
    outer loop
      vertex 11.1667 11.9911 15
      vertex 11.8941 11.3941 14.45
      vertex 11.1667 11.9911 14.45
    endloop
  endfacet
  facet normal 0.634379 -0.773022 0
    outer loop
      vertex 11.1667 4.00895 14.45
      vertex 11.8941 4.60589 15
      vertex 11.1667 4.00895 15
    endloop
  endfacet
  facet normal 0.634379 -0.773022 0
    outer loop
      vertex 11.8941 4.60589 15
      vertex 11.1667 4.00895 14.45
      vertex 11.8941 4.60589 14.45
    endloop
  endfacet
  facet normal 0.471366 0.881938 -0
    outer loop
      vertex 11.1667 11.9911 14.45
      vertex 10.3369 12.4346 15
      vertex 11.1667 11.9911 15
    endloop
  endfacet
  facet normal 0.471366 0.881938 0
    outer loop
      vertex 10.3369 12.4346 15
      vertex 11.1667 11.9911 14.45
      vertex 10.3369 12.4346 14.45
    endloop
  endfacet
  facet normal -0.95694 -0.290286 0
    outer loop
      vertex 4.06538 6.16312 14.45
      vertex 3.79223 7.06357 15
      vertex 3.79223 7.06357 14.45
    endloop
  endfacet
  facet normal -0.95694 -0.290286 0
    outer loop
      vertex 3.79223 7.06357 15
      vertex 4.06538 6.16312 14.45
      vertex 4.06538 6.16312 15
    endloop
  endfacet
  facet normal -0.881912 0.471415 0
    outer loop
      vertex 4.06538 9.83688 14.45
      vertex 4.50895 10.6667 15
      vertex 4.50895 10.6667 14.45
    endloop
  endfacet
  facet normal -0.881912 0.471415 0
    outer loop
      vertex 4.50895 10.6667 15
      vertex 4.06538 9.83688 14.45
      vertex 4.06538 9.83688 15
    endloop
  endfacet
  facet normal -0.773022 0.634379 0
    outer loop
      vertex 4.50895 10.6667 14.45
      vertex 5.10589 11.3941 15
      vertex 5.10589 11.3941 14.45
    endloop
  endfacet
  facet normal -0.773022 0.634379 0
    outer loop
      vertex 5.10589 11.3941 15
      vertex 4.50895 10.6667 14.45
      vertex 4.50895 10.6667 15
    endloop
  endfacet
  facet normal -0.773009 -0.634395 0
    outer loop
      vertex 5.10589 4.60589 14.45
      vertex 4.50895 5.33326 15
      vertex 4.50895 5.33326 14.45
    endloop
  endfacet
  facet normal -0.773009 -0.634395 0
    outer loop
      vertex 4.50895 5.33326 15
      vertex 5.10589 4.60589 14.45
      vertex 5.10589 4.60589 15
    endloop
  endfacet
  facet normal -0.634395 -0.773009 0
    outer loop
      vertex 5.10589 4.60589 14.45
      vertex 5.83326 4.00895 15
      vertex 5.10589 4.60589 15
    endloop
  endfacet
  facet normal -0.634395 -0.773009 -0
    outer loop
      vertex 5.83326 4.00895 15
      vertex 5.10589 4.60589 14.45
      vertex 5.83326 4.00895 14.45
    endloop
  endfacet
  facet normal -0.995185 -0.0980168 0
    outer loop
      vertex 3.79223 7.06357 14.45
      vertex 3.7 8 15
      vertex 3.7 8 14.45
    endloop
  endfacet
  facet normal -0.995185 -0.0980168 0
    outer loop
      vertex 3.7 8 15
      vertex 3.79223 7.06357 14.45
      vertex 3.79223 7.06357 15
    endloop
  endfacet
  facet normal -0.995185 0.0980168 0
    outer loop
      vertex 3.7 8 14.45
      vertex 3.79223 8.93643 15
      vertex 3.79223 8.93643 14.45
    endloop
  endfacet
  facet normal -0.995185 0.0980168 0
    outer loop
      vertex 3.79223 8.93643 15
      vertex 3.7 8 14.45
      vertex 3.7 8 15
    endloop
  endfacet
  facet normal -0.0979852 0.995188 0
    outer loop
      vertex 8.5 12.8 14.45
      vertex 7.56357 12.7078 15
      vertex 8.5 12.8 15
    endloop
  endfacet
  facet normal -0.0979852 0.995188 0
    outer loop
      vertex 7.56357 12.7078 15
      vertex 8.5 12.8 14.45
      vertex 7.56357 12.7078 14.45
    endloop
  endfacet
  facet normal -0 0 1
    outer loop
      vertex 5.4 7.82 15
      vertex 8.32 4.9 15
      vertex 8.32 7.82 15
    endloop
  endfacet
  facet normal 0 0 1
    outer loop
      vertex 8.32 4.9 15
      vertex 6.66312 3.56538 15
      vertex 7.56357 3.29223 15
    endloop
  endfacet
  facet normal 0 0 1
    outer loop
      vertex 8.32 4.9 15
      vertex 5.83326 4.00895 15
      vertex 6.66312 3.56538 15
    endloop
  endfacet
  facet normal 0 0 1
    outer loop
      vertex 8.32 4.9 15
      vertex 5.4 7.82 15
      vertex 5.10589 4.60589 15
    endloop
  endfacet
  facet normal 0 0 1
    outer loop
      vertex 8.32 4.9 15
      vertex 5.10589 4.60589 15
      vertex 5.83326 4.00895 15
    endloop
  endfacet
  facet normal -0 0 1
    outer loop
      vertex 4.06538 9.83688 15
      vertex 5.4 8.18 15
      vertex 4.50895 10.6667 15
    endloop
  endfacet
  facet normal -0 0 1
    outer loop
      vertex 3.79223 8.93643 15
      vertex 5.4 8.18 15
      vertex 4.06538 9.83688 15
    endloop
  endfacet
  facet normal 0 0 1
    outer loop
      vertex 5.4 7.82 15
      vertex 4.50895 5.33326 15
      vertex 5.10589 4.60589 15
    endloop
  endfacet
  facet normal 0 0 1
    outer loop
      vertex 3.7 8 15
      vertex 5.4 8.18 15
      vertex 3.79223 8.93643 15
    endloop
  endfacet
  facet normal 0 0 1
    outer loop
      vertex 5.4 7.82 15
      vertex 4.06538 6.16312 15
      vertex 4.50895 5.33326 15
    endloop
  endfacet
  facet normal 0 0 1
    outer loop
      vertex 5.4 8.18 15
      vertex 3.7 8 15
      vertex 5.4 7.82 15
    endloop
  endfacet
  facet normal 0 0 1
    outer loop
      vertex 5.4 7.82 15
      vertex 3.79223 7.06357 15
      vertex 4.06538 6.16312 15
    endloop
  endfacet
  facet normal 0 0 1
    outer loop
      vertex 5.4 7.82 15
      vertex 3.7 8 15
      vertex 3.79223 7.06357 15
    endloop
  endfacet
  facet normal 0 0 1
    outer loop
      vertex 8.5 12.8 15
      vertex 8.68 11.1 15
      vertex 9.43643 12.7078 15
    endloop
  endfacet
  facet normal 0 0 1
    outer loop
      vertex 8.5 12.8 15
      vertex 8.32 11.1 15
      vertex 8.68 11.1 15
    endloop
  endfacet
  facet normal -0 0 1
    outer loop
      vertex 7.56357 12.7078 15
      vertex 8.32 11.1 15
      vertex 8.5 12.8 15
    endloop
  endfacet
  facet normal -0 0 1
    outer loop
      vertex 6.66312 12.4346 15
      vertex 8.32 11.1 15
      vertex 7.56357 12.7078 15
    endloop
  endfacet
  facet normal -0 0 1
    outer loop
      vertex 5.83326 11.9911 15
      vertex 8.32 11.1 15
      vertex 6.66312 12.4346 15
    endloop
  endfacet
  facet normal -0 0 1
    outer loop
      vertex 5.10589 11.3941 15
      vertex 8.32 11.1 15
      vertex 5.83326 11.9911 15
    endloop
  endfacet
  facet normal 0 -0 1
    outer loop
      vertex 5.4 8.18 15
      vertex 8.32 11.1 15
      vertex 5.10589 11.3941 15
    endloop
  endfacet
  facet normal -0 0 1
    outer loop
      vertex 4.50895 10.6667 15
      vertex 5.4 8.18 15
      vertex 5.10589 11.3941 15
    endloop
  endfacet
  facet normal 0 0 1
    outer loop
      vertex 8.32 11.1 15
      vertex 5.4 8.18 15
      vertex 8.32 8.18 15
    endloop
  endfacet
  facet normal -0 0 1
    outer loop
      vertex 11.6 8.18 15
      vertex 13.3 8 15
      vertex 13.2078 8.93643 15
    endloop
  endfacet
  facet normal 0 0 1
    outer loop
      vertex 11.6 8.18 15
      vertex 13.2078 8.93643 15
      vertex 12.9346 9.83688 15
    endloop
  endfacet
  facet normal 0 0 1
    outer loop
      vertex 11.6 7.82 15
      vertex 13.3 8 15
      vertex 11.6 8.18 15
    endloop
  endfacet
  facet normal 0 0 1
    outer loop
      vertex 11.6 8.18 15
      vertex 12.9346 9.83688 15
      vertex 12.4911 10.6667 15
    endloop
  endfacet
  facet normal 0 0 1
    outer loop
      vertex 13.3 8 15
      vertex 11.6 7.82 15
      vertex 13.2078 7.06357 15
    endloop
  endfacet
  facet normal 0 0 1
    outer loop
      vertex 11.6 8.18 15
      vertex 12.4911 10.6667 15
      vertex 11.8941 11.3941 15
    endloop
  endfacet
  facet normal 0 0 1
    outer loop
      vertex 13.2078 7.06357 15
      vertex 11.6 7.82 15
      vertex 12.9346 6.16312 15
    endloop
  endfacet
  facet normal 0 0 1
    outer loop
      vertex 12.9346 6.16312 15
      vertex 11.6 7.82 15
      vertex 12.4911 5.33326 15
    endloop
  endfacet
  facet normal 0 0 1
    outer loop
      vertex 8.68 11.1 15
      vertex 11.8941 11.3941 15
      vertex 11.1667 11.9911 15
    endloop
  endfacet
  facet normal 0 0 1
    outer loop
      vertex 8.68 11.1 15
      vertex 11.1667 11.9911 15
      vertex 10.3369 12.4346 15
    endloop
  endfacet
  facet normal 0 0 1
    outer loop
      vertex 8.68 11.1 15
      vertex 10.3369 12.4346 15
      vertex 9.43643 12.7078 15
    endloop
  endfacet
  facet normal 0 0 1
    outer loop
      vertex 11.8941 11.3941 15
      vertex 8.68 11.1 15
      vertex 11.6 8.18 15
    endloop
  endfacet
  facet normal 0 0 1
    outer loop
      vertex 11.6 8.18 15
      vertex 8.68 11.1 15
      vertex 8.68 8.18 15
    endloop
  endfacet
  facet normal 0 0 1
    outer loop
      vertex 12.4911 5.33326 15
      vertex 11.6 7.82 15
      vertex 11.8941 4.60589 15
    endloop
  endfacet
  facet normal -0 0 1
    outer loop
      vertex 8.68 4.9 15
      vertex 11.8941 4.60589 15
      vertex 11.6 7.82 15
    endloop
  endfacet
  facet normal 0 0 1
    outer loop
      vertex 11.8941 4.60589 15
      vertex 8.68 4.9 15
      vertex 11.1667 4.00895 15
    endloop
  endfacet
  facet normal 0 0 1
    outer loop
      vertex 11.1667 4.00895 15
      vertex 8.68 4.9 15
      vertex 10.3369 3.56538 15
    endloop
  endfacet
  facet normal 0 0 1
    outer loop
      vertex 8.68 4.9 15
      vertex 11.6 7.82 15
      vertex 8.68 7.82 15
    endloop
  endfacet
  facet normal 0 0 1
    outer loop
      vertex 10.3369 3.56538 15
      vertex 8.68 4.9 15
      vertex 9.43643 3.29223 15
    endloop
  endfacet
  facet normal 0 0 1
    outer loop
      vertex 8.68 4.9 15
      vertex 8.5 3.2 15
      vertex 9.43643 3.29223 15
    endloop
  endfacet
  facet normal -0 0 1
    outer loop
      vertex 8.32 4.9 15
      vertex 8.5 3.2 15
      vertex 8.68 4.9 15
    endloop
  endfacet
  facet normal 0 0 1
    outer loop
      vertex 8.5 3.2 15
      vertex 8.32 4.9 15
      vertex 7.56357 3.29223 15
    endloop
  endfacet
  facet normal 1 -0 0
    outer loop
      vertex 49.1 16.62 15.11
      vertex 49.1 16.98 15
      vertex 49.1 16.98 15.11
    endloop
  endfacet
  facet normal 1 0 0
    outer loop
      vertex 49.1 16.98 15
      vertex 49.1 16.62 15.11
      vertex 49.1 16.62 15
    endloop
  endfacet
  facet normal -0 0 1
    outer loop
      vertex 42.9 16.98 15.11
      vertex 45.82 16.62 15.11
      vertex 45.82 16.98 15.11
    endloop
  endfacet
  facet normal 0 0 1
    outer loop
      vertex 45.82 16.62 15.11
      vertex 42.9 16.98 15.11
      vertex 42.9 16.62 15.11
    endloop
  endfacet
  facet normal 0 0 1
    outer loop
      vertex 45.82 16.98 15.11
      vertex 46.18 16.98 15.11
      vertex 46.18 19.9 15.11
    endloop
  endfacet
  facet normal 0 0 1
    outer loop
      vertex 46.18 16.98 15.11
      vertex 45.82 16.98 15.11
      vertex 46.18 16.62 15.11
    endloop
  endfacet
  facet normal 0 0 1
    outer loop
      vertex 45.82 16.98 15.11
      vertex 46.18 19.9 15.11
      vertex 45.82 19.9 15.11
    endloop
  endfacet
  facet normal 0 0 1
    outer loop
      vertex 45.82 16.62 15.11
      vertex 46.18 16.62 15.11
      vertex 45.82 16.98 15.11
    endloop
  endfacet
  facet normal 0 0 1
    outer loop
      vertex 46.18 16.62 15.11
      vertex 45.82 16.62 15.11
      vertex 46.18 13.7 15.11
    endloop
  endfacet
  facet normal 0 0 1
    outer loop
      vertex 46.18 13.7 15.11
      vertex 45.82 16.62 15.11
      vertex 45.82 13.7 15.11
    endloop
  endfacet
  facet normal -0 0 1
    outer loop
      vertex 46.18 16.98 15.11
      vertex 49.1 16.62 15.11
      vertex 49.1 16.98 15.11
    endloop
  endfacet
  facet normal 0 0 1
    outer loop
      vertex 49.1 16.62 15.11
      vertex 46.18 16.98 15.11
      vertex 46.18 16.62 15.11
    endloop
  endfacet
  facet normal -1 0 0
    outer loop
      vertex 42.9 16.62 15
      vertex 42.9 16.98 15.11
      vertex 42.9 16.98 15
    endloop
  endfacet
  facet normal -1 -0 0
    outer loop
      vertex 42.9 16.98 15.11
      vertex 42.9 16.62 15
      vertex 42.9 16.62 15.11
    endloop
  endfacet
  facet normal 0 1 -0
    outer loop
      vertex 45.82 16.98 15
      vertex 42.9 16.98 15.11
      vertex 45.82 16.98 15.11
    endloop
  endfacet
  facet normal 0 1 0
    outer loop
      vertex 42.9 16.98 15.11
      vertex 45.82 16.98 15
      vertex 42.9 16.98 15
    endloop
  endfacet
  facet normal 0 1 -0
    outer loop
      vertex 49.1 16.98 15
      vertex 46.18 16.98 15.11
      vertex 49.1 16.98 15.11
    endloop
  endfacet
  facet normal 0 1 0
    outer loop
      vertex 46.18 16.98 15.11
      vertex 49.1 16.98 15
      vertex 46.18 16.98 15
    endloop
  endfacet
  facet normal 0 -1 0
    outer loop
      vertex 42.9 16.62 15
      vertex 45.82 16.62 15.11
      vertex 42.9 16.62 15.11
    endloop
  endfacet
  facet normal 0 -1 -0
    outer loop
      vertex 45.82 16.62 15.11
      vertex 42.9 16.62 15
      vertex 45.82 16.62 15
    endloop
  endfacet
  facet normal 0 -1 0
    outer loop
      vertex 46.18 16.62 15
      vertex 49.1 16.62 15.11
      vertex 46.18 16.62 15.11
    endloop
  endfacet
  facet normal 0 -1 -0
    outer loop
      vertex 49.1 16.62 15.11
      vertex 46.18 16.62 15
      vertex 49.1 16.62 15
    endloop
  endfacet
  facet normal 1 -0 0
    outer loop
      vertex 46.18 16.98 15.11
      vertex 46.18 19.9 15
      vertex 46.18 19.9 15.11
    endloop
  endfacet
  facet normal 1 0 0
    outer loop
      vertex 46.18 19.9 15
      vertex 46.18 16.98 15.11
      vertex 46.18 16.98 15
    endloop
  endfacet
  facet normal 1 -0 0
    outer loop
      vertex 46.18 13.7 15.11
      vertex 46.18 16.62 15
      vertex 46.18 16.62 15.11
    endloop
  endfacet
  facet normal 1 0 0
    outer loop
      vertex 46.18 16.62 15
      vertex 46.18 13.7 15.11
      vertex 46.18 13.7 15
    endloop
  endfacet
  facet normal -1 0 0
    outer loop
      vertex 45.82 16.98 15
      vertex 45.82 19.9 15.11
      vertex 45.82 19.9 15
    endloop
  endfacet
  facet normal -1 -0 0
    outer loop
      vertex 45.82 19.9 15.11
      vertex 45.82 16.98 15
      vertex 45.82 16.98 15.11
    endloop
  endfacet
  facet normal -1 0 0
    outer loop
      vertex 45.82 13.7 15
      vertex 45.82 16.62 15.11
      vertex 45.82 16.62 15
    endloop
  endfacet
  facet normal -1 -0 0
    outer loop
      vertex 45.82 16.62 15.11
      vertex 45.82 13.7 15
      vertex 45.82 13.7 15.11
    endloop
  endfacet
  facet normal 0 1 -0
    outer loop
      vertex 46.18 19.9 15
      vertex 45.82 19.9 15.11
      vertex 46.18 19.9 15.11
    endloop
  endfacet
  facet normal 0 1 0
    outer loop
      vertex 45.82 19.9 15.11
      vertex 46.18 19.9 15
      vertex 45.82 19.9 15
    endloop
  endfacet
  facet normal 0 -1 0
    outer loop
      vertex 45.82 13.7 15
      vertex 46.18 13.7 15.11
      vertex 45.82 13.7 15.11
    endloop
  endfacet
  facet normal 0 -1 -0
    outer loop
      vertex 46.18 13.7 15.11
      vertex 45.82 13.7 15
      vertex 46.18 13.7 15
    endloop
  endfacet
  facet normal 0.956944 0.290274 0
    outer loop
      vertex 51.002 17.795 14.45
      vertex 50.7118 18.7517 1.6
      vertex 50.7118 18.7517 14.45
    endloop
  endfacet
  facet normal 0.956944 0.290274 0
    outer loop
      vertex 50.7118 18.7517 1.6
      vertex 51.002 17.795 14.45
      vertex 51.002 17.795 1.6
    endloop
  endfacet
  facet normal 0.995185 0.0980182 0
    outer loop
      vertex 51.1 16.8 14.45
      vertex 51.002 17.795 1.6
      vertex 51.002 17.795 14.45
    endloop
  endfacet
  facet normal 0.995185 0.0980182 0
    outer loop
      vertex 51.002 17.795 1.6
      vertex 51.1 16.8 14.45
      vertex 51.1 16.8 1.6
    endloop
  endfacet
  facet normal 0.881912 0.471413 0
    outer loop
      vertex 50.7118 18.7517 14.45
      vertex 50.2405 19.6334 1.6
      vertex 50.2405 19.6334 14.45
    endloop
  endfacet
  facet normal 0.881912 0.471413 0
    outer loop
      vertex 50.2405 19.6334 1.6
      vertex 50.7118 18.7517 14.45
      vertex 50.7118 18.7517 1.6
    endloop
  endfacet
  facet normal -0.471413 -0.881912 0
    outer loop
      vertex 43.1666 12.5595 1.6
      vertex 44.0483 12.0882 14.45
      vertex 43.1666 12.5595 14.45
    endloop
  endfacet
  facet normal -0.471413 -0.881912 -0
    outer loop
      vertex 44.0483 12.0882 14.45
      vertex 43.1666 12.5595 1.6
      vertex 44.0483 12.0882 1.6
    endloop
  endfacet
  facet normal 0.290274 -0.956944 0
    outer loop
      vertex 46.995 11.798 1.6
      vertex 47.9517 12.0882 14.45
      vertex 46.995 11.798 14.45
    endloop
  endfacet
  facet normal 0.290274 -0.956944 0
    outer loop
      vertex 47.9517 12.0882 14.45
      vertex 46.995 11.798 1.6
      vertex 47.9517 12.0882 1.6
    endloop
  endfacet
  facet normal 0.995185 -0.0980182 0
    outer loop
      vertex 51.002 15.805 14.45
      vertex 51.1 16.8 1.6
      vertex 51.1 16.8 14.45
    endloop
  endfacet
  facet normal 0.995185 -0.0980182 0
    outer loop
      vertex 51.1 16.8 1.6
      vertex 51.002 15.805 14.45
      vertex 51.002 15.805 1.6
    endloop
  endfacet
  facet normal -0.634441 0.772971 4.54068e-06
    outer loop
      vertex 43.1666 21.0405 14.45
      vertex 42.8735 20.8 2.35
      vertex 42.3938 20.4062 14.45
    endloop
  endfacet
  facet normal -0.634329 0.773063 0
    outer loop
      vertex 43.1666 21.0405 1.6
      vertex 42.8735 20.8 2.35
      vertex 43.1666 21.0405 14.45
    endloop
  endfacet
  facet normal -0.634329 0.773063 0
    outer loop
      vertex 42.8735 20.8 2.35
      vertex 43.1666 21.0405 1.6
      vertex 42.8735 20.8 1.6
    endloop
  endfacet
  facet normal -0.634509 0.772915 0
    outer loop
      vertex 42.3938 20.4062 14.45
      vertex 42.8735 20.8 2.35
      vertex 42.3938 20.4062 2.35
    endloop
  endfacet
  facet normal 0.772971 0.634441 0
    outer loop
      vertex 50.2405 19.6334 14.45
      vertex 49.6062 20.4062 1.6
      vertex 49.6062 20.4062 14.45
    endloop
  endfacet
  facet normal 0.772971 0.634441 0
    outer loop
      vertex 49.6062 20.4062 1.6
      vertex 50.2405 19.6334 14.45
      vertex 50.2405 19.6334 1.6
    endloop
  endfacet
  facet normal 0.634441 -0.772971 0
    outer loop
      vertex 48.8334 12.5595 1.6
      vertex 49.6062 13.1938 14.45
      vertex 48.8334 12.5595 14.45
    endloop
  endfacet
  facet normal 0.634441 -0.772971 0
    outer loop
      vertex 49.6062 13.1938 14.45
      vertex 48.8334 12.5595 1.6
      vertex 49.6062 13.1938 1.6
    endloop
  endfacet
  facet normal 0.881912 -0.471413 0
    outer loop
      vertex 50.2405 13.9666 14.45
      vertex 50.7118 14.8483 1.6
      vertex 50.7118 14.8483 14.45
    endloop
  endfacet
  facet normal 0.881912 -0.471413 0
    outer loop
      vertex 50.7118 14.8483 1.6
      vertex 50.2405 13.9666 14.45
      vertex 50.2405 13.9666 1.6
    endloop
  endfacet
  facet normal -0.0980182 0.995185 0
    outer loop
      vertex 46 21.9 1.6
      vertex 45.005 21.802 14.45
      vertex 46 21.9 14.45
    endloop
  endfacet
  facet normal -0.0980182 0.995185 0
    outer loop
      vertex 45.005 21.802 14.45
      vertex 46 21.9 1.6
      vertex 45.005 21.802 1.6
    endloop
  endfacet
  facet normal 0.956944 -0.290274 0
    outer loop
      vertex 50.7118 14.8483 14.45
      vertex 51.002 15.805 1.6
      vertex 51.002 15.805 14.45
    endloop
  endfacet
  facet normal 0.956944 -0.290274 0
    outer loop
      vertex 51.002 15.805 1.6
      vertex 50.7118 14.8483 14.45
      vertex 50.7118 14.8483 1.6
    endloop
  endfacet
  facet normal -0.881912 0.471413 0
    outer loop
      vertex 41.2882 18.7517 1.6
      vertex 41.7595 19.6334 14.45
      vertex 41.7595 19.6334 1.6
    endloop
  endfacet
  facet normal -0.881912 0.471413 0
    outer loop
      vertex 41.7595 19.6334 14.45
      vertex 41.2882 18.7517 1.6
      vertex 41.2882 18.7517 14.45
    endloop
  endfacet
  facet normal -0.995185 0.0980182 0
    outer loop
      vertex 40.9 16.8 1.6
      vertex 40.998 17.795 14.45
      vertex 40.998 17.795 1.6
    endloop
  endfacet
  facet normal -0.995185 0.0980182 0
    outer loop
      vertex 40.998 17.795 14.45
      vertex 40.9 16.8 1.6
      vertex 40.9 16.8 14.45
    endloop
  endfacet
  facet normal 0 0 1
    outer loop
      vertex 50.8 16.8 14.45
      vertex 51.1 16.8 14.45
      vertex 51.002 17.795 14.45
    endloop
  endfacet
  facet normal 0 0 1
    outer loop
      vertex 51.1 16.8 14.45
      vertex 50.8 16.8 14.45
      vertex 51.002 15.805 14.45
    endloop
  endfacet
  facet normal 0 0 1
    outer loop
      vertex 50.7078 17.7364 14.45
      vertex 51.002 17.795 14.45
      vertex 50.7118 18.7517 14.45
    endloop
  endfacet
  facet normal 0 0 1
    outer loop
      vertex 51.002 17.795 14.45
      vertex 50.7078 17.7364 14.45
      vertex 50.8 16.8 14.45
    endloop
  endfacet
  facet normal 0 0 1
    outer loop
      vertex 50.7118 18.7517 14.45
      vertex 50.4346 18.6369 14.45
      vertex 50.7078 17.7364 14.45
    endloop
  endfacet
  facet normal 0 0 1
    outer loop
      vertex 50.2405 19.6334 14.45
      vertex 50.4346 18.6369 14.45
      vertex 50.7118 18.7517 14.45
    endloop
  endfacet
  facet normal 0 0 1
    outer loop
      vertex 50.2405 19.6334 14.45
      vertex 49.9911 19.4667 14.45
      vertex 50.4346 18.6369 14.45
    endloop
  endfacet
  facet normal 0 0 1
    outer loop
      vertex 49.6062 20.4062 14.45
      vertex 49.9911 19.4667 14.45
      vertex 50.2405 19.6334 14.45
    endloop
  endfacet
  facet normal 0 0 1
    outer loop
      vertex 49.6062 20.4062 14.45
      vertex 49.3941 20.1941 14.45
      vertex 49.9911 19.4667 14.45
    endloop
  endfacet
  facet normal 0 0 1
    outer loop
      vertex 48.8334 21.0405 14.45
      vertex 49.3941 20.1941 14.45
      vertex 49.6062 20.4062 14.45
    endloop
  endfacet
  facet normal 0 0 1
    outer loop
      vertex 48.8334 21.0405 14.45
      vertex 48.6667 20.7911 14.45
      vertex 49.3941 20.1941 14.45
    endloop
  endfacet
  facet normal 0 0 1
    outer loop
      vertex 47.9517 21.5118 14.45
      vertex 48.6667 20.7911 14.45
      vertex 48.8334 21.0405 14.45
    endloop
  endfacet
  facet normal 0 0 1
    outer loop
      vertex 47.9517 21.5118 14.45
      vertex 47.8369 21.2346 14.45
      vertex 48.6667 20.7911 14.45
    endloop
  endfacet
  facet normal 0 0 1
    outer loop
      vertex 46.995 21.802 14.45
      vertex 47.8369 21.2346 14.45
      vertex 47.9517 21.5118 14.45
    endloop
  endfacet
  facet normal 0 0 1
    outer loop
      vertex 46.995 21.802 14.45
      vertex 46.9364 21.5078 14.45
      vertex 47.8369 21.2346 14.45
    endloop
  endfacet
  facet normal 0 0 1
    outer loop
      vertex 46 21.9 14.45
      vertex 46.9364 21.5078 14.45
      vertex 46.995 21.802 14.45
    endloop
  endfacet
  facet normal 0 0 1
    outer loop
      vertex 46 21.9 14.45
      vertex 46 21.6 14.45
      vertex 46.9364 21.5078 14.45
    endloop
  endfacet
  facet normal 0 0 1
    outer loop
      vertex 46 21.9 14.45
      vertex 45.0636 21.5078 14.45
      vertex 46 21.6 14.45
    endloop
  endfacet
  facet normal -0 0 1
    outer loop
      vertex 45.005 21.802 14.45
      vertex 45.0636 21.5078 14.45
      vertex 46 21.9 14.45
    endloop
  endfacet
  facet normal 0 0 1
    outer loop
      vertex 45.005 21.802 14.45
      vertex 44.1631 21.2346 14.45
      vertex 45.0636 21.5078 14.45
    endloop
  endfacet
  facet normal -0 0 1
    outer loop
      vertex 44.0483 21.5118 14.45
      vertex 44.1631 21.2346 14.45
      vertex 45.005 21.802 14.45
    endloop
  endfacet
  facet normal 0 0 1
    outer loop
      vertex 44.0483 21.5118 14.45
      vertex 43.3333 20.7911 14.45
      vertex 44.1631 21.2346 14.45
    endloop
  endfacet
  facet normal -0 0 1
    outer loop
      vertex 43.1666 21.0405 14.45
      vertex 43.3333 20.7911 14.45
      vertex 44.0483 21.5118 14.45
    endloop
  endfacet
  facet normal 0 0 1
    outer loop
      vertex 43.1666 21.0405 14.45
      vertex 42.6059 20.1941 14.45
      vertex 43.3333 20.7911 14.45
    endloop
  endfacet
  facet normal -0 0 1
    outer loop
      vertex 42.3938 20.4062 14.45
      vertex 42.6059 20.1941 14.45
      vertex 43.1666 21.0405 14.45
    endloop
  endfacet
  facet normal 0 0 1
    outer loop
      vertex 42.3938 20.4062 14.45
      vertex 42.0089 19.4667 14.45
      vertex 42.6059 20.1941 14.45
    endloop
  endfacet
  facet normal -0 0 1
    outer loop
      vertex 41.7595 19.6334 14.45
      vertex 42.0089 19.4667 14.45
      vertex 42.3938 20.4062 14.45
    endloop
  endfacet
  facet normal 0 0 1
    outer loop
      vertex 41.7595 19.6334 14.45
      vertex 41.5654 18.6369 14.45
      vertex 42.0089 19.4667 14.45
    endloop
  endfacet
  facet normal -0 0 1
    outer loop
      vertex 41.2882 18.7517 14.45
      vertex 41.5654 18.6369 14.45
      vertex 41.7595 19.6334 14.45
    endloop
  endfacet
  facet normal 0 0 1
    outer loop
      vertex 41.5654 18.6369 14.45
      vertex 41.2882 18.7517 14.45
      vertex 41.2922 17.7364 14.45
    endloop
  endfacet
  facet normal -0 0 1
    outer loop
      vertex 40.998 17.795 14.45
      vertex 41.2922 17.7364 14.45
      vertex 41.2882 18.7517 14.45
    endloop
  endfacet
  facet normal 0 0 1
    outer loop
      vertex 41.2922 17.7364 14.45
      vertex 40.998 17.795 14.45
      vertex 41.2 16.8 14.45
    endloop
  endfacet
  facet normal -0 0 1
    outer loop
      vertex 50.7078 15.8636 14.45
      vertex 51.002 15.805 14.45
      vertex 50.8 16.8 14.45
    endloop
  endfacet
  facet normal 0 0 1
    outer loop
      vertex 51.002 15.805 14.45
      vertex 50.7078 15.8636 14.45
      vertex 50.7118 14.8483 14.45
    endloop
  endfacet
  facet normal -0 0 1
    outer loop
      vertex 50.4346 14.9631 14.45
      vertex 50.7118 14.8483 14.45
      vertex 50.7078 15.8636 14.45
    endloop
  endfacet
  facet normal 0 0 1
    outer loop
      vertex 50.4346 14.9631 14.45
      vertex 50.2405 13.9666 14.45
      vertex 50.7118 14.8483 14.45
    endloop
  endfacet
  facet normal -0 0 1
    outer loop
      vertex 49.9911 14.1333 14.45
      vertex 50.2405 13.9666 14.45
      vertex 50.4346 14.9631 14.45
    endloop
  endfacet
  facet normal 0 0 1
    outer loop
      vertex 49.9911 14.1333 14.45
      vertex 49.6062 13.1938 14.45
      vertex 50.2405 13.9666 14.45
    endloop
  endfacet
  facet normal -0 0 1
    outer loop
      vertex 49.3941 13.4059 14.45
      vertex 49.6062 13.1938 14.45
      vertex 49.9911 14.1333 14.45
    endloop
  endfacet
  facet normal 0 0 1
    outer loop
      vertex 49.3941 13.4059 14.45
      vertex 48.8334 12.5595 14.45
      vertex 49.6062 13.1938 14.45
    endloop
  endfacet
  facet normal -0 0 1
    outer loop
      vertex 48.6667 12.8089 14.45
      vertex 48.8334 12.5595 14.45
      vertex 49.3941 13.4059 14.45
    endloop
  endfacet
  facet normal 0 0 1
    outer loop
      vertex 48.6667 12.8089 14.45
      vertex 47.9517 12.0882 14.45
      vertex 48.8334 12.5595 14.45
    endloop
  endfacet
  facet normal -0 0 1
    outer loop
      vertex 47.8369 12.3654 14.45
      vertex 47.9517 12.0882 14.45
      vertex 48.6667 12.8089 14.45
    endloop
  endfacet
  facet normal 0 0 1
    outer loop
      vertex 47.8369 12.3654 14.45
      vertex 46.995 11.798 14.45
      vertex 47.9517 12.0882 14.45
    endloop
  endfacet
  facet normal -0 0 1
    outer loop
      vertex 46.9364 12.0922 14.45
      vertex 46.995 11.798 14.45
      vertex 47.8369 12.3654 14.45
    endloop
  endfacet
  facet normal -0 0 1
    outer loop
      vertex 46 12 14.45
      vertex 46.995 11.798 14.45
      vertex 46.9364 12.0922 14.45
    endloop
  endfacet
  facet normal 0 0 1
    outer loop
      vertex 46 12 14.45
      vertex 46 11.7 14.45
      vertex 46.995 11.798 14.45
    endloop
  endfacet
  facet normal 0 0 1
    outer loop
      vertex 45.0636 12.0922 14.45
      vertex 46 11.7 14.45
      vertex 46 12 14.45
    endloop
  endfacet
  facet normal 0 0 1
    outer loop
      vertex 45.0636 12.0922 14.45
      vertex 45.005 11.798 14.45
      vertex 46 11.7 14.45
    endloop
  endfacet
  facet normal 0 0 1
    outer loop
      vertex 44.1631 12.3654 14.45
      vertex 45.005 11.798 14.45
      vertex 45.0636 12.0922 14.45
    endloop
  endfacet
  facet normal 0 0 1
    outer loop
      vertex 44.1631 12.3654 14.45
      vertex 44.0483 12.0882 14.45
      vertex 45.005 11.798 14.45
    endloop
  endfacet
  facet normal 0 0 1
    outer loop
      vertex 43.3333 12.8089 14.45
      vertex 44.0483 12.0882 14.45
      vertex 44.1631 12.3654 14.45
    endloop
  endfacet
  facet normal 0 0 1
    outer loop
      vertex 43.3333 12.8089 14.45
      vertex 43.1666 12.5595 14.45
      vertex 44.0483 12.0882 14.45
    endloop
  endfacet
  facet normal 0 0 1
    outer loop
      vertex 42.6059 13.4059 14.45
      vertex 43.1666 12.5595 14.45
      vertex 43.3333 12.8089 14.45
    endloop
  endfacet
  facet normal 0 0 1
    outer loop
      vertex 42.6059 13.4059 14.45
      vertex 42.3938 13.1938 14.45
      vertex 43.1666 12.5595 14.45
    endloop
  endfacet
  facet normal 0 0 1
    outer loop
      vertex 42.0089 14.1333 14.45
      vertex 42.3938 13.1938 14.45
      vertex 42.6059 13.4059 14.45
    endloop
  endfacet
  facet normal 0 0 1
    outer loop
      vertex 42.0089 14.1333 14.45
      vertex 41.7595 13.9666 14.45
      vertex 42.3938 13.1938 14.45
    endloop
  endfacet
  facet normal 0 0 1
    outer loop
      vertex 41.5654 14.9631 14.45
      vertex 41.7595 13.9666 14.45
      vertex 42.0089 14.1333 14.45
    endloop
  endfacet
  facet normal 0 0 1
    outer loop
      vertex 41.2882 14.8483 14.45
      vertex 41.5654 14.9631 14.45
      vertex 41.2922 15.8636 14.45
    endloop
  endfacet
  facet normal 0 0 1
    outer loop
      vertex 41.5654 14.9631 14.45
      vertex 41.2882 14.8483 14.45
      vertex 41.7595 13.9666 14.45
    endloop
  endfacet
  facet normal 0 0 1
    outer loop
      vertex 40.998 15.805 14.45
      vertex 41.2922 15.8636 14.45
      vertex 41.2 16.8 14.45
    endloop
  endfacet
  facet normal 0 0 1
    outer loop
      vertex 40.9 16.8 14.45
      vertex 41.2 16.8 14.45
      vertex 40.998 17.795 14.45
    endloop
  endfacet
  facet normal 0 0 1
    outer loop
      vertex 41.2922 15.8636 14.45
      vertex 40.998 15.805 14.45
      vertex 41.2882 14.8483 14.45
    endloop
  endfacet
  facet normal 0 0 1
    outer loop
      vertex 41.2 16.8 14.45
      vertex 40.9 16.8 14.45
      vertex 40.998 15.805 14.45
    endloop
  endfacet
  facet normal -0.956944 -0.290274 0
    outer loop
      vertex 41.2882 14.8483 1.6
      vertex 40.998 15.805 14.45
      vertex 40.998 15.805 1.6
    endloop
  endfacet
  facet normal -0.956944 -0.290274 0
    outer loop
      vertex 40.998 15.805 14.45
      vertex 41.2882 14.8483 1.6
      vertex 41.2882 14.8483 14.45
    endloop
  endfacet
  facet normal -0.881912 -0.471413 0
    outer loop
      vertex 41.7595 13.9666 1.6
      vertex 41.2882 14.8483 14.45
      vertex 41.2882 14.8483 1.6
    endloop
  endfacet
  facet normal -0.881912 -0.471413 0
    outer loop
      vertex 41.2882 14.8483 14.45
      vertex 41.7595 13.9666 1.6
      vertex 41.7595 13.9666 14.45
    endloop
  endfacet
  facet normal -0.956944 0.290274 0
    outer loop
      vertex 40.998 17.795 1.6
      vertex 41.2882 18.7517 14.45
      vertex 41.2882 18.7517 1.6
    endloop
  endfacet
  facet normal -0.956944 0.290274 0
    outer loop
      vertex 41.2882 18.7517 14.45
      vertex 40.998 17.795 1.6
      vertex 40.998 17.795 14.45
    endloop
  endfacet
  facet normal 0.772971 -0.634441 0
    outer loop
      vertex 49.6062 13.1938 14.45
      vertex 50.2405 13.9666 1.6
      vertex 50.2405 13.9666 14.45
    endloop
  endfacet
  facet normal 0.772971 -0.634441 0
    outer loop
      vertex 50.2405 13.9666 1.6
      vertex 49.6062 13.1938 14.45
      vertex 49.6062 13.1938 1.6
    endloop
  endfacet
  facet normal 0.290274 0.956944 -0
    outer loop
      vertex 47.9517 21.5118 1.6
      vertex 46.995 21.802 14.45
      vertex 47.9517 21.5118 14.45
    endloop
  endfacet
  facet normal 0.290274 0.956944 0
    outer loop
      vertex 46.995 21.802 14.45
      vertex 47.9517 21.5118 1.6
      vertex 46.995 21.802 1.6
    endloop
  endfacet
  facet normal -0.471413 0.881912 0
    outer loop
      vertex 44.0483 21.5118 1.6
      vertex 43.1666 21.0405 14.45
      vertex 44.0483 21.5118 14.45
    endloop
  endfacet
  facet normal -0.471413 0.881912 0
    outer loop
      vertex 43.1666 21.0405 14.45
      vertex 44.0483 21.5118 1.6
      vertex 43.1666 21.0405 1.6
    endloop
  endfacet
  facet normal 0.0980182 0.995185 -0
    outer loop
      vertex 46.995 21.802 1.6
      vertex 46 21.9 14.45
      vertex 46.995 21.802 14.45
    endloop
  endfacet
  facet normal 0.0980182 0.995185 0
    outer loop
      vertex 46 21.9 14.45
      vertex 46.995 21.802 1.6
      vertex 46 21.9 1.6
    endloop
  endfacet
  facet normal -0.634441 -0.772971 0
    outer loop
      vertex 42.3938 13.1938 1.6
      vertex 43.1666 12.5595 14.45
      vertex 42.3938 13.1938 14.45
    endloop
  endfacet
  facet normal -0.634441 -0.772971 -0
    outer loop
      vertex 43.1666 12.5595 14.45
      vertex 42.3938 13.1938 1.6
      vertex 43.1666 12.5595 1.6
    endloop
  endfacet
  facet normal 0.471413 -0.881912 0
    outer loop
      vertex 47.9517 12.0882 1.6
      vertex 48.8334 12.5595 14.45
      vertex 47.9517 12.0882 14.45
    endloop
  endfacet
  facet normal 0.471413 -0.881912 0
    outer loop
      vertex 48.8334 12.5595 14.45
      vertex 47.9517 12.0882 1.6
      vertex 48.8334 12.5595 1.6
    endloop
  endfacet
  facet normal -0.290274 0.956944 0
    outer loop
      vertex 45.005 21.802 1.6
      vertex 44.0483 21.5118 14.45
      vertex 45.005 21.802 14.45
    endloop
  endfacet
  facet normal -0.290274 0.956944 0
    outer loop
      vertex 44.0483 21.5118 14.45
      vertex 45.005 21.802 1.6
      vertex 44.0483 21.5118 1.6
    endloop
  endfacet
  facet normal 0.634441 0.772971 -0
    outer loop
      vertex 49.6062 20.4062 1.6
      vertex 48.8334 21.0405 14.45
      vertex 49.6062 20.4062 14.45
    endloop
  endfacet
  facet normal 0.634441 0.772971 0
    outer loop
      vertex 48.8334 21.0405 14.45
      vertex 49.6062 20.4062 1.6
      vertex 48.8334 21.0405 1.6
    endloop
  endfacet
  facet normal 0.471413 0.881912 -0
    outer loop
      vertex 48.8334 21.0405 1.6
      vertex 47.9517 21.5118 14.45
      vertex 48.8334 21.0405 14.45
    endloop
  endfacet
  facet normal 0.471413 0.881912 0
    outer loop
      vertex 47.9517 21.5118 14.45
      vertex 48.8334 21.0405 1.6
      vertex 47.9517 21.5118 1.6
    endloop
  endfacet
  facet normal -0.773063 0.634329 0
    outer loop
      vertex 42 19.9265 1.6
      vertex 41.7595 19.6334 1.6
      vertex 42 19.9265 2.35
    endloop
  endfacet
  facet normal -0.772915 0.634509 0
    outer loop
      vertex 42 19.9265 2.35
      vertex 42.3938 20.4062 14.45
      vertex 42.3938 20.4062 2.35
    endloop
  endfacet
  facet normal -0.773063 0.634329 0
    outer loop
      vertex 41.7595 19.6334 14.45
      vertex 42 19.9265 2.35
      vertex 41.7595 19.6334 1.6
    endloop
  endfacet
  facet normal -0.772971 0.634441 4.54068e-06
    outer loop
      vertex 42 19.9265 2.35
      vertex 41.7595 19.6334 14.45
      vertex 42.3938 20.4062 14.45
    endloop
  endfacet
  facet normal -0.995185 -0.0980182 0
    outer loop
      vertex 40.998 15.805 1.6
      vertex 40.9 16.8 14.45
      vertex 40.9 16.8 1.6
    endloop
  endfacet
  facet normal -0.995185 -0.0980182 0
    outer loop
      vertex 40.9 16.8 14.45
      vertex 40.998 15.805 1.6
      vertex 40.998 15.805 14.45
    endloop
  endfacet
  facet normal -0.772971 -0.634441 0
    outer loop
      vertex 42.3938 13.1938 1.6
      vertex 41.7595 13.9666 14.45
      vertex 41.7595 13.9666 1.6
    endloop
  endfacet
  facet normal -0.772971 -0.634441 0
    outer loop
      vertex 41.7595 13.9666 14.45
      vertex 42.3938 13.1938 1.6
      vertex 42.3938 13.1938 14.45
    endloop
  endfacet
  facet normal -0.0980182 -0.995185 0
    outer loop
      vertex 45.005 11.798 1.6
      vertex 46 11.7 14.45
      vertex 45.005 11.798 14.45
    endloop
  endfacet
  facet normal -0.0980182 -0.995185 -0
    outer loop
      vertex 46 11.7 14.45
      vertex 45.005 11.798 1.6
      vertex 46 11.7 1.6
    endloop
  endfacet
  facet normal -0.290274 -0.956944 0
    outer loop
      vertex 44.0483 12.0882 1.6
      vertex 45.005 11.798 14.45
      vertex 44.0483 12.0882 14.45
    endloop
  endfacet
  facet normal -0.290274 -0.956944 -0
    outer loop
      vertex 45.005 11.798 14.45
      vertex 44.0483 12.0882 1.6
      vertex 45.005 11.798 1.6
    endloop
  endfacet
  facet normal 0.0980182 -0.995185 0
    outer loop
      vertex 46 11.7 1.6
      vertex 46.995 11.798 14.45
      vertex 46 11.7 14.45
    endloop
  endfacet
  facet normal 0.0980182 -0.995185 0
    outer loop
      vertex 46.995 11.798 14.45
      vertex 46 11.7 1.6
      vertex 46.995 11.798 1.6
    endloop
  endfacet
  facet normal 0.95693 0.29032 0
    outer loop
      vertex 50.7078 17.7364 15
      vertex 50.4346 18.6369 14.45
      vertex 50.4346 18.6369 15
    endloop
  endfacet
  facet normal 0.95693 0.29032 0
    outer loop
      vertex 50.4346 18.6369 14.45
      vertex 50.7078 17.7364 15
      vertex 50.7078 17.7364 14.45
    endloop
  endfacet
  facet normal 0.995188 0.0979884 0
    outer loop
      vertex 50.8 16.8 15
      vertex 50.7078 17.7364 14.45
      vertex 50.7078 17.7364 15
    endloop
  endfacet
  facet normal 0.995188 0.0979884 0
    outer loop
      vertex 50.7078 17.7364 14.45
      vertex 50.8 16.8 15
      vertex 50.8 16.8 14.45
    endloop
  endfacet
  facet normal 0.881938 0.471366 0
    outer loop
      vertex 50.4346 18.6369 15
      vertex 49.9911 19.4667 14.45
      vertex 49.9911 19.4667 15
    endloop
  endfacet
  facet normal 0.881938 0.471366 0
    outer loop
      vertex 49.9911 19.4667 14.45
      vertex 50.4346 18.6369 15
      vertex 50.4346 18.6369 14.45
    endloop
  endfacet
  facet normal 0.471366 0.881938 -0
    outer loop
      vertex 48.6667 20.7911 14.45
      vertex 47.8369 21.2346 15
      vertex 48.6667 20.7911 15
    endloop
  endfacet
  facet normal 0.471366 0.881938 0
    outer loop
      vertex 47.8369 21.2346 15
      vertex 48.6667 20.7911 14.45
      vertex 47.8369 21.2346 14.45
    endloop
  endfacet
  facet normal 0.995188 -0.0979884 0
    outer loop
      vertex 50.7078 15.8636 15
      vertex 50.8 16.8 14.45
      vertex 50.8 16.8 15
    endloop
  endfacet
  facet normal 0.995188 -0.0979884 0
    outer loop
      vertex 50.8 16.8 14.45
      vertex 50.7078 15.8636 15
      vertex 50.7078 15.8636 14.45
    endloop
  endfacet
  facet normal -0.95693 0.29032 0
    outer loop
      vertex 41.2922 17.7364 14.45
      vertex 41.5654 18.6369 15
      vertex 41.5654 18.6369 14.45
    endloop
  endfacet
  facet normal -0.95693 0.29032 0
    outer loop
      vertex 41.5654 18.6369 15
      vertex 41.2922 17.7364 14.45
      vertex 41.2922 17.7364 15
    endloop
  endfacet
  facet normal -0.0979884 0.995188 0
    outer loop
      vertex 46 21.6 14.45
      vertex 45.0636 21.5078 15
      vertex 46 21.6 15
    endloop
  endfacet
  facet normal -0.0979884 0.995188 0
    outer loop
      vertex 45.0636 21.5078 15
      vertex 46 21.6 14.45
      vertex 45.0636 21.5078 14.45
    endloop
  endfacet
  facet normal 0.772991 0.634418 0
    outer loop
      vertex 49.9911 19.4667 15
      vertex 49.3941 20.1941 14.45
      vertex 49.3941 20.1941 15
    endloop
  endfacet
  facet normal 0.772991 0.634418 0
    outer loop
      vertex 49.3941 20.1941 14.45
      vertex 49.9911 19.4667 15
      vertex 49.9911 19.4667 14.45
    endloop
  endfacet
  facet normal -0.634418 0.772991 0
    outer loop
      vertex 43.3333 20.7911 14.45
      vertex 42.6059 20.1941 15
      vertex 43.3333 20.7911 15
    endloop
  endfacet
  facet normal -0.634418 0.772991 0
    outer loop
      vertex 42.6059 20.1941 15
      vertex 43.3333 20.7911 14.45
      vertex 42.6059 20.1941 14.45
    endloop
  endfacet
  facet normal -0.995188 0.0979884 0
    outer loop
      vertex 41.2 16.8 14.45
      vertex 41.2922 17.7364 15
      vertex 41.2922 17.7364 14.45
    endloop
  endfacet
  facet normal -0.995188 0.0979884 0
    outer loop
      vertex 41.2922 17.7364 15
      vertex 41.2 16.8 14.45
      vertex 41.2 16.8 15
    endloop
  endfacet
  facet normal -0.995188 -0.0979884 0
    outer loop
      vertex 41.2922 15.8636 14.45
      vertex 41.2 16.8 15
      vertex 41.2 16.8 14.45
    endloop
  endfacet
  facet normal -0.995188 -0.0979884 0
    outer loop
      vertex 41.2 16.8 15
      vertex 41.2922 15.8636 14.45
      vertex 41.2922 15.8636 15
    endloop
  endfacet
  facet normal -0.881938 0.471366 0
    outer loop
      vertex 41.5654 18.6369 14.45
      vertex 42.0089 19.4667 15
      vertex 42.0089 19.4667 14.45
    endloop
  endfacet
  facet normal -0.881938 0.471366 0
    outer loop
      vertex 42.0089 19.4667 15
      vertex 41.5654 18.6369 14.45
      vertex 41.5654 18.6369 15
    endloop
  endfacet
  facet normal 0.0979884 -0.995188 0
    outer loop
      vertex 46 12 14.45
      vertex 46.9364 12.0922 15
      vertex 46 12 15
    endloop
  endfacet
  facet normal 0.0979884 -0.995188 0
    outer loop
      vertex 46.9364 12.0922 15
      vertex 46 12 14.45
      vertex 46.9364 12.0922 14.45
    endloop
  endfacet
  facet normal 0.95693 -0.29032 0
    outer loop
      vertex 50.4346 14.9631 15
      vertex 50.7078 15.8636 14.45
      vertex 50.7078 15.8636 15
    endloop
  endfacet
  facet normal 0.95693 -0.29032 0
    outer loop
      vertex 50.7078 15.8636 14.45
      vertex 50.4346 14.9631 15
      vertex 50.4346 14.9631 14.45
    endloop
  endfacet
  facet normal -0.471366 0.881938 0
    outer loop
      vertex 44.1631 21.2346 14.45
      vertex 43.3333 20.7911 15
      vertex 44.1631 21.2346 15
    endloop
  endfacet
  facet normal -0.471366 0.881938 0
    outer loop
      vertex 43.3333 20.7911 15
      vertex 44.1631 21.2346 14.45
      vertex 43.3333 20.7911 14.45
    endloop
  endfacet
  facet normal -0 0 1
    outer loop
      vertex 42.9 16.62 15
      vertex 45.82 13.7 15
      vertex 45.82 16.62 15
    endloop
  endfacet
  facet normal 0 0 1
    outer loop
      vertex 45.82 13.7 15
      vertex 44.1631 12.3654 15
      vertex 45.0636 12.0922 15
    endloop
  endfacet
  facet normal 0 0 1
    outer loop
      vertex 45.82 13.7 15
      vertex 43.3333 12.8089 15
      vertex 44.1631 12.3654 15
    endloop
  endfacet
  facet normal 0 0 1
    outer loop
      vertex 45.82 13.7 15
      vertex 42.9 16.62 15
      vertex 42.6059 13.4059 15
    endloop
  endfacet
  facet normal 0 0 1
    outer loop
      vertex 45.82 13.7 15
      vertex 42.6059 13.4059 15
      vertex 43.3333 12.8089 15
    endloop
  endfacet
  facet normal -0 0 1
    outer loop
      vertex 41.5654 18.6369 15
      vertex 42.9 16.98 15
      vertex 42.0089 19.4667 15
    endloop
  endfacet
  facet normal -0 0 1
    outer loop
      vertex 41.2922 17.7364 15
      vertex 42.9 16.98 15
      vertex 41.5654 18.6369 15
    endloop
  endfacet
  facet normal 0 0 1
    outer loop
      vertex 42.9 16.62 15
      vertex 42.0089 14.1333 15
      vertex 42.6059 13.4059 15
    endloop
  endfacet
  facet normal 0 0 1
    outer loop
      vertex 41.2 16.8 15
      vertex 42.9 16.98 15
      vertex 41.2922 17.7364 15
    endloop
  endfacet
  facet normal 0 0 1
    outer loop
      vertex 42.9 16.62 15
      vertex 41.5654 14.9631 15
      vertex 42.0089 14.1333 15
    endloop
  endfacet
  facet normal 0 0 1
    outer loop
      vertex 42.9 16.98 15
      vertex 41.2 16.8 15
      vertex 42.9 16.62 15
    endloop
  endfacet
  facet normal 0 0 1
    outer loop
      vertex 42.9 16.62 15
      vertex 41.2922 15.8636 15
      vertex 41.5654 14.9631 15
    endloop
  endfacet
  facet normal 0 0 1
    outer loop
      vertex 42.9 16.62 15
      vertex 41.2 16.8 15
      vertex 41.2922 15.8636 15
    endloop
  endfacet
  facet normal 0 0 1
    outer loop
      vertex 46 21.6 15
      vertex 46.18 19.9 15
      vertex 46.9364 21.5078 15
    endloop
  endfacet
  facet normal 0 0 1
    outer loop
      vertex 46 21.6 15
      vertex 45.82 19.9 15
      vertex 46.18 19.9 15
    endloop
  endfacet
  facet normal -0 0 1
    outer loop
      vertex 45.0636 21.5078 15
      vertex 45.82 19.9 15
      vertex 46 21.6 15
    endloop
  endfacet
  facet normal -0 0 1
    outer loop
      vertex 44.1631 21.2346 15
      vertex 45.82 19.9 15
      vertex 45.0636 21.5078 15
    endloop
  endfacet
  facet normal -0 0 1
    outer loop
      vertex 43.3333 20.7911 15
      vertex 45.82 19.9 15
      vertex 44.1631 21.2346 15
    endloop
  endfacet
  facet normal -0 0 1
    outer loop
      vertex 42.6059 20.1941 15
      vertex 45.82 19.9 15
      vertex 43.3333 20.7911 15
    endloop
  endfacet
  facet normal 0 -0 1
    outer loop
      vertex 42.9 16.98 15
      vertex 45.82 19.9 15
      vertex 42.6059 20.1941 15
    endloop
  endfacet
  facet normal -0 0 1
    outer loop
      vertex 42.0089 19.4667 15
      vertex 42.9 16.98 15
      vertex 42.6059 20.1941 15
    endloop
  endfacet
  facet normal 0 0 1
    outer loop
      vertex 45.82 19.9 15
      vertex 42.9 16.98 15
      vertex 45.82 16.98 15
    endloop
  endfacet
  facet normal -0 0 1
    outer loop
      vertex 49.1 16.98 15
      vertex 50.8 16.8 15
      vertex 50.7078 17.7364 15
    endloop
  endfacet
  facet normal 0 0 1
    outer loop
      vertex 49.1 16.98 15
      vertex 50.7078 17.7364 15
      vertex 50.4346 18.6369 15
    endloop
  endfacet
  facet normal 0 0 1
    outer loop
      vertex 49.1 16.62 15
      vertex 50.8 16.8 15
      vertex 49.1 16.98 15
    endloop
  endfacet
  facet normal 0 0 1
    outer loop
      vertex 49.1 16.98 15
      vertex 50.4346 18.6369 15
      vertex 49.9911 19.4667 15
    endloop
  endfacet
  facet normal 0 0 1
    outer loop
      vertex 50.8 16.8 15
      vertex 49.1 16.62 15
      vertex 50.7078 15.8636 15
    endloop
  endfacet
  facet normal 0 0 1
    outer loop
      vertex 49.1 16.98 15
      vertex 49.9911 19.4667 15
      vertex 49.3941 20.1941 15
    endloop
  endfacet
  facet normal 0 0 1
    outer loop
      vertex 50.7078 15.8636 15
      vertex 49.1 16.62 15
      vertex 50.4346 14.9631 15
    endloop
  endfacet
  facet normal 0 0 1
    outer loop
      vertex 50.4346 14.9631 15
      vertex 49.1 16.62 15
      vertex 49.9911 14.1333 15
    endloop
  endfacet
  facet normal 0 0 1
    outer loop
      vertex 46.18 19.9 15
      vertex 49.3941 20.1941 15
      vertex 48.6667 20.7911 15
    endloop
  endfacet
  facet normal 0 0 1
    outer loop
      vertex 46.18 19.9 15
      vertex 48.6667 20.7911 15
      vertex 47.8369 21.2346 15
    endloop
  endfacet
  facet normal 0 0 1
    outer loop
      vertex 46.18 19.9 15
      vertex 47.8369 21.2346 15
      vertex 46.9364 21.5078 15
    endloop
  endfacet
  facet normal 0 0 1
    outer loop
      vertex 49.3941 20.1941 15
      vertex 46.18 19.9 15
      vertex 49.1 16.98 15
    endloop
  endfacet
  facet normal 0 0 1
    outer loop
      vertex 49.1 16.98 15
      vertex 46.18 19.9 15
      vertex 46.18 16.98 15
    endloop
  endfacet
  facet normal 0 0 1
    outer loop
      vertex 49.9911 14.1333 15
      vertex 49.1 16.62 15
      vertex 49.3941 13.4059 15
    endloop
  endfacet
  facet normal -0 0 1
    outer loop
      vertex 46.18 13.7 15
      vertex 49.3941 13.4059 15
      vertex 49.1 16.62 15
    endloop
  endfacet
  facet normal 0 0 1
    outer loop
      vertex 49.3941 13.4059 15
      vertex 46.18 13.7 15
      vertex 48.6667 12.8089 15
    endloop
  endfacet
  facet normal 0 0 1
    outer loop
      vertex 48.6667 12.8089 15
      vertex 46.18 13.7 15
      vertex 47.8369 12.3654 15
    endloop
  endfacet
  facet normal 0 0 1
    outer loop
      vertex 46.18 13.7 15
      vertex 49.1 16.62 15
      vertex 46.18 16.62 15
    endloop
  endfacet
  facet normal 0 0 1
    outer loop
      vertex 47.8369 12.3654 15
      vertex 46.18 13.7 15
      vertex 46.9364 12.0922 15
    endloop
  endfacet
  facet normal 0 0 1
    outer loop
      vertex 46.18 13.7 15
      vertex 46 12 15
      vertex 46.9364 12.0922 15
    endloop
  endfacet
  facet normal -0 0 1
    outer loop
      vertex 45.82 13.7 15
      vertex 46 12 15
      vertex 46.18 13.7 15
    endloop
  endfacet
  facet normal 0 0 1
    outer loop
      vertex 46 12 15
      vertex 45.82 13.7 15
      vertex 45.0636 12.0922 15
    endloop
  endfacet
  facet normal 0.29032 -0.95693 0
    outer loop
      vertex 46.9364 12.0922 14.45
      vertex 47.8369 12.3654 15
      vertex 46.9364 12.0922 15
    endloop
  endfacet
  facet normal 0.29032 -0.95693 0
    outer loop
      vertex 47.8369 12.3654 15
      vertex 46.9364 12.0922 14.45
      vertex 47.8369 12.3654 14.45
    endloop
  endfacet
  facet normal 0.0979884 0.995188 -0
    outer loop
      vertex 46.9364 21.5078 14.45
      vertex 46 21.6 15
      vertex 46.9364 21.5078 15
    endloop
  endfacet
  facet normal 0.0979884 0.995188 0
    outer loop
      vertex 46 21.6 15
      vertex 46.9364 21.5078 14.45
      vertex 46 21.6 14.45
    endloop
  endfacet
  facet normal -0.29032 0.95693 0
    outer loop
      vertex 45.0636 21.5078 14.45
      vertex 44.1631 21.2346 15
      vertex 45.0636 21.5078 15
    endloop
  endfacet
  facet normal -0.29032 0.95693 0
    outer loop
      vertex 44.1631 21.2346 15
      vertex 45.0636 21.5078 14.45
      vertex 44.1631 21.2346 14.45
    endloop
  endfacet
  facet normal 0.471366 -0.881938 0
    outer loop
      vertex 47.8369 12.3654 14.45
      vertex 48.6667 12.8089 15
      vertex 47.8369 12.3654 15
    endloop
  endfacet
  facet normal 0.471366 -0.881938 0
    outer loop
      vertex 48.6667 12.8089 15
      vertex 47.8369 12.3654 14.45
      vertex 48.6667 12.8089 14.45
    endloop
  endfacet
  facet normal 0.881938 -0.471366 0
    outer loop
      vertex 49.9911 14.1333 15
      vertex 50.4346 14.9631 14.45
      vertex 50.4346 14.9631 15
    endloop
  endfacet
  facet normal 0.881938 -0.471366 0
    outer loop
      vertex 50.4346 14.9631 14.45
      vertex 49.9911 14.1333 15
      vertex 49.9911 14.1333 14.45
    endloop
  endfacet
  facet normal 0.29032 0.95693 -0
    outer loop
      vertex 47.8369 21.2346 14.45
      vertex 46.9364 21.5078 15
      vertex 47.8369 21.2346 15
    endloop
  endfacet
  facet normal 0.29032 0.95693 0
    outer loop
      vertex 46.9364 21.5078 15
      vertex 47.8369 21.2346 14.45
      vertex 46.9364 21.5078 14.45
    endloop
  endfacet
  facet normal 0.634418 0.772991 -0
    outer loop
      vertex 49.3941 20.1941 14.45
      vertex 48.6667 20.7911 15
      vertex 49.3941 20.1941 15
    endloop
  endfacet
  facet normal 0.634418 0.772991 0
    outer loop
      vertex 48.6667 20.7911 15
      vertex 49.3941 20.1941 14.45
      vertex 48.6667 20.7911 14.45
    endloop
  endfacet
  facet normal -0.95693 -0.29032 0
    outer loop
      vertex 41.5654 14.9631 14.45
      vertex 41.2922 15.8636 15
      vertex 41.2922 15.8636 14.45
    endloop
  endfacet
  facet normal -0.95693 -0.29032 0
    outer loop
      vertex 41.2922 15.8636 15
      vertex 41.5654 14.9631 14.45
      vertex 41.5654 14.9631 15
    endloop
  endfacet
  facet normal 0.634418 -0.772991 0
    outer loop
      vertex 48.6667 12.8089 14.45
      vertex 49.3941 13.4059 15
      vertex 48.6667 12.8089 15
    endloop
  endfacet
  facet normal 0.634418 -0.772991 0
    outer loop
      vertex 49.3941 13.4059 15
      vertex 48.6667 12.8089 14.45
      vertex 49.3941 13.4059 14.45
    endloop
  endfacet
  facet normal 0.772991 -0.634418 0
    outer loop
      vertex 49.3941 13.4059 15
      vertex 49.9911 14.1333 14.45
      vertex 49.9911 14.1333 15
    endloop
  endfacet
  facet normal 0.772991 -0.634418 0
    outer loop
      vertex 49.9911 14.1333 14.45
      vertex 49.3941 13.4059 15
      vertex 49.3941 13.4059 14.45
    endloop
  endfacet
  facet normal -0.634418 -0.772991 0
    outer loop
      vertex 42.6059 13.4059 14.45
      vertex 43.3333 12.8089 15
      vertex 42.6059 13.4059 15
    endloop
  endfacet
  facet normal -0.634418 -0.772991 -0
    outer loop
      vertex 43.3333 12.8089 15
      vertex 42.6059 13.4059 14.45
      vertex 43.3333 12.8089 14.45
    endloop
  endfacet
  facet normal -0.881938 -0.471366 0
    outer loop
      vertex 42.0089 14.1333 14.45
      vertex 41.5654 14.9631 15
      vertex 41.5654 14.9631 14.45
    endloop
  endfacet
  facet normal -0.881938 -0.471366 0
    outer loop
      vertex 41.5654 14.9631 15
      vertex 42.0089 14.1333 14.45
      vertex 42.0089 14.1333 15
    endloop
  endfacet
  facet normal -0.772991 -0.634418 0
    outer loop
      vertex 42.6059 13.4059 14.45
      vertex 42.0089 14.1333 15
      vertex 42.0089 14.1333 14.45
    endloop
  endfacet
  facet normal -0.772991 -0.634418 0
    outer loop
      vertex 42.0089 14.1333 15
      vertex 42.6059 13.4059 14.45
      vertex 42.6059 13.4059 15
    endloop
  endfacet
  facet normal -0.0979884 -0.995188 0
    outer loop
      vertex 45.0636 12.0922 14.45
      vertex 46 12 15
      vertex 45.0636 12.0922 15
    endloop
  endfacet
  facet normal -0.0979884 -0.995188 -0
    outer loop
      vertex 46 12 15
      vertex 45.0636 12.0922 14.45
      vertex 46 12 14.45
    endloop
  endfacet
  facet normal -0.29032 -0.95693 0
    outer loop
      vertex 44.1631 12.3654 14.45
      vertex 45.0636 12.0922 15
      vertex 44.1631 12.3654 15
    endloop
  endfacet
  facet normal -0.29032 -0.95693 -0
    outer loop
      vertex 45.0636 12.0922 15
      vertex 44.1631 12.3654 14.45
      vertex 45.0636 12.0922 14.45
    endloop
  endfacet
  facet normal -0.471366 -0.881938 0
    outer loop
      vertex 43.3333 12.8089 14.45
      vertex 44.1631 12.3654 15
      vertex 43.3333 12.8089 15
    endloop
  endfacet
  facet normal -0.471366 -0.881938 -0
    outer loop
      vertex 44.1631 12.3654 15
      vertex 43.3333 12.8089 14.45
      vertex 44.1631 12.3654 14.45
    endloop
  endfacet
  facet normal -0.772991 0.634418 0
    outer loop
      vertex 42.0089 19.4667 14.45
      vertex 42.6059 20.1941 15
      vertex 42.6059 20.1941 14.45
    endloop
  endfacet
  facet normal -0.772991 0.634418 0
    outer loop
      vertex 42.6059 20.1941 15
      vertex 42.0089 19.4667 14.45
      vertex 42.0089 19.4667 15
    endloop
  endfacet
  facet normal -0.881844 0.471542 0
    outer loop
      vertex 25.477 12.5758 5.80698
      vertex 25.5078 12.6334 7.9
      vertex 25.5078 12.6334 5.80839
    endloop
  endfacet
  facet normal -0.88201 0.47123 1.10248e-05
    outer loop
      vertex 25.2751 12.1979 5.79778
      vertex 25.5078 12.6334 7.9
      vertex 25.477 12.5758 5.80698
    endloop
  endfacet
  facet normal -0.881802 0.471621 9.98006e-06
    outer loop
      vertex 25.1197 11.9073 7.9
      vertex 25.2751 12.1979 5.79778
      vertex 25.1684 11.9984 5.80587
    endloop
  endfacet
  facet normal -0.881897 0.471442 0
    outer loop
      vertex 25.1197 11.9073 7.9
      vertex 25.1684 11.9984 5.80587
      vertex 25.1197 11.9073 5.80957
    endloop
  endfacet
  facet normal -0.881926 0.471389 -3.1246e-05
    outer loop
      vertex 25.2751 12.1979 5.79778
      vertex 25.1197 11.9073 7.9
      vertex 25.5078 12.6334 7.9
    endloop
  endfacet
  facet normal -0.99518 0.0980652 0
    outer loop
      vertex 24.8645 10.955 5.80013
      vertex 24.8807 11.1194 7.9
      vertex 24.8807 11.1194 5.80839
    endloop
  endfacet
  facet normal -0.995203 0.0978352 1.81803e-05
    outer loop
      vertex 24.8436 10.7424 5.80166
      vertex 24.8807 11.1194 7.9
      vertex 24.8645 10.955 5.80013
    endloop
  endfacet
  facet normal -0.995179 0.0980782 0
    outer loop
      vertex 24.8 10.3 7.9
      vertex 24.8436 10.7424 5.80166
      vertex 24.8 10.3 5.80484
    endloop
  endfacet
  facet normal -0.995185 0.0980125 -1.39839e-05
    outer loop
      vertex 24.8436 10.7424 5.80166
      vertex 24.8 10.3 7.9
      vertex 24.8807 11.1194 7.9
    endloop
  endfacet
  facet normal 0.957024 0.290007 0
    outer loop
      vertex 32.8803 11.9073 7.9
      vertex 32.9103 11.8083 5.80587
      vertex 32.8803 11.9073 5.80957
    endloop
  endfacet
  facet normal 0.956872 0.290511 -2.60175e-05
    outer loop
      vertex 32.8803 11.9073 7.9
      vertex 32.976 11.5919 5.79778
      vertex 32.9103 11.8083 5.80587
    endloop
  endfacet
  facet normal 0.956943 0.290277 1.23811e-05
    outer loop
      vertex 33.1193 11.1194 7.9
      vertex 32.976 11.5919 5.79778
      vertex 32.8803 11.9073 7.9
    endloop
  endfacet
  facet normal 0.956987 0.29013 -2.37137e-05
    outer loop
      vertex 32.976 11.5919 5.79778
      vertex 33.1193 11.1194 7.9
      vertex 33.1003 11.1819 5.80698
    endloop
  endfacet
  facet normal 0.956767 0.290857 0
    outer loop
      vertex 33.1003 11.1819 5.80698
      vertex 33.1193 11.1194 7.9
      vertex 33.1193 11.1194 5.80839
    endloop
  endfacet
  facet normal 0.290288 -0.956939 1.45476e-06
    outer loop
      vertex 30.2919 6.32403 5.79778
      vertex 30.6073 6.41971 7.9
      vertex 29.8194 6.1807 7.9
    endloop
  endfacet
  facet normal 0.290296 -0.956937 0
    outer loop
      vertex 29.8819 6.19966 5.80698
      vertex 29.8194 6.1807 7.9
      vertex 29.8194 6.1807 5.80839
    endloop
  endfacet
  facet normal 0.29028 -0.956942 -5.30045e-07
    outer loop
      vertex 30.2919 6.32403 5.79778
      vertex 29.8194 6.1807 7.9
      vertex 29.8819 6.19966 5.80698
    endloop
  endfacet
  facet normal 0.290096 -0.956998 0
    outer loop
      vertex 30.6073 6.41971 7.9
      vertex 30.5083 6.3897 5.80587
      vertex 30.6073 6.41971 5.80957
    endloop
  endfacet
  facet normal 0.29039 -0.956909 -1.51584e-05
    outer loop
      vertex 30.6073 6.41971 7.9
      vertex 30.2919 6.32403 5.79778
      vertex 30.5083 6.3897 5.80587
    endloop
  endfacet
  facet normal 0.0980652 0.99518 0
    outer loop
      vertex 29.655 14.4355 5.80013
      vertex 29.8194 14.4193 7.9
      vertex 29.8194 14.4193 5.80839
    endloop
  endfacet
  facet normal 0.0978352 0.995203 1.81803e-05
    outer loop
      vertex 29.4424 14.4564 5.80166
      vertex 29.8194 14.4193 7.9
      vertex 29.655 14.4355 5.80013
    endloop
  endfacet
  facet normal 0.0980782 0.995179 0
    outer loop
      vertex 29 14.5 7.9
      vertex 29.4424 14.4564 5.80166
      vertex 29 14.5 5.80484
    endloop
  endfacet
  facet normal 0.0980125 0.995185 -1.39839e-05
    outer loop
      vertex 29.8194 14.4193 7.9
      vertex 29.4424 14.4564 5.80166
      vertex 29 14.5 7.9
    endloop
  endfacet
  facet normal 0.995178 -0.0980804 0
    outer loop
      vertex 33.2 10.3 7.9
      vertex 33.1564 9.85761 5.80166
      vertex 33.2 10.3 5.80484
    endloop
  endfacet
  facet normal 0.995185 -0.0980149 -1.39466e-05
    outer loop
      vertex 33.1193 9.48062 7.9
      vertex 33.1564 9.85761 5.80166
      vertex 33.2 10.3 7.9
    endloop
  endfacet
  facet normal 0.995203 -0.0978306 1.94716e-05
    outer loop
      vertex 33.1564 9.85761 5.80166
      vertex 33.1193 9.48062 7.9
      vertex 33.1355 9.645 5.80013
    endloop
  endfacet
  facet normal 0.995179 -0.098077 0
    outer loop
      vertex 33.1355 9.645 5.80013
      vertex 33.1193 9.48062 7.9
      vertex 33.1193 9.48062 5.80839
    endloop
  endfacet
  facet normal 0.882047 -0.471161 0
    outer loop
      vertex 32.8803 8.69273 7.9
      vertex 32.8316 8.60156 5.80587
      vertex 32.8803 8.69273 5.80957
    endloop
  endfacet
  facet normal 0.881801 -0.471621 2.57727e-05
    outer loop
      vertex 32.8803 8.69273 7.9
      vertex 32.7249 8.40206 5.79778
      vertex 32.8316 8.60156 5.80587
    endloop
  endfacet
  facet normal 0.881931 -0.471379 -1.7345e-05
    outer loop
      vertex 32.4922 7.96661 7.9
      vertex 32.7249 8.40206 5.79778
      vertex 32.8803 8.69273 7.9
    endloop
  endfacet
  facet normal 0.88199 -0.471269 1.1904e-05
    outer loop
      vertex 32.7249 8.40206 5.79778
      vertex 32.4922 7.96661 7.9
      vertex 32.523 8.0242 5.80698
    endloop
  endfacet
  facet normal 0.88181 -0.471605 0
    outer loop
      vertex 32.523 8.0242 5.80698
      vertex 32.4922 7.96661 7.9
      vertex 32.4922 7.96661 5.80839
    endloop
  endfacet
  facet normal 0.0980125 -0.995185 -9.61554e-08
    outer loop
      vertex 29.2182 6.12149 5.80327
      vertex 29.8194 6.1807 7.9
      vertex 29 6.1 7.9
    endloop
  endfacet
  facet normal 0.0980134 -0.995185 0
    outer loop
      vertex 29.2182 6.12149 5.80327
      vertex 29 6.1 7.9
      vertex 29 6.1 5.80484
    endloop
  endfacet
  facet normal 0.0980148 -0.995185 -7.54734e-07
    outer loop
      vertex 29.8194 6.1807 7.9
      vertex 29.2182 6.12149 5.80327
      vertex 29.655 6.16451 5.80013
    endloop
  endfacet
  facet normal 0.0980052 -0.995186 0
    outer loop
      vertex 29.8194 6.1807 7.9
      vertex 29.655 6.16451 5.80013
      vertex 29.8194 6.1807 5.80839
    endloop
  endfacet
  facet normal -0.290297 -0.956937 0
    outer loop
      vertex 27.7081 6.32403 5.79778
      vertex 27.3927 6.41971 7.9
      vertex 27.3927 6.41971 5.80957
    endloop
  endfacet
  facet normal -0.290288 -0.956939 1.45476e-06
    outer loop
      vertex 27.3927 6.41971 7.9
      vertex 27.7081 6.32403 5.79778
      vertex 28.1806 6.1807 7.9
    endloop
  endfacet
  facet normal -0.290349 -0.956921 -0
    outer loop
      vertex 28.1806 6.1807 7.9
      vertex 27.9145 6.26144 5.80241
      vertex 28.1806 6.1807 5.80839
    endloop
  endfacet
  facet normal -0.290196 -0.956967 -2.11405e-05
    outer loop
      vertex 28.1806 6.1807 7.9
      vertex 27.7081 6.32403 5.79778
      vertex 27.9145 6.26144 5.80241
    endloop
  endfacet
  facet normal 0.99518 0.0980652 0
    outer loop
      vertex 33.1193 11.1194 7.9
      vertex 33.1355 10.955 5.80013
      vertex 33.1193 11.1194 5.80839
    endloop
  endfacet
  facet normal 0.995189 0.0979697 7.54737e-06
    outer loop
      vertex 33.1193 11.1194 7.9
      vertex 33.1785 10.5182 5.80327
      vertex 33.1355 10.955 5.80013
    endloop
  endfacet
  facet normal 0.995185 0.0980125 -4.84252e-06
    outer loop
      vertex 33.2 10.3 7.9
      vertex 33.1785 10.5182 5.80327
      vertex 33.1193 11.1194 7.9
    endloop
  endfacet
  facet normal 0.995181 0.0980586 0
    outer loop
      vertex 33.1785 10.5182 5.80327
      vertex 33.2 10.3 7.9
      vertex 33.2 10.3 5.80484
    endloop
  endfacet
  facet normal 0.634427 -0.772983 0
    outer loop
      vertex 31.9698 7.33015 7.9
      vertex 31.6262 7.04814 5.80166
      vertex 31.9698 7.33015 5.80484
    endloop
  endfacet
  facet normal 0.634466 -0.772951 1.13085e-05
    outer loop
      vertex 31.3334 6.80783 7.9
      vertex 31.4611 6.91262 5.80013
      vertex 31.6262 7.04814 5.80166
    endloop
  endfacet
  facet normal 0.634355 -0.773042 0
    outer loop
      vertex 31.4611 6.91262 5.80013
      vertex 31.3334 6.80783 7.9
      vertex 31.3334 6.80783 5.80839
    endloop
  endfacet
  facet normal 0.634422 -0.772987 1.16465e-06
    outer loop
      vertex 31.3334 6.80783 7.9
      vertex 31.6262 7.04814 5.80166
      vertex 31.9698 7.33015 7.9
    endloop
  endfacet
  facet normal -0.772988 -0.634421 0
    outer loop
      vertex 25.6126 7.83892 5.80013
      vertex 25.5078 7.96661 7.9
      vertex 25.5078 7.96661 5.80839
    endloop
  endfacet
  facet normal -0.773072 -0.634318 -1.04207e-05
    outer loop
      vertex 25.7481 7.67378 5.80166
      vertex 25.5078 7.96661 7.9
      vertex 25.6126 7.83892 5.80013
    endloop
  endfacet
  facet normal -0.772911 -0.634514 -0
    outer loop
      vertex 26.0302 7.33015 7.9
      vertex 25.7481 7.67378 5.80166
      vertex 26.0302 7.33015 5.80484
    endloop
  endfacet
  facet normal -0.772968 -0.634445 1.9131e-05
    outer loop
      vertex 25.7481 7.67378 5.80166
      vertex 26.0302 7.33015 7.9
      vertex 25.5078 7.96661 7.9
    endloop
  endfacet
  facet normal -0.471408 -0.881915 -1.53021e-05
    outer loop
      vertex 27.1021 6.57508 5.79778
      vertex 27.3927 6.41971 7.9
      vertex 26.6666 6.80783 7.9
    endloop
  endfacet
  facet normal -0.471422 -0.881908 0
    outer loop
      vertex 26.7242 6.77704 5.80698
      vertex 26.6666 6.80783 7.9
      vertex 26.6666 6.80783 5.80839
    endloop
  endfacet
  facet normal -0.471339 -0.881952 2.95129e-06
    outer loop
      vertex 27.1021 6.57508 5.79778
      vertex 26.6666 6.80783 7.9
      vertex 26.7242 6.77704 5.80698
    endloop
  endfacet
  facet normal -0.471668 -0.881776 -0
    outer loop
      vertex 27.3927 6.41971 7.9
      vertex 27.3016 6.46844 5.80587
      vertex 27.3927 6.41971 5.80957
    endloop
  endfacet
  facet normal -0.471414 -0.881912 -1.42339e-05
    outer loop
      vertex 27.3927 6.41971 7.9
      vertex 27.1021 6.57508 5.79778
      vertex 27.3016 6.46844 5.80587
    endloop
  endfacet
  facet normal 0.881945 0.471353 0
    outer loop
      vertex 32.4922 12.6334 7.9
      vertex 32.6233 12.3881 5.80241
      vertex 32.4922 12.6334 5.80839
    endloop
  endfacet
  facet normal 0.882045 0.471165 2.82467e-05
    outer loop
      vertex 32.4922 12.6334 7.9
      vertex 32.7249 12.1979 5.79778
      vertex 32.6233 12.3881 5.80241
    endloop
  endfacet
  facet normal 0.881926 0.471389 -3.1246e-05
    outer loop
      vertex 32.8803 11.9073 7.9
      vertex 32.7249 12.1979 5.79778
      vertex 32.4922 12.6334 7.9
    endloop
  endfacet
  facet normal 0.881832 0.471564 0
    outer loop
      vertex 32.7249 12.1979 5.79778
      vertex 32.8803 11.9073 7.9
      vertex 32.8803 11.9073 5.80957
    endloop
  endfacet
  facet normal -0.0980052 -0.995186 0
    outer loop
      vertex 28.345 6.16451 5.80013
      vertex 28.1806 6.1807 7.9
      vertex 28.1806 6.1807 5.80839
    endloop
  endfacet
  facet normal -0.0980205 -0.995184 -1.20754e-06
    outer loop
      vertex 28.5576 6.14357 5.80166
      vertex 28.1806 6.1807 7.9
      vertex 28.345 6.16451 5.80013
    endloop
  endfacet
  facet normal -0.0980114 -0.995185 -0
    outer loop
      vertex 29 6.1 7.9
      vertex 28.5576 6.14357 5.80166
      vertex 29 6.1 5.80484
    endloop
  endfacet
  facet normal -0.0980125 -0.995185 2.44256e-07
    outer loop
      vertex 28.1806 6.1807 7.9
      vertex 28.5576 6.14357 5.80166
      vertex 29 6.1 7.9
    endloop
  endfacet
  facet normal 0.471389 0.881926 -3.1246e-05
    outer loop
      vertex 30.8979 14.0249 5.79778
      vertex 30.6073 14.1803 7.9
      vertex 31.3334 13.7922 7.9
    endloop
  endfacet
  facet normal 0.471542 0.881844 0
    outer loop
      vertex 31.2758 13.823 5.80698
      vertex 31.3334 13.7922 7.9
      vertex 31.3334 13.7922 5.80839
    endloop
  endfacet
  facet normal 0.47123 0.88201 1.10248e-05
    outer loop
      vertex 30.8979 14.0249 5.79778
      vertex 31.3334 13.7922 7.9
      vertex 31.2758 13.823 5.80698
    endloop
  endfacet
  facet normal 0.471442 0.881897 0
    outer loop
      vertex 30.6073 14.1803 7.9
      vertex 30.6984 14.1316 5.80587
      vertex 30.6073 14.1803 5.80957
    endloop
  endfacet
  facet normal 0.471621 0.881802 9.98006e-06
    outer loop
      vertex 30.6073 14.1803 7.9
      vertex 30.8979 14.0249 5.79778
      vertex 30.6984 14.1316 5.80587
    endloop
  endfacet
  facet normal 0.956982 -0.290147 0
    outer loop
      vertex 33.1193 9.48062 7.9
      vertex 33.0386 9.21445 5.80241
      vertex 33.1193 9.48062 5.80839
    endloop
  endfacet
  facet normal 0.956923 -0.290343 2.70928e-05
    outer loop
      vertex 33.1193 9.48062 7.9
      vertex 32.976 9.00813 5.79778
      vertex 33.0386 9.21445 5.80241
    endloop
  endfacet
  facet normal 0.956942 -0.29028 1.18283e-05
    outer loop
      vertex 32.8803 8.69273 7.9
      vertex 32.976 9.00813 5.79778
      vertex 33.1193 9.48062 7.9
    endloop
  endfacet
  facet normal 0.95692 -0.290353 0
    outer loop
      vertex 32.976 9.00813 5.79778
      vertex 32.8803 8.69273 7.9
      vertex 32.8803 8.69273 5.80957
    endloop
  endfacet
  facet normal -0.634422 -0.772987 2.44648e-05
    outer loop
      vertex 26.1996 7.19105 5.80327
      vertex 26.6666 6.80783 7.9
      vertex 26.0302 7.33015 7.9
    endloop
  endfacet
  facet normal -0.634603 -0.772838 0
    outer loop
      vertex 26.1996 7.19105 5.80327
      vertex 26.0302 7.33015 7.9
      vertex 26.0302 7.33015 5.80484
    endloop
  endfacet
  facet normal -0.634357 -0.77304 2.86276e-07
    outer loop
      vertex 26.6666 6.80783 7.9
      vertex 26.1996 7.19105 5.80327
      vertex 26.5389 6.91262 5.80013
    endloop
  endfacet
  facet normal -0.634355 -0.773042 -0
    outer loop
      vertex 26.6666 6.80783 7.9
      vertex 26.5389 6.91262 5.80013
      vertex 26.6666 6.80783 5.80839
    endloop
  endfacet
  facet normal -0.290277 0.956943 1.23811e-05
    outer loop
      vertex 27.7081 14.276 5.79778
      vertex 27.3927 14.1803 7.9
      vertex 28.1806 14.4193 7.9
    endloop
  endfacet
  facet normal -0.290857 0.956767 0
    outer loop
      vertex 28.1181 14.4003 5.80699
      vertex 28.1806 14.4193 7.9
      vertex 28.1806 14.4193 5.80839
    endloop
  endfacet
  facet normal -0.29013 0.956987 -2.37138e-05
    outer loop
      vertex 27.7081 14.276 5.79778
      vertex 28.1806 14.4193 7.9
      vertex 28.1181 14.4003 5.80699
    endloop
  endfacet
  facet normal -0.290007 0.957024 0
    outer loop
      vertex 27.3927 14.1803 7.9
      vertex 27.4917 14.2103 5.80587
      vertex 27.3927 14.1803 5.80957
    endloop
  endfacet
  facet normal -0.290511 0.956872 -2.60175e-05
    outer loop
      vertex 27.3927 14.1803 7.9
      vertex 27.7081 14.276 5.79778
      vertex 27.4917 14.2103 5.80587
    endloop
  endfacet
  facet normal -0.0980125 0.995185 -4.84252e-06
    outer loop
      vertex 28.7818 14.4785 5.80327
      vertex 28.1806 14.4193 7.9
      vertex 29 14.5 7.9
    endloop
  endfacet
  facet normal -0.0980586 0.995181 0
    outer loop
      vertex 28.7818 14.4785 5.80327
      vertex 29 14.5 7.9
      vertex 29 14.5 5.80484
    endloop
  endfacet
  facet normal -0.0979697 0.995189 7.54737e-06
    outer loop
      vertex 28.1806 14.4193 7.9
      vertex 28.7818 14.4785 5.80327
      vertex 28.345 14.4355 5.80013
    endloop
  endfacet
  facet normal -0.0980652 0.99518 0
    outer loop
      vertex 28.1806 14.4193 7.9
      vertex 28.345 14.4355 5.80013
      vertex 28.1806 14.4193 5.80839
    endloop
  endfacet
  facet normal 0.63448 0.772939 1.66131e-05
    outer loop
      vertex 31.8004 13.4089 5.80327
      vertex 31.3334 13.7922 7.9
      vertex 31.9698 13.2698 7.9
    endloop
  endfacet
  facet normal 0.634603 0.772838 0
    outer loop
      vertex 31.8004 13.4089 5.80327
      vertex 31.9698 13.2698 7.9
      vertex 31.9698 13.2698 5.80484
    endloop
  endfacet
  facet normal 0.634453 0.772962 6.29961e-06
    outer loop
      vertex 31.3334 13.7922 7.9
      vertex 31.8004 13.4089 5.80327
      vertex 31.4611 13.6874 5.80013
    endloop
  endfacet
  facet normal 0.634391 0.773012 0
    outer loop
      vertex 31.3334 13.7922 7.9
      vertex 31.4611 13.6874 5.80013
      vertex 31.3334 13.7922 5.80839
    endloop
  endfacet
  facet normal -0.772838 0.634603 0
    outer loop
      vertex 25.8911 13.1004 5.80327
      vertex 26.0302 13.2698 7.9
      vertex 26.0302 13.2698 5.80484
    endloop
  endfacet
  facet normal -0.772962 0.634453 6.29961e-06
    outer loop
      vertex 25.5078 12.6334 7.9
      vertex 25.8911 13.1004 5.80327
      vertex 25.6126 12.7611 5.80013
    endloop
  endfacet
  facet normal -0.773012 0.634391 0
    outer loop
      vertex 25.5078 12.6334 7.9
      vertex 25.6126 12.7611 5.80013
      vertex 25.5078 12.6334 5.80839
    endloop
  endfacet
  facet normal -0.772939 0.63448 1.66131e-05
    outer loop
      vertex 25.8911 13.1004 5.80327
      vertex 25.5078 12.6334 7.9
      vertex 26.0302 13.2698 7.9
    endloop
  endfacet
  facet normal -0.956754 -0.2909 0
    outer loop
      vertex 24.8997 9.41813 5.80698
      vertex 24.8807 9.48062 7.9
      vertex 24.8807 9.48062 5.80839
    endloop
  endfacet
  facet normal -0.956987 -0.29013 -2.51008e-05
    outer loop
      vertex 25.024 9.00813 5.79778
      vertex 24.8807 9.48062 7.9
      vertex 24.8997 9.41813 5.80698
    endloop
  endfacet
  facet normal -0.956898 -0.290425 -1.1844e-05
    outer loop
      vertex 25.1197 8.69273 7.9
      vertex 25.024 9.00813 5.79778
      vertex 25.0897 8.79166 5.80587
    endloop
  endfacet
  facet normal -0.956967 -0.290195 -0
    outer loop
      vertex 25.1197 8.69273 7.9
      vertex 25.0897 8.79166 5.80587
      vertex 25.1197 8.69273 5.80957
    endloop
  endfacet
  facet normal -0.956942 -0.29028 1.18283e-05
    outer loop
      vertex 25.024 9.00813 5.79778
      vertex 25.1197 8.69273 7.9
      vertex 24.8807 9.48062 7.9
    endloop
  endfacet
  facet normal -0.634391 0.773012 0
    outer loop
      vertex 26.5389 13.6874 5.80013
      vertex 26.6666 13.7922 7.9
      vertex 26.6666 13.7922 5.80839
    endloop
  endfacet
  facet normal -0.63441 0.772997 1.93871e-06
    outer loop
      vertex 26.3738 13.5519 5.80166
      vertex 26.6666 13.7922 7.9
      vertex 26.5389 13.6874 5.80013
    endloop
  endfacet
  facet normal -0.634548 0.772884 0
    outer loop
      vertex 26.0302 13.2698 7.9
      vertex 26.3738 13.5519 5.80166
      vertex 26.0302 13.2698 5.80484
    endloop
  endfacet
  facet normal -0.63448 0.772939 1.84063e-05
    outer loop
      vertex 26.6666 13.7922 7.9
      vertex 26.3738 13.5519 5.80166
      vertex 26.0302 13.2698 7.9
    endloop
  endfacet
  facet normal 0.772884 0.634548 0
    outer loop
      vertex 31.9698 13.2698 7.9
      vertex 32.2519 12.9262 5.80166
      vertex 31.9698 13.2698 5.80484
    endloop
  endfacet
  facet normal 0.772939 0.63448 1.84063e-05
    outer loop
      vertex 32.4922 12.6334 7.9
      vertex 32.2519 12.9262 5.80166
      vertex 31.9698 13.2698 7.9
    endloop
  endfacet
  facet normal 0.772997 0.63441 1.93871e-06
    outer loop
      vertex 32.2519 12.9262 5.80166
      vertex 32.4922 12.6334 7.9
      vertex 32.3874 12.7611 5.80013
    endloop
  endfacet
  facet normal 0.773012 0.634391 0
    outer loop
      vertex 32.3874 12.7611 5.80013
      vertex 32.4922 12.6334 7.9
      vertex 32.4922 12.6334 5.80839
    endloop
  endfacet
  facet normal -0.995181 -0.0980586 0
    outer loop
      vertex 24.8215 10.0818 5.80327
      vertex 24.8 10.3 7.9
      vertex 24.8 10.3 5.80484
    endloop
  endfacet
  facet normal -0.995189 -0.0979697 8.47995e-06
    outer loop
      vertex 24.8807 9.48062 7.9
      vertex 24.8215 10.0818 5.80327
      vertex 24.8645 9.645 5.80013
    endloop
  endfacet
  facet normal -0.995179 -0.098077 -0
    outer loop
      vertex 24.8807 9.48062 7.9
      vertex 24.8645 9.645 5.80013
      vertex 24.8807 9.48062 5.80839
    endloop
  endfacet
  facet normal -0.995185 -0.0980149 -4.59356e-06
    outer loop
      vertex 24.8215 10.0818 5.80327
      vertex 24.8807 9.48062 7.9
      vertex 24.8 10.3 7.9
    endloop
  endfacet
  facet normal -0.471564 0.881832 0
    outer loop
      vertex 27.1021 14.0249 5.79778
      vertex 27.3927 14.1803 7.9
      vertex 27.3927 14.1803 5.80957
    endloop
  endfacet
  facet normal -0.471389 0.881926 -3.1246e-05
    outer loop
      vertex 27.3927 14.1803 7.9
      vertex 27.1021 14.0249 5.79778
      vertex 26.6666 13.7922 7.9
    endloop
  endfacet
  facet normal -0.471353 0.881945 0
    outer loop
      vertex 26.6666 13.7922 7.9
      vertex 26.9119 13.9233 5.80241
      vertex 26.6666 13.7922 5.80839
    endloop
  endfacet
  facet normal -0.471165 0.882045 2.82467e-05
    outer loop
      vertex 26.6666 13.7922 7.9
      vertex 27.1021 14.0249 5.79778
      vertex 26.9119 13.9233 5.80241
    endloop
  endfacet
  facet normal 0.47147 -0.881882 0
    outer loop
      vertex 30.8979 6.57507 5.79778
      vertex 30.6073 6.41971 7.9
      vertex 30.6073 6.41971 5.80957
    endloop
  endfacet
  facet normal 0.471408 -0.881915 -1.1107e-05
    outer loop
      vertex 30.6073 6.41971 7.9
      vertex 30.8979 6.57507 5.79778
      vertex 31.3334 6.80783 7.9
    endloop
  endfacet
  facet normal 0.471409 -0.881915 0
    outer loop
      vertex 31.3334 6.80783 7.9
      vertex 31.0881 6.67671 5.80241
      vertex 31.3334 6.80783 5.80839
    endloop
  endfacet
  facet normal 0.47131 -0.881968 1.49246e-05
    outer loop
      vertex 31.3334 6.80783 7.9
      vertex 30.8979 6.57507 5.79778
      vertex 31.0881 6.67671 5.80241
    endloop
  endfacet
  facet normal -0.881879 -0.471476 0
    outer loop
      vertex 25.2751 8.40206 5.79778
      vertex 25.1197 8.69273 7.9
      vertex 25.1197 8.69273 5.80957
    endloop
  endfacet
  facet normal -0.881993 -0.471263 -3.79069e-05
    outer loop
      vertex 25.3767 8.21191 5.80241
      vertex 25.1197 8.69273 7.9
      vertex 25.2751 8.40206 5.79778
    endloop
  endfacet
  facet normal -0.881945 -0.471353 -0
    outer loop
      vertex 25.5078 7.96661 7.9
      vertex 25.3767 8.21191 5.80241
      vertex 25.5078 7.96661 5.80839
    endloop
  endfacet
  facet normal -0.881931 -0.471379 -3.82048e-06
    outer loop
      vertex 25.3767 8.21191 5.80241
      vertex 25.5078 7.96661 7.9
      vertex 25.1197 8.69273 7.9
    endloop
  endfacet
  facet normal 0 0 1
    outer loop
      vertex 31.3 10.3 7.9
      vertex 33.2 10.3 7.9
      vertex 33.1193 11.1194 7.9
    endloop
  endfacet
  facet normal 0 0 1
    outer loop
      vertex 31.2558 10.7487 7.9
      vertex 33.1193 11.1194 7.9
      vertex 32.8803 11.9073 7.9
    endloop
  endfacet
  facet normal 0 0 1
    outer loop
      vertex 33.2 10.3 7.9
      vertex 31.3 10.3 7.9
      vertex 33.1193 9.48062 7.9
    endloop
  endfacet
  facet normal 0 0 1
    outer loop
      vertex 31.1249 11.1802 7.9
      vertex 32.8803 11.9073 7.9
      vertex 32.4922 12.6334 7.9
    endloop
  endfacet
  facet normal -0 0 1
    outer loop
      vertex 31.2558 9.85129 7.9
      vertex 33.1193 9.48062 7.9
      vertex 31.3 10.3 7.9
    endloop
  endfacet
  facet normal 0 0 1
    outer loop
      vertex 30.9124 11.5778 7.9
      vertex 32.4922 12.6334 7.9
      vertex 31.9698 13.2698 7.9
    endloop
  endfacet
  facet normal 0 0 1
    outer loop
      vertex 33.1193 9.48062 7.9
      vertex 31.2558 9.85129 7.9
      vertex 32.8803 8.69273 7.9
    endloop
  endfacet
  facet normal 0 0 1
    outer loop
      vertex 30.6263 11.9263 7.9
      vertex 31.9698 13.2698 7.9
      vertex 31.3334 13.7922 7.9
    endloop
  endfacet
  facet normal -0 0 1
    outer loop
      vertex 31.1249 9.41983 7.9
      vertex 32.8803 8.69273 7.9
      vertex 31.2558 9.85129 7.9
    endloop
  endfacet
  facet normal 0 0 1
    outer loop
      vertex 32.8803 8.69273 7.9
      vertex 31.1249 9.41983 7.9
      vertex 32.4922 7.96661 7.9
    endloop
  endfacet
  facet normal 0 0 1
    outer loop
      vertex 33.1193 11.1194 7.9
      vertex 31.2558 10.7487 7.9
      vertex 31.3 10.3 7.9
    endloop
  endfacet
  facet normal 0 0 1
    outer loop
      vertex 32.8803 11.9073 7.9
      vertex 31.1249 11.1802 7.9
      vertex 31.2558 10.7487 7.9
    endloop
  endfacet
  facet normal 0 0 1
    outer loop
      vertex 32.4922 12.6334 7.9
      vertex 30.9124 11.5778 7.9
      vertex 31.1249 11.1802 7.9
    endloop
  endfacet
  facet normal 0 0 1
    outer loop
      vertex 31.9698 13.2698 7.9
      vertex 30.6263 11.9263 7.9
      vertex 30.9124 11.5778 7.9
    endloop
  endfacet
  facet normal 0 0 1
    outer loop
      vertex 30.2778 12.2124 7.9
      vertex 31.3334 13.7922 7.9
      vertex 30.6073 14.1803 7.9
    endloop
  endfacet
  facet normal 0 0 1
    outer loop
      vertex 31.3334 13.7922 7.9
      vertex 30.2778 12.2124 7.9
      vertex 30.6263 11.9263 7.9
    endloop
  endfacet
  facet normal 0 0 1
    outer loop
      vertex 30.6073 14.1803 7.9
      vertex 29.8802 12.4249 7.9
      vertex 30.2778 12.2124 7.9
    endloop
  endfacet
  facet normal 0 0 1
    outer loop
      vertex 29.8194 14.4193 7.9
      vertex 29.8802 12.4249 7.9
      vertex 30.6073 14.1803 7.9
    endloop
  endfacet
  facet normal 0 0 1
    outer loop
      vertex 29.8194 14.4193 7.9
      vertex 29.4487 12.5558 7.9
      vertex 29.8802 12.4249 7.9
    endloop
  endfacet
  facet normal 0 0 1
    outer loop
      vertex 29 14.5 7.9
      vertex 29.4487 12.5558 7.9
      vertex 29.8194 14.4193 7.9
    endloop
  endfacet
  facet normal 0 0 1
    outer loop
      vertex 29 14.5 7.9
      vertex 29 12.6 7.9
      vertex 29.4487 12.5558 7.9
    endloop
  endfacet
  facet normal 0 0 1
    outer loop
      vertex 29 14.5 7.9
      vertex 28.5513 12.5558 7.9
      vertex 29 12.6 7.9
    endloop
  endfacet
  facet normal -0 0 1
    outer loop
      vertex 28.1806 14.4193 7.9
      vertex 28.5513 12.5558 7.9
      vertex 29 14.5 7.9
    endloop
  endfacet
  facet normal 0 0 1
    outer loop
      vertex 28.1806 14.4193 7.9
      vertex 28.1198 12.4249 7.9
      vertex 28.5513 12.5558 7.9
    endloop
  endfacet
  facet normal -0 0 1
    outer loop
      vertex 27.3927 14.1803 7.9
      vertex 28.1198 12.4249 7.9
      vertex 28.1806 14.4193 7.9
    endloop
  endfacet
  facet normal 0 0 1
    outer loop
      vertex 28.1198 12.4249 7.9
      vertex 27.3927 14.1803 7.9
      vertex 27.7222 12.2124 7.9
    endloop
  endfacet
  facet normal -0 0 1
    outer loop
      vertex 26.6666 13.7922 7.9
      vertex 27.7222 12.2124 7.9
      vertex 27.3927 14.1803 7.9
    endloop
  endfacet
  facet normal 0 0 1
    outer loop
      vertex 27.7222 12.2124 7.9
      vertex 26.6666 13.7922 7.9
      vertex 27.3737 11.9263 7.9
    endloop
  endfacet
  facet normal -0 0 1
    outer loop
      vertex 26.0302 13.2698 7.9
      vertex 27.3737 11.9263 7.9
      vertex 26.6666 13.7922 7.9
    endloop
  endfacet
  facet normal 0 0 1
    outer loop
      vertex 27.3737 11.9263 7.9
      vertex 26.0302 13.2698 7.9
      vertex 27.0876 11.5778 7.9
    endloop
  endfacet
  facet normal 0 0 1
    outer loop
      vertex 27.0876 11.5778 7.9
      vertex 25.5078 12.6334 7.9
      vertex 26.8751 11.1802 7.9
    endloop
  endfacet
  facet normal -0 0 1
    outer loop
      vertex 25.5078 12.6334 7.9
      vertex 27.0876 11.5778 7.9
      vertex 26.0302 13.2698 7.9
    endloop
  endfacet
  facet normal -0 0 1
    outer loop
      vertex 30.9124 9.02219 7.9
      vertex 32.4922 7.96661 7.9
      vertex 31.1249 9.41983 7.9
    endloop
  endfacet
  facet normal 0 0 1
    outer loop
      vertex 32.4922 7.96661 7.9
      vertex 30.9124 9.02219 7.9
      vertex 31.9698 7.33015 7.9
    endloop
  endfacet
  facet normal -0 0 1
    outer loop
      vertex 30.6263 8.67366 7.9
      vertex 31.9698 7.33015 7.9
      vertex 30.9124 9.02219 7.9
    endloop
  endfacet
  facet normal 0 0 1
    outer loop
      vertex 31.9698 7.33015 7.9
      vertex 30.6263 8.67366 7.9
      vertex 31.3334 6.80783 7.9
    endloop
  endfacet
  facet normal -0 0 1
    outer loop
      vertex 30.2778 8.38762 7.9
      vertex 31.3334 6.80783 7.9
      vertex 30.6263 8.67366 7.9
    endloop
  endfacet
  facet normal 0 0 1
    outer loop
      vertex 31.3334 6.80783 7.9
      vertex 30.2778 8.38762 7.9
      vertex 30.6073 6.41971 7.9
    endloop
  endfacet
  facet normal -0 0 1
    outer loop
      vertex 29.8802 8.17508 7.9
      vertex 30.6073 6.41971 7.9
      vertex 30.2778 8.38762 7.9
    endloop
  endfacet
  facet normal 0 0 1
    outer loop
      vertex 29.8802 8.17508 7.9
      vertex 29.8194 6.1807 7.9
      vertex 30.6073 6.41971 7.9
    endloop
  endfacet
  facet normal -0 0 1
    outer loop
      vertex 29.4487 8.04419 7.9
      vertex 29.8194 6.1807 7.9
      vertex 29.8802 8.17508 7.9
    endloop
  endfacet
  facet normal -0 0 1
    outer loop
      vertex 29 8 7.9
      vertex 29.8194 6.1807 7.9
      vertex 29.4487 8.04419 7.9
    endloop
  endfacet
  facet normal 0 0 1
    outer loop
      vertex 29 8 7.9
      vertex 29 6.1 7.9
      vertex 29.8194 6.1807 7.9
    endloop
  endfacet
  facet normal 0 0 1
    outer loop
      vertex 28.5513 8.04419 7.9
      vertex 29 6.1 7.9
      vertex 29 8 7.9
    endloop
  endfacet
  facet normal 0 0 1
    outer loop
      vertex 28.5513 8.04419 7.9
      vertex 28.1806 6.1807 7.9
      vertex 29 6.1 7.9
    endloop
  endfacet
  facet normal 0 0 1
    outer loop
      vertex 28.1198 8.17508 7.9
      vertex 28.1806 6.1807 7.9
      vertex 28.5513 8.04419 7.9
    endloop
  endfacet
  facet normal 0 0 1
    outer loop
      vertex 27.3927 6.41971 7.9
      vertex 28.1198 8.17508 7.9
      vertex 27.7222 8.38762 7.9
    endloop
  endfacet
  facet normal 0 0 1
    outer loop
      vertex 28.1198 8.17508 7.9
      vertex 27.3927 6.41971 7.9
      vertex 28.1806 6.1807 7.9
    endloop
  endfacet
  facet normal 0 0 1
    outer loop
      vertex 26.6666 6.80783 7.9
      vertex 27.7222 8.38762 7.9
      vertex 27.3737 8.67366 7.9
    endloop
  endfacet
  facet normal 0 0 1
    outer loop
      vertex 26.0302 7.33015 7.9
      vertex 27.3737 8.67366 7.9
      vertex 27.0876 9.02219 7.9
    endloop
  endfacet
  facet normal 0 0 1
    outer loop
      vertex 25.5078 7.96661 7.9
      vertex 27.0876 9.02219 7.9
      vertex 26.8751 9.41983 7.9
    endloop
  endfacet
  facet normal 0 0 1
    outer loop
      vertex 25.1197 8.69273 7.9
      vertex 26.8751 9.41983 7.9
      vertex 26.7442 9.85129 7.9
    endloop
  endfacet
  facet normal 0 0 1
    outer loop
      vertex 27.7222 8.38762 7.9
      vertex 26.6666 6.80783 7.9
      vertex 27.3927 6.41971 7.9
    endloop
  endfacet
  facet normal 0 0 1
    outer loop
      vertex 24.8807 9.48062 7.9
      vertex 26.7442 9.85129 7.9
      vertex 26.7 10.3 7.9
    endloop
  endfacet
  facet normal -0 0 1
    outer loop
      vertex 25.1197 11.9073 7.9
      vertex 26.8751 11.1802 7.9
      vertex 25.5078 12.6334 7.9
    endloop
  endfacet
  facet normal 0 0 1
    outer loop
      vertex 26.8751 11.1802 7.9
      vertex 25.1197 11.9073 7.9
      vertex 26.7442 10.7487 7.9
    endloop
  endfacet
  facet normal 0 0 1
    outer loop
      vertex 27.3737 8.67366 7.9
      vertex 26.0302 7.33015 7.9
      vertex 26.6666 6.80783 7.9
    endloop
  endfacet
  facet normal -0 0 1
    outer loop
      vertex 24.8807 11.1194 7.9
      vertex 26.7442 10.7487 7.9
      vertex 25.1197 11.9073 7.9
    endloop
  endfacet
  facet normal 0 0 1
    outer loop
      vertex 27.0876 9.02219 7.9
      vertex 25.5078 7.96661 7.9
      vertex 26.0302 7.33015 7.9
    endloop
  endfacet
  facet normal 0 0 1
    outer loop
      vertex 26.7442 10.7487 7.9
      vertex 24.8807 11.1194 7.9
      vertex 26.7 10.3 7.9
    endloop
  endfacet
  facet normal 0 0 1
    outer loop
      vertex 26.8751 9.41983 7.9
      vertex 25.1197 8.69273 7.9
      vertex 25.5078 7.96661 7.9
    endloop
  endfacet
  facet normal 0 0 1
    outer loop
      vertex 24.8 10.3 7.9
      vertex 26.7 10.3 7.9
      vertex 24.8807 11.1194 7.9
    endloop
  endfacet
  facet normal 0 0 1
    outer loop
      vertex 26.7442 9.85129 7.9
      vertex 24.8807 9.48062 7.9
      vertex 25.1197 8.69273 7.9
    endloop
  endfacet
  facet normal 0 0 1
    outer loop
      vertex 26.7 10.3 7.9
      vertex 24.8 10.3 7.9
      vertex 24.8807 9.48062 7.9
    endloop
  endfacet
  facet normal 0.290353 0.95692 0
    outer loop
      vertex 30.2919 14.276 5.79778
      vertex 30.6073 14.1803 7.9
      vertex 30.6073 14.1803 5.80957
    endloop
  endfacet
  facet normal 0.290277 0.956943 1.23811e-05
    outer loop
      vertex 30.6073 14.1803 7.9
      vertex 30.2919 14.276 5.79778
      vertex 29.8194 14.4193 7.9
    endloop
  endfacet
  facet normal 0.290217 0.956961 0
    outer loop
      vertex 29.8194 14.4193 7.9
      vertex 30.0855 14.3386 5.80241
      vertex 29.8194 14.4193 5.80839
    endloop
  endfacet
  facet normal 0.290239 0.956954 3.05899e-06
    outer loop
      vertex 29.8194 14.4193 7.9
      vertex 30.2919 14.276 5.79778
      vertex 30.0855 14.3386 5.80241
    endloop
  endfacet
  facet normal -0.95692 0.290353 0
    outer loop
      vertex 25.024 11.5919 5.79778
      vertex 25.1197 11.9073 7.9
      vertex 25.1197 11.9073 5.80957
    endloop
  endfacet
  facet normal -0.956954 0.290239 1.85518e-05
    outer loop
      vertex 24.9614 11.3855 5.80241
      vertex 25.1197 11.9073 7.9
      vertex 25.024 11.5919 5.79778
    endloop
  endfacet
  facet normal -0.956961 0.290217 0
    outer loop
      vertex 24.8807 11.1194 7.9
      vertex 24.9614 11.3855 5.80241
      vertex 24.8807 11.1194 5.80839
    endloop
  endfacet
  facet normal -0.956943 0.290277 8.32053e-06
    outer loop
      vertex 24.9614 11.3855 5.80241
      vertex 24.8807 11.1194 7.9
      vertex 25.1197 11.9073 7.9
    endloop
  endfacet
  facet normal -0 0 -1
    outer loop
      vertex 32.024 10.1573 3.8
      vertex 31.2558 9.85129 3.8
      vertex 31.3 10.3 3.8
    endloop
  endfacet
  facet normal 0 0 -1
    outer loop
      vertex 30.6263 8.67366 3.8
      vertex 31.3626 8.40705 3.8
      vertex 31.1463 8.15374 3.8
    endloop
  endfacet
  facet normal 0 0 -1
    outer loop
      vertex 31.4556 8.51591 3.8
      vertex 31.1249 9.41983 3.8
      vertex 31.2558 9.85129 3.8
    endloop
  endfacet
  facet normal 0 0 -1
    outer loop
      vertex 30.6263 8.67366 3.8
      vertex 31.1463 8.15374 3.8
      vertex 31.0374 8.06076 3.8
    endloop
  endfacet
  facet normal 0 0 -1
    outer loop
      vertex 31.4556 8.51591 3.8
      vertex 30.9124 9.02219 3.8
      vertex 31.1249 9.41983 3.8
    endloop
  endfacet
  facet normal 0 0 -1
    outer loop
      vertex 30.2778 8.38762 3.8
      vertex 31.0374 8.06076 3.8
      vertex 30.7841 7.84442 3.8
    endloop
  endfacet
  facet normal 0 0 -1
    outer loop
      vertex 30.2778 8.38762 3.8
      vertex 30.7841 7.84442 3.8
      vertex 30.662 7.76961 3.8
    endloop
  endfacet
  facet normal 0 0 -1
    outer loop
      vertex 31.3626 8.40705 3.8
      vertex 30.6263 8.67366 3.8
      vertex 30.9124 9.02219 3.8
    endloop
  endfacet
  facet normal 0 0 -1
    outer loop
      vertex 30.2778 8.38762 3.8
      vertex 30.662 7.76961 3.8
      vertex 30.378 7.59556 3.8
    endloop
  endfacet
  facet normal 0 0 -1
    outer loop
      vertex 31.0374 8.06076 3.8
      vertex 30.2778 8.38762 3.8
      vertex 30.6263 8.67366 3.8
    endloop
  endfacet
  facet normal 0 0 -1
    outer loop
      vertex 29.8802 8.17508 3.8
      vertex 30.378 7.59556 3.8
      vertex 30.2457 7.54077 3.8
    endloop
  endfacet
  facet normal 0 0 -1
    outer loop
      vertex 29.8802 8.17508 3.8
      vertex 30.2457 7.54077 3.8
      vertex 29.9379 7.41329 3.8
    endloop
  endfacet
  facet normal 0 0 -1
    outer loop
      vertex 30.378 7.59556 3.8
      vertex 29.8802 8.17508 3.8
      vertex 30.2778 8.38762 3.8
    endloop
  endfacet
  facet normal 0 0 -1
    outer loop
      vertex 29.7987 7.37987 3.8
      vertex 29.8802 8.17508 3.8
      vertex 29.9379 7.41329 3.8
    endloop
  endfacet
  facet normal 0 0 -1
    outer loop
      vertex 29.4487 8.04419 3.8
      vertex 29.7987 7.37987 3.8
      vertex 29.4748 7.3021 3.8
    endloop
  endfacet
  facet normal 0 0 -1
    outer loop
      vertex 29.7987 7.37987 3.8
      vertex 29.4487 8.04419 3.8
      vertex 29.8802 8.17508 3.8
    endloop
  endfacet
  facet normal 0 0 -1
    outer loop
      vertex 29.3321 7.29087 3.8
      vertex 29.4487 8.04419 3.8
      vertex 29.4748 7.3021 3.8
    endloop
  endfacet
  facet normal 0 0 -1
    outer loop
      vertex 29 8 3.8
      vertex 29.3321 7.29087 3.8
      vertex 29 7.26473 3.8
    endloop
  endfacet
  facet normal 0 0 -1
    outer loop
      vertex 29.3321 7.29087 3.8
      vertex 29 8 3.8
      vertex 29.4487 8.04419 3.8
    endloop
  endfacet
  facet normal 0 0 -1
    outer loop
      vertex 28.8573 7.27597 3.8
      vertex 29 8 3.8
      vertex 29 7.26473 3.8
    endloop
  endfacet
  facet normal 0 0 -1
    outer loop
      vertex 28.8573 7.27597 3.8
      vertex 28.5513 8.04419 3.8
      vertex 29 8 3.8
    endloop
  endfacet
  facet normal 0 0 -1
    outer loop
      vertex 28.5252 7.3021 3.8
      vertex 28.5513 8.04419 3.8
      vertex 28.8573 7.27597 3.8
    endloop
  endfacet
  facet normal 0 0 -1
    outer loop
      vertex 28.386 7.33553 3.8
      vertex 28.5513 8.04419 3.8
      vertex 28.5252 7.3021 3.8
    endloop
  endfacet
  facet normal 0 0 -1
    outer loop
      vertex 28.0621 7.41329 3.8
      vertex 28.5513 8.04419 3.8
      vertex 28.386 7.33553 3.8
    endloop
  endfacet
  facet normal -0 0 -1
    outer loop
      vertex 28.5513 8.04419 3.8
      vertex 28.0621 7.41329 3.8
      vertex 28.1198 8.17508 3.8
    endloop
  endfacet
  facet normal 0 0 -1
    outer loop
      vertex 27.9298 7.46808 3.8
      vertex 28.1198 8.17508 3.8
      vertex 28.0621 7.41329 3.8
    endloop
  endfacet
  facet normal 0 0 -1
    outer loop
      vertex 27.622 7.59556 3.8
      vertex 28.1198 8.17508 3.8
      vertex 27.9298 7.46808 3.8
    endloop
  endfacet
  facet normal 0 0 -1
    outer loop
      vertex 27.4999 7.67037 3.8
      vertex 28.1198 8.17508 3.8
      vertex 27.622 7.59556 3.8
    endloop
  endfacet
  facet normal -0 0 -1
    outer loop
      vertex 28.1198 8.17508 3.8
      vertex 27.4999 7.67037 3.8
      vertex 27.7222 8.38762 3.8
    endloop
  endfacet
  facet normal 0 0 -1
    outer loop
      vertex 27.2159 7.84442 3.8
      vertex 27.7222 8.38762 3.8
      vertex 27.4999 7.67037 3.8
    endloop
  endfacet
  facet normal 0 0 -1
    outer loop
      vertex 27.107 7.9374 3.8
      vertex 27.7222 8.38762 3.8
      vertex 27.2159 7.84442 3.8
    endloop
  endfacet
  facet normal -0 0 -1
    outer loop
      vertex 27.7222 8.38762 3.8
      vertex 27.107 7.9374 3.8
      vertex 27.3737 8.67366 3.8
    endloop
  endfacet
  facet normal 0 0 -1
    outer loop
      vertex 26.8537 8.15374 3.8
      vertex 27.3737 8.67366 3.8
      vertex 27.107 7.9374 3.8
    endloop
  endfacet
  facet normal 0 0 -1
    outer loop
      vertex 26.7608 8.26261 3.8
      vertex 27.3737 8.67366 3.8
      vertex 26.8537 8.15374 3.8
    endloop
  endfacet
  facet normal -0 0 -1
    outer loop
      vertex 27.3737 8.67366 3.8
      vertex 26.7608 8.26261 3.8
      vertex 27.0876 9.02219 3.8
    endloop
  endfacet
  facet normal 0 0 -1
    outer loop
      vertex 26.5444 8.51591 3.8
      vertex 27.0876 9.02219 3.8
      vertex 26.7608 8.26261 3.8
    endloop
  endfacet
  facet normal 0 0 -1
    outer loop
      vertex 26.4696 8.63799 3.8
      vertex 27.0876 9.02219 3.8
      vertex 26.5444 8.51591 3.8
    endloop
  endfacet
  facet normal 0 0 -1
    outer loop
      vertex 26.2956 8.92202 3.8
      vertex 27.0876 9.02219 3.8
      vertex 26.4696 8.63799 3.8
    endloop
  endfacet
  facet normal -0 0 -1
    outer loop
      vertex 27.0876 9.02219 3.8
      vertex 26.2956 8.92202 3.8
      vertex 26.8751 9.41983 3.8
    endloop
  endfacet
  facet normal 0 0 -1
    outer loop
      vertex 26.2408 9.05429 3.8
      vertex 26.8751 9.41983 3.8
      vertex 26.2956 8.92202 3.8
    endloop
  endfacet
  facet normal 0 0 -1
    outer loop
      vertex 26.1133 9.36205 3.8
      vertex 26.8751 9.41983 3.8
      vertex 26.2408 9.05429 3.8
    endloop
  endfacet
  facet normal 0 -0 -1
    outer loop
      vertex 26.5444 12.0841 3.8
      vertex 26.7 10.3 3.8
      vertex 26.3704 11.8001 3.8
    endloop
  endfacet
  facet normal 0 0 -1
    outer loop
      vertex 26.7 10.3 3.8
      vertex 26.5444 12.0841 3.8
      vertex 26.6374 12.193 3.8
    endloop
  endfacet
  facet normal 0 0 -1
    outer loop
      vertex 26.0799 9.50127 3.8
      vertex 26.8751 9.41983 3.8
      vertex 26.1133 9.36205 3.8
    endloop
  endfacet
  facet normal 0 0 -1
    outer loop
      vertex 26.8751 9.41983 3.8
      vertex 26.0799 9.50127 3.8
      vertex 26.7442 9.85129 3.8
    endloop
  endfacet
  facet normal 0 -0 -1
    outer loop
      vertex 26.2956 11.678 3.8
      vertex 26.7 10.3 3.8
      vertex 26.1681 11.3702 3.8
    endloop
  endfacet
  facet normal 0 0 -1
    outer loop
      vertex 26.7 10.3 3.8
      vertex 26.2956 11.678 3.8
      vertex 26.3704 11.8001 3.8
    endloop
  endfacet
  facet normal 0 0 -1
    outer loop
      vertex 26.0021 9.82518 3.8
      vertex 26.7442 9.85129 3.8
      vertex 26.0799 9.50127 3.8
    endloop
  endfacet
  facet normal 0 0 -1
    outer loop
      vertex 25.9909 9.96791 3.8
      vertex 26.7442 9.85129 3.8
      vertex 26.0021 9.82518 3.8
    endloop
  endfacet
  facet normal 0 -0 -1
    outer loop
      vertex 26.1133 11.2379 3.8
      vertex 26.7 10.3 3.8
      vertex 26.0355 10.914 3.8
    endloop
  endfacet
  facet normal 0 0 -1
    outer loop
      vertex 26.7 10.3 3.8
      vertex 26.1133 11.2379 3.8
      vertex 26.1681 11.3702 3.8
    endloop
  endfacet
  facet normal 0 0 -1
    outer loop
      vertex 26.7442 9.85129 3.8
      vertex 25.9909 9.96791 3.8
      vertex 26.7 10.3 3.8
    endloop
  endfacet
  facet normal 0 0 -1
    outer loop
      vertex 25.9647 10.3 3.8
      vertex 26.7 10.3 3.8
      vertex 25.9909 9.96791 3.8
    endloop
  endfacet
  facet normal 0 -0 -1
    outer loop
      vertex 26.0021 10.7748 3.8
      vertex 26.7 10.3 3.8
      vertex 25.976 10.4427 3.8
    endloop
  endfacet
  facet normal 0 0 -1
    outer loop
      vertex 26.7 10.3 3.8
      vertex 26.0021 10.7748 3.8
      vertex 26.0355 10.914 3.8
    endloop
  endfacet
  facet normal 0 0 -1
    outer loop
      vertex 26.7 10.3 3.8
      vertex 25.9647 10.3 3.8
      vertex 25.976 10.4427 3.8
    endloop
  endfacet
  facet normal 0 0 -1
    outer loop
      vertex 31.3 10.3 3.8
      vertex 32.0353 10.3 3.8
      vertex 32.024 10.1573 3.8
    endloop
  endfacet
  facet normal 0 0 -1
    outer loop
      vertex 31.2558 9.85129 3.8
      vertex 32.024 10.1573 3.8
      vertex 31.9979 9.82518 3.8
    endloop
  endfacet
  facet normal 0 0 -1
    outer loop
      vertex 32.0353 10.3 3.8
      vertex 31.3 10.3 3.8
      vertex 32.0091 10.6321 3.8
    endloop
  endfacet
  facet normal 0 0 -1
    outer loop
      vertex 31.2558 9.85129 3.8
      vertex 31.9979 9.82518 3.8
      vertex 31.9645 9.68596 3.8
    endloop
  endfacet
  facet normal 0 0 -1
    outer loop
      vertex 31.2558 10.7487 3.8
      vertex 32.0091 10.6321 3.8
      vertex 31.3 10.3 3.8
    endloop
  endfacet
  facet normal 0 0 -1
    outer loop
      vertex 31.2558 9.85129 3.8
      vertex 31.9645 9.68596 3.8
      vertex 31.8867 9.36205 3.8
    endloop
  endfacet
  facet normal 0 0 -1
    outer loop
      vertex 32.0091 10.6321 3.8
      vertex 31.2558 10.7487 3.8
      vertex 31.9979 10.7748 3.8
    endloop
  endfacet
  facet normal 0 0 -1
    outer loop
      vertex 31.2558 9.85129 3.8
      vertex 31.8867 9.36205 3.8
      vertex 31.8319 9.22978 3.8
    endloop
  endfacet
  facet normal -0 0 -1
    outer loop
      vertex 31.9979 10.7748 3.8
      vertex 31.2558 10.7487 3.8
      vertex 31.9201 11.0987 3.8
    endloop
  endfacet
  facet normal 0 0 -1
    outer loop
      vertex 31.2558 9.85129 3.8
      vertex 31.8319 9.22978 3.8
      vertex 31.7044 8.92202 3.8
    endloop
  endfacet
  facet normal 0 0 -1
    outer loop
      vertex 31.1249 11.1802 3.8
      vertex 31.9201 11.0987 3.8
      vertex 31.2558 10.7487 3.8
    endloop
  endfacet
  facet normal 0 0 -1
    outer loop
      vertex 31.2558 9.85129 3.8
      vertex 31.7044 8.92202 3.8
      vertex 31.6296 8.79994 3.8
    endloop
  endfacet
  facet normal 0 0 -1
    outer loop
      vertex 31.9201 11.0987 3.8
      vertex 31.1249 11.1802 3.8
      vertex 31.8867 11.2379 3.8
    endloop
  endfacet
  facet normal 0 0 -1
    outer loop
      vertex 31.2558 9.85129 3.8
      vertex 31.6296 8.79994 3.8
      vertex 31.4556 8.51591 3.8
    endloop
  endfacet
  facet normal -0 0 -1
    outer loop
      vertex 31.8867 11.2379 3.8
      vertex 31.1249 11.1802 3.8
      vertex 31.7592 11.5457 3.8
    endloop
  endfacet
  facet normal 0 0 -1
    outer loop
      vertex 30.9124 9.02219 3.8
      vertex 31.4556 8.51591 3.8
      vertex 31.3626 8.40705 3.8
    endloop
  endfacet
  facet normal -0 0 -1
    outer loop
      vertex 31.7592 11.5457 3.8
      vertex 31.1249 11.1802 3.8
      vertex 31.7044 11.678 3.8
    endloop
  endfacet
  facet normal 0 0 -1
    outer loop
      vertex 30.9124 11.5778 3.8
      vertex 31.7044 11.678 3.8
      vertex 31.1249 11.1802 3.8
    endloop
  endfacet
  facet normal -0 0 -1
    outer loop
      vertex 31.7044 11.678 3.8
      vertex 30.9124 11.5778 3.8
      vertex 31.5304 11.962 3.8
    endloop
  endfacet
  facet normal -0 0 -1
    outer loop
      vertex 31.5304 11.962 3.8
      vertex 30.9124 11.5778 3.8
      vertex 31.4556 12.0841 3.8
    endloop
  endfacet
  facet normal -0 0 -1
    outer loop
      vertex 31.4556 12.0841 3.8
      vertex 30.9124 11.5778 3.8
      vertex 31.2392 12.3374 3.8
    endloop
  endfacet
  facet normal 0 0 -1
    outer loop
      vertex 30.6263 11.9263 3.8
      vertex 31.2392 12.3374 3.8
      vertex 30.9124 11.5778 3.8
    endloop
  endfacet
  facet normal -0 0 -1
    outer loop
      vertex 31.2392 12.3374 3.8
      vertex 30.6263 11.9263 3.8
      vertex 31.1463 12.4463 3.8
    endloop
  endfacet
  facet normal -0 0 -1
    outer loop
      vertex 31.1463 12.4463 3.8
      vertex 30.6263 11.9263 3.8
      vertex 30.893 12.6626 3.8
    endloop
  endfacet
  facet normal 0 0 -1
    outer loop
      vertex 30.2778 12.2124 3.8
      vertex 30.893 12.6626 3.8
      vertex 30.6263 11.9263 3.8
    endloop
  endfacet
  facet normal -0 0 -1
    outer loop
      vertex 30.893 12.6626 3.8
      vertex 30.2778 12.2124 3.8
      vertex 30.7841 12.7556 3.8
    endloop
  endfacet
  facet normal -0 0 -1
    outer loop
      vertex 30.7841 12.7556 3.8
      vertex 30.2778 12.2124 3.8
      vertex 30.5001 12.9296 3.8
    endloop
  endfacet
  facet normal 0 0 -1
    outer loop
      vertex 29.8802 12.4249 3.8
      vertex 30.5001 12.9296 3.8
      vertex 30.2778 12.2124 3.8
    endloop
  endfacet
  facet normal -0 0 -1
    outer loop
      vertex 30.5001 12.9296 3.8
      vertex 29.8802 12.4249 3.8
      vertex 30.378 13.0044 3.8
    endloop
  endfacet
  facet normal -0 0 -1
    outer loop
      vertex 30.378 13.0044 3.8
      vertex 29.8802 12.4249 3.8
      vertex 30.0702 13.1319 3.8
    endloop
  endfacet
  facet normal -0 0 -1
    outer loop
      vertex 30.0702 13.1319 3.8
      vertex 29.8802 12.4249 3.8
      vertex 29.9379 13.1867 3.8
    endloop
  endfacet
  facet normal 0 0 -1
    outer loop
      vertex 29.4487 12.5558 3.8
      vertex 29.9379 13.1867 3.8
      vertex 29.8802 12.4249 3.8
    endloop
  endfacet
  facet normal -0 0 -1
    outer loop
      vertex 29.9379 13.1867 3.8
      vertex 29.4487 12.5558 3.8
      vertex 29.614 13.2645 3.8
    endloop
  endfacet
  facet normal -0 0 -1
    outer loop
      vertex 29.614 13.2645 3.8
      vertex 29.4487 12.5558 3.8
      vertex 29.4748 13.2979 3.8
    endloop
  endfacet
  facet normal 0 0 -1
    outer loop
      vertex 29.4487 12.5558 3.8
      vertex 29.1427 13.324 3.8
      vertex 29.4748 13.2979 3.8
    endloop
  endfacet
  facet normal 0 0 -1
    outer loop
      vertex 29 12.6 3.8
      vertex 29.1427 13.324 3.8
      vertex 29.4487 12.5558 3.8
    endloop
  endfacet
  facet normal 0 0 -1
    outer loop
      vertex 29 12.6 3.8
      vertex 29 13.3353 3.8
      vertex 29.1427 13.324 3.8
    endloop
  endfacet
  facet normal 0 0 -1
    outer loop
      vertex 29 12.6 3.8
      vertex 28.6679 13.3091 3.8
      vertex 29 13.3353 3.8
    endloop
  endfacet
  facet normal 0 0 -1
    outer loop
      vertex 28.5513 12.5558 3.8
      vertex 28.6679 13.3091 3.8
      vertex 29 12.6 3.8
    endloop
  endfacet
  facet normal 0 0 -1
    outer loop
      vertex 28.5513 12.5558 3.8
      vertex 28.5252 13.2979 3.8
      vertex 28.6679 13.3091 3.8
    endloop
  endfacet
  facet normal 0 0 -1
    outer loop
      vertex 28.5513 12.5558 3.8
      vertex 28.2013 13.2201 3.8
      vertex 28.5252 13.2979 3.8
    endloop
  endfacet
  facet normal 0 0 -1
    outer loop
      vertex 28.1198 12.4249 3.8
      vertex 28.2013 13.2201 3.8
      vertex 28.5513 12.5558 3.8
    endloop
  endfacet
  facet normal 0 0 -1
    outer loop
      vertex 28.1198 12.4249 3.8
      vertex 28.0621 13.1867 3.8
      vertex 28.2013 13.2201 3.8
    endloop
  endfacet
  facet normal 0 0 -1
    outer loop
      vertex 28.1198 12.4249 3.8
      vertex 27.7543 13.0592 3.8
      vertex 28.0621 13.1867 3.8
    endloop
  endfacet
  facet normal 0 0 -1
    outer loop
      vertex 27.622 13.0044 3.8
      vertex 28.1198 12.4249 3.8
      vertex 27.7222 12.2124 3.8
    endloop
  endfacet
  facet normal 0 0 -1
    outer loop
      vertex 28.1198 12.4249 3.8
      vertex 27.622 13.0044 3.8
      vertex 27.7543 13.0592 3.8
    endloop
  endfacet
  facet normal 0 0 -1
    outer loop
      vertex 26.9626 12.5392 3.8
      vertex 27.7222 12.2124 3.8
      vertex 27.3737 11.9263 3.8
    endloop
  endfacet
  facet normal 0 0 -1
    outer loop
      vertex 27.7222 12.2124 3.8
      vertex 27.338 12.8304 3.8
      vertex 27.622 13.0044 3.8
    endloop
  endfacet
  facet normal 0 0 -1
    outer loop
      vertex 27.7222 12.2124 3.8
      vertex 27.2159 12.7556 3.8
      vertex 27.338 12.8304 3.8
    endloop
  endfacet
  facet normal 0 0 -1
    outer loop
      vertex 26.6374 12.193 3.8
      vertex 27.3737 11.9263 3.8
      vertex 27.0876 11.5778 3.8
    endloop
  endfacet
  facet normal 0 0 -1
    outer loop
      vertex 27.7222 12.2124 3.8
      vertex 26.9626 12.5392 3.8
      vertex 27.2159 12.7556 3.8
    endloop
  endfacet
  facet normal 0 0 -1
    outer loop
      vertex 26.6374 12.193 3.8
      vertex 27.0876 11.5778 3.8
      vertex 26.8751 11.1802 3.8
    endloop
  endfacet
  facet normal 0 0 -1
    outer loop
      vertex 27.3737 11.9263 3.8
      vertex 26.8537 12.4463 3.8
      vertex 26.9626 12.5392 3.8
    endloop
  endfacet
  facet normal 0 0 -1
    outer loop
      vertex 26.6374 12.193 3.8
      vertex 26.8751 11.1802 3.8
      vertex 26.7442 10.7487 3.8
    endloop
  endfacet
  facet normal 0 0 -1
    outer loop
      vertex 26.6374 12.193 3.8
      vertex 26.7442 10.7487 3.8
      vertex 26.7 10.3 3.8
    endloop
  endfacet
  facet normal 0 0 -1
    outer loop
      vertex 27.3737 11.9263 3.8
      vertex 26.6374 12.193 3.8
      vertex 26.8537 12.4463 3.8
    endloop
  endfacet
  facet normal 0.772988 -0.634421 0
    outer loop
      vertex 32.4922 7.96661 7.9
      vertex 32.3874 7.83892 5.80013
      vertex 32.4922 7.96661 5.80839
    endloop
  endfacet
  facet normal 0.772943 -0.634475 5.55274e-06
    outer loop
      vertex 32.4922 7.96661 7.9
      vertex 32.1089 7.49964 5.80327
      vertex 32.3874 7.83892 5.80013
    endloop
  endfacet
  facet normal 0.772968 -0.634445 -5.78647e-06
    outer loop
      vertex 31.9698 7.33015 7.9
      vertex 32.1089 7.49964 5.80327
      vertex 32.4922 7.96661 7.9
    endloop
  endfacet
  facet normal 0.773003 -0.634402 0
    outer loop
      vertex 32.1089 7.49964 5.80327
      vertex 31.9698 7.33015 7.9
      vertex 31.9698 7.33015 5.80484
    endloop
  endfacet
  facet normal -0.956937 -0.290297 0
    outer loop
      vertex 31.2558 10.7487 3.8
      vertex 31.1249 11.1802 7.9
      vertex 31.1249 11.1802 3.8
    endloop
  endfacet
  facet normal -0.956937 -0.290297 0
    outer loop
      vertex 31.1249 11.1802 7.9
      vertex 31.2558 10.7487 3.8
      vertex 31.2558 10.7487 7.9
    endloop
  endfacet
  facet normal -0.995183 -0.0980323 0
    outer loop
      vertex 31.3 10.3 3.8
      vertex 31.2558 10.7487 7.9
      vertex 31.2558 10.7487 3.8
    endloop
  endfacet
  facet normal -0.995183 -0.0980323 0
    outer loop
      vertex 31.2558 10.7487 7.9
      vertex 31.3 10.3 3.8
      vertex 31.3 10.3 7.9
    endloop
  endfacet
  facet normal -0.881941 -0.471359 0
    outer loop
      vertex 31.1249 11.1802 3.8
      vertex 30.9124 11.5778 7.9
      vertex 30.9124 11.5778 3.8
    endloop
  endfacet
  facet normal -0.881941 -0.471359 0
    outer loop
      vertex 30.9124 11.5778 7.9
      vertex 31.1249 11.1802 3.8
      vertex 31.1249 11.1802 7.9
    endloop
  endfacet
  facet normal 0.290297 -0.956937 0
    outer loop
      vertex 28.1198 12.4249 3.8
      vertex 28.5513 12.5558 7.9
      vertex 28.1198 12.4249 7.9
    endloop
  endfacet
  facet normal 0.290297 -0.956937 0
    outer loop
      vertex 28.5513 12.5558 7.9
      vertex 28.1198 12.4249 3.8
      vertex 28.5513 12.5558 3.8
    endloop
  endfacet
  facet normal -0.995183 0.0980301 0
    outer loop
      vertex 31.2558 9.85129 3.8
      vertex 31.3 10.3 7.9
      vertex 31.3 10.3 3.8
    endloop
  endfacet
  facet normal -0.995183 0.0980301 0
    outer loop
      vertex 31.3 10.3 7.9
      vertex 31.2558 9.85129 3.8
      vertex 31.2558 9.85129 7.9
    endloop
  endfacet
  facet normal -0.290276 0.956943 0
    outer loop
      vertex 29.8802 8.17508 3.8
      vertex 29.4487 8.04419 7.9
      vertex 29.8802 8.17508 7.9
    endloop
  endfacet
  facet normal -0.290276 0.956943 0
    outer loop
      vertex 29.4487 8.04419 7.9
      vertex 29.8802 8.17508 3.8
      vertex 29.4487 8.04419 3.8
    endloop
  endfacet
  facet normal -0.772909 -0.634517 0
    outer loop
      vertex 30.9124 11.5778 3.8
      vertex 30.6263 11.9263 7.9
      vertex 30.6263 11.9263 3.8
    endloop
  endfacet
  facet normal -0.772909 -0.634517 0
    outer loop
      vertex 30.6263 11.9263 7.9
      vertex 30.9124 11.5778 3.8
      vertex 30.9124 11.5778 7.9
    endloop
  endfacet
  facet normal 0.634517 -0.772909 0
    outer loop
      vertex 27.3737 11.9263 3.8
      vertex 27.7222 12.2124 7.9
      vertex 27.3737 11.9263 7.9
    endloop
  endfacet
  facet normal 0.634517 -0.772909 0
    outer loop
      vertex 27.7222 12.2124 7.9
      vertex 27.3737 11.9263 3.8
      vertex 27.7222 12.2124 3.8
    endloop
  endfacet
  facet normal -0.881961 0.471323 0
    outer loop
      vertex 30.9124 9.02219 3.8
      vertex 31.1249 9.41983 7.9
      vertex 31.1249 9.41983 3.8
    endloop
  endfacet
  facet normal -0.881961 0.471323 0
    outer loop
      vertex 31.1249 9.41983 7.9
      vertex 30.9124 9.02219 3.8
      vertex 30.9124 9.02219 7.9
    endloop
  endfacet
  facet normal -0.956929 0.290321 0
    outer loop
      vertex 31.1249 9.41983 3.8
      vertex 31.2558 9.85129 7.9
      vertex 31.2558 9.85129 3.8
    endloop
  endfacet
  facet normal -0.956929 0.290321 0
    outer loop
      vertex 31.2558 9.85129 7.9
      vertex 31.1249 9.41983 3.8
      vertex 31.1249 9.41983 7.9
    endloop
  endfacet
  facet normal 0.995183 -0.0980323 0
    outer loop
      vertex 26.7 10.3 7.9
      vertex 26.7442 10.7487 3.8
      vertex 26.7442 10.7487 7.9
    endloop
  endfacet
  facet normal 0.995183 -0.0980323 0
    outer loop
      vertex 26.7442 10.7487 3.8
      vertex 26.7 10.3 7.9
      vertex 26.7 10.3 3.8
    endloop
  endfacet
  facet normal -0.0980103 0.995185 0
    outer loop
      vertex 29.4487 8.04419 3.8
      vertex 29 8 7.9
      vertex 29.4487 8.04419 7.9
    endloop
  endfacet
  facet normal -0.0980103 0.995185 0
    outer loop
      vertex 29 8 7.9
      vertex 29.4487 8.04419 3.8
      vertex 29 8 3.8
    endloop
  endfacet
  facet normal -0.772936 0.634484 0
    outer loop
      vertex 30.6263 8.67366 3.8
      vertex 30.9124 9.02219 7.9
      vertex 30.9124 9.02219 3.8
    endloop
  endfacet
  facet normal -0.772936 0.634484 0
    outer loop
      vertex 30.9124 9.02219 7.9
      vertex 30.6263 8.67366 3.8
      vertex 30.6263 8.67366 7.9
    endloop
  endfacet
  facet normal 0.881961 0.471323 0
    outer loop
      vertex 27.0876 9.02219 7.9
      vertex 26.8751 9.41983 3.8
      vertex 26.8751 9.41983 7.9
    endloop
  endfacet
  facet normal 0.881961 0.471323 0
    outer loop
      vertex 26.8751 9.41983 3.8
      vertex 27.0876 9.02219 7.9
      vertex 27.0876 9.02219 3.8
    endloop
  endfacet
  facet normal 0.956929 0.290321 0
    outer loop
      vertex 26.8751 9.41983 7.9
      vertex 26.7442 9.85129 3.8
      vertex 26.7442 9.85129 7.9
    endloop
  endfacet
  facet normal 0.956929 0.290321 0
    outer loop
      vertex 26.7442 9.85129 3.8
      vertex 26.8751 9.41983 7.9
      vertex 26.8751 9.41983 3.8
    endloop
  endfacet
  facet normal 0.471428 0.881904 -0
    outer loop
      vertex 28.1198 8.17508 3.8
      vertex 27.7222 8.38762 7.9
      vertex 28.1198 8.17508 7.9
    endloop
  endfacet
  facet normal 0.471428 0.881904 0
    outer loop
      vertex 27.7222 8.38762 7.9
      vertex 28.1198 8.17508 3.8
      vertex 27.7222 8.38762 3.8
    endloop
  endfacet
  facet normal 0.772936 0.634484 0
    outer loop
      vertex 27.3737 8.67366 7.9
      vertex 27.0876 9.02219 3.8
      vertex 27.0876 9.02219 7.9
    endloop
  endfacet
  facet normal 0.772936 0.634484 0
    outer loop
      vertex 27.0876 9.02219 3.8
      vertex 27.3737 8.67366 7.9
      vertex 27.3737 8.67366 3.8
    endloop
  endfacet
  facet normal 0.995183 0.0980301 0
    outer loop
      vertex 26.7442 9.85129 7.9
      vertex 26.7 10.3 3.8
      vertex 26.7 10.3 7.9
    endloop
  endfacet
  facet normal 0.995183 0.0980301 0
    outer loop
      vertex 26.7 10.3 3.8
      vertex 26.7442 9.85129 7.9
      vertex 26.7442 9.85129 3.8
    endloop
  endfacet
  facet normal -0.471428 0.881904 0
    outer loop
      vertex 30.2778 8.38762 3.8
      vertex 29.8802 8.17508 7.9
      vertex 30.2778 8.38762 7.9
    endloop
  endfacet
  facet normal -0.471428 0.881904 0
    outer loop
      vertex 29.8802 8.17508 7.9
      vertex 30.2778 8.38762 3.8
      vertex 29.8802 8.17508 3.8
    endloop
  endfacet
  facet normal 0.634438 0.772974 -0
    outer loop
      vertex 27.7222 8.38762 3.8
      vertex 27.3737 8.67366 7.9
      vertex 27.7222 8.38762 7.9
    endloop
  endfacet
  facet normal 0.634438 0.772974 0
    outer loop
      vertex 27.3737 8.67366 7.9
      vertex 27.7222 8.38762 3.8
      vertex 27.3737 8.67366 3.8
    endloop
  endfacet
  facet normal -0.290297 -0.956937 0
    outer loop
      vertex 29.4487 12.5558 3.8
      vertex 29.8802 12.4249 7.9
      vertex 29.4487 12.5558 7.9
    endloop
  endfacet
  facet normal -0.290297 -0.956937 -0
    outer loop
      vertex 29.8802 12.4249 7.9
      vertex 29.4487 12.5558 3.8
      vertex 29.8802 12.4249 3.8
    endloop
  endfacet
  facet normal -0.634517 -0.772909 0
    outer loop
      vertex 30.2778 12.2124 3.8
      vertex 30.6263 11.9263 7.9
      vertex 30.2778 12.2124 7.9
    endloop
  endfacet
  facet normal -0.634517 -0.772909 -0
    outer loop
      vertex 30.6263 11.9263 7.9
      vertex 30.2778 12.2124 3.8
      vertex 30.6263 11.9263 3.8
    endloop
  endfacet
  facet normal 0.290276 0.956943 -0
    outer loop
      vertex 28.5513 8.04419 3.8
      vertex 28.1198 8.17508 7.9
      vertex 28.5513 8.04419 7.9
    endloop
  endfacet
  facet normal 0.290276 0.956943 0
    outer loop
      vertex 28.1198 8.17508 7.9
      vertex 28.5513 8.04419 3.8
      vertex 28.1198 8.17508 3.8
    endloop
  endfacet
  facet normal 0.0980103 0.995185 -0
    outer loop
      vertex 29 8 3.8
      vertex 28.5513 8.04419 7.9
      vertex 29 8 7.9
    endloop
  endfacet
  facet normal 0.0980103 0.995185 0
    outer loop
      vertex 28.5513 8.04419 7.9
      vertex 29 8 3.8
      vertex 28.5513 8.04419 3.8
    endloop
  endfacet
  facet normal -0.634438 0.772974 0
    outer loop
      vertex 30.6263 8.67366 3.8
      vertex 30.2778 8.38762 7.9
      vertex 30.6263 8.67366 7.9
    endloop
  endfacet
  facet normal -0.634438 0.772974 0
    outer loop
      vertex 30.2778 8.38762 7.9
      vertex 30.6263 8.67366 3.8
      vertex 30.2778 8.38762 3.8
    endloop
  endfacet
  facet normal 0.772909 -0.634517 0
    outer loop
      vertex 27.0876 11.5778 7.9
      vertex 27.3737 11.9263 3.8
      vertex 27.3737 11.9263 7.9
    endloop
  endfacet
  facet normal 0.772909 -0.634517 0
    outer loop
      vertex 27.3737 11.9263 3.8
      vertex 27.0876 11.5778 7.9
      vertex 27.0876 11.5778 3.8
    endloop
  endfacet
  facet normal 0.0980323 -0.995183 0
    outer loop
      vertex 28.5513 12.5558 3.8
      vertex 29 12.6 7.9
      vertex 28.5513 12.5558 7.9
    endloop
  endfacet
  facet normal 0.0980323 -0.995183 0
    outer loop
      vertex 29 12.6 7.9
      vertex 28.5513 12.5558 3.8
      vertex 29 12.6 3.8
    endloop
  endfacet
  facet normal -0.471359 -0.881941 0
    outer loop
      vertex 29.8802 12.4249 3.8
      vertex 30.2778 12.2124 7.9
      vertex 29.8802 12.4249 7.9
    endloop
  endfacet
  facet normal -0.471359 -0.881941 -0
    outer loop
      vertex 30.2778 12.2124 7.9
      vertex 29.8802 12.4249 3.8
      vertex 30.2778 12.2124 3.8
    endloop
  endfacet
  facet normal 0.471359 -0.881941 0
    outer loop
      vertex 27.7222 12.2124 3.8
      vertex 28.1198 12.4249 7.9
      vertex 27.7222 12.2124 7.9
    endloop
  endfacet
  facet normal 0.471359 -0.881941 0
    outer loop
      vertex 28.1198 12.4249 7.9
      vertex 27.7222 12.2124 3.8
      vertex 28.1198 12.4249 3.8
    endloop
  endfacet
  facet normal 0.881941 -0.471359 0
    outer loop
      vertex 26.8751 11.1802 7.9
      vertex 27.0876 11.5778 3.8
      vertex 27.0876 11.5778 7.9
    endloop
  endfacet
  facet normal 0.881941 -0.471359 0
    outer loop
      vertex 27.0876 11.5778 3.8
      vertex 26.8751 11.1802 7.9
      vertex 26.8751 11.1802 3.8
    endloop
  endfacet
  facet normal -0.0980323 -0.995183 0
    outer loop
      vertex 29 12.6 3.8
      vertex 29.4487 12.5558 7.9
      vertex 29 12.6 7.9
    endloop
  endfacet
  facet normal -0.0980323 -0.995183 -0
    outer loop
      vertex 29.4487 12.5558 7.9
      vertex 29 12.6 3.8
      vertex 29.4487 12.5558 3.8
    endloop
  endfacet
  facet normal 0.956937 -0.290297 0
    outer loop
      vertex 26.7442 10.7487 7.9
      vertex 26.8751 11.1802 3.8
      vertex 26.8751 11.1802 7.9
    endloop
  endfacet
  facet normal 0.956937 -0.290297 0
    outer loop
      vertex 26.8751 11.1802 3.8
      vertex 26.7442 10.7487 7.9
      vertex 26.7442 10.7487 3.8
    endloop
  endfacet
  facet normal -0.981867 0.0772757 0.173108
    outer loop
      vertex 22.1206 10.3 4.68404
      vertex 22.2053 11.3762 4.68404
      vertex 22 10.3 4
    endloop
  endfacet
  facet normal -0.98187 0.0772942 0.17308
    outer loop
      vertex 22.2053 11.3762 4.68404
      vertex 22.0862 11.395 4
      vertex 22 10.3 4
    endloop
  endfacet
  facet normal -0.864018 0.0679849 0.49885
    outer loop
      vertex 22.4679 10.3 5.28557
      vertex 22.5483 11.3218 5.28557
      vertex 22.1206 10.3 4.68404
    endloop
  endfacet
  facet normal -0.864028 0.0680015 0.49883
    outer loop
      vertex 22.5483 11.3218 5.28557
      vertex 22.2053 11.3762 4.68404
      vertex 22.1206 10.3 4.68404
    endloop
  endfacet
  facet normal -0.641962 0.0505444 0.765069
    outer loop
      vertex 23 10.3 5.73205
      vertex 23.0739 11.2386 5.73205
      vertex 22.4679 10.3 5.28557
    endloop
  endfacet
  facet normal -0.64193 0.0505101 0.765098
    outer loop
      vertex 23.0739 11.2386 5.73205
      vertex 22.5483 11.3218 5.28557
      vertex 22.4679 10.3 5.28557
    endloop
  endfacet
  facet normal -0.341892 0.0268936 0.939354
    outer loop
      vertex 23.6527 10.3 5.96961
      vertex 23.7185 11.1365 5.96961
      vertex 23 10.3 5.73205
    endloop
  endfacet
  facet normal -0.34192 0.0269208 0.939343
    outer loop
      vertex 23.7185 11.1365 5.96961
      vertex 23.0739 11.2386 5.73205
      vertex 23 10.3 5.73205
    endloop
  endfacet
  facet normal 0.341897 -0.026943 0.939351
    outer loop
      vertex 24.8436 10.7424 5.80166
      vertex 24.3473 10.3 5.96961
      vertex 24.8 10.3 5.80484
    endloop
  endfacet
  facet normal 0.341913 -0.0268522 0.939348
    outer loop
      vertex 24.4046 11.0278 5.96961
      vertex 24.8436 10.7424 5.80166
      vertex 24.8645 10.955 5.80013
    endloop
  endfacet
  facet normal 0.341876 -0.026916 0.93936
    outer loop
      vertex 24.8436 10.7424 5.80166
      vertex 24.4046 11.0278 5.96961
      vertex 24.3473 10.3 5.96961
    endloop
  endfacet
  facet normal 0.981844 -0.0777494 -0.173026
    outer loop
      vertex 25.8794 10.3 3.31596
      vertex 25.976 10.4427 3.8
      vertex 25.9647 10.3 3.8
    endloop
  endfacet
  facet normal 0.981857 -0.0772293 -0.173182
    outer loop
      vertex 25.976 10.4427 3.8
      vertex 25.8794 10.3 3.31596
      vertex 25.9178 10.7882 3.31596
    endloop
  endfacet
  facet normal 0.98187 -0.0771659 -0.173138
    outer loop
      vertex 26.0021 10.7748 3.8
      vertex 25.976 10.4427 3.8
      vertex 25.9178 10.7882 3.31596
    endloop
  endfacet
  facet normal 0.86402 -0.0680067 -0.498843
    outer loop
      vertex 25.5748 10.8425 2.71442
      vertex 25.8794 10.3 3.31596
      vertex 25.5321 10.3 2.71442
    endloop
  endfacet
  facet normal 0.864041 -0.0679622 -0.498814
    outer loop
      vertex 25.9178 10.7882 3.31596
      vertex 25.8794 10.3 3.31596
      vertex 25.5748 10.8425 2.71442
    endloop
  endfacet
  facet normal 0.641956 -0.0504782 -0.765078
    outer loop
      vertex 25.0492 10.9257 2.26795
      vertex 25.5321 10.3 2.71442
      vertex 25 10.3 2.26795
    endloop
  endfacet
  facet normal 0.64192 -0.0505253 -0.765105
    outer loop
      vertex 25.5748 10.8425 2.71442
      vertex 25.5321 10.3 2.71442
      vertex 25.0492 10.9257 2.26795
    endloop
  endfacet
  facet normal 0.341905 -0.0269183 -0.939349
    outer loop
      vertex 24.4046 11.0278 2.03038
      vertex 25 10.3 2.26795
      vertex 24.3473 10.3 2.03038
    endloop
  endfacet
  facet normal 0.341938 -0.0268873 -0.939338
    outer loop
      vertex 25.0492 10.9257 2.26795
      vertex 25 10.3 2.26795
      vertex 24.4046 11.0278 2.03038
    endloop
  endfacet
  facet normal 0 0 -1
    outer loop
      vertex 33.6527 10.3 2.03038
      vertex 34.3473 10.3 2.03038
      vertex 34.2815 9.4635 2.03038
    endloop
  endfacet
  facet normal 0 0 -1
    outer loop
      vertex 33.5954 9.57216 2.03038
      vertex 34.2815 9.4635 2.03038
      vertex 34.0856 8.64759 2.03038
    endloop
  endfacet
  facet normal 0 0 -1
    outer loop
      vertex 34.3473 10.3 2.03038
      vertex 33.6527 10.3 2.03038
      vertex 34.2815 11.1365 2.03038
    endloop
  endfacet
  facet normal 0 0 -1
    outer loop
      vertex 33.425 8.86224 2.03038
      vertex 34.0856 8.64759 2.03038
      vertex 33.7645 7.87238 2.03038
    endloop
  endfacet
  facet normal 0 0 -1
    outer loop
      vertex 33.5954 11.0278 2.03038
      vertex 34.2815 11.1365 2.03038
      vertex 33.6527 10.3 2.03038
    endloop
  endfacet
  facet normal -0 0 -1
    outer loop
      vertex 34.2815 11.1365 2.03038
      vertex 33.5954 11.0278 2.03038
      vertex 34.0856 11.9524 2.03038
    endloop
  endfacet
  facet normal 0 0 -1
    outer loop
      vertex 34.2815 9.4635 2.03038
      vertex 33.5954 9.57216 2.03038
      vertex 33.6527 10.3 2.03038
    endloop
  endfacet
  facet normal 0 0 -1
    outer loop
      vertex 34.0856 8.64759 2.03038
      vertex 33.425 8.86224 2.03038
      vertex 33.5954 9.57216 2.03038
    endloop
  endfacet
  facet normal 0 0 -1
    outer loop
      vertex 33.1456 8.18772 2.03038
      vertex 33.7645 7.87238 2.03038
      vertex 33.3261 7.15694 2.03038
    endloop
  endfacet
  facet normal 0 0 -1
    outer loop
      vertex 33.7645 7.87238 2.03038
      vertex 33.1456 8.18772 2.03038
      vertex 33.425 8.86224 2.03038
    endloop
  endfacet
  facet normal 0 0 -1
    outer loop
      vertex 32.7641 7.56521 2.03038
      vertex 33.3261 7.15694 2.03038
      vertex 32.7811 6.51889 2.03038
    endloop
  endfacet
  facet normal 0 0 -1
    outer loop
      vertex 33.3261 7.15694 2.03038
      vertex 32.7641 7.56521 2.03038
      vertex 33.1456 8.18772 2.03038
    endloop
  endfacet
  facet normal 0 0 -1
    outer loop
      vertex 32.7811 6.51889 2.03038
      vertex 32.29 7.01004 2.03038
      vertex 32.7641 7.56521 2.03038
    endloop
  endfacet
  facet normal 0 0 -1
    outer loop
      vertex 32.1431 5.97395 2.03038
      vertex 32.29 7.01004 2.03038
      vertex 32.7811 6.51889 2.03038
    endloop
  endfacet
  facet normal 0 0 -1
    outer loop
      vertex 32.1431 5.97395 2.03038
      vertex 31.7348 6.53588 2.03038
      vertex 32.29 7.01004 2.03038
    endloop
  endfacet
  facet normal 0 0 -1
    outer loop
      vertex 31.4276 5.53552 2.03038
      vertex 31.7348 6.53588 2.03038
      vertex 32.1431 5.97395 2.03038
    endloop
  endfacet
  facet normal 0 0 -1
    outer loop
      vertex 31.4276 5.53552 2.03038
      vertex 31.1123 6.15441 2.03038
      vertex 31.7348 6.53588 2.03038
    endloop
  endfacet
  facet normal 0 0 -1
    outer loop
      vertex 30.6524 5.21442 2.03038
      vertex 31.1123 6.15441 2.03038
      vertex 31.4276 5.53552 2.03038
    endloop
  endfacet
  facet normal 0 0 -1
    outer loop
      vertex 30.6524 5.21442 2.03038
      vertex 30.4378 5.87502 2.03038
      vertex 31.1123 6.15441 2.03038
    endloop
  endfacet
  facet normal 0 0 -1
    outer loop
      vertex 29.8365 5.01854 2.03038
      vertex 30.4378 5.87502 2.03038
      vertex 30.6524 5.21442 2.03038
    endloop
  endfacet
  facet normal 0 0 -1
    outer loop
      vertex 29.8365 5.01854 2.03038
      vertex 29.7278 5.70458 2.03038
      vertex 30.4378 5.87502 2.03038
    endloop
  endfacet
  facet normal 0 0 -1
    outer loop
      vertex 29 4.9527 2.03038
      vertex 29.7278 5.70458 2.03038
      vertex 29.8365 5.01854 2.03038
    endloop
  endfacet
  facet normal 0 0 -1
    outer loop
      vertex 29 4.9527 2.03038
      vertex 29 5.6473 2.03038
      vertex 29.7278 5.70458 2.03038
    endloop
  endfacet
  facet normal 0 0 -1
    outer loop
      vertex 29 4.9527 2.03038
      vertex 28.2722 5.70458 2.03038
      vertex 29 5.6473 2.03038
    endloop
  endfacet
  facet normal 0 0 -1
    outer loop
      vertex 28.1635 5.01854 2.03038
      vertex 28.2722 5.70458 2.03038
      vertex 29 4.9527 2.03038
    endloop
  endfacet
  facet normal 0 0 -1
    outer loop
      vertex 28.1635 5.01854 2.03038
      vertex 27.5622 5.87502 2.03038
      vertex 28.2722 5.70458 2.03038
    endloop
  endfacet
  facet normal 0 0 -1
    outer loop
      vertex 27.3476 5.21442 2.03038
      vertex 27.5622 5.87502 2.03038
      vertex 28.1635 5.01854 2.03038
    endloop
  endfacet
  facet normal 0 0 -1
    outer loop
      vertex 27.3476 5.21442 2.03038
      vertex 26.8877 6.15441 2.03038
      vertex 27.5622 5.87502 2.03038
    endloop
  endfacet
  facet normal 0 0 -1
    outer loop
      vertex 26.5724 5.53552 2.03038
      vertex 26.8877 6.15441 2.03038
      vertex 27.3476 5.21442 2.03038
    endloop
  endfacet
  facet normal 0 0 -1
    outer loop
      vertex 26.5724 5.53552 2.03038
      vertex 26.2652 6.53588 2.03038
      vertex 26.8877 6.15441 2.03038
    endloop
  endfacet
  facet normal 0 0 -1
    outer loop
      vertex 25.8569 5.97395 2.03038
      vertex 26.2652 6.53588 2.03038
      vertex 26.5724 5.53552 2.03038
    endloop
  endfacet
  facet normal 0 0 -1
    outer loop
      vertex 25.8569 5.97395 2.03038
      vertex 25.71 7.01004 2.03038
      vertex 26.2652 6.53588 2.03038
    endloop
  endfacet
  facet normal 0 0 -1
    outer loop
      vertex 25.2189 6.51889 2.03038
      vertex 25.71 7.01004 2.03038
      vertex 25.8569 5.97395 2.03038
    endloop
  endfacet
  facet normal -0 0 -1
    outer loop
      vertex 25.71 7.01004 2.03038
      vertex 25.2189 6.51889 2.03038
      vertex 25.2359 7.56521 2.03038
    endloop
  endfacet
  facet normal 0 0 -1
    outer loop
      vertex 24.6739 7.15694 2.03038
      vertex 25.2359 7.56521 2.03038
      vertex 25.2189 6.51889 2.03038
    endloop
  endfacet
  facet normal -0 0 -1
    outer loop
      vertex 25.2359 7.56521 2.03038
      vertex 24.6739 7.15694 2.03038
      vertex 24.8544 8.18772 2.03038
    endloop
  endfacet
  facet normal 0 0 -1
    outer loop
      vertex 24.2355 7.87238 2.03038
      vertex 24.8544 8.18772 2.03038
      vertex 24.6739 7.15694 2.03038
    endloop
  endfacet
  facet normal -0 0 -1
    outer loop
      vertex 24.8544 8.18772 2.03038
      vertex 24.2355 7.87238 2.03038
      vertex 24.575 8.86224 2.03038
    endloop
  endfacet
  facet normal -0 0 -1
    outer loop
      vertex 24.575 8.86224 2.03038
      vertex 23.9144 8.64759 2.03038
      vertex 24.4046 9.57216 2.03038
    endloop
  endfacet
  facet normal 0 0 -1
    outer loop
      vertex 23.9144 8.64759 2.03038
      vertex 24.575 8.86224 2.03038
      vertex 24.2355 7.87238 2.03038
    endloop
  endfacet
  facet normal 0 0 -1
    outer loop
      vertex 33.425 11.7378 2.03038
      vertex 34.0856 11.9524 2.03038
      vertex 33.5954 11.0278 2.03038
    endloop
  endfacet
  facet normal -0 0 -1
    outer loop
      vertex 34.0856 11.9524 2.03038
      vertex 33.425 11.7378 2.03038
      vertex 33.7645 12.7276 2.03038
    endloop
  endfacet
  facet normal 0 0 -1
    outer loop
      vertex 33.1456 12.4123 2.03038
      vertex 33.7645 12.7276 2.03038
      vertex 33.425 11.7378 2.03038
    endloop
  endfacet
  facet normal -0 0 -1
    outer loop
      vertex 33.7645 12.7276 2.03038
      vertex 33.1456 12.4123 2.03038
      vertex 33.3261 13.4431 2.03038
    endloop
  endfacet
  facet normal 0 0 -1
    outer loop
      vertex 32.7641 13.0348 2.03038
      vertex 33.3261 13.4431 2.03038
      vertex 33.1456 12.4123 2.03038
    endloop
  endfacet
  facet normal -0 0 -1
    outer loop
      vertex 33.3261 13.4431 2.03038
      vertex 32.7641 13.0348 2.03038
      vertex 32.7811 14.0811 2.03038
    endloop
  endfacet
  facet normal 0 0 -1
    outer loop
      vertex 32.29 13.59 2.03038
      vertex 32.7811 14.0811 2.03038
      vertex 32.7641 13.0348 2.03038
    endloop
  endfacet
  facet normal 0 0 -1
    outer loop
      vertex 32.29 13.59 2.03038
      vertex 32.1431 14.6261 2.03038
      vertex 32.7811 14.0811 2.03038
    endloop
  endfacet
  facet normal 0 0 -1
    outer loop
      vertex 31.7348 14.0641 2.03038
      vertex 32.1431 14.6261 2.03038
      vertex 32.29 13.59 2.03038
    endloop
  endfacet
  facet normal 0 0 -1
    outer loop
      vertex 31.7348 14.0641 2.03038
      vertex 31.4276 15.0645 2.03038
      vertex 32.1431 14.6261 2.03038
    endloop
  endfacet
  facet normal 0 0 -1
    outer loop
      vertex 31.1123 14.4456 2.03038
      vertex 31.4276 15.0645 2.03038
      vertex 31.7348 14.0641 2.03038
    endloop
  endfacet
  facet normal 0 0 -1
    outer loop
      vertex 31.1123 14.4456 2.03038
      vertex 30.6524 15.3856 2.03038
      vertex 31.4276 15.0645 2.03038
    endloop
  endfacet
  facet normal 0 0 -1
    outer loop
      vertex 30.4378 14.725 2.03038
      vertex 30.6524 15.3856 2.03038
      vertex 31.1123 14.4456 2.03038
    endloop
  endfacet
  facet normal 0 0 -1
    outer loop
      vertex 30.4378 14.725 2.03038
      vertex 29.8365 15.5815 2.03038
      vertex 30.6524 15.3856 2.03038
    endloop
  endfacet
  facet normal 0 0 -1
    outer loop
      vertex 29.7278 14.8954 2.03038
      vertex 29.8365 15.5815 2.03038
      vertex 30.4378 14.725 2.03038
    endloop
  endfacet
  facet normal 0 0 -1
    outer loop
      vertex 29 14.9527 2.03038
      vertex 29.8365 15.5815 2.03038
      vertex 29.7278 14.8954 2.03038
    endloop
  endfacet
  facet normal 0 0 -1
    outer loop
      vertex 29 14.9527 2.03038
      vertex 29 15.6473 2.03038
      vertex 29.8365 15.5815 2.03038
    endloop
  endfacet
  facet normal 0 0 -1
    outer loop
      vertex 28.2722 14.8954 2.03038
      vertex 29 15.6473 2.03038
      vertex 29 14.9527 2.03038
    endloop
  endfacet
  facet normal 0 0 -1
    outer loop
      vertex 28.2722 14.8954 2.03038
      vertex 28.1635 15.5815 2.03038
      vertex 29 15.6473 2.03038
    endloop
  endfacet
  facet normal 0 0 -1
    outer loop
      vertex 27.5622 14.725 2.03038
      vertex 28.1635 15.5815 2.03038
      vertex 28.2722 14.8954 2.03038
    endloop
  endfacet
  facet normal 0 0 -1
    outer loop
      vertex 27.5622 14.725 2.03038
      vertex 27.3476 15.3856 2.03038
      vertex 28.1635 15.5815 2.03038
    endloop
  endfacet
  facet normal 0 0 -1
    outer loop
      vertex 26.8877 14.4456 2.03038
      vertex 27.3476 15.3856 2.03038
      vertex 27.5622 14.725 2.03038
    endloop
  endfacet
  facet normal 0 0 -1
    outer loop
      vertex 26.8877 14.4456 2.03038
      vertex 26.5724 15.0645 2.03038
      vertex 27.3476 15.3856 2.03038
    endloop
  endfacet
  facet normal 0 0 -1
    outer loop
      vertex 26.2652 14.0641 2.03038
      vertex 26.5724 15.0645 2.03038
      vertex 26.8877 14.4456 2.03038
    endloop
  endfacet
  facet normal 0 0 -1
    outer loop
      vertex 26.2652 14.0641 2.03038
      vertex 25.8569 14.6261 2.03038
      vertex 26.5724 15.0645 2.03038
    endloop
  endfacet
  facet normal 0 0 -1
    outer loop
      vertex 25.71 13.59 2.03038
      vertex 25.8569 14.6261 2.03038
      vertex 26.2652 14.0641 2.03038
    endloop
  endfacet
  facet normal 0 0 -1
    outer loop
      vertex 25.2189 14.0811 2.03038
      vertex 25.71 13.59 2.03038
      vertex 25.2359 13.0348 2.03038
    endloop
  endfacet
  facet normal 0 0 -1
    outer loop
      vertex 25.71 13.59 2.03038
      vertex 25.2189 14.0811 2.03038
      vertex 25.8569 14.6261 2.03038
    endloop
  endfacet
  facet normal 0 0 -1
    outer loop
      vertex 24.6739 13.4431 2.03038
      vertex 25.2359 13.0348 2.03038
      vertex 24.8544 12.4123 2.03038
    endloop
  endfacet
  facet normal 0 0 -1
    outer loop
      vertex 25.2359 13.0348 2.03038
      vertex 24.6739 13.4431 2.03038
      vertex 25.2189 14.0811 2.03038
    endloop
  endfacet
  facet normal 0 0 -1
    outer loop
      vertex 24.2355 12.7276 2.03038
      vertex 24.8544 12.4123 2.03038
      vertex 24.575 11.7378 2.03038
    endloop
  endfacet
  facet normal 0 0 -1
    outer loop
      vertex 23.9144 11.9524 2.03038
      vertex 24.575 11.7378 2.03038
      vertex 24.4046 11.0278 2.03038
    endloop
  endfacet
  facet normal 0 0 -1
    outer loop
      vertex 24.8544 12.4123 2.03038
      vertex 24.2355 12.7276 2.03038
      vertex 24.6739 13.4431 2.03038
    endloop
  endfacet
  facet normal 0 0 -1
    outer loop
      vertex 23.7185 11.1365 2.03038
      vertex 24.4046 11.0278 2.03038
      vertex 24.3473 10.3 2.03038
    endloop
  endfacet
  facet normal 0 0 -1
    outer loop
      vertex 23.7185 9.4635 2.03038
      vertex 24.4046 9.57216 2.03038
      vertex 23.9144 8.64759 2.03038
    endloop
  endfacet
  facet normal -0 0 -1
    outer loop
      vertex 24.4046 9.57216 2.03038
      vertex 23.7185 9.4635 2.03038
      vertex 24.3473 10.3 2.03038
    endloop
  endfacet
  facet normal 0 0 -1
    outer loop
      vertex 24.575 11.7378 2.03038
      vertex 23.9144 11.9524 2.03038
      vertex 24.2355 12.7276 2.03038
    endloop
  endfacet
  facet normal 0 0 -1
    outer loop
      vertex 23.6527 10.3 2.03038
      vertex 24.3473 10.3 2.03038
      vertex 23.7185 9.4635 2.03038
    endloop
  endfacet
  facet normal 0 0 -1
    outer loop
      vertex 24.4046 11.0278 2.03038
      vertex 23.7185 11.1365 2.03038
      vertex 23.9144 11.9524 2.03038
    endloop
  endfacet
  facet normal 0 0 -1
    outer loop
      vertex 24.3473 10.3 2.03038
      vertex 23.6527 10.3 2.03038
      vertex 23.7185 11.1365 2.03038
    endloop
  endfacet
  facet normal -0.341905 0.0269196 -0.939349
    outer loop
      vertex 23.0739 11.2386 2.26795
      vertex 23.6527 10.3 2.03038
      vertex 23 10.3 2.26795
    endloop
  endfacet
  facet normal -0.341937 0.0268971 -0.939338
    outer loop
      vertex 23.7185 11.1365 2.03038
      vertex 23.6527 10.3 2.03038
      vertex 23.0739 11.2386 2.26795
    endloop
  endfacet
  facet normal -0.641954 0.050512 -0.765077
    outer loop
      vertex 22.5483 11.3218 2.71442
      vertex 23 10.3 2.26795
      vertex 22.4679 10.3 2.71442
    endloop
  endfacet
  facet normal -0.641918 0.0505409 -0.765106
    outer loop
      vertex 23.0739 11.2386 2.26795
      vertex 23 10.3 2.26795
      vertex 22.5483 11.3218 2.71442
    endloop
  endfacet
  facet normal -0.86402 0.0680009 -0.498843
    outer loop
      vertex 22.2053 11.3762 3.31596
      vertex 22.4679 10.3 2.71442
      vertex 22.1206 10.3 3.31596
    endloop
  endfacet
  facet normal -0.864033 0.0679862 -0.498823
    outer loop
      vertex 22.5483 11.3218 2.71442
      vertex 22.4679 10.3 2.71442
      vertex 22.2053 11.3762 3.31596
    endloop
  endfacet
  facet normal -0.981865 0.0772939 -0.173108
    outer loop
      vertex 22.0862 11.395 4
      vertex 22.1206 10.3 3.31596
      vertex 22 10.3 4
    endloop
  endfacet
  facet normal -0.981872 0.0772761 -0.17308
    outer loop
      vertex 22.2053 11.3762 3.31596
      vertex 22.1206 10.3 3.31596
      vertex 22.0862 11.395 4
    endloop
  endfacet
  facet normal -0.957694 0.229934 0.173066
    outer loop
      vertex 22.2053 11.3762 4.68404
      vertex 22.4573 12.4258 4.68404
      vertex 22.0862 11.395 4
    endloop
  endfacet
  facet normal -0.957693 0.229897 0.173122
    outer loop
      vertex 22.4573 12.4258 4.68404
      vertex 22.3426 12.4631 4
      vertex 22.0862 11.395 4
    endloop
  endfacet
  facet normal -0.842744 0.202336 0.498842
    outer loop
      vertex 22.5483 11.3218 5.28557
      vertex 22.7876 12.3185 5.28557
      vertex 22.2053 11.3762 4.68404
    endloop
  endfacet
  facet normal -0.842743 0.202336 0.498843
    outer loop
      vertex 22.7876 12.3185 5.28557
      vertex 22.4573 12.4258 4.68404
      vertex 22.2053 11.3762 4.68404
    endloop
  endfacet
  facet normal -0.626126 0.150325 0.765094
    outer loop
      vertex 23.0739 11.2386 5.73205
      vertex 23.2937 12.1541 5.73205
      vertex 22.5483 11.3218 5.28557
    endloop
  endfacet
  facet normal -0.626129 0.150329 0.765091
    outer loop
      vertex 23.2937 12.1541 5.73205
      vertex 22.7876 12.3185 5.28557
      vertex 22.5483 11.3218 5.28557
    endloop
  endfacet
  facet normal -0.333501 0.0800746 0.939343
    outer loop
      vertex 23.7185 11.1365 5.96961
      vertex 23.9144 11.9524 5.96961
      vertex 23.0739 11.2386 5.73205
    endloop
  endfacet
  facet normal -0.333496 0.0800682 0.939345
    outer loop
      vertex 23.9144 11.9524 5.96961
      vertex 23.2937 12.1541 5.73205
      vertex 23.0739 11.2386 5.73205
    endloop
  endfacet
  facet normal 0.333491 -0.0800582 0.939348
    outer loop
      vertex 24.8807 11.1194 5.80839
      vertex 24.4046 11.0278 5.96961
      vertex 24.8645 10.955 5.80013
    endloop
  endfacet
  facet normal 0.333486 -0.0800263 0.939352
    outer loop
      vertex 24.4046 11.0278 5.96961
      vertex 24.8807 11.1194 5.80839
      vertex 24.9614 11.3855 5.80241
    endloop
  endfacet
  facet normal 0.333469 -0.0800675 0.939355
    outer loop
      vertex 24.575 11.7378 5.96961
      vertex 24.9614 11.3855 5.80241
      vertex 25.024 11.5919 5.79778
    endloop
  endfacet
  facet normal 0.333493 -0.0800383 0.939349
    outer loop
      vertex 24.9614 11.3855 5.80241
      vertex 24.575 11.7378 5.96961
      vertex 24.4046 11.0278 5.96961
    endloop
  endfacet
  facet normal 0.957689 -0.229918 -0.173119
    outer loop
      vertex 26.0355 10.914 3.8
      vertex 25.9178 10.7882 3.31596
      vertex 26.0321 11.2643 3.31596
    endloop
  endfacet
  facet normal 0.957711 -0.229796 -0.173156
    outer loop
      vertex 25.9178 10.7882 3.31596
      vertex 26.0355 10.914 3.8
      vertex 26.0021 10.7748 3.8
    endloop
  endfacet
  facet normal 0.957649 -0.230025 -0.173196
    outer loop
      vertex 26.1133 11.2379 3.8
      vertex 26.0355 10.914 3.8
      vertex 26.0321 11.2643 3.31596
    endloop
  endfacet
  facet normal 0.842772 -0.202291 -0.498812
    outer loop
      vertex 25.7018 11.3716 2.71442
      vertex 25.9178 10.7882 3.31596
      vertex 25.5748 10.8425 2.71442
    endloop
  endfacet
  facet normal 0.84275 -0.202324 -0.498836
    outer loop
      vertex 26.0321 11.2643 3.31596
      vertex 25.9178 10.7882 3.31596
      vertex 25.7018 11.3716 2.71442
    endloop
  endfacet
  facet normal 0.626109 -0.150373 -0.765099
    outer loop
      vertex 25.1958 11.5361 2.26795
      vertex 25.5748 10.8425 2.71442
      vertex 25.0492 10.9257 2.26795
    endloop
  endfacet
  facet normal 0.626182 -0.150303 -0.765052
    outer loop
      vertex 25.7018 11.3716 2.71442
      vertex 25.5748 10.8425 2.71442
      vertex 25.1958 11.5361 2.26795
    endloop
  endfacet
  facet normal 0.333519 -0.0800445 -0.939339
    outer loop
      vertex 24.575 11.7378 2.03038
      vertex 25.0492 10.9257 2.26795
      vertex 24.4046 11.0278 2.03038
    endloop
  endfacet
  facet normal 0.333456 -0.0800864 -0.939358
    outer loop
      vertex 25.1958 11.5361 2.26795
      vertex 25.0492 10.9257 2.26795
      vertex 24.575 11.7378 2.03038
    endloop
  endfacet
  facet normal -0.333514 0.0800725 -0.939338
    outer loop
      vertex 23.2937 12.1541 2.26795
      vertex 23.7185 11.1365 2.03038
      vertex 23.0739 11.2386 2.26795
    endloop
  endfacet
  facet normal -0.333507 0.080076 -0.939341
    outer loop
      vertex 23.9144 11.9524 2.03038
      vertex 23.7185 11.1365 2.03038
      vertex 23.2937 12.1541 2.26795
    endloop
  endfacet
  facet normal -0.626117 0.150326 -0.765101
    outer loop
      vertex 22.7876 12.3185 2.71442
      vertex 23.0739 11.2386 2.26795
      vertex 22.5483 11.3218 2.71442
    endloop
  endfacet
  facet normal -0.626121 0.150324 -0.765098
    outer loop
      vertex 23.2937 12.1541 2.26795
      vertex 23.0739 11.2386 2.26795
      vertex 22.7876 12.3185 2.71442
    endloop
  endfacet
  facet normal -0.842747 0.202336 -0.498835
    outer loop
      vertex 22.4573 12.4258 3.31596
      vertex 22.5483 11.3218 2.71442
      vertex 22.2053 11.3762 3.31596
    endloop
  endfacet
  facet normal -0.842747 0.202337 -0.498836
    outer loop
      vertex 22.7876 12.3185 2.71442
      vertex 22.5483 11.3218 2.71442
      vertex 22.4573 12.4258 3.31596
    endloop
  endfacet
  facet normal -0.957703 0.229899 -0.173067
    outer loop
      vertex 22.3426 12.4631 4
      vertex 22.2053 11.3762 3.31596
      vertex 22.0862 11.395 4
    endloop
  endfacet
  facet normal -0.957685 0.229932 -0.173123
    outer loop
      vertex 22.3426 12.4631 4
      vertex 22.4573 12.4258 3.31596
      vertex 22.2053 11.3762 3.31596
    endloop
  endfacet
  facet normal -0.909941 0.376874 0.17313
    outer loop
      vertex 22.4573 12.4258 4.68404
      vertex 22.7477 13.2 4.52503
      vertex 22.3426 12.4631 4
    endloop
  endfacet
  facet normal -0.909881 0.376904 0.173381
    outer loop
      vertex 22.7477 13.2 4.52503
      vertex 22.4573 12.4258 4.68404
      vertex 22.778 13.2 4.68404
    endloop
  endfacet
  facet normal -0.909941 0.376868 0.173139
    outer loop
      vertex 22.7477 13.2 4.52503
      vertex 22.6478 13.2 4
      vertex 22.3426 12.4631 4
    endloop
  endfacet
  facet normal -0.80071 0.331699 0.498838
    outer loop
      vertex 22.7876 12.3185 5.28557
      vertex 23.1799 13.2655 5.28557
      vertex 22.4573 12.4258 4.68404
    endloop
  endfacet
  facet normal -0.801576 0.33204 0.497218
    outer loop
      vertex 22.778 13.2 4.68404
      vertex 22.4573 12.4258 4.68404
      vertex 22.7879 13.2 4.7
    endloop
  endfacet
  facet normal -0.800695 0.331612 0.498919
    outer loop
      vertex 22.7879 13.2 4.7
      vertex 23.1799 13.2655 5.28557
      vertex 22.8786 13.419 4.7
    endloop
  endfacet
  facet normal -0.800692 0.331627 0.498915
    outer loop
      vertex 23.1799 13.2655 5.28557
      vertex 22.7879 13.2 4.7
      vertex 22.4573 12.4258 4.68404
    endloop
  endfacet
  facet normal -0.594907 0.24643 0.765086
    outer loop
      vertex 23.2937 12.1541 5.73205
      vertex 23.654 13.0239 5.73205
      vertex 22.7876 12.3185 5.28557
    endloop
  endfacet
  facet normal -0.594915 0.246447 0.765075
    outer loop
      vertex 23.654 13.0239 5.73205
      vertex 23.1799 13.2655 5.28557
      vertex 22.7876 12.3185 5.28557
    endloop
  endfacet
  facet normal -0.316864 0.13125 0.939346
    outer loop
      vertex 23.9144 11.9524 5.96961
      vertex 24.2355 12.7276 5.96961
      vertex 23.2937 12.1541 5.73205
    endloop
  endfacet
  facet normal -0.316868 0.131257 0.939343
    outer loop
      vertex 24.2355 12.7276 5.96961
      vertex 23.654 13.0239 5.73205
      vertex 23.2937 12.1541 5.73205
    endloop
  endfacet
  facet normal 0.316837 -0.13125 0.939355
    outer loop
      vertex 25.1197 11.9073 5.80957
      vertex 24.575 11.7378 5.96961
      vertex 25.024 11.5919 5.79778
    endloop
  endfacet
  facet normal 0.316829 -0.131218 0.939362
    outer loop
      vertex 24.575 11.7378 5.96961
      vertex 25.1197 11.9073 5.80957
      vertex 25.1684 11.9984 5.80587
    endloop
  endfacet
  facet normal 0.316753 -0.131318 0.939374
    outer loop
      vertex 24.8544 12.4123 5.96961
      vertex 25.1684 11.9984 5.80587
      vertex 25.2751 12.1979 5.79778
    endloop
  endfacet
  facet normal 0.316839 -0.131245 0.939355
    outer loop
      vertex 25.1684 11.9984 5.80587
      vertex 24.8544 12.4123 5.96961
      vertex 24.575 11.7378 5.96961
    endloop
  endfacet
  facet normal 0.909911 -0.376917 -0.173193
    outer loop
      vertex 26.1681 11.3702 3.8
      vertex 26.0321 11.2643 3.31596
      vertex 26.2195 11.7167 3.31596
    endloop
  endfacet
  facet normal 0.909918 -0.376897 -0.173199
    outer loop
      vertex 26.0321 11.2643 3.31596
      vertex 26.1681 11.3702 3.8
      vertex 26.1133 11.2379 3.8
    endloop
  endfacet
  facet normal 0.909913 -0.376913 -0.17319
    outer loop
      vertex 26.2195 11.7167 3.31596
      vertex 26.2956 11.678 3.8
      vertex 26.1681 11.3702 3.8
    endloop
  endfacet
  facet normal 0.800707 -0.331717 -0.498831
    outer loop
      vertex 25.9101 11.8744 2.71442
      vertex 26.0321 11.2643 3.31596
      vertex 25.7018 11.3716 2.71442
    endloop
  endfacet
  facet normal 0.800731 -0.331691 -0.498809
    outer loop
      vertex 26.2195 11.7167 3.31596
      vertex 26.0321 11.2643 3.31596
      vertex 25.9101 11.8744 2.71442
    endloop
  endfacet
  facet normal 0.59494 -0.24643 -0.765062
    outer loop
      vertex 25.436 12.116 2.26795
      vertex 25.7018 11.3716 2.71442
      vertex 25.1958 11.5361 2.26795
    endloop
  endfacet
  facet normal 0.594902 -0.246456 -0.765083
    outer loop
      vertex 25.9101 11.8744 2.71442
      vertex 25.7018 11.3716 2.71442
      vertex 25.436 12.116 2.26795
    endloop
  endfacet
  facet normal 0.316835 -0.131243 -0.939357
    outer loop
      vertex 24.8544 12.4123 2.03038
      vertex 25.1958 11.5361 2.26795
      vertex 24.575 11.7378 2.03038
    endloop
  endfacet
  facet normal 0.316843 -0.13124 -0.939354
    outer loop
      vertex 25.436 12.116 2.26795
      vertex 25.1958 11.5361 2.26795
      vertex 24.8544 12.4123 2.03038
    endloop
  endfacet
  facet normal -0.316875 0.13126 -0.939341
    outer loop
      vertex 23.654 13.0239 2.26795
      vertex 23.9144 11.9524 2.03038
      vertex 23.2937 12.1541 2.26795
    endloop
  endfacet
  facet normal -0.316882 0.131258 -0.939339
    outer loop
      vertex 24.2355 12.7276 2.03038
      vertex 23.9144 11.9524 2.03038
      vertex 23.654 13.0239 2.26795
    endloop
  endfacet
  facet normal -0.594895 0.246439 -0.765093
    outer loop
      vertex 23.1799 13.2655 2.71442
      vertex 23.2937 12.1541 2.26795
      vertex 22.7876 12.3185 2.71442
    endloop
  endfacet
  facet normal -0.594912 0.246432 -0.765082
    outer loop
      vertex 23.654 13.0239 2.26795
      vertex 23.2937 12.1541 2.26795
      vertex 23.1799 13.2655 2.71442
    endloop
  endfacet
  facet normal -0.800748 0.331697 -0.498779
    outer loop
      vertex 22.8537 13.2 3.19443
      vertex 22.4573 12.4258 3.31596
      vertex 22.778 13.2 3.31596
    endloop
  endfacet
  facet normal -0.800723 0.331676 -0.498832
    outer loop
      vertex 22.4573 12.4258 3.31596
      vertex 22.8537 13.2 3.19443
      vertex 22.7876 12.3185 2.71442
    endloop
  endfacet
  facet normal -0.800674 0.331639 -0.498935
    outer loop
      vertex 23.1799 13.2655 2.71442
      vertex 23 13.2 2.95958
      vertex 23 13.3572 3.06407
    endloop
  endfacet
  facet normal -0.800735 0.331669 -0.498818
    outer loop
      vertex 23 13.2 2.95958
      vertex 22.7876 12.3185 2.71442
      vertex 22.8537 13.2 3.19443
    endloop
  endfacet
  facet normal -0.800667 0.331681 -0.498919
    outer loop
      vertex 22.7876 12.3185 2.71442
      vertex 23 13.2 2.95958
      vertex 23.1799 13.2655 2.71442
    endloop
  endfacet
  facet normal -0.909929 0.376863 -0.173214
    outer loop
      vertex 22.6822 13.2 3.81929
      vertex 22.3426 12.4631 4
      vertex 22.6478 13.2 4
    endloop
  endfacet
  facet normal -0.909935 0.376887 -0.173129
    outer loop
      vertex 22.3426 12.4631 4
      vertex 22.6822 13.2 3.81929
      vertex 22.4573 12.4258 3.31596
    endloop
  endfacet
  facet normal -0.909912 0.376917 -0.173186
    outer loop
      vertex 22.6822 13.2 3.81929
      vertex 22.778 13.2 3.31596
      vertex 22.4573 12.4258 3.31596
    endloop
  endfacet
  facet normal -0.83975 0.514628 0.173143
    outer loop
      vertex 23.4345 14.3436 4.68404
      vertex 23 13.7835 4.24147
      vertex 23 13.6346 4.68404
    endloop
  endfacet
  facet normal -0.839713 0.514643 0.173274
    outer loop
      vertex 23 13.7835 4.24147
      vertex 23.3369 14.4145 4
      vertex 23 13.8648 4
    endloop
  endfacet
  facet normal -0.839752 0.514619 0.173157
    outer loop
      vertex 23.3369 14.4145 4
      vertex 23 13.7835 4.24147
      vertex 23.4345 14.3436 4.68404
    endloop
  endfacet
  facet normal -0.739173 0.452425 0.498933
    outer loop
      vertex 23.1799 13.2655 5.28557
      vertex 22.8928 13.4422 4.7
      vertex 22.8786 13.419 4.7
    endloop
  endfacet
  facet normal -0.738965 0.452764 0.498933
    outer loop
      vertex 22.8928 13.4422 4.7
      vertex 23.1799 13.2655 5.28557
      vertex 23.7154 14.1395 5.28557
    endloop
  endfacet
  facet normal -0.739005 0.452888 0.498763
    outer loop
      vertex 23 13.6346 4.68404
      vertex 23.7154 14.1395 5.28557
      vertex 23.4345 14.3436 4.68404
    endloop
  endfacet
  facet normal -0.739013 0.452552 0.499055
    outer loop
      vertex 23 13.617 4.7
      vertex 23.7154 14.1395 5.28557
      vertex 23 13.6346 4.68404
    endloop
  endfacet
  facet normal -0.739009 0.453214 0.49846
    outer loop
      vertex 23.7154 14.1395 5.28557
      vertex 23 13.617 4.7
      vertex 22.8928 13.4422 4.7
    endloop
  endfacet
  facet normal -0.549064 0.336428 0.765078
    outer loop
      vertex 23.654 13.0239 5.73205
      vertex 24.1459 13.8267 5.73205
      vertex 23.1799 13.2655 5.28557
    endloop
  endfacet
  facet normal -0.549058 0.336408 0.765091
    outer loop
      vertex 24.1459 13.8267 5.73205
      vertex 23.7154 14.1395 5.28557
      vertex 23.1799 13.2655 5.28557
    endloop
  endfacet
  facet normal -0.292446 0.179187 0.939344
    outer loop
      vertex 24.2355 12.7276 5.96961
      vertex 24.6739 13.4431 5.96961
      vertex 23.654 13.0239 5.73205
    endloop
  endfacet
  facet normal -0.292448 0.179192 0.939343
    outer loop
      vertex 24.6739 13.4431 5.96961
      vertex 24.1459 13.8267 5.73205
      vertex 23.654 13.0239 5.73205
    endloop
  endfacet
  facet normal 0.292406 -0.179093 0.939375
    outer loop
      vertex 25.2751 12.1979 5.79778
      vertex 25.477 12.5758 5.80698
      vertex 24.8544 12.4123 5.96961
    endloop
  endfacet
  facet normal 0.292409 -0.179213 0.939351
    outer loop
      vertex 25.2359 13.0348 5.96961
      vertex 25.5078 12.6334 5.80839
      vertex 25.6126 12.7611 5.80013
    endloop
  endfacet
  facet normal 0.2923 -0.179294 0.939369
    outer loop
      vertex 25.2359 13.0348 5.96961
      vertex 25.477 12.5758 5.80698
      vertex 25.5078 12.6334 5.80839
    endloop
  endfacet
  facet normal 0.292431 -0.179217 0.939343
    outer loop
      vertex 25.477 12.5758 5.80698
      vertex 25.2359 13.0348 5.96961
      vertex 24.8544 12.4123 5.96961
    endloop
  endfacet
  facet normal 0.839769 -0.5146 -0.173133
    outer loop
      vertex 26.3704 11.8001 3.8
      vertex 26.2195 11.7167 3.31596
      vertex 26.4754 12.1343 3.31596
    endloop
  endfacet
  facet normal 0.839829 -0.51449 -0.173171
    outer loop
      vertex 26.2195 11.7167 3.31596
      vertex 26.3704 11.8001 3.8
      vertex 26.2956 11.678 3.8
    endloop
  endfacet
  facet normal 0.839819 -0.514537 -0.173079
    outer loop
      vertex 26.4754 12.1343 3.31596
      vertex 26.5444 12.0841 3.8
      vertex 26.3704 11.8001 3.8
    endloop
  endfacet
  facet normal 0.739017 -0.452807 -0.498819
    outer loop
      vertex 26.1944 12.3384 2.71442
      vertex 26.2195 11.7167 3.31596
      vertex 25.9101 11.8744 2.71442
    endloop
  endfacet
  facet normal 0.738979 -0.452837 -0.498848
    outer loop
      vertex 26.4754 12.1343 3.31596
      vertex 26.2195 11.7167 3.31596
      vertex 26.1944 12.3384 2.71442
    endloop
  endfacet
  facet normal 0.549045 -0.336445 -0.765085
    outer loop
      vertex 25.7639 12.6511 2.26795
      vertex 25.9101 11.8744 2.71442
      vertex 25.436 12.116 2.26795
    endloop
  endfacet
  facet normal 0.549079 -0.336429 -0.765067
    outer loop
      vertex 26.1944 12.3384 2.71442
      vertex 25.9101 11.8744 2.71442
      vertex 25.7639 12.6511 2.26795
    endloop
  endfacet
  facet normal 0.292408 -0.179203 -0.939353
    outer loop
      vertex 25.2359 13.0348 2.03038
      vertex 25.436 12.116 2.26795
      vertex 24.8544 12.4123 2.03038
    endloop
  endfacet
  facet normal 0.29243 -0.179196 -0.939347
    outer loop
      vertex 25.7639 12.6511 2.26795
      vertex 25.436 12.116 2.26795
      vertex 25.2359 13.0348 2.03038
    endloop
  endfacet
  facet normal -0.292456 0.179196 -0.939339
    outer loop
      vertex 24.1459 13.8267 2.26795
      vertex 24.2355 12.7276 2.03038
      vertex 23.654 13.0239 2.26795
    endloop
  endfacet
  facet normal -0.29246 0.179196 -0.939338
    outer loop
      vertex 24.6739 13.4431 2.03038
      vertex 24.2355 12.7276 2.03038
      vertex 24.1459 13.8267 2.26795
    endloop
  endfacet
  facet normal -0.549063 0.336411 -0.765086
    outer loop
      vertex 23.7154 14.1395 2.71442
      vertex 23.654 13.0239 2.26795
      vertex 23.1799 13.2655 2.71442
    endloop
  endfacet
  facet normal -0.549043 0.336415 -0.765099
    outer loop
      vertex 23.7154 14.1395 2.71442
      vertex 24.1459 13.8267 2.26795
      vertex 23.654 13.0239 2.26795
    endloop
  endfacet
  facet normal -0.738954 0.452857 -0.498865
    outer loop
      vertex 23.1799 13.2655 2.71442
      vertex 23 13.6346 3.31596
      vertex 23.4345 14.3436 3.31596
    endloop
  endfacet
  facet normal -0.738787 0.453053 -0.498935
    outer loop
      vertex 23 13.6346 3.31596
      vertex 23.1799 13.2655 2.71442
      vertex 23 13.3572 3.06407
    endloop
  endfacet
  facet normal -0.739054 0.452818 -0.498754
    outer loop
      vertex 23.4345 14.3436 3.31596
      vertex 23.7154 14.1395 2.71442
      vertex 23.1799 13.2655 2.71442
    endloop
  endfacet
  facet normal -0.839733 0.514655 -0.173142
    outer loop
      vertex 23 13.8648 4
      vertex 23.3369 14.4145 4
      vertex 23 13.6986 3.50598
    endloop
  endfacet
  facet normal -0.839726 0.514662 -0.173158
    outer loop
      vertex 23.4345 14.3436 3.31596
      vertex 23 13.6986 3.50598
      vertex 23.3369 14.4145 4
    endloop
  endfacet
  facet normal -0.839722 0.514611 -0.173325
    outer loop
      vertex 23 13.6986 3.50598
      vertex 23.4345 14.3436 3.31596
      vertex 23 13.6346 3.31596
    endloop
  endfacet
  facet normal -0.748971 0.639577 0.173156
    outer loop
      vertex 23.4345 14.3436 4.68404
      vertex 24.1355 15.1645 4.68404
      vertex 23.3369 14.4145 4
    endloop
  endfacet
  facet normal -0.748914 0.639698 0.172957
    outer loop
      vertex 24.1355 15.1645 4.68404
      vertex 24.0503 15.2497 4
      vertex 23.3369 14.4145 4
    endloop
  endfacet
  facet normal -0.659061 0.562916 0.498764
    outer loop
      vertex 23.7154 14.1395 5.28557
      vertex 24.3811 14.9189 5.28557
      vertex 23.4345 14.3436 4.68404
    endloop
  endfacet
  facet normal -0.659067 0.562804 0.498881
    outer loop
      vertex 24.3811 14.9189 5.28557
      vertex 24.1355 15.1645 4.68404
      vertex 23.4345 14.3436 4.68404
    endloop
  endfacet
  facet normal -0.489618 0.418217 0.765094
    outer loop
      vertex 24.1459 13.8267 5.73205
      vertex 24.7574 14.5426 5.73205
      vertex 23.7154 14.1395 5.28557
    endloop
  endfacet
  facet normal -0.489615 0.418189 0.765111
    outer loop
      vertex 24.7574 14.5426 5.73205
      vertex 24.3811 14.9189 5.28557
      vertex 23.7154 14.1395 5.28557
    endloop
  endfacet
  facet normal -0.260786 0.222772 0.939342
    outer loop
      vertex 24.6739 13.4431 5.96961
      vertex 25.2189 14.0811 5.96961
      vertex 24.1459 13.8267 5.73205
    endloop
  endfacet
  facet normal -0.260783 0.222752 0.939348
    outer loop
      vertex 25.2189 14.0811 5.96961
      vertex 24.7574 14.5426 5.73205
      vertex 24.1459 13.8267 5.73205
    endloop
  endfacet
  facet normal 0.260781 -0.222744 0.93935
    outer loop
      vertex 25.6126 12.7611 5.80013
      vertex 25.8911 13.1004 5.80327
      vertex 25.2359 13.0348 5.96961
    endloop
  endfacet
  facet normal 0.260655 -0.222739 0.939386
    outer loop
      vertex 25.71 13.59 5.96961
      vertex 25.8911 13.1004 5.80327
      vertex 26.0302 13.2698 5.80484
    endloop
  endfacet
  facet normal 0.260778 -0.222686 0.939365
    outer loop
      vertex 25.8911 13.1004 5.80327
      vertex 25.71 13.59 5.96961
      vertex 25.2359 13.0348 5.96961
    endloop
  endfacet
  facet normal 0.748905 -0.639677 -0.173072
    outer loop
      vertex 26.6374 12.193 3.8
      vertex 26.4754 12.1343 3.31596
      vertex 26.7934 12.5066 3.31596
    endloop
  endfacet
  facet normal 0.748959 -0.639607 -0.173098
    outer loop
      vertex 26.4754 12.1343 3.31596
      vertex 26.6374 12.193 3.8
      vertex 26.5444 12.0841 3.8
    endloop
  endfacet
  facet normal 0.748999 -0.639591 -0.172986
    outer loop
      vertex 26.7934 12.5066 3.31596
      vertex 26.8537 12.4463 3.8
      vertex 26.6374 12.193 3.8
    endloop
  endfacet
  facet normal 0.659054 -0.562855 -0.498841
    outer loop
      vertex 26.5478 12.7522 2.71442
      vertex 26.4754 12.1343 3.31596
      vertex 26.1944 12.3384 2.71442
    endloop
  endfacet
  facet normal 0.659 -0.562885 -0.498878
    outer loop
      vertex 26.5478 12.7522 2.71442
      vertex 26.7934 12.5066 3.31596
      vertex 26.4754 12.1343 3.31596
    endloop
  endfacet
  facet normal 0.489645 -0.418245 -0.765062
    outer loop
      vertex 26.1716 13.1284 2.26795
      vertex 26.1944 12.3384 2.71442
      vertex 25.7639 12.6511 2.26795
    endloop
  endfacet
  facet normal 0.489706 -0.418226 -0.765033
    outer loop
      vertex 26.5478 12.7522 2.71442
      vertex 26.1944 12.3384 2.71442
      vertex 26.1716 13.1284 2.26795
    endloop
  endfacet
  facet normal 0.260809 -0.222711 -0.93935
    outer loop
      vertex 25.71 13.59 2.03038
      vertex 25.7639 12.6511 2.26795
      vertex 25.2359 13.0348 2.03038
    endloop
  endfacet
  facet normal 0.260741 -0.22272 -0.939367
    outer loop
      vertex 26.1716 13.1284 2.26795
      vertex 25.7639 12.6511 2.26795
      vertex 25.71 13.59 2.03038
    endloop
  endfacet
  facet normal -0.260803 0.22277 -0.939338
    outer loop
      vertex 24.7574 14.5426 2.26795
      vertex 24.6739 13.4431 2.03038
      vertex 24.1459 13.8267 2.26795
    endloop
  endfacet
  facet normal -0.260784 0.22277 -0.939343
    outer loop
      vertex 24.7574 14.5426 2.26795
      vertex 25.2189 14.0811 2.03038
      vertex 24.6739 13.4431 2.03038
    endloop
  endfacet
  facet normal -0.489624 0.418197 -0.765102
    outer loop
      vertex 24.3811 14.9189 2.71442
      vertex 24.1459 13.8267 2.26795
      vertex 23.7154 14.1395 2.71442
    endloop
  endfacet
  facet normal -0.489596 0.418198 -0.765119
    outer loop
      vertex 24.3811 14.9189 2.71442
      vertex 24.7574 14.5426 2.26795
      vertex 24.1459 13.8267 2.26795
    endloop
  endfacet
  facet normal -0.65912 0.562849 -0.49876
    outer loop
      vertex 24.1355 15.1645 3.31596
      vertex 23.7154 14.1395 2.71442
      vertex 23.4345 14.3436 3.31596
    endloop
  endfacet
  facet normal -0.659011 0.562873 -0.498877
    outer loop
      vertex 24.1355 15.1645 3.31596
      vertex 24.3811 14.9189 2.71442
      vertex 23.7154 14.1395 2.71442
    endloop
  endfacet
  facet normal -0.748888 0.639675 -0.173154
    outer loop
      vertex 24.0503 15.2497 4
      vertex 23.4345 14.3436 3.31596
      vertex 23.3369 14.4145 4
    endloop
  endfacet
  facet normal -0.748998 0.6396 -0.172956
    outer loop
      vertex 24.0503 15.2497 4
      vertex 24.1355 15.1645 3.31596
      vertex 23.4345 14.3436 3.31596
    endloop
  endfacet
  facet normal -0.6396 0.748998 0.172956
    outer loop
      vertex 24.1355 15.1645 4.68404
      vertex 24.9564 15.8655 4.68404
      vertex 24.0503 15.2497 4
    endloop
  endfacet
  facet normal -0.639675 0.748888 0.173154
    outer loop
      vertex 24.9564 15.8655 4.68404
      vertex 24.8855 15.9631 4
      vertex 24.0503 15.2497 4
    endloop
  endfacet
  facet normal -0.562871 0.659008 0.498884
    outer loop
      vertex 24.3811 14.9189 5.28557
      vertex 25.1605 15.5846 5.28557
      vertex 24.1355 15.1645 4.68404
    endloop
  endfacet
  facet normal -0.562847 0.659117 0.498767
    outer loop
      vertex 25.1605 15.5846 5.28557
      vertex 24.9564 15.8655 4.68404
      vertex 24.1355 15.1645 4.68404
    endloop
  endfacet
  facet normal -0.418203 0.489602 0.765112
    outer loop
      vertex 24.7574 14.5426 5.73205
      vertex 25.4733 15.1541 5.73205
      vertex 24.3811 14.9189 5.28557
    endloop
  endfacet
  facet normal -0.418202 0.48963 0.765094
    outer loop
      vertex 25.4733 15.1541 5.73205
      vertex 25.1605 15.5846 5.28557
      vertex 24.3811 14.9189 5.28557
    endloop
  endfacet
  facet normal -0.222761 0.260774 0.939348
    outer loop
      vertex 25.2189 14.0811 5.96961
      vertex 25.8569 14.6261 5.96961
      vertex 24.7574 14.5426 5.73205
    endloop
  endfacet
  facet normal -0.222762 0.260793 0.939342
    outer loop
      vertex 25.8569 14.6261 5.96961
      vertex 25.4733 15.1541 5.73205
      vertex 24.7574 14.5426 5.73205
    endloop
  endfacet
  facet normal 0.222715 -0.260679 0.939385
    outer loop
      vertex 25.71 13.59 5.96961
      vertex 26.0302 13.2698 5.80484
      vertex 26.3738 13.5519 5.80166
    endloop
  endfacet
  facet normal 0.222736 -0.260786 0.93935
    outer loop
      vertex 26.2652 14.0641 5.96961
      vertex 26.3738 13.5519 5.80166
      vertex 26.5389 13.6874 5.80013
    endloop
  endfacet
  facet normal 0.2227 -0.260796 0.939356
    outer loop
      vertex 26.3738 13.5519 5.80166
      vertex 26.2652 14.0641 5.96961
      vertex 25.71 13.59 5.96961
    endloop
  endfacet
  facet normal 0.639223 -0.749315 -0.172979
    outer loop
      vertex 26.7934 12.5066 3.31596
      vertex 26.9626 12.5392 3.8
      vertex 26.8537 12.4463 3.8
    endloop
  endfacet
  facet normal 0.639667 -0.748893 -0.173163
    outer loop
      vertex 26.9626 12.5392 3.8
      vertex 26.7934 12.5066 3.31596
      vertex 27.1657 12.8246 3.31596
    endloop
  endfacet
  facet normal 0.63975 -0.748838 -0.173096
    outer loop
      vertex 27.1657 12.8246 3.31596
      vertex 27.2159 12.7556 3.8
      vertex 26.9626 12.5392 3.8
    endloop
  endfacet
  facet normal 0.562842 -0.659038 -0.498876
    outer loop
      vertex 26.9616 13.1056 2.71442
      vertex 26.7934 12.5066 3.31596
      vertex 26.5478 12.7522 2.71442
    endloop
  endfacet
  facet normal 0.5629 -0.659017 -0.498839
    outer loop
      vertex 26.9616 13.1056 2.71442
      vertex 27.1657 12.8246 3.31596
      vertex 26.7934 12.5066 3.31596
    endloop
  endfacet
  facet normal 0.418266 -0.489669 -0.765035
    outer loop
      vertex 26.6489 13.5361 2.26795
      vertex 26.5478 12.7522 2.71442
      vertex 26.1716 13.1284 2.26795
    endloop
  endfacet
  facet normal 0.418202 -0.489678 -0.765064
    outer loop
      vertex 26.6489 13.5361 2.26795
      vertex 26.9616 13.1056 2.71442
      vertex 26.5478 12.7522 2.71442
    endloop
  endfacet
  facet normal 0.222684 -0.260776 -0.939366
    outer loop
      vertex 26.2652 14.0641 2.03038
      vertex 26.1716 13.1284 2.26795
      vertex 25.71 13.59 2.03038
    endloop
  endfacet
  facet normal 0.222752 -0.260779 -0.939349
    outer loop
      vertex 26.2652 14.0641 2.03038
      vertex 26.6489 13.5361 2.26795
      vertex 26.1716 13.1284 2.26795
    endloop
  endfacet
  facet normal -0.222761 0.260792 -0.939343
    outer loop
      vertex 25.4733 15.1541 2.26795
      vertex 25.2189 14.0811 2.03038
      vertex 24.7574 14.5426 2.26795
    endloop
  endfacet
  facet normal -0.22278 0.260796 -0.939337
    outer loop
      vertex 25.4733 15.1541 2.26795
      vertex 25.8569 14.6261 2.03038
      vertex 25.2189 14.0811 2.03038
    endloop
  endfacet
  facet normal -0.418184 0.489609 -0.765118
    outer loop
      vertex 25.1605 15.5846 2.71442
      vertex 24.7574 14.5426 2.26795
      vertex 24.3811 14.9189 2.71442
    endloop
  endfacet
  facet normal -0.418212 0.489612 -0.765101
    outer loop
      vertex 25.1605 15.5846 2.71442
      vertex 25.4733 15.1541 2.26795
      vertex 24.7574 14.5426 2.26795
    endloop
  endfacet
  facet normal -0.562807 0.65907 -0.498874
    outer loop
      vertex 24.9564 15.8655 3.31596
      vertex 24.3811 14.9189 2.71442
      vertex 24.1355 15.1645 3.31596
    endloop
  endfacet
  facet normal -0.562918 0.659063 -0.498757
    outer loop
      vertex 24.9564 15.8655 3.31596
      vertex 25.1605 15.5846 2.71442
      vertex 24.3811 14.9189 2.71442
    endloop
  endfacet
  facet normal -0.639698 0.748914 -0.172957
    outer loop
      vertex 24.8855 15.9631 4
      vertex 24.1355 15.1645 3.31596
      vertex 24.0503 15.2497 4
    endloop
  endfacet
  facet normal -0.639577 0.748971 -0.173156
    outer loop
      vertex 24.8855 15.9631 4
      vertex 24.9564 15.8655 3.31596
      vertex 24.1355 15.1645 3.31596
    endloop
  endfacet
  facet normal -0.514658 0.839729 0.173158
    outer loop
      vertex 24.9564 15.8655 4.68404
      vertex 25.8768 16.4296 4.68404
      vertex 24.8855 15.9631 4
    endloop
  endfacet
  facet normal -0.514588 0.839803 0.173006
    outer loop
      vertex 25.8768 16.4296 4.68404
      vertex 25.8221 16.537 4
      vertex 24.8855 15.9631 4
    endloop
  endfacet
  facet normal -0.452816 0.739051 0.49876
    outer loop
      vertex 25.1605 15.5846 5.28557
      vertex 26.0345 16.1201 5.28557
      vertex 24.9564 15.8655 4.68404
    endloop
  endfacet
  facet normal -0.45287 0.738914 0.498914
    outer loop
      vertex 26.0345 16.1201 5.28557
      vertex 25.8768 16.4296 4.68404
      vertex 24.9564 15.8655 4.68404
    endloop
  endfacet
  facet normal -0.33642 0.54905 0.765092
    outer loop
      vertex 25.4733 15.1541 5.73205
      vertex 26.2761 15.646 5.73205
      vertex 25.1605 15.5846 5.28557
    endloop
  endfacet
  facet normal -0.336416 0.549071 0.765079
    outer loop
      vertex 26.2761 15.646 5.73205
      vertex 26.0345 16.1201 5.28557
      vertex 25.1605 15.5846 5.28557
    endloop
  endfacet
  facet normal -0.179189 0.292449 0.939343
    outer loop
      vertex 25.8569 14.6261 5.96961
      vertex 26.5724 15.0645 5.96961
      vertex 25.4733 15.1541 5.73205
    endloop
  endfacet
  facet normal -0.17919 0.292445 0.939344
    outer loop
      vertex 26.5724 15.0645 5.96961
      vertex 26.2761 15.646 5.73205
      vertex 25.4733 15.1541 5.73205
    endloop
  endfacet
  facet normal 0.179213 -0.292409 0.939351
    outer loop
      vertex 26.6666 13.7922 5.80839
      vertex 26.2652 14.0641 5.96961
      vertex 26.5389 13.6874 5.80013
    endloop
  endfacet
  facet normal 0.179192 -0.292437 0.939346
    outer loop
      vertex 26.2652 14.0641 5.96961
      vertex 26.6666 13.7922 5.80839
      vertex 26.9119 13.9233 5.80241
    endloop
  endfacet
  facet normal 0.179069 -0.292418 0.939375
    outer loop
      vertex 26.8877 14.4456 5.96961
      vertex 26.9119 13.9233 5.80241
      vertex 27.1021 14.0249 5.79778
    endloop
  endfacet
  facet normal 0.179201 -0.292405 0.939354
    outer loop
      vertex 26.9119 13.9233 5.80241
      vertex 26.8877 14.4456 5.96961
      vertex 26.2652 14.0641 5.96961
    endloop
  endfacet
  facet normal 0.514498 -0.839843 -0.173079
    outer loop
      vertex 27.1657 12.8246 3.31596
      vertex 27.338 12.8304 3.8
      vertex 27.2159 12.7556 3.8
    endloop
  endfacet
  facet normal 0.514601 -0.839772 -0.173116
    outer loop
      vertex 27.338 12.8304 3.8
      vertex 27.1657 12.8246 3.31596
      vertex 27.5833 13.0805 3.31596
    endloop
  endfacet
  facet normal 0.514528 -0.839805 -0.17317
    outer loop
      vertex 27.5833 13.0805 3.31596
      vertex 27.622 13.0044 3.8
      vertex 27.338 12.8304 3.8
    endloop
  endfacet
  facet normal 0.452799 -0.739003 -0.498846
    outer loop
      vertex 27.4256 13.3899 2.71442
      vertex 27.1657 12.8246 3.31596
      vertex 26.9616 13.1056 2.71442
    endloop
  endfacet
  facet normal 0.452846 -0.738994 -0.498817
    outer loop
      vertex 27.4256 13.3899 2.71442
      vertex 27.5833 13.0805 3.31596
      vertex 27.1657 12.8246 3.31596
    endloop
  endfacet
  facet normal 0.336455 -0.549061 -0.765069
    outer loop
      vertex 27.184 13.864 2.26795
      vertex 26.9616 13.1056 2.71442
      vertex 26.6489 13.5361 2.26795
    endloop
  endfacet
  facet normal 0.336418 -0.54906 -0.765086
    outer loop
      vertex 27.184 13.864 2.26795
      vertex 27.4256 13.3899 2.71442
      vertex 26.9616 13.1056 2.71442
    endloop
  endfacet
  facet normal 0.17921 -0.29242 -0.939348
    outer loop
      vertex 26.8877 14.4456 2.03038
      vertex 26.6489 13.5361 2.26795
      vertex 26.2652 14.0641 2.03038
    endloop
  endfacet
  facet normal 0.179187 -0.292416 -0.939353
    outer loop
      vertex 26.8877 14.4456 2.03038
      vertex 27.184 13.864 2.26795
      vertex 26.6489 13.5361 2.26795
    endloop
  endfacet
  facet normal -0.179198 0.292459 -0.939338
    outer loop
      vertex 26.2761 15.646 2.26795
      vertex 25.8569 14.6261 2.03038
      vertex 25.4733 15.1541 2.26795
    endloop
  endfacet
  facet normal -0.179194 0.292457 -0.939339
    outer loop
      vertex 26.2761 15.646 2.26795
      vertex 26.5724 15.0645 2.03038
      vertex 25.8569 14.6261 2.03038
    endloop
  endfacet
  facet normal -0.336404 0.549051 -0.765098
    outer loop
      vertex 26.0345 16.1201 2.71442
      vertex 25.4733 15.1541 2.26795
      vertex 25.1605 15.5846 2.71442
    endloop
  endfacet
  facet normal -0.336424 0.549057 -0.765086
    outer loop
      vertex 26.0345 16.1201 2.71442
      vertex 26.2761 15.646 2.26795
      vertex 25.4733 15.1541 2.26795
    endloop
  endfacet
  facet normal -0.452917 0.738991 -0.498758
    outer loop
      vertex 25.8768 16.4296 3.31596
      vertex 25.1605 15.5846 2.71442
      vertex 24.9564 15.8655 3.31596
    endloop
  endfacet
  facet normal -0.452771 0.738976 -0.498911
    outer loop
      vertex 25.8768 16.4296 3.31596
      vertex 26.0345 16.1201 2.71442
      vertex 25.1605 15.5846 2.71442
    endloop
  endfacet
  facet normal -0.514574 0.83978 -0.173156
    outer loop
      vertex 25.8221 16.537 4
      vertex 24.9564 15.8655 3.31596
      vertex 24.8855 15.9631 4
    endloop
  endfacet
  facet normal -0.514672 0.839751 -0.173004
    outer loop
      vertex 25.8221 16.537 4
      vertex 25.8768 16.4296 3.31596
      vertex 24.9564 15.8655 3.31596
    endloop
  endfacet
  facet normal -0.376884 0.909959 0.173009
    outer loop
      vertex 25.8768 16.4296 4.68404
      vertex 26.8742 16.8427 4.68404
      vertex 25.8221 16.537 4
    endloop
  endfacet
  facet normal -0.376948 0.90991 0.173129
    outer loop
      vertex 26.8742 16.8427 4.68404
      vertex 26.8369 16.9574 4
      vertex 25.8221 16.537 4
    endloop
  endfacet
  facet normal -0.331681 0.800669 0.498916
    outer loop
      vertex 26.0345 16.1201 5.28557
      vertex 26.9815 16.5124 5.28557
      vertex 25.8768 16.4296 4.68404
    endloop
  endfacet
  facet normal -0.331644 0.800731 0.49884
    outer loop
      vertex 26.9815 16.5124 5.28557
      vertex 26.8742 16.8427 4.68404
      vertex 25.8768 16.4296 4.68404
    endloop
  endfacet
  facet normal -0.246436 0.59492 0.765075
    outer loop
      vertex 26.2761 15.646 5.73205
      vertex 27.1459 16.0063 5.73205
      vertex 26.0345 16.1201 5.28557
    endloop
  endfacet
  facet normal -0.246442 0.594903 0.765086
    outer loop
      vertex 27.1459 16.0063 5.73205
      vertex 26.9815 16.5124 5.28557
      vertex 26.0345 16.1201 5.28557
    endloop
  endfacet
  facet normal -0.131253 0.316871 0.939343
    outer loop
      vertex 26.5724 15.0645 5.96961
      vertex 27.3476 15.3856 5.96961
      vertex 26.2761 15.646 5.73205
    endloop
  endfacet
  facet normal -0.131255 0.316863 0.939346
    outer loop
      vertex 27.3476 15.3856 5.96961
      vertex 27.1459 16.0063 5.73205
      vertex 26.2761 15.646 5.73205
    endloop
  endfacet
  facet normal 0.131283 -0.31677 0.939373
    outer loop
      vertex 27.3927 14.1803 5.80957
      vertex 26.8877 14.4456 5.96961
      vertex 27.1021 14.0249 5.79778
    endloop
  endfacet
  facet normal 0.131159 -0.316975 0.939321
    outer loop
      vertex 26.8877 14.4456 5.96961
      vertex 27.3927 14.1803 5.80957
      vertex 27.4917 14.2103 5.80587
    endloop
  endfacet
  facet normal 0.131305 -0.316819 0.939353
    outer loop
      vertex 27.5622 14.725 5.96961
      vertex 27.4917 14.2103 5.80587
      vertex 27.7081 14.276 5.79778
    endloop
  endfacet
  facet normal 0.131234 -0.316813 0.939365
    outer loop
      vertex 27.4917 14.2103 5.80587
      vertex 27.5622 14.725 5.96961
      vertex 26.8877 14.4456 5.96961
    endloop
  endfacet
  facet normal 0.376898 -0.909919 -0.17319
    outer loop
      vertex 27.5833 13.0805 3.31596
      vertex 27.7543 13.0592 3.8
      vertex 27.622 13.0044 3.8
    endloop
  endfacet
  facet normal 0.376917 -0.90991 -0.173196
    outer loop
      vertex 27.7543 13.0592 3.8
      vertex 27.5833 13.0805 3.31596
      vertex 28.0357 13.2679 3.31596
    endloop
  endfacet
  facet normal 0.376913 -0.909911 -0.173199
    outer loop
      vertex 28.0357 13.2679 3.31596
      vertex 28.0621 13.1867 3.8
      vertex 27.7543 13.0592 3.8
    endloop
  endfacet
  facet normal 0.331721 -0.800718 -0.498811
    outer loop
      vertex 27.9284 13.5982 2.71442
      vertex 27.5833 13.0805 3.31596
      vertex 27.4256 13.3899 2.71442
    endloop
  endfacet
  facet normal 0.331686 -0.800719 -0.498832
    outer loop
      vertex 27.9284 13.5982 2.71442
      vertex 28.0357 13.2679 3.31596
      vertex 27.5833 13.0805 3.31596
    endloop
  endfacet
  facet normal 0.246421 -0.594918 -0.765081
    outer loop
      vertex 27.7639 14.1042 2.26795
      vertex 27.4256 13.3899 2.71442
      vertex 27.184 13.864 2.26795
    endloop
  endfacet
  facet normal 0.246466 -0.594926 -0.76506
    outer loop
      vertex 27.7639 14.1042 2.26795
      vertex 27.9284 13.5982 2.71442
      vertex 27.4256 13.3899 2.71442
    endloop
  endfacet
  facet normal 0.131246 -0.31684 -0.939354
    outer loop
      vertex 27.5622 14.725 2.03038
      vertex 27.184 13.864 2.26795
      vertex 26.8877 14.4456 2.03038
    endloop
  endfacet
  facet normal 0.131237 -0.316837 -0.939357
    outer loop
      vertex 27.5622 14.725 2.03038
      vertex 27.7639 14.1042 2.26795
      vertex 27.184 13.864 2.26795
    endloop
  endfacet
  facet normal -0.131262 0.31688 -0.939339
    outer loop
      vertex 27.1459 16.0063 2.26795
      vertex 26.5724 15.0645 2.03038
      vertex 26.2761 15.646 2.26795
    endloop
  endfacet
  facet normal -0.131255 0.316876 -0.939341
    outer loop
      vertex 27.1459 16.0063 2.26795
      vertex 27.3476 15.3856 2.03038
      vertex 26.5724 15.0645 2.03038
    endloop
  endfacet
  facet normal -0.246444 0.594907 -0.765082
    outer loop
      vertex 26.9815 16.5124 2.71442
      vertex 26.2761 15.646 2.26795
      vertex 26.0345 16.1201 2.71442
    endloop
  endfacet
  facet normal -0.246427 0.5949 -0.765094
    outer loop
      vertex 26.9815 16.5124 2.71442
      vertex 27.1459 16.0063 2.26795
      vertex 26.2761 15.646 2.26795
    endloop
  endfacet
  facet normal -0.331629 0.800695 -0.498908
    outer loop
      vertex 26.8742 16.8427 3.31596
      vertex 26.0345 16.1201 2.71442
      vertex 25.8768 16.4296 3.31596
    endloop
  endfacet
  facet normal -0.3317 0.800714 -0.498832
    outer loop
      vertex 26.8742 16.8427 3.31596
      vertex 26.9815 16.5124 2.71442
      vertex 26.0345 16.1201 2.71442
    endloop
  endfacet
  facet normal -0.376955 0.90993 -0.17301
    outer loop
      vertex 26.8369 16.9574 4
      vertex 25.8768 16.4296 3.31596
      vertex 25.8221 16.537 4
    endloop
  endfacet
  facet normal -0.376876 0.90994 -0.17313
    outer loop
      vertex 26.8369 16.9574 4
      vertex 26.8742 16.8427 3.31596
      vertex 25.8768 16.4296 3.31596
    endloop
  endfacet
  facet normal -0.229932 0.957685 0.173123
    outer loop
      vertex 26.8742 16.8427 4.68404
      vertex 27.9238 17.0947 4.68404
      vertex 26.8369 16.9574 4
    endloop
  endfacet
  facet normal -0.229899 0.957703 0.173067
    outer loop
      vertex 27.9238 17.0947 4.68404
      vertex 27.905 17.2138 4
      vertex 26.8369 16.9574 4
    endloop
  endfacet
  facet normal -0.202336 0.842743 0.498843
    outer loop
      vertex 26.9815 16.5124 5.28557
      vertex 27.9782 16.7517 5.28557
      vertex 26.8742 16.8427 4.68404
    endloop
  endfacet
  facet normal -0.202336 0.842744 0.498842
    outer loop
      vertex 27.9782 16.7517 5.28557
      vertex 27.9238 17.0947 4.68404
      vertex 26.8742 16.8427 4.68404
    endloop
  endfacet
  facet normal -0.150326 0.62613 0.765091
    outer loop
      vertex 27.1459 16.0063 5.73205
      vertex 28.0614 16.2261 5.73205
      vertex 26.9815 16.5124 5.28557
    endloop
  endfacet
  facet normal -0.150328 0.626126 0.765094
    outer loop
      vertex 28.0614 16.2261 5.73205
      vertex 27.9782 16.7517 5.28557
      vertex 26.9815 16.5124 5.28557
    endloop
  endfacet
  facet normal -0.0800731 0.333495 0.939345
    outer loop
      vertex 27.3476 15.3856 5.96961
      vertex 28.1635 15.5815 5.96961
      vertex 27.1459 16.0063 5.73205
    endloop
  endfacet
  facet normal -0.0800696 0.333502 0.939343
    outer loop
      vertex 28.1635 15.5815 5.96961
      vertex 28.0614 16.2261 5.73205
      vertex 27.1459 16.0063 5.73205
    endloop
  endfacet
  facet normal 0.0800031 -0.333489 0.939353
    outer loop
      vertex 27.7081 14.276 5.79778
      vertex 28.1181 14.4003 5.80699
      vertex 27.5622 14.725 5.96961
    endloop
  endfacet
  facet normal 0.0800582 -0.333491 0.939348
    outer loop
      vertex 28.2722 14.8954 5.96961
      vertex 28.1806 14.4193 5.80839
      vertex 28.345 14.4355 5.80013
    endloop
  endfacet
  facet normal 0.0803539 -0.333534 0.939307
    outer loop
      vertex 28.2722 14.8954 5.96961
      vertex 28.1181 14.4003 5.80699
      vertex 28.1806 14.4193 5.80839
    endloop
  endfacet
  facet normal 0.0800284 -0.333451 0.939364
    outer loop
      vertex 28.1181 14.4003 5.80699
      vertex 28.2722 14.8954 5.96961
      vertex 27.5622 14.725 5.96961
    endloop
  endfacet
  facet normal 0.229794 -0.957705 -0.173193
    outer loop
      vertex 28.0357 13.2679 3.31596
      vertex 28.2013 13.2201 3.8
      vertex 28.0621 13.1867 3.8
    endloop
  endfacet
  facet normal 0.229913 -0.95767 -0.17323
    outer loop
      vertex 28.2013 13.2201 3.8
      vertex 28.0357 13.2679 3.31596
      vertex 28.5118 13.3822 3.31596
    endloop
  endfacet
  facet normal 0.230027 -0.957656 -0.173153
    outer loop
      vertex 28.5118 13.3822 3.31596
      vertex 28.5252 13.2979 3.8
      vertex 28.2013 13.2201 3.8
    endloop
  endfacet
  facet normal 0.202288 -0.84276 -0.498835
    outer loop
      vertex 28.4575 13.7252 2.71442
      vertex 28.0357 13.2679 3.31596
      vertex 27.9284 13.5982 2.71442
    endloop
  endfacet
  facet normal 0.202327 -0.842764 -0.498811
    outer loop
      vertex 28.4575 13.7252 2.71442
      vertex 28.5118 13.3822 3.31596
      vertex 28.0357 13.2679 3.31596
    endloop
  endfacet
  facet normal 0.150385 -0.626158 -0.765056
    outer loop
      vertex 28.3743 14.2508 2.26795
      vertex 27.9284 13.5982 2.71442
      vertex 27.7639 14.1042 2.26795
    endloop
  endfacet
  facet normal 0.150289 -0.626125 -0.765102
    outer loop
      vertex 28.3743 14.2508 2.26795
      vertex 28.4575 13.7252 2.71442
      vertex 27.9284 13.5982 2.71442
    endloop
  endfacet
  facet normal 0.0800335 -0.333473 -0.939356
    outer loop
      vertex 28.2722 14.8954 2.03038
      vertex 27.7639 14.1042 2.26795
      vertex 27.5622 14.725 2.03038
    endloop
  endfacet
  facet normal 0.0800991 -0.33351 -0.939338
    outer loop
      vertex 28.2722 14.8954 2.03038
      vertex 28.3743 14.2508 2.26795
      vertex 27.7639 14.1042 2.26795
    endloop
  endfacet
  facet normal -0.0800712 0.333509 -0.939341
    outer loop
      vertex 28.0614 16.2261 2.26795
      vertex 27.3476 15.3856 2.03038
      vertex 27.1459 16.0063 2.26795
    endloop
  endfacet
  facet normal -0.0800775 0.333513 -0.939338
    outer loop
      vertex 28.0614 16.2261 2.26795
      vertex 28.1635 15.5815 2.03038
      vertex 27.3476 15.3856 2.03038
    endloop
  endfacet
  facet normal -0.150327 0.626121 -0.765098
    outer loop
      vertex 27.9782 16.7517 2.71442
      vertex 27.1459 16.0063 2.26795
      vertex 26.9815 16.5124 2.71442
    endloop
  endfacet
  facet normal -0.150323 0.626118 -0.765101
    outer loop
      vertex 27.9782 16.7517 2.71442
      vertex 28.0614 16.2261 2.26795
      vertex 27.1459 16.0063 2.26795
    endloop
  endfacet
  facet normal -0.202336 0.842747 -0.498836
    outer loop
      vertex 27.9238 17.0947 3.31596
      vertex 26.9815 16.5124 2.71442
      vertex 26.8742 16.8427 3.31596
    endloop
  endfacet
  facet normal -0.202337 0.842747 -0.498835
    outer loop
      vertex 27.9238 17.0947 3.31596
      vertex 27.9782 16.7517 2.71442
      vertex 26.9815 16.5124 2.71442
    endloop
  endfacet
  facet normal -0.229897 0.957693 -0.173122
    outer loop
      vertex 27.905 17.2138 4
      vertex 26.8742 16.8427 3.31596
      vertex 26.8369 16.9574 4
    endloop
  endfacet
  facet normal -0.229934 0.957694 -0.173066
    outer loop
      vertex 27.905 17.2138 4
      vertex 27.9238 17.0947 3.31596
      vertex 26.8742 16.8427 3.31596
    endloop
  endfacet
  facet normal -0.0772586 0.981889 0.172986
    outer loop
      vertex 28.5014 17.1945 4.37553
      vertex 27.9238 17.0947 4.68404
      vertex 28.4525 17.1363 4.68404
    endloop
  endfacet
  facet normal -0.0810247 0.980494 0.179071
    outer loop
      vertex 27.905 17.2138 4
      vertex 28.5014 17.1945 4.37553
      vertex 28.5025 17.195 4.37329
    endloop
  endfacet
  facet normal -0.0772069 0.981877 0.173079
    outer loop
      vertex 28.5014 17.1945 4.37553
      vertex 27.905 17.2138 4
      vertex 27.9238 17.0947 4.68404
    endloop
  endfacet
  facet normal -0.077324 0.981844 0.173216
    outer loop
      vertex 28.6505 17.2579 4.08282
      vertex 27.905 17.2138 4
      vertex 28.5025 17.195 4.37329
    endloop
  endfacet
  facet normal -0.0772829 0.981919 0.172805
    outer loop
      vertex 27.905 17.2138 4
      vertex 28.6505 17.2579 4.08282
      vertex 28.7334 17.279 4
    endloop
  endfacet
  facet normal -0.0679408 0.864007 0.498875
    outer loop
      vertex 28.5014 16.9436 5.02447
      vertex 27.9782 16.7517 5.28557
      vertex 28.6344 16.8033 5.28557
    endloop
  endfacet
  facet normal -0.0680677 0.864103 0.498691
    outer loop
      vertex 28.4983 16.9545 5.00516
      vertex 27.9782 16.7517 5.28557
      vertex 28.5014 16.9436 5.02447
    endloop
  endfacet
  facet normal -0.0679661 0.864032 0.498828
    outer loop
      vertex 27.9782 16.7517 5.28557
      vertex 28.4983 16.9545 5.00516
      vertex 27.9238 17.0947 4.68404
    endloop
  endfacet
  facet normal -0.0680025 0.863999 0.498879
    outer loop
      vertex 28.45 17.1269 4.7
      vertex 27.9238 17.0947 4.68404
      vertex 28.4983 16.9545 5.00516
    endloop
  endfacet
  facet normal -0.0680049 0.864284 0.498387
    outer loop
      vertex 27.9238 17.0947 4.68404
      vertex 28.45 17.1269 4.7
      vertex 28.4525 17.1363 4.68404
    endloop
  endfacet
  facet normal -0.0505416 0.641926 0.765099
    outer loop
      vertex 28.0614 16.2261 5.73205
      vertex 29 16.3 5.73205
      vertex 27.9782 16.7517 5.28557
    endloop
  endfacet
  facet normal -0.050003 0.642093 0.764994
    outer loop
      vertex 28.8828 16.5084 5.54947
      vertex 29 16.3 5.73205
      vertex 29 16.4464 5.60917
    endloop
  endfacet
  facet normal -0.0504727 0.642082 0.764972
    outer loop
      vertex 27.9782 16.7517 5.28557
      vertex 28.8828 16.5084 5.54947
      vertex 28.6505 16.7669 5.31717
    endloop
  endfacet
  facet normal -0.0505691 0.641891 0.765127
    outer loop
      vertex 28.8828 16.5084 5.54947
      vertex 27.9782 16.7517 5.28557
      vertex 29 16.3 5.73205
    endloop
  endfacet
  facet normal -0.0504757 0.641902 0.765123
    outer loop
      vertex 27.9782 16.7517 5.28557
      vertex 28.6505 16.7669 5.31717
      vertex 28.6344 16.8033 5.28557
    endloop
  endfacet
  facet normal -0.0268961 0.341924 0.939343
    outer loop
      vertex 28.1635 15.5815 5.96961
      vertex 29 15.6473 5.96961
      vertex 28.0614 16.2261 5.73205
    endloop
  endfacet
  facet normal -0.0269186 0.341892 0.939354
    outer loop
      vertex 29 15.6473 5.96961
      vertex 29 16.3 5.73205
      vertex 28.0614 16.2261 5.73205
    endloop
  endfacet
  facet normal 0.0269056 -0.341905 0.939349
    outer loop
      vertex 28.345 14.4355 5.80013
      vertex 28.7818 14.4785 5.80327
      vertex 28.2722 14.8954 5.96961
    endloop
  endfacet
  facet normal 0.0269295 -0.341897 0.939351
    outer loop
      vertex 29 14.9527 5.96961
      vertex 28.7818 14.4785 5.80327
      vertex 29 14.5 5.80484
    endloop
  endfacet
  facet normal 0.0269173 -0.341892 0.939353
    outer loop
      vertex 28.7818 14.4785 5.80327
      vertex 29 14.9527 5.96961
      vertex 28.2722 14.8954 5.96961
    endloop
  endfacet
  facet normal 0.077064 -0.981878 -0.173137
    outer loop
      vertex 28.5118 13.3822 3.31596
      vertex 28.6679 13.3091 3.8
      vertex 28.5252 13.2979 3.8
    endloop
  endfacet
  facet normal 0.0772292 -0.981856 -0.173186
    outer loop
      vertex 28.6679 13.3091 3.8
      vertex 28.5118 13.3822 3.31596
      vertex 29 13.4206 3.31596
    endloop
  endfacet
  facet normal 0.0774613 -0.981866 -0.173029
    outer loop
      vertex 29 13.4206 3.31596
      vertex 29 13.3353 3.8
      vertex 28.6679 13.3091 3.8
    endloop
  endfacet
  facet normal 0.068008 -0.864036 -0.498815
    outer loop
      vertex 29 13.7679 2.71442
      vertex 28.5118 13.3822 3.31596
      vertex 28.4575 13.7252 2.71442
    endloop
  endfacet
  facet normal 0.0679608 -0.864023 -0.498845
    outer loop
      vertex 29 13.7679 2.71442
      vertex 29 13.4206 3.31596
      vertex 28.5118 13.3822 3.31596
    endloop
  endfacet
  facet normal 0.0504759 -0.641926 -0.765104
    outer loop
      vertex 29 14.3 2.26795
      vertex 28.4575 13.7252 2.71442
      vertex 28.3743 14.2508 2.26795
    endloop
  endfacet
  facet normal 0.050528 -0.641954 -0.765076
    outer loop
      vertex 29 14.3 2.26795
      vertex 29 13.7679 2.71442
      vertex 28.4575 13.7252 2.71442
    endloop
  endfacet
  facet normal 0.0269205 -0.341933 -0.939339
    outer loop
      vertex 29 14.9527 2.03038
      vertex 28.3743 14.2508 2.26795
      vertex 28.2722 14.8954 2.03038
    endloop
  endfacet
  facet normal 0.0268846 -0.341905 -0.93935
    outer loop
      vertex 29 14.9527 2.03038
      vertex 29 14.3 2.26795
      vertex 28.3743 14.2508 2.26795
    endloop
  endfacet
  facet normal -0.0269218 0.341933 -0.939339
    outer loop
      vertex 29 16.3 2.26795
      vertex 28.1635 15.5815 2.03038
      vertex 28.0614 16.2261 2.26795
    endloop
  endfacet
  facet normal -0.0268946 0.341905 -0.93935
    outer loop
      vertex 29 16.3 2.26795
      vertex 29 15.6473 2.03038
      vertex 28.1635 15.5815 2.03038
    endloop
  endfacet
  facet normal -0.0505094 0.641922 -0.765105
    outer loop
      vertex 29 16.8321 2.71442
      vertex 28.0614 16.2261 2.26795
      vertex 27.9782 16.7517 2.71442
    endloop
  endfacet
  facet normal -0.0505437 0.641953 -0.765076
    outer loop
      vertex 29 16.8321 2.71442
      vertex 29 16.3 2.26795
      vertex 28.0614 16.2261 2.26795
    endloop
  endfacet
  facet normal -0.0680018 0.864032 -0.498823
    outer loop
      vertex 29 17.1794 3.31596
      vertex 27.9782 16.7517 2.71442
      vertex 27.9238 17.0947 3.31596
    endloop
  endfacet
  facet normal -0.0679852 0.864021 -0.498844
    outer loop
      vertex 29 17.1794 3.31596
      vertex 29 16.8321 2.71442
      vertex 27.9782 16.7517 2.71442
    endloop
  endfacet
  facet normal -0.0773306 0.981878 -0.173021
    outer loop
      vertex 27.9238 17.0947 3.31596
      vertex 28.7334 17.279 4
      vertex 28.837 17.2689 3.89638
    endloop
  endfacet
  facet normal -0.0772791 0.981871 -0.17308
    outer loop
      vertex 28.7334 17.279 4
      vertex 27.9238 17.0947 3.31596
      vertex 27.905 17.2138 4
    endloop
  endfacet
  facet normal -0.0772653 0.981875 -0.173064
    outer loop
      vertex 29 17.1794 3.31596
      vertex 28.8828 17.2644 3.85053
      vertex 29 17.2631 3.79083
    endloop
  endfacet
  facet normal -0.0766498 0.981945 -0.17294
    outer loop
      vertex 29 17.1794 3.31596
      vertex 28.837 17.2689 3.89638
      vertex 28.8828 17.2644 3.85053
    endloop
  endfacet
  facet normal -0.0772757 0.981867 -0.173104
    outer loop
      vertex 28.837 17.2689 3.89638
      vertex 29 17.1794 3.31596
      vertex 27.9238 17.0947 3.31596
    endloop
  endfacet
  facet normal 0.0505088 0.642492 0.764626
    outer loop
      vertex 29.1755 16.326 5.69861
      vertex 29 16.3 5.73205
      vertex 29.3867 16.2696 5.73205
    endloop
  endfacet
  facet normal 0.0506364 0.642073 0.76497
    outer loop
      vertex 29 16.3 5.73205
      vertex 29.1755 16.326 5.69861
      vertex 29 16.4464 5.60917
    endloop
  endfacet
  facet normal 0.0507278 0.641697 0.765279
    outer loop
      vertex 29.8245 16.275 5.69861
      vertex 29.9386 16.2261 5.73205
      vertex 29.8456 16.2862 5.68782
    endloop
  endfacet
  facet normal 0.0504698 0.641322 0.765611
    outer loop
      vertex 29.9386 16.2261 5.73205
      vertex 29.8245 16.275 5.69861
      vertex 29.6133 16.2517 5.73205
    endloop
  endfacet
  facet normal 0.0507505 0.641718 0.76526
    outer loop
      vertex 29.9386 16.2261 5.73205
      vertex 29.9575 16.3453 5.63084
      vertex 29.8456 16.2862 5.68782
    endloop
  endfacet
  facet normal 0.0268936 0.341892 0.939354
    outer loop
      vertex 29.8365 15.5815 5.96961
      vertex 29 16.3 5.73205
      vertex 29 15.6473 5.96961
    endloop
  endfacet
  facet normal 0.0269081 0.341922 0.939343
    outer loop
      vertex 29.6133 16.2517 5.73205
      vertex 29.8365 15.5815 5.96961
      vertex 29.9386 16.2261 5.73205
    endloop
  endfacet
  facet normal 0.0268992 0.34192 0.939344
    outer loop
      vertex 29.5 16.2113 5.75
      vertex 29.8365 15.5815 5.96961
      vertex 29.6133 16.2517 5.73205
    endloop
  endfacet
  facet normal 0.0268414 0.341433 0.939523
    outer loop
      vertex 29 16.3 5.73205
      vertex 29.5 16.2113 5.75
      vertex 29.3867 16.2696 5.73205
    endloop
  endfacet
  facet normal 0.0269375 0.341937 0.939337
    outer loop
      vertex 29.5 16.2113 5.75
      vertex 29 16.3 5.73205
      vertex 29.8365 15.5815 5.96961
    endloop
  endfacet
  facet normal -0.026943 -0.341897 0.939351
    outer loop
      vertex 29.4424 14.4564 5.80166
      vertex 29 14.9527 5.96961
      vertex 29 14.5 5.80484
    endloop
  endfacet
  facet normal -0.0268522 -0.341913 0.939348
    outer loop
      vertex 29.7278 14.8954 5.96961
      vertex 29.4424 14.4564 5.80166
      vertex 29.655 14.4355 5.80013
    endloop
  endfacet
  facet normal -0.026916 -0.341876 0.93936
    outer loop
      vertex 29.4424 14.4564 5.80166
      vertex 29.7278 14.8954 5.96961
      vertex 29 14.9527 5.96961
    endloop
  endfacet
  facet normal -0.0777494 -0.981844 -0.173026
    outer loop
      vertex 29 13.4206 3.31596
      vertex 29.1427 13.324 3.8
      vertex 29 13.3353 3.8
    endloop
  endfacet
  facet normal -0.0772293 -0.981857 -0.173182
    outer loop
      vertex 29.1427 13.324 3.8
      vertex 29 13.4206 3.31596
      vertex 29.4882 13.3822 3.31596
    endloop
  endfacet
  facet normal -0.0771659 -0.98187 -0.173138
    outer loop
      vertex 29.4882 13.3822 3.31596
      vertex 29.4748 13.2979 3.8
      vertex 29.1427 13.324 3.8
    endloop
  endfacet
  facet normal -0.0680067 -0.86402 -0.498843
    outer loop
      vertex 29 13.7679 2.71442
      vertex 29.5425 13.7252 2.71442
      vertex 29 13.4206 3.31596
    endloop
  endfacet
  facet normal -0.0679622 -0.864041 -0.498814
    outer loop
      vertex 29.5425 13.7252 2.71442
      vertex 29.4882 13.3822 3.31596
      vertex 29 13.4206 3.31596
    endloop
  endfacet
  facet normal -0.0504782 -0.641956 -0.765078
    outer loop
      vertex 29 14.3 2.26795
      vertex 29.6257 14.2508 2.26795
      vertex 29 13.7679 2.71442
    endloop
  endfacet
  facet normal -0.0505253 -0.64192 -0.765105
    outer loop
      vertex 29.6257 14.2508 2.26795
      vertex 29.5425 13.7252 2.71442
      vertex 29 13.7679 2.71442
    endloop
  endfacet
  facet normal -0.0269183 -0.341905 -0.939349
    outer loop
      vertex 29 14.9527 2.03038
      vertex 29.7278 14.8954 2.03038
      vertex 29 14.3 2.26795
    endloop
  endfacet
  facet normal -0.0268873 -0.341938 -0.939338
    outer loop
      vertex 29.7278 14.8954 2.03038
      vertex 29.6257 14.2508 2.26795
      vertex 29 14.3 2.26795
    endloop
  endfacet
  facet normal 0.0269196 0.341905 -0.939349
    outer loop
      vertex 29 16.3 2.26795
      vertex 29.9386 16.2261 2.26795
      vertex 29 15.6473 2.03038
    endloop
  endfacet
  facet normal 0.0268971 0.341937 -0.939338
    outer loop
      vertex 29.9386 16.2261 2.26795
      vertex 29.8365 15.5815 2.03038
      vertex 29 15.6473 2.03038
    endloop
  endfacet
  facet normal 0.050512 0.641954 -0.765077
    outer loop
      vertex 29 16.8321 2.71442
      vertex 30.0218 16.7517 2.71442
      vertex 29 16.3 2.26795
    endloop
  endfacet
  facet normal 0.0505409 0.641918 -0.765106
    outer loop
      vertex 30.0218 16.7517 2.71442
      vertex 29.9386 16.2261 2.26795
      vertex 29 16.3 2.26795
    endloop
  endfacet
  facet normal 0.0680009 0.86402 -0.498843
    outer loop
      vertex 29 17.1794 3.31596
      vertex 30.0762 17.0947 3.31596
      vertex 29 16.8321 2.71442
    endloop
  endfacet
  facet normal 0.0679862 0.864033 -0.498823
    outer loop
      vertex 30.0762 17.0947 3.31596
      vertex 30.0218 16.7517 2.71442
      vertex 29 16.8321 2.71442
    endloop
  endfacet
  facet normal 0.075625 0.982443 -0.170549
    outer loop
      vertex 29.5465 17.1966 3.65737
      vertex 29 17.1794 3.31596
      vertex 29.5 17.1989 3.65
    endloop
  endfacet
  facet normal 0.0774046 0.981865 -0.173062
    outer loop
      vertex 29.1755 17.2335 3.70139
      vertex 29 17.1794 3.31596
      vertex 29 17.2631 3.79083
    endloop
  endfacet
  facet normal 0.077294 0.981882 -0.173014
    outer loop
      vertex 29 17.1794 3.31596
      vertex 29.1755 17.2335 3.70139
      vertex 29.5 17.1989 3.65
    endloop
  endfacet
  facet normal 0.0774961 0.981858 -0.173057
    outer loop
      vertex 30.0762 17.0947 3.31596
      vertex 29.8245 17.1825 3.70139
      vertex 30.0905 17.1854 3.83696
    endloop
  endfacet
  facet normal 0.0772289 0.981849 -0.173229
    outer loop
      vertex 30.0762 17.0947 3.31596
      vertex 29.5465 17.1966 3.65737
      vertex 29.8245 17.1825 3.70139
    endloop
  endfacet
  facet normal 0.077275 0.981857 -0.17316
    outer loop
      vertex 29.5465 17.1966 3.65737
      vertex 30.0762 17.0947 3.31596
      vertex 29 17.1794 3.31596
    endloop
  endfacet
  facet normal 0.229862 0.957704 0.173106
    outer loop
      vertex 31.1258 16.8427 4.68404
      vertex 30.4986 17.049 4.37553
      vertex 30.5475 16.9815 4.68404
    endloop
  endfacet
  facet normal 0.229522 0.957665 0.173771
    outer loop
      vertex 30.4986 17.049 4.37553
      vertex 31.1258 16.8427 4.68404
      vertex 30.4157 17.0984 4.21278
    endloop
  endfacet
  facet normal 0.229957 0.957679 0.173123
    outer loop
      vertex 31.1631 16.9574 4
      vertex 30.4157 17.0984 4.21278
      vertex 31.1258 16.8427 4.68404
    endloop
  endfacet
  facet normal 0.229973 0.957663 0.17319
    outer loop
      vertex 30.4157 17.0984 4.21278
      vertex 31.1631 16.9574 4
      vertex 30.3495 17.1378 4.08282
    endloop
  endfacet
  facet normal 0.229922 0.957831 0.172325
    outer loop
      vertex 30.3495 17.1378 4.08282
      vertex 31.1631 16.9574 4
      vertex 30.2666 17.1726 4
    endloop
  endfacet
  facet normal 0.202244 0.842662 0.499016
    outer loop
      vertex 31.0185 16.5124 5.28557
      vertex 30.4986 16.7918 5.02447
      vertex 30.3656 16.6691 5.28557
    endloop
  endfacet
  facet normal 0.202371 0.842735 0.498842
    outer loop
      vertex 30.4986 16.7918 5.02447
      vertex 31.0185 16.5124 5.28557
      vertex 30.5088 16.8274 4.96019
    endloop
  endfacet
  facet normal 0.202369 0.842735 0.498844
    outer loop
      vertex 31.1258 16.8427 4.68404
      vertex 30.5088 16.8274 4.96019
      vertex 31.0185 16.5124 5.28557
    endloop
  endfacet
  facet normal 0.202344 0.842773 0.49879
    outer loop
      vertex 30.5088 16.8274 4.96019
      vertex 31.1258 16.8427 4.68404
      vertex 30.55 16.9715 4.7
    endloop
  endfacet
  facet normal 0.202524 0.843801 0.496974
    outer loop
      vertex 30.55 16.9715 4.7
      vertex 31.1258 16.8427 4.68404
      vertex 30.5475 16.9815 4.68404
    endloop
  endfacet
  facet normal 0.150279 0.626094 0.765129
    outer loop
      vertex 30.1172 16.4063 5.54947
      vertex 30.8541 16.0063 5.73205
      vertex 30.2556 16.5423 5.411
    endloop
  endfacet
  facet normal 0.150857 0.625825 0.765236
    outer loop
      vertex 29.9386 16.2261 5.73205
      vertex 30.1172 16.4063 5.54947
      vertex 29.9575 16.3453 5.63084
    endloop
  endfacet
  facet normal 0.150334 0.626165 0.76506
    outer loop
      vertex 30.1172 16.4063 5.54947
      vertex 29.9386 16.2261 5.73205
      vertex 30.8541 16.0063 5.73205
    endloop
  endfacet
  facet normal 0.150388 0.626601 0.764693
    outer loop
      vertex 30.3495 16.6344 5.31717
      vertex 31.0185 16.5124 5.28557
      vertex 30.3656 16.6691 5.28557
    endloop
  endfacet
  facet normal 0.150321 0.626131 0.765091
    outer loop
      vertex 31.0185 16.5124 5.28557
      vertex 30.3495 16.6344 5.31717
      vertex 30.8541 16.0063 5.73205
    endloop
  endfacet
  facet normal 0.150357 0.626147 0.765071
    outer loop
      vertex 30.8541 16.0063 5.73205
      vertex 30.3495 16.6344 5.31717
      vertex 30.2556 16.5423 5.411
    endloop
  endfacet
  facet normal 0.0800746 0.333501 0.939343
    outer loop
      vertex 30.6524 15.3856 5.96961
      vertex 29.9386 16.2261 5.73205
      vertex 29.8365 15.5815 5.96961
    endloop
  endfacet
  facet normal 0.0800682 0.333496 0.939345
    outer loop
      vertex 30.6524 15.3856 5.96961
      vertex 30.8541 16.0063 5.73205
      vertex 29.9386 16.2261 5.73205
    endloop
  endfacet
  facet normal -0.0800263 -0.333486 0.939352
    outer loop
      vertex 29.7278 14.8954 5.96961
      vertex 29.8194 14.4193 5.80839
      vertex 30.0855 14.3386 5.80241
    endloop
  endfacet
  facet normal -0.0800582 -0.333491 0.939348
    outer loop
      vertex 29.8194 14.4193 5.80839
      vertex 29.7278 14.8954 5.96961
      vertex 29.655 14.4355 5.80013
    endloop
  endfacet
  facet normal -0.0800675 -0.333469 0.939355
    outer loop
      vertex 30.4378 14.725 5.96961
      vertex 30.0855 14.3386 5.80241
      vertex 30.2919 14.276 5.79778
    endloop
  endfacet
  facet normal -0.0800383 -0.333493 0.939349
    outer loop
      vertex 30.0855 14.3386 5.80241
      vertex 30.4378 14.725 5.96961
      vertex 29.7278 14.8954 5.96961
    endloop
  endfacet
  facet normal -0.229796 -0.957711 -0.173156
    outer loop
      vertex 29.4882 13.3822 3.31596
      vertex 29.614 13.2645 3.8
      vertex 29.4748 13.2979 3.8
    endloop
  endfacet
  facet normal -0.229918 -0.957689 -0.173119
    outer loop
      vertex 29.614 13.2645 3.8
      vertex 29.4882 13.3822 3.31596
      vertex 29.9643 13.2679 3.31596
    endloop
  endfacet
  facet normal -0.230025 -0.957649 -0.173196
    outer loop
      vertex 29.9643 13.2679 3.31596
      vertex 29.9379 13.1867 3.8
      vertex 29.614 13.2645 3.8
    endloop
  endfacet
  facet normal -0.202291 -0.842772 -0.498812
    outer loop
      vertex 29.5425 13.7252 2.71442
      vertex 30.0716 13.5982 2.71442
      vertex 29.4882 13.3822 3.31596
    endloop
  endfacet
  facet normal -0.202324 -0.84275 -0.498836
    outer loop
      vertex 30.0716 13.5982 2.71442
      vertex 29.9643 13.2679 3.31596
      vertex 29.4882 13.3822 3.31596
    endloop
  endfacet
  facet normal -0.150373 -0.626109 -0.765099
    outer loop
      vertex 29.6257 14.2508 2.26795
      vertex 30.2361 14.1042 2.26795
      vertex 29.5425 13.7252 2.71442
    endloop
  endfacet
  facet normal -0.150303 -0.626182 -0.765052
    outer loop
      vertex 30.2361 14.1042 2.26795
      vertex 30.0716 13.5982 2.71442
      vertex 29.5425 13.7252 2.71442
    endloop
  endfacet
  facet normal -0.0800445 -0.333519 -0.939339
    outer loop
      vertex 29.7278 14.8954 2.03038
      vertex 30.4378 14.725 2.03038
      vertex 29.6257 14.2508 2.26795
    endloop
  endfacet
  facet normal -0.0800864 -0.333456 -0.939358
    outer loop
      vertex 30.4378 14.725 2.03038
      vertex 30.2361 14.1042 2.26795
      vertex 29.6257 14.2508 2.26795
    endloop
  endfacet
  facet normal 0.0800725 0.333514 -0.939338
    outer loop
      vertex 29.9386 16.2261 2.26795
      vertex 30.8541 16.0063 2.26795
      vertex 29.8365 15.5815 2.03038
    endloop
  endfacet
  facet normal 0.080076 0.333507 -0.939341
    outer loop
      vertex 30.8541 16.0063 2.26795
      vertex 30.6524 15.3856 2.03038
      vertex 29.8365 15.5815 2.03038
    endloop
  endfacet
  facet normal 0.150326 0.626117 -0.765101
    outer loop
      vertex 30.0218 16.7517 2.71442
      vertex 31.0185 16.5124 2.71442
      vertex 29.9386 16.2261 2.26795
    endloop
  endfacet
  facet normal 0.150324 0.626121 -0.765098
    outer loop
      vertex 31.0185 16.5124 2.71442
      vertex 30.8541 16.0063 2.26795
      vertex 29.9386 16.2261 2.26795
    endloop
  endfacet
  facet normal 0.202336 0.842747 -0.498835
    outer loop
      vertex 30.0762 17.0947 3.31596
      vertex 31.1258 16.8427 3.31596
      vertex 30.0218 16.7517 2.71442
    endloop
  endfacet
  facet normal 0.202337 0.842747 -0.498836
    outer loop
      vertex 31.1258 16.8427 3.31596
      vertex 31.0185 16.5124 2.71442
      vertex 30.0218 16.7517 2.71442
    endloop
  endfacet
  facet normal 0.229892 0.957706 -0.173055
    outer loop
      vertex 30.0762 17.0947 3.31596
      vertex 30.2666 17.1726 4
      vertex 31.1631 16.9574 4
    endloop
  endfacet
  facet normal 0.230277 0.957597 -0.17315
    outer loop
      vertex 30.2666 17.1726 4
      vertex 30.0762 17.0947 3.31596
      vertex 30.1172 17.1815 3.85053
    endloop
  endfacet
  facet normal 0.227916 0.958177 -0.173063
    outer loop
      vertex 30.1172 17.1815 3.85053
      vertex 30.0762 17.0947 3.31596
      vertex 30.0905 17.1854 3.83696
    endloop
  endfacet
  facet normal 0.229932 0.957685 -0.173123
    outer loop
      vertex 31.1631 16.9574 4
      vertex 31.1258 16.8427 3.31596
      vertex 30.0762 17.0947 3.31596
    endloop
  endfacet
  facet normal 0.376876 0.90994 0.17313
    outer loop
      vertex 32.1232 16.4296 4.68404
      vertex 31.1631 16.9574 4
      vertex 31.1258 16.8427 4.68404
    endloop
  endfacet
  facet normal 0.376955 0.90993 0.17301
    outer loop
      vertex 32.1232 16.4296 4.68404
      vertex 32.1779 16.537 4
      vertex 31.1631 16.9574 4
    endloop
  endfacet
  facet normal 0.331699 0.80071 0.498838
    outer loop
      vertex 31.9655 16.1201 5.28557
      vertex 31.1258 16.8427 4.68404
      vertex 31.0185 16.5124 5.28557
    endloop
  endfacet
  facet normal 0.331628 0.800692 0.498914
    outer loop
      vertex 31.9655 16.1201 5.28557
      vertex 32.1232 16.4296 4.68404
      vertex 31.1258 16.8427 4.68404
    endloop
  endfacet
  facet normal 0.24643 0.594907 0.765086
    outer loop
      vertex 31.7239 15.646 5.73205
      vertex 31.0185 16.5124 5.28557
      vertex 30.8541 16.0063 5.73205
    endloop
  endfacet
  facet normal 0.246447 0.594915 0.765075
    outer loop
      vertex 31.7239 15.646 5.73205
      vertex 31.9655 16.1201 5.28557
      vertex 31.0185 16.5124 5.28557
    endloop
  endfacet
  facet normal 0.13125 0.316864 0.939346
    outer loop
      vertex 31.4276 15.0645 5.96961
      vertex 30.8541 16.0063 5.73205
      vertex 30.6524 15.3856 5.96961
    endloop
  endfacet
  facet normal 0.131257 0.316868 0.939343
    outer loop
      vertex 31.4276 15.0645 5.96961
      vertex 31.7239 15.646 5.73205
      vertex 30.8541 16.0063 5.73205
    endloop
  endfacet
  facet normal -0.131218 -0.316829 0.939362
    outer loop
      vertex 30.4378 14.725 5.96961
      vertex 30.6073 14.1803 5.80957
      vertex 30.6984 14.1316 5.80587
    endloop
  endfacet
  facet normal -0.13125 -0.316837 0.939355
    outer loop
      vertex 30.6073 14.1803 5.80957
      vertex 30.4378 14.725 5.96961
      vertex 30.2919 14.276 5.79778
    endloop
  endfacet
  facet normal -0.131318 -0.316753 0.939374
    outer loop
      vertex 31.1123 14.4456 5.96961
      vertex 30.6984 14.1316 5.80587
      vertex 30.8979 14.0249 5.79778
    endloop
  endfacet
  facet normal -0.131245 -0.316839 0.939355
    outer loop
      vertex 30.6984 14.1316 5.80587
      vertex 31.1123 14.4456 5.96961
      vertex 30.4378 14.725 5.96961
    endloop
  endfacet
  facet normal -0.376897 -0.909918 -0.173199
    outer loop
      vertex 29.9643 13.2679 3.31596
      vertex 30.0702 13.1319 3.8
      vertex 29.9379 13.1867 3.8
    endloop
  endfacet
  facet normal -0.376917 -0.909911 -0.173193
    outer loop
      vertex 30.0702 13.1319 3.8
      vertex 29.9643 13.2679 3.31596
      vertex 30.4167 13.0805 3.31596
    endloop
  endfacet
  facet normal -0.376913 -0.909913 -0.17319
    outer loop
      vertex 30.4167 13.0805 3.31596
      vertex 30.378 13.0044 3.8
      vertex 30.0702 13.1319 3.8
    endloop
  endfacet
  facet normal -0.331717 -0.800707 -0.498831
    outer loop
      vertex 30.0716 13.5982 2.71442
      vertex 30.5744 13.3899 2.71442
      vertex 29.9643 13.2679 3.31596
    endloop
  endfacet
  facet normal -0.331691 -0.800731 -0.498809
    outer loop
      vertex 30.5744 13.3899 2.71442
      vertex 30.4167 13.0805 3.31596
      vertex 29.9643 13.2679 3.31596
    endloop
  endfacet
  facet normal -0.24643 -0.59494 -0.765062
    outer loop
      vertex 30.2361 14.1042 2.26795
      vertex 30.816 13.864 2.26795
      vertex 30.0716 13.5982 2.71442
    endloop
  endfacet
  facet normal -0.246456 -0.594902 -0.765083
    outer loop
      vertex 30.816 13.864 2.26795
      vertex 30.5744 13.3899 2.71442
      vertex 30.0716 13.5982 2.71442
    endloop
  endfacet
  facet normal -0.131243 -0.316835 -0.939357
    outer loop
      vertex 30.4378 14.725 2.03038
      vertex 31.1123 14.4456 2.03038
      vertex 30.2361 14.1042 2.26795
    endloop
  endfacet
  facet normal -0.13124 -0.316843 -0.939354
    outer loop
      vertex 31.1123 14.4456 2.03038
      vertex 30.816 13.864 2.26795
      vertex 30.2361 14.1042 2.26795
    endloop
  endfacet
  facet normal 0.13126 0.316875 -0.939341
    outer loop
      vertex 30.8541 16.0063 2.26795
      vertex 31.7239 15.646 2.26795
      vertex 30.6524 15.3856 2.03038
    endloop
  endfacet
  facet normal 0.131258 0.316882 -0.939339
    outer loop
      vertex 31.7239 15.646 2.26795
      vertex 31.4276 15.0645 2.03038
      vertex 30.6524 15.3856 2.03038
    endloop
  endfacet
  facet normal 0.246439 0.594895 -0.765093
    outer loop
      vertex 31.0185 16.5124 2.71442
      vertex 31.9655 16.1201 2.71442
      vertex 30.8541 16.0063 2.26795
    endloop
  endfacet
  facet normal 0.246432 0.594912 -0.765082
    outer loop
      vertex 31.9655 16.1201 2.71442
      vertex 31.7239 15.646 2.26795
      vertex 30.8541 16.0063 2.26795
    endloop
  endfacet
  facet normal 0.331646 0.800735 -0.498833
    outer loop
      vertex 31.1258 16.8427 3.31596
      vertex 32.1232 16.4296 3.31596
      vertex 31.0185 16.5124 2.71442
    endloop
  endfacet
  facet normal 0.331683 0.800672 -0.49891
    outer loop
      vertex 32.1232 16.4296 3.31596
      vertex 31.9655 16.1201 2.71442
      vertex 31.0185 16.5124 2.71442
    endloop
  endfacet
  facet normal 0.376948 0.90991 -0.173129
    outer loop
      vertex 31.1631 16.9574 4
      vertex 32.1779 16.537 4
      vertex 31.1258 16.8427 3.31596
    endloop
  endfacet
  facet normal 0.376884 0.909959 -0.173009
    outer loop
      vertex 32.1779 16.537 4
      vertex 32.1232 16.4296 3.31596
      vertex 31.1258 16.8427 3.31596
    endloop
  endfacet
  facet normal 0.514672 0.839751 0.173004
    outer loop
      vertex 33.0436 15.8655 4.68404
      vertex 32.1779 16.537 4
      vertex 32.1232 16.4296 4.68404
    endloop
  endfacet
  facet normal 0.514574 0.83978 0.173156
    outer loop
      vertex 33.0436 15.8655 4.68404
      vertex 33.1145 15.9631 4
      vertex 32.1779 16.537 4
    endloop
  endfacet
  facet normal 0.452769 0.738973 0.498918
    outer loop
      vertex 32.8395 15.5846 5.28557
      vertex 32.1232 16.4296 4.68404
      vertex 31.9655 16.1201 5.28557
    endloop
  endfacet
  facet normal 0.452915 0.738988 0.498764
    outer loop
      vertex 32.8395 15.5846 5.28557
      vertex 33.0436 15.8655 4.68404
      vertex 32.1232 16.4296 4.68404
    endloop
  endfacet
  facet normal 0.336428 0.549064 0.765078
    outer loop
      vertex 32.5267 15.1541 5.73205
      vertex 31.9655 16.1201 5.28557
      vertex 31.7239 15.646 5.73205
    endloop
  endfacet
  facet normal 0.336408 0.549058 0.765091
    outer loop
      vertex 32.5267 15.1541 5.73205
      vertex 32.8395 15.5846 5.28557
      vertex 31.9655 16.1201 5.28557
    endloop
  endfacet
  facet normal 0.179187 0.292446 0.939344
    outer loop
      vertex 32.1431 14.6261 5.96961
      vertex 31.7239 15.646 5.73205
      vertex 31.4276 15.0645 5.96961
    endloop
  endfacet
  facet normal 0.179192 0.292448 0.939343
    outer loop
      vertex 32.1431 14.6261 5.96961
      vertex 32.5267 15.1541 5.73205
      vertex 31.7239 15.646 5.73205
    endloop
  endfacet
  facet normal -0.179093 -0.292406 0.939375
    outer loop
      vertex 31.2758 13.823 5.80698
      vertex 31.1123 14.4456 5.96961
      vertex 30.8979 14.0249 5.79778
    endloop
  endfacet
  facet normal -0.179213 -0.292409 0.939351
    outer loop
      vertex 31.7348 14.0641 5.96961
      vertex 31.3334 13.7922 5.80839
      vertex 31.4611 13.6874 5.80013
    endloop
  endfacet
  facet normal -0.179294 -0.2923 0.939369
    outer loop
      vertex 31.7348 14.0641 5.96961
      vertex 31.2758 13.823 5.80698
      vertex 31.3334 13.7922 5.80839
    endloop
  endfacet
  facet normal -0.179217 -0.292431 0.939343
    outer loop
      vertex 31.2758 13.823 5.80698
      vertex 31.7348 14.0641 5.96961
      vertex 31.1123 14.4456 5.96961
    endloop
  endfacet
  facet normal -0.51449 -0.839829 -0.173171
    outer loop
      vertex 30.4167 13.0805 3.31596
      vertex 30.5001 12.9296 3.8
      vertex 30.378 13.0044 3.8
    endloop
  endfacet
  facet normal -0.5146 -0.839769 -0.173133
    outer loop
      vertex 30.5001 12.9296 3.8
      vertex 30.4167 13.0805 3.31596
      vertex 30.8343 12.8246 3.31596
    endloop
  endfacet
  facet normal -0.514537 -0.839819 -0.173079
    outer loop
      vertex 30.8343 12.8246 3.31596
      vertex 30.7841 12.7556 3.8
      vertex 30.5001 12.9296 3.8
    endloop
  endfacet
  facet normal -0.452807 -0.739017 -0.498819
    outer loop
      vertex 30.5744 13.3899 2.71442
      vertex 31.0384 13.1056 2.71442
      vertex 30.4167 13.0805 3.31596
    endloop
  endfacet
  facet normal -0.452837 -0.738979 -0.498848
    outer loop
      vertex 31.0384 13.1056 2.71442
      vertex 30.8343 12.8246 3.31596
      vertex 30.4167 13.0805 3.31596
    endloop
  endfacet
  facet normal -0.336445 -0.549045 -0.765085
    outer loop
      vertex 30.816 13.864 2.26795
      vertex 31.3511 13.5361 2.26795
      vertex 30.5744 13.3899 2.71442
    endloop
  endfacet
  facet normal -0.336429 -0.549079 -0.765067
    outer loop
      vertex 31.3511 13.5361 2.26795
      vertex 31.0384 13.1056 2.71442
      vertex 30.5744 13.3899 2.71442
    endloop
  endfacet
  facet normal -0.179203 -0.292408 -0.939353
    outer loop
      vertex 31.1123 14.4456 2.03038
      vertex 31.7348 14.0641 2.03038
      vertex 30.816 13.864 2.26795
    endloop
  endfacet
  facet normal -0.179196 -0.29243 -0.939347
    outer loop
      vertex 31.7348 14.0641 2.03038
      vertex 31.3511 13.5361 2.26795
      vertex 30.816 13.864 2.26795
    endloop
  endfacet
  facet normal 0.179196 0.292456 -0.939339
    outer loop
      vertex 31.7239 15.646 2.26795
      vertex 32.5267 15.1541 2.26795
      vertex 31.4276 15.0645 2.03038
    endloop
  endfacet
  facet normal 0.179196 0.29246 -0.939338
    outer loop
      vertex 32.5267 15.1541 2.26795
      vertex 32.1431 14.6261 2.03038
      vertex 31.4276 15.0645 2.03038
    endloop
  endfacet
  facet normal 0.336411 0.549063 -0.765086
    outer loop
      vertex 31.9655 16.1201 2.71442
      vertex 32.8395 15.5846 2.71442
      vertex 31.7239 15.646 2.26795
    endloop
  endfacet
  facet normal 0.336415 0.549043 -0.765099
    outer loop
      vertex 32.8395 15.5846 2.71442
      vertex 32.5267 15.1541 2.26795
      vertex 31.7239 15.646 2.26795
    endloop
  endfacet
  facet normal 0.452872 0.738917 -0.498907
    outer loop
      vertex 32.1232 16.4296 3.31596
      vertex 33.0436 15.8655 3.31596
      vertex 31.9655 16.1201 2.71442
    endloop
  endfacet
  facet normal 0.452818 0.739054 -0.498754
    outer loop
      vertex 33.0436 15.8655 3.31596
      vertex 32.8395 15.5846 2.71442
      vertex 31.9655 16.1201 2.71442
    endloop
  endfacet
  facet normal 0.514588 0.839803 -0.173006
    outer loop
      vertex 32.1779 16.537 4
      vertex 33.1145 15.9631 4
      vertex 32.1232 16.4296 3.31596
    endloop
  endfacet
  facet normal 0.514658 0.839729 -0.173158
    outer loop
      vertex 33.1145 15.9631 4
      vertex 33.0436 15.8655 3.31596
      vertex 32.1232 16.4296 3.31596
    endloop
  endfacet
  facet normal 0.639577 0.748971 0.173156
    outer loop
      vertex 33.8645 15.1645 4.68404
      vertex 33.1145 15.9631 4
      vertex 33.0436 15.8655 4.68404
    endloop
  endfacet
  facet normal 0.639698 0.748914 0.172957
    outer loop
      vertex 33.8645 15.1645 4.68404
      vertex 33.9497 15.2497 4
      vertex 33.1145 15.9631 4
    endloop
  endfacet
  facet normal 0.562916 0.659061 0.498764
    outer loop
      vertex 33.6189 14.9189 5.28557
      vertex 33.0436 15.8655 4.68404
      vertex 32.8395 15.5846 5.28557
    endloop
  endfacet
  facet normal 0.562804 0.659067 0.498881
    outer loop
      vertex 33.6189 14.9189 5.28557
      vertex 33.8645 15.1645 4.68404
      vertex 33.0436 15.8655 4.68404
    endloop
  endfacet
  facet normal 0.418217 0.489618 0.765094
    outer loop
      vertex 33.2426 14.5426 5.73205
      vertex 32.8395 15.5846 5.28557
      vertex 32.5267 15.1541 5.73205
    endloop
  endfacet
  facet normal 0.418189 0.489615 0.765111
    outer loop
      vertex 33.2426 14.5426 5.73205
      vertex 33.6189 14.9189 5.28557
      vertex 32.8395 15.5846 5.28557
    endloop
  endfacet
  facet normal 0.222772 0.260786 0.939342
    outer loop
      vertex 32.7811 14.0811 5.96961
      vertex 32.5267 15.1541 5.73205
      vertex 32.1431 14.6261 5.96961
    endloop
  endfacet
  facet normal 0.222752 0.260783 0.939348
    outer loop
      vertex 32.7811 14.0811 5.96961
      vertex 33.2426 14.5426 5.73205
      vertex 32.5267 15.1541 5.73205
    endloop
  endfacet
  facet normal -0.222744 -0.260781 0.93935
    outer loop
      vertex 31.8004 13.4089 5.80327
      vertex 31.7348 14.0641 5.96961
      vertex 31.4611 13.6874 5.80013
    endloop
  endfacet
  facet normal -0.222739 -0.260655 0.939386
    outer loop
      vertex 32.29 13.59 5.96961
      vertex 31.8004 13.4089 5.80327
      vertex 31.9698 13.2698 5.80484
    endloop
  endfacet
  facet normal -0.222686 -0.260778 0.939365
    outer loop
      vertex 31.8004 13.4089 5.80327
      vertex 32.29 13.59 5.96961
      vertex 31.7348 14.0641 5.96961
    endloop
  endfacet
  facet normal -0.639607 -0.748959 -0.173098
    outer loop
      vertex 30.8343 12.8246 3.31596
      vertex 30.893 12.6626 3.8
      vertex 30.7841 12.7556 3.8
    endloop
  endfacet
  facet normal -0.639677 -0.748905 -0.173072
    outer loop
      vertex 30.893 12.6626 3.8
      vertex 30.8343 12.8246 3.31596
      vertex 31.2066 12.5066 3.31596
    endloop
  endfacet
  facet normal -0.639591 -0.748999 -0.172986
    outer loop
      vertex 31.2066 12.5066 3.31596
      vertex 31.1463 12.4463 3.8
      vertex 30.893 12.6626 3.8
    endloop
  endfacet
  facet normal -0.562855 -0.659054 -0.498841
    outer loop
      vertex 31.0384 13.1056 2.71442
      vertex 31.4522 12.7522 2.71442
      vertex 30.8343 12.8246 3.31596
    endloop
  endfacet
  facet normal -0.562885 -0.659 -0.498878
    outer loop
      vertex 31.4522 12.7522 2.71442
      vertex 31.2066 12.5066 3.31596
      vertex 30.8343 12.8246 3.31596
    endloop
  endfacet
  facet normal -0.418245 -0.489645 -0.765062
    outer loop
      vertex 31.3511 13.5361 2.26795
      vertex 31.8284 13.1284 2.26795
      vertex 31.0384 13.1056 2.71442
    endloop
  endfacet
  facet normal -0.418226 -0.489706 -0.765033
    outer loop
      vertex 31.8284 13.1284 2.26795
      vertex 31.4522 12.7522 2.71442
      vertex 31.0384 13.1056 2.71442
    endloop
  endfacet
  facet normal -0.222711 -0.260809 -0.93935
    outer loop
      vertex 31.7348 14.0641 2.03038
      vertex 32.29 13.59 2.03038
      vertex 31.3511 13.5361 2.26795
    endloop
  endfacet
  facet normal -0.22272 -0.260741 -0.939367
    outer loop
      vertex 32.29 13.59 2.03038
      vertex 31.8284 13.1284 2.26795
      vertex 31.3511 13.5361 2.26795
    endloop
  endfacet
  facet normal 0.22277 0.260803 -0.939338
    outer loop
      vertex 32.5267 15.1541 2.26795
      vertex 33.2426 14.5426 2.26795
      vertex 32.1431 14.6261 2.03038
    endloop
  endfacet
  facet normal 0.22277 0.260784 -0.939343
    outer loop
      vertex 33.2426 14.5426 2.26795
      vertex 32.7811 14.0811 2.03038
      vertex 32.1431 14.6261 2.03038
    endloop
  endfacet
  facet normal 0.418197 0.489624 -0.765102
    outer loop
      vertex 32.8395 15.5846 2.71442
      vertex 33.6189 14.9189 2.71442
      vertex 32.5267 15.1541 2.26795
    endloop
  endfacet
  facet normal 0.418198 0.489596 -0.765119
    outer loop
      vertex 33.6189 14.9189 2.71442
      vertex 33.2426 14.5426 2.26795
      vertex 32.5267 15.1541 2.26795
    endloop
  endfacet
  facet normal 0.562849 0.65912 -0.49876
    outer loop
      vertex 33.0436 15.8655 3.31596
      vertex 33.8645 15.1645 3.31596
      vertex 32.8395 15.5846 2.71442
    endloop
  endfacet
  facet normal 0.562873 0.659011 -0.498877
    outer loop
      vertex 33.8645 15.1645 3.31596
      vertex 33.6189 14.9189 2.71442
      vertex 32.8395 15.5846 2.71442
    endloop
  endfacet
  facet normal 0.639675 0.748888 -0.173154
    outer loop
      vertex 33.1145 15.9631 4
      vertex 33.9497 15.2497 4
      vertex 33.0436 15.8655 3.31596
    endloop
  endfacet
  facet normal 0.6396 0.748998 -0.172956
    outer loop
      vertex 33.9497 15.2497 4
      vertex 33.8645 15.1645 3.31596
      vertex 33.0436 15.8655 3.31596
    endloop
  endfacet
  facet normal 0.748998 0.6396 0.172956
    outer loop
      vertex 34.5655 14.3436 4.68404
      vertex 33.9497 15.2497 4
      vertex 33.8645 15.1645 4.68404
    endloop
  endfacet
  facet normal 0.748888 0.639675 0.173154
    outer loop
      vertex 34.5655 14.3436 4.68404
      vertex 34.6631 14.4145 4
      vertex 33.9497 15.2497 4
    endloop
  endfacet
  facet normal 0.659008 0.562871 0.498884
    outer loop
      vertex 34.2846 14.1395 5.28557
      vertex 33.8645 15.1645 4.68404
      vertex 33.6189 14.9189 5.28557
    endloop
  endfacet
  facet normal 0.659117 0.562847 0.498767
    outer loop
      vertex 34.2846 14.1395 5.28557
      vertex 34.5655 14.3436 4.68404
      vertex 33.8645 15.1645 4.68404
    endloop
  endfacet
  facet normal 0.489602 0.418203 0.765112
    outer loop
      vertex 33.8541 13.8267 5.73205
      vertex 33.6189 14.9189 5.28557
      vertex 33.2426 14.5426 5.73205
    endloop
  endfacet
  facet normal 0.48963 0.418202 0.765094
    outer loop
      vertex 33.8541 13.8267 5.73205
      vertex 34.2846 14.1395 5.28557
      vertex 33.6189 14.9189 5.28557
    endloop
  endfacet
  facet normal 0.260774 0.222761 0.939348
    outer loop
      vertex 33.3261 13.4431 5.96961
      vertex 33.2426 14.5426 5.73205
      vertex 32.7811 14.0811 5.96961
    endloop
  endfacet
  facet normal 0.260793 0.222762 0.939342
    outer loop
      vertex 33.3261 13.4431 5.96961
      vertex 33.8541 13.8267 5.73205
      vertex 33.2426 14.5426 5.73205
    endloop
  endfacet
  facet normal -0.260679 -0.222715 0.939385
    outer loop
      vertex 32.29 13.59 5.96961
      vertex 31.9698 13.2698 5.80484
      vertex 32.2519 12.9262 5.80166
    endloop
  endfacet
  facet normal -0.260796 -0.2227 0.939356
    outer loop
      vertex 32.2519 12.9262 5.80166
      vertex 32.7641 13.0348 5.96961
      vertex 32.29 13.59 5.96961
    endloop
  endfacet
  facet normal -0.260786 -0.222736 0.93935
    outer loop
      vertex 32.7641 13.0348 5.96961
      vertex 32.2519 12.9262 5.80166
      vertex 32.3874 12.7611 5.80013
    endloop
  endfacet
  facet normal -0.749315 -0.639223 -0.172979
    outer loop
      vertex 31.2066 12.5066 3.31596
      vertex 31.2392 12.3374 3.8
      vertex 31.1463 12.4463 3.8
    endloop
  endfacet
  facet normal -0.748893 -0.639667 -0.173163
    outer loop
      vertex 31.2392 12.3374 3.8
      vertex 31.2066 12.5066 3.31596
      vertex 31.5246 12.1343 3.31596
    endloop
  endfacet
  facet normal -0.748838 -0.63975 -0.173096
    outer loop
      vertex 31.5246 12.1343 3.31596
      vertex 31.4556 12.0841 3.8
      vertex 31.2392 12.3374 3.8
    endloop
  endfacet
  facet normal -0.659038 -0.562842 -0.498876
    outer loop
      vertex 31.4522 12.7522 2.71442
      vertex 31.8056 12.3384 2.71442
      vertex 31.2066 12.5066 3.31596
    endloop
  endfacet
  facet normal -0.659017 -0.5629 -0.498839
    outer loop
      vertex 31.8056 12.3384 2.71442
      vertex 31.5246 12.1343 3.31596
      vertex 31.2066 12.5066 3.31596
    endloop
  endfacet
  facet normal -0.489669 -0.418266 -0.765035
    outer loop
      vertex 31.8284 13.1284 2.26795
      vertex 32.2361 12.6511 2.26795
      vertex 31.4522 12.7522 2.71442
    endloop
  endfacet
  facet normal -0.489678 -0.418202 -0.765064
    outer loop
      vertex 32.2361 12.6511 2.26795
      vertex 31.8056 12.3384 2.71442
      vertex 31.4522 12.7522 2.71442
    endloop
  endfacet
  facet normal -0.260776 -0.222684 -0.939366
    outer loop
      vertex 32.29 13.59 2.03038
      vertex 32.7641 13.0348 2.03038
      vertex 31.8284 13.1284 2.26795
    endloop
  endfacet
  facet normal -0.260779 -0.222752 -0.939349
    outer loop
      vertex 32.7641 13.0348 2.03038
      vertex 32.2361 12.6511 2.26795
      vertex 31.8284 13.1284 2.26795
    endloop
  endfacet
  facet normal 0.260792 0.222761 -0.939343
    outer loop
      vertex 33.2426 14.5426 2.26795
      vertex 33.8541 13.8267 2.26795
      vertex 32.7811 14.0811 2.03038
    endloop
  endfacet
  facet normal 0.260796 0.22278 -0.939337
    outer loop
      vertex 33.8541 13.8267 2.26795
      vertex 33.3261 13.4431 2.03038
      vertex 32.7811 14.0811 2.03038
    endloop
  endfacet
  facet normal 0.489609 0.418184 -0.765118
    outer loop
      vertex 33.6189 14.9189 2.71442
      vertex 34.2846 14.1395 2.71442
      vertex 33.2426 14.5426 2.26795
    endloop
  endfacet
  facet normal 0.489612 0.418212 -0.765101
    outer loop
      vertex 34.2846 14.1395 2.71442
      vertex 33.8541 13.8267 2.26795
      vertex 33.2426 14.5426 2.26795
    endloop
  endfacet
  facet normal 0.65907 0.562807 -0.498874
    outer loop
      vertex 33.8645 15.1645 3.31596
      vertex 34.5655 14.3436 3.31596
      vertex 33.6189 14.9189 2.71442
    endloop
  endfacet
  facet normal 0.659063 0.562918 -0.498757
    outer loop
      vertex 34.5655 14.3436 3.31596
      vertex 34.2846 14.1395 2.71442
      vertex 33.6189 14.9189 2.71442
    endloop
  endfacet
  facet normal 0.748914 0.639698 -0.172957
    outer loop
      vertex 33.9497 15.2497 4
      vertex 34.6631 14.4145 4
      vertex 33.8645 15.1645 3.31596
    endloop
  endfacet
  facet normal 0.748971 0.639577 -0.173156
    outer loop
      vertex 34.6631 14.4145 4
      vertex 34.5655 14.3436 3.31596
      vertex 33.8645 15.1645 3.31596
    endloop
  endfacet
  facet normal 0.839729 0.514658 0.173158
    outer loop
      vertex 35.1296 13.4232 4.68404
      vertex 34.6631 14.4145 4
      vertex 34.5655 14.3436 4.68404
    endloop
  endfacet
  facet normal 0.839803 0.514588 0.173006
    outer loop
      vertex 35.1296 13.4232 4.68404
      vertex 35.237 13.4779 4
      vertex 34.6631 14.4145 4
    endloop
  endfacet
  facet normal 0.739051 0.452816 0.49876
    outer loop
      vertex 34.8201 13.2655 5.28557
      vertex 34.5655 14.3436 4.68404
      vertex 34.2846 14.1395 5.28557
    endloop
  endfacet
  facet normal 0.738914 0.45287 0.498914
    outer loop
      vertex 34.8201 13.2655 5.28557
      vertex 35.1296 13.4232 4.68404
      vertex 34.5655 14.3436 4.68404
    endloop
  endfacet
  facet normal 0.54905 0.33642 0.765092
    outer loop
      vertex 34.346 13.0239 5.73205
      vertex 34.2846 14.1395 5.28557
      vertex 33.8541 13.8267 5.73205
    endloop
  endfacet
  facet normal 0.549071 0.336416 0.765079
    outer loop
      vertex 34.346 13.0239 5.73205
      vertex 34.8201 13.2655 5.28557
      vertex 34.2846 14.1395 5.28557
    endloop
  endfacet
  facet normal 0.292449 0.179189 0.939343
    outer loop
      vertex 33.7645 12.7276 5.96961
      vertex 33.8541 13.8267 5.73205
      vertex 33.3261 13.4431 5.96961
    endloop
  endfacet
  facet normal 0.292445 0.17919 0.939344
    outer loop
      vertex 34.346 13.0239 5.73205
      vertex 33.8541 13.8267 5.73205
      vertex 33.7645 12.7276 5.96961
    endloop
  endfacet
  facet normal -0.292437 -0.179192 0.939346
    outer loop
      vertex 32.7641 13.0348 5.96961
      vertex 32.4922 12.6334 5.80839
      vertex 32.6233 12.3881 5.80241
    endloop
  endfacet
  facet normal -0.292409 -0.179213 0.939351
    outer loop
      vertex 32.4922 12.6334 5.80839
      vertex 32.7641 13.0348 5.96961
      vertex 32.3874 12.7611 5.80013
    endloop
  endfacet
  facet normal -0.292405 -0.179201 0.939354
    outer loop
      vertex 32.6233 12.3881 5.80241
      vertex 33.1456 12.4123 5.96961
      vertex 32.7641 13.0348 5.96961
    endloop
  endfacet
  facet normal -0.292418 -0.179069 0.939375
    outer loop
      vertex 33.1456 12.4123 5.96961
      vertex 32.6233 12.3881 5.80241
      vertex 32.7249 12.1979 5.79778
    endloop
  endfacet
  facet normal -0.839843 -0.514498 -0.173079
    outer loop
      vertex 31.5246 12.1343 3.31596
      vertex 31.5304 11.962 3.8
      vertex 31.4556 12.0841 3.8
    endloop
  endfacet
  facet normal -0.839772 -0.514601 -0.173116
    outer loop
      vertex 31.5304 11.962 3.8
      vertex 31.5246 12.1343 3.31596
      vertex 31.7805 11.7167 3.31596
    endloop
  endfacet
  facet normal -0.839805 -0.514528 -0.17317
    outer loop
      vertex 31.7805 11.7167 3.31596
      vertex 31.7044 11.678 3.8
      vertex 31.5304 11.962 3.8
    endloop
  endfacet
  facet normal -0.739003 -0.452799 -0.498846
    outer loop
      vertex 31.8056 12.3384 2.71442
      vertex 32.0899 11.8744 2.71442
      vertex 31.5246 12.1343 3.31596
    endloop
  endfacet
  facet normal -0.738994 -0.452846 -0.498817
    outer loop
      vertex 32.0899 11.8744 2.71442
      vertex 31.7805 11.7167 3.31596
      vertex 31.5246 12.1343 3.31596
    endloop
  endfacet
  facet normal -0.549061 -0.336455 -0.765069
    outer loop
      vertex 32.2361 12.6511 2.26795
      vertex 32.564 12.116 2.26795
      vertex 31.8056 12.3384 2.71442
    endloop
  endfacet
  facet normal -0.54906 -0.336418 -0.765086
    outer loop
      vertex 32.564 12.116 2.26795
      vertex 32.0899 11.8744 2.71442
      vertex 31.8056 12.3384 2.71442
    endloop
  endfacet
  facet normal -0.29242 -0.17921 -0.939348
    outer loop
      vertex 32.7641 13.0348 2.03038
      vertex 33.1456 12.4123 2.03038
      vertex 32.2361 12.6511 2.26795
    endloop
  endfacet
  facet normal -0.292416 -0.179187 -0.939353
    outer loop
      vertex 33.1456 12.4123 2.03038
      vertex 32.564 12.116 2.26795
      vertex 32.2361 12.6511 2.26795
    endloop
  endfacet
  facet normal 0.292459 0.179198 -0.939338
    outer loop
      vertex 33.8541 13.8267 2.26795
      vertex 34.346 13.0239 2.26795
      vertex 33.3261 13.4431 2.03038
    endloop
  endfacet
  facet normal 0.292457 0.179194 -0.939339
    outer loop
      vertex 34.346 13.0239 2.26795
      vertex 33.7645 12.7276 2.03038
      vertex 33.3261 13.4431 2.03038
    endloop
  endfacet
  facet normal 0.549051 0.336404 -0.765098
    outer loop
      vertex 34.2846 14.1395 2.71442
      vertex 34.8201 13.2655 2.71442
      vertex 33.8541 13.8267 2.26795
    endloop
  endfacet
  facet normal 0.549057 0.336424 -0.765086
    outer loop
      vertex 34.8201 13.2655 2.71442
      vertex 34.346 13.0239 2.26795
      vertex 33.8541 13.8267 2.26795
    endloop
  endfacet
  facet normal 0.738991 0.452917 -0.498758
    outer loop
      vertex 34.5655 14.3436 3.31596
      vertex 35.1296 13.4232 3.31596
      vertex 34.2846 14.1395 2.71442
    endloop
  endfacet
  facet normal 0.738976 0.452771 -0.498911
    outer loop
      vertex 35.1296 13.4232 3.31596
      vertex 34.8201 13.2655 2.71442
      vertex 34.2846 14.1395 2.71442
    endloop
  endfacet
  facet normal 0.83978 0.514574 -0.173156
    outer loop
      vertex 34.6631 14.4145 4
      vertex 35.237 13.4779 4
      vertex 34.5655 14.3436 3.31596
    endloop
  endfacet
  facet normal 0.839751 0.514672 -0.173004
    outer loop
      vertex 35.237 13.4779 4
      vertex 35.1296 13.4232 3.31596
      vertex 34.5655 14.3436 3.31596
    endloop
  endfacet
  facet normal 0.909959 0.376884 0.173009
    outer loop
      vertex 35.5427 12.4258 4.68404
      vertex 35.237 13.4779 4
      vertex 35.1296 13.4232 4.68404
    endloop
  endfacet
  facet normal 0.90991 0.376948 0.173129
    outer loop
      vertex 35.5427 12.4258 4.68404
      vertex 35.6574 12.4631 4
      vertex 35.237 13.4779 4
    endloop
  endfacet
  facet normal 0.800669 0.331681 0.498916
    outer loop
      vertex 35.2124 12.3185 5.28557
      vertex 35.1296 13.4232 4.68404
      vertex 34.8201 13.2655 5.28557
    endloop
  endfacet
  facet normal 0.800731 0.331644 0.49884
    outer loop
      vertex 35.2124 12.3185 5.28557
      vertex 35.5427 12.4258 4.68404
      vertex 35.1296 13.4232 4.68404
    endloop
  endfacet
  facet normal 0.59492 0.246436 0.765075
    outer loop
      vertex 34.7063 12.1541 5.73205
      vertex 34.8201 13.2655 5.28557
      vertex 34.346 13.0239 5.73205
    endloop
  endfacet
  facet normal 0.594903 0.246442 0.765086
    outer loop
      vertex 35.2124 12.3185 5.28557
      vertex 34.8201 13.2655 5.28557
      vertex 34.7063 12.1541 5.73205
    endloop
  endfacet
  facet normal 0.316871 0.131253 0.939343
    outer loop
      vertex 34.0856 11.9524 5.96961
      vertex 34.346 13.0239 5.73205
      vertex 33.7645 12.7276 5.96961
    endloop
  endfacet
  facet normal 0.316863 0.131255 0.939346
    outer loop
      vertex 34.7063 12.1541 5.73205
      vertex 34.346 13.0239 5.73205
      vertex 34.0856 11.9524 5.96961
    endloop
  endfacet
  facet normal -0.316975 -0.131159 0.939321
    outer loop
      vertex 33.1456 12.4123 5.96961
      vertex 32.8803 11.9073 5.80957
      vertex 32.9103 11.8083 5.80587
    endloop
  endfacet
  facet normal -0.31677 -0.131283 0.939373
    outer loop
      vertex 32.8803 11.9073 5.80957
      vertex 33.1456 12.4123 5.96961
      vertex 32.7249 12.1979 5.79778
    endloop
  endfacet
  facet normal -0.316813 -0.131234 0.939365
    outer loop
      vertex 32.9103 11.8083 5.80587
      vertex 33.425 11.7378 5.96961
      vertex 33.1456 12.4123 5.96961
    endloop
  endfacet
  facet normal -0.316819 -0.131305 0.939353
    outer loop
      vertex 33.425 11.7378 5.96961
      vertex 32.9103 11.8083 5.80587
      vertex 32.976 11.5919 5.79778
    endloop
  endfacet
  facet normal -0.909919 -0.376898 -0.17319
    outer loop
      vertex 31.7805 11.7167 3.31596
      vertex 31.7592 11.5457 3.8
      vertex 31.7044 11.678 3.8
    endloop
  endfacet
  facet normal -0.90991 -0.376917 -0.173196
    outer loop
      vertex 31.7592 11.5457 3.8
      vertex 31.7805 11.7167 3.31596
      vertex 31.9679 11.2643 3.31596
    endloop
  endfacet
  facet normal -0.909911 -0.376913 -0.173199
    outer loop
      vertex 31.9679 11.2643 3.31596
      vertex 31.8867 11.2379 3.8
      vertex 31.7592 11.5457 3.8
    endloop
  endfacet
  facet normal -0.800718 -0.331721 -0.498811
    outer loop
      vertex 32.0899 11.8744 2.71442
      vertex 32.2982 11.3716 2.71442
      vertex 31.7805 11.7167 3.31596
    endloop
  endfacet
  facet normal -0.800719 -0.331686 -0.498832
    outer loop
      vertex 32.2982 11.3716 2.71442
      vertex 31.9679 11.2643 3.31596
      vertex 31.7805 11.7167 3.31596
    endloop
  endfacet
  facet normal -0.594918 -0.246421 -0.765081
    outer loop
      vertex 32.564 12.116 2.26795
      vertex 32.8042 11.5361 2.26795
      vertex 32.0899 11.8744 2.71442
    endloop
  endfacet
  facet normal -0.594926 -0.246466 -0.76506
    outer loop
      vertex 32.8042 11.5361 2.26795
      vertex 32.2982 11.3716 2.71442
      vertex 32.0899 11.8744 2.71442
    endloop
  endfacet
  facet normal -0.31684 -0.131246 -0.939354
    outer loop
      vertex 33.1456 12.4123 2.03038
      vertex 33.425 11.7378 2.03038
      vertex 32.564 12.116 2.26795
    endloop
  endfacet
  facet normal -0.316837 -0.131237 -0.939357
    outer loop
      vertex 33.425 11.7378 2.03038
      vertex 32.8042 11.5361 2.26795
      vertex 32.564 12.116 2.26795
    endloop
  endfacet
  facet normal 0.31688 0.131262 -0.939339
    outer loop
      vertex 34.346 13.0239 2.26795
      vertex 34.7063 12.1541 2.26795
      vertex 33.7645 12.7276 2.03038
    endloop
  endfacet
  facet normal 0.316876 0.131255 -0.939341
    outer loop
      vertex 34.7063 12.1541 2.26795
      vertex 34.0856 11.9524 2.03038
      vertex 33.7645 12.7276 2.03038
    endloop
  endfacet
  facet normal 0.594907 0.246444 -0.765082
    outer loop
      vertex 34.8201 13.2655 2.71442
      vertex 35.2124 12.3185 2.71442
      vertex 34.346 13.0239 2.26795
    endloop
  endfacet
  facet normal 0.5949 0.246427 -0.765094
    outer loop
      vertex 35.2124 12.3185 2.71442
      vertex 34.7063 12.1541 2.26795
      vertex 34.346 13.0239 2.26795
    endloop
  endfacet
  facet normal 0.800695 0.331629 -0.498908
    outer loop
      vertex 35.1296 13.4232 3.31596
      vertex 35.5427 12.4258 3.31596
      vertex 34.8201 13.2655 2.71442
    endloop
  endfacet
  facet normal 0.800714 0.3317 -0.498832
    outer loop
      vertex 35.5427 12.4258 3.31596
      vertex 35.2124 12.3185 2.71442
      vertex 34.8201 13.2655 2.71442
    endloop
  endfacet
  facet normal 0.90993 0.376955 -0.17301
    outer loop
      vertex 35.237 13.4779 4
      vertex 35.6574 12.4631 4
      vertex 35.1296 13.4232 3.31596
    endloop
  endfacet
  facet normal 0.90994 0.376876 -0.17313
    outer loop
      vertex 35.6574 12.4631 4
      vertex 35.5427 12.4258 3.31596
      vertex 35.1296 13.4232 3.31596
    endloop
  endfacet
  facet normal 0.957685 0.229932 0.173123
    outer loop
      vertex 35.7947 11.3762 4.68404
      vertex 35.6574 12.4631 4
      vertex 35.5427 12.4258 4.68404
    endloop
  endfacet
  facet normal 0.957703 0.229899 0.173067
    outer loop
      vertex 35.7947 11.3762 4.68404
      vertex 35.9138 11.395 4
      vertex 35.6574 12.4631 4
    endloop
  endfacet
  facet normal 0.842743 0.202336 0.498843
    outer loop
      vertex 35.4517 11.3218 5.28557
      vertex 35.5427 12.4258 4.68404
      vertex 35.2124 12.3185 5.28557
    endloop
  endfacet
  facet normal 0.842744 0.202336 0.498842
    outer loop
      vertex 35.7947 11.3762 4.68404
      vertex 35.5427 12.4258 4.68404
      vertex 35.4517 11.3218 5.28557
    endloop
  endfacet
  facet normal 0.62613 0.150326 0.765091
    outer loop
      vertex 34.9261 11.2386 5.73205
      vertex 35.2124 12.3185 5.28557
      vertex 34.7063 12.1541 5.73205
    endloop
  endfacet
  facet normal 0.626126 0.150328 0.765094
    outer loop
      vertex 35.4517 11.3218 5.28557
      vertex 35.2124 12.3185 5.28557
      vertex 34.9261 11.2386 5.73205
    endloop
  endfacet
  facet normal 0.333495 0.0800731 0.939345
    outer loop
      vertex 34.2815 11.1365 5.96961
      vertex 34.7063 12.1541 5.73205
      vertex 34.0856 11.9524 5.96961
    endloop
  endfacet
  facet normal 0.333502 0.0800696 0.939343
    outer loop
      vertex 34.9261 11.2386 5.73205
      vertex 34.7063 12.1541 5.73205
      vertex 34.2815 11.1365 5.96961
    endloop
  endfacet
  facet normal -0.333483 -0.080024 0.939354
    outer loop
      vertex 33.1003 11.1819 5.80698
      vertex 33.425 11.7378 5.96961
      vertex 32.976 11.5919 5.79778
    endloop
  endfacet
  facet normal -0.33347 -0.0800327 0.939358
    outer loop
      vertex 33.1003 11.1819 5.80698
      vertex 33.5954 11.0278 5.96961
      vertex 33.425 11.7378 5.96961
    endloop
  endfacet
  facet normal -0.333491 -0.0800582 0.939348
    outer loop
      vertex 33.5954 11.0278 5.96961
      vertex 33.1193 11.1194 5.80839
      vertex 33.1355 10.955 5.80013
    endloop
  endfacet
  facet normal -0.333511 -0.0801961 0.939329
    outer loop
      vertex 33.5954 11.0278 5.96961
      vertex 33.1003 11.1819 5.80698
      vertex 33.1193 11.1194 5.80839
    endloop
  endfacet
  facet normal -0.957705 -0.229794 -0.173193
    outer loop
      vertex 31.9679 11.2643 3.31596
      vertex 31.9201 11.0987 3.8
      vertex 31.8867 11.2379 3.8
    endloop
  endfacet
  facet normal -0.95767 -0.229913 -0.17323
    outer loop
      vertex 31.9201 11.0987 3.8
      vertex 31.9679 11.2643 3.31596
      vertex 32.0822 10.7882 3.31596
    endloop
  endfacet
  facet normal -0.957656 -0.230027 -0.173153
    outer loop
      vertex 32.0822 10.7882 3.31596
      vertex 31.9979 10.7748 3.8
      vertex 31.9201 11.0987 3.8
    endloop
  endfacet
  facet normal -0.84276 -0.202288 -0.498835
    outer loop
      vertex 32.2982 11.3716 2.71442
      vertex 32.4252 10.8425 2.71442
      vertex 31.9679 11.2643 3.31596
    endloop
  endfacet
  facet normal -0.842764 -0.202327 -0.498811
    outer loop
      vertex 32.4252 10.8425 2.71442
      vertex 32.0822 10.7882 3.31596
      vertex 31.9679 11.2643 3.31596
    endloop
  endfacet
  facet normal -0.626158 -0.150385 -0.765056
    outer loop
      vertex 32.8042 11.5361 2.26795
      vertex 32.9508 10.9257 2.26795
      vertex 32.2982 11.3716 2.71442
    endloop
  endfacet
  facet normal -0.626125 -0.150289 -0.765102
    outer loop
      vertex 32.9508 10.9257 2.26795
      vertex 32.4252 10.8425 2.71442
      vertex 32.2982 11.3716 2.71442
    endloop
  endfacet
  facet normal -0.333473 -0.0800335 -0.939356
    outer loop
      vertex 33.425 11.7378 2.03038
      vertex 33.5954 11.0278 2.03038
      vertex 32.8042 11.5361 2.26795
    endloop
  endfacet
  facet normal -0.33351 -0.0800991 -0.939338
    outer loop
      vertex 33.5954 11.0278 2.03038
      vertex 32.9508 10.9257 2.26795
      vertex 32.8042 11.5361 2.26795
    endloop
  endfacet
  facet normal 0.333509 0.0800712 -0.939341
    outer loop
      vertex 34.7063 12.1541 2.26795
      vertex 34.9261 11.2386 2.26795
      vertex 34.0856 11.9524 2.03038
    endloop
  endfacet
  facet normal 0.333513 0.0800775 -0.939338
    outer loop
      vertex 34.9261 11.2386 2.26795
      vertex 34.2815 11.1365 2.03038
      vertex 34.0856 11.9524 2.03038
    endloop
  endfacet
  facet normal 0.626121 0.150327 -0.765098
    outer loop
      vertex 35.2124 12.3185 2.71442
      vertex 35.4517 11.3218 2.71442
      vertex 34.7063 12.1541 2.26795
    endloop
  endfacet
  facet normal 0.626118 0.150323 -0.765101
    outer loop
      vertex 35.4517 11.3218 2.71442
      vertex 34.9261 11.2386 2.26795
      vertex 34.7063 12.1541 2.26795
    endloop
  endfacet
  facet normal 0.842747 0.202336 -0.498836
    outer loop
      vertex 35.5427 12.4258 3.31596
      vertex 35.7947 11.3762 3.31596
      vertex 35.2124 12.3185 2.71442
    endloop
  endfacet
  facet normal 0.842747 0.202337 -0.498835
    outer loop
      vertex 35.7947 11.3762 3.31596
      vertex 35.4517 11.3218 2.71442
      vertex 35.2124 12.3185 2.71442
    endloop
  endfacet
  facet normal 0.957693 0.229897 -0.173122
    outer loop
      vertex 35.6574 12.4631 4
      vertex 35.9138 11.395 4
      vertex 35.5427 12.4258 3.31596
    endloop
  endfacet
  facet normal 0.957694 0.229934 -0.173066
    outer loop
      vertex 35.9138 11.395 4
      vertex 35.7947 11.3762 3.31596
      vertex 35.5427 12.4258 3.31596
    endloop
  endfacet
  facet normal 0.981872 0.0772761 0.17308
    outer loop
      vertex 35.8794 10.3 4.68404
      vertex 35.9138 11.395 4
      vertex 35.7947 11.3762 4.68404
    endloop
  endfacet
  facet normal 0.981865 0.0772939 0.173108
    outer loop
      vertex 36 10.3 4
      vertex 35.9138 11.395 4
      vertex 35.8794 10.3 4.68404
    endloop
  endfacet
  facet normal 0.86403 0.0679859 0.498829
    outer loop
      vertex 35.5321 10.3 5.28557
      vertex 35.7947 11.3762 4.68404
      vertex 35.4517 11.3218 5.28557
    endloop
  endfacet
  facet normal 0.864017 0.0680006 0.49885
    outer loop
      vertex 35.8794 10.3 4.68404
      vertex 35.7947 11.3762 4.68404
      vertex 35.5321 10.3 5.28557
    endloop
  endfacet
  facet normal 0.641926 0.0505416 0.765099
    outer loop
      vertex 35 10.3 5.73205
      vertex 35.4517 11.3218 5.28557
      vertex 34.9261 11.2386 5.73205
    endloop
  endfacet
  facet normal 0.641963 0.0505126 0.76507
    outer loop
      vertex 35.5321 10.3 5.28557
      vertex 35.4517 11.3218 5.28557
      vertex 35 10.3 5.73205
    endloop
  endfacet
  facet normal 0.341924 0.0268961 0.939343
    outer loop
      vertex 34.3473 10.3 5.96961
      vertex 34.9261 11.2386 5.73205
      vertex 34.2815 11.1365 5.96961
    endloop
  endfacet
  facet normal 0.341892 0.0269186 0.939354
    outer loop
      vertex 35 10.3 5.73205
      vertex 34.9261 11.2386 5.73205
      vertex 34.3473 10.3 5.96961
    endloop
  endfacet
  facet normal -0.341905 -0.0269056 0.939349
    outer loop
      vertex 33.1785 10.5182 5.80327
      vertex 33.5954 11.0278 5.96961
      vertex 33.1355 10.955 5.80013
    endloop
  endfacet
  facet normal -0.341897 -0.0269295 0.939351
    outer loop
      vertex 33.6527 10.3 5.96961
      vertex 33.1785 10.5182 5.80327
      vertex 33.2 10.3 5.80484
    endloop
  endfacet
  facet normal -0.341892 -0.0269173 0.939353
    outer loop
      vertex 33.1785 10.5182 5.80327
      vertex 33.6527 10.3 5.96961
      vertex 33.5954 11.0278 5.96961
    endloop
  endfacet
  facet normal -0.981878 -0.077064 -0.173137
    outer loop
      vertex 32.0822 10.7882 3.31596
      vertex 32.0091 10.6321 3.8
      vertex 31.9979 10.7748 3.8
    endloop
  endfacet
  facet normal -0.981856 -0.0772292 -0.173186
    outer loop
      vertex 32.0091 10.6321 3.8
      vertex 32.0822 10.7882 3.31596
      vertex 32.1206 10.3 3.31596
    endloop
  endfacet
  facet normal -0.981866 -0.0774613 -0.173029
    outer loop
      vertex 32.1206 10.3 3.31596
      vertex 32.0353 10.3 3.8
      vertex 32.0091 10.6321 3.8
    endloop
  endfacet
  facet normal -0.864036 -0.068008 -0.498815
    outer loop
      vertex 32.4252 10.8425 2.71442
      vertex 32.4679 10.3 2.71442
      vertex 32.0822 10.7882 3.31596
    endloop
  endfacet
  facet normal -0.864023 -0.0679608 -0.498845
    outer loop
      vertex 32.4679 10.3 2.71442
      vertex 32.1206 10.3 3.31596
      vertex 32.0822 10.7882 3.31596
    endloop
  endfacet
  facet normal -0.641926 -0.0504759 -0.765104
    outer loop
      vertex 32.9508 10.9257 2.26795
      vertex 33 10.3 2.26795
      vertex 32.4252 10.8425 2.71442
    endloop
  endfacet
  facet normal -0.641954 -0.050528 -0.765076
    outer loop
      vertex 33 10.3 2.26795
      vertex 32.4679 10.3 2.71442
      vertex 32.4252 10.8425 2.71442
    endloop
  endfacet
  facet normal -0.341933 -0.0269205 -0.939339
    outer loop
      vertex 33.5954 11.0278 2.03038
      vertex 33.6527 10.3 2.03038
      vertex 32.9508 10.9257 2.26795
    endloop
  endfacet
  facet normal -0.341905 -0.0268846 -0.93935
    outer loop
      vertex 33.6527 10.3 2.03038
      vertex 33 10.3 2.26795
      vertex 32.9508 10.9257 2.26795
    endloop
  endfacet
  facet normal 0.341933 0.0269218 -0.939339
    outer loop
      vertex 34.9261 11.2386 2.26795
      vertex 35 10.3 2.26795
      vertex 34.2815 11.1365 2.03038
    endloop
  endfacet
  facet normal 0.341905 0.0268946 -0.93935
    outer loop
      vertex 35 10.3 2.26795
      vertex 34.3473 10.3 2.03038
      vertex 34.2815 11.1365 2.03038
    endloop
  endfacet
  facet normal 0.641922 0.0505094 -0.765105
    outer loop
      vertex 35.4517 11.3218 2.71442
      vertex 35.5321 10.3 2.71442
      vertex 34.9261 11.2386 2.26795
    endloop
  endfacet
  facet normal 0.641953 0.0505437 -0.765076
    outer loop
      vertex 35.5321 10.3 2.71442
      vertex 35 10.3 2.26795
      vertex 34.9261 11.2386 2.26795
    endloop
  endfacet
  facet normal 0.864032 0.0680018 -0.498823
    outer loop
      vertex 35.7947 11.3762 3.31596
      vertex 35.8794 10.3 3.31596
      vertex 35.4517 11.3218 2.71442
    endloop
  endfacet
  facet normal 0.864021 0.0679852 -0.498844
    outer loop
      vertex 35.8794 10.3 3.31596
      vertex 35.5321 10.3 2.71442
      vertex 35.4517 11.3218 2.71442
    endloop
  endfacet
  facet normal 0.98187 0.0772942 -0.17308
    outer loop
      vertex 35.9138 11.395 4
      vertex 36 10.3 4
      vertex 35.7947 11.3762 3.31596
    endloop
  endfacet
  facet normal 0.981867 0.0772757 -0.173108
    outer loop
      vertex 36 10.3 4
      vertex 35.8794 10.3 3.31596
      vertex 35.7947 11.3762 3.31596
    endloop
  endfacet
  facet normal 0.981866 -0.0772778 0.173108
    outer loop
      vertex 36 10.3 4
      vertex 35.8794 10.3 4.68404
      vertex 35.7947 9.22383 4.68404
    endloop
  endfacet
  facet normal 0.981869 -0.0772913 0.173088
    outer loop
      vertex 35.9138 9.20496 4
      vertex 36 10.3 4
      vertex 35.7947 9.22383 4.68404
    endloop
  endfacet
  facet normal 0.864018 -0.0679823 0.49885
    outer loop
      vertex 35.8794 10.3 4.68404
      vertex 35.5321 10.3 5.28557
      vertex 35.4517 9.27816 5.28557
    endloop
  endfacet
  facet normal 0.864031 -0.0680036 0.498824
    outer loop
      vertex 35.7947 9.22383 4.68404
      vertex 35.8794 10.3 4.68404
      vertex 35.4517 9.27816 5.28557
    endloop
  endfacet
  facet normal 0.641962 -0.0505439 0.765069
    outer loop
      vertex 35.5321 10.3 5.28557
      vertex 35 10.3 5.73205
      vertex 34.9261 9.36139 5.73205
    endloop
  endfacet
  facet normal 0.641929 -0.050508 0.765099
    outer loop
      vertex 35.4517 9.27816 5.28557
      vertex 35.5321 10.3 5.28557
      vertex 34.9261 9.36139 5.73205
    endloop
  endfacet
  facet normal 0.341892 -0.0268936 0.939354
    outer loop
      vertex 35 10.3 5.73205
      vertex 34.3473 10.3 5.96961
      vertex 34.2815 9.4635 5.96961
    endloop
  endfacet
  facet normal 0.34192 -0.0269205 0.939343
    outer loop
      vertex 34.9261 9.36139 5.73205
      vertex 35 10.3 5.73205
      vertex 34.2815 9.4635 5.96961
    endloop
  endfacet
  facet normal -0.341897 0.0269436 0.939351
    outer loop
      vertex 33.6527 10.3 5.96961
      vertex 33.2 10.3 5.80484
      vertex 33.1564 9.85761 5.80166
    endloop
  endfacet
  facet normal -0.341874 0.0269144 0.93936
    outer loop
      vertex 33.1564 9.85761 5.80166
      vertex 33.5954 9.57216 5.96961
      vertex 33.6527 10.3 5.96961
    endloop
  endfacet
  facet normal -0.341911 0.0268508 0.939349
    outer loop
      vertex 33.5954 9.57216 5.96961
      vertex 33.1564 9.85761 5.80166
      vertex 33.1355 9.645 5.80013
    endloop
  endfacet
  facet normal -0.981844 0.0777494 -0.173026
    outer loop
      vertex 32.1206 10.3 3.31596
      vertex 32.024 10.1573 3.8
      vertex 32.0353 10.3 3.8
    endloop
  endfacet
  facet normal -0.981857 0.077234 -0.17318
    outer loop
      vertex 32.024 10.1573 3.8
      vertex 32.1206 10.3 3.31596
      vertex 32.0822 9.81183 3.31596
    endloop
  endfacet
  facet normal -0.981872 0.0771614 -0.17313
    outer loop
      vertex 32.024 10.1573 3.8
      vertex 32.0822 9.81183 3.31596
      vertex 31.9979 9.82518 3.8
    endloop
  endfacet
  facet normal -0.86402 0.0680067 -0.498843
    outer loop
      vertex 32.4679 10.3 2.71442
      vertex 32.4252 9.7575 2.71442
      vertex 32.1206 10.3 3.31596
    endloop
  endfacet
  facet normal -0.864039 0.0679663 -0.498816
    outer loop
      vertex 32.1206 10.3 3.31596
      vertex 32.4252 9.7575 2.71442
      vertex 32.0822 9.81183 3.31596
    endloop
  endfacet
  facet normal -0.641956 0.050475 -0.765079
    outer loop
      vertex 33 10.3 2.26795
      vertex 32.9508 9.67426 2.26795
      vertex 32.4679 10.3 2.71442
    endloop
  endfacet
  facet normal -0.641917 0.0505251 -0.765107
    outer loop
      vertex 32.4679 10.3 2.71442
      vertex 32.9508 9.67426 2.26795
      vertex 32.4252 9.7575 2.71442
    endloop
  endfacet
  facet normal -0.341905 0.0269168 -0.939349
    outer loop
      vertex 33.6527 10.3 2.03038
      vertex 33.5954 9.57216 2.03038
      vertex 33 10.3 2.26795
    endloop
  endfacet
  facet normal -0.341938 0.0268856 -0.939338
    outer loop
      vertex 33 10.3 2.26795
      vertex 33.5954 9.57216 2.03038
      vertex 32.9508 9.67426 2.26795
    endloop
  endfacet
  facet normal 0.341905 -0.0269193 -0.939349
    outer loop
      vertex 35 10.3 2.26795
      vertex 34.9261 9.36139 2.26795
      vertex 34.3473 10.3 2.03038
    endloop
  endfacet
  facet normal 0.341936 -0.0268971 -0.939338
    outer loop
      vertex 34.3473 10.3 2.03038
      vertex 34.9261 9.36139 2.26795
      vertex 34.2815 9.4635 2.03038
    endloop
  endfacet
  facet normal 0.641955 -0.05051 -0.765077
    outer loop
      vertex 35.5321 10.3 2.71442
      vertex 35.4517 9.27816 2.71442
      vertex 35 10.3 2.26795
    endloop
  endfacet
  facet normal 0.641916 -0.0505403 -0.765107
    outer loop
      vertex 35 10.3 2.26795
      vertex 35.4517 9.27816 2.71442
      vertex 34.9261 9.36139 2.26795
    endloop
  endfacet
  facet normal 0.86402 -0.0680027 -0.498843
    outer loop
      vertex 35.8794 10.3 3.31596
      vertex 35.7947 9.22383 3.31596
      vertex 35.5321 10.3 2.71442
    endloop
  endfacet
  facet normal 0.864037 -0.0679838 -0.498817
    outer loop
      vertex 35.5321 10.3 2.71442
      vertex 35.7947 9.22383 3.31596
      vertex 35.4517 9.27816 2.71442
    endloop
  endfacet
  facet normal 0.981865 -0.0772911 -0.173108
    outer loop
      vertex 36 10.3 4
      vertex 35.9138 9.20496 4
      vertex 35.8794 10.3 3.31596
    endloop
  endfacet
  facet normal 0.98187 -0.0772781 -0.173088
    outer loop
      vertex 35.8794 10.3 3.31596
      vertex 35.9138 9.20496 4
      vertex 35.7947 9.22383 3.31596
    endloop
  endfacet
  facet normal 0.957694 -0.229917 0.173089
    outer loop
      vertex 35.9138 9.20496 4
      vertex 35.7947 9.22383 4.68404
      vertex 35.5427 8.17415 4.68404
    endloop
  endfacet
  facet normal 0.957694 -0.229901 0.173113
    outer loop
      vertex 35.6574 8.13688 4
      vertex 35.9138 9.20496 4
      vertex 35.5427 8.17415 4.68404
    endloop
  endfacet
  facet normal 0.842753 -0.202341 0.498824
    outer loop
      vertex 35.7947 9.22383 4.68404
      vertex 35.4517 9.27816 5.28557
      vertex 35.2124 8.28147 5.28557
    endloop
  endfacet
  facet normal 0.842744 -0.20232 0.498847
    outer loop
      vertex 35.5427 8.17415 4.68404
      vertex 35.7947 9.22383 4.68404
      vertex 35.2124 8.28147 5.28557
    endloop
  endfacet
  facet normal 0.626121 -0.150325 0.765098
    outer loop
      vertex 35.4517 9.27816 5.28557
      vertex 34.9261 9.36139 5.73205
      vertex 34.7063 8.4459 5.73205
    endloop
  endfacet
  facet normal 0.626123 -0.150329 0.765095
    outer loop
      vertex 35.2124 8.28147 5.28557
      vertex 35.4517 9.27816 5.28557
      vertex 34.7063 8.4459 5.73205
    endloop
  endfacet
  facet normal 0.3335 -0.0800734 0.939343
    outer loop
      vertex 34.9261 9.36139 5.73205
      vertex 34.2815 9.4635 5.96961
      vertex 34.0856 8.64759 5.96961
    endloop
  endfacet
  facet normal 0.333497 -0.0800693 0.939345
    outer loop
      vertex 34.7063 8.4459 5.73205
      vertex 34.9261 9.36139 5.73205
      vertex 34.0856 8.64759 5.96961
    endloop
  endfacet
  facet normal -0.333483 0.0800673 0.93935
    outer loop
      vertex 33.1193 9.48062 5.80839
      vertex 33.5954 9.57216 5.96961
      vertex 33.1355 9.645 5.80013
    endloop
  endfacet
  facet normal -0.333474 0.0800013 0.939359
    outer loop
      vertex 33.5954 9.57216 5.96961
      vertex 33.1193 9.48062 5.80839
      vertex 33.0386 9.21445 5.80241
    endloop
  endfacet
  facet normal -0.3335 0.0800491 0.939345
    outer loop
      vertex 33.0386 9.21445 5.80241
      vertex 33.425 8.86224 5.96961
      vertex 33.5954 9.57216 5.96961
    endloop
  endfacet
  facet normal -0.333461 0.0800963 0.939355
    outer loop
      vertex 33.425 8.86224 5.96961
      vertex 33.0386 9.21445 5.80241
      vertex 32.976 9.00813 5.79778
    endloop
  endfacet
  facet normal -0.957723 0.229765 -0.173133
    outer loop
      vertex 32.0822 9.81183 3.31596
      vertex 31.9645 9.68596 3.8
      vertex 31.9979 9.82518 3.8
    endloop
  endfacet
  facet normal -0.957699 0.229896 -0.173093
    outer loop
      vertex 31.9645 9.68596 3.8
      vertex 32.0822 9.81183 3.31596
      vertex 31.9679 9.33568 3.31596
    endloop
  endfacet
  facet normal -0.957653 0.230019 -0.173182
    outer loop
      vertex 31.9645 9.68596 3.8
      vertex 31.9679 9.33568 3.31596
      vertex 31.8867 9.36205 3.8
    endloop
  endfacet
  facet normal -0.842771 0.202275 -0.49882
    outer loop
      vertex 32.4252 9.7575 2.71442
      vertex 32.2982 9.22836 2.71442
      vertex 32.0822 9.81183 3.31596
    endloop
  endfacet
  facet normal -0.842753 0.202303 -0.49884
    outer loop
      vertex 32.0822 9.81183 3.31596
      vertex 32.2982 9.22836 2.71442
      vertex 31.9679 9.33568 3.31596
    endloop
  endfacet
  facet normal -0.626099 0.150388 -0.765104
    outer loop
      vertex 32.9508 9.67426 2.26795
      vertex 32.8042 9.06393 2.26795
      vertex 32.4252 9.7575 2.71442
    endloop
  endfacet
  facet normal -0.626196 0.150295 -0.765042
    outer loop
      vertex 32.4252 9.7575 2.71442
      vertex 32.8042 9.06393 2.26795
      vertex 32.2982 9.22836 2.71442
    endloop
  endfacet
  facet normal -0.333517 0.0800532 -0.939339
    outer loop
      vertex 33.5954 9.57216 2.03038
      vertex 33.425 8.86224 2.03038
      vertex 32.9508 9.67426 2.26795
    endloop
  endfacet
  facet normal -0.333455 0.0800952 -0.939358
    outer loop
      vertex 32.9508 9.67426 2.26795
      vertex 33.425 8.86224 2.03038
      vertex 32.8042 9.06393 2.26795
    endloop
  endfacet
  facet normal 0.333513 -0.0800731 -0.939339
    outer loop
      vertex 34.9261 9.36139 2.26795
      vertex 34.7063 8.4459 2.26795
      vertex 34.2815 9.4635 2.03038
    endloop
  endfacet
  facet normal 0.333508 -0.0800754 -0.93934
    outer loop
      vertex 34.2815 9.4635 2.03038
      vertex 34.7063 8.4459 2.26795
      vertex 34.0856 8.64759 2.03038
    endloop
  endfacet
  facet normal 0.626112 -0.150326 -0.765105
    outer loop
      vertex 35.4517 9.27816 2.71442
      vertex 35.2124 8.28147 2.71442
      vertex 34.9261 9.36139 2.26795
    endloop
  endfacet
  facet normal 0.626116 -0.150324 -0.765102
    outer loop
      vertex 34.9261 9.36139 2.26795
      vertex 35.2124 8.28147 2.71442
      vertex 34.7063 8.4459 2.26795
    endloop
  endfacet
  facet normal 0.842761 -0.202324 -0.498818
    outer loop
      vertex 35.7947 9.22383 3.31596
      vertex 35.5427 8.17415 3.31596
      vertex 35.4517 9.27816 2.71442
    endloop
  endfacet
  facet normal 0.842743 -0.202338 -0.498841
    outer loop
      vertex 35.4517 9.27816 2.71442
      vertex 35.5427 8.17415 3.31596
      vertex 35.2124 8.28147 2.71442
    endloop
  endfacet
  facet normal 0.957698 -0.229902 -0.173089
    outer loop
      vertex 35.7947 9.22383 3.31596
      vertex 35.9138 9.20496 4
      vertex 35.6574 8.13688 4
    endloop
  endfacet
  facet normal 0.95769 -0.229916 -0.173113
    outer loop
      vertex 35.7947 9.22383 3.31596
      vertex 35.6574 8.13688 4
      vertex 35.5427 8.17415 3.31596
    endloop
  endfacet
  facet normal 0.909939 -0.376886 0.173113
    outer loop
      vertex 35.5427 8.17415 4.68404
      vertex 35.6231 8.1 4.1
      vertex 35.6574 8.13688 4
    endloop
  endfacet
  facet normal 0.909799 -0.377214 0.173136
    outer loop
      vertex 35.5427 8.17415 4.68404
      vertex 35.5802 7.99653 4.1
      vertex 35.6231 8.1 4.1
    endloop
  endfacet
  facet normal 0.909943 -0.376904 0.173051
    outer loop
      vertex 35.5802 7.99653 4.1
      vertex 35.5427 8.17415 4.68404
      vertex 35.1296 7.17682 4.68404
    endloop
  endfacet
  facet normal 0.9097 -0.377625 0.172759
    outer loop
      vertex 35.6574 8.13688 4
      vertex 35.6231 8.1 4.1
      vertex 35.6371 8.1 4.02628
    endloop
  endfacet
  facet normal 0.909728 -0.377409 0.173084
    outer loop
      vertex 35.6421 8.1 4
      vertex 35.6574 8.13688 4
      vertex 35.6371 8.1 4.02628
    endloop
  endfacet
  facet normal 0.909942 -0.376911 0.17304
    outer loop
      vertex 35.2213 7.13007 4.1
      vertex 35.5802 7.99653 4.1
      vertex 35.1296 7.17682 4.68404
    endloop
  endfacet
  facet normal 0.800703 -0.331703 0.498846
    outer loop
      vertex 35.5427 8.17415 4.68404
      vertex 35.2124 8.28147 5.28557
      vertex 34.8201 7.33449 5.28557
    endloop
  endfacet
  facet normal 0.80069 -0.33165 0.498903
    outer loop
      vertex 35.1296 7.17682 4.68404
      vertex 35.5427 8.17415 4.68404
      vertex 34.8201 7.33449 5.28557
    endloop
  endfacet
  facet normal 0.594903 -0.246417 0.765094
    outer loop
      vertex 35.2124 8.28147 5.28557
      vertex 34.7063 8.4459 5.73205
      vertex 34.346 7.57606 5.73205
    endloop
  endfacet
  facet normal 0.594921 -0.246454 0.765069
    outer loop
      vertex 34.8201 7.33449 5.28557
      vertex 35.2124 8.28147 5.28557
      vertex 34.346 7.57606 5.73205
    endloop
  endfacet
  facet normal 0.316867 -0.131249 0.939345
    outer loop
      vertex 34.7063 8.4459 5.73205
      vertex 34.0856 8.64759 5.96961
      vertex 33.7645 7.87238 5.96961
    endloop
  endfacet
  facet normal 0.316867 -0.131251 0.939345
    outer loop
      vertex 34.346 7.57606 5.73205
      vertex 34.7063 8.4459 5.73205
      vertex 33.7645 7.87238 5.96961
    endloop
  endfacet
  facet normal -0.31684 0.131251 0.939354
    outer loop
      vertex 32.8803 8.69273 5.80957
      vertex 33.425 8.86224 5.96961
      vertex 32.976 9.00813 5.79778
    endloop
  endfacet
  facet normal -0.316803 0.131102 0.939387
    outer loop
      vertex 33.425 8.86224 5.96961
      vertex 32.8803 8.69273 5.80957
      vertex 32.8316 8.60156 5.80587
    endloop
  endfacet
  facet normal -0.316857 0.131249 0.939349
    outer loop
      vertex 32.8316 8.60156 5.80587
      vertex 33.1456 8.18772 5.96961
      vertex 33.425 8.86224 5.96961
    endloop
  endfacet
  facet normal -0.316766 0.131325 0.939368
    outer loop
      vertex 33.1456 8.18772 5.96961
      vertex 32.8316 8.60156 5.80587
      vertex 32.7249 8.40206 5.79778
    endloop
  endfacet
  facet normal -0.909891 0.376972 -0.173176
    outer loop
      vertex 31.9679 9.33568 3.31596
      vertex 31.8319 9.22978 3.8
      vertex 31.8867 9.36205 3.8
    endloop
  endfacet
  facet normal -0.909913 0.37691 -0.173195
    outer loop
      vertex 31.8319 9.22978 3.8
      vertex 31.9679 9.33568 3.31596
      vertex 31.7805 8.88327 3.31596
    endloop
  endfacet
  facet normal -0.909889 0.376952 -0.173228
    outer loop
      vertex 31.8319 9.22978 3.8
      vertex 31.7805 8.88327 3.31596
      vertex 31.7044 8.92202 3.8
    endloop
  endfacet
  facet normal -0.800694 0.331738 -0.498838
    outer loop
      vertex 32.2982 9.22836 2.71442
      vertex 32.0899 8.7256 2.71442
      vertex 31.9679 9.33568 3.31596
    endloop
  endfacet
  facet normal -0.80074 0.331688 -0.498797
    outer loop
      vertex 31.9679 9.33568 3.31596
      vertex 32.0899 8.7256 2.71442
      vertex 31.7805 8.88327 3.31596
    endloop
  endfacet
  facet normal -0.594956 0.246441 -0.765046
    outer loop
      vertex 32.8042 9.06393 2.26795
      vertex 32.564 8.48404 2.26795
      vertex 32.2982 9.22836 2.71442
    endloop
  endfacet
  facet normal -0.594904 0.246476 -0.765074
    outer loop
      vertex 32.2982 9.22836 2.71442
      vertex 32.564 8.48404 2.26795
      vertex 32.0899 8.7256 2.71442
    endloop
  endfacet
  facet normal -0.316838 0.131241 -0.939356
    outer loop
      vertex 33.425 8.86224 2.03038
      vertex 33.1456 8.18772 2.03038
      vertex 32.8042 9.06393 2.26795
    endloop
  endfacet
  facet normal -0.316839 0.13124 -0.939356
    outer loop
      vertex 32.8042 9.06393 2.26795
      vertex 33.1456 8.18772 2.03038
      vertex 32.564 8.48404 2.26795
    endloop
  endfacet
  facet normal 0.316819 -0.131229 -0.939364
    outer loop
      vertex 34.4 7.8 2.25486
      vertex 34.2916 7.8 2.2183
      vertex 34.4 8.1 2.21295
    endloop
  endfacet
  facet normal 0.316778 -0.131144 -0.93939
    outer loop
      vertex 34.4 8.1 2.21295
      vertex 34.7063 8.4459 2.26795
      vertex 34.5631 8.1 2.26795
    endloop
  endfacet
  facet normal 0.316882 -0.131244 -0.939341
    outer loop
      vertex 34.4 8.1 2.21295
      vertex 34.0856 8.64759 2.03038
      vertex 34.7063 8.4459 2.26795
    endloop
  endfacet
  facet normal 0.316874 -0.131249 -0.939343
    outer loop
      vertex 34.0856 8.64759 2.03038
      vertex 34.4 8.1 2.21295
      vertex 34.2916 7.8 2.2183
    endloop
  endfacet
  facet normal 0.317132 -0.131169 -0.939267
    outer loop
      vertex 34.2374 7.8 2.2
      vertex 34.0856 8.64759 2.03038
      vertex 34.2916 7.8 2.2183
    endloop
  endfacet
  facet normal 0.316824 -0.131337 -0.939347
    outer loop
      vertex 33.7645 7.87238 2.03038
      vertex 34.2374 7.8 2.2
      vertex 34.1797 7.66081 2.2
    endloop
  endfacet
  facet normal 0.316841 -0.131239 -0.939355
    outer loop
      vertex 34.2374 7.8 2.2
      vertex 33.7645 7.87238 2.03038
      vertex 34.0856 8.64759 2.03038
    endloop
  endfacet
  facet normal 0.594972 -0.246553 -0.764997
    outer loop
      vertex 34.7418 8.1 2.4069
      vertex 35.2124 8.28147 2.71442
      vertex 35.1372 8.1 2.71442
    endloop
  endfacet
  facet normal 0.594941 -0.246288 -0.765106
    outer loop
      vertex 35.2124 8.28147 2.71442
      vertex 34.7418 8.1 2.4069
      vertex 34.7063 8.4459 2.26795
    endloop
  endfacet
  facet normal 0.594924 -0.246294 -0.765117
    outer loop
      vertex 34.7063 8.4459 2.26795
      vertex 34.7418 8.1 2.4069
      vertex 34.5631 8.1 2.26795
    endloop
  endfacet
  facet normal 0.80075 -0.331531 -0.498886
    outer loop
      vertex 35.1988 8.1 2.81325
      vertex 35.5427 8.17415 3.31596
      vertex 35.512 8.1 3.31596
    endloop
  endfacet
  facet normal 0.800716 -0.331681 -0.49884
    outer loop
      vertex 35.5427 8.17415 3.31596
      vertex 35.1988 8.1 2.81325
      vertex 35.2124 8.28147 2.71442
    endloop
  endfacet
  facet normal 0.800585 -0.331757 -0.498999
    outer loop
      vertex 35.2124 8.28147 2.71442
      vertex 35.1988 8.1 2.81325
      vertex 35.1372 8.1 2.71442
    endloop
  endfacet
  facet normal 0.909722 -0.377406 -0.173122
    outer loop
      vertex 35.5211 8.1 3.36417
      vertex 35.6574 8.13688 4
      vertex 35.6421 8.1 4
    endloop
  endfacet
  facet normal 0.909671 -0.377535 -0.173104
    outer loop
      vertex 35.6574 8.13688 4
      vertex 35.5211 8.1 3.36417
      vertex 35.5427 8.17415 3.31596
    endloop
  endfacet
  facet normal 0.910202 -0.376847 -0.171808
    outer loop
      vertex 35.5427 8.17415 3.31596
      vertex 35.5211 8.1 3.36417
      vertex 35.512 8.1 3.31596
    endloop
  endfacet
  facet normal 0.839939 -0.51435 0.17305
    outer loop
      vertex 35.1296 7.17682 4.68404
      vertex 35.1389 6.99551 4.1
      vertex 35.2213 7.13007 4.1
    endloop
  endfacet
  facet normal 0.839736 -0.514651 0.17314
    outer loop
      vertex 35.1389 6.99551 4.1
      vertex 35.1296 7.17682 4.68404
      vertex 34.5655 6.2564 4.68404
    endloop
  endfacet
  facet normal 0.839756 -0.514582 0.173247
    outer loop
      vertex 34.6489 6.19587 4.1
      vertex 35.1389 6.99551 4.1
      vertex 34.5655 6.2564 4.68404
    endloop
  endfacet
  facet normal 0.738973 -0.452789 0.4989
    outer loop
      vertex 35.1296 7.17682 4.68404
      vertex 34.8201 7.33449 5.28557
      vertex 34.2846 6.46053 5.28557
    endloop
  endfacet
  facet normal 0.738984 -0.452903 0.498781
    outer loop
      vertex 34.5655 6.2564 4.68404
      vertex 35.1296 7.17682 4.68404
      vertex 34.2846 6.46053 5.28557
    endloop
  endfacet
  facet normal 0.549068 -0.336443 0.765069
    outer loop
      vertex 34.8201 7.33449 5.28557
      vertex 34.346 7.57606 5.73205
      vertex 33.8541 6.77329 5.73205
    endloop
  endfacet
  facet normal 0.549063 -0.336427 0.765079
    outer loop
      vertex 34.2846 6.46053 5.28557
      vertex 34.8201 7.33449 5.28557
      vertex 33.8541 6.77329 5.73205
    endloop
  endfacet
  facet normal 0.292436 -0.179196 0.939345
    outer loop
      vertex 34.346 7.57606 5.73205
      vertex 33.7645 7.87238 5.96961
      vertex 33.3261 7.15694 5.96961
    endloop
  endfacet
  facet normal 0.292434 -0.17919 0.939347
    outer loop
      vertex 33.8541 6.77329 5.73205
      vertex 34.346 7.57606 5.73205
      vertex 33.3261 7.15694 5.96961
    endloop
  endfacet
  facet normal -0.292416 0.179117 0.939367
    outer loop
      vertex 33.1456 8.18772 5.96961
      vertex 32.7249 8.40206 5.79778
      vertex 32.523 8.0242 5.80698
    endloop
  endfacet
  facet normal -0.292436 0.179217 0.939342
    outer loop
      vertex 32.523 8.0242 5.80698
      vertex 32.7641 7.56521 5.96961
      vertex 33.1456 8.18772 5.96961
    endloop
  endfacet
  facet normal -0.292276 0.179312 0.939373
    outer loop
      vertex 32.4922 7.96661 5.80839
      vertex 32.7641 7.56521 5.96961
      vertex 32.523 8.0242 5.80698
    endloop
  endfacet
  facet normal -0.2924 0.179219 0.939352
    outer loop
      vertex 32.7641 7.56521 5.96961
      vertex 32.4922 7.96661 5.80839
      vertex 32.3874 7.83892 5.80013
    endloop
  endfacet
  facet normal -0.839784 0.514546 -0.173222
    outer loop
      vertex 31.7805 8.88327 3.31596
      vertex 31.6296 8.79994 3.8
      vertex 31.7044 8.92202 3.8
    endloop
  endfacet
  facet normal -0.839718 0.514667 -0.17318
    outer loop
      vertex 31.6296 8.79994 3.8
      vertex 31.7805 8.88327 3.31596
      vertex 31.5246 8.46575 3.31596
    endloop
  endfacet
  facet normal -0.839849 0.514501 -0.173037
    outer loop
      vertex 31.6296 8.79994 3.8
      vertex 31.5246 8.46575 3.31596
      vertex 31.4556 8.51591 3.8
    endloop
  endfacet
  facet normal -0.739021 0.452819 -0.498802
    outer loop
      vertex 32.0899 8.7256 2.71442
      vertex 31.8056 8.26161 2.71442
      vertex 31.7805 8.88327 3.31596
    endloop
  endfacet
  facet normal -0.738928 0.452892 -0.498873
    outer loop
      vertex 31.7805 8.88327 3.31596
      vertex 31.8056 8.26161 2.71442
      vertex 31.5246 8.46575 3.31596
    endloop
  endfacet
  facet normal -0.549078 0.336415 -0.765074
    outer loop
      vertex 32.564 8.48404 2.26795
      vertex 32.2361 7.94886 2.26795
      vertex 32.0899 8.7256 2.71442
    endloop
  endfacet
  facet normal -0.549059 0.336424 -0.765083
    outer loop
      vertex 32.0899 8.7256 2.71442
      vertex 32.2361 7.94886 2.26795
      vertex 31.8056 8.26161 2.71442
    endloop
  endfacet
  facet normal -0.292405 0.179198 -0.939355
    outer loop
      vertex 33.1456 8.18772 2.03038
      vertex 32.7641 7.56521 2.03038
      vertex 32.564 8.48404 2.26795
    endloop
  endfacet
  facet normal -0.292454 0.179184 -0.939342
    outer loop
      vertex 32.564 8.48404 2.26795
      vertex 32.7641 7.56521 2.03038
      vertex 32.2361 7.94886 2.26795
    endloop
  endfacet
  facet normal 0.29241 -0.179195 -0.939354
    outer loop
      vertex 34 7.01137 2.26795
      vertex 33.8541 6.77329 2.26795
      vertex 34 7.36757 2.2
    endloop
  endfacet
  facet normal 0.292431 -0.179204 -0.939345
    outer loop
      vertex 34 7.36757 2.2
      vertex 33.7645 7.87238 2.03038
      vertex 34.1797 7.66081 2.2
    endloop
  endfacet
  facet normal 0.292439 -0.1792 -0.939344
    outer loop
      vertex 33.7645 7.87238 2.03038
      vertex 34 7.36757 2.2
      vertex 33.8541 6.77329 2.26795
    endloop
  endfacet
  facet normal 0.292442 -0.1792 -0.939343
    outer loop
      vertex 33.7645 7.87238 2.03038
      vertex 33.8541 6.77329 2.26795
      vertex 33.3261 7.15694 2.03038
    endloop
  endfacet
  facet normal 0.549046 -0.336466 -0.765075
    outer loop
      vertex 34 7.01137 2.26795
      vertex 34 6.66729 2.41927
      vertex 33.8541 6.77329 2.26795
    endloop
  endfacet
  facet normal 0.748877 -0.639666 0.173234
    outer loop
      vertex 34.5655 6.2564 4.68404
      vertex 34.5464 6.07587 4.1
      vertex 34.6489 6.19587 4.1
    endloop
  endfacet
  facet normal 0.748949 -0.639589 0.173208
    outer loop
      vertex 34.5464 6.07587 4.1
      vertex 34.5655 6.2564 4.68404
      vertex 33.8645 5.43554 4.68404
    endloop
  endfacet
  facet normal 0.748871 -0.639754 0.172935
    outer loop
      vertex 33.8645 5.43554 4.68404
      vertex 34.4 5.9045 4.1
      vertex 34.5464 6.07587 4.1
    endloop
  endfacet
  facet normal 0.748915 -0.639675 0.173039
    outer loop
      vertex 33.9497 5.35025 4
      vertex 34.4 5.9045 4.1
      vertex 33.8645 5.43554 4.68404
    endloop
  endfacet
  facet normal 0.748887 -0.639675 0.17316
    outer loop
      vertex 34.4 5.9045 4.1
      vertex 33.9497 5.35025 4
      vertex 34.4 5.87743 4
    endloop
  endfacet
  facet normal 0.659055 -0.562904 0.498785
    outer loop
      vertex 34.5655 6.2564 4.68404
      vertex 34.2846 6.46053 5.28557
      vertex 33.6189 5.68112 5.28557
    endloop
  endfacet
  facet normal 0.659059 -0.562825 0.498867
    outer loop
      vertex 33.8645 5.43554 4.68404
      vertex 34.5655 6.2564 4.68404
      vertex 33.6189 5.68112 5.28557
    endloop
  endfacet
  facet normal 0.489641 -0.418219 0.765079
    outer loop
      vertex 34.2846 6.46053 5.28557
      vertex 33.8541 6.77329 5.73205
      vertex 33.2426 6.05736 5.73205
    endloop
  endfacet
  facet normal 0.489639 -0.418204 0.765088
    outer loop
      vertex 33.6189 5.68112 5.28557
      vertex 34.2846 6.46053 5.28557
      vertex 33.2426 6.05736 5.73205
    endloop
  endfacet
  facet normal 0.260782 -0.222751 0.939348
    outer loop
      vertex 33.8541 6.77329 5.73205
      vertex 33.3261 7.15694 5.96961
      vertex 32.7811 6.51889 5.96961
    endloop
  endfacet
  facet normal 0.260781 -0.222742 0.939351
    outer loop
      vertex 33.2426 6.05736 5.73205
      vertex 33.8541 6.77329 5.73205
      vertex 32.7811 6.51889 5.96961
    endloop
  endfacet
  facet normal -0.260771 0.222749 0.939351
    outer loop
      vertex 32.7641 7.56521 5.96961
      vertex 32.3874 7.83892 5.80013
      vertex 32.1089 7.49964 5.80327
    endloop
  endfacet
  facet normal -0.260769 0.22269 0.939366
    outer loop
      vertex 32.1089 7.49964 5.80327
      vertex 32.29 7.01004 5.96961
      vertex 32.7641 7.56521 5.96961
    endloop
  endfacet
  facet normal -0.26075 0.222698 0.93937
    outer loop
      vertex 31.9698 7.33015 5.80484
      vertex 32.29 7.01004 5.96961
      vertex 32.1089 7.49964 5.80327
    endloop
  endfacet
  facet normal -0.74885 0.639749 -0.173045
    outer loop
      vertex 31.5246 8.46575 3.31596
      vertex 31.3626 8.40705 3.8
      vertex 31.4556 8.51591 3.8
    endloop
  endfacet
  facet normal -0.748953 0.639615 -0.173095
    outer loop
      vertex 31.3626 8.40705 3.8
      vertex 31.5246 8.46575 3.31596
      vertex 31.2066 8.09339 3.31596
    endloop
  endfacet
  facet normal -0.749003 0.639569 -0.173049
    outer loop
      vertex 31.3626 8.40705 3.8
      vertex 31.2066 8.09339 3.31596
      vertex 31.1463 8.15374 3.8
    endloop
  endfacet
  facet normal -0.659035 0.562853 -0.498869
    outer loop
      vertex 31.5246 8.46575 3.31596
      vertex 31.8056 8.26161 2.71442
      vertex 31.4522 7.84782 2.71442
    endloop
  endfacet
  facet normal -0.659055 0.562841 -0.498854
    outer loop
      vertex 31.5246 8.46575 3.31596
      vertex 31.4522 7.84782 2.71442
      vertex 31.2066 8.09339 3.31596
    endloop
  endfacet
  facet normal -0.489623 0.418235 -0.765081
    outer loop
      vertex 32.2361 7.94886 2.26795
      vertex 31.8284 7.47157 2.26795
      vertex 31.8056 8.26161 2.71442
    endloop
  endfacet
  facet normal -0.489683 0.418217 -0.765052
    outer loop
      vertex 31.8056 8.26161 2.71442
      vertex 31.8284 7.47157 2.26795
      vertex 31.4522 7.84782 2.71442
    endloop
  endfacet
  facet normal -0.260815 0.222729 -0.939344
    outer loop
      vertex 32.7641 7.56521 2.03038
      vertex 32.29 7.01004 2.03038
      vertex 32.2361 7.94886 2.26795
    endloop
  endfacet
  facet normal -0.260755 0.222736 -0.939359
    outer loop
      vertex 32.2361 7.94886 2.26795
      vertex 32.29 7.01004 2.03038
      vertex 31.8284 7.47157 2.26795
    endloop
  endfacet
  facet normal 0.260796 -0.222754 -0.939343
    outer loop
      vertex 33.3261 7.15694 2.03038
      vertex 33.8541 6.77329 2.26795
      vertex 33.2426 6.05736 2.26795
    endloop
  endfacet
  facet normal 0.260786 -0.222754 -0.939346
    outer loop
      vertex 33.3261 7.15694 2.03038
      vertex 33.2426 6.05736 2.26795
      vertex 32.7811 6.51889 2.03038
    endloop
  endfacet
  facet normal 0.489657 -0.418208 -0.765074
    outer loop
      vertex 34 6.12734 2.71442
      vertex 33.8541 6.77329 2.26795
      vertex 34 6.66729 2.41927
    endloop
  endfacet
  facet normal 0.489665 -0.418204 -0.765071
    outer loop
      vertex 33.8541 6.77329 2.26795
      vertex 34 6.12734 2.71442
      vertex 33.6189 5.68112 2.71442
    endloop
  endfacet
  facet normal 0.489626 -0.418206 -0.765095
    outer loop
      vertex 33.8541 6.77329 2.26795
      vertex 33.6189 5.68112 2.71442
      vertex 33.2426 6.05736 2.26795
    endloop
  endfacet
  facet normal 0.659159 -0.562798 -0.498767
    outer loop
      vertex 34 5.76623 3.12189
      vertex 34 5.59424 3.31596
      vertex 33.8645 5.43554 3.31596
    endloop
  endfacet
  facet normal 0.65905 -0.56287 -0.498829
    outer loop
      vertex 34 5.76623 3.12189
      vertex 33.6189 5.68112 2.71442
      vertex 34 6.12734 2.71442
    endloop
  endfacet
  facet normal 0.659071 -0.562817 -0.498861
    outer loop
      vertex 33.6189 5.68112 2.71442
      vertex 34 5.76623 3.12189
      vertex 33.8645 5.43554 3.31596
    endloop
  endfacet
  facet normal 0.748796 -0.639778 -0.173172
    outer loop
      vertex 34.4 5.87743 4
      vertex 34.3098 5.88013 3.6
      vertex 34.4 5.9857 3.6
    endloop
  endfacet
  facet normal 0.748883 -0.639671 -0.173191
    outer loop
      vertex 34.3098 5.88013 3.6
      vertex 34.4 5.87743 4
      vertex 33.9497 5.35025 4
    endloop
  endfacet
  facet normal 0.748958 -0.639625 -0.173038
    outer loop
      vertex 34 5.51736 3.6
      vertex 33.9497 5.35025 4
      vertex 33.8645 5.43554 3.31596
    endloop
  endfacet
  facet normal 0.748972 -0.639611 -0.17303
    outer loop
      vertex 33.9497 5.35025 4
      vertex 34 5.51736 3.6
      vertex 34.3098 5.88013 3.6
    endloop
  endfacet
  facet normal 0.749027 -0.639528 -0.173099
    outer loop
      vertex 34 5.59424 3.31596
      vertex 34 5.51736 3.6
      vertex 33.8645 5.43554 3.31596
    endloop
  endfacet
  facet normal 0.639631 -0.748949 0.173052
    outer loop
      vertex 33.9497 5.35025 4
      vertex 33.8645 5.43554 4.68404
      vertex 33.0436 4.73446 4.68404
    endloop
  endfacet
  facet normal 0.639662 -0.748904 0.173133
    outer loop
      vertex 33.1145 4.63688 4
      vertex 33.9497 5.35025 4
      vertex 33.0436 4.73446 4.68404
    endloop
  endfacet
  facet normal 0.562872 -0.659019 0.498867
    outer loop
      vertex 33.8645 5.43554 4.68404
      vertex 33.6189 5.68112 5.28557
      vertex 32.8395 5.01543 5.28557
    endloop
  endfacet
  facet normal 0.562863 -0.659061 0.498822
    outer loop
      vertex 33.0436 4.73446 4.68404
      vertex 33.8645 5.43554 4.68404
      vertex 32.8395 5.01543 5.28557
    endloop
  endfacet
  facet normal 0.418209 -0.489641 0.765084
    outer loop
      vertex 33.6189 5.68112 5.28557
      vertex 33.2426 6.05736 5.73205
      vertex 32.5267 5.4459 5.73205
    endloop
  endfacet
  facet normal 0.418209 -0.489645 0.765081
    outer loop
      vertex 32.8395 5.01543 5.28557
      vertex 33.6189 5.68112 5.28557
      vertex 32.5267 5.4459 5.73205
    endloop
  endfacet
  facet normal 0.222741 -0.260779 0.939351
    outer loop
      vertex 33.2426 6.05736 5.73205
      vertex 32.7811 6.51889 5.96961
      vertex 32.1431 5.97395 5.96961
    endloop
  endfacet
  facet normal 0.222741 -0.260786 0.939349
    outer loop
      vertex 32.5267 5.4459 5.73205
      vertex 33.2426 6.05736 5.73205
      vertex 32.1431 5.97395 5.96961
    endloop
  endfacet
  facet normal -0.222706 0.260751 0.939367
    outer loop
      vertex 32.29 7.01004 5.96961
      vertex 31.9698 7.33015 5.80484
      vertex 31.6262 7.04814 5.80166
    endloop
  endfacet
  facet normal -0.222704 0.260767 0.939363
    outer loop
      vertex 31.6262 7.04814 5.80166
      vertex 31.7348 6.53588 5.96961
      vertex 32.29 7.01004 5.96961
    endloop
  endfacet
  facet normal -0.222743 0.260756 0.939357
    outer loop
      vertex 31.7348 6.53588 5.96961
      vertex 31.6262 7.04814 5.80166
      vertex 31.4611 6.91262 5.80013
    endloop
  endfacet
  facet normal -0.639532 0.749032 -0.17306
    outer loop
      vertex 31.2066 8.09339 3.31596
      vertex 31.0374 8.06076 3.8
      vertex 31.1463 8.15374 3.8
    endloop
  endfacet
  facet normal -0.639694 0.748878 -0.173127
    outer loop
      vertex 31.0374 8.06076 3.8
      vertex 31.2066 8.09339 3.31596
      vertex 30.8343 7.77537 3.31596
    endloop
  endfacet
  facet normal -0.639638 0.748915 -0.173173
    outer loop
      vertex 31.0374 8.06076 3.8
      vertex 30.8343 7.77537 3.31596
      vertex 30.7841 7.84442 3.8
    endloop
  endfacet
  facet normal -0.56287 0.659033 -0.498852
    outer loop
      vertex 31.2066 8.09339 3.31596
      vertex 31.4522 7.84782 2.71442
      vertex 31.0384 7.4944 2.71442
    endloop
  endfacet
  facet normal -0.56293 0.659011 -0.498813
    outer loop
      vertex 31.2066 8.09339 3.31596
      vertex 31.0384 7.4944 2.71442
      vertex 30.8343 7.77537 3.31596
    endloop
  endfacet
  facet normal -0.418214 0.489681 -0.765056
    outer loop
      vertex 31.4522 7.84782 2.71442
      vertex 31.8284 7.47157 2.26795
      vertex 31.3511 7.06393 2.26795
    endloop
  endfacet
  facet normal -0.418227 0.489679 -0.76505
    outer loop
      vertex 31.4522 7.84782 2.71442
      vertex 31.3511 7.06393 2.26795
      vertex 31.0384 7.4944 2.71442
    endloop
  endfacet
  facet normal -0.222715 0.26078 -0.939357
    outer loop
      vertex 31.8284 7.47157 2.26795
      vertex 32.29 7.01004 2.03038
      vertex 31.7348 6.53588 2.03038
    endloop
  endfacet
  facet normal -0.22272 0.26078 -0.939356
    outer loop
      vertex 31.8284 7.47157 2.26795
      vertex 31.7348 6.53588 2.03038
      vertex 31.3511 7.06393 2.26795
    endloop
  endfacet
  facet normal 0.222746 -0.260792 -0.939346
    outer loop
      vertex 32.7811 6.51889 2.03038
      vertex 33.2426 6.05736 2.26795
      vertex 32.5267 5.4459 2.26795
    endloop
  endfacet
  facet normal 0.222753 -0.260793 -0.939344
    outer loop
      vertex 32.7811 6.51889 2.03038
      vertex 32.5267 5.4459 2.26795
      vertex 32.1431 5.97395 2.03038
    endloop
  endfacet
  facet normal 0.418201 -0.489637 -0.765091
    outer loop
      vertex 33.2426 6.05736 2.26795
      vertex 33.6189 5.68112 2.71442
      vertex 32.8395 5.01543 2.71442
    endloop
  endfacet
  facet normal 0.418206 -0.489637 -0.765088
    outer loop
      vertex 33.2426 6.05736 2.26795
      vertex 32.8395 5.01543 2.71442
      vertex 32.5267 5.4459 2.26795
    endloop
  endfacet
  facet normal 0.562849 -0.659045 -0.49886
    outer loop
      vertex 33.6189 5.68112 2.71442
      vertex 33.8645 5.43554 3.31596
      vertex 33.0436 4.73446 3.31596
    endloop
  endfacet
  facet normal 0.562892 -0.659042 -0.498815
    outer loop
      vertex 33.6189 5.68112 2.71442
      vertex 33.0436 4.73446 3.31596
      vertex 32.8395 5.01543 2.71442
    endloop
  endfacet
  facet normal 0.639671 -0.748915 -0.173053
    outer loop
      vertex 33.8645 5.43554 3.31596
      vertex 33.9497 5.35025 4
      vertex 33.1145 4.63688 4
    endloop
  endfacet
  facet normal 0.639622 -0.748938 -0.173134
    outer loop
      vertex 33.8645 5.43554 3.31596
      vertex 33.1145 4.63688 4
      vertex 33.0436 4.73446 3.31596
    endloop
  endfacet
  facet normal 0.51462 -0.839757 0.173133
    outer loop
      vertex 33.1145 4.63688 4
      vertex 33.0436 4.73446 4.68404
      vertex 32.1232 4.17042 4.68404
    endloop
  endfacet
  facet normal 0.5146 -0.839778 0.173089
    outer loop
      vertex 32.1779 4.06295 4
      vertex 33.1145 4.63688 4
      vertex 32.1232 4.17042 4.68404
    endloop
  endfacet
  facet normal 0.452833 -0.738996 0.498826
    outer loop
      vertex 33.0436 4.73446 4.68404
      vertex 32.8395 5.01543 5.28557
      vertex 31.9655 4.47987 5.28557
    endloop
  endfacet
  facet normal 0.452848 -0.738958 0.498869
    outer loop
      vertex 32.1232 4.17042 4.68404
      vertex 33.0436 4.73446 4.68404
      vertex 31.9655 4.47987 5.28557
    endloop
  endfacet
  facet normal 0.336449 -0.549053 0.765077
    outer loop
      vertex 32.8395 5.01543 5.28557
      vertex 32.5267 5.4459 5.73205
      vertex 31.7239 4.95396 5.73205
    endloop
  endfacet
  facet normal 0.336447 -0.54906 0.765073
    outer loop
      vertex 31.9655 4.47987 5.28557
      vertex 32.8395 5.01543 5.28557
      vertex 31.7239 4.95396 5.73205
    endloop
  endfacet
  facet normal 0.179187 -0.292426 0.93935
    outer loop
      vertex 32.5267 5.4459 5.73205
      vertex 32.1431 5.97395 5.96961
      vertex 31.4276 5.53552 5.96961
    endloop
  endfacet
  facet normal 0.179188 -0.292419 0.939352
    outer loop
      vertex 31.7239 4.95396 5.73205
      vertex 32.5267 5.4459 5.73205
      vertex 31.4276 5.53552 5.96961
    endloop
  endfacet
  facet normal -0.179184 0.292403 0.939358
    outer loop
      vertex 31.3334 6.80783 5.80839
      vertex 31.7348 6.53588 5.96961
      vertex 31.4611 6.91262 5.80013
    endloop
  endfacet
  facet normal -0.179192 0.292392 0.93936
    outer loop
      vertex 31.7348 6.53588 5.96961
      vertex 31.3334 6.80783 5.80839
      vertex 31.0881 6.67671 5.80241
    endloop
  endfacet
  facet normal -0.179188 0.292407 0.939356
    outer loop
      vertex 31.0881 6.67671 5.80241
      vertex 31.1123 6.15441 5.96961
      vertex 31.7348 6.53588 5.96961
    endloop
  endfacet
  facet normal -0.179128 0.292413 0.939366
    outer loop
      vertex 31.1123 6.15441 5.96961
      vertex 31.0881 6.67671 5.80241
      vertex 30.8979 6.57507 5.79778
    endloop
  endfacet
  facet normal -0.51454 0.839799 -0.173163
    outer loop
      vertex 30.8343 7.77537 3.31596
      vertex 30.662 7.76961 3.8
      vertex 30.7841 7.84442 3.8
    endloop
  endfacet
  facet normal -0.514539 0.8398 -0.173163
    outer loop
      vertex 30.662 7.76961 3.8
      vertex 30.8343 7.77537 3.31596
      vertex 30.4167 7.51951 3.31596
    endloop
  endfacet
  facet normal -0.514644 0.839752 -0.173085
    outer loop
      vertex 30.662 7.76961 3.8
      vertex 30.4167 7.51951 3.31596
      vertex 30.378 7.59556 3.8
    endloop
  endfacet
  facet normal -0.452841 0.738995 -0.49882
    outer loop
      vertex 30.8343 7.77537 3.31596
      vertex 31.0384 7.4944 2.71442
      vertex 30.5744 7.21007 2.71442
    endloop
  endfacet
  facet normal -0.452783 0.739006 -0.498856
    outer loop
      vertex 30.8343 7.77537 3.31596
      vertex 30.5744 7.21007 2.71442
      vertex 30.4167 7.51951 3.31596
    endloop
  endfacet
  facet normal -0.336508 0.549047 -0.765055
    outer loop
      vertex 31.0384 7.4944 2.71442
      vertex 31.3511 7.06393 2.26795
      vertex 30.816 6.73597 2.26795
    endloop
  endfacet
  facet normal -0.336444 0.549045 -0.765085
    outer loop
      vertex 31.0384 7.4944 2.71442
      vertex 30.816 6.73597 2.26795
      vertex 30.5744 7.21007 2.71442
    endloop
  endfacet
  facet normal -0.17919 0.29241 -0.939355
    outer loop
      vertex 31.3511 7.06393 2.26795
      vertex 31.7348 6.53588 2.03038
      vertex 31.1123 6.15441 2.03038
    endloop
  endfacet
  facet normal -0.17922 0.292416 -0.939347
    outer loop
      vertex 31.3511 7.06393 2.26795
      vertex 31.1123 6.15441 2.03038
      vertex 30.816 6.73597 2.26795
    endloop
  endfacet
  facet normal 0.179198 -0.292434 -0.939346
    outer loop
      vertex 32.1431 5.97395 2.03038
      vertex 32.5267 5.4459 2.26795
      vertex 31.7239 4.95396 2.26795
    endloop
  endfacet
  facet normal 0.179191 -0.292432 -0.939348
    outer loop
      vertex 32.1431 5.97395 2.03038
      vertex 31.7239 4.95396 2.26795
      vertex 31.4276 5.53552 2.03038
    endloop
  endfacet
  facet normal 0.33644 -0.549048 -0.765084
    outer loop
      vertex 32.5267 5.4459 2.26795
      vertex 32.8395 5.01543 2.71442
      vertex 31.9655 4.47987 2.71442
    endloop
  endfacet
  facet normal 0.336447 -0.549051 -0.76508
    outer loop
      vertex 32.5267 5.4459 2.26795
      vertex 31.9655 4.47987 2.71442
      vertex 31.7239 4.95396 2.26795
    endloop
  endfacet
  facet normal 0.452863 -0.738981 -0.498821
    outer loop
      vertex 32.8395 5.01543 2.71442
      vertex 33.0436 4.73446 3.31596
      vertex 32.1232 4.17042 3.31596
    endloop
  endfacet
  facet normal 0.452822 -0.738977 -0.498864
    outer loop
      vertex 32.8395 5.01543 2.71442
      vertex 32.1232 4.17042 3.31596
      vertex 31.9655 4.47987 2.71442
    endloop
  endfacet
  facet normal 0.514596 -0.839772 -0.173133
    outer loop
      vertex 33.0436 4.73446 3.31596
      vertex 33.1145 4.63688 4
      vertex 32.1779 4.06295 4
    endloop
  endfacet
  facet normal 0.514624 -0.839763 -0.173088
    outer loop
      vertex 33.0436 4.73446 3.31596
      vertex 32.1779 4.06295 4
      vertex 32.1232 4.17042 3.31596
    endloop
  endfacet
  facet normal 0.376878 -0.909945 0.1731
    outer loop
      vertex 32.1779 4.06295 4
      vertex 32.1232 4.17042 4.68404
      vertex 31.1258 3.75732 4.68404
    endloop
  endfacet
  facet normal 0.376907 -0.909922 0.173155
    outer loop
      vertex 31.1631 3.6426 4
      vertex 32.1779 4.06295 4
      vertex 31.1258 3.75732 4.68404
    endloop
  endfacet
  facet normal 0.331664 -0.800708 0.498865
    outer loop
      vertex 32.1232 4.17042 4.68404
      vertex 31.9655 4.47987 5.28557
      vertex 31.0185 4.08761 5.28557
    endloop
  endfacet
  facet normal 0.331647 -0.800737 0.49883
    outer loop
      vertex 31.1258 3.75732 4.68404
      vertex 32.1232 4.17042 4.68404
      vertex 31.0185 4.08761 5.28557
    endloop
  endfacet
  facet normal 0.246438 -0.594926 0.765069
    outer loop
      vertex 31.9655 4.47987 5.28557
      vertex 31.7239 4.95396 5.73205
      vertex 30.8541 4.59366 5.73205
    endloop
  endfacet
  facet normal 0.246433 -0.594941 0.765059
    outer loop
      vertex 31.0185 4.08761 5.28557
      vertex 31.9655 4.47987 5.28557
      vertex 30.8541 4.59366 5.73205
    endloop
  endfacet
  facet normal 0.131243 -0.316847 0.939353
    outer loop
      vertex 31.7239 4.95396 5.73205
      vertex 31.4276 5.53552 5.96961
      vertex 30.6524 5.21442 5.96961
    endloop
  endfacet
  facet normal 0.131245 -0.316839 0.939355
    outer loop
      vertex 30.8541 4.59366 5.73205
      vertex 31.7239 4.95396 5.73205
      vertex 30.6524 5.21442 5.96961
    endloop
  endfacet
  facet normal -0.13126 0.316808 0.939363
    outer loop
      vertex 30.6073 6.41971 5.80957
      vertex 31.1123 6.15441 5.96961
      vertex 30.8979 6.57507 5.79778
    endloop
  endfacet
  facet normal -0.131181 0.31694 0.93933
    outer loop
      vertex 31.1123 6.15441 5.96961
      vertex 30.6073 6.41971 5.80957
      vertex 30.5083 6.3897 5.80587
    endloop
  endfacet
  facet normal -0.131234 0.316824 0.939361
    outer loop
      vertex 30.5083 6.3897 5.80587
      vertex 30.4378 5.87502 5.96961
      vertex 31.1123 6.15441 5.96961
    endloop
  endfacet
  facet normal -0.131263 0.316827 0.939357
    outer loop
      vertex 30.4378 5.87502 5.96961
      vertex 30.5083 6.3897 5.80587
      vertex 30.2919 6.32403 5.79778
    endloop
  endfacet
  facet normal -0.376845 0.909959 -0.173098
    outer loop
      vertex 30.4167 7.51951 3.31596
      vertex 30.2457 7.54077 3.8
      vertex 30.378 7.59556 3.8
    endloop
  endfacet
  facet normal -0.376905 0.90993 -0.173118
    outer loop
      vertex 30.2457 7.54077 3.8
      vertex 30.4167 7.51951 3.31596
      vertex 29.9643 7.33212 3.31596
    endloop
  endfacet
  facet normal -0.376866 0.909941 -0.173145
    outer loop
      vertex 30.2457 7.54077 3.8
      vertex 29.9643 7.33212 3.31596
      vertex 29.9379 7.41329 3.8
    endloop
  endfacet
  facet normal -0.331645 0.800726 -0.498848
    outer loop
      vertex 30.4167 7.51951 3.31596
      vertex 30.5744 7.21007 2.71442
      vertex 30.0716 7.00182 2.71442
    endloop
  endfacet
  facet normal -0.331671 0.800725 -0.498833
    outer loop
      vertex 30.4167 7.51951 3.31596
      vertex 30.0716 7.00182 2.71442
      vertex 29.9643 7.33212 3.31596
    endloop
  endfacet
  facet normal -0.246421 0.594918 -0.765081
    outer loop
      vertex 30.5744 7.21007 2.71442
      vertex 30.816 6.73597 2.26795
      vertex 30.2361 6.49577 2.26795
    endloop
  endfacet
  facet normal -0.246402 0.594915 -0.76509
    outer loop
      vertex 30.5744 7.21007 2.71442
      vertex 30.2361 6.49577 2.26795
      vertex 30.0716 7.00182 2.71442
    endloop
  endfacet
  facet normal -0.131248 0.316858 -0.939348
    outer loop
      vertex 30.816 6.73597 2.26795
      vertex 31.1123 6.15441 2.03038
      vertex 30.4378 5.87502 2.03038
    endloop
  endfacet
  facet normal -0.131245 0.316857 -0.939349
    outer loop
      vertex 30.816 6.73597 2.26795
      vertex 30.4378 5.87502 2.03038
      vertex 30.2361 6.49577 2.26795
    endloop
  endfacet
  facet normal 0.131252 -0.316856 -0.939348
    outer loop
      vertex 31.4276 5.53552 2.03038
      vertex 31.7239 4.95396 2.26795
      vertex 30.8541 4.59366 2.26795
    endloop
  endfacet
  facet normal 0.131245 -0.316852 -0.93935
    outer loop
      vertex 31.4276 5.53552 2.03038
      vertex 30.8541 4.59366 2.26795
      vertex 30.6524 5.21442 2.03038
    endloop
  endfacet
  facet normal 0.246425 -0.594923 -0.765076
    outer loop
      vertex 31.7239 4.95396 2.26795
      vertex 31.9655 4.47987 2.71442
      vertex 31.0185 4.08761 2.71442
    endloop
  endfacet
  facet normal 0.24644 -0.59493 -0.765066
    outer loop
      vertex 31.7239 4.95396 2.26795
      vertex 31.0185 4.08761 2.71442
      vertex 30.8541 4.59366 2.26795
    endloop
  endfacet
  facet normal 0.33164 -0.800722 -0.498858
    outer loop
      vertex 31.9655 4.47987 2.71442
      vertex 32.1232 4.17042 3.31596
      vertex 31.1258 3.75732 3.31596
    endloop
  endfacet
  facet normal 0.331673 -0.80073 -0.498823
    outer loop
      vertex 31.9655 4.47987 2.71442
      vertex 31.1258 3.75732 3.31596
      vertex 31.0185 4.08761 2.71442
    endloop
  endfacet
  facet normal 0.376911 -0.909931 -0.1731
    outer loop
      vertex 32.1232 4.17042 3.31596
      vertex 32.1779 4.06295 4
      vertex 31.1631 3.6426 4
    endloop
  endfacet
  facet normal 0.376874 -0.909936 -0.173155
    outer loop
      vertex 32.1232 4.17042 3.31596
      vertex 31.1631 3.6426 4
      vertex 31.1258 3.75732 3.31596
    endloop
  endfacet
  facet normal 0.229939 -0.957678 0.17315
    outer loop
      vertex 31.1631 3.6426 4
      vertex 31.1258 3.75732 4.68404
      vertex 30.0762 3.50531 4.68404
    endloop
  endfacet
  facet normal 0.229914 -0.957692 0.173107
    outer loop
      vertex 30.095 3.38618 4
      vertex 31.1631 3.6426 4
      vertex 30.0762 3.50531 4.68404
    endloop
  endfacet
  facet normal 0.202322 -0.842753 0.498831
    outer loop
      vertex 31.1258 3.75732 4.68404
      vertex 31.0185 4.08761 5.28557
      vertex 30.0218 3.84833 5.28557
    endloop
  endfacet
  facet normal 0.20234 -0.84273 0.498862
    outer loop
      vertex 30.0762 3.50531 4.68404
      vertex 31.1258 3.75732 4.68404
      vertex 30.0218 3.84833 5.28557
    endloop
  endfacet
  facet normal 0.150327 -0.626165 0.765061
    outer loop
      vertex 31.0185 4.08761 5.28557
      vertex 30.8541 4.59366 5.73205
      vertex 29.9386 4.37387 5.73205
    endloop
  endfacet
  facet normal 0.150326 -0.626168 0.765059
    outer loop
      vertex 30.0218 3.84833 5.28557
      vertex 31.0185 4.08761 5.28557
      vertex 29.9386 4.37387 5.73205
    endloop
  endfacet
  facet normal 0.0800591 -0.333471 0.939355
    outer loop
      vertex 30.8541 4.59366 5.73205
      vertex 30.6524 5.21442 5.96961
      vertex 29.8365 5.01854 5.96961
    endloop
  endfacet
  facet normal 0.0800587 -0.333472 0.939355
    outer loop
      vertex 29.9386 4.37387 5.73205
      vertex 30.8541 4.59366 5.73205
      vertex 29.8365 5.01854 5.96961
    endloop
  endfacet
  facet normal -0.0800741 0.33346 0.939357
    outer loop
      vertex 30.4378 5.87502 5.96961
      vertex 30.2919 6.32403 5.79778
      vertex 29.8819 6.19966 5.80698
    endloop
  endfacet
  facet normal -0.0799679 0.333465 0.939365
    outer loop
      vertex 29.7278 5.70458 5.96961
      vertex 29.8819 6.19966 5.80698
      vertex 29.8194 6.1807 5.80839
    endloop
  endfacet
  facet normal -0.0800558 0.333487 0.939349
    outer loop
      vertex 29.8819 6.19966 5.80698
      vertex 29.7278 5.70458 5.96961
      vertex 30.4378 5.87502 5.96961
    endloop
  endfacet
  facet normal -0.0800367 0.333475 0.939355
    outer loop
      vertex 29.7278 5.70458 5.96961
      vertex 29.8194 6.1807 5.80839
      vertex 29.655 6.16451 5.80013
    endloop
  endfacet
  facet normal -0.229927 0.957683 -0.173137
    outer loop
      vertex 29.9643 7.33212 3.31596
      vertex 29.7987 7.37987 3.8
      vertex 29.9379 7.41329 3.8
    endloop
  endfacet
  facet normal -0.229955 0.957675 -0.173146
    outer loop
      vertex 29.7987 7.37987 3.8
      vertex 29.9643 7.33212 3.31596
      vertex 29.4882 7.2178 3.31596
    endloop
  endfacet
  facet normal -0.229943 0.957676 -0.173154
    outer loop
      vertex 29.7987 7.37987 3.8
      vertex 29.4882 7.2178 3.31596
      vertex 29.4748 7.3021 3.8
    endloop
  endfacet
  facet normal -0.202348 0.842744 -0.498837
    outer loop
      vertex 29.9643 7.33212 3.31596
      vertex 30.0716 7.00182 2.71442
      vertex 29.5425 6.87478 2.71442
    endloop
  endfacet
  facet normal -0.202358 0.842745 -0.49883
    outer loop
      vertex 29.9643 7.33212 3.31596
      vertex 29.5425 6.87478 2.71442
      vertex 29.4882 7.2178 3.31596
    endloop
  endfacet
  facet normal -0.1503 0.626147 -0.765082
    outer loop
      vertex 30.0716 7.00182 2.71442
      vertex 30.2361 6.49577 2.26795
      vertex 29.6257 6.34925 2.26795
    endloop
  endfacet
  facet normal -0.150345 0.626163 -0.76506
    outer loop
      vertex 30.0716 7.00182 2.71442
      vertex 29.6257 6.34925 2.26795
      vertex 29.5425 6.87478 2.71442
    endloop
  endfacet
  facet normal -0.0800563 0.33349 -0.939349
    outer loop
      vertex 30.2361 6.49577 2.26795
      vertex 30.4378 5.87502 2.03038
      vertex 29.7278 5.70458 2.03038
    endloop
  endfacet
  facet normal -0.0800497 0.333486 -0.93935
    outer loop
      vertex 30.2361 6.49577 2.26795
      vertex 29.7278 5.70458 2.03038
      vertex 29.6257 6.34925 2.26795
    endloop
  endfacet
  facet normal 0.0800615 -0.333483 -0.93935
    outer loop
      vertex 30.6524 5.21442 2.03038
      vertex 30.8541 4.59366 2.26795
      vertex 29.9386 4.37387 2.26795
    endloop
  endfacet
  facet normal 0.0800623 -0.333484 -0.93935
    outer loop
      vertex 30.6524 5.21442 2.03038
      vertex 29.9386 4.37387 2.26795
      vertex 29.8365 5.01854 2.03038
    endloop
  endfacet
  facet normal 0.150323 -0.626158 -0.765068
    outer loop
      vertex 30.8541 4.59366 2.26795
      vertex 31.0185 4.08761 2.71442
      vertex 30.0218 3.84833 2.71442
    endloop
  endfacet
  facet normal 0.150326 -0.62616 -0.765066
    outer loop
      vertex 30.8541 4.59366 2.26795
      vertex 30.0218 3.84833 2.71442
      vertex 29.9386 4.37387 2.26795
    endloop
  endfacet
  facet normal 0.202345 -0.842751 -0.498826
    outer loop
      vertex 31.0185 4.08761 2.71442
      vertex 31.1258 3.75732 3.31596
      vertex 30.0762 3.50531 3.31596
    endloop
  endfacet
  facet normal 0.202318 -0.842739 -0.498857
    outer loop
      vertex 31.0185 4.08761 2.71442
      vertex 30.0762 3.50531 3.31596
      vertex 30.0218 3.84833 2.71442
    endloop
  endfacet
  facet normal 0.229912 -0.957684 -0.17315
    outer loop
      vertex 31.1258 3.75732 3.31596
      vertex 31.1631 3.6426 4
      vertex 30.095 3.38618 4
    endloop
  endfacet
  facet normal 0.229941 -0.957685 -0.173107
    outer loop
      vertex 31.1258 3.75732 3.31596
      vertex 30.095 3.38618 4
      vertex 30.0762 3.50531 3.31596
    endloop
  endfacet
  facet normal 0.0772755 -0.981864 0.173122
    outer loop
      vertex 30.095 3.38618 4
      vertex 30.0762 3.50531 4.68404
      vertex 29 3.42061 4.68404
    endloop
  endfacet
  facet normal 0.0772758 -0.981864 0.173122
    outer loop
      vertex 30.095 3.38618 4
      vertex 29 3.42061 4.68404
      vertex 29 3.3 4
    endloop
  endfacet
  facet normal 0.0680017 -0.864016 0.498851
    outer loop
      vertex 30.0762 3.50531 4.68404
      vertex 30.0218 3.84833 5.28557
      vertex 29 3.76791 5.28557
    endloop
  endfacet
  facet normal 0.0680006 -0.864017 0.49885
    outer loop
      vertex 30.0762 3.50531 4.68404
      vertex 29 3.76791 5.28557
      vertex 29 3.42061 4.68404
    endloop
  endfacet
  facet normal 0.0505246 -0.641971 0.765062
    outer loop
      vertex 30.0218 3.84833 5.28557
      vertex 29.9386 4.37387 5.73205
      vertex 29 4.3 5.73205
    endloop
  endfacet
  facet normal 0.0505257 -0.64197 0.765064
    outer loop
      vertex 30.0218 3.84833 5.28557
      vertex 29 4.3 5.73205
      vertex 29 3.76791 5.28557
    endloop
  endfacet
  facet normal 0.0269097 -0.341889 0.939355
    outer loop
      vertex 29.9386 4.37387 5.73205
      vertex 29.8365 5.01854 5.96961
      vertex 29 4.9527 5.96961
    endloop
  endfacet
  facet normal 0.0269077 -0.341892 0.939354
    outer loop
      vertex 29.9386 4.37387 5.73205
      vertex 29 4.9527 5.96961
      vertex 29 4.3 5.73205
    endloop
  endfacet
  facet normal -0.0269191 0.341883 0.939357
    outer loop
      vertex 29.7278 5.70458 5.96961
      vertex 29.655 6.16451 5.80013
      vertex 29.2182 6.12149 5.80327
    endloop
  endfacet
  facet normal -0.0269138 0.341897 0.939352
    outer loop
      vertex 29 5.6473 5.96961
      vertex 29.2182 6.12149 5.80327
      vertex 29 6.1 5.80484
    endloop
  endfacet
  facet normal -0.0269082 0.341895 0.939353
    outer loop
      vertex 29.2182 6.12149 5.80327
      vertex 29 5.6473 5.96961
      vertex 29.7278 5.70458 5.96961
    endloop
  endfacet
  facet normal -0.0772691 0.981862 -0.173139
    outer loop
      vertex 29.4882 7.2178 3.31596
      vertex 29.3321 7.29087 3.8
      vertex 29.4748 7.3021 3.8
    endloop
  endfacet
  facet normal -0.0772499 0.981864 -0.173133
    outer loop
      vertex 29.3321 7.29087 3.8
      vertex 29.4882 7.2178 3.31596
      vertex 29 7.17939 3.31596
    endloop
  endfacet
  facet normal -0.0772838 0.981866 -0.17311
    outer loop
      vertex 29 7.26473 3.8
      vertex 29.3321 7.29087 3.8
      vertex 29 7.17939 3.31596
    endloop
  endfacet
  facet normal -0.0679912 0.864025 -0.498836
    outer loop
      vertex 29.4882 7.2178 3.31596
      vertex 29.5425 6.87478 2.71442
      vertex 29 6.83209 2.71442
    endloop
  endfacet
  facet normal -0.0679784 0.864022 -0.498844
    outer loop
      vertex 29 7.17939 3.31596
      vertex 29.4882 7.2178 3.31596
      vertex 29 6.83209 2.71442
    endloop
  endfacet
  facet normal -0.0505306 0.641969 -0.765064
    outer loop
      vertex 29.5425 6.87478 2.71442
      vertex 29.6257 6.34925 2.26795
      vertex 29 6.3 2.26795
    endloop
  endfacet
  facet normal -0.0505167 0.641961 -0.765071
    outer loop
      vertex 29 6.83209 2.71442
      vertex 29.5425 6.87478 2.71442
      vertex 29 6.3 2.26795
    endloop
  endfacet
  facet normal -0.0269087 0.341902 -0.93935
    outer loop
      vertex 29.6257 6.34925 2.26795
      vertex 29.7278 5.70458 2.03038
      vertex 29 5.6473 2.03038
    endloop
  endfacet
  facet normal -0.0269119 0.341905 -0.939349
    outer loop
      vertex 29 6.3 2.26795
      vertex 29.6257 6.34925 2.26795
      vertex 29 5.6473 2.03038
    endloop
  endfacet
  facet normal 0.0269085 -0.341902 -0.93935
    outer loop
      vertex 29.8365 5.01854 2.03038
      vertex 29.9386 4.37387 2.26795
      vertex 29 4.3 2.26795
    endloop
  endfacet
  facet normal 0.0269109 -0.341905 -0.939349
    outer loop
      vertex 29 4.9527 2.03038
      vertex 29.8365 5.01854 2.03038
      vertex 29 4.3 2.26795
    endloop
  endfacet
  facet normal 0.0505252 -0.641962 -0.76507
    outer loop
      vertex 29.9386 4.37387 2.26795
      vertex 30.0218 3.84833 2.71442
      vertex 29 3.76791 2.71442
    endloop
  endfacet
  facet normal 0.0505238 -0.641961 -0.765071
    outer loop
      vertex 29 4.3 2.26795
      vertex 29.9386 4.37387 2.26795
      vertex 29 3.76791 2.71442
    endloop
  endfacet
  facet normal 0.0680008 -0.864019 -0.498845
    outer loop
      vertex 30.0218 3.84833 2.71442
      vertex 30.0762 3.50531 3.31596
      vertex 29 3.42061 3.31596
    endloop
  endfacet
  facet normal 0.0680021 -0.86402 -0.498843
    outer loop
      vertex 29 3.76791 2.71442
      vertex 30.0218 3.84833 2.71442
      vertex 29 3.42061 3.31596
    endloop
  endfacet
  facet normal 0.0772758 -0.981864 -0.173122
    outer loop
      vertex 30.0762 3.50531 3.31596
      vertex 30.095 3.38618 4
      vertex 29 3.3 4
    endloop
  endfacet
  facet normal 0.0772755 -0.981864 -0.173122
    outer loop
      vertex 29 3.42061 3.31596
      vertex 30.0762 3.50531 3.31596
      vertex 29 3.3 4
    endloop
  endfacet
  facet normal -0.0772755 -0.981864 0.173122
    outer loop
      vertex 29 3.3 4
      vertex 29 3.42061 4.68404
      vertex 27.9238 3.50531 4.68404
    endloop
  endfacet
  facet normal -0.0772758 -0.981864 0.173122
    outer loop
      vertex 29 3.3 4
      vertex 27.9238 3.50531 4.68404
      vertex 27.905 3.38618 4
    endloop
  endfacet
  facet normal -0.0680018 -0.864017 0.49885
    outer loop
      vertex 29 3.42061 4.68404
      vertex 29 3.76791 5.28557
      vertex 27.9782 3.84833 5.28557
    endloop
  endfacet
  facet normal -0.0680005 -0.864016 0.498851
    outer loop
      vertex 29 3.42061 4.68404
      vertex 27.9782 3.84833 5.28557
      vertex 27.9238 3.50531 4.68404
    endloop
  endfacet
  facet normal -0.0505245 -0.64197 0.765064
    outer loop
      vertex 29 3.76791 5.28557
      vertex 29 4.3 5.73205
      vertex 28.0614 4.37387 5.73205
    endloop
  endfacet
  facet normal -0.0505258 -0.641971 0.765062
    outer loop
      vertex 29 3.76791 5.28557
      vertex 28.0614 4.37387 5.73205
      vertex 27.9782 3.84833 5.28557
    endloop
  endfacet
  facet normal -0.0269099 -0.341892 0.939354
    outer loop
      vertex 29 4.3 5.73205
      vertex 29 4.9527 5.96961
      vertex 28.1635 5.01854 5.96961
    endloop
  endfacet
  facet normal -0.0269075 -0.341889 0.939355
    outer loop
      vertex 29 4.3 5.73205
      vertex 28.1635 5.01854 5.96961
      vertex 28.0614 4.37387 5.73205
    endloop
  endfacet
  facet normal 0.0269198 0.341897 0.939352
    outer loop
      vertex 29 5.6473 5.96961
      vertex 29 6.1 5.80484
      vertex 28.5576 6.14357 5.80166
    endloop
  endfacet
  facet normal 0.0269136 0.341884 0.939357
    outer loop
      vertex 28.2722 5.70458 5.96961
      vertex 28.5576 6.14357 5.80166
      vertex 28.345 6.16451 5.80013
    endloop
  endfacet
  facet normal 0.0269076 0.341888 0.939355
    outer loop
      vertex 28.5576 6.14357 5.80166
      vertex 28.2722 5.70458 5.96961
      vertex 29 5.6473 5.96961
    endloop
  endfacet
  facet normal 0.0773379 0.981861 -0.17311
    outer loop
      vertex 29 7.17939 3.31596
      vertex 28.8573 7.27597 3.8
      vertex 29 7.26473 3.8
    endloop
  endfacet
  facet normal 0.0772499 0.981864 -0.173136
    outer loop
      vertex 28.8573 7.27597 3.8
      vertex 29 7.17939 3.31596
      vertex 28.5118 7.2178 3.31596
    endloop
  endfacet
  facet normal 0.0772541 0.981863 -0.173139
    outer loop
      vertex 28.5252 7.3021 3.8
      vertex 28.8573 7.27597 3.8
      vertex 28.5118 7.2178 3.31596
    endloop
  endfacet
  facet normal 0.0679909 0.864021 -0.498844
    outer loop
      vertex 29 7.17939 3.31596
      vertex 29 6.83209 2.71442
      vertex 28.4575 6.87478 2.71442
    endloop
  endfacet
  facet normal 0.0679788 0.864027 -0.498836
    outer loop
      vertex 28.5118 7.2178 3.31596
      vertex 29 7.17939 3.31596
      vertex 28.4575 6.87478 2.71442
    endloop
  endfacet
  facet normal 0.0505299 0.641961 -0.76507
    outer loop
      vertex 29 6.83209 2.71442
      vertex 29 6.3 2.26795
      vertex 28.3743 6.34925 2.26795
    endloop
  endfacet
  facet normal 0.0505175 0.641971 -0.765063
    outer loop
      vertex 28.4575 6.87478 2.71442
      vertex 29 6.83209 2.71442
      vertex 28.3743 6.34925 2.26795
    endloop
  endfacet
  facet normal 0.0269089 0.341905 -0.939349
    outer loop
      vertex 29 6.3 2.26795
      vertex 29 5.6473 2.03038
      vertex 28.2722 5.70458 2.03038
    endloop
  endfacet
  facet normal 0.0269117 0.341902 -0.93935
    outer loop
      vertex 28.3743 6.34925 2.26795
      vertex 29 6.3 2.26795
      vertex 28.2722 5.70458 2.03038
    endloop
  endfacet
  facet normal -0.0269087 -0.341905 -0.939349
    outer loop
      vertex 29 4.9527 2.03038
      vertex 29 4.3 2.26795
      vertex 28.0614 4.37387 2.26795
    endloop
  endfacet
  facet normal -0.0269107 -0.341902 -0.93935
    outer loop
      vertex 28.1635 5.01854 2.03038
      vertex 29 4.9527 2.03038
      vertex 28.0614 4.37387 2.26795
    endloop
  endfacet
  facet normal -0.0505251 -0.641961 -0.765071
    outer loop
      vertex 29 4.3 2.26795
      vertex 29 3.76791 2.71442
      vertex 27.9782 3.84833 2.71442
    endloop
  endfacet
  facet normal -0.0505239 -0.641963 -0.76507
    outer loop
      vertex 28.0614 4.37387 2.26795
      vertex 29 4.3 2.26795
      vertex 27.9782 3.84833 2.71442
    endloop
  endfacet
  facet normal -0.0680009 -0.86402 -0.498843
    outer loop
      vertex 29 3.76791 2.71442
      vertex 29 3.42061 3.31596
      vertex 27.9238 3.50531 3.31596
    endloop
  endfacet
  facet normal -0.068002 -0.864019 -0.498845
    outer loop
      vertex 27.9782 3.84833 2.71442
      vertex 29 3.76791 2.71442
      vertex 27.9238 3.50531 3.31596
    endloop
  endfacet
  facet normal -0.0772758 -0.981864 -0.173122
    outer loop
      vertex 29 3.42061 3.31596
      vertex 29 3.3 4
      vertex 27.905 3.38618 4
    endloop
  endfacet
  facet normal -0.0772755 -0.981864 -0.173122
    outer loop
      vertex 27.9238 3.50531 3.31596
      vertex 29 3.42061 3.31596
      vertex 27.905 3.38618 4
    endloop
  endfacet
  facet normal -0.229941 -0.957685 0.173107
    outer loop
      vertex 27.905 3.38618 4
      vertex 27.9238 3.50531 4.68404
      vertex 26.8742 3.75732 4.68404
    endloop
  endfacet
  facet normal -0.229912 -0.957684 0.17315
    outer loop
      vertex 27.905 3.38618 4
      vertex 26.8742 3.75732 4.68404
      vertex 26.8369 3.6426 4
    endloop
  endfacet
  facet normal -0.202317 -0.842736 0.498863
    outer loop
      vertex 27.9238 3.50531 4.68404
      vertex 27.9782 3.84833 5.28557
      vertex 26.9815 4.08761 5.28557
    endloop
  endfacet
  facet normal -0.202344 -0.842747 0.498832
    outer loop
      vertex 27.9238 3.50531 4.68404
      vertex 26.9815 4.08761 5.28557
      vertex 26.8742 3.75732 4.68404
    endloop
  endfacet
  facet normal -0.150328 -0.626168 0.765059
    outer loop
      vertex 27.9782 3.84833 5.28557
      vertex 28.0614 4.37387 5.73205
      vertex 27.1459 4.59366 5.73205
    endloop
  endfacet
  facet normal -0.150325 -0.626166 0.765061
    outer loop
      vertex 27.9782 3.84833 5.28557
      vertex 27.1459 4.59366 5.73205
      vertex 26.9815 4.08761 5.28557
    endloop
  endfacet
  facet normal -0.0800593 -0.333471 0.939355
    outer loop
      vertex 28.0614 4.37387 5.73205
      vertex 28.1635 5.01854 5.96961
      vertex 27.3476 5.21442 5.96961
    endloop
  endfacet
  facet normal -0.0800585 -0.333471 0.939355
    outer loop
      vertex 28.0614 4.37387 5.73205
      vertex 27.3476 5.21442 5.96961
      vertex 27.1459 4.59366 5.73205
    endloop
  endfacet
  facet normal 0.0800367 0.333475 0.939355
    outer loop
      vertex 28.1806 6.1807 5.80839
      vertex 28.2722 5.70458 5.96961
      vertex 28.345 6.16451 5.80013
    endloop
  endfacet
  facet normal 0.0800749 0.333481 0.93935
    outer loop
      vertex 28.2722 5.70458 5.96961
      vertex 28.1806 6.1807 5.80839
      vertex 27.9145 6.26144 5.80241
    endloop
  endfacet
  facet normal 0.0800509 0.333468 0.939357
    outer loop
      vertex 27.5622 5.87502 5.96961
      vertex 27.9145 6.26144 5.80241
      vertex 27.7081 6.32403 5.79778
    endloop
  endfacet
  facet normal 0.080051 0.333467 0.939357
    outer loop
      vertex 27.9145 6.26144 5.80241
      vertex 27.5622 5.87502 5.96961
      vertex 28.2722 5.70458 5.96961
    endloop
  endfacet
  facet normal 0.229991 0.957665 -0.173153
    outer loop
      vertex 28.5118 7.2178 3.31596
      vertex 28.386 7.33553 3.8
      vertex 28.5252 7.3021 3.8
    endloop
  endfacet
  facet normal 0.229954 0.957672 -0.173164
    outer loop
      vertex 28.386 7.33553 3.8
      vertex 28.5118 7.2178 3.31596
      vertex 28.0357 7.33212 3.31596
    endloop
  endfacet
  facet normal 0.229916 0.957686 -0.173137
    outer loop
      vertex 28.0621 7.41329 3.8
      vertex 28.386 7.33553 3.8
      vertex 28.0357 7.33212 3.31596
    endloop
  endfacet
  facet normal 0.202349 0.842747 -0.498831
    outer loop
      vertex 28.5118 7.2178 3.31596
      vertex 28.4575 6.87478 2.71442
      vertex 27.9284 7.00182 2.71442
    endloop
  endfacet
  facet normal 0.202357 0.842741 -0.498837
    outer loop
      vertex 28.0357 7.33212 3.31596
      vertex 28.5118 7.2178 3.31596
      vertex 27.9284 7.00182 2.71442
    endloop
  endfacet
  facet normal 0.150306 0.626171 -0.765061
    outer loop
      vertex 28.4575 6.87478 2.71442
      vertex 28.3743 6.34925 2.26795
      vertex 27.7639 6.49577 2.26795
    endloop
  endfacet
  facet normal 0.150339 0.626136 -0.765083
    outer loop
      vertex 27.9284 7.00182 2.71442
      vertex 28.4575 6.87478 2.71442
      vertex 27.7639 6.49577 2.26795
    endloop
  endfacet
  facet normal 0.0800552 0.333485 -0.93935
    outer loop
      vertex 28.3743 6.34925 2.26795
      vertex 28.2722 5.70458 2.03038
      vertex 27.5622 5.87502 2.03038
    endloop
  endfacet
  facet normal 0.080051 0.333491 -0.939348
    outer loop
      vertex 27.7639 6.49577 2.26795
      vertex 28.3743 6.34925 2.26795
      vertex 27.5622 5.87502 2.03038
    endloop
  endfacet
  facet normal -0.0800616 -0.333484 -0.93935
    outer loop
      vertex 28.1635 5.01854 2.03038
      vertex 28.0614 4.37387 2.26795
      vertex 27.1459 4.59366 2.26795
    endloop
  endfacet
  facet normal -0.0800621 -0.333483 -0.93935
    outer loop
      vertex 27.3476 5.21442 2.03038
      vertex 28.1635 5.01854 2.03038
      vertex 27.1459 4.59366 2.26795
    endloop
  endfacet
  facet normal -0.150324 -0.62616 -0.765066
    outer loop
      vertex 28.0614 4.37387 2.26795
      vertex 27.9782 3.84833 2.71442
      vertex 26.9815 4.08761 2.71442
    endloop
  endfacet
  facet normal -0.150326 -0.626157 -0.765069
    outer loop
      vertex 27.1459 4.59366 2.26795
      vertex 28.0614 4.37387 2.26795
      vertex 26.9815 4.08761 2.71442
    endloop
  endfacet
  facet normal -0.202341 -0.842734 -0.498856
    outer loop
      vertex 27.9782 3.84833 2.71442
      vertex 27.9238 3.50531 3.31596
      vertex 26.8742 3.75732 3.31596
    endloop
  endfacet
  facet normal -0.202323 -0.842757 -0.498825
    outer loop
      vertex 26.9815 4.08761 2.71442
      vertex 27.9782 3.84833 2.71442
      vertex 26.8742 3.75732 3.31596
    endloop
  endfacet
  facet normal -0.229914 -0.957692 -0.173107
    outer loop
      vertex 27.9238 3.50531 3.31596
      vertex 27.905 3.38618 4
      vertex 26.8369 3.6426 4
    endloop
  endfacet
  facet normal -0.229939 -0.957678 -0.17315
    outer loop
      vertex 26.8742 3.75732 3.31596
      vertex 27.9238 3.50531 3.31596
      vertex 26.8369 3.6426 4
    endloop
  endfacet
  facet normal -0.376874 -0.909936 0.173155
    outer loop
      vertex 26.8369 3.6426 4
      vertex 26.8742 3.75732 4.68404
      vertex 25.8768 4.17042 4.68404
    endloop
  endfacet
  facet normal -0.376911 -0.909931 0.1731
    outer loop
      vertex 26.8369 3.6426 4
      vertex 25.8768 4.17042 4.68404
      vertex 25.8221 4.06295 4
    endloop
  endfacet
  facet normal -0.331672 -0.800727 0.498829
    outer loop
      vertex 26.8742 3.75732 4.68404
      vertex 26.9815 4.08761 5.28557
      vertex 26.0345 4.47987 5.28557
    endloop
  endfacet
  facet normal -0.331639 -0.800718 0.498864
    outer loop
      vertex 26.8742 3.75732 4.68404
      vertex 26.0345 4.47987 5.28557
      vertex 25.8768 4.17042 4.68404
    endloop
  endfacet
  facet normal -0.246443 -0.594938 0.765059
    outer loop
      vertex 26.9815 4.08761 5.28557
      vertex 27.1459 4.59366 5.73205
      vertex 26.2761 4.95396 5.73205
    endloop
  endfacet
  facet normal -0.246428 -0.594931 0.765069
    outer loop
      vertex 26.9815 4.08761 5.28557
      vertex 26.2761 4.95396 5.73205
      vertex 26.0345 4.47987 5.28557
    endloop
  endfacet
  facet normal -0.13124 -0.316841 0.939355
    outer loop
      vertex 27.1459 4.59366 5.73205
      vertex 27.3476 5.21442 5.96961
      vertex 26.5724 5.53552 5.96961
    endloop
  endfacet
  facet normal -0.131247 -0.316844 0.939353
    outer loop
      vertex 27.1459 4.59366 5.73205
      vertex 26.5724 5.53552 5.96961
      vertex 26.2761 4.95396 5.73205
    endloop
  endfacet
  facet normal 0.13123 0.316838 0.939357
    outer loop
      vertex 27.3927 6.41971 5.80957
      vertex 27.5622 5.87502 5.96961
      vertex 27.7081 6.32403 5.79778
    endloop
  endfacet
  facet normal 0.131343 0.316865 0.939332
    outer loop
      vertex 27.5622 5.87502 5.96961
      vertex 27.3927 6.41971 5.80957
      vertex 27.3016 6.46844 5.80587
    endloop
  endfacet
  facet normal 0.131252 0.316806 0.939365
    outer loop
      vertex 26.8877 6.15441 5.96961
      vertex 27.3016 6.46844 5.80587
      vertex 27.1021 6.57508 5.79778
    endloop
  endfacet
  facet normal 0.131235 0.316826 0.939361
    outer loop
      vertex 27.3016 6.46844 5.80587
      vertex 26.8877 6.15441 5.96961
      vertex 27.5622 5.87502 5.96961
    endloop
  endfacet
  facet normal 0.376842 0.909951 -0.173145
    outer loop
      vertex 28.0357 7.33212 3.31596
      vertex 27.9298 7.46808 3.8
      vertex 28.0621 7.41329 3.8
    endloop
  endfacet
  facet normal 0.376904 0.909929 -0.173126
    outer loop
      vertex 27.9298 7.46808 3.8
      vertex 28.0357 7.33212 3.31596
      vertex 27.5833 7.51951 3.31596
    endloop
  endfacet
  facet normal 0.376869 0.909949 -0.173098
    outer loop
      vertex 27.622 7.59556 3.8
      vertex 27.9298 7.46808 3.8
      vertex 27.5833 7.51951 3.31596
    endloop
  endfacet
  facet normal 0.331648 0.800734 -0.498833
    outer loop
      vertex 28.0357 7.33212 3.31596
      vertex 27.9284 7.00182 2.71442
      vertex 27.4256 7.21007 2.71442
    endloop
  endfacet
  facet normal 0.331667 0.800716 -0.498849
    outer loop
      vertex 27.5833 7.51951 3.31596
      vertex 28.0357 7.33212 3.31596
      vertex 27.4256 7.21007 2.71442
    endloop
  endfacet
  facet normal 0.246417 0.594909 -0.765089
    outer loop
      vertex 27.9284 7.00182 2.71442
      vertex 27.7639 6.49577 2.26795
      vertex 27.184 6.73597 2.26795
    endloop
  endfacet
  facet normal 0.246406 0.594925 -0.765081
    outer loop
      vertex 27.4256 7.21007 2.71442
      vertex 27.9284 7.00182 2.71442
      vertex 27.184 6.73597 2.26795
    endloop
  endfacet
  facet normal 0.131248 0.316856 -0.939349
    outer loop
      vertex 27.7639 6.49577 2.26795
      vertex 27.5622 5.87502 2.03038
      vertex 26.8877 6.15441 2.03038
    endloop
  endfacet
  facet normal 0.131246 0.316859 -0.939348
    outer loop
      vertex 27.184 6.73597 2.26795
      vertex 27.7639 6.49577 2.26795
      vertex 26.8877 6.15441 2.03038
    endloop
  endfacet
  facet normal -0.13125 -0.316851 -0.93935
    outer loop
      vertex 27.3476 5.21442 2.03038
      vertex 27.1459 4.59366 2.26795
      vertex 26.2761 4.95396 2.26795
    endloop
  endfacet
  facet normal -0.131248 -0.316858 -0.939348
    outer loop
      vertex 26.5724 5.53552 2.03038
      vertex 27.3476 5.21442 2.03038
      vertex 26.2761 4.95396 2.26795
    endloop
  endfacet
  facet normal -0.246429 -0.594934 -0.765066
    outer loop
      vertex 27.1459 4.59366 2.26795
      vertex 26.9815 4.08761 2.71442
      vertex 26.0345 4.47987 2.71442
    endloop
  endfacet
  facet normal -0.246435 -0.594919 -0.765076
    outer loop
      vertex 26.2761 4.95396 2.26795
      vertex 27.1459 4.59366 2.26795
      vertex 26.0345 4.47987 2.71442
    endloop
  endfacet
  facet normal -0.331648 -0.80074 -0.498823
    outer loop
      vertex 26.9815 4.08761 2.71442
      vertex 26.8742 3.75732 3.31596
      vertex 25.8768 4.17042 3.31596
    endloop
  endfacet
  facet normal -0.331665 -0.800711 -0.498859
    outer loop
      vertex 26.0345 4.47987 2.71442
      vertex 26.9815 4.08761 2.71442
      vertex 25.8768 4.17042 3.31596
    endloop
  endfacet
  facet normal -0.376907 -0.909922 -0.173155
    outer loop
      vertex 26.8742 3.75732 3.31596
      vertex 26.8369 3.6426 4
      vertex 25.8221 4.06295 4
    endloop
  endfacet
  facet normal -0.376878 -0.909945 -0.1731
    outer loop
      vertex 25.8768 4.17042 3.31596
      vertex 26.8742 3.75732 3.31596
      vertex 25.8221 4.06295 4
    endloop
  endfacet
  facet normal -0.514624 -0.839763 0.173088
    outer loop
      vertex 25.8221 4.06295 4
      vertex 25.8768 4.17042 4.68404
      vertex 24.9564 4.73446 4.68404
    endloop
  endfacet
  facet normal -0.514596 -0.839772 0.173133
    outer loop
      vertex 25.8221 4.06295 4
      vertex 24.9564 4.73446 4.68404
      vertex 24.8855 4.63688 4
    endloop
  endfacet
  facet normal -0.45282 -0.738974 0.49887
    outer loop
      vertex 25.8768 4.17042 4.68404
      vertex 26.0345 4.47987 5.28557
      vertex 25.1605 5.01543 5.28557
    endloop
  endfacet
  facet normal -0.452861 -0.738978 0.498827
    outer loop
      vertex 25.8768 4.17042 4.68404
      vertex 25.1605 5.01543 5.28557
      vertex 24.9564 4.73446 4.68404
    endloop
  endfacet
  facet normal -0.336452 -0.549058 0.765072
    outer loop
      vertex 26.0345 4.47987 5.28557
      vertex 26.2761 4.95396 5.73205
      vertex 25.4733 5.4459 5.73205
    endloop
  endfacet
  facet normal -0.336444 -0.549056 0.765077
    outer loop
      vertex 26.0345 4.47987 5.28557
      vertex 25.4733 5.4459 5.73205
      vertex 25.1605 5.01543 5.28557
    endloop
  endfacet
  facet normal -0.179184 -0.292421 0.939352
    outer loop
      vertex 26.2761 4.95396 5.73205
      vertex 26.5724 5.53552 5.96961
      vertex 25.8569 5.97395 5.96961
    endloop
  endfacet
  facet normal -0.179191 -0.292424 0.93935
    outer loop
      vertex 26.2761 4.95396 5.73205
      vertex 25.8569 5.97395 5.96961
      vertex 25.4733 5.4459 5.73205
    endloop
  endfacet
  facet normal 0.179136 0.292402 0.939368
    outer loop
      vertex 26.8877 6.15441 5.96961
      vertex 27.1021 6.57508 5.79778
      vertex 26.7242 6.77704 5.80698
    endloop
  endfacet
  facet normal 0.179251 0.292313 0.939373
    outer loop
      vertex 26.2652 6.53588 5.96961
      vertex 26.7242 6.77704 5.80698
      vertex 26.6666 6.80783 5.80839
    endloop
  endfacet
  facet normal 0.179184 0.292403 0.939358
    outer loop
      vertex 26.2652 6.53588 5.96961
      vertex 26.6666 6.80783 5.80839
      vertex 26.5389 6.91262 5.80013
    endloop
  endfacet
  facet normal 0.179191 0.292413 0.939354
    outer loop
      vertex 26.7242 6.77704 5.80698
      vertex 26.2652 6.53588 5.96961
      vertex 26.8877 6.15441 5.96961
    endloop
  endfacet
  facet normal 0.514547 0.839811 -0.173086
    outer loop
      vertex 27.5833 7.51951 3.31596
      vertex 27.4999 7.67037 3.8
      vertex 27.622 7.59556 3.8
    endloop
  endfacet
  facet normal 0.514546 0.839812 -0.173087
    outer loop
      vertex 27.4999 7.67037 3.8
      vertex 27.5833 7.51951 3.31596
      vertex 27.1657 7.77537 3.31596
    endloop
  endfacet
  facet normal 0.514636 0.83974 -0.173165
    outer loop
      vertex 27.2159 7.84442 3.8
      vertex 27.4999 7.67037 3.8
      vertex 27.1657 7.77537 3.31596
    endloop
  endfacet
  facet normal 0.452831 0.738978 -0.498854
    outer loop
      vertex 27.5833 7.51951 3.31596
      vertex 27.4256 7.21007 2.71442
      vertex 26.9616 7.4944 2.71442
    endloop
  endfacet
  facet normal 0.452794 0.739025 -0.498818
    outer loop
      vertex 27.1657 7.77537 3.31596
      vertex 27.5833 7.51951 3.31596
      vertex 26.9616 7.4944 2.71442
    endloop
  endfacet
  facet normal 0.336491 0.549019 -0.765083
    outer loop
      vertex 27.4256 7.21007 2.71442
      vertex 27.184 6.73597 2.26795
      vertex 26.6489 7.06393 2.26795
    endloop
  endfacet
  facet normal 0.336464 0.549077 -0.765053
    outer loop
      vertex 26.9616 7.4944 2.71442
      vertex 27.4256 7.21007 2.71442
      vertex 26.6489 7.06393 2.26795
    endloop
  endfacet
  facet normal 0.1792 0.292427 -0.939348
    outer loop
      vertex 27.184 6.73597 2.26795
      vertex 26.8877 6.15441 2.03038
      vertex 26.2652 6.53588 2.03038
    endloop
  endfacet
  facet normal 0.179209 0.292397 -0.939355
    outer loop
      vertex 26.6489 7.06393 2.26795
      vertex 27.184 6.73597 2.26795
      vertex 26.2652 6.53588 2.03038
    endloop
  endfacet
  facet normal -0.179195 -0.29243 -0.939348
    outer loop
      vertex 26.5724 5.53552 2.03038
      vertex 26.2761 4.95396 2.26795
      vertex 25.4733 5.4459 2.26795
    endloop
  endfacet
  facet normal -0.179194 -0.292437 -0.939345
    outer loop
      vertex 25.8569 5.97395 2.03038
      vertex 26.5724 5.53552 2.03038
      vertex 25.4733 5.4459 2.26795
    endloop
  endfacet
  facet normal -0.336443 -0.549053 -0.76508
    outer loop
      vertex 26.2761 4.95396 2.26795
      vertex 26.0345 4.47987 2.71442
      vertex 25.1605 5.01543 2.71442
    endloop
  endfacet
  facet normal -0.336444 -0.549045 -0.765085
    outer loop
      vertex 25.4733 5.4459 2.26795
      vertex 26.2761 4.95396 2.26795
      vertex 25.1605 5.01543 2.71442
    endloop
  endfacet
  facet normal -0.45285 -0.738961 -0.498863
    outer loop
      vertex 26.0345 4.47987 2.71442
      vertex 25.8768 4.17042 3.31596
      vertex 24.9564 4.73446 3.31596
    endloop
  endfacet
  facet normal -0.452835 -0.738999 -0.49882
    outer loop
      vertex 25.1605 5.01543 2.71442
      vertex 26.0345 4.47987 2.71442
      vertex 24.9564 4.73446 3.31596
    endloop
  endfacet
  facet normal -0.5146 -0.839778 -0.173089
    outer loop
      vertex 25.8768 4.17042 3.31596
      vertex 25.8221 4.06295 4
      vertex 24.8855 4.63688 4
    endloop
  endfacet
  facet normal -0.51462 -0.839757 -0.173133
    outer loop
      vertex 24.9564 4.73446 3.31596
      vertex 25.8768 4.17042 3.31596
      vertex 24.8855 4.63688 4
    endloop
  endfacet
  facet normal -0.639622 -0.748938 0.173134
    outer loop
      vertex 24.8855 4.63688 4
      vertex 24.9564 4.73446 4.68404
      vertex 24.1355 5.43554 4.68404
    endloop
  endfacet
  facet normal -0.639671 -0.748915 0.173053
    outer loop
      vertex 24.8855 4.63688 4
      vertex 24.1355 5.43554 4.68404
      vertex 24.0503 5.35025 4
    endloop
  endfacet
  facet normal -0.562889 -0.659039 0.498821
    outer loop
      vertex 24.9564 4.73446 4.68404
      vertex 25.1605 5.01543 5.28557
      vertex 24.3811 5.68112 5.28557
    endloop
  endfacet
  facet normal -0.562847 -0.659042 0.498866
    outer loop
      vertex 24.9564 4.73446 4.68404
      vertex 24.3811 5.68112 5.28557
      vertex 24.1355 5.43554 4.68404
    endloop
  endfacet
  facet normal -0.418211 -0.489643 0.765081
    outer loop
      vertex 25.1605 5.01543 5.28557
      vertex 25.4733 5.4459 5.73205
      vertex 24.7574 6.05736 5.73205
    endloop
  endfacet
  facet normal -0.418207 -0.489643 0.765084
    outer loop
      vertex 25.1605 5.01543 5.28557
      vertex 24.7574 6.05736 5.73205
      vertex 24.3811 5.68112 5.28557
    endloop
  endfacet
  facet normal -0.222745 -0.260784 0.939349
    outer loop
      vertex 25.4733 5.4459 5.73205
      vertex 25.8569 5.97395 5.96961
      vertex 25.2189 6.51889 5.96961
    endloop
  endfacet
  facet normal -0.222738 -0.260782 0.939351
    outer loop
      vertex 25.4733 5.4459 5.73205
      vertex 25.2189 6.51889 5.96961
      vertex 24.7574 6.05736 5.73205
    endloop
  endfacet
  facet normal 0.222698 0.26079 0.939358
    outer loop
      vertex 26.2652 6.53588 5.96961
      vertex 26.5389 6.91262 5.80013
      vertex 26.1996 7.19105 5.80327
    endloop
  endfacet
  facet normal 0.222768 0.260691 0.939369
    outer loop
      vertex 25.71 7.01004 5.96961
      vertex 26.1996 7.19105 5.80327
      vertex 26.0302 7.33015 5.80484
    endloop
  endfacet
  facet normal 0.222725 0.260791 0.939352
    outer loop
      vertex 26.1996 7.19105 5.80327
      vertex 25.71 7.01004 5.96961
      vertex 26.2652 6.53588 5.96961
    endloop
  endfacet
  facet normal 0.639519 0.749017 -0.173175
    outer loop
      vertex 27.1657 7.77537 3.31596
      vertex 27.107 7.9374 3.8
      vertex 27.2159 7.84442 3.8
    endloop
  endfacet
  facet normal 0.639697 0.748881 -0.173107
    outer loop
      vertex 27.107 7.9374 3.8
      vertex 27.1657 7.77537 3.31596
      vertex 26.7934 8.09339 3.31596
    endloop
  endfacet
  facet normal 0.639651 0.74893 -0.173062
    outer loop
      vertex 26.8537 8.15374 3.8
      vertex 27.107 7.9374 3.8
      vertex 26.7934 8.09339 3.31596
    endloop
  endfacet
  facet normal 0.562883 0.659049 -0.498815
    outer loop
      vertex 27.1657 7.77537 3.31596
      vertex 26.9616 7.4944 2.71442
      vertex 26.5478 7.84782 2.71442
    endloop
  endfacet
  facet normal 0.562914 0.658993 -0.498854
    outer loop
      vertex 26.7934 8.09339 3.31596
      vertex 27.1657 7.77537 3.31596
      vertex 26.5478 7.84782 2.71442
    endloop
  endfacet
  facet normal 0.418218 0.489686 -0.76505
    outer loop
      vertex 26.9616 7.4944 2.71442
      vertex 26.6489 7.06393 2.26795
      vertex 26.1716 7.47157 2.26795
    endloop
  endfacet
  facet normal 0.418222 0.489673 -0.765056
    outer loop
      vertex 26.5478 7.84782 2.71442
      vertex 26.9616 7.4944 2.71442
      vertex 26.1716 7.47157 2.26795
    endloop
  endfacet
  facet normal 0.222717 0.260782 -0.939356
    outer loop
      vertex 26.6489 7.06393 2.26795
      vertex 26.2652 6.53588 2.03038
      vertex 25.71 7.01004 2.03038
    endloop
  endfacet
  facet normal 0.222718 0.260777 -0.939357
    outer loop
      vertex 26.1716 7.47157 2.26795
      vertex 26.6489 7.06393 2.26795
      vertex 25.71 7.01004 2.03038
    endloop
  endfacet
  facet normal -0.222749 -0.260796 -0.939344
    outer loop
      vertex 25.8569 5.97395 2.03038
      vertex 25.4733 5.4459 2.26795
      vertex 24.7574 6.05736 2.26795
    endloop
  endfacet
  facet normal -0.222749 -0.260789 -0.939347
    outer loop
      vertex 25.2189 6.51889 2.03038
      vertex 25.8569 5.97395 2.03038
      vertex 24.7574 6.05736 2.26795
    endloop
  endfacet
  facet normal -0.418203 -0.489639 -0.765088
    outer loop
      vertex 25.4733 5.4459 2.26795
      vertex 25.1605 5.01543 2.71442
      vertex 24.3811 5.68112 2.71442
    endloop
  endfacet
  facet normal -0.418204 -0.489634 -0.765091
    outer loop
      vertex 24.7574 6.05736 2.26795
      vertex 25.4733 5.4459 2.26795
      vertex 24.3811 5.68112 2.71442
    endloop
  endfacet
  facet normal -0.562865 -0.659064 -0.498816
    outer loop
      vertex 25.1605 5.01543 2.71442
      vertex 24.9564 4.73446 3.31596
      vertex 24.1355 5.43554 3.31596
    endloop
  endfacet
  facet normal -0.562875 -0.659022 -0.498861
    outer loop
      vertex 24.3811 5.68112 2.71442
      vertex 25.1605 5.01543 2.71442
      vertex 24.1355 5.43554 3.31596
    endloop
  endfacet
  facet normal -0.639662 -0.748904 -0.173133
    outer loop
      vertex 24.9564 4.73446 3.31596
      vertex 24.8855 4.63688 4
      vertex 24.0503 5.35025 4
    endloop
  endfacet
  facet normal -0.639631 -0.748949 -0.173052
    outer loop
      vertex 24.1355 5.43554 3.31596
      vertex 24.9564 4.73446 3.31596
      vertex 24.0503 5.35025 4
    endloop
  endfacet
  facet normal -0.748972 -0.639609 0.173038
    outer loop
      vertex 24.0503 5.35025 4
      vertex 24.1355 5.43554 4.68404
      vertex 23.4345 6.2564 4.68404
    endloop
  endfacet
  facet normal -0.748907 -0.639653 0.173155
    outer loop
      vertex 24.0503 5.35025 4
      vertex 23.4345 6.2564 4.68404
      vertex 23.3369 6.1855 4
    endloop
  endfacet
  facet normal -0.659018 -0.562872 0.498869
    outer loop
      vertex 24.1355 5.43554 4.68404
      vertex 24.3811 5.68112 5.28557
      vertex 23.7154 6.46053 5.28557
    endloop
  endfacet
  facet normal -0.659095 -0.562855 0.498787
    outer loop
      vertex 24.1355 5.43554 4.68404
      vertex 23.7154 6.46053 5.28557
      vertex 23.4345 6.2564 4.68404
    endloop
  endfacet
  facet normal -0.489632 -0.418211 0.765088
    outer loop
      vertex 24.3811 5.68112 5.28557
      vertex 24.7574 6.05736 5.73205
      vertex 24.1459 6.77329 5.73205
    endloop
  endfacet
  facet normal -0.489647 -0.418211 0.765079
    outer loop
      vertex 24.3811 5.68112 5.28557
      vertex 24.1459 6.77329 5.73205
      vertex 23.7154 6.46053 5.28557
    endloop
  endfacet
  facet normal -0.260776 -0.222746 0.939351
    outer loop
      vertex 24.7574 6.05736 5.73205
      vertex 25.2189 6.51889 5.96961
      vertex 24.6739 7.15694 5.96961
    endloop
  endfacet
  facet normal -0.260786 -0.222746 0.939348
    outer loop
      vertex 24.7574 6.05736 5.73205
      vertex 24.6739 7.15694 5.96961
      vertex 24.1459 6.77329 5.73205
    endloop
  endfacet
  facet normal 0.26072 0.222729 0.939371
    outer loop
      vertex 25.71 7.01004 5.96961
      vertex 26.0302 7.33015 5.80484
      vertex 25.7481 7.67378 5.80166
    endloop
  endfacet
  facet normal 0.260808 0.2227 0.939353
    outer loop
      vertex 25.2359 7.56521 5.96961
      vertex 25.7481 7.67378 5.80166
      vertex 25.6126 7.83892 5.80013
    endloop
  endfacet
  facet normal 0.260803 0.222719 0.93935
    outer loop
      vertex 25.7481 7.67378 5.80166
      vertex 25.2359 7.56521 5.96961
      vertex 25.71 7.01004 5.96961
    endloop
  endfacet
  facet normal 0.749219 0.639317 -0.173045
    outer loop
      vertex 26.7934 8.09339 3.31596
      vertex 26.7608 8.26261 3.8
      vertex 26.8537 8.15374 3.8
    endloop
  endfacet
  facet normal 0.748944 0.639607 -0.173165
    outer loop
      vertex 26.7608 8.26261 3.8
      vertex 26.7934 8.09339 3.31596
      vertex 26.4754 8.46575 3.31596
    endloop
  endfacet
  facet normal 0.748845 0.639755 -0.173044
    outer loop
      vertex 26.5444 8.51591 3.8
      vertex 26.7608 8.26261 3.8
      vertex 26.4754 8.46575 3.31596
    endloop
  endfacet
  facet normal 0.659041 0.562858 -0.498855
    outer loop
      vertex 26.7934 8.09339 3.31596
      vertex 26.5478 7.84782 2.71442
      vertex 26.1944 8.26161 2.71442
    endloop
  endfacet
  facet normal 0.659049 0.562836 -0.49887
    outer loop
      vertex 26.4754 8.46575 3.31596
      vertex 26.7934 8.09339 3.31596
      vertex 26.1944 8.26161 2.71442
    endloop
  endfacet
  facet normal 0.489647 0.418255 -0.765054
    outer loop
      vertex 26.5478 7.84782 2.71442
      vertex 26.1716 7.47157 2.26795
      vertex 25.7639 7.94886 2.26795
    endloop
  endfacet
  facet normal 0.489655 0.418193 -0.765083
    outer loop
      vertex 26.1944 8.26161 2.71442
      vertex 26.5478 7.84782 2.71442
      vertex 25.7639 7.94886 2.26795
    endloop
  endfacet
  facet normal 0.260786 0.222704 -0.939358
    outer loop
      vertex 26.1716 7.47157 2.26795
      vertex 25.71 7.01004 2.03038
      vertex 25.2359 7.56521 2.03038
    endloop
  endfacet
  facet normal 0.260788 0.222765 -0.939343
    outer loop
      vertex 25.7639 7.94886 2.26795
      vertex 26.1716 7.47157 2.26795
      vertex 25.2359 7.56521 2.03038
    endloop
  endfacet
  facet normal -0.26079 -0.22275 -0.939346
    outer loop
      vertex 25.2189 6.51889 2.03038
      vertex 24.7574 6.05736 2.26795
      vertex 24.1459 6.77329 2.26795
    endloop
  endfacet
  facet normal -0.260792 -0.222759 -0.939343
    outer loop
      vertex 24.6739 7.15694 2.03038
      vertex 25.2189 6.51889 2.03038
      vertex 24.1459 6.77329 2.26795
    endloop
  endfacet
  facet normal -0.489632 -0.418199 -0.765095
    outer loop
      vertex 24.7574 6.05736 2.26795
      vertex 24.3811 5.68112 2.71442
      vertex 23.7154 6.46053 2.71442
    endloop
  endfacet
  facet normal -0.489634 -0.418213 -0.765086
    outer loop
      vertex 24.1459 6.77329 2.26795
      vertex 24.7574 6.05736 2.26795
      vertex 23.7154 6.46053 2.71442
    endloop
  endfacet
  facet normal -0.659062 -0.562827 -0.498861
    outer loop
      vertex 24.3811 5.68112 2.71442
      vertex 24.1355 5.43554 3.31596
      vertex 23.4345 6.2564 3.31596
    endloop
  endfacet
  facet normal -0.659057 -0.562906 -0.498779
    outer loop
      vertex 23.7154 6.46053 2.71442
      vertex 24.3811 5.68112 2.71442
      vertex 23.4345 6.2564 3.31596
    endloop
  endfacet
  facet normal -0.748922 -0.639666 -0.173039
    outer loop
      vertex 24.1355 5.43554 3.31596
      vertex 24.0503 5.35025 4
      vertex 23.3369 6.1855 4
    endloop
  endfacet
  facet normal -0.748956 -0.639595 -0.173156
    outer loop
      vertex 23.4345 6.2564 3.31596
      vertex 24.1355 5.43554 3.31596
      vertex 23.3369 6.1855 4
    endloop
  endfacet
  facet normal -0.839734 -0.514649 0.173157
    outer loop
      vertex 23.3369 6.1855 4
      vertex 23.4345 6.2564 4.68404
      vertex 22.8704 7.17682 4.68404
    endloop
  endfacet
  facet normal -0.83979 -0.514596 0.173042
    outer loop
      vertex 23.3369 6.1855 4
      vertex 22.8704 7.17682 4.68404
      vertex 22.763 7.12207 4
    endloop
  endfacet
  facet normal -0.739033 -0.452826 0.498778
    outer loop
      vertex 23.4345 6.2564 4.68404
      vertex 23.7154 6.46053 5.28557
      vertex 23.1799 7.33449 5.28557
    endloop
  endfacet
  facet normal -0.738927 -0.452868 0.498897
    outer loop
      vertex 23.4345 6.2564 4.68404
      vertex 23.1799 7.33449 5.28557
      vertex 22.8704 7.17682 4.68404
    endloop
  endfacet
  facet normal -0.549057 -0.336436 0.76508
    outer loop
      vertex 23.7154 6.46053 5.28557
      vertex 24.1459 6.77329 5.73205
      vertex 23.654 7.57606 5.73205
    endloop
  endfacet
  facet normal -0.549074 -0.336433 0.765069
    outer loop
      vertex 23.7154 6.46053 5.28557
      vertex 23.654 7.57606 5.73205
      vertex 23.1799 7.33449 5.28557
    endloop
  endfacet
  facet normal -0.292432 -0.179193 0.939347
    outer loop
      vertex 24.6739 7.15694 5.96961
      vertex 24.2355 7.87238 5.96961
      vertex 24.1459 6.77329 5.73205
    endloop
  endfacet
  facet normal -0.292438 -0.179192 0.939346
    outer loop
      vertex 24.1459 6.77329 5.73205
      vertex 24.2355 7.87238 5.96961
      vertex 23.654 7.57606 5.73205
    endloop
  endfacet
  facet normal 0.2924 0.179219 0.939352
    outer loop
      vertex 25.5078 7.96661 5.80839
      vertex 25.2359 7.56521 5.96961
      vertex 25.6126 7.83892 5.80013
    endloop
  endfacet
  facet normal 0.292437 0.179192 0.939346
    outer loop
      vertex 25.2359 7.56521 5.96961
      vertex 25.5078 7.96661 5.80839
      vertex 25.3767 8.21191 5.80241
    endloop
  endfacet
  facet normal 0.292417 0.179116 0.939367
    outer loop
      vertex 24.8544 8.18772 5.96961
      vertex 25.3767 8.21191 5.80241
      vertex 25.2751 8.40206 5.79778
    endloop
  endfacet
  facet normal 0.292409 0.1792 0.939353
    outer loop
      vertex 25.3767 8.21191 5.80241
      vertex 24.8544 8.18772 5.96961
      vertex 25.2359 7.56521 5.96961
    endloop
  endfacet
  facet normal 0.839811 0.514563 -0.173038
    outer loop
      vertex 26.4754 8.46575 3.31596
      vertex 26.4696 8.63799 3.8
      vertex 26.5444 8.51591 3.8
    endloop
  endfacet
  facet normal 0.839733 0.514676 -0.17308
    outer loop
      vertex 26.4696 8.63799 3.8
      vertex 26.4754 8.46575 3.31596
      vertex 26.2195 8.88327 3.31596
    endloop
  endfacet
  facet normal 0.839821 0.514484 -0.173223
    outer loop
      vertex 26.2956 8.92202 3.8
      vertex 26.4696 8.63799 3.8
      vertex 26.2195 8.88327 3.31596
    endloop
  endfacet
  facet normal 0.738988 0.452799 -0.498869
    outer loop
      vertex 26.4754 8.46575 3.31596
      vertex 26.1944 8.26161 2.71442
      vertex 25.9101 8.7256 2.71442
    endloop
  endfacet
  facet normal 0.738965 0.452915 -0.498798
    outer loop
      vertex 26.2195 8.88327 3.31596
      vertex 26.4754 8.46575 3.31596
      vertex 25.9101 8.7256 2.71442
    endloop
  endfacet
  facet normal 0.549069 0.33641 -0.765083
    outer loop
      vertex 26.1944 8.26161 2.71442
      vertex 25.7639 7.94886 2.26795
      vertex 25.436 8.48404 2.26795
    endloop
  endfacet
  facet normal 0.54907 0.336431 -0.765073
    outer loop
      vertex 25.9101 8.7256 2.71442
      vertex 26.1944 8.26161 2.71442
      vertex 25.436 8.48404 2.26795
    endloop
  endfacet
  facet normal 0.292432 0.179215 -0.939343
    outer loop
      vertex 25.7639 7.94886 2.26795
      vertex 25.2359 7.56521 2.03038
      vertex 24.8544 8.18772 2.03038
    endloop
  endfacet
  facet normal 0.292422 0.179164 -0.939356
    outer loop
      vertex 25.436 8.48404 2.26795
      vertex 25.7639 7.94886 2.26795
      vertex 24.8544 8.18772 2.03038
    endloop
  endfacet
  facet normal -0.292445 -0.179197 -0.939343
    outer loop
      vertex 24.6739 7.15694 2.03038
      vertex 24.1459 6.77329 2.26795
      vertex 23.654 7.57606 2.26795
    endloop
  endfacet
  facet normal -0.292447 -0.179203 -0.939341
    outer loop
      vertex 24.2355 7.87238 2.03038
      vertex 24.6739 7.15694 2.03038
      vertex 23.654 7.57606 2.26795
    endloop
  endfacet
  facet normal -0.549056 -0.336422 -0.765086
    outer loop
      vertex 24.1459 6.77329 2.26795
      vertex 23.7154 6.46053 2.71442
      vertex 23.1799 7.33449 2.71442
    endloop
  endfacet
  facet normal -0.549061 -0.336439 -0.765076
    outer loop
      vertex 23.654 7.57606 2.26795
      vertex 24.1459 6.77329 2.26795
      vertex 23.1799 7.33449 2.71442
    endloop
  endfacet
  facet normal -0.738987 -0.452905 -0.498774
    outer loop
      vertex 23.7154 6.46053 2.71442
      vertex 23.4345 6.2564 3.31596
      vertex 22.8704 7.17682 3.31596
    endloop
  endfacet
  facet normal -0.738976 -0.452791 -0.498894
    outer loop
      vertex 23.1799 7.33449 2.71442
      vertex 23.7154 6.46053 2.71442
      vertex 22.8704 7.17682 3.31596
    endloop
  endfacet
  facet normal -0.839773 -0.514586 -0.173156
    outer loop
      vertex 23.4345 6.2564 3.31596
      vertex 23.3369 6.1855 4
      vertex 22.763 7.12207 4
    endloop
  endfacet
  facet normal -0.839751 -0.51466 -0.173041
    outer loop
      vertex 22.8704 7.17682 3.31596
      vertex 23.4345 6.2564 3.31596
      vertex 22.763 7.12207 4
    endloop
  endfacet
  facet normal -0.909946 -0.376905 0.173036
    outer loop
      vertex 22.763 7.12207 4
      vertex 22.8704 7.17682 4.68404
      vertex 22.4573 8.17415 4.68404
    endloop
  endfacet
  facet normal -0.909914 -0.376945 0.173113
    outer loop
      vertex 22.763 7.12207 4
      vertex 22.4573 8.17415 4.68404
      vertex 22.3426 8.13688 4
    endloop
  endfacet
  facet normal -0.800673 -0.33169 0.498904
    outer loop
      vertex 22.8704 7.17682 4.68404
      vertex 23.1799 7.33449 5.28557
      vertex 22.7876 8.28147 5.28557
    endloop
  endfacet
  facet normal -0.800719 -0.331663 0.498847
    outer loop
      vertex 22.8704 7.17682 4.68404
      vertex 22.7876 8.28147 5.28557
      vertex 22.4573 8.17415 4.68404
    endloop
  endfacet
  facet normal -0.594932 -0.246429 0.765067
    outer loop
      vertex 23.654 7.57606 5.73205
      vertex 23.2937 8.4459 5.73205
      vertex 23.1799 7.33449 5.28557
    endloop
  endfacet
  facet normal -0.594894 -0.246443 0.765093
    outer loop
      vertex 23.1799 7.33449 5.28557
      vertex 23.2937 8.4459 5.73205
      vertex 22.7876 8.28147 5.28557
    endloop
  endfacet
  facet normal -0.316868 -0.13125 0.939345
    outer loop
      vertex 24.2355 7.87238 5.96961
      vertex 23.9144 8.64759 5.96961
      vertex 23.654 7.57606 5.73205
    endloop
  endfacet
  facet normal -0.316866 -0.13125 0.939345
    outer loop
      vertex 23.654 7.57606 5.73205
      vertex 23.9144 8.64759 5.96961
      vertex 23.2937 8.4459 5.73205
    endloop
  endfacet
  facet normal 0.316796 0.131265 0.939367
    outer loop
      vertex 25.1197 8.69273 5.80957
      vertex 24.8544 8.18772 5.96961
      vertex 25.2751 8.40206 5.79778
    endloop
  endfacet
  facet normal 0.316869 0.131221 0.939348
    outer loop
      vertex 24.8544 8.18772 5.96961
      vertex 25.1197 8.69273 5.80957
      vertex 25.0897 8.79166 5.80587
    endloop
  endfacet
  facet normal 0.316834 0.131267 0.939354
    outer loop
      vertex 24.575 8.86224 5.96961
      vertex 25.0897 8.79166 5.80587
      vertex 25.024 9.00813 5.79778
    endloop
  endfacet
  facet normal 0.316832 0.131238 0.939358
    outer loop
      vertex 25.0897 8.79166 5.80587
      vertex 24.575 8.86224 5.96961
      vertex 24.8544 8.18772 5.96961
    endloop
  endfacet
  facet normal 0.909883 0.376968 -0.173229
    outer loop
      vertex 26.2195 8.88327 3.31596
      vertex 26.2408 9.05429 3.8
      vertex 26.2956 8.92202 3.8
    endloop
  endfacet
  facet normal 0.909911 0.376909 -0.173209
    outer loop
      vertex 26.2408 9.05429 3.8
      vertex 26.2195 8.88327 3.31596
      vertex 26.0321 9.33568 3.31596
    endloop
  endfacet
  facet normal 0.909898 0.376956 -0.173176
    outer loop
      vertex 26.1133 9.36205 3.8
      vertex 26.2408 9.05429 3.8
      vertex 26.0321 9.33568 3.31596
    endloop
  endfacet
  facet normal 0.800715 0.331746 -0.498799
    outer loop
      vertex 26.2195 8.88327 3.31596
      vertex 25.9101 8.7256 2.71442
      vertex 25.7018 9.22836 2.71442
    endloop
  endfacet
  facet normal 0.800717 0.331678 -0.498841
    outer loop
      vertex 26.0321 9.33568 3.31596
      vertex 26.2195 8.88327 3.31596
      vertex 25.7018 9.22836 2.71442
    endloop
  endfacet
  facet normal 0.594926 0.246428 -0.765072
    outer loop
      vertex 25.9101 8.7256 2.71442
      vertex 25.436 8.48404 2.26795
      vertex 25.1958 9.06393 2.26795
    endloop
  endfacet
  facet normal 0.594938 0.24649 -0.765043
    outer loop
      vertex 25.7018 9.22836 2.71442
      vertex 25.9101 8.7256 2.71442
      vertex 25.1958 9.06393 2.26795
    endloop
  endfacet
  facet normal 0.316839 0.131241 -0.939356
    outer loop
      vertex 25.436 8.48404 2.26795
      vertex 24.8544 8.18772 2.03038
      vertex 24.575 8.86224 2.03038
    endloop
  endfacet
  facet normal 0.316838 0.13124 -0.939356
    outer loop
      vertex 25.1958 9.06393 2.26795
      vertex 25.436 8.48404 2.26795
      vertex 24.575 8.86224 2.03038
    endloop
  endfacet
  facet normal -0.316879 -0.131256 -0.93934
    outer loop
      vertex 24.2355 7.87238 2.03038
      vertex 23.654 7.57606 2.26795
      vertex 23.2937 8.4459 2.26795
    endloop
  endfacet
  facet normal -0.316878 -0.131254 -0.93934
    outer loop
      vertex 23.9144 8.64759 2.03038
      vertex 24.2355 7.87238 2.03038
      vertex 23.2937 8.4459 2.26795
    endloop
  endfacet
  facet normal -0.594913 -0.246451 -0.765076
    outer loop
      vertex 23.654 7.57606 2.26795
      vertex 23.1799 7.33449 2.71442
      vertex 22.7876 8.28147 2.71442
    endloop
  endfacet
  facet normal -0.594896 -0.246414 -0.765101
    outer loop
      vertex 23.2937 8.4459 2.26795
      vertex 23.654 7.57606 2.26795
      vertex 22.7876 8.28147 2.71442
    endloop
  endfacet
  facet normal -0.800693 -0.331652 -0.498896
    outer loop
      vertex 23.1799 7.33449 2.71442
      vertex 22.8704 7.17682 3.31596
      vertex 22.4573 8.17415 3.31596
    endloop
  endfacet
  facet normal -0.800707 -0.331704 -0.49884
    outer loop
      vertex 22.7876 8.28147 2.71442
      vertex 23.1799 7.33449 2.71442
      vertex 22.4573 8.17415 3.31596
    endloop
  endfacet
  facet normal -0.909927 -0.376951 -0.173037
    outer loop
      vertex 22.8704 7.17682 3.31596
      vertex 22.763 7.12207 4
      vertex 22.3426 8.13688 4
    endloop
  endfacet
  facet normal -0.909933 -0.3769 -0.173113
    outer loop
      vertex 22.4573 8.17415 3.31596
      vertex 22.8704 7.17682 3.31596
      vertex 22.3426 8.13688 4
    endloop
  endfacet
  facet normal -0.95769 -0.229916 0.173113
    outer loop
      vertex 22.3426 8.13688 4
      vertex 22.4573 8.17415 4.68404
      vertex 22.2053 9.22383 4.68404
    endloop
  endfacet
  facet normal -0.957698 -0.229902 0.173089
    outer loop
      vertex 22.3426 8.13688 4
      vertex 22.2053 9.22383 4.68404
      vertex 22.0862 9.20496 4
    endloop
  endfacet
  facet normal -0.84274 -0.202337 0.498848
    outer loop
      vertex 22.7876 8.28147 5.28557
      vertex 22.5483 9.27816 5.28557
      vertex 22.4573 8.17415 4.68404
    endloop
  endfacet
  facet normal -0.842757 -0.202323 0.498824
    outer loop
      vertex 22.4573 8.17415 4.68404
      vertex 22.5483 9.27816 5.28557
      vertex 22.2053 9.22383 4.68404
    endloop
  endfacet
  facet normal -0.626124 -0.150326 0.765095
    outer loop
      vertex 23.2937 8.4459 5.73205
      vertex 23.0739 9.36139 5.73205
      vertex 22.7876 8.28147 5.28557
    endloop
  endfacet
  facet normal -0.626121 -0.150328 0.765098
    outer loop
      vertex 22.7876 8.28147 5.28557
      vertex 23.0739 9.36139 5.73205
      vertex 22.5483 9.27816 5.28557
    endloop
  endfacet
  facet normal -0.333496 -0.0800724 0.939345
    outer loop
      vertex 23.9144 8.64759 5.96961
      vertex 23.7185 9.4635 5.96961
      vertex 23.2937 8.4459 5.73205
    endloop
  endfacet
  facet normal -0.333501 -0.0800702 0.939343
    outer loop
      vertex 23.2937 8.4459 5.73205
      vertex 23.7185 9.4635 5.96961
      vertex 23.0739 9.36139 5.73205
    endloop
  endfacet
  facet normal 0.333484 0.0800244 0.939353
    outer loop
      vertex 25.024 9.00813 5.79778
      vertex 24.8997 9.41813 5.80698
      vertex 24.575 8.86224 5.96961
    endloop
  endfacet
  facet normal 0.333504 0.0802066 0.939331
    outer loop
      vertex 24.4046 9.57216 5.96961
      vertex 24.8997 9.41813 5.80698
      vertex 24.8807 9.48062 5.80839
    endloop
  endfacet
  facet normal 0.333483 0.0800673 0.93935
    outer loop
      vertex 24.4046 9.57216 5.96961
      vertex 24.8807 9.48062 5.80839
      vertex 24.8645 9.645 5.80013
    endloop
  endfacet
  facet normal 0.333461 0.0800397 0.93936
    outer loop
      vertex 24.8997 9.41813 5.80698
      vertex 24.4046 9.57216 5.96961
      vertex 24.575 8.86224 5.96961
    endloop
  endfacet
  facet normal 0.957715 0.229764 -0.173178
    outer loop
      vertex 26.0321 9.33568 3.31596
      vertex 26.0799 9.50127 3.8
      vertex 26.1133 9.36205 3.8
    endloop
  endfacet
  facet normal 0.957677 0.229891 -0.173218
    outer loop
      vertex 26.0799 9.50127 3.8
      vertex 26.0321 9.33568 3.31596
      vertex 25.9178 9.81183 3.31596
    endloop
  endfacet
  facet normal 0.957662 0.230021 -0.17313
    outer loop
      vertex 26.0021 9.82518 3.8
      vertex 26.0799 9.50127 3.8
      vertex 25.9178 9.81183 3.31596
    endloop
  endfacet
  facet normal 0.84276 0.202273 -0.498839
    outer loop
      vertex 26.0321 9.33568 3.31596
      vertex 25.7018 9.22836 2.71442
      vertex 25.5748 9.7575 2.71442
    endloop
  endfacet
  facet normal 0.842765 0.202306 -0.498819
    outer loop
      vertex 25.9178 9.81183 3.31596
      vertex 26.0321 9.33568 3.31596
      vertex 25.5748 9.7575 2.71442
    endloop
  endfacet
  facet normal 0.626165 0.150404 -0.765047
    outer loop
      vertex 25.7018 9.22836 2.71442
      vertex 25.1958 9.06393 2.26795
      vertex 25.0492 9.67426 2.26795
    endloop
  endfacet
  facet normal 0.62612 0.150276 -0.765108
    outer loop
      vertex 25.5748 9.7575 2.71442
      vertex 25.7018 9.22836 2.71442
      vertex 25.0492 9.67426 2.26795
    endloop
  endfacet
  facet normal 0.333472 0.0800422 -0.939356
    outer loop
      vertex 25.1958 9.06393 2.26795
      vertex 24.575 8.86224 2.03038
      vertex 24.4046 9.57216 2.03038
    endloop
  endfacet
  facet normal 0.333508 0.080108 -0.939338
    outer loop
      vertex 25.0492 9.67426 2.26795
      vertex 25.1958 9.06393 2.26795
      vertex 24.4046 9.57216 2.03038
    endloop
  endfacet
  facet normal -0.333509 -0.0800723 -0.93934
    outer loop
      vertex 23.9144 8.64759 2.03038
      vertex 23.2937 8.4459 2.26795
      vertex 23.0739 9.36139 2.26795
    endloop
  endfacet
  facet normal -0.333512 -0.0800763 -0.939339
    outer loop
      vertex 23.7185 9.4635 2.03038
      vertex 23.9144 8.64759 2.03038
      vertex 23.0739 9.36139 2.26795
    endloop
  endfacet
  facet normal -0.626115 -0.150327 -0.765102
    outer loop
      vertex 23.2937 8.4459 2.26795
      vertex 22.7876 8.28147 2.71442
      vertex 22.5483 9.27816 2.71442
    endloop
  endfacet
  facet normal -0.626113 -0.150323 -0.765105
    outer loop
      vertex 23.0739 9.36139 2.26795
      vertex 23.2937 8.4459 2.26795
      vertex 22.5483 9.27816 2.71442
    endloop
  endfacet
  facet normal -0.842748 -0.202321 -0.498841
    outer loop
      vertex 22.7876 8.28147 2.71442
      vertex 22.4573 8.17415 3.31596
      vertex 22.2053 9.22383 3.31596
    endloop
  endfacet
  facet normal -0.842757 -0.202341 -0.498818
    outer loop
      vertex 22.5483 9.27816 2.71442
      vertex 22.7876 8.28147 2.71442
      vertex 22.2053 9.22383 3.31596
    endloop
  endfacet
  facet normal -0.957694 -0.229901 -0.173113
    outer loop
      vertex 22.4573 8.17415 3.31596
      vertex 22.3426 8.13688 4
      vertex 22.0862 9.20496 4
    endloop
  endfacet
  facet normal -0.957694 -0.229917 -0.173089
    outer loop
      vertex 22.2053 9.22383 3.31596
      vertex 22.4573 8.17415 3.31596
      vertex 22.0862 9.20496 4
    endloop
  endfacet
  facet normal -0.98187 -0.0772781 0.173088
    outer loop
      vertex 22.2053 9.22383 4.68404
      vertex 22.1206 10.3 4.68404
      vertex 22.0862 9.20496 4
    endloop
  endfacet
  facet normal -0.981865 -0.0772911 0.173108
    outer loop
      vertex 22.0862 9.20496 4
      vertex 22.1206 10.3 4.68404
      vertex 22 10.3 4
    endloop
  endfacet
  facet normal -0.864033 -0.0679835 0.498823
    outer loop
      vertex 22.5483 9.27816 5.28557
      vertex 22.4679 10.3 5.28557
      vertex 22.2053 9.22383 4.68404
    endloop
  endfacet
  facet normal -0.864017 -0.0680025 0.49885
    outer loop
      vertex 22.2053 9.22383 4.68404
      vertex 22.4679 10.3 5.28557
      vertex 22.1206 10.3 4.68404
    endloop
  endfacet
  facet normal -0.641924 -0.0505409 0.7651
    outer loop
      vertex 23.0739 9.36139 5.73205
      vertex 23 10.3 5.73205
      vertex 22.5483 9.27816 5.28557
    endloop
  endfacet
  facet normal -0.641963 -0.0505107 0.76507
    outer loop
      vertex 22.5483 9.27816 5.28557
      vertex 23 10.3 5.73205
      vertex 22.4679 10.3 5.28557
    endloop
  endfacet
  facet normal -0.341924 -0.0268961 0.939343
    outer loop
      vertex 23.7185 9.4635 5.96961
      vertex 23.6527 10.3 5.96961
      vertex 23.0739 9.36139 5.73205
    endloop
  endfacet
  facet normal -0.341892 -0.0269183 0.939354
    outer loop
      vertex 23.0739 9.36139 5.73205
      vertex 23.6527 10.3 5.96961
      vertex 23 10.3 5.73205
    endloop
  endfacet
  facet normal 0 0 1
    outer loop
      vertex 33.6527 10.3 5.96961
      vertex 34.3473 10.3 5.96961
      vertex 34.2815 11.1365 5.96961
    endloop
  endfacet
  facet normal 0 0 1
    outer loop
      vertex 33.5954 11.0278 5.96961
      vertex 34.2815 11.1365 5.96961
      vertex 34.0856 11.9524 5.96961
    endloop
  endfacet
  facet normal 0 0 1
    outer loop
      vertex 34.3473 10.3 5.96961
      vertex 33.6527 10.3 5.96961
      vertex 34.2815 9.4635 5.96961
    endloop
  endfacet
  facet normal 0 0 1
    outer loop
      vertex 33.425 11.7378 5.96961
      vertex 34.0856 11.9524 5.96961
      vertex 33.7645 12.7276 5.96961
    endloop
  endfacet
  facet normal -0 0 1
    outer loop
      vertex 33.5954 9.57216 5.96961
      vertex 34.2815 9.4635 5.96961
      vertex 33.6527 10.3 5.96961
    endloop
  endfacet
  facet normal 0 0 1
    outer loop
      vertex 34.2815 9.4635 5.96961
      vertex 33.5954 9.57216 5.96961
      vertex 34.0856 8.64759 5.96961
    endloop
  endfacet
  facet normal 0 0 1
    outer loop
      vertex 34.2815 11.1365 5.96961
      vertex 33.5954 11.0278 5.96961
      vertex 33.6527 10.3 5.96961
    endloop
  endfacet
  facet normal 0 0 1
    outer loop
      vertex 34.0856 11.9524 5.96961
      vertex 33.425 11.7378 5.96961
      vertex 33.5954 11.0278 5.96961
    endloop
  endfacet
  facet normal 0 0 1
    outer loop
      vertex 33.1456 12.4123 5.96961
      vertex 33.7645 12.7276 5.96961
      vertex 33.3261 13.4431 5.96961
    endloop
  endfacet
  facet normal 0 0 1
    outer loop
      vertex 33.7645 12.7276 5.96961
      vertex 33.1456 12.4123 5.96961
      vertex 33.425 11.7378 5.96961
    endloop
  endfacet
  facet normal 0 0 1
    outer loop
      vertex 32.7641 13.0348 5.96961
      vertex 33.3261 13.4431 5.96961
      vertex 32.7811 14.0811 5.96961
    endloop
  endfacet
  facet normal 0 0 1
    outer loop
      vertex 33.3261 13.4431 5.96961
      vertex 32.7641 13.0348 5.96961
      vertex 33.1456 12.4123 5.96961
    endloop
  endfacet
  facet normal 0 0 1
    outer loop
      vertex 32.7811 14.0811 5.96961
      vertex 32.29 13.59 5.96961
      vertex 32.7641 13.0348 5.96961
    endloop
  endfacet
  facet normal 0 0 1
    outer loop
      vertex 32.1431 14.6261 5.96961
      vertex 32.29 13.59 5.96961
      vertex 32.7811 14.0811 5.96961
    endloop
  endfacet
  facet normal 0 0 1
    outer loop
      vertex 32.1431 14.6261 5.96961
      vertex 31.7348 14.0641 5.96961
      vertex 32.29 13.59 5.96961
    endloop
  endfacet
  facet normal 0 0 1
    outer loop
      vertex 31.4276 15.0645 5.96961
      vertex 31.7348 14.0641 5.96961
      vertex 32.1431 14.6261 5.96961
    endloop
  endfacet
  facet normal 0 0 1
    outer loop
      vertex 31.4276 15.0645 5.96961
      vertex 31.1123 14.4456 5.96961
      vertex 31.7348 14.0641 5.96961
    endloop
  endfacet
  facet normal 0 0 1
    outer loop
      vertex 30.6524 15.3856 5.96961
      vertex 31.1123 14.4456 5.96961
      vertex 31.4276 15.0645 5.96961
    endloop
  endfacet
  facet normal 0 0 1
    outer loop
      vertex 30.6524 15.3856 5.96961
      vertex 30.4378 14.725 5.96961
      vertex 31.1123 14.4456 5.96961
    endloop
  endfacet
  facet normal 0 0 1
    outer loop
      vertex 29.8365 15.5815 5.96961
      vertex 30.4378 14.725 5.96961
      vertex 30.6524 15.3856 5.96961
    endloop
  endfacet
  facet normal 0 0 1
    outer loop
      vertex 29.8365 15.5815 5.96961
      vertex 29.7278 14.8954 5.96961
      vertex 30.4378 14.725 5.96961
    endloop
  endfacet
  facet normal 0 0 1
    outer loop
      vertex 29 15.6473 5.96961
      vertex 29.7278 14.8954 5.96961
      vertex 29.8365 15.5815 5.96961
    endloop
  endfacet
  facet normal 0 0 1
    outer loop
      vertex 29 15.6473 5.96961
      vertex 29 14.9527 5.96961
      vertex 29.7278 14.8954 5.96961
    endloop
  endfacet
  facet normal 0 0 1
    outer loop
      vertex 29 15.6473 5.96961
      vertex 28.2722 14.8954 5.96961
      vertex 29 14.9527 5.96961
    endloop
  endfacet
  facet normal -0 0 1
    outer loop
      vertex 28.1635 15.5815 5.96961
      vertex 28.2722 14.8954 5.96961
      vertex 29 15.6473 5.96961
    endloop
  endfacet
  facet normal 0 0 1
    outer loop
      vertex 28.1635 15.5815 5.96961
      vertex 27.5622 14.725 5.96961
      vertex 28.2722 14.8954 5.96961
    endloop
  endfacet
  facet normal -0 0 1
    outer loop
      vertex 27.3476 15.3856 5.96961
      vertex 27.5622 14.725 5.96961
      vertex 28.1635 15.5815 5.96961
    endloop
  endfacet
  facet normal 0 0 1
    outer loop
      vertex 27.3476 15.3856 5.96961
      vertex 26.8877 14.4456 5.96961
      vertex 27.5622 14.725 5.96961
    endloop
  endfacet
  facet normal -0 0 1
    outer loop
      vertex 26.5724 15.0645 5.96961
      vertex 26.8877 14.4456 5.96961
      vertex 27.3476 15.3856 5.96961
    endloop
  endfacet
  facet normal 0 0 1
    outer loop
      vertex 26.5724 15.0645 5.96961
      vertex 26.2652 14.0641 5.96961
      vertex 26.8877 14.4456 5.96961
    endloop
  endfacet
  facet normal -0 0 1
    outer loop
      vertex 25.8569 14.6261 5.96961
      vertex 26.2652 14.0641 5.96961
      vertex 26.5724 15.0645 5.96961
    endloop
  endfacet
  facet normal 0 0 1
    outer loop
      vertex 25.8569 14.6261 5.96961
      vertex 25.71 13.59 5.96961
      vertex 26.2652 14.0641 5.96961
    endloop
  endfacet
  facet normal -0 0 1
    outer loop
      vertex 25.2189 14.0811 5.96961
      vertex 25.71 13.59 5.96961
      vertex 25.8569 14.6261 5.96961
    endloop
  endfacet
  facet normal 0 0 1
    outer loop
      vertex 25.71 13.59 5.96961
      vertex 25.2189 14.0811 5.96961
      vertex 25.2359 13.0348 5.96961
    endloop
  endfacet
  facet normal -0 0 1
    outer loop
      vertex 24.6739 13.4431 5.96961
      vertex 25.2359 13.0348 5.96961
      vertex 25.2189 14.0811 5.96961
    endloop
  endfacet
  facet normal 0 0 1
    outer loop
      vertex 25.2359 13.0348 5.96961
      vertex 24.6739 13.4431 5.96961
      vertex 24.8544 12.4123 5.96961
    endloop
  endfacet
  facet normal -0 0 1
    outer loop
      vertex 24.2355 12.7276 5.96961
      vertex 24.8544 12.4123 5.96961
      vertex 24.6739 13.4431 5.96961
    endloop
  endfacet
  facet normal 0 0 1
    outer loop
      vertex 24.8544 12.4123 5.96961
      vertex 24.2355 12.7276 5.96961
      vertex 24.575 11.7378 5.96961
    endloop
  endfacet
  facet normal 0 0 1
    outer loop
      vertex 24.575 11.7378 5.96961
      vertex 23.9144 11.9524 5.96961
      vertex 24.4046 11.0278 5.96961
    endloop
  endfacet
  facet normal -0 0 1
    outer loop
      vertex 23.9144 11.9524 5.96961
      vertex 24.575 11.7378 5.96961
      vertex 24.2355 12.7276 5.96961
    endloop
  endfacet
  facet normal -0 0 1
    outer loop
      vertex 33.425 8.86224 5.96961
      vertex 34.0856 8.64759 5.96961
      vertex 33.5954 9.57216 5.96961
    endloop
  endfacet
  facet normal 0 0 1
    outer loop
      vertex 34.0856 8.64759 5.96961
      vertex 33.425 8.86224 5.96961
      vertex 33.7645 7.87238 5.96961
    endloop
  endfacet
  facet normal -0 0 1
    outer loop
      vertex 33.1456 8.18772 5.96961
      vertex 33.7645 7.87238 5.96961
      vertex 33.425 8.86224 5.96961
    endloop
  endfacet
  facet normal 0 0 1
    outer loop
      vertex 33.7645 7.87238 5.96961
      vertex 33.1456 8.18772 5.96961
      vertex 33.3261 7.15694 5.96961
    endloop
  endfacet
  facet normal -0 0 1
    outer loop
      vertex 32.7641 7.56521 5.96961
      vertex 33.3261 7.15694 5.96961
      vertex 33.1456 8.18772 5.96961
    endloop
  endfacet
  facet normal 0 0 1
    outer loop
      vertex 33.3261 7.15694 5.96961
      vertex 32.7641 7.56521 5.96961
      vertex 32.7811 6.51889 5.96961
    endloop
  endfacet
  facet normal -0 0 1
    outer loop
      vertex 32.29 7.01004 5.96961
      vertex 32.7811 6.51889 5.96961
      vertex 32.7641 7.56521 5.96961
    endloop
  endfacet
  facet normal 0 0 1
    outer loop
      vertex 32.29 7.01004 5.96961
      vertex 32.1431 5.97395 5.96961
      vertex 32.7811 6.51889 5.96961
    endloop
  endfacet
  facet normal -0 0 1
    outer loop
      vertex 31.7348 6.53588 5.96961
      vertex 32.1431 5.97395 5.96961
      vertex 32.29 7.01004 5.96961
    endloop
  endfacet
  facet normal 0 0 1
    outer loop
      vertex 31.7348 6.53588 5.96961
      vertex 31.4276 5.53552 5.96961
      vertex 32.1431 5.97395 5.96961
    endloop
  endfacet
  facet normal -0 0 1
    outer loop
      vertex 31.1123 6.15441 5.96961
      vertex 31.4276 5.53552 5.96961
      vertex 31.7348 6.53588 5.96961
    endloop
  endfacet
  facet normal 0 0 1
    outer loop
      vertex 31.1123 6.15441 5.96961
      vertex 30.6524 5.21442 5.96961
      vertex 31.4276 5.53552 5.96961
    endloop
  endfacet
  facet normal -0 0 1
    outer loop
      vertex 30.4378 5.87502 5.96961
      vertex 30.6524 5.21442 5.96961
      vertex 31.1123 6.15441 5.96961
    endloop
  endfacet
  facet normal 0 0 1
    outer loop
      vertex 30.4378 5.87502 5.96961
      vertex 29.8365 5.01854 5.96961
      vertex 30.6524 5.21442 5.96961
    endloop
  endfacet
  facet normal -0 0 1
    outer loop
      vertex 29.7278 5.70458 5.96961
      vertex 29.8365 5.01854 5.96961
      vertex 30.4378 5.87502 5.96961
    endloop
  endfacet
  facet normal -0 0 1
    outer loop
      vertex 29 5.6473 5.96961
      vertex 29.8365 5.01854 5.96961
      vertex 29.7278 5.70458 5.96961
    endloop
  endfacet
  facet normal 0 0 1
    outer loop
      vertex 29 5.6473 5.96961
      vertex 29 4.9527 5.96961
      vertex 29.8365 5.01854 5.96961
    endloop
  endfacet
  facet normal 0 0 1
    outer loop
      vertex 28.2722 5.70458 5.96961
      vertex 29 4.9527 5.96961
      vertex 29 5.6473 5.96961
    endloop
  endfacet
  facet normal 0 0 1
    outer loop
      vertex 28.2722 5.70458 5.96961
      vertex 28.1635 5.01854 5.96961
      vertex 29 4.9527 5.96961
    endloop
  endfacet
  facet normal 0 0 1
    outer loop
      vertex 27.5622 5.87502 5.96961
      vertex 28.1635 5.01854 5.96961
      vertex 28.2722 5.70458 5.96961
    endloop
  endfacet
  facet normal 0 0 1
    outer loop
      vertex 27.5622 5.87502 5.96961
      vertex 27.3476 5.21442 5.96961
      vertex 28.1635 5.01854 5.96961
    endloop
  endfacet
  facet normal 0 0 1
    outer loop
      vertex 26.8877 6.15441 5.96961
      vertex 27.3476 5.21442 5.96961
      vertex 27.5622 5.87502 5.96961
    endloop
  endfacet
  facet normal 0 0 1
    outer loop
      vertex 26.8877 6.15441 5.96961
      vertex 26.5724 5.53552 5.96961
      vertex 27.3476 5.21442 5.96961
    endloop
  endfacet
  facet normal 0 0 1
    outer loop
      vertex 26.2652 6.53588 5.96961
      vertex 26.5724 5.53552 5.96961
      vertex 26.8877 6.15441 5.96961
    endloop
  endfacet
  facet normal 0 0 1
    outer loop
      vertex 26.2652 6.53588 5.96961
      vertex 25.8569 5.97395 5.96961
      vertex 26.5724 5.53552 5.96961
    endloop
  endfacet
  facet normal 0 0 1
    outer loop
      vertex 25.71 7.01004 5.96961
      vertex 25.8569 5.97395 5.96961
      vertex 26.2652 6.53588 5.96961
    endloop
  endfacet
  facet normal 0 0 1
    outer loop
      vertex 25.2189 6.51889 5.96961
      vertex 25.71 7.01004 5.96961
      vertex 25.2359 7.56521 5.96961
    endloop
  endfacet
  facet normal 0 0 1
    outer loop
      vertex 25.71 7.01004 5.96961
      vertex 25.2189 6.51889 5.96961
      vertex 25.8569 5.97395 5.96961
    endloop
  endfacet
  facet normal 0 0 1
    outer loop
      vertex 24.6739 7.15694 5.96961
      vertex 25.2359 7.56521 5.96961
      vertex 24.8544 8.18772 5.96961
    endloop
  endfacet
  facet normal 0 0 1
    outer loop
      vertex 25.2359 7.56521 5.96961
      vertex 24.6739 7.15694 5.96961
      vertex 25.2189 6.51889 5.96961
    endloop
  endfacet
  facet normal 0 0 1
    outer loop
      vertex 24.2355 7.87238 5.96961
      vertex 24.8544 8.18772 5.96961
      vertex 24.575 8.86224 5.96961
    endloop
  endfacet
  facet normal 0 0 1
    outer loop
      vertex 23.9144 8.64759 5.96961
      vertex 24.575 8.86224 5.96961
      vertex 24.4046 9.57216 5.96961
    endloop
  endfacet
  facet normal 0 0 1
    outer loop
      vertex 24.8544 8.18772 5.96961
      vertex 24.2355 7.87238 5.96961
      vertex 24.6739 7.15694 5.96961
    endloop
  endfacet
  facet normal 0 0 1
    outer loop
      vertex 23.7185 9.4635 5.96961
      vertex 24.4046 9.57216 5.96961
      vertex 24.3473 10.3 5.96961
    endloop
  endfacet
  facet normal -0 0 1
    outer loop
      vertex 23.7185 11.1365 5.96961
      vertex 24.4046 11.0278 5.96961
      vertex 23.9144 11.9524 5.96961
    endloop
  endfacet
  facet normal 0 0 1
    outer loop
      vertex 24.4046 11.0278 5.96961
      vertex 23.7185 11.1365 5.96961
      vertex 24.3473 10.3 5.96961
    endloop
  endfacet
  facet normal 0 0 1
    outer loop
      vertex 24.575 8.86224 5.96961
      vertex 23.9144 8.64759 5.96961
      vertex 24.2355 7.87238 5.96961
    endloop
  endfacet
  facet normal 0 0 1
    outer loop
      vertex 23.6527 10.3 5.96961
      vertex 24.3473 10.3 5.96961
      vertex 23.7185 11.1365 5.96961
    endloop
  endfacet
  facet normal 0 0 1
    outer loop
      vertex 24.4046 9.57216 5.96961
      vertex 23.7185 9.4635 5.96961
      vertex 23.9144 8.64759 5.96961
    endloop
  endfacet
  facet normal 0 0 1
    outer loop
      vertex 24.3473 10.3 5.96961
      vertex 23.6527 10.3 5.96961
      vertex 23.7185 9.4635 5.96961
    endloop
  endfacet
  facet normal 0.341903 0.0269054 0.93935
    outer loop
      vertex 24.8645 9.645 5.80013
      vertex 24.8215 10.0818 5.80327
      vertex 24.4046 9.57216 5.96961
    endloop
  endfacet
  facet normal 0.341897 0.0269295 0.939351
    outer loop
      vertex 24.3473 10.3 5.96961
      vertex 24.8215 10.0818 5.80327
      vertex 24.8 10.3 5.80484
    endloop
  endfacet
  facet normal 0.341892 0.0269158 0.939354
    outer loop
      vertex 24.8215 10.0818 5.80327
      vertex 24.3473 10.3 5.96961
      vertex 24.4046 9.57216 5.96961
    endloop
  endfacet
  facet normal 0.981881 0.077048 -0.173129
    outer loop
      vertex 25.9178 9.81183 3.31596
      vertex 25.9909 9.96791 3.8
      vertex 26.0021 9.82518 3.8
    endloop
  endfacet
  facet normal 0.981856 0.0772339 -0.173185
    outer loop
      vertex 25.9909 9.96791 3.8
      vertex 25.9178 9.81183 3.31596
      vertex 25.8794 10.3 3.31596
    endloop
  endfacet
  facet normal 0.981866 0.0774636 -0.173029
    outer loop
      vertex 25.9647 10.3 3.8
      vertex 25.9909 9.96791 3.8
      vertex 25.8794 10.3 3.31596
    endloop
  endfacet
  facet normal 0.864035 0.0680079 -0.498818
    outer loop
      vertex 25.9178 9.81183 3.31596
      vertex 25.5748 9.7575 2.71442
      vertex 25.5321 10.3 2.71442
    endloop
  endfacet
  facet normal 0.864022 0.067965 -0.498845
    outer loop
      vertex 25.8794 10.3 3.31596
      vertex 25.9178 9.81183 3.31596
      vertex 25.5321 10.3 2.71442
    endloop
  endfacet
  facet normal 0.641924 0.0504725 -0.765105
    outer loop
      vertex 25.5748 9.7575 2.71442
      vertex 25.0492 9.67426 2.26795
      vertex 25 10.3 2.26795
    endloop
  endfacet
  facet normal 0.641954 0.050528 -0.765076
    outer loop
      vertex 25.5321 10.3 2.71442
      vertex 25.5748 9.7575 2.71442
      vertex 25 10.3 2.26795
    endloop
  endfacet
  facet normal 0.341933 0.0269191 -0.939339
    outer loop
      vertex 25.0492 9.67426 2.26795
      vertex 24.4046 9.57216 2.03038
      vertex 24.3473 10.3 2.03038
    endloop
  endfacet
  facet normal 0.341905 0.0268829 -0.93935
    outer loop
      vertex 25 10.3 2.26795
      vertex 25.0492 9.67426 2.26795
      vertex 24.3473 10.3 2.03038
    endloop
  endfacet
  facet normal -0.341933 -0.0269215 -0.939339
    outer loop
      vertex 23.7185 9.4635 2.03038
      vertex 23.0739 9.36139 2.26795
      vertex 23 10.3 2.26795
    endloop
  endfacet
  facet normal -0.341905 -0.0268946 -0.93935
    outer loop
      vertex 23.6527 10.3 2.03038
      vertex 23.7185 9.4635 2.03038
      vertex 23 10.3 2.26795
    endloop
  endfacet
  facet normal -0.64192 -0.0505073 -0.765106
    outer loop
      vertex 23.0739 9.36139 2.26795
      vertex 22.5483 9.27816 2.71442
      vertex 22.4679 10.3 2.71442
    endloop
  endfacet
  facet normal -0.641953 -0.0505432 -0.765076
    outer loop
      vertex 23 10.3 2.26795
      vertex 23.0739 9.36139 2.26795
      vertex 22.4679 10.3 2.71442
    endloop
  endfacet
  facet normal -0.864035 -0.0680039 -0.498817
    outer loop
      vertex 22.5483 9.27816 2.71442
      vertex 22.2053 9.22383 3.31596
      vertex 22.1206 10.3 3.31596
    endloop
  endfacet
  facet normal -0.864021 -0.0679826 -0.498844
    outer loop
      vertex 22.4679 10.3 2.71442
      vertex 22.5483 9.27816 2.71442
      vertex 22.1206 10.3 3.31596
    endloop
  endfacet
  facet normal -0.981869 -0.0772913 -0.173088
    outer loop
      vertex 22.2053 9.22383 3.31596
      vertex 22.0862 9.20496 4
      vertex 22 10.3 4
    endloop
  endfacet
  facet normal -0.981866 -0.0772778 -0.173108
    outer loop
      vertex 22.1206 10.3 3.31596
      vertex 22.2053 9.22383 3.31596
      vertex 22 10.3 4
    endloop
  endfacet
  facet normal 1 -0 0
    outer loop
      vertex 35.5 17.5 7.4
      vertex 35.5 22.5 1.6
      vertex 35.5 22.5 7.4
    endloop
  endfacet
  facet normal 1 0 0
    outer loop
      vertex 35.5 22.5 1.6
      vertex 35.5 17.5 7.4
      vertex 35.5 17.5 1.6
    endloop
  endfacet
  facet normal -0 0 1
    outer loop
      vertex 23.5 22.5 7.4
      vertex 35.5 17.5 7.4
      vertex 35.5 22.5 7.4
    endloop
  endfacet
  facet normal 0 0 1
    outer loop
      vertex 35.5 17.5 7.4
      vertex 23.5 22.5 7.4
      vertex 23.5 17.5 7.4
    endloop
  endfacet
  facet normal -1 0 0
    outer loop
      vertex 23.5 19.2 1.6
      vertex 23.5 17.5 1.6
      vertex 23.5 19.2 3.2
    endloop
  endfacet
  facet normal -1 0 0
    outer loop
      vertex 23.5 22.2 3.2
      vertex 23.5 22.5 1.6
      vertex 23.5 22.2 1.6
    endloop
  endfacet
  facet normal -1 0 0
    outer loop
      vertex 23.5 22.5 1.6
      vertex 23.5 22.2 3.2
      vertex 23.5 22.5 7.4
    endloop
  endfacet
  facet normal -1 0 0
    outer loop
      vertex 23.5 19.2 3.2
      vertex 23.5 22.5 7.4
      vertex 23.5 22.2 3.2
    endloop
  endfacet
  facet normal -1 0 0
    outer loop
      vertex 23.5 17.5 7.4
      vertex 23.5 19.2 3.2
      vertex 23.5 17.5 1.6
    endloop
  endfacet
  facet normal -1 0 0
    outer loop
      vertex 23.5 19.2 3.2
      vertex 23.5 17.5 7.4
      vertex 23.5 22.5 7.4
    endloop
  endfacet
  facet normal 0 1 -0
    outer loop
      vertex 35.5 22.5 1.6
      vertex 23.5 22.5 7.4
      vertex 35.5 22.5 7.4
    endloop
  endfacet
  facet normal 0 1 0
    outer loop
      vertex 23.5 22.5 7.4
      vertex 35.5 22.5 1.6
      vertex 23.5 22.5 1.6
    endloop
  endfacet
  facet normal 0 -1 0
    outer loop
      vertex 23.5 17.5 1.6
      vertex 35.5 17.5 7.4
      vertex 23.5 17.5 7.4
    endloop
  endfacet
  facet normal 0 -1 -0
    outer loop
      vertex 35.5 17.5 7.4
      vertex 23.5 17.5 1.6
      vertex 35.5 17.5 1.6
    endloop
  endfacet
  facet normal 0.891053 0 0.453898
    outer loop
      vertex 30.3495 17.35 5.31717
      vertex 30.4986 16.7918 5.02447
      vertex 30.4986 17.35 5.02447
    endloop
  endfacet
  facet normal 0.891057 4.46362e-06 0.453892
    outer loop
      vertex 30.3495 17.35 5.31717
      vertex 30.3656 16.6691 5.28557
      vertex 30.4986 16.7918 5.02447
    endloop
  endfacet
  facet normal 0.891018 0 0.453968
    outer loop
      vertex 30.3656 16.6691 5.28557
      vertex 30.3495 17.35 5.31717
      vertex 30.3495 16.6344 5.31717
    endloop
  endfacet
  facet normal 0.987684 0 0.156461
    outer loop
      vertex 30.4986 17.35 5.02447
      vertex 30.55 16.9715 4.7
      vertex 30.55 17.35 4.7
    endloop
  endfacet
  facet normal 0.987691 3.80964e-05 0.156418
    outer loop
      vertex 30.4986 17.35 5.02447
      vertex 30.5088 16.8274 4.96019
      vertex 30.55 16.9715 4.7
    endloop
  endfacet
  facet normal 0.987643 0 0.15672
    outer loop
      vertex 30.5088 16.8274 4.96019
      vertex 30.4986 17.35 5.02447
      vertex 30.4986 16.7918 5.02447
    endloop
  endfacet
  facet normal -0.156477 0 0.987682
    outer loop
      vertex 29.5 17.35 5.75
      vertex 29.3867 16.2696 5.73205
      vertex 29.5 16.2113 5.75
    endloop
  endfacet
  facet normal -0.156417 0 0.987691
    outer loop
      vertex 29.1755 16.326 5.69861
      vertex 29.5 17.35 5.75
      vertex 29.1755 17.35 5.69861
    endloop
  endfacet
  facet normal -0.156388 -9.63398e-06 0.987696
    outer loop
      vertex 29.5 17.35 5.75
      vertex 29.1755 16.326 5.69861
      vertex 29.3867 16.2696 5.73205
    endloop
  endfacet
  facet normal 0.156397 0 -0.987694
    outer loop
      vertex 29.5465 17.1966 3.65737
      vertex 29.8245 17.35 3.70139
      vertex 29.8245 17.1825 3.70139
    endloop
  endfacet
  facet normal 0.156541 0 -0.987672
    outer loop
      vertex 29.5 17.35 3.65
      vertex 29.5465 17.1966 3.65737
      vertex 29.5 17.1989 3.65
    endloop
  endfacet
  facet normal 0.156417 -3.82947e-05 -0.987691
    outer loop
      vertex 29.5465 17.1966 3.65737
      vertex 29.5 17.35 3.65
      vertex 29.8245 17.35 3.70139
    endloop
  endfacet
  facet normal 0.707107 0 0.707107
    outer loop
      vertex 30.1172 17.35 5.54947
      vertex 30.3495 16.6344 5.31717
      vertex 30.3495 17.35 5.31717
    endloop
  endfacet
  facet normal 0.706907 -0.000129829 0.707307
    outer loop
      vertex 30.3495 16.6344 5.31717
      vertex 30.1172 17.35 5.54947
      vertex 30.2556 16.5423 5.411
    endloop
  endfacet
  facet normal 0.707286 0 0.706928
    outer loop
      vertex 30.2556 16.5423 5.411
      vertex 30.1172 17.35 5.54947
      vertex 30.1172 16.4063 5.54947
    endloop
  endfacet
  facet normal -0.707107 0 0.707107
    outer loop
      vertex 28.6505 16.7669 5.31717
      vertex 28.8828 17.35 5.54947
      vertex 28.6505 17.35 5.31717
    endloop
  endfacet
  facet normal -0.707107 0 0.707107
    outer loop
      vertex 28.8828 17.35 5.54947
      vertex 28.6505 16.7669 5.31717
      vertex 28.8828 16.5084 5.54947
    endloop
  endfacet
  facet normal -0.454064 0 0.890969
    outer loop
      vertex 29.1755 17.35 5.69861
      vertex 29 16.4464 5.60917
      vertex 29.1755 16.326 5.69861
    endloop
  endfacet
  facet normal -0.453995 0 0.891004
    outer loop
      vertex 28.8828 16.5084 5.54947
      vertex 29.1755 17.35 5.69861
      vertex 28.8828 17.35 5.54947
    endloop
  endfacet
  facet normal -0.453908 -3.82871e-05 0.891049
    outer loop
      vertex 29.1755 17.35 5.69861
      vertex 28.8828 16.5084 5.54947
      vertex 29 16.4464 5.60917
    endloop
  endfacet
  facet normal 0.89106 4.42833e-06 -0.453886
    outer loop
      vertex 30.4157 17.0984 4.21278
      vertex 30.3495 17.35 4.08282
      vertex 30.4986 17.35 4.37553
    endloop
  endfacet
  facet normal 0.891056 0 -0.453893
    outer loop
      vertex 30.3495 17.35 4.08282
      vertex 30.4157 17.0984 4.21278
      vertex 30.3495 17.1378 4.08282
    endloop
  endfacet
  facet normal 0.891062 0 -0.453881
    outer loop
      vertex 30.4157 17.0984 4.21278
      vertex 30.4986 17.35 4.37553
      vertex 30.4986 17.049 4.37553
    endloop
  endfacet
  facet normal 0.45308 0 -0.89147
    outer loop
      vertex 30.0905 17.1854 3.83696
      vertex 30.1172 17.35 3.85053
      vertex 30.1172 17.1815 3.85053
    endloop
  endfacet
  facet normal 0.454087 0 -0.890957
    outer loop
      vertex 29.8245 17.35 3.70139
      vertex 30.0905 17.1854 3.83696
      vertex 29.8245 17.1825 3.70139
    endloop
  endfacet
  facet normal 0.453995 -0.000186769 -0.891004
    outer loop
      vertex 30.0905 17.1854 3.83696
      vertex 29.8245 17.35 3.70139
      vertex 30.1172 17.35 3.85053
    endloop
  endfacet
  facet normal -0.156417 0 -0.987691
    outer loop
      vertex 29.1755 17.2335 3.70139
      vertex 29.5 17.35 3.65
      vertex 29.5 17.1989 3.65
    endloop
  endfacet
  facet normal -0.156417 0 -0.987691
    outer loop
      vertex 29.5 17.35 3.65
      vertex 29.1755 17.2335 3.70139
      vertex 29.1755 17.35 3.70139
    endloop
  endfacet
  facet normal 0.987684 0 -0.156461
    outer loop
      vertex 30.55 17.35 4.7
      vertex 30.4986 17.049 4.37553
      vertex 30.4986 17.35 4.37553
    endloop
  endfacet
  facet normal 0.987673 7.891e-05 -0.156533
    outer loop
      vertex 30.55 17.35 4.7
      vertex 30.5475 16.9815 4.68404
      vertex 30.4986 17.049 4.37553
    endloop
  endfacet
  facet normal 0.987953 0 -0.154755
    outer loop
      vertex 30.5475 16.9815 4.68404
      vertex 30.55 17.35 4.7
      vertex 30.55 16.9715 4.7
    endloop
  endfacet
  facet normal 0.706765 0 -0.707448
    outer loop
      vertex 30.2666 17.1726 4
      vertex 30.3495 17.35 4.08282
      vertex 30.3495 17.1378 4.08282
    endloop
  endfacet
  facet normal 0.707272 0 -0.706941
    outer loop
      vertex 30.1172 17.35 3.85053
      vertex 30.2666 17.1726 4
      vertex 30.1172 17.1815 3.85053
    endloop
  endfacet
  facet normal 0.707092 -0.000304658 -0.707122
    outer loop
      vertex 30.2666 17.1726 4
      vertex 30.1172 17.35 3.85053
      vertex 30.3495 17.35 4.08282
    endloop
  endfacet
  facet normal -0.987684 0 -0.156461
    outer loop
      vertex 28.5014 17.1945 4.37553
      vertex 28.45 17.35 4.7
      vertex 28.5014 17.35 4.37553
    endloop
  endfacet
  facet normal -0.987674 0.000135452 -0.156525
    outer loop
      vertex 28.4525 17.1363 4.68404
      vertex 28.45 17.35 4.7
      vertex 28.5014 17.1945 4.37553
    endloop
  endfacet
  facet normal -0.987953 -0 -0.154755
    outer loop
      vertex 28.45 17.35 4.7
      vertex 28.4525 17.1363 4.68404
      vertex 28.45 17.1269 4.7
    endloop
  endfacet
  facet normal 0.156385 0 0.987696
    outer loop
      vertex 29.8245 17.35 5.69861
      vertex 29.6133 16.2517 5.73205
      vertex 29.8245 16.275 5.69861
    endloop
  endfacet
  facet normal 0.156417 -6.34076e-06 0.987691
    outer loop
      vertex 29.5 17.35 5.75
      vertex 29.6133 16.2517 5.73205
      vertex 29.8245 17.35 5.69861
    endloop
  endfacet
  facet normal 0.156477 0 0.987682
    outer loop
      vertex 29.6133 16.2517 5.73205
      vertex 29.5 17.35 5.75
      vertex 29.5 16.2113 5.75
    endloop
  endfacet
  facet normal 0.453995 0 0.891004
    outer loop
      vertex 29.8245 17.35 5.69861
      vertex 30.1172 16.4063 5.54947
      vertex 30.1172 17.35 5.54947
    endloop
  endfacet
  facet normal 0.453986 -3.4834e-06 0.891009
    outer loop
      vertex 30.1172 16.4063 5.54947
      vertex 29.8245 17.35 5.69861
      vertex 29.9575 16.3453 5.63084
    endloop
  endfacet
  facet normal 0.453779 -3.79526e-05 0.891114
    outer loop
      vertex 29.9575 16.3453 5.63084
      vertex 29.8245 17.35 5.69861
      vertex 29.8456 16.2862 5.68782
    endloop
  endfacet
  facet normal 0.455297 0 0.89034
    outer loop
      vertex 29.8456 16.2862 5.68782
      vertex 29.8245 17.35 5.69861
      vertex 29.8245 16.275 5.69861
    endloop
  endfacet
  facet normal -0.89106 0 -0.453886
    outer loop
      vertex 28.6505 17.2579 4.08282
      vertex 28.5014 17.35 4.37553
      vertex 28.6505 17.35 4.08282
    endloop
  endfacet
  facet normal -0.89103 0.000236806 -0.453945
    outer loop
      vertex 28.5025 17.195 4.37329
      vertex 28.5014 17.35 4.37553
      vertex 28.6505 17.2579 4.08282
    endloop
  endfacet
  facet normal -0.89761 -0 -0.440791
    outer loop
      vertex 28.5014 17.35 4.37553
      vertex 28.5025 17.195 4.37329
      vertex 28.5014 17.1945 4.37553
    endloop
  endfacet
  facet normal -0.454064 0 -0.890969
    outer loop
      vertex 29 17.2631 3.79083
      vertex 29.1755 17.35 3.70139
      vertex 29.1755 17.2335 3.70139
    endloop
  endfacet
  facet normal -0.453892 -0 -0.891057
    outer loop
      vertex 28.8828 17.35 3.85053
      vertex 29 17.2631 3.79083
      vertex 28.8828 17.2644 3.85053
    endloop
  endfacet
  facet normal -0.453995 -0.000175779 -0.891004
    outer loop
      vertex 29 17.2631 3.79083
      vertex 28.8828 17.35 3.85053
      vertex 29.1755 17.35 3.70139
    endloop
  endfacet
  facet normal -0.707091 -0.000761215 -0.707122
    outer loop
      vertex 28.8828 17.35 3.85053
      vertex 28.7334 17.279 4
      vertex 28.6505 17.35 4.08282
    endloop
  endfacet
  facet normal -0.707192 -0.00034009 -0.707022
    outer loop
      vertex 28.8828 17.35 3.85053
      vertex 28.837 17.2689 3.89638
      vertex 28.7334 17.279 4
    endloop
  endfacet
  facet normal -0.707492 0 -0.706721
    outer loop
      vertex 28.837 17.2689 3.89638
      vertex 28.8828 17.35 3.85053
      vertex 28.8828 17.2644 3.85053
    endloop
  endfacet
  facet normal -0.706765 -0 -0.707448
    outer loop
      vertex 28.6505 17.35 4.08282
      vertex 28.7334 17.279 4
      vertex 28.6505 17.2579 4.08282
    endloop
  endfacet
  facet normal -0.987684 0 0.156461
    outer loop
      vertex 28.45 17.1269 4.7
      vertex 28.5014 17.35 5.02447
      vertex 28.45 17.35 4.7
    endloop
  endfacet
  facet normal -0.987695 0.000106105 0.15639
    outer loop
      vertex 28.4983 16.9545 5.00516
      vertex 28.5014 17.35 5.02447
      vertex 28.45 17.1269 4.7
    endloop
  endfacet
  facet normal -0.987358 0 0.158509
    outer loop
      vertex 28.5014 17.35 5.02447
      vertex 28.4983 16.9545 5.00516
      vertex 28.5014 16.9436 5.02447
    endloop
  endfacet
  facet normal -0.891053 0 0.453898
    outer loop
      vertex 28.5014 16.9436 5.02447
      vertex 28.6505 17.35 5.31717
      vertex 28.5014 17.35 5.02447
    endloop
  endfacet
  facet normal -0.891057 5.50944e-06 0.453892
    outer loop
      vertex 28.6344 16.8033 5.28557
      vertex 28.6505 17.35 5.31717
      vertex 28.5014 16.9436 5.02447
    endloop
  endfacet
  facet normal -0.891018 0 0.453968
    outer loop
      vertex 28.6505 17.35 5.31717
      vertex 28.6344 16.8033 5.28557
      vertex 28.6505 16.7669 5.31717
    endloop
  endfacet
  facet normal 0 1 0
    outer loop
      vertex 29.8245 17.35 5.69861
      vertex 29.1755 17.35 5.69861
      vertex 29.5 17.35 5.75
    endloop
  endfacet
  facet normal 0 1 0
    outer loop
      vertex 30.1172 17.35 5.54947
      vertex 29.1755 17.35 5.69861
      vertex 29.8245 17.35 5.69861
    endloop
  endfacet
  facet normal 0 1 0
    outer loop
      vertex 30.1172 17.35 5.54947
      vertex 28.8828 17.35 5.54947
      vertex 29.1755 17.35 5.69861
    endloop
  endfacet
  facet normal 0 1 0
    outer loop
      vertex 30.3495 17.35 5.31717
      vertex 28.8828 17.35 5.54947
      vertex 30.1172 17.35 5.54947
    endloop
  endfacet
  facet normal 0 1 0
    outer loop
      vertex 30.3495 17.35 5.31717
      vertex 28.6505 17.35 5.31717
      vertex 28.8828 17.35 5.54947
    endloop
  endfacet
  facet normal 0 1 0
    outer loop
      vertex 30.4986 17.35 5.02447
      vertex 28.6505 17.35 5.31717
      vertex 30.3495 17.35 5.31717
    endloop
  endfacet
  facet normal 0 1 0
    outer loop
      vertex 30.4986 17.35 5.02447
      vertex 28.5014 17.35 5.02447
      vertex 28.6505 17.35 5.31717
    endloop
  endfacet
  facet normal 0 1 0
    outer loop
      vertex 30.55 17.35 4.7
      vertex 28.5014 17.35 5.02447
      vertex 30.4986 17.35 5.02447
    endloop
  endfacet
  facet normal 0 1 0
    outer loop
      vertex 30.55 17.35 4.7
      vertex 28.45 17.35 4.7
      vertex 28.5014 17.35 5.02447
    endloop
  endfacet
  facet normal 0 1 -0
    outer loop
      vertex 30.4986 17.35 4.37553
      vertex 28.45 17.35 4.7
      vertex 30.55 17.35 4.7
    endloop
  endfacet
  facet normal 0 1 0
    outer loop
      vertex 30.4986 17.35 4.37553
      vertex 28.5014 17.35 4.37553
      vertex 28.45 17.35 4.7
    endloop
  endfacet
  facet normal 0 1 -0
    outer loop
      vertex 30.3495 17.35 4.08282
      vertex 28.5014 17.35 4.37553
      vertex 30.4986 17.35 4.37553
    endloop
  endfacet
  facet normal 0 1 0
    outer loop
      vertex 30.3495 17.35 4.08282
      vertex 28.6505 17.35 4.08282
      vertex 28.5014 17.35 4.37553
    endloop
  endfacet
  facet normal 0 1 -0
    outer loop
      vertex 30.1172 17.35 3.85053
      vertex 28.6505 17.35 4.08282
      vertex 30.3495 17.35 4.08282
    endloop
  endfacet
  facet normal 0 1 0
    outer loop
      vertex 30.1172 17.35 3.85053
      vertex 28.8828 17.35 3.85053
      vertex 28.6505 17.35 4.08282
    endloop
  endfacet
  facet normal 0 1 -0
    outer loop
      vertex 29.8245 17.35 3.70139
      vertex 28.8828 17.35 3.85053
      vertex 30.1172 17.35 3.85053
    endloop
  endfacet
  facet normal 0 1 0
    outer loop
      vertex 29.8245 17.35 3.70139
      vertex 29.1755 17.35 3.70139
      vertex 28.8828 17.35 3.85053
    endloop
  endfacet
  facet normal -0 1 0
    outer loop
      vertex 29.1755 17.35 3.70139
      vertex 29.8245 17.35 3.70139
      vertex 29.5 17.35 3.65
    endloop
  endfacet
  facet normal 1 -0 0
    outer loop
      vertex 17.7 12.5 1.95
      vertex 17.7 13.2 1.6
      vertex 17.7 13.2 1.95
    endloop
  endfacet
  facet normal 1 0 0
    outer loop
      vertex 17.7 13.2 1.6
      vertex 17.7 12.5 1.95
      vertex 17.7 12.5 1.6
    endloop
  endfacet
  facet normal -0 0 1
    outer loop
      vertex 17.2 13.2 1.95
      vertex 17.7 12.5 1.95
      vertex 17.7 13.2 1.95
    endloop
  endfacet
  facet normal 0 0 1
    outer loop
      vertex 17.7 12.5 1.95
      vertex 17.2 13.2 1.95
      vertex 17.2 12.5 1.95
    endloop
  endfacet
  facet normal -1 0 0
    outer loop
      vertex 17.2 12.5 1.6
      vertex 17.2 13.2 1.95
      vertex 17.2 13.2 1.6
    endloop
  endfacet
  facet normal -1 -0 0
    outer loop
      vertex 17.2 13.2 1.95
      vertex 17.2 12.5 1.6
      vertex 17.2 12.5 1.95
    endloop
  endfacet
  facet normal 0 -1 0
    outer loop
      vertex 17.2 12.5 1.6
      vertex 17.7 12.5 1.95
      vertex 17.2 12.5 1.95
    endloop
  endfacet
  facet normal 0 -1 -0
    outer loop
      vertex 17.7 12.5 1.95
      vertex 17.2 12.5 1.6
      vertex 17.7 12.5 1.6
    endloop
  endfacet
  facet normal 1 -0 0
    outer loop
      vertex 18.85 12.5 1.95
      vertex 18.85 13.2 1.6
      vertex 18.85 13.2 1.95
    endloop
  endfacet
  facet normal 1 0 0
    outer loop
      vertex 18.85 13.2 1.6
      vertex 18.85 12.5 1.95
      vertex 18.85 12.5 1.6
    endloop
  endfacet
  facet normal -0 0 1
    outer loop
      vertex 18.35 13.2 1.95
      vertex 18.85 12.5 1.95
      vertex 18.85 13.2 1.95
    endloop
  endfacet
  facet normal 0 0 1
    outer loop
      vertex 18.85 12.5 1.95
      vertex 18.35 13.2 1.95
      vertex 18.35 12.5 1.95
    endloop
  endfacet
  facet normal -1 0 0
    outer loop
      vertex 18.35 12.5 1.6
      vertex 18.35 13.2 1.95
      vertex 18.35 13.2 1.6
    endloop
  endfacet
  facet normal -1 -0 0
    outer loop
      vertex 18.35 13.2 1.95
      vertex 18.35 12.5 1.6
      vertex 18.35 12.5 1.95
    endloop
  endfacet
  facet normal 0 -1 0
    outer loop
      vertex 18.35 12.5 1.6
      vertex 18.85 12.5 1.95
      vertex 18.35 12.5 1.95
    endloop
  endfacet
  facet normal 0 -1 -0
    outer loop
      vertex 18.85 12.5 1.95
      vertex 18.35 12.5 1.6
      vertex 18.85 12.5 1.6
    endloop
  endfacet
  facet normal 1 -0 0
    outer loop
      vertex 20 12.5 1.95
      vertex 20 13.2 1.6
      vertex 20 13.2 1.95
    endloop
  endfacet
  facet normal 1 0 0
    outer loop
      vertex 20 13.2 1.6
      vertex 20 12.5 1.95
      vertex 20 12.5 1.6
    endloop
  endfacet
  facet normal -0 0 1
    outer loop
      vertex 19.5 13.2 1.95
      vertex 20 12.5 1.95
      vertex 20 13.2 1.95
    endloop
  endfacet
  facet normal 0 0 1
    outer loop
      vertex 20 12.5 1.95
      vertex 19.5 13.2 1.95
      vertex 19.5 12.5 1.95
    endloop
  endfacet
  facet normal -1 0 0
    outer loop
      vertex 19.5 12.5 1.6
      vertex 19.5 13.2 1.95
      vertex 19.5 13.2 1.6
    endloop
  endfacet
  facet normal -1 -0 0
    outer loop
      vertex 19.5 13.2 1.95
      vertex 19.5 12.5 1.6
      vertex 19.5 12.5 1.95
    endloop
  endfacet
  facet normal 0 -1 0
    outer loop
      vertex 19.5 12.5 1.6
      vertex 20 12.5 1.95
      vertex 19.5 12.5 1.95
    endloop
  endfacet
  facet normal 0 -1 -0
    outer loop
      vertex 20 12.5 1.95
      vertex 19.5 12.5 1.6
      vertex 20 12.5 1.6
    endloop
  endfacet
  facet normal 1 -0 0
    outer loop
      vertex 21.15 12.5 1.95
      vertex 21.15 13.2 1.6
      vertex 21.15 13.2 1.95
    endloop
  endfacet
  facet normal 1 0 0
    outer loop
      vertex 21.15 13.2 1.6
      vertex 21.15 12.5 1.95
      vertex 21.15 12.5 1.6
    endloop
  endfacet
  facet normal -0 0 1
    outer loop
      vertex 20.65 13.2 1.95
      vertex 21.15 12.5 1.95
      vertex 21.15 13.2 1.95
    endloop
  endfacet
  facet normal 0 0 1
    outer loop
      vertex 21.15 12.5 1.95
      vertex 20.65 13.2 1.95
      vertex 20.65 12.5 1.95
    endloop
  endfacet
  facet normal -1 0 0
    outer loop
      vertex 20.65 12.5 1.6
      vertex 20.65 13.2 1.95
      vertex 20.65 13.2 1.6
    endloop
  endfacet
  facet normal -1 -0 0
    outer loop
      vertex 20.65 13.2 1.95
      vertex 20.65 12.5 1.6
      vertex 20.65 12.5 1.95
    endloop
  endfacet
  facet normal 0 -1 0
    outer loop
      vertex 20.65 12.5 1.6
      vertex 21.15 12.5 1.95
      vertex 20.65 12.5 1.95
    endloop
  endfacet
  facet normal 0 -1 -0
    outer loop
      vertex 21.15 12.5 1.95
      vertex 20.65 12.5 1.6
      vertex 21.15 12.5 1.6
    endloop
  endfacet
  facet normal 1 -0 0
    outer loop
      vertex 22.3 12.5 1.95
      vertex 22.3 13.2 1.6
      vertex 22.3 13.2 1.95
    endloop
  endfacet
  facet normal 1 0 0
    outer loop
      vertex 22.3 13.2 1.6
      vertex 22.3 12.5 1.95
      vertex 22.3 12.5 1.6
    endloop
  endfacet
  facet normal -0 0 1
    outer loop
      vertex 21.8 13.2 1.95
      vertex 22.3 12.5 1.95
      vertex 22.3 13.2 1.95
    endloop
  endfacet
  facet normal 0 0 1
    outer loop
      vertex 22.3 12.5 1.95
      vertex 21.8 13.2 1.95
      vertex 21.8 12.5 1.95
    endloop
  endfacet
  facet normal -1 0 0
    outer loop
      vertex 21.8 12.5 1.6
      vertex 21.8 13.2 1.95
      vertex 21.8 13.2 1.6
    endloop
  endfacet
  facet normal -1 -0 0
    outer loop
      vertex 21.8 13.2 1.95
      vertex 21.8 12.5 1.6
      vertex 21.8 12.5 1.95
    endloop
  endfacet
  facet normal 0 -1 0
    outer loop
      vertex 21.8 12.5 1.6
      vertex 22.3 12.5 1.95
      vertex 21.8 12.5 1.95
    endloop
  endfacet
  facet normal 0 -1 -0
    outer loop
      vertex 22.3 12.5 1.95
      vertex 21.8 12.5 1.6
      vertex 22.3 12.5 1.6
    endloop
  endfacet
  facet normal 1 0 0
    outer loop
      vertex 23 21.5 4.7
      vertex 23 19.2 3.2
      vertex 23 21.5 3.2
    endloop
  endfacet
  facet normal 1 -0 0
    outer loop
      vertex 23 13.6986 3.50598
      vertex 23 19.2 3.2
      vertex 23 13.8648 4
    endloop
  endfacet
  facet normal 1 -0 0
    outer loop
      vertex 23 13.6346 4.68404
      vertex 23 19.2 3.2
      vertex 23 21.5 4.7
    endloop
  endfacet
  facet normal 1 0 0
    outer loop
      vertex 23 19.2 3.2
      vertex 23 13.7835 4.24147
      vertex 23 13.8648 4
    endloop
  endfacet
  facet normal 1 0 0
    outer loop
      vertex 23 19.2 3.2
      vertex 23 13.6346 4.68404
      vertex 23 13.7835 4.24147
    endloop
  endfacet
  facet normal 1 0 -0
    outer loop
      vertex 23 13.6346 4.68404
      vertex 23 21.5 4.7
      vertex 23 13.617 4.7
    endloop
  endfacet
  facet normal 1 -0 0
    outer loop
      vertex 23 13.6346 3.31596
      vertex 23 19.2 3.2
      vertex 23 13.6986 3.50598
    endloop
  endfacet
  facet normal 1 0 0
    outer loop
      vertex 23 19.2 3.2
      vertex 23 13.6346 3.31596
      vertex 23 19.2 1.6
    endloop
  endfacet
  facet normal 1 0 0
    outer loop
      vertex 23 13.2 1.6
      vertex 23 13.6346 3.31596
      vertex 23 13.3572 3.06407
    endloop
  endfacet
  facet normal 1 0 0
    outer loop
      vertex 23 13.2 1.6
      vertex 23 13.3572 3.06407
      vertex 23 13.2 2.95958
    endloop
  endfacet
  facet normal 1 0 0
    outer loop
      vertex 23 13.6346 3.31596
      vertex 23 13.2 1.6
      vertex 23 19.2 1.6
    endloop
  endfacet
  facet normal -0 0 1
    outer loop
      vertex 16.8 18.1 4.7
      vertex 23 13.617 4.7
      vertex 23 21.5 4.7
    endloop
  endfacet
  facet normal 0 0 1
    outer loop
      vertex 23 13.617 4.7
      vertex 16.8 18.1 4.7
      vertex 22.8928 13.4422 4.7
    endloop
  endfacet
  facet normal 0 0 1
    outer loop
      vertex 22.8928 13.4422 4.7
      vertex 16.8 18.1 4.7
      vertex 22.8786 13.419 4.7
    endloop
  endfacet
  facet normal 0 0 1
    outer loop
      vertex 16.8 18.1 4.7
      vertex 23 21.5 4.7
      vertex 16.8 21.5 4.7
    endloop
  endfacet
  facet normal 0 0 1
    outer loop
      vertex 22.8786 13.419 4.7
      vertex 16.8 18.1 4.7
      vertex 22.7879 13.2 4.7
    endloop
  endfacet
  facet normal 0 0 1
    outer loop
      vertex 10.5 13.2 4.7
      vertex 16.8 18.1 4.7
      vertex 10.5 18.1 4.7
    endloop
  endfacet
  facet normal 0 0 1
    outer loop
      vertex 16.8 18.1 4.7
      vertex 10.5 13.2 4.7
      vertex 22.7879 13.2 4.7
    endloop
  endfacet
  facet normal -1 0 0
    outer loop
      vertex 10.5 17.8036 1.6
      vertex 10.5 13.2 1.6
      vertex 10.5 17.8036 1.78
    endloop
  endfacet
  facet normal -1 0 0
    outer loop
      vertex 10.5 17.8036 1.78
      vertex 10.5 18.1 4.7
      vertex 10.5 18.6412 1.78
    endloop
  endfacet
  facet normal -1 0 0
    outer loop
      vertex 10.5 13.2 4.7
      vertex 10.5 17.8036 1.78
      vertex 10.5 13.2 1.6
    endloop
  endfacet
  facet normal -1 0 0
    outer loop
      vertex 10.5 17.8036 1.78
      vertex 10.5 13.2 4.7
      vertex 10.5 18.1 4.7
    endloop
  endfacet
  facet normal -1 0 0
    outer loop
      vertex 10.5 18.6412 1.78
      vertex 10.5 21.5 1.6
      vertex 10.5 18.6412 1.6
    endloop
  endfacet
  facet normal -1 0 0
    outer loop
      vertex 10.5 21.5 1.6
      vertex 10.5 18.6412 1.78
      vertex 10.5 21.5 5.1
    endloop
  endfacet
  facet normal -1 0 0
    outer loop
      vertex 10.5 18.1 4.7
      vertex 10.5 21.5 5.1
      vertex 10.5 18.6412 1.78
    endloop
  endfacet
  facet normal -1 -0 0
    outer loop
      vertex 10.5 21.5 5.1
      vertex 10.5 18.1 4.7
      vertex 10.5 18.1 5.1
    endloop
  endfacet
  facet normal 0 1 0
    outer loop
      vertex 22 21.5 3.2
      vertex 23 21.5 4.7
      vertex 23 21.5 3.2
    endloop
  endfacet
  facet normal 0 1 -0
    outer loop
      vertex 16.8 21.5 4.7
      vertex 10.5 21.5 5.1
      vertex 16.8 21.5 5.1
    endloop
  endfacet
  facet normal 0 1 0
    outer loop
      vertex 23 21.5 4.7
      vertex 22 21.5 3.2
      vertex 16.8 21.5 4.7
    endloop
  endfacet
  facet normal 0 1 -0
    outer loop
      vertex 22 21.5 1.6
      vertex 16.8 21.5 4.7
      vertex 22 21.5 3.2
    endloop
  endfacet
  facet normal 0 1 0
    outer loop
      vertex 16.8 21.5 4.7
      vertex 11.9205 21.5 1.78
      vertex 10.5 21.5 5.1
    endloop
  endfacet
  facet normal 0 1 -0
    outer loop
      vertex 11.1737 21.5 1.78
      vertex 10.5 21.5 5.1
      vertex 11.9205 21.5 1.78
    endloop
  endfacet
  facet normal 0 1 0
    outer loop
      vertex 10.5 21.5 1.6
      vertex 11.1737 21.5 1.78
      vertex 11.1737 21.5 1.6
    endloop
  endfacet
  facet normal 0 1 0
    outer loop
      vertex 11.1737 21.5 1.78
      vertex 10.5 21.5 1.6
      vertex 10.5 21.5 5.1
    endloop
  endfacet
  facet normal 0 1 0
    outer loop
      vertex 11.9205 21.5 1.6
      vertex 16.8 21.5 4.7
      vertex 22 21.5 1.6
    endloop
  endfacet
  facet normal 0 1 0
    outer loop
      vertex 16.8 21.5 4.7
      vertex 11.9205 21.5 1.6
      vertex 11.9205 21.5 1.78
    endloop
  endfacet
  facet normal 0 -1 0
    outer loop
      vertex 21.15 13.2 1.6
      vertex 21.8 13.2 1.95
      vertex 21.15 13.2 1.95
    endloop
  endfacet
  facet normal 0 -1 -0
    outer loop
      vertex 21.8 13.2 1.95
      vertex 21.15 13.2 1.6
      vertex 21.8 13.2 1.6
    endloop
  endfacet
  facet normal 0 -1 0
    outer loop
      vertex 20 13.2 1.6
      vertex 20.65 13.2 1.95
      vertex 20 13.2 1.95
    endloop
  endfacet
  facet normal 0 -1 -0
    outer loop
      vertex 20.65 13.2 1.95
      vertex 20 13.2 1.6
      vertex 20.65 13.2 1.6
    endloop
  endfacet
  facet normal 0 -1 0
    outer loop
      vertex 18.85 13.2 1.6
      vertex 19.5 13.2 1.95
      vertex 18.85 13.2 1.95
    endloop
  endfacet
  facet normal 0 -1 -0
    outer loop
      vertex 19.5 13.2 1.95
      vertex 18.85 13.2 1.6
      vertex 19.5 13.2 1.6
    endloop
  endfacet
  facet normal 0 -1 0
    outer loop
      vertex 17.7 13.2 1.6
      vertex 18.35 13.2 1.95
      vertex 17.7 13.2 1.95
    endloop
  endfacet
  facet normal 0 -1 -0
    outer loop
      vertex 18.35 13.2 1.95
      vertex 17.7 13.2 1.6
      vertex 18.35 13.2 1.6
    endloop
  endfacet
  facet normal 0 -1 0
    outer loop
      vertex 17.2 13.2 1.95
      vertex 22.7879 13.2 4.7
      vertex 10.5 13.2 4.7
    endloop
  endfacet
  facet normal 0 -1 0
    outer loop
      vertex 17.7 13.2 1.95
      vertex 22.7879 13.2 4.7
      vertex 17.2 13.2 1.95
    endloop
  endfacet
  facet normal 0 -1 0
    outer loop
      vertex 22.7879 13.2 4.7
      vertex 17.7 13.2 1.95
      vertex 22.778 13.2 4.68404
    endloop
  endfacet
  facet normal 0 -1 0
    outer loop
      vertex 18.35 13.2 1.95
      vertex 22.778 13.2 4.68404
      vertex 17.7 13.2 1.95
    endloop
  endfacet
  facet normal 0 -1 0
    outer loop
      vertex 18.85 13.2 1.95
      vertex 22.778 13.2 4.68404
      vertex 18.35 13.2 1.95
    endloop
  endfacet
  facet normal 0 -1 0
    outer loop
      vertex 22.778 13.2 4.68404
      vertex 19.5 13.2 1.95
      vertex 22.7477 13.2 4.52503
    endloop
  endfacet
  facet normal 0 -1 0
    outer loop
      vertex 20 13.2 1.95
      vertex 22.7477 13.2 4.52503
      vertex 19.5 13.2 1.95
    endloop
  endfacet
  facet normal 0 -1 0
    outer loop
      vertex 19.5 13.2 1.95
      vertex 22.778 13.2 4.68404
      vertex 18.85 13.2 1.95
    endloop
  endfacet
  facet normal 0 -1 0
    outer loop
      vertex 10.5 13.2 1.6
      vertex 17.2 13.2 1.95
      vertex 10.5 13.2 4.7
    endloop
  endfacet
  facet normal 0 -1 -0
    outer loop
      vertex 17.2 13.2 1.95
      vertex 10.5 13.2 1.6
      vertex 17.2 13.2 1.6
    endloop
  endfacet
  facet normal 0 -1 0
    outer loop
      vertex 22.7477 13.2 4.52503
      vertex 20 13.2 1.95
      vertex 22.6478 13.2 4
    endloop
  endfacet
  facet normal 0 -1 0
    outer loop
      vertex 20.65 13.2 1.95
      vertex 22.6478 13.2 4
      vertex 20 13.2 1.95
    endloop
  endfacet
  facet normal 0 -1 0
    outer loop
      vertex 21.15 13.2 1.95
      vertex 22.6478 13.2 4
      vertex 20.65 13.2 1.95
    endloop
  endfacet
  facet normal 0 -1 -0
    outer loop
      vertex 22.6478 13.2 4
      vertex 21.15 13.2 1.95
      vertex 22.6822 13.2 3.81929
    endloop
  endfacet
  facet normal 0 -1 -0
    outer loop
      vertex 22.6822 13.2 3.81929
      vertex 21.15 13.2 1.95
      vertex 22.778 13.2 3.31596
    endloop
  endfacet
  facet normal 0 -1 0
    outer loop
      vertex 21.8 13.2 1.95
      vertex 22.778 13.2 3.31596
      vertex 21.15 13.2 1.95
    endloop
  endfacet
  facet normal 0 -1 0
    outer loop
      vertex 22.3 13.2 1.95
      vertex 22.778 13.2 3.31596
      vertex 21.8 13.2 1.95
    endloop
  endfacet
  facet normal 0 -1 -0
    outer loop
      vertex 22.778 13.2 3.31596
      vertex 22.3 13.2 1.95
      vertex 22.8537 13.2 3.19443
    endloop
  endfacet
  facet normal 0 -1 -0
    outer loop
      vertex 22.8537 13.2 3.19443
      vertex 22.3 13.2 1.95
      vertex 23 13.2 2.95958
    endloop
  endfacet
  facet normal 0 -1 0
    outer loop
      vertex 23 13.2 1.6
      vertex 22.3 13.2 1.95
      vertex 22.3 13.2 1.6
    endloop
  endfacet
  facet normal 0 -1 0
    outer loop
      vertex 22.3 13.2 1.95
      vertex 23 13.2 1.6
      vertex 23 13.2 2.95958
    endloop
  endfacet
  facet normal 1 -0 0
    outer loop
      vertex 16.8 18.1 5.1
      vertex 16.8 21.5 4.7
      vertex 16.8 21.5 5.1
    endloop
  endfacet
  facet normal 1 0 0
    outer loop
      vertex 16.8 21.5 4.7
      vertex 16.8 18.1 5.1
      vertex 16.8 18.1 4.7
    endloop
  endfacet
  facet normal -0 0 1
    outer loop
      vertex 10.5 21.5 5.1
      vertex 16.8 18.1 5.1
      vertex 16.8 21.5 5.1
    endloop
  endfacet
  facet normal 0 0 1
    outer loop
      vertex 16.8 18.1 5.1
      vertex 10.5 21.5 5.1
      vertex 10.5 18.1 5.1
    endloop
  endfacet
  facet normal 0 -1 0
    outer loop
      vertex 10.5 18.1 4.7
      vertex 16.8 18.1 5.1
      vertex 10.5 18.1 5.1
    endloop
  endfacet
  facet normal 0 -1 -0
    outer loop
      vertex 16.8 18.1 5.1
      vertex 10.5 18.1 4.7
      vertex 16.8 18.1 4.7
    endloop
  endfacet
  facet normal 1 -0 0
    outer loop
      vertex 41.6 2.7 4.1
      vertex 41.6 8.1 1.6
      vertex 41.6 8.1 4.1
    endloop
  endfacet
  facet normal 1 0 0
    outer loop
      vertex 41.6 8.1 1.6
      vertex 41.6 2.7 4.1
      vertex 41.6 2.7 1.6
    endloop
  endfacet
  facet normal 0 0 1
    outer loop
      vertex 35.5802 7.99653 4.1
      vertex 41.6 8.1 4.1
      vertex 35.6231 8.1 4.1
    endloop
  endfacet
  facet normal 0 0 1
    outer loop
      vertex 35.2213 7.13007 4.1
      vertex 41.6 8.1 4.1
      vertex 35.5802 7.99653 4.1
    endloop
  endfacet
  facet normal 0 0 1
    outer loop
      vertex 41.6 8.1 4.1
      vertex 35.2213 7.13007 4.1
      vertex 41.6 2.7 4.1
    endloop
  endfacet
  facet normal -0 0 1
    outer loop
      vertex 35.1389 6.99551 4.1
      vertex 41.6 2.7 4.1
      vertex 35.2213 7.13007 4.1
    endloop
  endfacet
  facet normal -0 0 1
    outer loop
      vertex 34.6489 6.19587 4.1
      vertex 41.6 2.7 4.1
      vertex 35.1389 6.99551 4.1
    endloop
  endfacet
  facet normal 0 0 1
    outer loop
      vertex 34.4 2.7 4.1
      vertex 34.6489 6.19587 4.1
      vertex 34.5464 6.07587 4.1
    endloop
  endfacet
  facet normal 0 0 1
    outer loop
      vertex 34.4 2.7 4.1
      vertex 34.5464 6.07587 4.1
      vertex 34.4 5.9045 4.1
    endloop
  endfacet
  facet normal 0 0 1
    outer loop
      vertex 34.6489 6.19587 4.1
      vertex 34.4 2.7 4.1
      vertex 41.6 2.7 4.1
    endloop
  endfacet
  facet normal -1 0 0
    outer loop
      vertex 34.4 8.1 1.6
      vertex 34.4 7.8 2.2
      vertex 34.4 8.1 2.21295
    endloop
  endfacet
  facet normal -1 0 0
    outer loop
      vertex 34.4 8.1 1.6
      vertex 34.4 3 2.2
      vertex 34.4 7.8 2.2
    endloop
  endfacet
  facet normal -1 0 0
    outer loop
      vertex 34.4 2.7 4.1
      vertex 34.4 3 2.2
      vertex 34.4 2.7 1.6
    endloop
  endfacet
  facet normal -1 0 0
    outer loop
      vertex 34.4 2.7 1.6
      vertex 34.4 3 2.2
      vertex 34.4 8.1 1.6
    endloop
  endfacet
  facet normal -1 -0 0
    outer loop
      vertex 34.4 8.1 2.21295
      vertex 34.4 7.8 2.2
      vertex 34.4 7.8 2.25486
    endloop
  endfacet
  facet normal -1 0 0
    outer loop
      vertex 34.4 5.9857 3.6
      vertex 34.4 3 3.6
      vertex 34.4 5.87743 4
    endloop
  endfacet
  facet normal -1 0 0
    outer loop
      vertex 34.4 3 3.6
      vertex 34.4 5.9045 4.1
      vertex 34.4 5.87743 4
    endloop
  endfacet
  facet normal -1 0 0
    outer loop
      vertex 34.4 3 3.6
      vertex 34.4 2.7 4.1
      vertex 34.4 5.9045 4.1
    endloop
  endfacet
  facet normal -1 0 0
    outer loop
      vertex 34.4 3 2.2
      vertex 34.4 2.7 4.1
      vertex 34.4 3 3.6
    endloop
  endfacet
  facet normal 0 1 0
    outer loop
      vertex 41.6 8.1 4.1
      vertex 35.6371 8.1 4.02628
      vertex 35.6231 8.1 4.1
    endloop
  endfacet
  facet normal 0 1 0
    outer loop
      vertex 41.6 8.1 4.1
      vertex 35.6421 8.1 4
      vertex 35.6371 8.1 4.02628
    endloop
  endfacet
  facet normal 0 1 0
    outer loop
      vertex 41.6 8.1 4.1
      vertex 35.5211 8.1 3.36417
      vertex 35.6421 8.1 4
    endloop
  endfacet
  facet normal 0 1 -0
    outer loop
      vertex 41.6 8.1 1.6
      vertex 35.5211 8.1 3.36417
      vertex 41.6 8.1 4.1
    endloop
  endfacet
  facet normal 0 1 0
    outer loop
      vertex 35.5211 8.1 3.36417
      vertex 41.6 8.1 1.6
      vertex 35.512 8.1 3.31596
    endloop
  endfacet
  facet normal 0 1 0
    outer loop
      vertex 35.512 8.1 3.31596
      vertex 41.6 8.1 1.6
      vertex 35.1988 8.1 2.81325
    endloop
  endfacet
  facet normal 0 1 0
    outer loop
      vertex 35.1988 8.1 2.81325
      vertex 41.6 8.1 1.6
      vertex 35.1372 8.1 2.71442
    endloop
  endfacet
  facet normal 0 1 0
    outer loop
      vertex 34.4 8.1 1.6
      vertex 35.1372 8.1 2.71442
      vertex 41.6 8.1 1.6
    endloop
  endfacet
  facet normal 0 1 0
    outer loop
      vertex 35.1372 8.1 2.71442
      vertex 34.4 8.1 1.6
      vertex 34.7418 8.1 2.4069
    endloop
  endfacet
  facet normal 0 1 0
    outer loop
      vertex 34.7418 8.1 2.4069
      vertex 34.4 8.1 1.6
      vertex 34.5631 8.1 2.26795
    endloop
  endfacet
  facet normal 0 1 0
    outer loop
      vertex 34.5631 8.1 2.26795
      vertex 34.4 8.1 1.6
      vertex 34.4 8.1 2.21295
    endloop
  endfacet
  facet normal 0 -1 0
    outer loop
      vertex 34.4 2.7 1.6
      vertex 41.6 2.7 4.1
      vertex 34.4 2.7 4.1
    endloop
  endfacet
  facet normal 0 -1 -0
    outer loop
      vertex 41.6 2.7 4.1
      vertex 34.4 2.7 1.6
      vertex 41.6 2.7 1.6
    endloop
  endfacet
  facet normal -0 0 1
    outer loop
      vertex 34.3098 5.88013 3.6
      vertex 34.4 3 3.6
      vertex 34.4 5.9857 3.6
    endloop
  endfacet
  facet normal -0 0 1
    outer loop
      vertex 34 5.51736 3.6
      vertex 34.4 3 3.6
      vertex 34.3098 5.88013 3.6
    endloop
  endfacet
  facet normal 0 0 1
    outer loop
      vertex 34.4 3 3.6
      vertex 34 5.51736 3.6
      vertex 34 3 3.6
    endloop
  endfacet
  facet normal 0 0 -1
    outer loop
      vertex 34 7.36757 2.2
      vertex 34.4 7.8 2.2
      vertex 34.4 3 2.2
    endloop
  endfacet
  facet normal -0 0 -1
    outer loop
      vertex 34.4 7.8 2.2
      vertex 34.1797 7.66081 2.2
      vertex 34.2374 7.8 2.2
    endloop
  endfacet
  facet normal 0 0 -1
    outer loop
      vertex 34 7.36757 2.2
      vertex 34.4 3 2.2
      vertex 34 3 2.2
    endloop
  endfacet
  facet normal 0 0 -1
    outer loop
      vertex 34.4 7.8 2.2
      vertex 34 7.36757 2.2
      vertex 34.1797 7.66081 2.2
    endloop
  endfacet
  facet normal -1 0 0
    outer loop
      vertex 34 3 2.2
      vertex 34 5.76623 3.12189
      vertex 34 6.12734 2.71442
    endloop
  endfacet
  facet normal -1 0 0
    outer loop
      vertex 34 3 2.2
      vertex 34 7.01137 2.26795
      vertex 34 7.36757 2.2
    endloop
  endfacet
  facet normal -1 0 0
    outer loop
      vertex 34 3 2.2
      vertex 34 6.66729 2.41927
      vertex 34 7.01137 2.26795
    endloop
  endfacet
  facet normal -1 0 0
    outer loop
      vertex 34 3 2.2
      vertex 34 6.12734 2.71442
      vertex 34 6.66729 2.41927
    endloop
  endfacet
  facet normal -1 -0 0
    outer loop
      vertex 34 5.76623 3.12189
      vertex 34 3 2.2
      vertex 34 5.59424 3.31596
    endloop
  endfacet
  facet normal -1 0 0
    outer loop
      vertex 34 3 3.6
      vertex 34 5.59424 3.31596
      vertex 34 3 2.2
    endloop
  endfacet
  facet normal -1 0 0
    outer loop
      vertex 34 5.59424 3.31596
      vertex 34 3 3.6
      vertex 34 5.51736 3.6
    endloop
  endfacet
  facet normal 0 1 -0
    outer loop
      vertex 34.4 7.8 2.2
      vertex 34.2916 7.8 2.2183
      vertex 34.4 7.8 2.25486
    endloop
  endfacet
  facet normal 0 1 0
    outer loop
      vertex 34.2916 7.8 2.2183
      vertex 34.4 7.8 2.2
      vertex 34.2374 7.8 2.2
    endloop
  endfacet
  facet normal 0 -1 0
    outer loop
      vertex 34 3 2.2
      vertex 34.4 3 3.6
      vertex 34 3 3.6
    endloop
  endfacet
  facet normal 0 -1 -0
    outer loop
      vertex 34.4 3 3.6
      vertex 34 3 2.2
      vertex 34.4 3 2.2
    endloop
  endfacet
  facet normal 0 0 1
    outer loop
      vertex 23.5 22.2 3.2
      vertex 23 21.5 3.2
      vertex 23.5 19.2 3.2
    endloop
  endfacet
  facet normal -0 0 1
    outer loop
      vertex 22 22.2 3.2
      vertex 23 21.5 3.2
      vertex 23.5 22.2 3.2
    endloop
  endfacet
  facet normal 0 0 1
    outer loop
      vertex 23 21.5 3.2
      vertex 22 22.2 3.2
      vertex 22 21.5 3.2
    endloop
  endfacet
  facet normal 0 0 1
    outer loop
      vertex 23.5 19.2 3.2
      vertex 23 21.5 3.2
      vertex 23 19.2 3.2
    endloop
  endfacet
  facet normal -1 0 0
    outer loop
      vertex 22 21.5 1.6
      vertex 22 22.2 3.2
      vertex 22 22.2 1.6
    endloop
  endfacet
  facet normal -1 -0 0
    outer loop
      vertex 22 22.2 3.2
      vertex 22 21.5 1.6
      vertex 22 21.5 3.2
    endloop
  endfacet
  facet normal 0 1 -0
    outer loop
      vertex 23.5 22.2 1.6
      vertex 22 22.2 3.2
      vertex 23.5 22.2 3.2
    endloop
  endfacet
  facet normal 0 1 0
    outer loop
      vertex 22 22.2 3.2
      vertex 23.5 22.2 1.6
      vertex 22 22.2 1.6
    endloop
  endfacet
  facet normal 0 -1 0
    outer loop
      vertex 23 19.2 1.6
      vertex 23.5 19.2 3.2
      vertex 23 19.2 3.2
    endloop
  endfacet
  facet normal 0 -1 -0
    outer loop
      vertex 23.5 19.2 3.2
      vertex 23 19.2 1.6
      vertex 23.5 19.2 1.6
    endloop
  endfacet
  facet normal 1 -0 0
    outer loop
      vertex 25.5 3.5 2.35
      vertex 25.5 4.8 1.6
      vertex 25.5 4.8 2.35
    endloop
  endfacet
  facet normal 1 0 0
    outer loop
      vertex 25.5 4.8 1.6
      vertex 25.5 3.5 2.35
      vertex 25.5 3.5 1.6
    endloop
  endfacet
  facet normal -0 0 1
    outer loop
      vertex 23.5 4.8 2.35
      vertex 25.5 3.5 2.35
      vertex 25.5 4.8 2.35
    endloop
  endfacet
  facet normal 0 0 1
    outer loop
      vertex 25.5 3.5 2.35
      vertex 23.5 4.8 2.35
      vertex 23.5 3.5 2.35
    endloop
  endfacet
  facet normal -1 0 0
    outer loop
      vertex 23.5 3.5 1.6
      vertex 23.5 4.8 2.35
      vertex 23.5 4.8 1.6
    endloop
  endfacet
  facet normal -1 -0 0
    outer loop
      vertex 23.5 4.8 2.35
      vertex 23.5 3.5 1.6
      vertex 23.5 3.5 2.35
    endloop
  endfacet
  facet normal 0 1 -0
    outer loop
      vertex 25.5 4.8 1.6
      vertex 23.5 4.8 2.35
      vertex 25.5 4.8 2.35
    endloop
  endfacet
  facet normal 0 1 0
    outer loop
      vertex 23.5 4.8 2.35
      vertex 25.5 4.8 1.6
      vertex 23.5 4.8 1.6
    endloop
  endfacet
  facet normal 0 -1 0
    outer loop
      vertex 23.5 3.5 1.6
      vertex 25.5 3.5 2.35
      vertex 23.5 3.5 2.35
    endloop
  endfacet
  facet normal 0 -1 -0
    outer loop
      vertex 25.5 3.5 2.35
      vertex 23.5 3.5 1.6
      vertex 25.5 3.5 1.6
    endloop
  endfacet
  facet normal 1 -0 0
    outer loop
      vertex 40.5 18.7 2.35
      vertex 40.5 20.7 1.6
      vertex 40.5 20.7 2.35
    endloop
  endfacet
  facet normal 1 0 0
    outer loop
      vertex 40.5 20.7 1.6
      vertex 40.5 18.7 2.35
      vertex 40.5 18.7 1.6
    endloop
  endfacet
  facet normal -0 0 1
    outer loop
      vertex 39.2 20.7 2.35
      vertex 40.5 18.7 2.35
      vertex 40.5 20.7 2.35
    endloop
  endfacet
  facet normal 0 0 1
    outer loop
      vertex 40.5 18.7 2.35
      vertex 39.2 20.7 2.35
      vertex 39.2 18.7 2.35
    endloop
  endfacet
  facet normal -1 0 0
    outer loop
      vertex 39.2 18.7 1.6
      vertex 39.2 20.7 2.35
      vertex 39.2 20.7 1.6
    endloop
  endfacet
  facet normal -1 -0 0
    outer loop
      vertex 39.2 20.7 2.35
      vertex 39.2 18.7 1.6
      vertex 39.2 18.7 2.35
    endloop
  endfacet
  facet normal 0 1 -0
    outer loop
      vertex 40.5 20.7 1.6
      vertex 39.2 20.7 2.35
      vertex 40.5 20.7 2.35
    endloop
  endfacet
  facet normal 0 1 0
    outer loop
      vertex 39.2 20.7 2.35
      vertex 40.5 20.7 1.6
      vertex 39.2 20.7 1.6
    endloop
  endfacet
  facet normal 0 -1 0
    outer loop
      vertex 39.2 18.7 1.6
      vertex 40.5 18.7 2.35
      vertex 39.2 18.7 2.35
    endloop
  endfacet
  facet normal 0 -1 -0
    outer loop
      vertex 40.5 18.7 2.35
      vertex 39.2 18.7 1.6
      vertex 40.5 18.7 1.6
    endloop
  endfacet
  facet normal -0 0 1
    outer loop
      vertex 42 20.8 2.35
      vertex 42.3938 20.4062 2.35
      vertex 42.8735 20.8 2.35
    endloop
  endfacet
  facet normal 0 0 1
    outer loop
      vertex 42.3938 20.4062 2.35
      vertex 42 20.8 2.35
      vertex 42 19.9265 2.35
    endloop
  endfacet
  facet normal -1 0 0
    outer loop
      vertex 42 19.9265 1.6
      vertex 42 20.8 2.35
      vertex 42 20.8 1.6
    endloop
  endfacet
  facet normal -1 -0 0
    outer loop
      vertex 42 20.8 2.35
      vertex 42 19.9265 1.6
      vertex 42 19.9265 2.35
    endloop
  endfacet
  facet normal 0 1 -0
    outer loop
      vertex 42.8735 20.8 1.6
      vertex 42 20.8 2.35
      vertex 42.8735 20.8 2.35
    endloop
  endfacet
  facet normal 0 1 0
    outer loop
      vertex 42 20.8 2.35
      vertex 42.8735 20.8 1.6
      vertex 42 20.8 1.6
    endloop
  endfacet
  facet normal 1 -0 0
    outer loop
      vertex 15.2 8.2 2.35
      vertex 15.2 10.3 1.6
      vertex 15.2 10.3 2.35
    endloop
  endfacet
  facet normal 1 0 0
    outer loop
      vertex 15.2 10.3 1.6
      vertex 15.2 8.2 2.35
      vertex 15.2 8.2 1.6
    endloop
  endfacet
  facet normal -0 0 1
    outer loop
      vertex 14 10.3 2.35
      vertex 15.2 8.2 2.35
      vertex 15.2 10.3 2.35
    endloop
  endfacet
  facet normal 0 0 1
    outer loop
      vertex 15.2 8.2 2.35
      vertex 14 10.3 2.35
      vertex 14 8.2 2.35
    endloop
  endfacet
  facet normal -1 0 0
    outer loop
      vertex 14 8.2 1.6
      vertex 14 10.3 2.35
      vertex 14 10.3 1.6
    endloop
  endfacet
  facet normal -1 -0 0
    outer loop
      vertex 14 10.3 2.35
      vertex 14 8.2 1.6
      vertex 14 8.2 2.35
    endloop
  endfacet
  facet normal 0 1 -0
    outer loop
      vertex 15.2 10.3 1.6
      vertex 14 10.3 2.35
      vertex 15.2 10.3 2.35
    endloop
  endfacet
  facet normal 0 1 0
    outer loop
      vertex 14 10.3 2.35
      vertex 15.2 10.3 1.6
      vertex 14 10.3 1.6
    endloop
  endfacet
  facet normal 0 -1 0
    outer loop
      vertex 14 8.2 1.6
      vertex 15.2 8.2 2.35
      vertex 14 8.2 2.35
    endloop
  endfacet
  facet normal 0 -1 -0
    outer loop
      vertex 15.2 8.2 2.35
      vertex 14 8.2 1.6
      vertex 15.2 8.2 1.6
    endloop
  endfacet
  facet normal 1 -0 0
    outer loop
      vertex 44.2 8.4 2.35
      vertex 44.2 10.5 1.6
      vertex 44.2 10.5 2.35
    endloop
  endfacet
  facet normal 1 0 0
    outer loop
      vertex 44.2 10.5 1.6
      vertex 44.2 8.4 2.35
      vertex 44.2 8.4 1.6
    endloop
  endfacet
  facet normal -0 0 1
    outer loop
      vertex 43 10.5 2.35
      vertex 44.2 8.4 2.35
      vertex 44.2 10.5 2.35
    endloop
  endfacet
  facet normal 0 0 1
    outer loop
      vertex 44.2 8.4 2.35
      vertex 43 10.5 2.35
      vertex 43 8.4 2.35
    endloop
  endfacet
  facet normal -1 0 0
    outer loop
      vertex 43 8.4 1.6
      vertex 43 10.5 2.35
      vertex 43 10.5 1.6
    endloop
  endfacet
  facet normal -1 -0 0
    outer loop
      vertex 43 10.5 2.35
      vertex 43 8.4 1.6
      vertex 43 8.4 2.35
    endloop
  endfacet
  facet normal 0 1 -0
    outer loop
      vertex 44.2 10.5 1.6
      vertex 43 10.5 2.35
      vertex 44.2 10.5 2.35
    endloop
  endfacet
  facet normal 0 1 0
    outer loop
      vertex 43 10.5 2.35
      vertex 44.2 10.5 1.6
      vertex 43 10.5 1.6
    endloop
  endfacet
  facet normal 0 -1 0
    outer loop
      vertex 43 8.4 1.6
      vertex 44.2 8.4 2.35
      vertex 43 8.4 2.35
    endloop
  endfacet
  facet normal 0 -1 -0
    outer loop
      vertex 44.2 8.4 2.35
      vertex 43 8.4 1.6
      vertex 44.2 8.4 1.6
    endloop
  endfacet
endsolid OpenSCAD_Model
