solid OpenSCAD_Model
  facet normal 0 1 -0
    outer loop
      vertex 5.00684 3.2 -0.849991
      vertex 0 3.2 0.849991
      vertex 5.00684 3.2 0.849991
    endloop
  endfacet
  facet normal 0 1 0
    outer loop
      vertex 0 3.2 0.849991
      vertex 5.00684 3.2 -0.849991
      vertex 0 3.2 -0.849991
    endloop
  endfacet
  facet normal 0 -0.7071 0.707114
    outer loop
      vertex 0 -3.2 0.849991
      vertex 5.00684 -2.64999 1.39999
      vertex 0 -2.64999 1.39999
    endloop
  endfacet
  facet normal 0 -0.7071 0.707114
    outer loop
      vertex 5.00684 -2.64999 1.39999
      vertex 0 -3.2 0.849991
      vertex 5.00684 -3.2 0.849991
    endloop
  endfacet
  facet normal 0 0 -1
    outer loop
      vertex 0 -2.64999 -1.39999
      vertex 5.00684 2.64999 -1.39999
      vertex 5.00684 -2.64999 -1.39999
    endloop
  endfacet
  facet normal -0 0 -1
    outer loop
      vertex 5.00684 2.64999 -1.39999
      vertex 0 -2.64999 -1.39999
      vertex 0 2.64999 -1.39999
    endloop
  endfacet
  facet normal 0 -0.7071 -0.707114
    outer loop
      vertex 0 -2.64999 -1.39999
      vertex 5.00684 -3.2 -0.849991
      vertex 0 -3.2 -0.849991
    endloop
  endfacet
  facet normal 0 -0.7071 -0.707114
    outer loop
      vertex 5.00684 -3.2 -0.849991
      vertex 0 -2.64999 -1.39999
      vertex 5.00684 -2.64999 -1.39999
    endloop
  endfacet
  facet normal -1 0 0
    outer loop
      vertex 0 3.2 -0.849991
      vertex 0 2.71999 -0.479996
      vertex 0 3.2 0.849991
    endloop
  endfacet
  facet normal -1 0 0
    outer loop
      vertex 0 2.29999 -0.849991
      vertex 0 3.2 -0.849991
      vertex 0 2.64999 -1.39999
    endloop
  endfacet
  facet normal -1 0 0
    outer loop
      vertex 0 3.2 -0.849991
      vertex 0 2.29999 -0.849991
      vertex 0 2.71999 -0.479996
    endloop
  endfacet
  facet normal -1 0 0
    outer loop
      vertex 0 2.64999 -1.39999
      vertex 0 -2.29999 -0.849991
      vertex 0 2.29999 -0.849991
    endloop
  endfacet
  facet normal -1 0 0
    outer loop
      vertex 0 -2.64999 -1.39999
      vertex 0 -2.29999 -0.849991
      vertex 0 2.64999 -1.39999
    endloop
  endfacet
  facet normal -1 0 0
    outer loop
      vertex 0 -3.2 -0.849991
      vertex 0 -2.29999 -0.849991
      vertex 0 -2.64999 -1.39999
    endloop
  endfacet
  facet normal -1 -0 0
    outer loop
      vertex 0 -2.71999 -0.479996
      vertex 0 -3.2 -0.849991
      vertex 0 -2.71999 0.479996
    endloop
  endfacet
  facet normal -1 0 0
    outer loop
      vertex 0 -2.29999 -0.849991
      vertex 0 -3.2 -0.849991
      vertex 0 -2.71999 -0.479996
    endloop
  endfacet
  facet normal -1 0 0
    outer loop
      vertex 0 2.71999 0.479996
      vertex 0 3.2 0.849991
      vertex 0 2.71999 -0.479996
    endloop
  endfacet
  facet normal -1 0 0
    outer loop
      vertex 0 2.29999 0.849991
      vertex 0 3.2 0.849991
      vertex 0 2.71999 0.479996
    endloop
  endfacet
  facet normal -1 0 0
    outer loop
      vertex 0 3.2 0.849991
      vertex 0 2.29999 0.849991
      vertex 0 2.64999 1.39999
    endloop
  endfacet
  facet normal -1 0 0
    outer loop
      vertex 0 -2.29999 0.849991
      vertex 0 2.64999 1.39999
      vertex 0 2.29999 0.849991
    endloop
  endfacet
  facet normal -1 0 0
    outer loop
      vertex 0 -2.29999 0.849991
      vertex 0 -2.64999 1.39999
      vertex 0 2.64999 1.39999
    endloop
  endfacet
  facet normal -1 0 0
    outer loop
      vertex 0 -3.2 0.849991
      vertex 0 -2.29999 0.849991
      vertex 0 -2.71999 0.479996
    endloop
  endfacet
  facet normal -1 0 0
    outer loop
      vertex 0 -3.2 0.849991
      vertex 0 -2.71999 0.479996
      vertex 0 -3.2 -0.849991
    endloop
  endfacet
  facet normal -1 0 0
    outer loop
      vertex 0 -2.29999 0.849991
      vertex 0 -3.2 0.849991
      vertex 0 -2.64999 1.39999
    endloop
  endfacet
  facet normal -0 0 1
    outer loop
      vertex 3.3 1.05 1.39999
      vertex 4.55 -1.05 1.39999
      vertex 4.55 1.05 1.39999
    endloop
  endfacet
  facet normal 0 0 1
    outer loop
      vertex 4.55 -1.05 1.39999
      vertex 3.3 1.05 1.39999
      vertex 3.3 -1.05 1.39999
    endloop
  endfacet
  facet normal 0 0 1
    outer loop
      vertex 4.55 1.05 1.39999
      vertex 5.00684 2.64999 1.39999
      vertex 4.55 1.45 1.39999
    endloop
  endfacet
  facet normal 0 0 1
    outer loop
      vertex 5.00684 2.64999 1.39999
      vertex 3.3 1.45 1.39999
      vertex 4.55 1.45 1.39999
    endloop
  endfacet
  facet normal 0 0 1
    outer loop
      vertex 0 2.64999 1.39999
      vertex 3.3 1.05 1.39999
      vertex 3.3 1.45 1.39999
    endloop
  endfacet
  facet normal 0 0 1
    outer loop
      vertex 3.3 1.05 1.39999
      vertex 0 2.64999 1.39999
      vertex 3.3 -1.05 1.39999
    endloop
  endfacet
  facet normal 0 0 1
    outer loop
      vertex 0 -2.64999 1.39999
      vertex 3.3 -1.05 1.39999
      vertex 0 2.64999 1.39999
    endloop
  endfacet
  facet normal -0 0 1
    outer loop
      vertex 0 2.64999 1.39999
      vertex 3.3 1.45 1.39999
      vertex 5.00684 2.64999 1.39999
    endloop
  endfacet
  facet normal 0 0 1
    outer loop
      vertex 5.00684 2.64999 1.39999
      vertex 4.55 1.05 1.39999
      vertex 5.00684 -2.64999 1.39999
    endloop
  endfacet
  facet normal -0 0 1
    outer loop
      vertex 4.55 -1.05 1.39999
      vertex 5.00684 -2.64999 1.39999
      vertex 4.55 1.05 1.39999
    endloop
  endfacet
  facet normal -0 0 1
    outer loop
      vertex 4.55 -1.45 1.39999
      vertex 5.00684 -2.64999 1.39999
      vertex 4.55 -1.05 1.39999
    endloop
  endfacet
  facet normal -0 0 1
    outer loop
      vertex 3.3 -1.45 1.39999
      vertex 5.00684 -2.64999 1.39999
      vertex 4.55 -1.45 1.39999
    endloop
  endfacet
  facet normal 0 0 1
    outer loop
      vertex 3.3 -1.45 1.39999
      vertex 0 -2.64999 1.39999
      vertex 5.00684 -2.64999 1.39999
    endloop
  endfacet
  facet normal 0 0 1
    outer loop
      vertex 3.3 -1.05 1.39999
      vertex 0 -2.64999 1.39999
      vertex 3.3 -1.45 1.39999
    endloop
  endfacet
  facet normal 0 -1 0
    outer loop
      vertex 0 -3.2 -0.849991
      vertex 5.00684 -3.2 0.849991
      vertex 0 -3.2 0.849991
    endloop
  endfacet
  facet normal 0 -1 -0
    outer loop
      vertex 5.00684 -3.2 0.849991
      vertex 0 -3.2 -0.849991
      vertex 5.00684 -3.2 -0.849991
    endloop
  endfacet
  facet normal 0 0.7071 -0.707114
    outer loop
      vertex 5.00684 2.64999 -1.39999
      vertex 0 3.2 -0.849991
      vertex 5.00684 3.2 -0.849991
    endloop
  endfacet
  facet normal 0 0.7071 -0.707114
    outer loop
      vertex 0 3.2 -0.849991
      vertex 5.00684 2.64999 -1.39999
      vertex 0 2.64999 -1.39999
    endloop
  endfacet
  facet normal 0 0.7071 0.707114
    outer loop
      vertex 5.00684 3.2 0.849991
      vertex 0 2.64999 1.39999
      vertex 5.00684 2.64999 1.39999
    endloop
  endfacet
  facet normal 0 0.7071 0.707114
    outer loop
      vertex 0 2.64999 1.39999
      vertex 5.00684 3.2 0.849991
      vertex 0 3.2 0.849991
    endloop
  endfacet
  facet normal 0 -1 0
    outer loop
      vertex 0 2.71999 -0.479996
      vertex 5.00684 2.71999 0.479996
      vertex 0 2.71999 0.479996
    endloop
  endfacet
  facet normal 0 -1 -0
    outer loop
      vertex 5.00684 2.71999 0.479996
      vertex 0 2.71999 -0.479996
      vertex 5.00684 2.71999 -0.479996
    endloop
  endfacet
  facet normal 0 0.661026 -0.750363
    outer loop
      vertex 0 -2.71999 0.479996
      vertex 5.00684 -2.29999 0.849991
      vertex 5.00684 -2.71999 0.479996
    endloop
  endfacet
  facet normal 0 0.661026 -0.750363
    outer loop
      vertex 5.00684 -2.29999 0.849991
      vertex 0 -2.71999 0.479996
      vertex 0 -2.29999 0.849991
    endloop
  endfacet
  facet normal -0 0 1
    outer loop
      vertex 0 2.29999 -0.849991
      vertex 5.00684 -2.29999 -0.849991
      vertex 5.00684 2.29999 -0.849991
    endloop
  endfacet
  facet normal 0 0 1
    outer loop
      vertex 5.00684 -2.29999 -0.849991
      vertex 0 2.29999 -0.849991
      vertex 0 -2.29999 -0.849991
    endloop
  endfacet
  facet normal -0 0.661026 0.750363
    outer loop
      vertex 0 -2.29999 -0.849991
      vertex 5.00684 -2.71999 -0.479996
      vertex 5.00684 -2.29999 -0.849991
    endloop
  endfacet
  facet normal 0 0.661026 0.750363
    outer loop
      vertex 5.00684 -2.71999 -0.479996
      vertex 0 -2.29999 -0.849991
      vertex 0 -2.71999 -0.479996
    endloop
  endfacet
  facet normal 0 0 -1
    outer loop
      vertex 0 -2.29999 0.849991
      vertex 5.00684 2.29999 0.849991
      vertex 5.00684 -2.29999 0.849991
    endloop
  endfacet
  facet normal -0 0 -1
    outer loop
      vertex 5.00684 2.29999 0.849991
      vertex 0 -2.29999 0.849991
      vertex 0 2.29999 0.849991
    endloop
  endfacet
  facet normal 0 1 -0
    outer loop
      vertex 5.00684 -2.71999 -0.479996
      vertex 0 -2.71999 0.479996
      vertex 5.00684 -2.71999 0.479996
    endloop
  endfacet
  facet normal 0 1 0
    outer loop
      vertex 0 -2.71999 0.479996
      vertex 5.00684 -2.71999 -0.479996
      vertex 0 -2.71999 -0.479996
    endloop
  endfacet
  facet normal 0 -0.661026 0.750363
    outer loop
      vertex 0 2.71999 -0.479996
      vertex 5.00684 2.29999 -0.849991
      vertex 5.00684 2.71999 -0.479996
    endloop
  endfacet
  facet normal 0 -0.661026 0.750363
    outer loop
      vertex 5.00684 2.29999 -0.849991
      vertex 0 2.71999 -0.479996
      vertex 0 2.29999 -0.849991
    endloop
  endfacet
  facet normal 0 -0.661026 -0.750363
    outer loop
      vertex 0 2.29999 0.849991
      vertex 5.00684 2.71999 0.479996
      vertex 5.00684 2.29999 0.849991
    endloop
  endfacet
  facet normal -0 -0.661026 -0.750363
    outer loop
      vertex 5.00684 2.71999 0.479996
      vertex 0 2.29999 0.849991
      vertex 0 2.71999 0.479996
    endloop
  endfacet
  facet normal 1 -0 0
    outer loop
      vertex 1.12 -2.12 -0.15
      vertex 1.12 -2.045 -0.27
      vertex 1.12 -2.045 -0.15
    endloop
  endfacet
  facet normal 1 0 0
    outer loop
      vertex 1.12 -2.045 -0.27
      vertex 1.12 -2.12 -0.15
      vertex 1.12 -2.12 -0.27
    endloop
  endfacet
  facet normal -0 0 1
    outer loop
      vertex 0.0199995 -2.045 -0.15
      vertex 1.12 -2.12 -0.15
      vertex 1.12 -2.045 -0.15
    endloop
  endfacet
  facet normal 0 0 1
    outer loop
      vertex 1.12 -2.12 -0.15
      vertex 0.0199995 -2.045 -0.15
      vertex 0.0199995 -2.12 -0.15
    endloop
  endfacet
  facet normal 0 0 -1
    outer loop
      vertex 0.0199995 -2.12 -0.27
      vertex 1.12 -2.045 -0.27
      vertex 1.12 -2.12 -0.27
    endloop
  endfacet
  facet normal -0 0 -1
    outer loop
      vertex 1.12 -2.045 -0.27
      vertex 0.0199995 -2.12 -0.27
      vertex 0.0199995 -2.045 -0.27
    endloop
  endfacet
  facet normal -1 0 0
    outer loop
      vertex 0.0199995 -2.12 -0.27
      vertex 0.0199995 -2.045 -0.15
      vertex 0.0199995 -2.045 -0.27
    endloop
  endfacet
  facet normal -1 -0 0
    outer loop
      vertex 0.0199995 -2.045 -0.15
      vertex 0.0199995 -2.12 -0.27
      vertex 0.0199995 -2.12 -0.15
    endloop
  endfacet
  facet normal 0 1 -0
    outer loop
      vertex 1.12 -2.045 -0.27
      vertex 0.0199995 -2.045 -0.15
      vertex 1.12 -2.045 -0.15
    endloop
  endfacet
  facet normal 0 1 0
    outer loop
      vertex 0.0199995 -2.045 -0.15
      vertex 1.12 -2.045 -0.27
      vertex 0.0199995 -2.045 -0.27
    endloop
  endfacet
  facet normal 0 -1 0
    outer loop
      vertex 0.0199995 -2.12 -0.27
      vertex 1.12 -2.12 -0.15
      vertex 0.0199995 -2.12 -0.15
    endloop
  endfacet
  facet normal 0 -1 -0
    outer loop
      vertex 1.12 -2.12 -0.15
      vertex 0.0199995 -2.12 -0.27
      vertex 1.12 -2.12 -0.27
    endloop
  endfacet
  facet normal 1 -0 0
    outer loop
      vertex 1.12 -1.88444 -0.15
      vertex 1.12 -1.80944 -0.27
      vertex 1.12 -1.80944 -0.15
    endloop
  endfacet
  facet normal 1 0 0
    outer loop
      vertex 1.12 -1.80944 -0.27
      vertex 1.12 -1.88444 -0.15
      vertex 1.12 -1.88444 -0.27
    endloop
  endfacet
  facet normal -0 0 1
    outer loop
      vertex 0.0199995 -1.80944 -0.15
      vertex 1.12 -1.88444 -0.15
      vertex 1.12 -1.80944 -0.15
    endloop
  endfacet
  facet normal 0 0 1
    outer loop
      vertex 1.12 -1.88444 -0.15
      vertex 0.0199995 -1.80944 -0.15
      vertex 0.0199995 -1.88444 -0.15
    endloop
  endfacet
  facet normal 0 0 -1
    outer loop
      vertex 0.0199995 -1.88444 -0.27
      vertex 1.12 -1.80944 -0.27
      vertex 1.12 -1.88444 -0.27
    endloop
  endfacet
  facet normal -0 0 -1
    outer loop
      vertex 1.12 -1.80944 -0.27
      vertex 0.0199995 -1.88444 -0.27
      vertex 0.0199995 -1.80944 -0.27
    endloop
  endfacet
  facet normal -1 0 0
    outer loop
      vertex 0.0199995 -1.88444 -0.27
      vertex 0.0199995 -1.80944 -0.15
      vertex 0.0199995 -1.80944 -0.27
    endloop
  endfacet
  facet normal -1 -0 0
    outer loop
      vertex 0.0199995 -1.80944 -0.15
      vertex 0.0199995 -1.88444 -0.27
      vertex 0.0199995 -1.88444 -0.15
    endloop
  endfacet
  facet normal 0 1 -0
    outer loop
      vertex 1.12 -1.80944 -0.27
      vertex 0.0199995 -1.80944 -0.15
      vertex 1.12 -1.80944 -0.15
    endloop
  endfacet
  facet normal 0 1 0
    outer loop
      vertex 0.0199995 -1.80944 -0.15
      vertex 1.12 -1.80944 -0.27
      vertex 0.0199995 -1.80944 -0.27
    endloop
  endfacet
  facet normal 0 -1 0
    outer loop
      vertex 0.0199995 -1.88444 -0.27
      vertex 1.12 -1.88444 -0.15
      vertex 0.0199995 -1.88444 -0.15
    endloop
  endfacet
  facet normal 0 -1 -0
    outer loop
      vertex 1.12 -1.88444 -0.15
      vertex 0.0199995 -1.88444 -0.27
      vertex 1.12 -1.88444 -0.27
    endloop
  endfacet
  facet normal 1 -0 0
    outer loop
      vertex 1.12 -1.64889 -0.15
      vertex 1.12 -1.57389 -0.27
      vertex 1.12 -1.57389 -0.15
    endloop
  endfacet
  facet normal 1 0 0
    outer loop
      vertex 1.12 -1.57389 -0.27
      vertex 1.12 -1.64889 -0.15
      vertex 1.12 -1.64889 -0.27
    endloop
  endfacet
  facet normal -0 0 1
    outer loop
      vertex 0.0199995 -1.57389 -0.15
      vertex 1.12 -1.64889 -0.15
      vertex 1.12 -1.57389 -0.15
    endloop
  endfacet
  facet normal 0 0 1
    outer loop
      vertex 1.12 -1.64889 -0.15
      vertex 0.0199995 -1.57389 -0.15
      vertex 0.0199995 -1.64889 -0.15
    endloop
  endfacet
  facet normal 0 0 -1
    outer loop
      vertex 0.0199995 -1.64889 -0.27
      vertex 1.12 -1.57389 -0.27
      vertex 1.12 -1.64889 -0.27
    endloop
  endfacet
  facet normal -0 0 -1
    outer loop
      vertex 1.12 -1.57389 -0.27
      vertex 0.0199995 -1.64889 -0.27
      vertex 0.0199995 -1.57389 -0.27
    endloop
  endfacet
  facet normal -1 0 0
    outer loop
      vertex 0.0199995 -1.64889 -0.27
      vertex 0.0199995 -1.57389 -0.15
      vertex 0.0199995 -1.57389 -0.27
    endloop
  endfacet
  facet normal -1 -0 0
    outer loop
      vertex 0.0199995 -1.57389 -0.15
      vertex 0.0199995 -1.64889 -0.27
      vertex 0.0199995 -1.64889 -0.15
    endloop
  endfacet
  facet normal 0 1 -0
    outer loop
      vertex 1.12 -1.57389 -0.27
      vertex 0.0199995 -1.57389 -0.15
      vertex 1.12 -1.57389 -0.15
    endloop
  endfacet
  facet normal 0 1 0
    outer loop
      vertex 0.0199995 -1.57389 -0.15
      vertex 1.12 -1.57389 -0.27
      vertex 0.0199995 -1.57389 -0.27
    endloop
  endfacet
  facet normal 0 -1 0
    outer loop
      vertex 0.0199995 -1.64889 -0.27
      vertex 1.12 -1.64889 -0.15
      vertex 0.0199995 -1.64889 -0.15
    endloop
  endfacet
  facet normal 0 -1 -0
    outer loop
      vertex 1.12 -1.64889 -0.15
      vertex 0.0199995 -1.64889 -0.27
      vertex 1.12 -1.64889 -0.27
    endloop
  endfacet
  facet normal 1 -0 0
    outer loop
      vertex 1.12 -1.41333 -0.15
      vertex 1.12 -1.33833 -0.27
      vertex 1.12 -1.33833 -0.15
    endloop
  endfacet
  facet normal 1 0 0
    outer loop
      vertex 1.12 -1.33833 -0.27
      vertex 1.12 -1.41333 -0.15
      vertex 1.12 -1.41333 -0.27
    endloop
  endfacet
  facet normal -0 0 1
    outer loop
      vertex 0.0199995 -1.33833 -0.15
      vertex 1.12 -1.41333 -0.15
      vertex 1.12 -1.33833 -0.15
    endloop
  endfacet
  facet normal 0 0 1
    outer loop
      vertex 1.12 -1.41333 -0.15
      vertex 0.0199995 -1.33833 -0.15
      vertex 0.0199995 -1.41333 -0.15
    endloop
  endfacet
  facet normal 0 0 -1
    outer loop
      vertex 0.0199995 -1.41333 -0.27
      vertex 1.12 -1.33833 -0.27
      vertex 1.12 -1.41333 -0.27
    endloop
  endfacet
  facet normal -0 0 -1
    outer loop
      vertex 1.12 -1.33833 -0.27
      vertex 0.0199995 -1.41333 -0.27
      vertex 0.0199995 -1.33833 -0.27
    endloop
  endfacet
  facet normal -1 0 0
    outer loop
      vertex 0.0199995 -1.41333 -0.27
      vertex 0.0199995 -1.33833 -0.15
      vertex 0.0199995 -1.33833 -0.27
    endloop
  endfacet
  facet normal -1 -0 0
    outer loop
      vertex 0.0199995 -1.33833 -0.15
      vertex 0.0199995 -1.41333 -0.27
      vertex 0.0199995 -1.41333 -0.15
    endloop
  endfacet
  facet normal 0 1 -0
    outer loop
      vertex 1.12 -1.33833 -0.27
      vertex 0.0199995 -1.33833 -0.15
      vertex 1.12 -1.33833 -0.15
    endloop
  endfacet
  facet normal 0 1 0
    outer loop
      vertex 0.0199995 -1.33833 -0.15
      vertex 1.12 -1.33833 -0.27
      vertex 0.0199995 -1.33833 -0.27
    endloop
  endfacet
  facet normal 0 -1 0
    outer loop
      vertex 0.0199995 -1.41333 -0.27
      vertex 1.12 -1.41333 -0.15
      vertex 0.0199995 -1.41333 -0.15
    endloop
  endfacet
  facet normal 0 -1 -0
    outer loop
      vertex 1.12 -1.41333 -0.15
      vertex 0.0199995 -1.41333 -0.27
      vertex 1.12 -1.41333 -0.27
    endloop
  endfacet
  facet normal 1 -0 0
    outer loop
      vertex 1.12 -1.17778 -0.15
      vertex 1.12 -1.10278 -0.27
      vertex 1.12 -1.10278 -0.15
    endloop
  endfacet
  facet normal 1 0 0
    outer loop
      vertex 1.12 -1.10278 -0.27
      vertex 1.12 -1.17778 -0.15
      vertex 1.12 -1.17778 -0.27
    endloop
  endfacet
  facet normal -0 0 1
    outer loop
      vertex 0.0199995 -1.10278 -0.15
      vertex 1.12 -1.17778 -0.15
      vertex 1.12 -1.10278 -0.15
    endloop
  endfacet
  facet normal 0 0 1
    outer loop
      vertex 1.12 -1.17778 -0.15
      vertex 0.0199995 -1.10278 -0.15
      vertex 0.0199995 -1.17778 -0.15
    endloop
  endfacet
  facet normal 0 0 -1
    outer loop
      vertex 0.0199995 -1.17778 -0.27
      vertex 1.12 -1.10278 -0.27
      vertex 1.12 -1.17778 -0.27
    endloop
  endfacet
  facet normal -0 0 -1
    outer loop
      vertex 1.12 -1.10278 -0.27
      vertex 0.0199995 -1.17778 -0.27
      vertex 0.0199995 -1.10278 -0.27
    endloop
  endfacet
  facet normal -1 0 0
    outer loop
      vertex 0.0199995 -1.17778 -0.27
      vertex 0.0199995 -1.10278 -0.15
      vertex 0.0199995 -1.10278 -0.27
    endloop
  endfacet
  facet normal -1 -0 0
    outer loop
      vertex 0.0199995 -1.10278 -0.15
      vertex 0.0199995 -1.17778 -0.27
      vertex 0.0199995 -1.17778 -0.15
    endloop
  endfacet
  facet normal 0 1 -0
    outer loop
      vertex 1.12 -1.10278 -0.27
      vertex 0.0199995 -1.10278 -0.15
      vertex 1.12 -1.10278 -0.15
    endloop
  endfacet
  facet normal 0 1 0
    outer loop
      vertex 0.0199995 -1.10278 -0.15
      vertex 1.12 -1.10278 -0.27
      vertex 0.0199995 -1.10278 -0.27
    endloop
  endfacet
  facet normal 0 -1 0
    outer loop
      vertex 0.0199995 -1.17778 -0.27
      vertex 1.12 -1.17778 -0.15
      vertex 0.0199995 -1.17778 -0.15
    endloop
  endfacet
  facet normal 0 -1 -0
    outer loop
      vertex 1.12 -1.17778 -0.15
      vertex 0.0199995 -1.17778 -0.27
      vertex 1.12 -1.17778 -0.27
    endloop
  endfacet
  facet normal 1 -0 0
    outer loop
      vertex 1.12 -0.942222 -0.15
      vertex 1.12 -0.867222 -0.27
      vertex 1.12 -0.867222 -0.15
    endloop
  endfacet
  facet normal 1 0 0
    outer loop
      vertex 1.12 -0.867222 -0.27
      vertex 1.12 -0.942222 -0.15
      vertex 1.12 -0.942222 -0.27
    endloop
  endfacet
  facet normal -0 0 1
    outer loop
      vertex 0.0199995 -0.867222 -0.15
      vertex 1.12 -0.942222 -0.15
      vertex 1.12 -0.867222 -0.15
    endloop
  endfacet
  facet normal 0 0 1
    outer loop
      vertex 1.12 -0.942222 -0.15
      vertex 0.0199995 -0.867222 -0.15
      vertex 0.0199995 -0.942222 -0.15
    endloop
  endfacet
  facet normal 0 0 -1
    outer loop
      vertex 0.0199995 -0.942222 -0.27
      vertex 1.12 -0.867222 -0.27
      vertex 1.12 -0.942222 -0.27
    endloop
  endfacet
  facet normal -0 0 -1
    outer loop
      vertex 1.12 -0.867222 -0.27
      vertex 0.0199995 -0.942222 -0.27
      vertex 0.0199995 -0.867222 -0.27
    endloop
  endfacet
  facet normal -1 0 0
    outer loop
      vertex 0.0199995 -0.942222 -0.27
      vertex 0.0199995 -0.867222 -0.15
      vertex 0.0199995 -0.867222 -0.27
    endloop
  endfacet
  facet normal -1 -0 0
    outer loop
      vertex 0.0199995 -0.867222 -0.15
      vertex 0.0199995 -0.942222 -0.27
      vertex 0.0199995 -0.942222 -0.15
    endloop
  endfacet
  facet normal 0 1 -0
    outer loop
      vertex 1.12 -0.867222 -0.27
      vertex 0.0199995 -0.867222 -0.15
      vertex 1.12 -0.867222 -0.15
    endloop
  endfacet
  facet normal 0 1 0
    outer loop
      vertex 0.0199995 -0.867222 -0.15
      vertex 1.12 -0.867222 -0.27
      vertex 0.0199995 -0.867222 -0.27
    endloop
  endfacet
  facet normal 0 -1 0
    outer loop
      vertex 0.0199995 -0.942222 -0.27
      vertex 1.12 -0.942222 -0.15
      vertex 0.0199995 -0.942222 -0.15
    endloop
  endfacet
  facet normal 0 -1 -0
    outer loop
      vertex 1.12 -0.942222 -0.15
      vertex 0.0199995 -0.942222 -0.27
      vertex 1.12 -0.942222 -0.27
    endloop
  endfacet
  facet normal 1 -0 0
    outer loop
      vertex 1.12 -0.706666 -0.15
      vertex 1.12 -0.631666 -0.27
      vertex 1.12 -0.631666 -0.15
    endloop
  endfacet
  facet normal 1 0 0
    outer loop
      vertex 1.12 -0.631666 -0.27
      vertex 1.12 -0.706666 -0.15
      vertex 1.12 -0.706666 -0.27
    endloop
  endfacet
  facet normal -0 0 1
    outer loop
      vertex 0.0199995 -0.631666 -0.15
      vertex 1.12 -0.706666 -0.15
      vertex 1.12 -0.631666 -0.15
    endloop
  endfacet
  facet normal 0 0 1
    outer loop
      vertex 1.12 -0.706666 -0.15
      vertex 0.0199995 -0.631666 -0.15
      vertex 0.0199995 -0.706666 -0.15
    endloop
  endfacet
  facet normal 0 0 -1
    outer loop
      vertex 0.0199995 -0.706666 -0.27
      vertex 1.12 -0.631666 -0.27
      vertex 1.12 -0.706666 -0.27
    endloop
  endfacet
  facet normal -0 0 -1
    outer loop
      vertex 1.12 -0.631666 -0.27
      vertex 0.0199995 -0.706666 -0.27
      vertex 0.0199995 -0.631666 -0.27
    endloop
  endfacet
  facet normal -1 0 0
    outer loop
      vertex 0.0199995 -0.706666 -0.27
      vertex 0.0199995 -0.631666 -0.15
      vertex 0.0199995 -0.631666 -0.27
    endloop
  endfacet
  facet normal -1 -0 0
    outer loop
      vertex 0.0199995 -0.631666 -0.15
      vertex 0.0199995 -0.706666 -0.27
      vertex 0.0199995 -0.706666 -0.15
    endloop
  endfacet
  facet normal 0 1 -0
    outer loop
      vertex 1.12 -0.631666 -0.27
      vertex 0.0199995 -0.631666 -0.15
      vertex 1.12 -0.631666 -0.15
    endloop
  endfacet
  facet normal 0 1 0
    outer loop
      vertex 0.0199995 -0.631666 -0.15
      vertex 1.12 -0.631666 -0.27
      vertex 0.0199995 -0.631666 -0.27
    endloop
  endfacet
  facet normal 0 -1 0
    outer loop
      vertex 0.0199995 -0.706666 -0.27
      vertex 1.12 -0.706666 -0.15
      vertex 0.0199995 -0.706666 -0.15
    endloop
  endfacet
  facet normal 0 -1 -0
    outer loop
      vertex 1.12 -0.706666 -0.15
      vertex 0.0199995 -0.706666 -0.27
      vertex 1.12 -0.706666 -0.27
    endloop
  endfacet
  facet normal 1 -0 0
    outer loop
      vertex 1.12 -0.47111 -0.15
      vertex 1.12 -0.396111 -0.27
      vertex 1.12 -0.396111 -0.15
    endloop
  endfacet
  facet normal 1 0 0
    outer loop
      vertex 1.12 -0.396111 -0.27
      vertex 1.12 -0.47111 -0.15
      vertex 1.12 -0.47111 -0.27
    endloop
  endfacet
  facet normal -0 0 1
    outer loop
      vertex 0.0199995 -0.396111 -0.15
      vertex 1.12 -0.47111 -0.15
      vertex 1.12 -0.396111 -0.15
    endloop
  endfacet
  facet normal 0 0 1
    outer loop
      vertex 1.12 -0.47111 -0.15
      vertex 0.0199995 -0.396111 -0.15
      vertex 0.0199995 -0.47111 -0.15
    endloop
  endfacet
  facet normal 0 0 -1
    outer loop
      vertex 0.0199995 -0.47111 -0.27
      vertex 1.12 -0.396111 -0.27
      vertex 1.12 -0.47111 -0.27
    endloop
  endfacet
  facet normal -0 0 -1
    outer loop
      vertex 1.12 -0.396111 -0.27
      vertex 0.0199995 -0.47111 -0.27
      vertex 0.0199995 -0.396111 -0.27
    endloop
  endfacet
  facet normal -1 0 0
    outer loop
      vertex 0.0199995 -0.47111 -0.27
      vertex 0.0199995 -0.396111 -0.15
      vertex 0.0199995 -0.396111 -0.27
    endloop
  endfacet
  facet normal -1 -0 0
    outer loop
      vertex 0.0199995 -0.396111 -0.15
      vertex 0.0199995 -0.47111 -0.27
      vertex 0.0199995 -0.47111 -0.15
    endloop
  endfacet
  facet normal 0 1 -0
    outer loop
      vertex 1.12 -0.396111 -0.27
      vertex 0.0199995 -0.396111 -0.15
      vertex 1.12 -0.396111 -0.15
    endloop
  endfacet
  facet normal 0 1 0
    outer loop
      vertex 0.0199995 -0.396111 -0.15
      vertex 1.12 -0.396111 -0.27
      vertex 0.0199995 -0.396111 -0.27
    endloop
  endfacet
  facet normal 0 -1 0
    outer loop
      vertex 0.0199995 -0.47111 -0.27
      vertex 1.12 -0.47111 -0.15
      vertex 0.0199995 -0.47111 -0.15
    endloop
  endfacet
  facet normal 0 -1 -0
    outer loop
      vertex 1.12 -0.47111 -0.15
      vertex 0.0199995 -0.47111 -0.27
      vertex 1.12 -0.47111 -0.27
    endloop
  endfacet
  facet normal 1 -0 0
    outer loop
      vertex 1.12 -0.235555 -0.15
      vertex 1.12 -0.160555 -0.27
      vertex 1.12 -0.160555 -0.15
    endloop
  endfacet
  facet normal 1 0 0
    outer loop
      vertex 1.12 -0.160555 -0.27
      vertex 1.12 -0.235555 -0.15
      vertex 1.12 -0.235555 -0.27
    endloop
  endfacet
  facet normal -0 0 1
    outer loop
      vertex 0.0199995 -0.160555 -0.15
      vertex 1.12 -0.235555 -0.15
      vertex 1.12 -0.160555 -0.15
    endloop
  endfacet
  facet normal 0 0 1
    outer loop
      vertex 1.12 -0.235555 -0.15
      vertex 0.0199995 -0.160555 -0.15
      vertex 0.0199995 -0.235555 -0.15
    endloop
  endfacet
  facet normal 0 0 -1
    outer loop
      vertex 0.0199995 -0.235555 -0.27
      vertex 1.12 -0.160555 -0.27
      vertex 1.12 -0.235555 -0.27
    endloop
  endfacet
  facet normal -0 0 -1
    outer loop
      vertex 1.12 -0.160555 -0.27
      vertex 0.0199995 -0.235555 -0.27
      vertex 0.0199995 -0.160555 -0.27
    endloop
  endfacet
  facet normal -1 0 0
    outer loop
      vertex 0.0199995 -0.235555 -0.27
      vertex 0.0199995 -0.160555 -0.15
      vertex 0.0199995 -0.160555 -0.27
    endloop
  endfacet
  facet normal -1 -0 0
    outer loop
      vertex 0.0199995 -0.160555 -0.15
      vertex 0.0199995 -0.235555 -0.27
      vertex 0.0199995 -0.235555 -0.15
    endloop
  endfacet
  facet normal 0 1 -0
    outer loop
      vertex 1.12 -0.160555 -0.27
      vertex 0.0199995 -0.160555 -0.15
      vertex 1.12 -0.160555 -0.15
    endloop
  endfacet
  facet normal 0 1 0
    outer loop
      vertex 0.0199995 -0.160555 -0.15
      vertex 1.12 -0.160555 -0.27
      vertex 0.0199995 -0.160555 -0.27
    endloop
  endfacet
  facet normal 0 -1 0
    outer loop
      vertex 0.0199995 -0.235555 -0.27
      vertex 1.12 -0.235555 -0.15
      vertex 0.0199995 -0.235555 -0.15
    endloop
  endfacet
  facet normal 0 -1 -0
    outer loop
      vertex 1.12 -0.235555 -0.15
      vertex 0.0199995 -0.235555 -0.27
      vertex 1.12 -0.235555 -0.27
    endloop
  endfacet
  facet normal 1 -0 0
    outer loop
      vertex 1.12 0 -0.15
      vertex 1.12 0.0749998 -0.27
      vertex 1.12 0.0749998 -0.15
    endloop
  endfacet
  facet normal 1 0 0
    outer loop
      vertex 1.12 0.0749998 -0.27
      vertex 1.12 0 -0.15
      vertex 1.12 0 -0.27
    endloop
  endfacet
  facet normal -0 0 1
    outer loop
      vertex 0.0199995 0.0749998 -0.15
      vertex 1.12 0 -0.15
      vertex 1.12 0.0749998 -0.15
    endloop
  endfacet
  facet normal 0 0 1
    outer loop
      vertex 1.12 0 -0.15
      vertex 0.0199995 0.0749998 -0.15
      vertex 0.0199995 0 -0.15
    endloop
  endfacet
  facet normal 0 0 -1
    outer loop
      vertex 0.0199995 0 -0.27
      vertex 1.12 0.0749998 -0.27
      vertex 1.12 0 -0.27
    endloop
  endfacet
  facet normal -0 0 -1
    outer loop
      vertex 1.12 0.0749998 -0.27
      vertex 0.0199995 0 -0.27
      vertex 0.0199995 0.0749998 -0.27
    endloop
  endfacet
  facet normal -1 0 0
    outer loop
      vertex 0.0199995 0 -0.27
      vertex 0.0199995 0.0749998 -0.15
      vertex 0.0199995 0.0749998 -0.27
    endloop
  endfacet
  facet normal -1 -0 0
    outer loop
      vertex 0.0199995 0.0749998 -0.15
      vertex 0.0199995 0 -0.27
      vertex 0.0199995 0 -0.15
    endloop
  endfacet
  facet normal 0 1 -0
    outer loop
      vertex 1.12 0.0749998 -0.27
      vertex 0.0199995 0.0749998 -0.15
      vertex 1.12 0.0749998 -0.15
    endloop
  endfacet
  facet normal 0 1 0
    outer loop
      vertex 0.0199995 0.0749998 -0.15
      vertex 1.12 0.0749998 -0.27
      vertex 0.0199995 0.0749998 -0.27
    endloop
  endfacet
  facet normal 0 -1 0
    outer loop
      vertex 0.0199995 0 -0.27
      vertex 1.12 0 -0.15
      vertex 0.0199995 0 -0.15
    endloop
  endfacet
  facet normal 0 -1 -0
    outer loop
      vertex 1.12 0 -0.15
      vertex 0.0199995 0 -0.27
      vertex 1.12 0 -0.27
    endloop
  endfacet
  facet normal 1 -0 0
    outer loop
      vertex 1.12 0.235555 -0.15
      vertex 1.12 0.310555 -0.27
      vertex 1.12 0.310555 -0.15
    endloop
  endfacet
  facet normal 1 0 0
    outer loop
      vertex 1.12 0.310555 -0.27
      vertex 1.12 0.235555 -0.15
      vertex 1.12 0.235555 -0.27
    endloop
  endfacet
  facet normal -0 0 1
    outer loop
      vertex 0.0199995 0.310555 -0.15
      vertex 1.12 0.235555 -0.15
      vertex 1.12 0.310555 -0.15
    endloop
  endfacet
  facet normal 0 0 1
    outer loop
      vertex 1.12 0.235555 -0.15
      vertex 0.0199995 0.310555 -0.15
      vertex 0.0199995 0.235555 -0.15
    endloop
  endfacet
  facet normal 0 0 -1
    outer loop
      vertex 0.0199995 0.235555 -0.27
      vertex 1.12 0.310555 -0.27
      vertex 1.12 0.235555 -0.27
    endloop
  endfacet
  facet normal -0 0 -1
    outer loop
      vertex 1.12 0.310555 -0.27
      vertex 0.0199995 0.235555 -0.27
      vertex 0.0199995 0.310555 -0.27
    endloop
  endfacet
  facet normal -1 0 0
    outer loop
      vertex 0.0199995 0.235555 -0.27
      vertex 0.0199995 0.310555 -0.15
      vertex 0.0199995 0.310555 -0.27
    endloop
  endfacet
  facet normal -1 -0 0
    outer loop
      vertex 0.0199995 0.310555 -0.15
      vertex 0.0199995 0.235555 -0.27
      vertex 0.0199995 0.235555 -0.15
    endloop
  endfacet
  facet normal 0 1 -0
    outer loop
      vertex 1.12 0.310555 -0.27
      vertex 0.0199995 0.310555 -0.15
      vertex 1.12 0.310555 -0.15
    endloop
  endfacet
  facet normal 0 1 0
    outer loop
      vertex 0.0199995 0.310555 -0.15
      vertex 1.12 0.310555 -0.27
      vertex 0.0199995 0.310555 -0.27
    endloop
  endfacet
  facet normal 0 -1 0
    outer loop
      vertex 0.0199995 0.235555 -0.27
      vertex 1.12 0.235555 -0.15
      vertex 0.0199995 0.235555 -0.15
    endloop
  endfacet
  facet normal 0 -1 -0
    outer loop
      vertex 1.12 0.235555 -0.15
      vertex 0.0199995 0.235555 -0.27
      vertex 1.12 0.235555 -0.27
    endloop
  endfacet
  facet normal 1 -0 0
    outer loop
      vertex 1.12 0.47111 -0.15
      vertex 1.12 0.546111 -0.27
      vertex 1.12 0.546111 -0.15
    endloop
  endfacet
  facet normal 1 0 0
    outer loop
      vertex 1.12 0.546111 -0.27
      vertex 1.12 0.47111 -0.15
      vertex 1.12 0.47111 -0.27
    endloop
  endfacet
  facet normal -0 0 1
    outer loop
      vertex 0.0199995 0.546111 -0.15
      vertex 1.12 0.47111 -0.15
      vertex 1.12 0.546111 -0.15
    endloop
  endfacet
  facet normal 0 0 1
    outer loop
      vertex 1.12 0.47111 -0.15
      vertex 0.0199995 0.546111 -0.15
      vertex 0.0199995 0.47111 -0.15
    endloop
  endfacet
  facet normal 0 0 -1
    outer loop
      vertex 0.0199995 0.47111 -0.27
      vertex 1.12 0.546111 -0.27
      vertex 1.12 0.47111 -0.27
    endloop
  endfacet
  facet normal -0 0 -1
    outer loop
      vertex 1.12 0.546111 -0.27
      vertex 0.0199995 0.47111 -0.27
      vertex 0.0199995 0.546111 -0.27
    endloop
  endfacet
  facet normal -1 0 0
    outer loop
      vertex 0.0199995 0.47111 -0.27
      vertex 0.0199995 0.546111 -0.15
      vertex 0.0199995 0.546111 -0.27
    endloop
  endfacet
  facet normal -1 -0 0
    outer loop
      vertex 0.0199995 0.546111 -0.15
      vertex 0.0199995 0.47111 -0.27
      vertex 0.0199995 0.47111 -0.15
    endloop
  endfacet
  facet normal 0 1 -0
    outer loop
      vertex 1.12 0.546111 -0.27
      vertex 0.0199995 0.546111 -0.15
      vertex 1.12 0.546111 -0.15
    endloop
  endfacet
  facet normal 0 1 0
    outer loop
      vertex 0.0199995 0.546111 -0.15
      vertex 1.12 0.546111 -0.27
      vertex 0.0199995 0.546111 -0.27
    endloop
  endfacet
  facet normal 0 -1 0
    outer loop
      vertex 0.0199995 0.47111 -0.27
      vertex 1.12 0.47111 -0.15
      vertex 0.0199995 0.47111 -0.15
    endloop
  endfacet
  facet normal 0 -1 -0
    outer loop
      vertex 1.12 0.47111 -0.15
      vertex 0.0199995 0.47111 -0.27
      vertex 1.12 0.47111 -0.27
    endloop
  endfacet
  facet normal 1 -0 0
    outer loop
      vertex 1.12 0.706666 -0.15
      vertex 1.12 0.781666 -0.27
      vertex 1.12 0.781666 -0.15
    endloop
  endfacet
  facet normal 1 0 0
    outer loop
      vertex 1.12 0.781666 -0.27
      vertex 1.12 0.706666 -0.15
      vertex 1.12 0.706666 -0.27
    endloop
  endfacet
  facet normal -0 0 1
    outer loop
      vertex 0.0199995 0.781666 -0.15
      vertex 1.12 0.706666 -0.15
      vertex 1.12 0.781666 -0.15
    endloop
  endfacet
  facet normal 0 0 1
    outer loop
      vertex 1.12 0.706666 -0.15
      vertex 0.0199995 0.781666 -0.15
      vertex 0.0199995 0.706666 -0.15
    endloop
  endfacet
  facet normal 0 0 -1
    outer loop
      vertex 0.0199995 0.706666 -0.27
      vertex 1.12 0.781666 -0.27
      vertex 1.12 0.706666 -0.27
    endloop
  endfacet
  facet normal -0 0 -1
    outer loop
      vertex 1.12 0.781666 -0.27
      vertex 0.0199995 0.706666 -0.27
      vertex 0.0199995 0.781666 -0.27
    endloop
  endfacet
  facet normal -1 0 0
    outer loop
      vertex 0.0199995 0.706666 -0.27
      vertex 0.0199995 0.781666 -0.15
      vertex 0.0199995 0.781666 -0.27
    endloop
  endfacet
  facet normal -1 -0 0
    outer loop
      vertex 0.0199995 0.781666 -0.15
      vertex 0.0199995 0.706666 -0.27
      vertex 0.0199995 0.706666 -0.15
    endloop
  endfacet
  facet normal 0 1 -0
    outer loop
      vertex 1.12 0.781666 -0.27
      vertex 0.0199995 0.781666 -0.15
      vertex 1.12 0.781666 -0.15
    endloop
  endfacet
  facet normal 0 1 0
    outer loop
      vertex 0.0199995 0.781666 -0.15
      vertex 1.12 0.781666 -0.27
      vertex 0.0199995 0.781666 -0.27
    endloop
  endfacet
  facet normal 0 -1 0
    outer loop
      vertex 0.0199995 0.706666 -0.27
      vertex 1.12 0.706666 -0.15
      vertex 0.0199995 0.706666 -0.15
    endloop
  endfacet
  facet normal 0 -1 -0
    outer loop
      vertex 1.12 0.706666 -0.15
      vertex 0.0199995 0.706666 -0.27
      vertex 1.12 0.706666 -0.27
    endloop
  endfacet
  facet normal 1 -0 0
    outer loop
      vertex 1.12 0.942222 -0.15
      vertex 1.12 1.01722 -0.27
      vertex 1.12 1.01722 -0.15
    endloop
  endfacet
  facet normal 1 0 0
    outer loop
      vertex 1.12 1.01722 -0.27
      vertex 1.12 0.942222 -0.15
      vertex 1.12 0.942222 -0.27
    endloop
  endfacet
  facet normal -0 0 1
    outer loop
      vertex 0.0199995 1.01722 -0.15
      vertex 1.12 0.942222 -0.15
      vertex 1.12 1.01722 -0.15
    endloop
  endfacet
  facet normal 0 0 1
    outer loop
      vertex 1.12 0.942222 -0.15
      vertex 0.0199995 1.01722 -0.15
      vertex 0.0199995 0.942222 -0.15
    endloop
  endfacet
  facet normal 0 0 -1
    outer loop
      vertex 0.0199995 0.942222 -0.27
      vertex 1.12 1.01722 -0.27
      vertex 1.12 0.942222 -0.27
    endloop
  endfacet
  facet normal -0 0 -1
    outer loop
      vertex 1.12 1.01722 -0.27
      vertex 0.0199995 0.942222 -0.27
      vertex 0.0199995 1.01722 -0.27
    endloop
  endfacet
  facet normal -1 0 0
    outer loop
      vertex 0.0199995 0.942222 -0.27
      vertex 0.0199995 1.01722 -0.15
      vertex 0.0199995 1.01722 -0.27
    endloop
  endfacet
  facet normal -1 -0 0
    outer loop
      vertex 0.0199995 1.01722 -0.15
      vertex 0.0199995 0.942222 -0.27
      vertex 0.0199995 0.942222 -0.15
    endloop
  endfacet
  facet normal 0 1 -0
    outer loop
      vertex 1.12 1.01722 -0.27
      vertex 0.0199995 1.01722 -0.15
      vertex 1.12 1.01722 -0.15
    endloop
  endfacet
  facet normal 0 1 0
    outer loop
      vertex 0.0199995 1.01722 -0.15
      vertex 1.12 1.01722 -0.27
      vertex 0.0199995 1.01722 -0.27
    endloop
  endfacet
  facet normal 0 -1 0
    outer loop
      vertex 0.0199995 0.942222 -0.27
      vertex 1.12 0.942222 -0.15
      vertex 0.0199995 0.942222 -0.15
    endloop
  endfacet
  facet normal 0 -1 -0
    outer loop
      vertex 1.12 0.942222 -0.15
      vertex 0.0199995 0.942222 -0.27
      vertex 1.12 0.942222 -0.27
    endloop
  endfacet
  facet normal 1 -0 0
    outer loop
      vertex 1.12 1.17778 -0.15
      vertex 1.12 1.25278 -0.27
      vertex 1.12 1.25278 -0.15
    endloop
  endfacet
  facet normal 1 0 0
    outer loop
      vertex 1.12 1.25278 -0.27
      vertex 1.12 1.17778 -0.15
      vertex 1.12 1.17778 -0.27
    endloop
  endfacet
  facet normal -0 0 1
    outer loop
      vertex 0.0199995 1.25278 -0.15
      vertex 1.12 1.17778 -0.15
      vertex 1.12 1.25278 -0.15
    endloop
  endfacet
  facet normal 0 0 1
    outer loop
      vertex 1.12 1.17778 -0.15
      vertex 0.0199995 1.25278 -0.15
      vertex 0.0199995 1.17778 -0.15
    endloop
  endfacet
  facet normal 0 0 -1
    outer loop
      vertex 0.0199995 1.17778 -0.27
      vertex 1.12 1.25278 -0.27
      vertex 1.12 1.17778 -0.27
    endloop
  endfacet
  facet normal -0 0 -1
    outer loop
      vertex 1.12 1.25278 -0.27
      vertex 0.0199995 1.17778 -0.27
      vertex 0.0199995 1.25278 -0.27
    endloop
  endfacet
  facet normal -1 0 0
    outer loop
      vertex 0.0199995 1.17778 -0.27
      vertex 0.0199995 1.25278 -0.15
      vertex 0.0199995 1.25278 -0.27
    endloop
  endfacet
  facet normal -1 -0 0
    outer loop
      vertex 0.0199995 1.25278 -0.15
      vertex 0.0199995 1.17778 -0.27
      vertex 0.0199995 1.17778 -0.15
    endloop
  endfacet
  facet normal 0 1 -0
    outer loop
      vertex 1.12 1.25278 -0.27
      vertex 0.0199995 1.25278 -0.15
      vertex 1.12 1.25278 -0.15
    endloop
  endfacet
  facet normal 0 1 0
    outer loop
      vertex 0.0199995 1.25278 -0.15
      vertex 1.12 1.25278 -0.27
      vertex 0.0199995 1.25278 -0.27
    endloop
  endfacet
  facet normal 0 -1 0
    outer loop
      vertex 0.0199995 1.17778 -0.27
      vertex 1.12 1.17778 -0.15
      vertex 0.0199995 1.17778 -0.15
    endloop
  endfacet
  facet normal 0 -1 -0
    outer loop
      vertex 1.12 1.17778 -0.15
      vertex 0.0199995 1.17778 -0.27
      vertex 1.12 1.17778 -0.27
    endloop
  endfacet
  facet normal 1 -0 0
    outer loop
      vertex 1.12 1.41333 -0.15
      vertex 1.12 1.48833 -0.27
      vertex 1.12 1.48833 -0.15
    endloop
  endfacet
  facet normal 1 0 0
    outer loop
      vertex 1.12 1.48833 -0.27
      vertex 1.12 1.41333 -0.15
      vertex 1.12 1.41333 -0.27
    endloop
  endfacet
  facet normal -0 0 1
    outer loop
      vertex 0.0199995 1.48833 -0.15
      vertex 1.12 1.41333 -0.15
      vertex 1.12 1.48833 -0.15
    endloop
  endfacet
  facet normal 0 0 1
    outer loop
      vertex 1.12 1.41333 -0.15
      vertex 0.0199995 1.48833 -0.15
      vertex 0.0199995 1.41333 -0.15
    endloop
  endfacet
  facet normal 0 0 -1
    outer loop
      vertex 0.0199995 1.41333 -0.27
      vertex 1.12 1.48833 -0.27
      vertex 1.12 1.41333 -0.27
    endloop
  endfacet
  facet normal -0 0 -1
    outer loop
      vertex 1.12 1.48833 -0.27
      vertex 0.0199995 1.41333 -0.27
      vertex 0.0199995 1.48833 -0.27
    endloop
  endfacet
  facet normal -1 0 0
    outer loop
      vertex 0.0199995 1.41333 -0.27
      vertex 0.0199995 1.48833 -0.15
      vertex 0.0199995 1.48833 -0.27
    endloop
  endfacet
  facet normal -1 -0 0
    outer loop
      vertex 0.0199995 1.48833 -0.15
      vertex 0.0199995 1.41333 -0.27
      vertex 0.0199995 1.41333 -0.15
    endloop
  endfacet
  facet normal 0 1 -0
    outer loop
      vertex 1.12 1.48833 -0.27
      vertex 0.0199995 1.48833 -0.15
      vertex 1.12 1.48833 -0.15
    endloop
  endfacet
  facet normal 0 1 0
    outer loop
      vertex 0.0199995 1.48833 -0.15
      vertex 1.12 1.48833 -0.27
      vertex 0.0199995 1.48833 -0.27
    endloop
  endfacet
  facet normal 0 -1 0
    outer loop
      vertex 0.0199995 1.41333 -0.27
      vertex 1.12 1.41333 -0.15
      vertex 0.0199995 1.41333 -0.15
    endloop
  endfacet
  facet normal 0 -1 -0
    outer loop
      vertex 1.12 1.41333 -0.15
      vertex 0.0199995 1.41333 -0.27
      vertex 1.12 1.41333 -0.27
    endloop
  endfacet
  facet normal 1 -0 0
    outer loop
      vertex 1.12 1.64889 -0.15
      vertex 1.12 1.72389 -0.27
      vertex 1.12 1.72389 -0.15
    endloop
  endfacet
  facet normal 1 0 0
    outer loop
      vertex 1.12 1.72389 -0.27
      vertex 1.12 1.64889 -0.15
      vertex 1.12 1.64889 -0.27
    endloop
  endfacet
  facet normal -0 0 1
    outer loop
      vertex 0.0199995 1.72389 -0.15
      vertex 1.12 1.64889 -0.15
      vertex 1.12 1.72389 -0.15
    endloop
  endfacet
  facet normal 0 0 1
    outer loop
      vertex 1.12 1.64889 -0.15
      vertex 0.0199995 1.72389 -0.15
      vertex 0.0199995 1.64889 -0.15
    endloop
  endfacet
  facet normal 0 0 -1
    outer loop
      vertex 0.0199995 1.64889 -0.27
      vertex 1.12 1.72389 -0.27
      vertex 1.12 1.64889 -0.27
    endloop
  endfacet
  facet normal -0 0 -1
    outer loop
      vertex 1.12 1.72389 -0.27
      vertex 0.0199995 1.64889 -0.27
      vertex 0.0199995 1.72389 -0.27
    endloop
  endfacet
  facet normal -1 0 0
    outer loop
      vertex 0.0199995 1.64889 -0.27
      vertex 0.0199995 1.72389 -0.15
      vertex 0.0199995 1.72389 -0.27
    endloop
  endfacet
  facet normal -1 -0 0
    outer loop
      vertex 0.0199995 1.72389 -0.15
      vertex 0.0199995 1.64889 -0.27
      vertex 0.0199995 1.64889 -0.15
    endloop
  endfacet
  facet normal 0 1 -0
    outer loop
      vertex 1.12 1.72389 -0.27
      vertex 0.0199995 1.72389 -0.15
      vertex 1.12 1.72389 -0.15
    endloop
  endfacet
  facet normal 0 1 0
    outer loop
      vertex 0.0199995 1.72389 -0.15
      vertex 1.12 1.72389 -0.27
      vertex 0.0199995 1.72389 -0.27
    endloop
  endfacet
  facet normal 0 -1 0
    outer loop
      vertex 0.0199995 1.64889 -0.27
      vertex 1.12 1.64889 -0.15
      vertex 0.0199995 1.64889 -0.15
    endloop
  endfacet
  facet normal 0 -1 -0
    outer loop
      vertex 1.12 1.64889 -0.15
      vertex 0.0199995 1.64889 -0.27
      vertex 1.12 1.64889 -0.27
    endloop
  endfacet
  facet normal 1 -0 0
    outer loop
      vertex 1.12 1.88444 -0.15
      vertex 1.12 1.95944 -0.27
      vertex 1.12 1.95944 -0.15
    endloop
  endfacet
  facet normal 1 0 0
    outer loop
      vertex 1.12 1.95944 -0.27
      vertex 1.12 1.88444 -0.15
      vertex 1.12 1.88444 -0.27
    endloop
  endfacet
  facet normal -0 0 1
    outer loop
      vertex 0.0199995 1.95944 -0.15
      vertex 1.12 1.88444 -0.15
      vertex 1.12 1.95944 -0.15
    endloop
  endfacet
  facet normal 0 0 1
    outer loop
      vertex 1.12 1.88444 -0.15
      vertex 0.0199995 1.95944 -0.15
      vertex 0.0199995 1.88444 -0.15
    endloop
  endfacet
  facet normal 0 0 -1
    outer loop
      vertex 0.0199995 1.88444 -0.27
      vertex 1.12 1.95944 -0.27
      vertex 1.12 1.88444 -0.27
    endloop
  endfacet
  facet normal -0 0 -1
    outer loop
      vertex 1.12 1.95944 -0.27
      vertex 0.0199995 1.88444 -0.27
      vertex 0.0199995 1.95944 -0.27
    endloop
  endfacet
  facet normal -1 0 0
    outer loop
      vertex 0.0199995 1.88444 -0.27
      vertex 0.0199995 1.95944 -0.15
      vertex 0.0199995 1.95944 -0.27
    endloop
  endfacet
  facet normal -1 -0 0
    outer loop
      vertex 0.0199995 1.95944 -0.15
      vertex 0.0199995 1.88444 -0.27
      vertex 0.0199995 1.88444 -0.15
    endloop
  endfacet
  facet normal 0 1 -0
    outer loop
      vertex 1.12 1.95944 -0.27
      vertex 0.0199995 1.95944 -0.15
      vertex 1.12 1.95944 -0.15
    endloop
  endfacet
  facet normal 0 1 0
    outer loop
      vertex 0.0199995 1.95944 -0.15
      vertex 1.12 1.95944 -0.27
      vertex 0.0199995 1.95944 -0.27
    endloop
  endfacet
  facet normal 0 -1 0
    outer loop
      vertex 0.0199995 1.88444 -0.27
      vertex 1.12 1.88444 -0.15
      vertex 0.0199995 1.88444 -0.15
    endloop
  endfacet
  facet normal 0 -1 -0
    outer loop
      vertex 1.12 1.88444 -0.15
      vertex 0.0199995 1.88444 -0.27
      vertex 1.12 1.88444 -0.27
    endloop
  endfacet
  facet normal 1 -0 0
    outer loop
      vertex 1.12 2.12 -0.15
      vertex 1.12 2.195 -0.27
      vertex 1.12 2.195 -0.15
    endloop
  endfacet
  facet normal 1 0 0
    outer loop
      vertex 1.12 2.195 -0.27
      vertex 1.12 2.12 -0.15
      vertex 1.12 2.12 -0.27
    endloop
  endfacet
  facet normal -0 0 1
    outer loop
      vertex 0.0199995 2.195 -0.15
      vertex 1.12 2.12 -0.15
      vertex 1.12 2.195 -0.15
    endloop
  endfacet
  facet normal 0 0 1
    outer loop
      vertex 1.12 2.12 -0.15
      vertex 0.0199995 2.195 -0.15
      vertex 0.0199995 2.12 -0.15
    endloop
  endfacet
  facet normal 0 0 -1
    outer loop
      vertex 0.0199995 2.12 -0.27
      vertex 1.12 2.195 -0.27
      vertex 1.12 2.12 -0.27
    endloop
  endfacet
  facet normal -0 0 -1
    outer loop
      vertex 1.12 2.195 -0.27
      vertex 0.0199995 2.12 -0.27
      vertex 0.0199995 2.195 -0.27
    endloop
  endfacet
  facet normal -1 0 0
    outer loop
      vertex 0.0199995 2.12 -0.27
      vertex 0.0199995 2.195 -0.15
      vertex 0.0199995 2.195 -0.27
    endloop
  endfacet
  facet normal -1 -0 0
    outer loop
      vertex 0.0199995 2.195 -0.15
      vertex 0.0199995 2.12 -0.27
      vertex 0.0199995 2.12 -0.15
    endloop
  endfacet
  facet normal 0 1 -0
    outer loop
      vertex 1.12 2.195 -0.27
      vertex 0.0199995 2.195 -0.15
      vertex 1.12 2.195 -0.15
    endloop
  endfacet
  facet normal 0 1 0
    outer loop
      vertex 0.0199995 2.195 -0.15
      vertex 1.12 2.195 -0.27
      vertex 0.0199995 2.195 -0.27
    endloop
  endfacet
  facet normal 0 -1 0
    outer loop
      vertex 0.0199995 2.12 -0.27
      vertex 1.12 2.12 -0.15
      vertex 0.0199995 2.12 -0.15
    endloop
  endfacet
  facet normal 0 -1 -0
    outer loop
      vertex 1.12 2.12 -0.15
      vertex 0.0199995 2.12 -0.27
      vertex 1.12 2.12 -0.27
    endloop
  endfacet
  facet normal 1 -0 0
    outer loop
      vertex 4.55 -1.45 1.42
      vertex 4.55 -1.05 1.39999
      vertex 4.55 -1.05 1.42
    endloop
  endfacet
  facet normal 1 0 0
    outer loop
      vertex 4.55 -1.05 1.39999
      vertex 4.55 -1.45 1.42
      vertex 4.55 -1.45 1.39999
    endloop
  endfacet
  facet normal -0 0 1
    outer loop
      vertex 3.3 -1.05 1.42
      vertex 4.55 -1.45 1.42
      vertex 4.55 -1.05 1.42
    endloop
  endfacet
  facet normal 0 0 1
    outer loop
      vertex 4.55 -1.45 1.42
      vertex 3.3 -1.05 1.42
      vertex 3.3 -1.45 1.42
    endloop
  endfacet
  facet normal -1 0 0
    outer loop
      vertex 3.3 -1.45 1.39999
      vertex 3.3 -1.05 1.42
      vertex 3.3 -1.05 1.39999
    endloop
  endfacet
  facet normal -1 -0 0
    outer loop
      vertex 3.3 -1.05 1.42
      vertex 3.3 -1.45 1.39999
      vertex 3.3 -1.45 1.42
    endloop
  endfacet
  facet normal 0 1 -0
    outer loop
      vertex 4.55 -1.05 1.39999
      vertex 3.3 -1.05 1.42
      vertex 4.55 -1.05 1.42
    endloop
  endfacet
  facet normal 0 1 0
    outer loop
      vertex 3.3 -1.05 1.42
      vertex 4.55 -1.05 1.39999
      vertex 3.3 -1.05 1.39999
    endloop
  endfacet
  facet normal 0 -1 0
    outer loop
      vertex 3.3 -1.45 1.39999
      vertex 4.55 -1.45 1.42
      vertex 3.3 -1.45 1.42
    endloop
  endfacet
  facet normal 0 -1 -0
    outer loop
      vertex 4.55 -1.45 1.42
      vertex 3.3 -1.45 1.39999
      vertex 4.55 -1.45 1.39999
    endloop
  endfacet
  facet normal 1 -0 0
    outer loop
      vertex 4.55 1.05 1.42
      vertex 4.55 1.45 1.39999
      vertex 4.55 1.45 1.42
    endloop
  endfacet
  facet normal 1 0 0
    outer loop
      vertex 4.55 1.45 1.39999
      vertex 4.55 1.05 1.42
      vertex 4.55 1.05 1.39999
    endloop
  endfacet
  facet normal -0 0 1
    outer loop
      vertex 3.3 1.45 1.42
      vertex 4.55 1.05 1.42
      vertex 4.55 1.45 1.42
    endloop
  endfacet
  facet normal 0 0 1
    outer loop
      vertex 4.55 1.05 1.42
      vertex 3.3 1.45 1.42
      vertex 3.3 1.05 1.42
    endloop
  endfacet
  facet normal -1 0 0
    outer loop
      vertex 3.3 1.05 1.39999
      vertex 3.3 1.45 1.42
      vertex 3.3 1.45 1.39999
    endloop
  endfacet
  facet normal -1 -0 0
    outer loop
      vertex 3.3 1.45 1.42
      vertex 3.3 1.05 1.39999
      vertex 3.3 1.05 1.42
    endloop
  endfacet
  facet normal 0 1 -0
    outer loop
      vertex 4.55 1.45 1.39999
      vertex 3.3 1.45 1.42
      vertex 4.55 1.45 1.42
    endloop
  endfacet
  facet normal 0 1 0
    outer loop
      vertex 3.3 1.45 1.42
      vertex 4.55 1.45 1.39999
      vertex 3.3 1.45 1.39999
    endloop
  endfacet
  facet normal 0 -1 0
    outer loop
      vertex 3.3 1.05 1.39999
      vertex 4.55 1.05 1.42
      vertex 3.3 1.05 1.42
    endloop
  endfacet
  facet normal 0 -1 -0
    outer loop
      vertex 4.55 1.05 1.42
      vertex 3.3 1.05 1.39999
      vertex 4.55 1.05 1.39999
    endloop
  endfacet
  facet normal -0 0 1
    outer loop
      vertex 0.12 2.28 -0.28
      vertex 5.00684 -2.28 -0.28
      vertex 5.00684 2.28 -0.28
    endloop
  endfacet
  facet normal 0 0 1
    outer loop
      vertex 5.00684 -2.28 -0.28
      vertex 0.12 2.28 -0.28
      vertex 0.12 -2.28 -0.28
    endloop
  endfacet
  facet normal 0 0 -1
    outer loop
      vertex 0.12 -2.28 -0.66
      vertex 5.00684 2.28 -0.66
      vertex 5.00684 -2.28 -0.66
    endloop
  endfacet
  facet normal -0 0 -1
    outer loop
      vertex 5.00684 2.28 -0.66
      vertex 0.12 -2.28 -0.66
      vertex 0.12 2.28 -0.66
    endloop
  endfacet
  facet normal -1 0 0
    outer loop
      vertex 0.12 -2.28 -0.66
      vertex 0.12 2.28 -0.28
      vertex 0.12 2.28 -0.66
    endloop
  endfacet
  facet normal -1 -0 0
    outer loop
      vertex 0.12 2.28 -0.28
      vertex 0.12 -2.28 -0.66
      vertex 0.12 -2.28 -0.28
    endloop
  endfacet
  facet normal 0 1 -0
    outer loop
      vertex 5.00684 2.28 -0.66
      vertex 0.12 2.28 -0.28
      vertex 5.00684 2.28 -0.28
    endloop
  endfacet
  facet normal 0 1 0
    outer loop
      vertex 0.12 2.28 -0.28
      vertex 5.00684 2.28 -0.66
      vertex 0.12 2.28 -0.66
    endloop
  endfacet
  facet normal 0 -1 0
    outer loop
      vertex 0.12 -2.28 -0.66
      vertex 5.00684 -2.28 -0.28
      vertex 0.12 -2.28 -0.28
    endloop
  endfacet
  facet normal 0 -1 -0
    outer loop
      vertex 5.00684 -2.28 -0.28
      vertex 0.12 -2.28 -0.66
      vertex 5.00684 -2.28 -0.66
    endloop
  endfacet
  facet normal -0.391218 0.883556 0.257443
    outer loop
      vertex 9.49187 5.53011 2.62095
      vertex 5.40342 3.98689 1.70442
      vertex 5.43045 3.94008 1.90615
    endloop
  endfacet
  facet normal -0.688536 0.528305 0.496802
    outer loop
      vertex 5.27737 3.82263 1.90615
      vertex 5.25035 3.61734 2.08701
      vertex 5.35121 3.74879 2.08701
    endloop
  endfacet
  facet normal -0.58833 0.76678 0.256741
    outer loop
      vertex 5.40342 3.98689 1.70442
      vertex 5.23915 3.86085 1.70442
      vertex 5.27737 3.82263 1.90615
    endloop
  endfacet
  facet normal -0.39122 0.88355 0.257461
    outer loop
      vertex 9.45471 5.59448 2.34358
      vertex 5.40342 3.98689 1.70442
      vertex 9.49187 5.53011 2.62095
    endloop
  endfacet
  facet normal -0.766787 0.588314 -0.256756
    outer loop
      vertex 5.15992 3.66955 -1.90615
      vertex 5.11311 3.69658 -1.70442
      vertex 5.27737 3.82263 -1.90615
    endloop
  endfacet
  facet normal 0.332781 -0.943004 0
    outer loop
      vertex 24.4106 -7.18226 2.80884
      vertex 29.3336 -5.44496 -2.36968
      vertex 29.3336 -5.44496 2.36968
    endloop
  endfacet
  facet normal 0.332781 -0.943004 0
    outer loop
      vertex 29.3336 -5.44496 -2.36968
      vertex 24.4106 -7.18226 2.80884
      vertex 24.4106 -7.18226 -2.80884
    endloop
  endfacet
  facet normal -0.258698 0.034072 0.965357
    outer loop
      vertex 5.69914 3.32703 2.39316
      vertex 5.49385 3.3 2.3391
      vertex 5.69558 3.3 2.39316
    endloop
  endfacet
  facet normal 0.399141 0.306338 -0.864201
    outer loop
      vertex 29.6854 4.59569 -3.23136
      vertex 29.4308 4.44874 -3.40104
      vertex 29.5596 4.7596 -3.23136
    endloop
  endfacet
  facet normal -0.332115 -0.80183 -0.496758
    outer loop
      vertex 9.77413 -5.49295 -2.86964
      vertex 9.49187 -5.53011 -2.62095
      vertex 9.56365 -5.40577 -2.86964
    endloop
  endfacet
  facet normal 0.341904 0.90373 -0.25763
    outer loop
      vertex 29.3336 5.44496 -2.36968
      vertex 24.3826 7.07784 -3.21229
      vertex 24.4106 7.18226 -2.80884
    endloop
  endfacet
  facet normal -0.366262 -0.604944 -0.707032
    outer loop
      vertex 9.56365 -5.40577 -2.86964
      vertex 5.48266 -3.84965 -2.08701
      vertex 5.55649 -3.72176 -2.23468
    endloop
  endfacet
  facet normal -0.0656651 0.498942 -0.864144
    outer loop
      vertex 23.8415 6.24143 -4.07821
      vertex 23.7479 6.59083 -3.86936
      vertex 24 6.26229 -4.07821
    endloop
  endfacet
  facet normal -0.0339963 -0.258678 -0.965365
    outer loop
      vertex 24 -5.85884 -4.18631
      vertex 23.8415 -6.24143 -4.07821
      vertex 23.9459 -5.85173 -4.18631
    endloop
  endfacet
  facet normal -0.111106 -0.959948 -0.257207
    outer loop
      vertex 24 -7.23631 -2.80884
      vertex 10 -5.74059 -2.34358
      vertex 24 -7.12821 -3.21229
    endloop
  endfacet
  facet normal 0.0926927 0.704063 0.704063
    outer loop
      vertex 24 6.91936 3.57402
      vertex 24 6.62402 3.86936
      vertex 24.2521 6.59083 3.86936
    endloop
  endfacet
  facet normal 0.144635 0.0189992 0.989303
    outer loop
      vertex 29.1697 4.2 3.48888
      vertex 24.2017 5.70405 4.18631
      vertex 24.2088 5.65 4.18631
    endloop
  endfacet
  facet normal -0.656058 0.271775 -0.704078
    outer loop
      vertex 5.37824 3.5435 -2.23468
      vertex 5.18694 3.46427 -2.08701
      vertex 5.25035 3.61734 -2.08701
    endloop
  endfacet
  facet normal -0.380714 0.919114 0.101418
    outer loop
      vertex 5.59472 4.06613 1.70442
      vertex 5.40342 3.98689 1.70442
      vertex 9.71773 5.70343 2.34358
    endloop
  endfacet
  facet normal 0.301703 0.640868 0.705878
    outer loop
      vertex 29.5157 5.09318 2.99139
      vertex 24.487 6.49352 3.86936
      vertex 29.3957 4.88536 3.23136
    endloop
  endfacet
  facet normal -0.369873 -0.892899 -0.25676
    outer loop
      vertex 9.71773 -5.70343 -2.34358
      vertex 9.49187 -5.53011 -2.62095
      vertex 9.73697 -5.63164 -2.62095
    endloop
  endfacet
  facet normal -0.965918 0 -0.258849
    outer loop
      vertex 5.0609 -3.3 -1.90615
      vertex 5.00684 3.3 -1.70442
      vertex 5.0609 3.3 -1.90615
    endloop
  endfacet
  facet normal -0.965918 -0 -0.258849
    outer loop
      vertex 5.00684 3.3 -1.70442
      vertex 5.0609 -3.3 -1.90615
      vertex 5.00684 -3.3 -1.70442
    endloop
  endfacet
  facet normal -0.0660962 -0.027294 0.99744
    outer loop
      vertex 23.7983 -5.70405 4.18631
      vertex 9.86131 -4.68716 3.29059
      vertex 23.8191 -5.75442 4.18631
    endloop
  endfacet
  facet normal 0.126136 -0.958213 -0.256743
    outer loop
      vertex 24.4106 -7.18226 -2.80884
      vertex 24 -7.23631 -2.80884
      vertex 24 -7.12821 -3.21229
    endloop
  endfacet
  facet normal 0.139216 0 -0.990262
    outer loop
      vertex 24.2088 -5.65 -4.18631
      vertex 29.1697 4.2 -3.48888
      vertex 29.1697 -4.2 -3.48888
    endloop
  endfacet
  facet normal 0.139216 0 -0.990262
    outer loop
      vertex 29.1697 4.2 -3.48888
      vertex 24.2088 -5.65 -4.18631
      vertex 24.2088 5.65 -4.18631
    endloop
  endfacet
  facet normal -0.106233 0.994341 0
    outer loop
      vertex 24 7.23631 2.80884
      vertex 10 5.74059 -2.34358
      vertex 10 5.74059 2.34358
    endloop
  endfacet
  facet normal -0.106233 0.994341 0
    outer loop
      vertex 10 5.74059 -2.34358
      vertex 24 7.23631 2.80884
      vertex 24 7.23631 -2.80884
    endloop
  endfacet
  facet normal 0.0656861 0.498929 0.86415
    outer loop
      vertex 24 6.62402 3.86936
      vertex 24 6.26229 4.07821
      vertex 24.2521 6.59083 3.86936
    endloop
  endfacet
  facet normal 0.688517 -0.528315 0.496817
    outer loop
      vertex 29.8932 -4.71568 2.99139
      vertex 29.7293 -4.92928 2.99139
      vertex 29.8493 -5.04927 2.69749
    endloop
  endfacet
  facet normal 0.432285 -0.563387 0.704077
    outer loop
      vertex 29.5596 -4.7596 3.23136
      vertex 29.3957 -4.88536 3.23136
      vertex 29.5157 -5.09318 2.99139
    endloop
  endfacet
  facet normal 0.126136 0.958213 0.256743
    outer loop
      vertex 24 7.23631 2.80884
      vertex 24 7.12821 3.21229
      vertex 24.4106 7.18226 2.80884
    endloop
  endfacet
  facet normal -0.0661035 0.027392 0.997437
    outer loop
      vertex 9.87566 4.72179 3.29059
      vertex 9.86131 4.68716 3.29059
      vertex 23.8191 5.75442 4.18631
    endloop
  endfacet
  facet normal -0.923878 -0.382687 0
    outer loop
      vertex 5.11311 -3.69658 -1.70442
      vertex 5.03387 -3.50528 1.70442
      vertex 5.03387 -3.50528 -1.70442
    endloop
  endfacet
  facet normal -0.923878 -0.382687 0
    outer loop
      vertex 5.03387 -3.50528 1.70442
      vertex 5.11311 -3.69658 -1.70442
      vertex 5.11311 -3.69658 1.70442
    endloop
  endfacet
  facet normal -0.06786 -0.0520648 0.996335
    outer loop
      vertex 23.8191 -5.75442 4.18631
      vertex 9.87566 -4.72179 3.29059
      vertex 9.89847 -4.75152 3.29059
    endloop
  endfacet
  facet normal -0.369863 0.8929 0.256769
    outer loop
      vertex 9.71773 5.70343 2.34358
      vertex 9.45471 5.59448 2.34358
      vertex 9.49187 5.53011 2.62095
    endloop
  endfacet
  facet normal -0.380719 0.919107 0.10147
    outer loop
      vertex 9.71773 5.70343 2.34358
      vertex 5.40342 3.98689 1.70442
      vertex 9.45471 5.59448 2.34358
    endloop
  endfacet
  facet normal -0.105539 0.701452 -0.70486
    outer loop
      vertex 9.82668 5.29682 -3.07269
      vertex 9.77413 5.49295 -2.86964
      vertex 23.7479 6.59083 -3.86936
    endloop
  endfacet
  facet normal -0.111106 0.959946 0.257213
    outer loop
      vertex 10 5.74059 2.34358
      vertex 10 5.66627 2.62095
      vertex 24 7.12821 3.21229
    endloop
  endfacet
  facet normal -0.608735 -0.793374 0
    outer loop
      vertex 5.23915 -3.86085 -1.70442
      vertex 5.40342 -3.98689 1.70442
      vertex 5.23915 -3.86085 1.70442
    endloop
  endfacet
  facet normal -0.608735 -0.793374 -0
    outer loop
      vertex 5.40342 -3.98689 1.70442
      vertex 5.23915 -3.86085 -1.70442
      vertex 5.40342 -3.98689 -1.70442
    endloop
  endfacet
  facet normal -0.380719 -0.919107 -0.10147
    outer loop
      vertex 9.71773 -5.70343 -2.34358
      vertex 5.40342 -3.98689 -1.70442
      vertex 9.45471 -5.59448 -2.34358
    endloop
  endfacet
  facet normal 0.157769 -0.0655442 0.985298
    outer loop
      vertex 29.1639 -4.24392 3.48888
      vertex 24.2017 -5.70405 4.18631
      vertex 29.1469 -4.28484 3.48888
    endloop
  endfacet
  facet normal -0.76678 0.58833 0.256741
    outer loop
      vertex 5.23915 3.86085 1.70442
      vertex 5.11311 3.69658 1.70442
      vertex 5.27737 3.82263 1.90615
    endloop
  endfacet
  facet normal -0.958214 0.126132 0.256744
    outer loop
      vertex 5.08608 3.49129 1.90615
      vertex 5.03387 3.50528 1.70442
      vertex 5.0609 3.3 1.90615
    endloop
  endfacet
  facet normal -0.206974 -0.158827 -0.965368
    outer loop
      vertex 9.70234 -4.94766 -3.21627
      vertex 9.63544 -4.86048 -3.21627
      vertex 9.89847 -4.75152 -3.29059
    endloop
  endfacet
  facet normal -0.0678619 0.0520928 -0.996334
    outer loop
      vertex 23.8191 5.75442 -4.18631
      vertex 9.89847 4.75152 -3.29059
      vertex 23.8523 5.79767 -4.18631
    endloop
  endfacet
  facet normal 0.192674 0.464913 -0.864137
    outer loop
      vertex 24.3061 6.18026 -4.07821
      vertex 24.1585 6.24143 -4.07821
      vertex 24.2521 6.59083 -3.86936
    endloop
  endfacet
  facet normal -0.332115 0.80183 -0.496758
    outer loop
      vertex 9.56365 5.40577 -2.86964
      vertex 9.49187 5.53011 -2.62095
      vertex 9.77413 5.49295 -2.86964
    endloop
  endfacet
  facet normal -0.126156 0.958207 -0.256758
    outer loop
      vertex 9.73697 5.63164 -2.62095
      vertex 9.71773 5.70343 -2.34358
      vertex 10 5.66627 -2.62095
    endloop
  endfacet
  facet normal -0.110515 0.839403 0.532155
    outer loop
      vertex 24 6.91936 3.57402
      vertex 9.77413 5.49295 2.86964
      vertex 23.6715 6.87611 3.57402
    endloop
  endfacet
  facet normal 0.866132 0 0.499816
    outer loop
      vertex 30.0314 4.2 2.99139
      vertex 30.201 3.84227 2.69749
      vertex 30.201 4.2 2.69749
    endloop
  endfacet
  facet normal 0.866126 -1.08923e-05 0.499826
    outer loop
      vertex 30.0314 4.2 2.99139
      vertex 30.1815 3.81143 2.73128
      vertex 30.201 3.84227 2.69749
    endloop
  endfacet
  facet normal 0.866237 0.000161663 0.499633
    outer loop
      vertex 30.0314 4.2 2.99139
      vertex 30.1616 3.75458 2.7658
      vertex 30.1815 3.81143 2.73128
    endloop
  endfacet
  facet normal 0.866099 -3.37416e-07 0.499873
    outer loop
      vertex 30.0314 4.2 2.99139
      vertex 30.0945 3.56313 2.88206
      vertex 30.1616 3.75458 2.7658
    endloop
  endfacet
  facet normal 0.865911 -7.46674e-05 0.500197
    outer loop
      vertex 30.0314 4.2 2.99139
      vertex 30.0607 3.34521 2.94054
      vertex 30.0945 3.56313 2.88206
    endloop
  endfacet
  facet normal 0.865557 -0.000123235 0.50081
    outer loop
      vertex 30.0314 4.2 2.99139
      vertex 30.0506 3.28022 2.95798
      vertex 30.0607 3.34521 2.94054
    endloop
  endfacet
  facet normal 0.90625 0.00356245 0.422727
    outer loop
      vertex 30.0314 4.2 2.99139
      vertex 30.0504 3.2777 2.95843
      vertex 30.0506 3.28022 2.95798
    endloop
  endfacet
  facet normal 0.860224 -0.000501554 0.509916
    outer loop
      vertex 30.0314 4.2 2.99139
      vertex 30.0495 3.26927 2.95994
      vertex 30.0504 3.2777 2.95843
    endloop
  endfacet
  facet normal 0.876495 0.000778116 0.48141
    outer loop
      vertex 30.0314 4.2 2.99139
      vertex 30.0488 3.25348 2.96124
      vertex 30.0495 3.26927 2.95994
    endloop
  endfacet
  facet normal 0.807464 -0.00394677 0.589903
    outer loop
      vertex 30.0314 4.2 2.99139
      vertex 30.0485 3.2489 2.96162
      vertex 30.0488 3.25348 2.96124
    endloop
  endfacet
  facet normal 0.883415 0.0012159 0.468591
    outer loop
      vertex 30.0314 4.2 2.99139
      vertex 30.048 3.22679 2.96262
      vertex 30.0485 3.2489 2.96162
    endloop
  endfacet
  facet normal 0.840145 -0.00170286 0.542359
    outer loop
      vertex 30.0314 4.2 2.99139
      vertex 30.0478 3.22048 2.96291
      vertex 30.048 3.22679 2.96262
    endloop
  endfacet
  facet normal 0.869987 0.000229699 0.493075
    outer loop
      vertex 30.0314 4.2 2.99139
      vertex 30.0477 3.21284 2.96309
      vertex 30.0478 3.22048 2.96291
    endloop
  endfacet
  facet normal 0.856555 -0.000650848 0.516055
    outer loop
      vertex 30.0314 4.2 2.99139
      vertex 30.0473 3.18594 2.96372
      vertex 30.0477 3.21284 2.96309
    endloop
  endfacet
  facet normal 0.876549 0.000610641 0.481312
    outer loop
      vertex 30.0314 4.2 2.99139
      vertex 30.0472 3.15608 2.96394
      vertex 30.0473 3.18594 2.96372
    endloop
  endfacet
  facet normal 0.910977 0.00294254 0.412447
    outer loop
      vertex 30.0314 4.2 2.99139
      vertex 30.0472 3.14767 2.964
      vertex 30.0472 3.15608 2.96394
    endloop
  endfacet
  facet normal 0.866212 0 0.499677
    outer loop
      vertex 30.0314 4.2 2.99139
      vertex 30.0472 -3.14767 2.964
      vertex 30.0472 3.14767 2.964
    endloop
  endfacet
  facet normal -0.0695087 0.00711693 -0.997556
    outer loop
      vertex 30.0472 -3.14767 2.964
      vertex 30.0473 -3.18594 2.96372
      vertex 30.0472 -3.15608 2.96394
    endloop
  endfacet
  facet normal 0.0300643 -0.080692 0.996286
    outer loop
      vertex 30.0485 -3.2489 2.96162
      vertex 30.0495 -3.26927 2.95994
      vertex 30.0488 -3.25348 2.96124
    endloop
  endfacet
  facet normal 0.866212 -0 0.499677
    outer loop
      vertex 30.0314 -4.2 2.99139
      vertex 30.0472 -3.14767 2.964
      vertex 30.0314 4.2 2.99139
    endloop
  endfacet
  facet normal 0.884068 -0.00110931 0.467357
    outer loop
      vertex 30.0314 -4.2 2.99139
      vertex 30.0473 -3.18594 2.96372
      vertex 30.0472 -3.14767 2.964
    endloop
  endfacet
  facet normal 0.856555 0.000650848 0.516055
    outer loop
      vertex 30.0314 -4.2 2.99139
      vertex 30.0477 -3.21284 2.96309
      vertex 30.0473 -3.18594 2.96372
    endloop
  endfacet
  facet normal 0.869987 -0.000229699 0.493075
    outer loop
      vertex 30.0314 -4.2 2.99139
      vertex 30.0478 -3.22048 2.96291
      vertex 30.0477 -3.21284 2.96309
    endloop
  endfacet
  facet normal 0.840145 0.00170286 0.542359
    outer loop
      vertex 30.0314 -4.2 2.99139
      vertex 30.048 -3.22679 2.96262
      vertex 30.0478 -3.22048 2.96291
    endloop
  endfacet
  facet normal 0.883415 -0.0012159 0.468591
    outer loop
      vertex 30.0314 -4.2 2.99139
      vertex 30.0485 -3.2489 2.96162
      vertex 30.048 -3.22679 2.96262
    endloop
  endfacet
  facet normal 0.861455 0.000407227 0.507833
    outer loop
      vertex 30.0314 -4.2 2.99139
      vertex 30.0495 -3.26927 2.95994
      vertex 30.0485 -3.2489 2.96162
    endloop
  endfacet
  facet normal 0.860224 0.000501554 0.509916
    outer loop
      vertex 30.0314 -4.2 2.99139
      vertex 30.0504 -3.2777 2.95843
      vertex 30.0495 -3.26927 2.95994
    endloop
  endfacet
  facet normal 0.90625 -0.00356245 0.422727
    outer loop
      vertex 30.0314 -4.2 2.99139
      vertex 30.0506 -3.28022 2.95798
      vertex 30.0504 -3.2777 2.95843
    endloop
  endfacet
  facet normal 0.865557 0.000123235 0.50081
    outer loop
      vertex 30.0314 -4.2 2.99139
      vertex 30.0607 -3.34521 2.94054
      vertex 30.0506 -3.28022 2.95798
    endloop
  endfacet
  facet normal 0.865911 7.46674e-05 0.500197
    outer loop
      vertex 30.0314 -4.2 2.99139
      vertex 30.0945 -3.56313 2.88206
      vertex 30.0607 -3.34521 2.94054
    endloop
  endfacet
  facet normal 0.866099 3.37416e-07 0.499873
    outer loop
      vertex 30.0314 -4.2 2.99139
      vertex 30.1616 -3.75458 2.7658
      vertex 30.0945 -3.56313 2.88206
    endloop
  endfacet
  facet normal 0.866237 -0.000161663 0.499633
    outer loop
      vertex 30.0314 -4.2 2.99139
      vertex 30.1815 -3.81143 2.73128
      vertex 30.1616 -3.75458 2.7658
    endloop
  endfacet
  facet normal 0.866126 1.08923e-05 0.499826
    outer loop
      vertex 30.0314 -4.2 2.99139
      vertex 30.201 -3.84227 2.69749
      vertex 30.1815 -3.81143 2.73128
    endloop
  endfacet
  facet normal 0.866132 0 0.499816
    outer loop
      vertex 30.201 -3.84227 2.69749
      vertex 30.0314 -4.2 2.99139
      vertex 30.201 -4.2 2.69749
    endloop
  endfacet
  facet normal -0.0706617 0.0920893 0.99324
    outer loop
      vertex 9.92821 4.77434 3.29059
      vertex 9.89847 4.75152 3.29059
      vertex 23.8956 5.83086 4.18631
    endloop
  endfacet
  facet normal -0.076853 0.185465 0.979641
    outer loop
      vertex 9.96284 4.78869 3.29059
      vertex 9.92821 4.77434 3.29059
      vertex 23.9459 5.85173 4.18631
    endloop
  endfacet
  facet normal -0.0926964 -0.704064 -0.704061
    outer loop
      vertex 24 -6.91936 -3.57402
      vertex 23.6715 -6.87611 -3.57402
      vertex 23.7479 -6.59083 -3.86936
    endloop
  endfacet
  facet normal -0.126156 -0.958207 0.256758
    outer loop
      vertex 9.73697 -5.63164 2.62095
      vertex 9.71773 -5.70343 2.34358
      vertex 10 -5.66627 2.62095
    endloop
  endfacet
  facet normal 0.528258 0.688623 -0.496732
    outer loop
      vertex 29.8493 5.04927 -2.69749
      vertex 29.5157 5.09318 -2.99139
      vertex 29.6005 5.24013 -2.69749
    endloop
  endfacet
  facet normal -0.158819 0.20698 -0.965368
    outer loop
      vertex 9.89847 4.75152 -3.29059
      vertex 9.70234 4.94766 -3.21627
      vertex 9.92821 4.77434 -3.29059
    endloop
  endfacet
  facet normal 0.253717 0.430858 -0.866019
    outer loop
      vertex 29.2487 4.63084 -3.40104
      vertex 24.3061 6.18026 -4.07821
      vertex 24.487 6.49352 -3.86936
    endloop
  endfacet
  facet normal 0.158743 -0.207035 -0.965369
    outer loop
      vertex 24.3061 -6.18026 -4.07821
      vertex 24.1044 -5.83086 -4.18631
      vertex 24.433 -6.08296 -4.07821
    endloop
  endfacet
  facet normal 0.158743 -0.207035 0.965369
    outer loop
      vertex 24.433 -6.08296 4.07821
      vertex 24.1044 -5.83086 4.18631
      vertex 24.3061 -6.18026 4.07821
    endloop
  endfacet
  facet normal -0.36626 0.604937 0.70704
    outer loop
      vertex 9.56365 5.40577 2.86964
      vertex 5.55649 3.72176 2.23468
      vertex 9.66518 5.22992 3.07269
    endloop
  endfacet
  facet normal 0.158718 0.207066 0.965366
    outer loop
      vertex 24.433 6.08296 4.07821
      vertex 24.1044 5.83086 4.18631
      vertex 24.1477 5.79767 4.18631
    endloop
  endfacet
  facet normal -0.130521 -0.991446 0
    outer loop
      vertex 9.71773 -5.70343 -2.34358
      vertex 10 -5.74059 2.34358
      vertex 9.71773 -5.70343 2.34358
    endloop
  endfacet
  facet normal -0.130521 -0.991446 -0
    outer loop
      vertex 10 -5.74059 2.34358
      vertex 9.71773 -5.70343 -2.34358
      vertex 10 -5.74059 -2.34358
    endloop
  endfacet
  facet normal -0.126146 0.958211 -0.256748
    outer loop
      vertex 10 5.66627 -2.62095
      vertex 9.71773 5.70343 -2.34358
      vertex 10 5.74059 -2.34358
    endloop
  endfacet
  facet normal 0.38274 0.923856 -0
    outer loop
      vertex 29.6444 5.3162 -2.36968
      vertex 29.3336 5.44496 2.36968
      vertex 29.6444 5.3162 2.36968
    endloop
  endfacet
  facet normal 0.38274 0.923856 0
    outer loop
      vertex 29.3336 5.44496 2.36968
      vertex 29.6444 5.3162 -2.36968
      vertex 29.3336 5.44496 -2.36968
    endloop
  endfacet
  facet normal -0.126146 -0.958211 0.256748
    outer loop
      vertex 10 -5.66627 2.62095
      vertex 9.71773 -5.70343 2.34358
      vertex 10 -5.74059 2.34358
    endloop
  endfacet
  facet normal -0.656058 -0.271775 0.704078
    outer loop
      vertex 5.37824 -3.5435 2.23468
      vertex 5.18694 -3.46427 2.08701
      vertex 5.25035 -3.61734 2.08701
    endloop
  endfacet
  facet normal -0.113285 0.860449 -0.496784
    outer loop
      vertex 9.77413 5.49295 -2.86964
      vertex 9.73697 5.63164 -2.62095
      vertex 10 5.66627 -2.62095
    endloop
  endfacet
  facet normal -0.528305 0.688536 -0.496802
    outer loop
      vertex 5.35121 3.74879 -2.08701
      vertex 5.27737 3.82263 -1.90615
      vertex 5.48266 3.84965 -2.08701
    endloop
  endfacet
  facet normal -0.892907 -0.369859 0.256751
    outer loop
      vertex 5.15992 -3.66955 1.90615
      vertex 5.03387 -3.50528 1.70442
      vertex 5.11311 -3.69658 1.70442
    endloop
  endfacet
  facet normal -0.958199 0.12617 -0.25678
    outer loop
      vertex 5.0609 3.3 -1.90615
      vertex 5.00684 3.3 -1.70442
      vertex 5.03387 3.50528 -1.70442
    endloop
  endfacet
  facet normal -0.688536 0.528305 -0.496802
    outer loop
      vertex 5.35121 3.74879 -2.08701
      vertex 5.25035 3.61734 -2.08701
      vertex 5.27737 3.82263 -1.90615
    endloop
  endfacet
  facet normal 0.306311 -0.399208 -0.86418
    outer loop
      vertex 29.3957 -4.88536 -3.23136
      vertex 29.2487 -4.63084 -3.40104
      vertex 29.5596 -4.7596 -3.23136
    endloop
  endfacet
  facet normal 0.3419 -0.903748 -0.257573
    outer loop
      vertex 29.3336 -5.44496 -2.36968
      vertex 24.3826 -7.07784 -3.21229
      vertex 29.3109 -5.36012 -2.69749
    endloop
  endfacet
  facet normal -0.240755 -0.0997248 -0.965449
    outer loop
      vertex 5.70957 -3.35221 -2.39316
      vertex 5.69914 -3.32703 -2.39316
      vertex 9.86131 -4.68716 -3.29059
    endloop
  endfacet
  facet normal -0.105539 -0.701452 -0.70486
    outer loop
      vertex 23.7479 -6.59083 -3.86936
      vertex 9.77413 -5.49295 -2.86964
      vertex 9.82668 -5.29682 -3.07269
    endloop
  endfacet
  facet normal -0.130521 0.991446 0
    outer loop
      vertex 10 5.74059 -2.34358
      vertex 9.71773 5.70343 2.34358
      vertex 10 5.74059 2.34358
    endloop
  endfacet
  facet normal -0.130521 0.991446 0
    outer loop
      vertex 9.71773 5.70343 2.34358
      vertex 10 5.74059 -2.34358
      vertex 9.71773 5.70343 -2.34358
    endloop
  endfacet
  facet normal 0.258685 -0.0341538 -0.965358
    outer loop
      vertex 29.4805 -4.32876 -3.40104
      vertex 29.1697 -4.2 -3.48888
      vertex 29.4975 -4.2 -3.40104
    endloop
  endfacet
  facet normal 0.27171 0.65608 -0.704083
    outer loop
      vertex 24.487 6.49352 -3.86936
      vertex 24.3285 6.87611 -3.57402
      vertex 24.6347 6.7493 -3.57402
    endloop
  endfacet
  facet normal -0.110865 0.860689 0.496915
    outer loop
      vertex 10 5.66627 2.62095
      vertex 10 5.52269 2.86964
      vertex 24 6.91936 3.57402
    endloop
  endfacet
  facet normal 0.892856 -0.369879 0.2569
    outer loop
      vertex 30.1601 -4.51085 2.69749
      vertex 30.0401 -4.80052 2.69749
      vertex 30.245 -4.53359 2.36968
    endloop
  endfacet
  facet normal -0.0656861 -0.498929 0.86415
    outer loop
      vertex 24 -6.26229 4.07821
      vertex 23.7479 -6.59083 3.86936
      vertex 24 -6.62402 3.86936
    endloop
  endfacet
  facet normal 0.188299 -0.177725 0.965897
    outer loop
      vertex 29.12 -4.31998 3.48888
      vertex 24.433 -6.08296 4.07821
      vertex 29.3518 -4.55178 3.40104
    endloop
  endfacet
  facet normal 0.3419 0.903748 0.257573
    outer loop
      vertex 29.3336 5.44496 2.36968
      vertex 24.3826 7.07784 3.21229
      vertex 29.3109 5.36012 2.69749
    endloop
  endfacet
  facet normal 0.332188 -0.801746 0.496844
    outer loop
      vertex 29.6005 -5.24013 2.69749
      vertex 29.2669 -5.19622 2.99139
      vertex 29.3109 -5.36012 2.69749
    endloop
  endfacet
  facet normal 0.38274 -0.923856 0
    outer loop
      vertex 29.3336 -5.44496 -2.36968
      vertex 29.6444 -5.3162 2.36968
      vertex 29.3336 -5.44496 2.36968
    endloop
  endfacet
  facet normal 0.38274 -0.923856 0
    outer loop
      vertex 29.6444 -5.3162 2.36968
      vertex 29.3336 -5.44496 -2.36968
      vertex 29.6444 -5.3162 -2.36968
    endloop
  endfacet
  facet normal 0.341904 -0.90373 -0.25763
    outer loop
      vertex 24.4106 -7.18226 -2.80884
      vertex 24.3826 -7.07784 -3.21229
      vertex 29.3336 -5.44496 -2.36968
    endloop
  endfacet
  facet normal -0.111106 -0.959948 0.257207
    outer loop
      vertex 24 -7.12821 3.21229
      vertex 10 -5.74059 2.34358
      vertex 24 -7.23631 2.80884
    endloop
  endfacet
  facet normal 0.965912 0 -0.258871
    outer loop
      vertex 30.2489 4.01447 -2.51893
      vertex 30.2889 4.2 -2.36968
      vertex 30.2889 4.09509 -2.36968
    endloop
  endfacet
  facet normal 0.965879 0.000106008 -0.258994
    outer loop
      vertex 30.2889 4.2 -2.36968
      vertex 30.2489 4.01447 -2.51893
      vertex 30.201 4.2 -2.69749
    endloop
  endfacet
  facet normal 0.965873 8.45905e-05 -0.259015
    outer loop
      vertex 30.2052 3.85727 -2.68194
      vertex 30.201 4.2 -2.69749
      vertex 30.2489 4.01447 -2.51893
    endloop
  endfacet
  facet normal 0.965406 0 -0.260753
    outer loop
      vertex 30.201 4.2 -2.69749
      vertex 30.2052 3.85727 -2.68194
      vertex 30.201 3.84227 -2.69749
    endloop
  endfacet
  facet normal 0.965873 -8.45905e-05 -0.259015
    outer loop
      vertex 30.201 -4.2 -2.69749
      vertex 30.2052 -3.85727 -2.68194
      vertex 30.2489 -4.01447 -2.51893
    endloop
  endfacet
  facet normal 0.965912 0 -0.258871
    outer loop
      vertex 30.2889 -4.2 -2.36968
      vertex 30.2489 -4.01447 -2.51893
      vertex 30.2889 -4.09509 -2.36968
    endloop
  endfacet
  facet normal 0.965879 -0.000106008 -0.258994
    outer loop
      vertex 30.201 -4.2 -2.69749
      vertex 30.2489 -4.01447 -2.51893
      vertex 30.2889 -4.2 -2.36968
    endloop
  endfacet
  facet normal 0.965406 0 -0.260753
    outer loop
      vertex 30.2052 -3.85727 -2.68194
      vertex 30.201 -4.2 -2.69749
      vertex 30.201 -3.84227 -2.69749
    endloop
  endfacet
  facet normal -0.219711 -0.0289371 -0.975136
    outer loop
      vertex 5.69914 -3.32703 -2.39316
      vertex 5.69558 -3.3 -2.39316
      vertex 9.86131 -4.68716 -3.29059
    endloop
  endfacet
  facet normal 0.958178 -0.126072 0.256906
    outer loop
      vertex 30.201 -4.2 2.69749
      vertex 30.1601 -4.51085 2.69749
      vertex 30.245 -4.53359 2.36968
    endloop
  endfacet
  facet normal 0.258836 0 -0.965921
    outer loop
      vertex 29.1697 -4.2 -3.48888
      vertex 29.4975 -0.958749 -3.40104
      vertex 29.4975 -4.2 -3.40104
    endloop
  endfacet
  facet normal 0.258793 4.65282e-06 -0.965933
    outer loop
      vertex 29.4975 -0.958749 -3.40104
      vertex 29.1697 -4.2 -3.48888
      vertex 29.1961 -0.69257 -3.48179
    endloop
  endfacet
  facet normal 0.260496 0 -0.965475
    outer loop
      vertex 29.175 -0.635039 -3.48745
      vertex 29.1697 -4.2 -3.48888
      vertex 29.175 0.635039 -3.48745
    endloop
  endfacet
  facet normal 0.259093 2.23797e-06 -0.965852
    outer loop
      vertex 29.1961 -0.69257 -3.48179
      vertex 29.1697 -4.2 -3.48888
      vertex 29.175 -0.635039 -3.48745
    endloop
  endfacet
  facet normal 0.258793 -4.65282e-06 -0.965933
    outer loop
      vertex 29.1697 4.2 -3.48888
      vertex 29.4975 0.958749 -3.40104
      vertex 29.1961 0.69257 -3.48179
    endloop
  endfacet
  facet normal 0.259093 -2.23797e-06 -0.965852
    outer loop
      vertex 29.1697 4.2 -3.48888
      vertex 29.1961 0.69257 -3.48179
      vertex 29.175 0.635039 -3.48745
    endloop
  endfacet
  facet normal 0.258836 0 -0.965921
    outer loop
      vertex 29.4975 0.958749 -3.40104
      vertex 29.1697 4.2 -3.48888
      vertex 29.4975 4.2 -3.40104
    endloop
  endfacet
  facet normal 0.260496 0 -0.965475
    outer loop
      vertex 29.1697 4.2 -3.48888
      vertex 29.175 0.635039 -3.48745
      vertex 29.1697 -4.2 -3.48888
    endloop
  endfacet
  facet normal -0.528293 0.688558 0.496785
    outer loop
      vertex 5.43045 3.94008 1.90615
      vertex 5.27737 3.82263 1.90615
      vertex 5.48266 3.84965 2.08701
    endloop
  endfacet
  facet normal -0.588314 0.766787 0.256756
    outer loop
      vertex 5.40342 3.98689 1.70442
      vertex 5.27737 3.82263 1.90615
      vertex 5.43045 3.94008 1.90615
    endloop
  endfacet
  facet normal -0.860458 0.113264 0.496772
    outer loop
      vertex 5.08608 3.49129 1.90615
      vertex 5.0609 3.3 1.90615
      vertex 5.18694 3.46427 2.08701
    endloop
  endfacet
  facet normal -0.892906 0.369865 0.256744
    outer loop
      vertex 5.15992 3.66955 1.90615
      vertex 5.03387 3.50528 1.70442
      vertex 5.08608 3.49129 1.90615
    endloop
  endfacet
  facet normal -0.528305 0.688536 0.496802
    outer loop
      vertex 5.48266 3.84965 2.08701
      vertex 5.27737 3.82263 1.90615
      vertex 5.35121 3.74879 2.08701
    endloop
  endfacet
  facet normal -0.43229 0.5634 0.704064
    outer loop
      vertex 5.48266 3.84965 2.08701
      vertex 5.35121 3.74879 2.08701
      vertex 5.55649 3.72176 2.23468
    endloop
  endfacet
  facet normal -0.0647537 -0.00852114 0.997865
    outer loop
      vertex 23.7912 -5.65 4.18631
      vertex 9.85642 -4.65 3.29059
      vertex 9.86131 -4.68716 3.29059
    endloop
  endfacet
  facet normal -0.498921 -0.0657048 0.864153
    outer loop
      vertex 5.49385 -3.3 2.3391
      vertex 5.31299 -3.3 2.23468
      vertex 5.32959 -3.42605 2.23468
    endloop
  endfacet
  facet normal -0.106233 -0.994341 0
    outer loop
      vertex 10 -5.74059 -2.34358
      vertex 24 -7.23631 2.80884
      vertex 10 -5.74059 2.34358
    endloop
  endfacet
  facet normal -0.106233 -0.994341 -0
    outer loop
      vertex 24 -7.23631 2.80884
      vertex 10 -5.74059 -2.34358
      vertex 24 -7.23631 -2.80884
    endloop
  endfacet
  facet normal -0.369076 -0.929399 0
    outer loop
      vertex 5.59472 -4.06613 -1.70442
      vertex 9.71773 -5.70343 2.34358
      vertex 5.59472 -4.06613 1.70442
    endloop
  endfacet
  facet normal -0.369076 -0.929399 -0
    outer loop
      vertex 9.71773 -5.70343 2.34358
      vertex 5.59472 -4.06613 -1.70442
      vertex 9.71773 -5.70343 -2.34358
    endloop
  endfacet
  facet normal -0.528293 -0.688558 0.496785
    outer loop
      vertex 5.48266 -3.84965 2.08701
      vertex 5.27737 -3.82263 1.90615
      vertex 5.43045 -3.94008 1.90615
    endloop
  endfacet
  facet normal -0.860453 -0.113246 0.496785
    outer loop
      vertex 5.16532 -3.3 2.08701
      vertex 5.0609 -3.3 1.90615
      vertex 5.18694 -3.46427 2.08701
    endloop
  endfacet
  facet normal -0.369076 0.929399 0
    outer loop
      vertex 9.71773 5.70343 2.34358
      vertex 5.59472 4.06613 -1.70442
      vertex 5.59472 4.06613 1.70442
    endloop
  endfacet
  facet normal -0.369076 0.929399 0
    outer loop
      vertex 5.59472 4.06613 -1.70442
      vertex 9.71773 5.70343 2.34358
      vertex 9.71773 5.70343 -2.34358
    endloop
  endfacet
  facet normal -0.0952438 0.491814 -0.865475
    outer loop
      vertex 23.8415 6.24143 -4.07821
      vertex 9.82668 5.29682 -3.07269
      vertex 23.7479 6.59083 -3.86936
    endloop
  endfacet
  facet normal -0.391218 0.883556 -0.257443
    outer loop
      vertex 5.43045 3.94008 -1.90615
      vertex 5.40342 3.98689 -1.70442
      vertex 9.49187 5.53011 -2.62095
    endloop
  endfacet
  facet normal -0.958214 0.126132 -0.256744
    outer loop
      vertex 5.0609 3.3 -1.90615
      vertex 5.03387 3.50528 -1.70442
      vertex 5.08608 3.49129 -1.90615
    endloop
  endfacet
  facet normal -0.432293 -0.563394 -0.704067
    outer loop
      vertex 5.55649 -3.72176 -2.23468
      vertex 5.35121 -3.74879 -2.08701
      vertex 5.45563 -3.64437 -2.23468
    endloop
  endfacet
  facet normal -0.528305 -0.688536 -0.496802
    outer loop
      vertex 5.48266 -3.84965 -2.08701
      vertex 5.27737 -3.82263 -1.90615
      vertex 5.35121 -3.74879 -2.08701
    endloop
  endfacet
  facet normal -0.464919 -0.192578 -0.864155
    outer loop
      vertex 5.37824 -3.5435 -2.23468
      vertex 5.32959 -3.42605 -2.23468
      vertex 5.53487 -3.45307 -2.3391
    endloop
  endfacet
  facet normal -0.688558 -0.528293 -0.496785
    outer loop
      vertex 5.27737 -3.82263 -1.90615
      vertex 5.15992 -3.66955 -1.90615
      vertex 5.25035 -3.61734 -2.08701
    endloop
  endfacet
  facet normal -1 0 0
    outer loop
      vertex 5.00684 3.3 -1.70442
      vertex 5.00684 3.2 -0.849991
      vertex 5.00684 3.3 1.70442
    endloop
  endfacet
  facet normal -1 0 0
    outer loop
      vertex 5.00684 3.3 -1.70442
      vertex 5.00684 2.64999 -1.39999
      vertex 5.00684 3.2 -0.849991
    endloop
  endfacet
  facet normal -1 0 0
    outer loop
      vertex 5.00684 3.3 -1.70442
      vertex 5.00684 -2.64999 -1.39999
      vertex 5.00684 2.64999 -1.39999
    endloop
  endfacet
  facet normal -1 -0 0
    outer loop
      vertex 5.00684 -3.2 -0.849991
      vertex 5.00684 -3.3 -1.70442
      vertex 5.00684 -3.2 0.849991
    endloop
  endfacet
  facet normal -1 -0 0
    outer loop
      vertex 5.00684 -2.64999 -1.39999
      vertex 5.00684 -3.3 -1.70442
      vertex 5.00684 -3.2 -0.849991
    endloop
  endfacet
  facet normal -1 0 0
    outer loop
      vertex 5.00684 -3.3 -1.70442
      vertex 5.00684 -2.64999 -1.39999
      vertex 5.00684 3.3 -1.70442
    endloop
  endfacet
  facet normal -1 0 0
    outer loop
      vertex 5.00684 3.2 0.849991
      vertex 5.00684 3.3 1.70442
      vertex 5.00684 3.2 -0.849991
    endloop
  endfacet
  facet normal -1 0 0
    outer loop
      vertex 5.00684 2.64999 1.39999
      vertex 5.00684 3.3 1.70442
      vertex 5.00684 3.2 0.849991
    endloop
  endfacet
  facet normal -1 0 0
    outer loop
      vertex 5.00684 -2.64999 1.39999
      vertex 5.00684 3.3 1.70442
      vertex 5.00684 2.64999 1.39999
    endloop
  endfacet
  facet normal -1 0 0
    outer loop
      vertex 5.00684 -2.64999 1.39999
      vertex 5.00684 -3.3 1.70442
      vertex 5.00684 3.3 1.70442
    endloop
  endfacet
  facet normal -1 0 0
    outer loop
      vertex 5.00684 -3.2 0.849991
      vertex 5.00684 -3.3 1.70442
      vertex 5.00684 -2.64999 1.39999
    endloop
  endfacet
  facet normal -1 0 0
    outer loop
      vertex 5.00684 -3.3 1.70442
      vertex 5.00684 -3.2 0.849991
      vertex 5.00684 -3.3 -1.70442
    endloop
  endfacet
  facet normal -1 0 0
    outer loop
      vertex 5.00684 2.28 -0.66
      vertex 5.00684 2.71999 -0.479996
      vertex 5.00684 2.29999 -0.849991
    endloop
  endfacet
  facet normal -1 0 0
    outer loop
      vertex 5.00684 2.28 -0.28
      vertex 5.00684 2.71999 -0.479996
      vertex 5.00684 2.28 -0.66
    endloop
  endfacet
  facet normal -1 0 0
    outer loop
      vertex 5.00684 2.71999 -0.479996
      vertex 5.00684 2.28 -0.28
      vertex 5.00684 2.71999 0.479996
    endloop
  endfacet
  facet normal -1 0 0
    outer loop
      vertex 5.00684 2.29999 -0.849991
      vertex 5.00684 -2.28 -0.66
      vertex 5.00684 2.28 -0.66
    endloop
  endfacet
  facet normal -1 0 0
    outer loop
      vertex 5.00684 -2.71999 -0.479996
      vertex 5.00684 -2.28 -0.66
      vertex 5.00684 -2.29999 -0.849991
    endloop
  endfacet
  facet normal -1 0 0
    outer loop
      vertex 5.00684 -2.29999 -0.849991
      vertex 5.00684 -2.28 -0.66
      vertex 5.00684 2.29999 -0.849991
    endloop
  endfacet
  facet normal -1 -0 0
    outer loop
      vertex 5.00684 2.71999 0.479996
      vertex 5.00684 2.28 -0.28
      vertex 5.00684 2.29999 0.849991
    endloop
  endfacet
  facet normal -1 0 0
    outer loop
      vertex 5.00684 -2.28 -0.28
      vertex 5.00684 2.29999 0.849991
      vertex 5.00684 2.28 -0.28
    endloop
  endfacet
  facet normal -1 0 0
    outer loop
      vertex 5.00684 -2.28 -0.28
      vertex 5.00684 -2.29999 0.849991
      vertex 5.00684 2.29999 0.849991
    endloop
  endfacet
  facet normal -1 0 0
    outer loop
      vertex 5.00684 -2.28 -0.66
      vertex 5.00684 -2.71999 -0.479996
      vertex 5.00684 -2.28 -0.28
    endloop
  endfacet
  facet normal -1 0 0
    outer loop
      vertex 5.00684 -2.71999 0.479996
      vertex 5.00684 -2.28 -0.28
      vertex 5.00684 -2.71999 -0.479996
    endloop
  endfacet
  facet normal -1 0 0
    outer loop
      vertex 5.00684 -2.28 -0.28
      vertex 5.00684 -2.71999 0.479996
      vertex 5.00684 -2.29999 0.849991
    endloop
  endfacet
  facet normal -0.528305 -0.688536 0.496802
    outer loop
      vertex 5.35121 -3.74879 2.08701
      vertex 5.27737 -3.82263 1.90615
      vertex 5.48266 -3.84965 2.08701
    endloop
  endfacet
  facet normal -0.43229 -0.5634 0.704064
    outer loop
      vertex 5.55649 -3.72176 2.23468
      vertex 5.35121 -3.74879 2.08701
      vertex 5.48266 -3.84965 2.08701
    endloop
  endfacet
  facet normal -0.391218 -0.883556 0.257443
    outer loop
      vertex 5.43045 -3.94008 1.90615
      vertex 5.40342 -3.98689 1.70442
      vertex 9.49187 -5.53011 2.62095
    endloop
  endfacet
  facet normal -0.860453 0.113246 0.496785
    outer loop
      vertex 5.18694 3.46427 2.08701
      vertex 5.0609 3.3 1.90615
      vertex 5.16532 3.3 2.08701
    endloop
  endfacet
  facet normal -0.688558 0.528293 0.496785
    outer loop
      vertex 5.27737 3.82263 1.90615
      vertex 5.15992 3.66955 1.90615
      vertex 5.25035 3.61734 2.08701
    endloop
  endfacet
  facet normal -0.126156 -0.958207 -0.256758
    outer loop
      vertex 10 -5.66627 -2.62095
      vertex 9.71773 -5.70343 -2.34358
      vertex 9.73697 -5.63164 -2.62095
    endloop
  endfacet
  facet normal 0.331449 -0.802044 -0.496856
    outer loop
      vertex 24.3826 -7.07784 -3.21229
      vertex 24.3285 -6.87611 -3.57402
      vertex 29.2669 -5.19622 -2.99139
    endloop
  endfacet
  facet normal 0.528258 -0.688623 -0.496732
    outer loop
      vertex 29.6005 -5.24013 -2.69749
      vertex 29.5157 -5.09318 -2.99139
      vertex 29.8493 -5.04927 -2.69749
    endloop
  endfacet
  facet normal 0.0926964 -0.704064 -0.704061
    outer loop
      vertex 24.3285 -6.87611 -3.57402
      vertex 24 -6.91936 -3.57402
      vertex 24.2521 -6.59083 -3.86936
    endloop
  endfacet
  facet normal 0.113285 -0.860445 -0.49679
    outer loop
      vertex 24.3285 -6.87611 -3.57402
      vertex 24 -7.12821 -3.21229
      vertex 24 -6.91936 -3.57402
    endloop
  endfacet
  facet normal -0.0656861 -0.498929 -0.86415
    outer loop
      vertex 24 -6.62402 -3.86936
      vertex 23.7479 -6.59083 -3.86936
      vertex 24 -6.26229 -4.07821
    endloop
  endfacet
  facet normal -0.0805951 0.246323 -0.965831
    outer loop
      vertex 23.9459 5.85173 -4.18631
      vertex 9.96284 4.78869 -3.29059
      vertex 23.8415 6.24143 -4.07821
    endloop
  endfacet
  facet normal 0.192674 -0.464913 -0.864137
    outer loop
      vertex 24.2521 -6.59083 -3.86936
      vertex 24.1585 -6.24143 -4.07821
      vertex 24.3061 -6.18026 -4.07821
    endloop
  endfacet
  facet normal 0.139216 0 0.990262
    outer loop
      vertex 24.2088 5.65 4.18631
      vertex 29.1697 -4.2 3.48888
      vertex 29.1697 4.2 3.48888
    endloop
  endfacet
  facet normal 0.139216 0 0.990262
    outer loop
      vertex 29.1697 -4.2 3.48888
      vertex 24.2088 5.65 4.18631
      vertex 24.2088 -5.65 4.18631
    endloop
  endfacet
  facet normal 0.498907 0.06587 0.864149
    outer loop
      vertex 29.7914 4.2 3.23136
      vertex 29.4805 4.32876 3.40104
      vertex 29.4975 4.2 3.40104
    endloop
  endfacet
  facet normal -0.111106 0.959948 0.257207
    outer loop
      vertex 24 7.23631 2.80884
      vertex 10 5.74059 2.34358
      vertex 24 7.12821 3.21229
    endloop
  endfacet
  facet normal 0.688666 0.528231 0.4967
    outer loop
      vertex 30.0401 4.80052 2.69749
      vertex 29.8493 5.04927 2.69749
      vertex 29.8932 4.71568 2.99139
    endloop
  endfacet
  facet normal 0.144635 -0.0189992 -0.989303
    outer loop
      vertex 29.1697 -4.2 -3.48888
      vertex 24.2017 -5.70405 -4.18631
      vertex 24.2088 -5.65 -4.18631
    endloop
  endfacet
  facet normal 0.95817 -0.126094 -0.256927
    outer loop
      vertex 30.245 -4.53359 -2.36968
      vertex 30.201 -4.2 -2.69749
      vertex 30.2889 -4.2 -2.36968
    endloop
  endfacet
  facet normal 0.432298 0.563385 -0.704071
    outer loop
      vertex 29.5596 4.7596 -3.23136
      vertex 29.5157 5.09318 -2.99139
      vertex 29.7293 4.92928 -2.99139
    endloop
  endfacet
  facet normal 0.588259 0.766839 -0.256728
    outer loop
      vertex 29.8493 5.04927 -2.69749
      vertex 29.6005 5.24013 -2.69749
      vertex 29.6444 5.3162 -2.36968
    endloop
  endfacet
  facet normal 0.130511 0.991447 -0
    outer loop
      vertex 24.4106 7.18226 -2.80884
      vertex 24 7.23631 2.80884
      vertex 24.4106 7.18226 2.80884
    endloop
  endfacet
  facet normal 0.130511 0.991447 0
    outer loop
      vertex 24 7.23631 2.80884
      vertex 24.4106 7.18226 -2.80884
      vertex 24 7.23631 -2.80884
    endloop
  endfacet
  facet normal 0.0656651 -0.498942 0.864144
    outer loop
      vertex 24.1585 -6.24143 4.07821
      vertex 24 -6.26229 4.07821
      vertex 24.2521 -6.59083 3.86936
    endloop
  endfacet
  facet normal 0.113285 -0.860445 0.49679
    outer loop
      vertex 24 -6.91936 3.57402
      vertex 24 -7.12821 3.21229
      vertex 24.3285 -6.87611 3.57402
    endloop
  endfacet
  facet normal 0.216572 -0.282426 0.934522
    outer loop
      vertex 29.3518 -4.55178 3.40104
      vertex 24.433 -6.08296 4.07821
      vertex 29.2487 -4.63084 3.40104
    endloop
  endfacet
  facet normal 0.144666 -0.0191043 0.989296
    outer loop
      vertex 29.1697 -4.2 3.48888
      vertex 24.2017 -5.70405 4.18631
      vertex 29.1639 -4.24392 3.48888
    endloop
  endfacet
  facet normal 0.301703 -0.640868 0.705878
    outer loop
      vertex 29.3957 -4.88536 3.23136
      vertex 24.487 -6.49352 3.86936
      vertex 29.5157 -5.09318 2.99139
    endloop
  endfacet
  facet normal 0.499993 0 0.86603
    outer loop
      vertex 29.4975 4.2 3.40104
      vertex 29.7914 1.4491 3.23136
      vertex 29.7914 4.2 3.23136
    endloop
  endfacet
  facet normal 0.499793 -2.8442e-05 0.866145
    outer loop
      vertex 29.7914 1.4491 3.23136
      vertex 29.4975 4.2 3.40104
      vertex 29.7075 1.35853 3.27977
    endloop
  endfacet
  facet normal 0.500082 0 0.865978
    outer loop
      vertex 29.7075 1.35853 3.27977
      vertex 29.4975 4.2 3.40104
      vertex 29.4975 0.958749 3.40104
    endloop
  endfacet
  facet normal 0.499793 2.8442e-05 0.866145
    outer loop
      vertex 29.4975 -4.2 3.40104
      vertex 29.7914 -1.4491 3.23136
      vertex 29.7075 -1.35853 3.27977
    endloop
  endfacet
  facet normal 0.500082 -0 0.865978
    outer loop
      vertex 29.4975 -4.2 3.40104
      vertex 29.7075 -1.35853 3.27977
      vertex 29.4975 -0.958749 3.40104
    endloop
  endfacet
  facet normal 0.499993 0 0.86603
    outer loop
      vertex 29.7914 -1.4491 3.23136
      vertex 29.4975 -4.2 3.40104
      vertex 29.7914 -4.2 3.23136
    endloop
  endfacet
  facet normal 0.860465 0.113215 -0.496773
    outer loop
      vertex 30.201 4.2 -2.69749
      vertex 29.9962 4.46694 -2.99139
      vertex 30.1601 4.51085 -2.69749
    endloop
  endfacet
  facet normal 1 -0 0
    outer loop
      vertex 30.2889 -4.2 2.36968
      vertex 30.2889 -4.12433 2.31925
      vertex 30.2889 -4.09509 2.36968
    endloop
  endfacet
  facet normal 1 0 0
    outer loop
      vertex 30.2889 -4.2 2.36968
      vertex 30.2889 -4.15894 2.25955
      vertex 30.2889 -4.12433 2.31925
    endloop
  endfacet
  facet normal 1 0 0
    outer loop
      vertex 30.2889 -4.15894 2.25955
      vertex 30.2889 -4.2 2.36968
      vertex 30.2889 -4.2 2.10647
    endloop
  endfacet
  facet normal 1 0 0
    outer loop
      vertex 30.2889 -4.12433 -2.31925
      vertex 30.2889 -4.2 -2.36968
      vertex 30.2889 -4.09509 -2.36968
    endloop
  endfacet
  facet normal 1 0 0
    outer loop
      vertex 30.2889 -4.15894 -2.25955
      vertex 30.2889 -4.2 -2.36968
      vertex 30.2889 -4.12433 -2.31925
    endloop
  endfacet
  facet normal 1 0 0
    outer loop
      vertex 30.2889 -4.2 -2.36968
      vertex 30.2889 -4.15894 -2.25955
      vertex 30.2889 -4.2 -2.10647
    endloop
  endfacet
  facet normal 1 -0 0
    outer loop
      vertex 30.2889 4.15894 -2.25955
      vertex 30.2889 4.2 -2.36968
      vertex 30.2889 4.2 -2.10647
    endloop
  endfacet
  facet normal 1 -0 0
    outer loop
      vertex 30.2889 4.12433 -2.31925
      vertex 30.2889 4.2 -2.36968
      vertex 30.2889 4.15894 -2.25955
    endloop
  endfacet
  facet normal 1 0 0
    outer loop
      vertex 30.2889 4.2 -2.36968
      vertex 30.2889 4.12433 -2.31925
      vertex 30.2889 4.09509 -2.36968
    endloop
  endfacet
  facet normal 1 0 0
    outer loop
      vertex 30.2889 4.2 2.36968
      vertex 30.2889 4.15894 2.25955
      vertex 30.2889 4.2 2.10647
    endloop
  endfacet
  facet normal 1 0 0
    outer loop
      vertex 30.2889 4.2 2.36968
      vertex 30.2889 4.12433 2.31925
      vertex 30.2889 4.15894 2.25955
    endloop
  endfacet
  facet normal 1 0 -0
    outer loop
      vertex 30.2889 4.12433 2.31925
      vertex 30.2889 4.2 2.36968
      vertex 30.2889 4.09509 2.36968
    endloop
  endfacet
  facet normal 0.258682 -0.0341611 0.965358
    outer loop
      vertex 29.1697 -4.2 3.48888
      vertex 29.1639 -4.24392 3.48888
      vertex 29.4805 -4.32876 3.40104
    endloop
  endfacet
  facet normal 0.332188 0.801746 0.496844
    outer loop
      vertex 29.3109 5.36012 2.69749
      vertex 29.2669 5.19622 2.99139
      vertex 29.6005 5.24013 2.69749
    endloop
  endfacet
  facet normal 0.258682 0.0341611 0.965358
    outer loop
      vertex 29.4805 4.32876 3.40104
      vertex 29.1639 4.24392 3.48888
      vertex 29.1697 4.2 3.48888
    endloop
  endfacet
  facet normal 0.399382 0.306203 0.864137
    outer loop
      vertex 29.5596 4.7596 3.23136
      vertex 29.3518 4.55178 3.40104
      vertex 29.4308 4.44874 3.40104
    endloop
  endfacet
  facet normal 0.588259 -0.766839 0.256728
    outer loop
      vertex 29.8493 -5.04927 2.69749
      vertex 29.6005 -5.24013 2.69749
      vertex 29.6444 -5.3162 2.36968
    endloop
  endfacet
  facet normal 0.24091 -0.100085 0.965373
    outer loop
      vertex 29.1639 -4.24392 3.48888
      vertex 29.1469 -4.28484 3.48888
      vertex 29.4308 -4.44874 3.40104
    endloop
  endfacet
  facet normal 0.12615 -0.958208 -0.256756
    outer loop
      vertex 24.4106 -7.18226 -2.80884
      vertex 24 -7.12821 -3.21229
      vertex 24.3826 -7.07784 -3.21229
    endloop
  endfacet
  facet normal 0.369949 -0.892884 -0.256704
    outer loop
      vertex 29.3336 -5.44496 -2.36968
      vertex 29.3109 -5.36012 -2.69749
      vertex 29.6005 -5.24013 -2.69749
    endloop
  endfacet
  facet normal 0.188299 0.177725 -0.965897
    outer loop
      vertex 29.12 4.31998 -3.48888
      vertex 24.433 6.08296 -4.07821
      vertex 29.3518 4.55178 -3.40104
    endloop
  endfacet
  facet normal 0.258682 0.0341611 -0.965358
    outer loop
      vertex 29.1697 4.2 -3.48888
      vertex 29.1639 4.24392 -3.48888
      vertex 29.4805 4.32876 -3.40104
    endloop
  endfacet
  facet normal 0.498876 -0.0657601 -0.864175
    outer loop
      vertex 29.7644 -4.40483 -3.23136
      vertex 29.4805 -4.32876 -3.40104
      vertex 29.7914 -4.2 -3.23136
    endloop
  endfacet
  facet normal -0.318839 0.387427 -0.86501
    outer loop
      vertex 5.58352 3.51648 -2.3391
      vertex 5.45563 3.64437 -2.23468
      vertex 9.70234 4.94766 -3.21627
    endloop
  endfacet
  facet normal 0.688666 -0.528231 0.4967
    outer loop
      vertex 29.8932 -4.71568 2.99139
      vertex 29.8493 -5.04927 2.69749
      vertex 30.0401 -4.80052 2.69749
    endloop
  endfacet
  facet normal 0.76685 -0.588201 0.256829
    outer loop
      vertex 30.0401 -4.80052 2.69749
      vertex 29.8493 -5.04927 2.69749
      vertex 30.1162 -4.84444 2.36968
    endloop
  endfacet
  facet normal 0.528316 -0.688519 0.496813
    outer loop
      vertex 29.7293 -4.92928 2.99139
      vertex 29.5157 -5.09318 2.99139
      vertex 29.8493 -5.04927 2.69749
    endloop
  endfacet
  facet normal 0.369911 -0.892889 -0.256738
    outer loop
      vertex 29.6444 -5.3162 -2.36968
      vertex 29.3336 -5.44496 -2.36968
      vertex 29.6005 -5.24013 -2.69749
    endloop
  endfacet
  facet normal -0.366262 0.604944 0.707032
    outer loop
      vertex 9.56365 5.40577 2.86964
      vertex 5.48266 3.84965 2.08701
      vertex 5.55649 3.72176 2.23468
    endloop
  endfacet
  facet normal -0.332139 0.801805 0.496782
    outer loop
      vertex 9.73697 5.63164 2.62095
      vertex 9.49187 5.53011 2.62095
      vertex 9.77413 5.49295 2.86964
    endloop
  endfacet
  facet normal -0.8018 -0.332149 0.496784
    outer loop
      vertex 5.18694 -3.46427 2.08701
      vertex 5.15992 -3.66955 1.90615
      vertex 5.25035 -3.61734 2.08701
    endloop
  endfacet
  facet normal -0.801816 0.332133 0.496768
    outer loop
      vertex 5.15992 3.66955 1.90615
      vertex 5.08608 3.49129 1.90615
      vertex 5.18694 3.46427 2.08701
    endloop
  endfacet
  facet normal -0.240767 -0.0997693 0.965441
    outer loop
      vertex 9.86131 -4.68716 3.29059
      vertex 5.70957 -3.35221 2.39316
      vertex 9.87566 -4.72179 3.29059
    endloop
  endfacet
  facet normal -0.306329 0.399249 0.864154
    outer loop
      vertex 9.78952 5.01455 3.21627
      vertex 9.66518 5.22992 3.07269
      vertex 9.70234 4.94766 3.21627
    endloop
  endfacet
  facet normal -0.0926927 0.704063 0.704063
    outer loop
      vertex 24 6.91936 3.57402
      vertex 23.7479 6.59083 3.86936
      vertex 24 6.62402 3.86936
    endloop
  endfacet
  facet normal -0.0952438 0.491814 0.865475
    outer loop
      vertex 23.7479 6.59083 3.86936
      vertex 9.82668 5.29682 3.07269
      vertex 23.8415 6.24143 4.07821
    endloop
  endfacet
  facet normal -0.110866 0.860681 0.496927
    outer loop
      vertex 24 7.12821 3.21229
      vertex 10 5.66627 2.62095
      vertex 24 6.91936 3.57402
    endloop
  endfacet
  facet normal -0.39064 0.773295 0.499416
    outer loop
      vertex 9.56365 5.40577 2.86964
      vertex 5.43045 3.94008 1.90615
      vertex 5.48266 3.84965 2.08701
    endloop
  endfacet
  facet normal 0.158718 -0.207066 0.965366
    outer loop
      vertex 24.1477 -5.79767 4.18631
      vertex 24.1044 -5.83086 4.18631
      vertex 24.433 -6.08296 4.07821
    endloop
  endfacet
  facet normal -0.210837 0 0.977521
    outer loop
      vertex 5.69558 3.3 2.39316
      vertex 9.85642 -4.65 3.29059
      vertex 9.85642 4.65 3.29059
    endloop
  endfacet
  facet normal -0.210837 0 0.977521
    outer loop
      vertex 9.85642 -4.65 3.29059
      vertex 5.69558 3.3 2.39316
      vertex 5.69558 -3.3 2.39316
    endloop
  endfacet
  facet normal -0.793374 -0.608735 0
    outer loop
      vertex 5.23915 -3.86085 -1.70442
      vertex 5.11311 -3.69658 1.70442
      vertex 5.11311 -3.69658 -1.70442
    endloop
  endfacet
  facet normal -0.793374 -0.608735 0
    outer loop
      vertex 5.11311 -3.69658 1.70442
      vertex 5.23915 -3.86085 -1.70442
      vertex 5.23915 -3.86085 1.70442
    endloop
  endfacet
  facet normal -0.380714 -0.919114 0.101418
    outer loop
      vertex 9.71773 -5.70343 2.34358
      vertex 5.40342 -3.98689 1.70442
      vertex 5.59472 -4.06613 1.70442
    endloop
  endfacet
  facet normal -0.380714 0.919114 -0.101418
    outer loop
      vertex 9.71773 5.70343 -2.34358
      vertex 5.40342 3.98689 -1.70442
      vertex 5.59472 4.06613 -1.70442
    endloop
  endfacet
  facet normal -0.382687 0.923878 0
    outer loop
      vertex 5.59472 4.06613 -1.70442
      vertex 5.40342 3.98689 1.70442
      vertex 5.59472 4.06613 1.70442
    endloop
  endfacet
  facet normal -0.382687 0.923878 0
    outer loop
      vertex 5.40342 3.98689 1.70442
      vertex 5.59472 4.06613 -1.70442
      vertex 5.40342 3.98689 -1.70442
    endloop
  endfacet
  facet normal -0.380719 0.919107 -0.10147
    outer loop
      vertex 9.45471 5.59448 -2.34358
      vertex 5.40342 3.98689 -1.70442
      vertex 9.71773 5.70343 -2.34358
    endloop
  endfacet
  facet normal -0.0647537 0.00852114 -0.997865
    outer loop
      vertex 23.7912 5.65 -4.18631
      vertex 9.85642 4.65 -3.29059
      vertex 9.86131 4.68716 -3.29059
    endloop
  endfacet
  facet normal -0.608735 0.793374 0
    outer loop
      vertex 5.40342 3.98689 -1.70442
      vertex 5.23915 3.86085 1.70442
      vertex 5.40342 3.98689 1.70442
    endloop
  endfacet
  facet normal -0.608735 0.793374 0
    outer loop
      vertex 5.23915 3.86085 1.70442
      vertex 5.40342 3.98689 -1.70442
      vertex 5.23915 3.86085 -1.70442
    endloop
  endfacet
  facet normal -0.27175 0.656089 -0.704059
    outer loop
      vertex 9.82668 5.29682 -3.07269
      vertex 9.56365 5.40577 -2.86964
      vertex 9.77413 5.49295 -2.86964
    endloop
  endfacet
  facet normal -0.0706617 -0.0920893 -0.99324
    outer loop
      vertex 9.92821 -4.77434 -3.29059
      vertex 9.89847 -4.75152 -3.29059
      vertex 23.8956 -5.83086 -4.18631
    endloop
  endfacet
  facet normal -0.105539 -0.701452 -0.70486
    outer loop
      vertex 23.6715 -6.87611 -3.57402
      vertex 9.77413 -5.49295 -2.86964
      vertex 23.7479 -6.59083 -3.86936
    endloop
  endfacet
  facet normal -0.39064 -0.773295 -0.499416
    outer loop
      vertex 9.56365 -5.40577 -2.86964
      vertex 5.43045 -3.94008 -1.90615
      vertex 5.48266 -3.84965 -2.08701
    endloop
  endfacet
  facet normal -0.528293 -0.688558 -0.496785
    outer loop
      vertex 5.43045 -3.94008 -1.90615
      vertex 5.27737 -3.82263 -1.90615
      vertex 5.48266 -3.84965 -2.08701
    endloop
  endfacet
  facet normal -0.563398 -0.432288 -0.704067
    outer loop
      vertex 5.35121 -3.74879 -2.08701
      vertex 5.25035 -3.61734 -2.08701
      vertex 5.45563 -3.64437 -2.23468
    endloop
  endfacet
  facet normal -0.39122 0.88355 -0.257461
    outer loop
      vertex 9.49187 5.53011 -2.62095
      vertex 5.40342 3.98689 -1.70442
      vertex 9.45471 5.59448 -2.34358
    endloop
  endfacet
  facet normal -0.0926927 -0.704063 -0.704063
    outer loop
      vertex 24 -6.91936 -3.57402
      vertex 23.7479 -6.59083 -3.86936
      vertex 24 -6.62402 -3.86936
    endloop
  endfacet
  facet normal -0.332139 -0.801805 -0.496782
    outer loop
      vertex 9.73697 -5.63164 -2.62095
      vertex 9.49187 -5.53011 -2.62095
      vertex 9.77413 -5.49295 -2.86964
    endloop
  endfacet
  facet normal -0.866025 0 -0.500002
    outer loop
      vertex 5.16532 -3.3 -2.08701
      vertex 5.0609 3.3 -1.90615
      vertex 5.16532 3.3 -2.08701
    endloop
  endfacet
  facet normal -0.866025 -0 -0.500002
    outer loop
      vertex 5.0609 3.3 -1.90615
      vertex 5.16532 -3.3 -2.08701
      vertex 5.0609 -3.3 -1.90615
    endloop
  endfacet
  facet normal -0.766787 -0.588314 -0.256756
    outer loop
      vertex 5.27737 -3.82263 -1.90615
      vertex 5.11311 -3.69658 -1.70442
      vertex 5.15992 -3.66955 -1.90615
    endloop
  endfacet
  facet normal -0.991442 0.130547 0
    outer loop
      vertex 5.00684 3.3 -1.70442
      vertex 5.03387 3.50528 1.70442
      vertex 5.03387 3.50528 -1.70442
    endloop
  endfacet
  facet normal -0.991442 0.130547 0
    outer loop
      vertex 5.03387 3.50528 1.70442
      vertex 5.00684 3.3 -1.70442
      vertex 5.00684 3.3 1.70442
    endloop
  endfacet
  facet normal -0.866025 0 0.500002
    outer loop
      vertex 5.0609 -3.3 1.90615
      vertex 5.16532 3.3 2.08701
      vertex 5.0609 3.3 1.90615
    endloop
  endfacet
  facet normal -0.866025 0 0.500002
    outer loop
      vertex 5.16532 3.3 2.08701
      vertex 5.0609 -3.3 1.90615
      vertex 5.16532 -3.3 2.08701
    endloop
  endfacet
  facet normal -0.958199 0.12617 0.25678
    outer loop
      vertex 5.03387 3.50528 1.70442
      vertex 5.00684 3.3 1.70442
      vertex 5.0609 3.3 1.90615
    endloop
  endfacet
  facet normal 0.144666 0.0191043 0.989296
    outer loop
      vertex 29.1639 4.24392 3.48888
      vertex 24.2017 5.70405 4.18631
      vertex 29.1697 4.2 3.48888
    endloop
  endfacet
  facet normal -0.110865 -0.860689 0.496915
    outer loop
      vertex 10 -5.52269 2.86964
      vertex 10 -5.66627 2.62095
      vertex 24 -6.91936 3.57402
    endloop
  endfacet
  facet normal -0.500002 0 0.866025
    outer loop
      vertex 5.31299 3.3 2.23468
      vertex 5.49385 -3.3 2.3391
      vertex 5.49385 3.3 2.3391
    endloop
  endfacet
  facet normal -0.500002 0 0.866025
    outer loop
      vertex 5.49385 -3.3 2.3391
      vertex 5.31299 3.3 2.23468
      vertex 5.31299 -3.3 2.23468
    endloop
  endfacet
  facet normal -0.219703 -0.0289114 0.975138
    outer loop
      vertex 9.85642 -4.65 3.29059
      vertex 5.69558 -3.3 2.39316
      vertex 9.86131 -4.68716 3.29059
    endloop
  endfacet
  facet normal -0.688536 -0.528305 0.496802
    outer loop
      vertex 5.35121 -3.74879 2.08701
      vertex 5.25035 -3.61734 2.08701
      vertex 5.27737 -3.82263 1.90615
    endloop
  endfacet
  facet normal -0.58833 -0.76678 0.256741
    outer loop
      vertex 5.27737 -3.82263 1.90615
      vertex 5.23915 -3.86085 1.70442
      vertex 5.40342 -3.98689 1.70442
    endloop
  endfacet
  facet normal -0.766787 0.588314 0.256756
    outer loop
      vertex 5.27737 3.82263 1.90615
      vertex 5.11311 3.69658 1.70442
      vertex 5.15992 3.66955 1.90615
    endloop
  endfacet
  facet normal -0.892907 0.369859 0.256751
    outer loop
      vertex 5.11311 3.69658 1.70442
      vertex 5.03387 3.50528 1.70442
      vertex 5.15992 3.66955 1.90615
    endloop
  endfacet
  facet normal 0.113279 -0.860443 -0.496795
    outer loop
      vertex 24.3826 -7.07784 -3.21229
      vertex 24 -7.12821 -3.21229
      vertex 24.3285 -6.87611 -3.57402
    endloop
  endfacet
  facet normal 0.301701 -0.640852 -0.705893
    outer loop
      vertex 24.6347 -6.7493 -3.57402
      vertex 24.487 -6.49352 -3.86936
      vertex 29.5157 -5.09318 -2.99139
    endloop
  endfacet
  facet normal 0.332085 -0.801851 -0.496743
    outer loop
      vertex 29.6005 -5.24013 -2.69749
      vertex 29.2669 -5.19622 -2.99139
      vertex 29.5157 -5.09318 -2.99139
    endloop
  endfacet
  facet normal 0.608675 -0.79342 0
    outer loop
      vertex 29.6444 -5.3162 -2.36968
      vertex 29.9114 -5.11137 2.36968
      vertex 29.6444 -5.3162 2.36968
    endloop
  endfacet
  facet normal 0.608675 -0.79342 0
    outer loop
      vertex 29.9114 -5.11137 2.36968
      vertex 29.6444 -5.3162 -2.36968
      vertex 29.9114 -5.11137 -2.36968
    endloop
  endfacet
  facet normal 0.432285 -0.563387 -0.704077
    outer loop
      vertex 29.5157 -5.09318 -2.99139
      vertex 29.3957 -4.88536 -3.23136
      vertex 29.5596 -4.7596 -3.23136
    endloop
  endfacet
  facet normal 0.563364 -0.432379 -0.704038
    outer loop
      vertex 29.8932 -4.71568 -2.99139
      vertex 29.5596 -4.7596 -3.23136
      vertex 29.6854 -4.59569 -3.23136
    endloop
  endfacet
  facet normal -0.076853 -0.185465 -0.979641
    outer loop
      vertex 9.96284 -4.78869 -3.29059
      vertex 9.92821 -4.77434 -3.29059
      vertex 23.9459 -5.85173 -4.18631
    endloop
  endfacet
  facet normal 0.0926927 -0.704063 -0.704063
    outer loop
      vertex 24.2521 -6.59083 -3.86936
      vertex 24 -6.91936 -3.57402
      vertex 24 -6.62402 -3.86936
    endloop
  endfacet
  facet normal 0.0656861 -0.498929 -0.86415
    outer loop
      vertex 24.2521 -6.59083 -3.86936
      vertex 24 -6.62402 -3.86936
      vertex 24 -6.26229 -4.07821
    endloop
  endfacet
  facet normal 0.216584 0.282471 0.934506
    outer loop
      vertex 29.2487 4.63084 3.40104
      vertex 24.3061 6.18026 4.07821
      vertex 24.433 6.08296 4.07821
    endloop
  endfacet
  facet normal 0.892845 0.369948 0.256837
    outer loop
      vertex 30.1162 4.84444 2.36968
      vertex 30.0401 4.80052 2.69749
      vertex 30.245 4.53359 2.36968
    endloop
  endfacet
  facet normal 0.369911 0.892889 0.256738
    outer loop
      vertex 29.6444 5.3162 2.36968
      vertex 29.3336 5.44496 2.36968
      vertex 29.6005 5.24013 2.69749
    endloop
  endfacet
  facet normal 0.588277 0.766831 0.25671
    outer loop
      vertex 29.9114 5.11137 2.36968
      vertex 29.6444 5.3162 2.36968
      vertex 29.8493 5.04927 2.69749
    endloop
  endfacet
  facet normal 0.369949 0.892884 0.256704
    outer loop
      vertex 29.3336 5.44496 2.36968
      vertex 29.3109 5.36012 2.69749
      vertex 29.6005 5.24013 2.69749
    endloop
  endfacet
  facet normal 0.341904 0.90373 0.25763
    outer loop
      vertex 24.4106 7.18226 2.80884
      vertex 24.3826 7.07784 3.21229
      vertex 29.3336 5.44496 2.36968
    endloop
  endfacet
  facet normal 0.253717 0.430858 0.866019
    outer loop
      vertex 24.487 6.49352 3.86936
      vertex 24.3061 6.18026 4.07821
      vertex 29.2487 4.63084 3.40104
    endloop
  endfacet
  facet normal -0.0656861 0.498929 -0.86415
    outer loop
      vertex 24 6.26229 -4.07821
      vertex 23.7479 6.59083 -3.86936
      vertex 24 6.62402 -3.86936
    endloop
  endfacet
  facet normal -0.0926927 0.704063 -0.704063
    outer loop
      vertex 24 6.62402 -3.86936
      vertex 23.7479 6.59083 -3.86936
      vertex 24 6.91936 -3.57402
    endloop
  endfacet
  facet normal 0.892856 0.369879 0.2569
    outer loop
      vertex 30.245 4.53359 2.36968
      vertex 30.0401 4.80052 2.69749
      vertex 30.1601 4.51085 2.69749
    endloop
  endfacet
  facet normal 0.95817 0.126094 -0.256927
    outer loop
      vertex 30.2889 4.2 -2.36968
      vertex 30.201 4.2 -2.69749
      vertex 30.245 4.53359 -2.36968
    endloop
  endfacet
  facet normal 0.0926927 0.704063 -0.704063
    outer loop
      vertex 24.2521 6.59083 -3.86936
      vertex 24 6.62402 -3.86936
      vertex 24 6.91936 -3.57402
    endloop
  endfacet
  facet normal 0.331444 0.802026 -0.496889
    outer loop
      vertex 29.2669 5.19622 -2.99139
      vertex 24.3826 7.07784 -3.21229
      vertex 29.3109 5.36012 -2.69749
    endloop
  endfacet
  facet normal 0.56338 0.432294 -0.704077
    outer loop
      vertex 29.8932 4.71568 -2.99139
      vertex 29.5596 4.7596 -3.23136
      vertex 29.7293 4.92928 -2.99139
    endloop
  endfacet
  facet normal 0.76685 0.588201 -0.256829
    outer loop
      vertex 30.0401 4.80052 -2.69749
      vertex 29.8493 5.04927 -2.69749
      vertex 30.1162 4.84444 -2.36968
    endloop
  endfacet
  facet normal 0.126136 -0.958213 0.256743
    outer loop
      vertex 24 -7.12821 3.21229
      vertex 24 -7.23631 2.80884
      vertex 24.4106 -7.18226 2.80884
    endloop
  endfacet
  facet normal 0.332085 -0.801851 0.496743
    outer loop
      vertex 29.5157 -5.09318 2.99139
      vertex 29.2669 -5.19622 2.99139
      vertex 29.6005 -5.24013 2.69749
    endloop
  endfacet
  facet normal -0.113285 -0.860449 0.496784
    outer loop
      vertex 9.77413 -5.49295 2.86964
      vertex 9.73697 -5.63164 2.62095
      vertex 10 -5.66627 2.62095
    endloop
  endfacet
  facet normal -0.110866 -0.860681 0.496927
    outer loop
      vertex 24 -6.91936 3.57402
      vertex 10 -5.66627 2.62095
      vertex 24 -7.12821 3.21229
    endloop
  endfacet
  facet normal 0.192595 -0.464912 0.864155
    outer loop
      vertex 24.3061 -6.18026 4.07821
      vertex 24.2521 -6.59083 3.86936
      vertex 24.487 -6.49352 3.86936
    endloop
  endfacet
  facet normal 0.306311 -0.399208 0.86418
    outer loop
      vertex 29.5596 -4.7596 3.23136
      vertex 29.2487 -4.63084 3.40104
      vertex 29.3957 -4.88536 3.23136
    endloop
  endfacet
  facet normal 0.192674 -0.464913 0.864137
    outer loop
      vertex 24.3061 -6.18026 4.07821
      vertex 24.1585 -6.24143 4.07821
      vertex 24.2521 -6.59083 3.86936
    endloop
  endfacet
  facet normal 0.563364 -0.432379 0.704038
    outer loop
      vertex 29.6854 -4.59569 3.23136
      vertex 29.5596 -4.7596 3.23136
      vertex 29.8932 -4.71568 2.99139
    endloop
  endfacet
  facet normal 0.216584 -0.282471 0.934506
    outer loop
      vertex 24.433 -6.08296 4.07821
      vertex 24.3061 -6.18026 4.07821
      vertex 29.2487 -4.63084 3.40104
    endloop
  endfacet
  facet normal -0.0678619 -0.0520928 0.996334
    outer loop
      vertex 23.8191 -5.75442 4.18631
      vertex 9.89847 -4.75152 3.29059
      vertex 23.8523 -5.79767 4.18631
    endloop
  endfacet
  facet normal 0.258836 0 0.965921
    outer loop
      vertex 29.1697 4.2 3.48888
      vertex 29.4975 0.958749 3.40104
      vertex 29.4975 4.2 3.40104
    endloop
  endfacet
  facet normal 0.258793 -4.65282e-06 0.965933
    outer loop
      vertex 29.4975 0.958749 3.40104
      vertex 29.1697 4.2 3.48888
      vertex 29.1961 0.69257 3.48179
    endloop
  endfacet
  facet normal 0.260496 0 0.965475
    outer loop
      vertex 29.175 0.635039 3.48745
      vertex 29.1697 4.2 3.48888
      vertex 29.175 -0.635039 3.48745
    endloop
  endfacet
  facet normal 0.259093 -2.23797e-06 0.965852
    outer loop
      vertex 29.1961 0.69257 3.48179
      vertex 29.1697 4.2 3.48888
      vertex 29.175 0.635039 3.48745
    endloop
  endfacet
  facet normal 0.258793 4.65282e-06 0.965933
    outer loop
      vertex 29.1697 -4.2 3.48888
      vertex 29.4975 -0.958749 3.40104
      vertex 29.1961 -0.69257 3.48179
    endloop
  endfacet
  facet normal 0.259093 2.23797e-06 0.965852
    outer loop
      vertex 29.1697 -4.2 3.48888
      vertex 29.1961 -0.69257 3.48179
      vertex 29.175 -0.635039 3.48745
    endloop
  endfacet
  facet normal 0.258836 0 0.965921
    outer loop
      vertex 29.4975 -0.958749 3.40104
      vertex 29.1697 -4.2 3.48888
      vertex 29.4975 -4.2 3.40104
    endloop
  endfacet
  facet normal 0.260496 -0 0.965475
    outer loop
      vertex 29.1697 -4.2 3.48888
      vertex 29.175 -0.635039 3.48745
      vertex 29.1697 4.2 3.48888
    endloop
  endfacet
  facet normal 0.965406 -0 0.260753
    outer loop
      vertex 30.201 -4.2 2.69749
      vertex 30.2052 -3.85727 2.68194
      vertex 30.201 -3.84227 2.69749
    endloop
  endfacet
  facet normal 0.965873 -8.45905e-05 0.259015
    outer loop
      vertex 30.2052 -3.85727 2.68194
      vertex 30.201 -4.2 2.69749
      vertex 30.2489 -4.01447 2.51893
    endloop
  endfacet
  facet normal 0.965879 -0.000106008 0.258994
    outer loop
      vertex 30.2889 -4.2 2.36968
      vertex 30.2489 -4.01447 2.51893
      vertex 30.201 -4.2 2.69749
    endloop
  endfacet
  facet normal 0.965912 0 0.258871
    outer loop
      vertex 30.2489 -4.01447 2.51893
      vertex 30.2889 -4.2 2.36968
      vertex 30.2889 -4.09509 2.36968
    endloop
  endfacet
  facet normal 0.965879 0.000106008 0.258994
    outer loop
      vertex 30.2489 4.01447 2.51893
      vertex 30.2889 4.2 2.36968
      vertex 30.201 4.2 2.69749
    endloop
  endfacet
  facet normal 0.965912 0 0.258871
    outer loop
      vertex 30.2889 4.2 2.36968
      vertex 30.2489 4.01447 2.51893
      vertex 30.2889 4.09509 2.36968
    endloop
  endfacet
  facet normal 0.965873 8.45905e-05 0.259015
    outer loop
      vertex 30.201 4.2 2.69749
      vertex 30.2052 3.85727 2.68194
      vertex 30.2489 4.01447 2.51893
    endloop
  endfacet
  facet normal 0.965406 0 0.260753
    outer loop
      vertex 30.2052 3.85727 2.68194
      vertex 30.201 4.2 2.69749
      vertex 30.201 3.84227 2.69749
    endloop
  endfacet
  facet normal 0.528258 -0.688623 0.496732
    outer loop
      vertex 29.8493 -5.04927 2.69749
      vertex 29.5157 -5.09318 2.99139
      vertex 29.6005 -5.24013 2.69749
    endloop
  endfacet
  facet normal 0.923836 -0.382789 0
    outer loop
      vertex 30.1162 -4.84444 2.36968
      vertex 30.245 -4.53359 -2.36968
      vertex 30.245 -4.53359 2.36968
    endloop
  endfacet
  facet normal 0.923836 -0.382789 0
    outer loop
      vertex 30.245 -4.53359 -2.36968
      vertex 30.1162 -4.84444 2.36968
      vertex 30.1162 -4.84444 -2.36968
    endloop
  endfacet
  facet normal 0.331449 -0.802044 0.496856
    outer loop
      vertex 29.2669 -5.19622 2.99139
      vertex 24.3285 -6.87611 3.57402
      vertex 24.3826 -7.07784 3.21229
    endloop
  endfacet
  facet normal 0.331444 -0.802026 0.496889
    outer loop
      vertex 29.2669 -5.19622 2.99139
      vertex 24.3826 -7.07784 3.21229
      vertex 29.3109 -5.36012 2.69749
    endloop
  endfacet
  facet normal 0.130511 -0.991447 0
    outer loop
      vertex 24 -7.23631 -2.80884
      vertex 24.4106 -7.18226 2.80884
      vertex 24 -7.23631 2.80884
    endloop
  endfacet
  facet normal 0.130511 -0.991447 0
    outer loop
      vertex 24.4106 -7.18226 2.80884
      vertex 24 -7.23631 -2.80884
      vertex 24.4106 -7.18226 -2.80884
    endloop
  endfacet
  facet normal 0.331444 -0.802026 -0.496889
    outer loop
      vertex 29.3109 -5.36012 -2.69749
      vertex 24.3826 -7.07784 -3.21229
      vertex 29.2669 -5.19622 -2.99139
    endloop
  endfacet
  facet normal 0.332188 -0.801746 -0.496844
    outer loop
      vertex 29.3109 -5.36012 -2.69749
      vertex 29.2669 -5.19622 -2.99139
      vertex 29.6005 -5.24013 -2.69749
    endloop
  endfacet
  facet normal -0.464919 0.192578 -0.864155
    outer loop
      vertex 5.53487 3.45307 -2.3391
      vertex 5.32959 3.42605 -2.23468
      vertex 5.37824 3.5435 -2.23468
    endloop
  endfacet
  facet normal 0.860465 -0.113215 -0.496773
    outer loop
      vertex 30.1601 -4.51085 -2.69749
      vertex 29.9962 -4.46694 -2.99139
      vertex 30.201 -4.2 -2.69749
    endloop
  endfacet
  facet normal 0.704009 0.0928341 -0.704097
    outer loop
      vertex 30.0314 4.2 -2.99139
      vertex 29.7914 4.2 -3.23136
      vertex 29.9962 4.46694 -2.99139
    endloop
  endfacet
  facet normal 0.70403 0.0928029 -0.70408
    outer loop
      vertex 29.7914 4.2 -3.23136
      vertex 29.7644 4.40483 -3.23136
      vertex 29.9962 4.46694 -2.99139
    endloop
  endfacet
  facet normal 0.656097 -0.271681 -0.704078
    outer loop
      vertex 29.8932 -4.71568 -2.99139
      vertex 29.7644 -4.40483 -3.23136
      vertex 29.9962 -4.46694 -2.99139
    endloop
  endfacet
  facet normal 0.70403 -0.0928029 -0.70408
    outer loop
      vertex 29.9962 -4.46694 -2.99139
      vertex 29.7644 -4.40483 -3.23136
      vertex 29.7914 -4.2 -3.23136
    endloop
  endfacet
  facet normal 0.0999768 0.24096 -0.965372
    outer loop
      vertex 24.1044 5.83086 -4.18631
      vertex 24.0541 5.85173 -4.18631
      vertex 24.3061 6.18026 -4.07821
    endloop
  endfacet
  facet normal 0.399141 -0.306338 -0.864201
    outer loop
      vertex 29.5596 -4.7596 -3.23136
      vertex 29.4308 -4.44874 -3.40104
      vertex 29.6854 -4.59569 -3.23136
    endloop
  endfacet
  facet normal 0.892845 -0.369948 -0.256837
    outer loop
      vertex 30.1162 -4.84444 -2.36968
      vertex 30.0401 -4.80052 -2.69749
      vertex 30.245 -4.53359 -2.36968
    endloop
  endfacet
  facet normal 0.80185 -0.332036 0.496778
    outer loop
      vertex 29.9962 -4.46694 2.99139
      vertex 29.8932 -4.71568 2.99139
      vertex 30.1601 -4.51085 2.69749
    endloop
  endfacet
  facet normal 0.860465 -0.113215 0.496773
    outer loop
      vertex 30.201 -4.2 2.69749
      vertex 29.9962 -4.46694 2.99139
      vertex 30.1601 -4.51085 2.69749
    endloop
  endfacet
  facet normal 0.464893 -0.192575 0.86417
    outer loop
      vertex 29.4805 -4.32876 3.40104
      vertex 29.4308 -4.44874 3.40104
      vertex 29.7644 -4.40483 3.23136
    endloop
  endfacet
  facet normal -0.432293 0.563394 0.704067
    outer loop
      vertex 5.55649 3.72176 2.23468
      vertex 5.35121 3.74879 2.08701
      vertex 5.45563 3.64437 2.23468
    endloop
  endfacet
  facet normal -0.27175 0.656089 0.704059
    outer loop
      vertex 9.77413 5.49295 2.86964
      vertex 9.56365 5.40577 2.86964
      vertex 9.82668 5.29682 3.07269
    endloop
  endfacet
  facet normal -0.563398 0.432288 0.704067
    outer loop
      vertex 5.35121 3.74879 2.08701
      vertex 5.25035 3.61734 2.08701
      vertex 5.45563 3.64437 2.23468
    endloop
  endfacet
  facet normal -0.656057 0.271751 0.704089
    outer loop
      vertex 5.37824 3.5435 2.23468
      vertex 5.18694 3.46427 2.08701
      vertex 5.32959 3.42605 2.23468
    endloop
  endfacet
  facet normal -0.399252 0.306318 0.864157
    outer loop
      vertex 5.58352 3.51648 2.3391
      vertex 5.45563 3.64437 2.23468
      vertex 5.53487 3.45307 2.3391
    endloop
  endfacet
  facet normal -0.965918 0 0.258849
    outer loop
      vertex 5.00684 -3.3 1.70442
      vertex 5.0609 3.3 1.90615
      vertex 5.00684 3.3 1.70442
    endloop
  endfacet
  facet normal -0.965918 0 0.258849
    outer loop
      vertex 5.0609 3.3 1.90615
      vertex 5.00684 -3.3 1.70442
      vertex 5.0609 -3.3 1.90615
    endloop
  endfacet
  facet normal -0.0952435 0.4918 0.865483
    outer loop
      vertex 23.8415 6.24143 4.07821
      vertex 9.82668 5.29682 3.07269
      vertex 9.89105 5.05661 3.21627
    endloop
  endfacet
  facet normal -0.219711 0.0289371 0.975136
    outer loop
      vertex 5.69914 3.32703 2.39316
      vertex 5.69558 3.3 2.39316
      vertex 9.86131 4.68716 3.29059
    endloop
  endfacet
  facet normal -0.206974 0.158827 0.965368
    outer loop
      vertex 9.70234 4.94766 3.21627
      vertex 9.63544 4.86048 3.21627
      vertex 9.89847 4.75152 3.29059
    endloop
  endfacet
  facet normal -0.076835 0.185184 0.979695
    outer loop
      vertex 23.9459 5.85173 4.18631
      vertex 9.92821 4.77434 3.29059
      vertex 23.8956 5.83086 4.18631
    endloop
  endfacet
  facet normal -0.0998767 0.241027 0.965366
    outer loop
      vertex 9.96284 4.78869 3.29059
      vertex 9.89105 5.05661 3.21627
      vertex 9.92821 4.77434 3.29059
    endloop
  endfacet
  facet normal -0.080595 0.246322 0.965831
    outer loop
      vertex 23.8415 6.24143 4.07821
      vertex 9.89105 5.05661 3.21627
      vertex 9.96284 4.78869 3.29059
    endloop
  endfacet
  facet normal -0.105539 0.701452 0.70486
    outer loop
      vertex 23.7479 6.59083 3.86936
      vertex 9.77413 5.49295 2.86964
      vertex 9.82668 5.29682 3.07269
    endloop
  endfacet
  facet normal -0.27177 0.656066 0.704073
    outer loop
      vertex 9.82668 5.29682 3.07269
      vertex 9.56365 5.40577 2.86964
      vertex 9.66518 5.22992 3.07269
    endloop
  endfacet
  facet normal -0.105539 0.701452 0.70486
    outer loop
      vertex 23.6715 6.87611 3.57402
      vertex 9.77413 5.49295 2.86964
      vertex 23.7479 6.59083 3.86936
    endloop
  endfacet
  facet normal -0.0926964 0.704064 0.704061
    outer loop
      vertex 24 6.91936 3.57402
      vertex 23.6715 6.87611 3.57402
      vertex 23.7479 6.59083 3.86936
    endloop
  endfacet
  facet normal -0.126146 0.958211 0.256748
    outer loop
      vertex 10 5.74059 2.34358
      vertex 9.71773 5.70343 2.34358
      vertex 10 5.66627 2.62095
    endloop
  endfacet
  facet normal -0.113285 0.860449 0.496784
    outer loop
      vertex 10 5.66627 2.62095
      vertex 9.73697 5.63164 2.62095
      vertex 9.77413 5.49295 2.86964
    endloop
  endfacet
  facet normal -0.240888 0.100185 0.965368
    outer loop
      vertex 9.87566 4.72179 3.29059
      vertex 5.53487 3.45307 2.3391
      vertex 5.70957 3.35221 2.39316
    endloop
  endfacet
  facet normal 0.144635 -0.0189992 0.989303
    outer loop
      vertex 24.2088 -5.65 4.18631
      vertex 24.2017 -5.70405 4.18631
      vertex 29.1697 -4.2 3.48888
    endloop
  endfacet
  facet normal -0.380719 -0.919107 0.10147
    outer loop
      vertex 9.45471 -5.59448 2.34358
      vertex 5.40342 -3.98689 1.70442
      vertex 9.71773 -5.70343 2.34358
    endloop
  endfacet
  facet normal -0.39122 -0.88355 0.257461
    outer loop
      vertex 9.49187 -5.53011 2.62095
      vertex 5.40342 -3.98689 1.70442
      vertex 9.45471 -5.59448 2.34358
    endloop
  endfacet
  facet normal -0.39064 -0.773311 0.499391
    outer loop
      vertex 9.56365 -5.40577 2.86964
      vertex 5.43045 -3.94008 1.90615
      vertex 9.49187 -5.53011 2.62095
    endloop
  endfacet
  facet normal -0.588314 -0.766787 0.256756
    outer loop
      vertex 5.43045 -3.94008 1.90615
      vertex 5.27737 -3.82263 1.90615
      vertex 5.40342 -3.98689 1.70442
    endloop
  endfacet
  facet normal -0.369863 0.8929 -0.256769
    outer loop
      vertex 9.49187 5.53011 -2.62095
      vertex 9.45471 5.59448 -2.34358
      vertex 9.71773 5.70343 -2.34358
    endloop
  endfacet
  facet normal -0.369873 0.892899 -0.25676
    outer loop
      vertex 9.73697 5.63164 -2.62095
      vertex 9.49187 5.53011 -2.62095
      vertex 9.71773 5.70343 -2.34358
    endloop
  endfacet
  facet normal -0.793374 0.608735 0
    outer loop
      vertex 5.11311 3.69658 -1.70442
      vertex 5.23915 3.86085 1.70442
      vertex 5.23915 3.86085 -1.70442
    endloop
  endfacet
  facet normal -0.793374 0.608735 0
    outer loop
      vertex 5.23915 3.86085 1.70442
      vertex 5.11311 3.69658 -1.70442
      vertex 5.11311 3.69658 1.70442
    endloop
  endfacet
  facet normal -0.58833 0.76678 -0.256741
    outer loop
      vertex 5.27737 3.82263 -1.90615
      vertex 5.23915 3.86085 -1.70442
      vertex 5.40342 3.98689 -1.70442
    endloop
  endfacet
  facet normal -0.39122 -0.88355 -0.257461
    outer loop
      vertex 9.45471 -5.59448 -2.34358
      vertex 5.40342 -3.98689 -1.70442
      vertex 9.49187 -5.53011 -2.62095
    endloop
  endfacet
  facet normal -0.369863 -0.8929 -0.256769
    outer loop
      vertex 9.71773 -5.70343 -2.34358
      vertex 9.45471 -5.59448 -2.34358
      vertex 9.49187 -5.53011 -2.62095
    endloop
  endfacet
  facet normal -0.43229 -0.5634 -0.704064
    outer loop
      vertex 5.48266 -3.84965 -2.08701
      vertex 5.35121 -3.74879 -2.08701
      vertex 5.55649 -3.72176 -2.23468
    endloop
  endfacet
  facet normal -0.588314 -0.766787 -0.256756
    outer loop
      vertex 5.40342 -3.98689 -1.70442
      vertex 5.27737 -3.82263 -1.90615
      vertex 5.43045 -3.94008 -1.90615
    endloop
  endfacet
  facet normal -0.39064 0.773295 -0.499416
    outer loop
      vertex 5.48266 3.84965 -2.08701
      vertex 5.43045 3.94008 -1.90615
      vertex 9.56365 5.40577 -2.86964
    endloop
  endfacet
  facet normal -0.0926964 0.704064 -0.704061
    outer loop
      vertex 23.7479 6.59083 -3.86936
      vertex 23.6715 6.87611 -3.57402
      vertex 24 6.91936 -3.57402
    endloop
  endfacet
  facet normal 0.0998884 0.241025 -0.965365
    outer loop
      vertex 24.3061 6.18026 -4.07821
      vertex 24.0541 5.85173 -4.18631
      vertex 24.1585 6.24143 -4.07821
    endloop
  endfacet
  facet normal 0.188299 -0.177725 -0.965897
    outer loop
      vertex 29.3518 -4.55178 -3.40104
      vertex 24.433 -6.08296 -4.07821
      vertex 29.12 -4.31998 -3.48888
    endloop
  endfacet
  facet normal -0.113285 -0.860449 -0.496784
    outer loop
      vertex 10 -5.66627 -2.62095
      vertex 9.73697 -5.63164 -2.62095
      vertex 9.77413 -5.49295 -2.86964
    endloop
  endfacet
  facet normal -0.110866 -0.860681 -0.496927
    outer loop
      vertex 24 -7.12821 -3.21229
      vertex 10 -5.66627 -2.62095
      vertex 24 -6.91936 -3.57402
    endloop
  endfacet
  facet normal -0.704029 0.0927163 -0.704093
    outer loop
      vertex 5.31299 3.3 -2.23468
      vertex 5.18694 3.46427 -2.08701
      vertex 5.32959 3.42605 -2.23468
    endloop
  endfacet
  facet normal -0.258849 0 -0.965918
    outer loop
      vertex 5.49385 -3.3 -2.3391
      vertex 5.69558 3.3 -2.39316
      vertex 5.69558 -3.3 -2.39316
    endloop
  endfacet
  facet normal -0.258849 0 -0.965918
    outer loop
      vertex 5.69558 3.3 -2.39316
      vertex 5.49385 -3.3 -2.3391
      vertex 5.49385 3.3 -2.3391
    endloop
  endfacet
  facet normal -0.158813 0.206987 -0.965368
    outer loop
      vertex 9.92821 4.77434 -3.29059
      vertex 9.70234 4.94766 -3.21627
      vertex 9.78952 5.01455 -3.21627
    endloop
  endfacet
  facet normal -0.860458 -0.113264 -0.496772
    outer loop
      vertex 5.08608 -3.49129 -1.90615
      vertex 5.0609 -3.3 -1.90615
      vertex 5.18694 -3.46427 -2.08701
    endloop
  endfacet
  facet normal -0.8018 -0.332149 -0.496784
    outer loop
      vertex 5.25035 -3.61734 -2.08701
      vertex 5.15992 -3.66955 -1.90615
      vertex 5.18694 -3.46427 -2.08701
    endloop
  endfacet
  facet normal -0.688558 -0.528293 0.496785
    outer loop
      vertex 5.25035 -3.61734 2.08701
      vertex 5.15992 -3.66955 1.90615
      vertex 5.27737 -3.82263 1.90615
    endloop
  endfacet
  facet normal -0.704064 -0.0926637 0.704064
    outer loop
      vertex 5.31299 -3.3 2.23468
      vertex 5.16532 -3.3 2.08701
      vertex 5.18694 -3.46427 2.08701
    endloop
  endfacet
  facet normal -0.206974 -0.158827 0.965368
    outer loop
      vertex 9.89847 -4.75152 3.29059
      vertex 9.63544 -4.86048 3.21627
      vertex 9.70234 -4.94766 3.21627
    endloop
  endfacet
  facet normal -0.0656651 -0.498942 0.864144
    outer loop
      vertex 23.8415 -6.24143 4.07821
      vertex 23.7479 -6.59083 3.86936
      vertex 24 -6.26229 4.07821
    endloop
  endfacet
  facet normal -0.32899 -0.428751 0.841391
    outer loop
      vertex 9.52649 -5.1235 3.07269
      vertex 5.55649 -3.72176 2.23468
      vertex 9.66518 -5.22992 3.07269
    endloop
  endfacet
  facet normal -0.192597 -0.464916 0.864152
    outer loop
      vertex 9.89105 -5.05661 3.21627
      vertex 9.78952 -5.01455 3.21627
      vertex 9.82668 -5.29682 3.07269
    endloop
  endfacet
  facet normal -0.0647537 0.00852114 0.997865
    outer loop
      vertex 9.86131 4.68716 3.29059
      vertex 9.85642 4.65 3.29059
      vertex 23.7912 5.65 4.18631
    endloop
  endfacet
  facet normal -0.272704 0.209267 0.939063
    outer loop
      vertex 9.70234 4.94766 3.21627
      vertex 5.53487 3.45307 2.3391
      vertex 9.63544 4.86048 3.21627
    endloop
  endfacet
  facet normal -0.801816 -0.332133 0.496768
    outer loop
      vertex 5.18694 -3.46427 2.08701
      vertex 5.08608 -3.49129 1.90615
      vertex 5.15992 -3.66955 1.90615
    endloop
  endfacet
  facet normal -0.464919 -0.192578 0.864155
    outer loop
      vertex 5.53487 -3.45307 2.3391
      vertex 5.32959 -3.42605 2.23468
      vertex 5.37824 -3.5435 2.23468
    endloop
  endfacet
  facet normal -0.110513 -0.83933 -0.532271
    outer loop
      vertex 10 -5.52269 -2.86964
      vertex 9.77413 -5.49295 -2.86964
      vertex 24 -6.91936 -3.57402
    endloop
  endfacet
  facet normal -0.110515 -0.839403 -0.532155
    outer loop
      vertex 24 -6.91936 -3.57402
      vertex 9.77413 -5.49295 -2.86964
      vertex 23.6715 -6.87611 -3.57402
    endloop
  endfacet
  facet normal 0.588259 -0.766839 -0.256728
    outer loop
      vertex 29.6444 -5.3162 -2.36968
      vertex 29.6005 -5.24013 -2.69749
      vertex 29.8493 -5.04927 -2.69749
    endloop
  endfacet
  facet normal 0.95817 -0.126094 0.256927
    outer loop
      vertex 30.2889 -4.2 2.36968
      vertex 30.201 -4.2 2.69749
      vertex 30.245 -4.53359 2.36968
    endloop
  endfacet
  facet normal 0.306232 -0.399349 -0.864143
    outer loop
      vertex 29.5596 -4.7596 -3.23136
      vertex 29.2487 -4.63084 -3.40104
      vertex 29.3518 -4.55178 -3.40104
    endloop
  endfacet
  facet normal 0.301703 -0.640868 -0.705878
    outer loop
      vertex 29.5157 -5.09318 -2.99139
      vertex 24.487 -6.49352 -3.86936
      vertex 29.3957 -4.88536 -3.23136
    endloop
  endfacet
  facet normal 0.27171 -0.65608 -0.704083
    outer loop
      vertex 24.6347 -6.7493 -3.57402
      vertex 24.3285 -6.87611 -3.57402
      vertex 24.487 -6.49352 -3.86936
    endloop
  endfacet
  facet normal -0.0656651 -0.498942 -0.864144
    outer loop
      vertex 24 -6.26229 -4.07821
      vertex 23.7479 -6.59083 -3.86936
      vertex 23.8415 -6.24143 -4.07821
    endloop
  endfacet
  facet normal -0.0340419 -0.25866 -0.965368
    outer loop
      vertex 24 -6.26229 -4.07821
      vertex 23.8415 -6.24143 -4.07821
      vertex 24 -5.85884 -4.18631
    endloop
  endfacet
  facet normal 0.24091 0.100085 0.965373
    outer loop
      vertex 29.4308 4.44874 3.40104
      vertex 29.1469 4.28484 3.48888
      vertex 29.1639 4.24392 3.48888
    endloop
  endfacet
  facet normal 0.207065 0.158755 0.96536
    outer loop
      vertex 29.3518 4.55178 3.40104
      vertex 29.12 4.31998 3.48888
      vertex 29.4308 4.44874 3.40104
    endloop
  endfacet
  facet normal -0.0340419 0.25866 0.965368
    outer loop
      vertex 24 6.26229 4.07821
      vertex 23.8415 6.24143 4.07821
      vertex 24 5.85884 4.18631
    endloop
  endfacet
  facet normal -0.0656651 0.498942 0.864144
    outer loop
      vertex 24 6.26229 4.07821
      vertex 23.7479 6.59083 3.86936
      vertex 23.8415 6.24143 4.07821
    endloop
  endfacet
  facet normal 0.991461 0.130407 0
    outer loop
      vertex 30.245 4.53359 2.36968
      vertex 30.2838 4.2386 1.96107
      vertex 30.245 4.53359 -2.36968
    endloop
  endfacet
  facet normal 0.9908 0.135289 -0.00358753
    outer loop
      vertex 30.245 4.53359 2.36968
      vertex 30.284 4.23734 1.96879
      vertex 30.2838 4.2386 1.96107
    endloop
  endfacet
  facet normal 0.994092 0.107115 0.0175525
    outer loop
      vertex 30.245 4.53359 2.36968
      vertex 30.284 4.23695 1.97117
      vertex 30.284 4.23734 1.96879
    endloop
  endfacet
  facet normal 0.991411 0.130779 -0.000324616
    outer loop
      vertex 30.245 4.53359 2.36968
      vertex 30.2864 4.21892 2.0372
      vertex 30.284 4.23695 1.97117
    endloop
  endfacet
  facet normal 0.991452 0.130474 -0
    outer loop
      vertex 30.2889 4.2 2.10647
      vertex 30.245 4.53359 2.36968
      vertex 30.2889 4.2 2.36968
    endloop
  endfacet
  facet normal 0.99144 0.130566 -0.000119554
    outer loop
      vertex 30.245 4.53359 2.36968
      vertex 30.2889 4.2 2.10647
      vertex 30.2864 4.21892 2.0372
    endloop
  endfacet
  facet normal 0.991461 0.130407 -0
    outer loop
      vertex 30.2838 4.2386 -1.96107
      vertex 30.245 4.53359 -2.36968
      vertex 30.2838 4.2386 1.96107
    endloop
  endfacet
  facet normal 0.9908 0.135289 0.00358753
    outer loop
      vertex 30.284 4.23734 -1.96879
      vertex 30.245 4.53359 -2.36968
      vertex 30.2838 4.2386 -1.96107
    endloop
  endfacet
  facet normal 0.994092 0.107115 -0.0175525
    outer loop
      vertex 30.284 4.23695 -1.97117
      vertex 30.245 4.53359 -2.36968
      vertex 30.284 4.23734 -1.96879
    endloop
  endfacet
  facet normal 0.991411 0.130779 0.000324616
    outer loop
      vertex 30.2864 4.21892 -2.0372
      vertex 30.245 4.53359 -2.36968
      vertex 30.284 4.23695 -1.97117
    endloop
  endfacet
  facet normal 0.99144 0.130566 0.000119554
    outer loop
      vertex 30.2889 4.2 -2.10647
      vertex 30.245 4.53359 -2.36968
      vertex 30.2864 4.21892 -2.0372
    endloop
  endfacet
  facet normal 0.991452 0.130474 0
    outer loop
      vertex 30.245 4.53359 -2.36968
      vertex 30.2889 4.2 -2.10647
      vertex 30.2889 4.2 -2.36968
    endloop
  endfacet
  facet normal 0.801852 0.332179 0.49668
    outer loop
      vertex 30.0401 4.80052 2.69749
      vertex 29.8932 4.71568 2.99139
      vertex 30.1601 4.51085 2.69749
    endloop
  endfacet
  facet normal 0.76685 0.588201 0.256829
    outer loop
      vertex 30.1162 4.84444 2.36968
      vertex 29.8493 5.04927 2.69749
      vertex 30.0401 4.80052 2.69749
    endloop
  endfacet
  facet normal 0.331449 0.802044 -0.496856
    outer loop
      vertex 29.2669 5.19622 -2.99139
      vertex 24.3285 6.87611 -3.57402
      vertex 24.3826 7.07784 -3.21229
    endloop
  endfacet
  facet normal 0.332781 0.943004 -0
    outer loop
      vertex 29.3336 5.44496 -2.36968
      vertex 24.4106 7.18226 2.80884
      vertex 29.3336 5.44496 2.36968
    endloop
  endfacet
  facet normal 0.332781 0.943004 0
    outer loop
      vertex 24.4106 7.18226 2.80884
      vertex 29.3336 5.44496 -2.36968
      vertex 24.4106 7.18226 -2.80884
    endloop
  endfacet
  facet normal 0.432285 0.563387 0.704077
    outer loop
      vertex 29.5157 5.09318 2.99139
      vertex 29.3957 4.88536 3.23136
      vertex 29.5596 4.7596 3.23136
    endloop
  endfacet
  facet normal 0.12615 0.958208 0.256756
    outer loop
      vertex 24.4106 7.18226 2.80884
      vertex 24 7.12821 3.21229
      vertex 24.3826 7.07784 3.21229
    endloop
  endfacet
  facet normal 0.113279 0.860443 0.496795
    outer loop
      vertex 24.3826 7.07784 3.21229
      vertex 24 7.12821 3.21229
      vertex 24.3285 6.87611 3.57402
    endloop
  endfacet
  facet normal 0.113285 0.860445 0.49679
    outer loop
      vertex 24 7.12821 3.21229
      vertex 24 6.91936 3.57402
      vertex 24.3285 6.87611 3.57402
    endloop
  endfacet
  facet normal 0.331087 0.799455 0.501252
    outer loop
      vertex 29.2669 5.19622 2.99139
      vertex 24.3285 6.87611 3.57402
      vertex 24.6347 6.7493 3.57402
    endloop
  endfacet
  facet normal 0.432298 0.563385 0.704071
    outer loop
      vertex 29.7293 4.92928 2.99139
      vertex 29.5157 5.09318 2.99139
      vertex 29.5596 4.7596 3.23136
    endloop
  endfacet
  facet normal 0.528316 0.688519 0.496813
    outer loop
      vertex 29.8493 5.04927 2.69749
      vertex 29.5157 5.09318 2.99139
      vertex 29.7293 4.92928 2.99139
    endloop
  endfacet
  facet normal 0.56338 0.432294 0.704077
    outer loop
      vertex 29.7293 4.92928 2.99139
      vertex 29.5596 4.7596 3.23136
      vertex 29.8932 4.71568 2.99139
    endloop
  endfacet
  facet normal -0.0656861 0.498929 0.86415
    outer loop
      vertex 24 6.62402 3.86936
      vertex 23.7479 6.59083 3.86936
      vertex 24 6.26229 4.07821
    endloop
  endfacet
  facet normal 0.17713 0.13597 0.97475
    outer loop
      vertex 29.12 4.31998 3.48888
      vertex 24.1477 5.79767 4.18631
      vertex 24.1809 5.75442 4.18631
    endloop
  endfacet
  facet normal 0.258685 0.0341538 0.965358
    outer loop
      vertex 29.4805 4.32876 3.40104
      vertex 29.1697 4.2 3.48888
      vertex 29.4975 4.2 3.40104
    endloop
  endfacet
  facet normal 0.188299 0.177725 0.965897
    outer loop
      vertex 29.3518 4.55178 3.40104
      vertex 24.433 6.08296 4.07821
      vertex 29.12 4.31998 3.48888
    endloop
  endfacet
  facet normal -0.110865 0.860689 -0.496915
    outer loop
      vertex 24 6.91936 -3.57402
      vertex 10 5.52269 -2.86964
      vertex 10 5.66627 -2.62095
    endloop
  endfacet
  facet normal 0.301701 0.640852 -0.705893
    outer loop
      vertex 29.5157 5.09318 -2.99139
      vertex 24.487 6.49352 -3.86936
      vertex 24.6347 6.7493 -3.57402
    endloop
  endfacet
  facet normal -0.110866 0.860681 -0.496927
    outer loop
      vertex 24 6.91936 -3.57402
      vertex 10 5.66627 -2.62095
      vertex 24 7.12821 -3.21229
    endloop
  endfacet
  facet normal -0.111106 0.959946 -0.257213
    outer loop
      vertex 24 7.12821 -3.21229
      vertex 10 5.66627 -2.62095
      vertex 10 5.74059 -2.34358
    endloop
  endfacet
  facet normal 0.464891 0.192426 -0.864204
    outer loop
      vertex 29.7644 4.40483 -3.23136
      vertex 29.4308 4.44874 -3.40104
      vertex 29.6854 4.59569 -3.23136
    endloop
  endfacet
  facet normal 0.0656861 0.498929 -0.86415
    outer loop
      vertex 24.2521 6.59083 -3.86936
      vertex 24 6.26229 -4.07821
      vertex 24 6.62402 -3.86936
    endloop
  endfacet
  facet normal 0.958178 0.126072 -0.256906
    outer loop
      vertex 30.201 4.2 -2.69749
      vertex 30.1601 4.51085 -2.69749
      vertex 30.245 4.53359 -2.36968
    endloop
  endfacet
  facet normal 0.707063 -3.73567e-06 -0.707151
    outer loop
      vertex 30.0314 4.2 -2.99139
      vertex 29.825 1.51198 -3.19775
      vertex 29.7914 4.2 -3.23136
    endloop
  endfacet
  facet normal 0.707038 0 -0.707175
    outer loop
      vertex 30.0314 4.2 -2.99139
      vertex 29.825 -1.51198 -3.19775
      vertex 29.825 1.51198 -3.19775
    endloop
  endfacet
  facet normal 0.707038 0 -0.707175
    outer loop
      vertex 29.825 -1.51198 -3.19775
      vertex 30.0314 4.2 -2.99139
      vertex 30.0314 -4.2 -2.99139
    endloop
  endfacet
  facet normal 0.707212 0 -0.707002
    outer loop
      vertex 29.7914 4.2 -3.23136
      vertex 29.825 1.51198 -3.19775
      vertex 29.7914 1.4491 -3.23136
    endloop
  endfacet
  facet normal 0.707063 3.73567e-06 -0.707151
    outer loop
      vertex 29.7914 -4.2 -3.23136
      vertex 29.825 -1.51198 -3.19775
      vertex 30.0314 -4.2 -2.99139
    endloop
  endfacet
  facet normal 0.707212 0 -0.707002
    outer loop
      vertex 29.825 -1.51198 -3.19775
      vertex 29.7914 -4.2 -3.23136
      vertex 29.7914 -1.4491 -3.23136
    endloop
  endfacet
  facet normal 0.860537 0.113475 -0.496588
    outer loop
      vertex 30.0314 4.2 -2.99139
      vertex 29.9962 4.46694 -2.99139
      vertex 30.201 4.2 -2.69749
    endloop
  endfacet
  facet normal 0.793386 0.608719 0
    outer loop
      vertex 30.1162 4.84444 2.36968
      vertex 29.9114 5.11137 -2.36968
      vertex 29.9114 5.11137 2.36968
    endloop
  endfacet
  facet normal 0.793386 0.608719 0
    outer loop
      vertex 29.9114 5.11137 -2.36968
      vertex 30.1162 4.84444 2.36968
      vertex 30.1162 4.84444 -2.36968
    endloop
  endfacet
  facet normal 0.923836 0.382789 0
    outer loop
      vertex 30.245 4.53359 2.36968
      vertex 30.1162 4.84444 -2.36968
      vertex 30.1162 4.84444 2.36968
    endloop
  endfacet
  facet normal 0.923836 0.382789 0
    outer loop
      vertex 30.1162 4.84444 -2.36968
      vertex 30.245 4.53359 2.36968
      vertex 30.245 4.53359 -2.36968
    endloop
  endfacet
  facet normal 0.113285 0.860445 -0.49679
    outer loop
      vertex 24.3285 6.87611 -3.57402
      vertex 24 6.91936 -3.57402
      vertex 24 7.12821 -3.21229
    endloop
  endfacet
  facet normal 0.3419 0.903748 -0.257573
    outer loop
      vertex 29.3109 5.36012 -2.69749
      vertex 24.3826 7.07784 -3.21229
      vertex 29.3336 5.44496 -2.36968
    endloop
  endfacet
  facet normal 0.369949 0.892884 -0.256704
    outer loop
      vertex 29.6005 5.24013 -2.69749
      vertex 29.3109 5.36012 -2.69749
      vertex 29.3336 5.44496 -2.36968
    endloop
  endfacet
  facet normal 0.369911 0.892889 -0.256738
    outer loop
      vertex 29.6005 5.24013 -2.69749
      vertex 29.3336 5.44496 -2.36968
      vertex 29.6444 5.3162 -2.36968
    endloop
  endfacet
  facet normal -0.111106 -0.959946 0.257213
    outer loop
      vertex 10 -5.66627 2.62095
      vertex 10 -5.74059 2.34358
      vertex 24 -7.12821 3.21229
    endloop
  endfacet
  facet normal 0.0926964 -0.704064 0.704061
    outer loop
      vertex 24.2521 -6.59083 3.86936
      vertex 24 -6.91936 3.57402
      vertex 24.3285 -6.87611 3.57402
    endloop
  endfacet
  facet normal 0.113279 -0.860443 0.496795
    outer loop
      vertex 24.3285 -6.87611 3.57402
      vertex 24 -7.12821 3.21229
      vertex 24.3826 -7.07784 3.21229
    endloop
  endfacet
  facet normal 0.12615 -0.958208 0.256756
    outer loop
      vertex 24.3826 -7.07784 3.21229
      vertex 24 -7.12821 3.21229
      vertex 24.4106 -7.18226 2.80884
    endloop
  endfacet
  facet normal -0.0926927 -0.704063 0.704063
    outer loop
      vertex 24 -6.62402 3.86936
      vertex 23.7479 -6.59083 3.86936
      vertex 24 -6.91936 3.57402
    endloop
  endfacet
  facet normal -0.240871 -0.100116 0.96538
    outer loop
      vertex 9.87566 -4.72179 3.29059
      vertex 5.53487 -3.45307 2.3391
      vertex 9.63544 -4.86048 3.21627
    endloop
  endfacet
  facet normal 0.271791 -0.656086 0.704046
    outer loop
      vertex 24.487 -6.49352 3.86936
      vertex 24.2521 -6.59083 3.86936
      vertex 24.3285 -6.87611 3.57402
    endloop
  endfacet
  facet normal 0.306232 -0.399349 0.864143
    outer loop
      vertex 29.3518 -4.55178 3.40104
      vertex 29.2487 -4.63084 3.40104
      vertex 29.5596 -4.7596 3.23136
    endloop
  endfacet
  facet normal 0.301701 -0.640852 0.705893
    outer loop
      vertex 29.5157 -5.09318 2.99139
      vertex 24.487 -6.49352 3.86936
      vertex 24.6347 -6.7493 3.57402
    endloop
  endfacet
  facet normal 0.27171 -0.65608 0.704083
    outer loop
      vertex 24.487 -6.49352 3.86936
      vertex 24.3285 -6.87611 3.57402
      vertex 24.6347 -6.7493 3.57402
    endloop
  endfacet
  facet normal 0.0340419 -0.25866 0.965368
    outer loop
      vertex 24 -5.85884 4.18631
      vertex 24 -6.26229 4.07821
      vertex 24.1585 -6.24143 4.07821
    endloop
  endfacet
  facet normal -0.318842 -0.387445 0.865
    outer loop
      vertex 9.70234 -4.94766 3.21627
      vertex 5.45563 -3.64437 2.23468
      vertex 9.52649 -5.1235 3.07269
    endloop
  endfacet
  facet normal 0.399141 -0.306338 0.864201
    outer loop
      vertex 29.6854 -4.59569 3.23136
      vertex 29.4308 -4.44874 3.40104
      vertex 29.5596 -4.7596 3.23136
    endloop
  endfacet
  facet normal 0.399382 -0.306203 0.864137
    outer loop
      vertex 29.4308 -4.44874 3.40104
      vertex 29.3518 -4.55178 3.40104
      vertex 29.5596 -4.7596 3.23136
    endloop
  endfacet
  facet normal -0.0706617 -0.0920893 0.99324
    outer loop
      vertex 23.8956 -5.83086 4.18631
      vertex 9.89847 -4.75152 3.29059
      vertex 9.92821 -4.77434 3.29059
    endloop
  endfacet
  facet normal 0.18829 -0.177697 0.965904
    outer loop
      vertex 29.12 -4.31998 3.48888
      vertex 24.1477 -5.79767 4.18631
      vertex 24.433 -6.08296 4.07821
    endloop
  endfacet
  facet normal 0.17713 -0.13597 0.97475
    outer loop
      vertex 24.1809 -5.75442 4.18631
      vertex 24.1477 -5.79767 4.18631
      vertex 29.12 -4.31998 3.48888
    endloop
  endfacet
  facet normal -0.0647527 -0.0085059 0.997865
    outer loop
      vertex 23.7912 -5.65 4.18631
      vertex 9.86131 -4.68716 3.29059
      vertex 23.7983 -5.70405 4.18631
    endloop
  endfacet
  facet normal 0.241075 -0.0998621 0.965355
    outer loop
      vertex 29.4805 -4.32876 3.40104
      vertex 29.1639 -4.24392 3.48888
      vertex 29.4308 -4.44874 3.40104
    endloop
  endfacet
  facet normal 0.656185 -0.271605 0.704026
    outer loop
      vertex 29.7644 -4.40483 3.23136
      vertex 29.6854 -4.59569 3.23136
      vertex 29.8932 -4.71568 2.99139
    endloop
  endfacet
  facet normal 0.432298 -0.563385 0.704071
    outer loop
      vertex 29.5596 -4.7596 3.23136
      vertex 29.5157 -5.09318 2.99139
      vertex 29.7293 -4.92928 2.99139
    endloop
  endfacet
  facet normal 0.56338 -0.432294 0.704077
    outer loop
      vertex 29.8932 -4.71568 2.99139
      vertex 29.5596 -4.7596 3.23136
      vertex 29.7293 -4.92928 2.99139
    endloop
  endfacet
  facet normal 0.3419 -0.903748 0.257573
    outer loop
      vertex 29.3109 -5.36012 2.69749
      vertex 24.3826 -7.07784 3.21229
      vertex 29.3336 -5.44496 2.36968
    endloop
  endfacet
  facet normal 0.341904 -0.90373 0.25763
    outer loop
      vertex 29.3336 -5.44496 2.36968
      vertex 24.3826 -7.07784 3.21229
      vertex 24.4106 -7.18226 2.80884
    endloop
  endfacet
  facet normal 0.369949 -0.892884 0.256704
    outer loop
      vertex 29.6005 -5.24013 2.69749
      vertex 29.3109 -5.36012 2.69749
      vertex 29.3336 -5.44496 2.36968
    endloop
  endfacet
  facet normal 0.369911 -0.892889 0.256738
    outer loop
      vertex 29.6005 -5.24013 2.69749
      vertex 29.3336 -5.44496 2.36968
      vertex 29.6444 -5.3162 2.36968
    endloop
  endfacet
  facet normal 0.331085 -0.799436 0.501283
    outer loop
      vertex 29.5157 -5.09318 2.99139
      vertex 24.6347 -6.7493 3.57402
      vertex 29.2669 -5.19622 2.99139
    endloop
  endfacet
  facet normal 0.331087 -0.799455 0.501252
    outer loop
      vertex 24.6347 -6.7493 3.57402
      vertex 24.3285 -6.87611 3.57402
      vertex 29.2669 -5.19622 2.99139
    endloop
  endfacet
  facet normal 0.158718 -0.207066 -0.965366
    outer loop
      vertex 24.433 -6.08296 -4.07821
      vertex 24.1044 -5.83086 -4.18631
      vertex 24.1477 -5.79767 -4.18631
    endloop
  endfacet
  facet normal -0.0706617 0.0920893 -0.99324
    outer loop
      vertex 23.8956 5.83086 -4.18631
      vertex 9.89847 4.75152 -3.29059
      vertex 9.92821 4.77434 -3.29059
    endloop
  endfacet
  facet normal 0.17713 0.13597 -0.97475
    outer loop
      vertex 24.1809 5.75442 -4.18631
      vertex 24.1477 5.79767 -4.18631
      vertex 29.12 4.31998 -3.48888
    endloop
  endfacet
  facet normal 0.216584 0.282471 -0.934506
    outer loop
      vertex 24.433 6.08296 -4.07821
      vertex 24.3061 6.18026 -4.07821
      vertex 29.2487 4.63084 -3.40104
    endloop
  endfacet
  facet normal 0.528316 0.688519 -0.496813
    outer loop
      vertex 29.7293 4.92928 -2.99139
      vertex 29.5157 5.09318 -2.99139
      vertex 29.8493 5.04927 -2.69749
    endloop
  endfacet
  facet normal 0.892845 0.369948 -0.256837
    outer loop
      vertex 30.245 4.53359 -2.36968
      vertex 30.0401 4.80052 -2.69749
      vertex 30.1162 4.84444 -2.36968
    endloop
  endfacet
  facet normal 0.399382 -0.306203 -0.864137
    outer loop
      vertex 29.5596 -4.7596 -3.23136
      vertex 29.3518 -4.55178 -3.40104
      vertex 29.4308 -4.44874 -3.40104
    endloop
  endfacet
  facet normal 0.464893 -0.192575 -0.86417
    outer loop
      vertex 29.7644 -4.40483 -3.23136
      vertex 29.4308 -4.44874 -3.40104
      vertex 29.4805 -4.32876 -3.40104
    endloop
  endfacet
  facet normal 0.253707 -0.430828 -0.866037
    outer loop
      vertex 29.3957 -4.88536 -3.23136
      vertex 24.487 -6.49352 -3.86936
      vertex 29.2487 -4.63084 -3.40104
    endloop
  endfacet
  facet normal 0.253717 -0.430858 -0.866019
    outer loop
      vertex 24.487 -6.49352 -3.86936
      vertex 24.3061 -6.18026 -4.07821
      vertex 29.2487 -4.63084 -3.40104
    endloop
  endfacet
  facet normal -0.0339963 0.258678 -0.965365
    outer loop
      vertex 23.9459 5.85173 -4.18631
      vertex 23.8415 6.24143 -4.07821
      vertex 24 5.85884 -4.18631
    endloop
  endfacet
  facet normal 0.17713 -0.13597 -0.97475
    outer loop
      vertex 29.12 -4.31998 -3.48888
      vertex 24.1477 -5.79767 -4.18631
      vertex 24.1809 -5.75442 -4.18631
    endloop
  endfacet
  facet normal 0.892845 -0.369948 0.256837
    outer loop
      vertex 30.245 -4.53359 2.36968
      vertex 30.0401 -4.80052 2.69749
      vertex 30.1162 -4.84444 2.36968
    endloop
  endfacet
  facet normal 0.498876 0.0657601 0.864175
    outer loop
      vertex 29.7644 4.40483 3.23136
      vertex 29.4805 4.32876 3.40104
      vertex 29.7914 4.2 3.23136
    endloop
  endfacet
  facet normal 0.707212 0 0.707002
    outer loop
      vertex 29.7914 -1.4491 3.23136
      vertex 29.7914 -4.2 3.23136
      vertex 29.825 -1.51198 3.19775
    endloop
  endfacet
  facet normal 0.707063 -3.73567e-06 0.707151
    outer loop
      vertex 29.7914 4.2 3.23136
      vertex 29.825 1.51198 3.19775
      vertex 30.0314 4.2 2.99139
    endloop
  endfacet
  facet normal 0.707212 0 0.707002
    outer loop
      vertex 29.825 1.51198 3.19775
      vertex 29.7914 4.2 3.23136
      vertex 29.7914 1.4491 3.23136
    endloop
  endfacet
  facet normal 0.707038 -0 0.707175
    outer loop
      vertex 29.825 -1.51198 3.19775
      vertex 30.0314 4.2 2.99139
      vertex 29.825 1.51198 3.19775
    endloop
  endfacet
  facet normal 0.707063 3.73567e-06 0.707151
    outer loop
      vertex 30.0314 -4.2 2.99139
      vertex 29.825 -1.51198 3.19775
      vertex 29.7914 -4.2 3.23136
    endloop
  endfacet
  facet normal 0.707038 0 0.707175
    outer loop
      vertex 29.825 -1.51198 3.19775
      vertex 30.0314 -4.2 2.99139
      vertex 30.0314 4.2 2.99139
    endloop
  endfacet
  facet normal 0.704009 -0.0928341 0.704097
    outer loop
      vertex 30.0314 -4.2 2.99139
      vertex 29.7914 -4.2 3.23136
      vertex 29.9962 -4.46694 2.99139
    endloop
  endfacet
  facet normal 0.860537 -0.113475 0.496588
    outer loop
      vertex 30.0314 -4.2 2.99139
      vertex 29.9962 -4.46694 2.99139
      vertex 30.201 -4.2 2.69749
    endloop
  endfacet
  facet normal -0.332115 0.80183 0.496758
    outer loop
      vertex 9.77413 5.49295 2.86964
      vertex 9.49187 5.53011 2.62095
      vertex 9.56365 5.40577 2.86964
    endloop
  endfacet
  facet normal -0.39064 0.773311 0.499391
    outer loop
      vertex 9.49187 5.53011 2.62095
      vertex 5.43045 3.94008 1.90615
      vertex 9.56365 5.40577 2.86964
    endloop
  endfacet
  facet normal -0.318839 0.387427 0.86501
    outer loop
      vertex 9.70234 4.94766 3.21627
      vertex 5.45563 3.64437 2.23468
      vertex 5.58352 3.51648 2.3391
    endloop
  endfacet
  facet normal -0.8018 0.332149 0.496784
    outer loop
      vertex 5.25035 3.61734 2.08701
      vertex 5.15992 3.66955 1.90615
      vertex 5.18694 3.46427 2.08701
    endloop
  endfacet
  facet normal -0.318842 0.387445 0.865
    outer loop
      vertex 9.52649 5.1235 3.07269
      vertex 5.45563 3.64437 2.23468
      vertex 9.70234 4.94766 3.21627
    endloop
  endfacet
  facet normal -0.306349 0.399244 0.864149
    outer loop
      vertex 9.66518 5.22992 3.07269
      vertex 9.52649 5.1235 3.07269
      vertex 9.70234 4.94766 3.21627
    endloop
  endfacet
  facet normal -0.328994 0.428768 0.841381
    outer loop
      vertex 5.55649 3.72176 2.23468
      vertex 5.45563 3.64437 2.23468
      vertex 9.52649 5.1235 3.07269
    endloop
  endfacet
  facet normal -0.32899 0.428751 0.841391
    outer loop
      vertex 9.66518 5.22992 3.07269
      vertex 5.55649 3.72176 2.23468
      vertex 9.52649 5.1235 3.07269
    endloop
  endfacet
  facet normal -0.498921 0.0657048 0.864153
    outer loop
      vertex 5.32959 3.42605 2.23468
      vertex 5.31299 3.3 2.23468
      vertex 5.49385 3.3 2.3391
    endloop
  endfacet
  facet normal -0.704029 0.0927163 0.704093
    outer loop
      vertex 5.32959 3.42605 2.23468
      vertex 5.18694 3.46427 2.08701
      vertex 5.31299 3.3 2.23468
    endloop
  endfacet
  facet normal -0.860458 -0.113264 0.496772
    outer loop
      vertex 5.18694 -3.46427 2.08701
      vertex 5.0609 -3.3 1.90615
      vertex 5.08608 -3.49129 1.90615
    endloop
  endfacet
  facet normal -0.892906 -0.369865 0.256744
    outer loop
      vertex 5.08608 -3.49129 1.90615
      vertex 5.03387 -3.50528 1.70442
      vertex 5.15992 -3.66955 1.90615
    endloop
  endfacet
  facet normal -0.158819 0.20698 0.965368
    outer loop
      vertex 9.92821 4.77434 3.29059
      vertex 9.70234 4.94766 3.21627
      vertex 9.89847 4.75152 3.29059
    endloop
  endfacet
  facet normal -0.192597 0.464916 0.864152
    outer loop
      vertex 9.82668 5.29682 3.07269
      vertex 9.78952 5.01455 3.21627
      vertex 9.89105 5.05661 3.21627
    endloop
  endfacet
  facet normal -0.192588 0.464916 0.864155
    outer loop
      vertex 9.82668 5.29682 3.07269
      vertex 9.66518 5.22992 3.07269
      vertex 9.78952 5.01455 3.21627
    endloop
  endfacet
  facet normal -0.0706692 0.0921958 0.99323
    outer loop
      vertex 23.8956 5.83086 4.18631
      vertex 9.89847 4.75152 3.29059
      vertex 23.8523 5.79767 4.18631
    endloop
  endfacet
  facet normal 0.177005 -0.135499 0.974838
    outer loop
      vertex 29.1469 -4.28484 3.48888
      vertex 24.1809 -5.75442 4.18631
      vertex 29.12 -4.31998 3.48888
    endloop
  endfacet
  facet normal -0.126156 0.958207 0.256758
    outer loop
      vertex 10 5.66627 2.62095
      vertex 9.71773 5.70343 2.34358
      vertex 9.73697 5.63164 2.62095
    endloop
  endfacet
  facet normal -0.369873 0.892899 0.25676
    outer loop
      vertex 9.71773 5.70343 2.34358
      vertex 9.49187 5.53011 2.62095
      vertex 9.73697 5.63164 2.62095
    endloop
  endfacet
  facet normal -0.113294 0.860451 0.496778
    outer loop
      vertex 10 5.66627 2.62095
      vertex 9.77413 5.49295 2.86964
      vertex 10 5.52269 2.86964
    endloop
  endfacet
  facet normal -0.110513 0.83933 0.532271
    outer loop
      vertex 10 5.52269 2.86964
      vertex 9.77413 5.49295 2.86964
      vertex 24 6.91936 3.57402
    endloop
  endfacet
  facet normal -0.0641433 0 0.997941
    outer loop
      vertex 23.7912 5.65 4.18631
      vertex 22.8 3.4 4.1226
      vertex 23.7912 -5.65 4.18631
    endloop
  endfacet
  facet normal -0.0641439 2.65057e-07 0.997941
    outer loop
      vertex 23.7912 5.65 4.18631
      vertex 21.6705 3.4 4.05
      vertex 22.8 3.4 4.1226
    endloop
  endfacet
  facet normal -0.0641477 0 0.99794
    outer loop
      vertex 21.6705 3.4 4.05
      vertex 9.85642 4.65 3.29059
      vertex 21.6705 -3.4 4.05
    endloop
  endfacet
  facet normal -0.0641473 3.53472e-06 0.99794
    outer loop
      vertex 9.85642 4.65 3.29059
      vertex 21.6705 3.4 4.05
      vertex 23.7912 5.65 4.18631
    endloop
  endfacet
  facet normal -0.0641433 0 0.997941
    outer loop
      vertex 22.8 -3.4 4.1226
      vertex 23.7912 -5.65 4.18631
      vertex 22.8 3.4 4.1226
    endloop
  endfacet
  facet normal -0.0641439 -2.65057e-07 0.997941
    outer loop
      vertex 21.6705 -3.4 4.05
      vertex 23.7912 -5.65 4.18631
      vertex 22.8 -3.4 4.1226
    endloop
  endfacet
  facet normal -0.0641477 0 0.99794
    outer loop
      vertex 9.85642 -4.65 3.29059
      vertex 21.6705 -3.4 4.05
      vertex 9.85642 4.65 3.29059
    endloop
  endfacet
  facet normal -0.0641473 -3.53472e-06 0.99794
    outer loop
      vertex 21.6705 -3.4 4.05
      vertex 9.85642 -4.65 3.29059
      vertex 23.7912 -5.65 4.18631
    endloop
  endfacet
  facet normal -0.382687 -0.923878 0
    outer loop
      vertex 5.40342 -3.98689 -1.70442
      vertex 5.59472 -4.06613 1.70442
      vertex 5.40342 -3.98689 1.70442
    endloop
  endfacet
  facet normal -0.382687 -0.923878 -0
    outer loop
      vertex 5.59472 -4.06613 1.70442
      vertex 5.40342 -3.98689 -1.70442
      vertex 5.59472 -4.06613 -1.70442
    endloop
  endfacet
  facet normal -0.380714 -0.919114 -0.101418
    outer loop
      vertex 5.59472 -4.06613 -1.70442
      vertex 5.40342 -3.98689 -1.70442
      vertex 9.71773 -5.70343 -2.34358
    endloop
  endfacet
  facet normal -0.0926964 -0.704064 0.704061
    outer loop
      vertex 23.7479 -6.59083 3.86936
      vertex 23.6715 -6.87611 3.57402
      vertex 24 -6.91936 3.57402
    endloop
  endfacet
  facet normal -0.110515 -0.839403 0.532155
    outer loop
      vertex 23.6715 -6.87611 3.57402
      vertex 9.77413 -5.49295 2.86964
      vertex 24 -6.91936 3.57402
    endloop
  endfacet
  facet normal -0.76678 0.58833 -0.256741
    outer loop
      vertex 5.27737 3.82263 -1.90615
      vertex 5.11311 3.69658 -1.70442
      vertex 5.23915 3.86085 -1.70442
    endloop
  endfacet
  facet normal -0.528293 0.688558 -0.496785
    outer loop
      vertex 5.48266 3.84965 -2.08701
      vertex 5.27737 3.82263 -1.90615
      vertex 5.43045 3.94008 -1.90615
    endloop
  endfacet
  facet normal -0.588314 0.766787 -0.256756
    outer loop
      vertex 5.43045 3.94008 -1.90615
      vertex 5.27737 3.82263 -1.90615
      vertex 5.40342 3.98689 -1.70442
    endloop
  endfacet
  facet normal -0.688558 0.528293 -0.496785
    outer loop
      vertex 5.25035 3.61734 -2.08701
      vertex 5.15992 3.66955 -1.90615
      vertex 5.27737 3.82263 -1.90615
    endloop
  endfacet
  facet normal -0.76678 -0.58833 -0.256741
    outer loop
      vertex 5.23915 -3.86085 -1.70442
      vertex 5.11311 -3.69658 -1.70442
      vertex 5.27737 -3.82263 -1.90615
    endloop
  endfacet
  facet normal -0.58833 -0.76678 -0.256741
    outer loop
      vertex 5.40342 -3.98689 -1.70442
      vertex 5.23915 -3.86085 -1.70442
      vertex 5.27737 -3.82263 -1.90615
    endloop
  endfacet
  facet normal -0.688536 -0.528305 -0.496802
    outer loop
      vertex 5.27737 -3.82263 -1.90615
      vertex 5.25035 -3.61734 -2.08701
      vertex 5.35121 -3.74879 -2.08701
    endloop
  endfacet
  facet normal -0.656058 -0.271775 -0.704078
    outer loop
      vertex 5.25035 -3.61734 -2.08701
      vertex 5.18694 -3.46427 -2.08701
      vertex 5.37824 -3.5435 -2.23468
    endloop
  endfacet
  facet normal -0.39064 -0.773311 -0.499391
    outer loop
      vertex 9.49187 -5.53011 -2.62095
      vertex 5.43045 -3.94008 -1.90615
      vertex 9.56365 -5.40577 -2.86964
    endloop
  endfacet
  facet normal -0.391218 -0.883556 -0.257443
    outer loop
      vertex 9.49187 -5.53011 -2.62095
      vertex 5.40342 -3.98689 -1.70442
      vertex 5.43045 -3.94008 -1.90615
    endloop
  endfacet
  facet normal -0.39064 0.773311 -0.499391
    outer loop
      vertex 9.56365 5.40577 -2.86964
      vertex 5.43045 3.94008 -1.90615
      vertex 9.49187 5.53011 -2.62095
    endloop
  endfacet
  facet normal -0.332139 0.801805 -0.496782
    outer loop
      vertex 9.77413 5.49295 -2.86964
      vertex 9.49187 5.53011 -2.62095
      vertex 9.73697 5.63164 -2.62095
    endloop
  endfacet
  facet normal -0.328994 0.428768 -0.841381
    outer loop
      vertex 9.52649 5.1235 -3.07269
      vertex 5.45563 3.64437 -2.23468
      vertex 5.55649 3.72176 -2.23468
    endloop
  endfacet
  facet normal -0.0952435 0.4918 -0.865483
    outer loop
      vertex 9.89105 5.05661 -3.21627
      vertex 9.82668 5.29682 -3.07269
      vertex 23.8415 6.24143 -4.07821
    endloop
  endfacet
  facet normal -0.498921 -0.0657048 -0.864153
    outer loop
      vertex 5.32959 -3.42605 -2.23468
      vertex 5.31299 -3.3 -2.23468
      vertex 5.49385 -3.3 -2.3391
    endloop
  endfacet
  facet normal -0.0805951 -0.246323 -0.965831
    outer loop
      vertex 23.8415 -6.24143 -4.07821
      vertex 9.96284 -4.78869 -3.29059
      vertex 23.9459 -5.85173 -4.18631
    endloop
  endfacet
  facet normal -0.111106 -0.959946 -0.257213
    outer loop
      vertex 24 -7.12821 -3.21229
      vertex 10 -5.74059 -2.34358
      vertex 10 -5.66627 -2.62095
    endloop
  endfacet
  facet normal -0.126146 -0.958211 -0.256748
    outer loop
      vertex 10 -5.74059 -2.34358
      vertex 9.71773 -5.70343 -2.34358
      vertex 10 -5.66627 -2.62095
    endloop
  endfacet
  facet normal -0.656057 0.271751 -0.704089
    outer loop
      vertex 5.32959 3.42605 -2.23468
      vertex 5.18694 3.46427 -2.08701
      vertex 5.37824 3.5435 -2.23468
    endloop
  endfacet
  facet normal -0.704064 -0.0926637 -0.704064
    outer loop
      vertex 5.18694 -3.46427 -2.08701
      vertex 5.16532 -3.3 -2.08701
      vertex 5.31299 -3.3 -2.23468
    endloop
  endfacet
  facet normal -0.563404 0.432258 -0.704081
    outer loop
      vertex 5.37824 3.5435 -2.23468
      vertex 5.25035 3.61734 -2.08701
      vertex 5.45563 3.64437 -2.23468
    endloop
  endfacet
  facet normal -0.240755 0.0997248 -0.965449
    outer loop
      vertex 9.86131 4.68716 -3.29059
      vertex 5.69914 3.32703 -2.39316
      vertex 5.70957 3.35221 -2.39316
    endloop
  endfacet
  facet normal -0.498921 0.0657048 -0.864153
    outer loop
      vertex 5.49385 3.3 -2.3391
      vertex 5.31299 3.3 -2.23468
      vertex 5.32959 3.42605 -2.23468
    endloop
  endfacet
  facet normal -0.860453 -0.113246 -0.496785
    outer loop
      vertex 5.18694 -3.46427 -2.08701
      vertex 5.0609 -3.3 -1.90615
      vertex 5.16532 -3.3 -2.08701
    endloop
  endfacet
  facet normal -0.958214 -0.126132 -0.256744
    outer loop
      vertex 5.08608 -3.49129 -1.90615
      vertex 5.03387 -3.50528 -1.70442
      vertex 5.0609 -3.3 -1.90615
    endloop
  endfacet
  facet normal -0.801816 -0.332133 -0.496768
    outer loop
      vertex 5.15992 -3.66955 -1.90615
      vertex 5.08608 -3.49129 -1.90615
      vertex 5.18694 -3.46427 -2.08701
    endloop
  endfacet
  facet normal -0.958214 -0.126132 0.256744
    outer loop
      vertex 5.0609 -3.3 1.90615
      vertex 5.03387 -3.50528 1.70442
      vertex 5.08608 -3.49129 1.90615
    endloop
  endfacet
  facet normal -0.958199 -0.12617 0.25678
    outer loop
      vertex 5.0609 -3.3 1.90615
      vertex 5.00684 -3.3 1.70442
      vertex 5.03387 -3.50528 1.70442
    endloop
  endfacet
  facet normal -0.27177 -0.656066 0.704073
    outer loop
      vertex 9.66518 -5.22992 3.07269
      vertex 9.56365 -5.40577 2.86964
      vertex 9.82668 -5.29682 3.07269
    endloop
  endfacet
  facet normal -0.076853 -0.185465 0.979641
    outer loop
      vertex 23.9459 -5.85173 4.18631
      vertex 9.92821 -4.77434 3.29059
      vertex 9.96284 -4.78869 3.29059
    endloop
  endfacet
  facet normal -0.241065 -0.0998534 0.965358
    outer loop
      vertex 5.69914 -3.32703 2.39316
      vertex 5.50428 -3.37924 2.3391
      vertex 5.70957 -3.35221 2.39316
    endloop
  endfacet
  facet normal -0.306349 -0.399244 0.864149
    outer loop
      vertex 9.70234 -4.94766 3.21627
      vertex 9.52649 -5.1235 3.07269
      vertex 9.66518 -5.22992 3.07269
    endloop
  endfacet
  facet normal -0.272689 0.209215 0.939079
    outer loop
      vertex 5.58352 3.51648 2.3391
      vertex 5.53487 3.45307 2.3391
      vertex 9.70234 4.94766 3.21627
    endloop
  endfacet
  facet normal -0.219703 0.0289114 0.975138
    outer loop
      vertex 9.86131 4.68716 3.29059
      vertex 5.69558 3.3 2.39316
      vertex 9.85642 4.65 3.29059
    endloop
  endfacet
  facet normal 0.688517 -0.528315 -0.496817
    outer loop
      vertex 29.8493 -5.04927 -2.69749
      vertex 29.7293 -4.92928 -2.99139
      vertex 29.8932 -4.71568 -2.99139
    endloop
  endfacet
  facet normal 0.528316 -0.688519 -0.496813
    outer loop
      vertex 29.8493 -5.04927 -2.69749
      vertex 29.5157 -5.09318 -2.99139
      vertex 29.7293 -4.92928 -2.99139
    endloop
  endfacet
  facet normal 0.80185 -0.332036 -0.496778
    outer loop
      vertex 30.1601 -4.51085 -2.69749
      vertex 29.8932 -4.71568 -2.99139
      vertex 29.9962 -4.46694 -2.99139
    endloop
  endfacet
  facet normal 0.499993 0 -0.86603
    outer loop
      vertex 29.4975 -4.2 -3.40104
      vertex 29.7914 -1.4491 -3.23136
      vertex 29.7914 -4.2 -3.23136
    endloop
  endfacet
  facet normal 0.499793 2.8442e-05 -0.866145
    outer loop
      vertex 29.7914 -1.4491 -3.23136
      vertex 29.4975 -4.2 -3.40104
      vertex 29.7075 -1.35853 -3.27977
    endloop
  endfacet
  facet normal 0.500082 0 -0.865978
    outer loop
      vertex 29.7075 -1.35853 -3.27977
      vertex 29.4975 -4.2 -3.40104
      vertex 29.4975 -0.958749 -3.40104
    endloop
  endfacet
  facet normal 0.499793 -2.8442e-05 -0.866145
    outer loop
      vertex 29.4975 4.2 -3.40104
      vertex 29.7914 1.4491 -3.23136
      vertex 29.7075 1.35853 -3.27977
    endloop
  endfacet
  facet normal 0.500082 0 -0.865978
    outer loop
      vertex 29.4975 4.2 -3.40104
      vertex 29.7075 1.35853 -3.27977
      vertex 29.4975 0.958749 -3.40104
    endloop
  endfacet
  facet normal 0.499993 0 -0.86603
    outer loop
      vertex 29.7914 1.4491 -3.23136
      vertex 29.4975 4.2 -3.40104
      vertex 29.7914 4.2 -3.23136
    endloop
  endfacet
  facet normal 0.498907 -0.06587 -0.864149
    outer loop
      vertex 29.7914 -4.2 -3.23136
      vertex 29.4805 -4.32876 -3.40104
      vertex 29.4975 -4.2 -3.40104
    endloop
  endfacet
  facet normal 0.866132 0 -0.499816
    outer loop
      vertex 30.201 3.84227 -2.69749
      vertex 30.0314 4.2 -2.99139
      vertex 30.201 4.2 -2.69749
    endloop
  endfacet
  facet normal 0.866126 -1.08923e-05 -0.499826
    outer loop
      vertex 30.1815 3.81143 -2.73128
      vertex 30.0314 4.2 -2.99139
      vertex 30.201 3.84227 -2.69749
    endloop
  endfacet
  facet normal 0.866237 0.000161663 -0.499633
    outer loop
      vertex 30.1616 3.75458 -2.7658
      vertex 30.0314 4.2 -2.99139
      vertex 30.1815 3.81143 -2.73128
    endloop
  endfacet
  facet normal 0.866099 -3.37416e-07 -0.499873
    outer loop
      vertex 30.0945 3.56313 -2.88206
      vertex 30.0314 4.2 -2.99139
      vertex 30.1616 3.75458 -2.7658
    endloop
  endfacet
  facet normal 0.865911 -7.46674e-05 -0.500197
    outer loop
      vertex 30.0607 3.34521 -2.94054
      vertex 30.0314 4.2 -2.99139
      vertex 30.0945 3.56313 -2.88206
    endloop
  endfacet
  facet normal 0.865557 -0.000123235 -0.50081
    outer loop
      vertex 30.0506 3.28022 -2.95798
      vertex 30.0314 4.2 -2.99139
      vertex 30.0607 3.34521 -2.94054
    endloop
  endfacet
  facet normal 0.90625 0.00356245 -0.422727
    outer loop
      vertex 30.0504 3.2777 -2.95843
      vertex 30.0314 4.2 -2.99139
      vertex 30.0506 3.28022 -2.95798
    endloop
  endfacet
  facet normal 0.860224 -0.000501554 -0.509916
    outer loop
      vertex 30.0495 3.26927 -2.95994
      vertex 30.0314 4.2 -2.99139
      vertex 30.0504 3.2777 -2.95843
    endloop
  endfacet
  facet normal 0.876495 0.000778116 -0.48141
    outer loop
      vertex 30.0488 3.25348 -2.96124
      vertex 30.0314 4.2 -2.99139
      vertex 30.0495 3.26927 -2.95994
    endloop
  endfacet
  facet normal 0.807464 -0.00394677 -0.589903
    outer loop
      vertex 30.0485 3.2489 -2.96162
      vertex 30.0314 4.2 -2.99139
      vertex 30.0488 3.25348 -2.96124
    endloop
  endfacet
  facet normal 0.883415 0.0012159 -0.468591
    outer loop
      vertex 30.048 3.22679 -2.96262
      vertex 30.0314 4.2 -2.99139
      vertex 30.0485 3.2489 -2.96162
    endloop
  endfacet
  facet normal 0.840145 -0.00170286 -0.542359
    outer loop
      vertex 30.0478 3.22048 -2.96291
      vertex 30.0314 4.2 -2.99139
      vertex 30.048 3.22679 -2.96262
    endloop
  endfacet
  facet normal 0.869987 0.000229699 -0.493075
    outer loop
      vertex 30.0477 3.21284 -2.96309
      vertex 30.0314 4.2 -2.99139
      vertex 30.0478 3.22048 -2.96291
    endloop
  endfacet
  facet normal 0.856555 -0.000650848 -0.516055
    outer loop
      vertex 30.0473 3.18594 -2.96372
      vertex 30.0314 4.2 -2.99139
      vertex 30.0477 3.21284 -2.96309
    endloop
  endfacet
  facet normal 0.876549 0.000610641 -0.481312
    outer loop
      vertex 30.0472 3.15608 -2.96394
      vertex 30.0314 4.2 -2.99139
      vertex 30.0473 3.18594 -2.96372
    endloop
  endfacet
  facet normal 0.910977 0.00294254 -0.412447
    outer loop
      vertex 30.0472 3.14767 -2.964
      vertex 30.0314 4.2 -2.99139
      vertex 30.0472 3.15608 -2.96394
    endloop
  endfacet
  facet normal 0.866212 0 -0.499677
    outer loop
      vertex 30.0472 -3.14767 -2.964
      vertex 30.0314 4.2 -2.99139
      vertex 30.0472 3.14767 -2.964
    endloop
  endfacet
  facet normal -0.0695087 0.00711693 0.997556
    outer loop
      vertex 30.0473 -3.18594 -2.96372
      vertex 30.0472 -3.14767 -2.964
      vertex 30.0472 -3.15608 -2.96394
    endloop
  endfacet
  facet normal 0.0300643 -0.080692 -0.996286
    outer loop
      vertex 30.0495 -3.26927 -2.95994
      vertex 30.0485 -3.2489 -2.96162
      vertex 30.0488 -3.25348 -2.96124
    endloop
  endfacet
  facet normal 0.866132 0 -0.499816
    outer loop
      vertex 30.0314 -4.2 -2.99139
      vertex 30.201 -3.84227 -2.69749
      vertex 30.201 -4.2 -2.69749
    endloop
  endfacet
  facet normal 0.866126 1.08923e-05 -0.499826
    outer loop
      vertex 30.201 -3.84227 -2.69749
      vertex 30.0314 -4.2 -2.99139
      vertex 30.1815 -3.81143 -2.73128
    endloop
  endfacet
  facet normal 0.866237 -0.000161663 -0.499633
    outer loop
      vertex 30.1815 -3.81143 -2.73128
      vertex 30.0314 -4.2 -2.99139
      vertex 30.1616 -3.75458 -2.7658
    endloop
  endfacet
  facet normal 0.866212 0 -0.499677
    outer loop
      vertex 30.0472 -3.14767 -2.964
      vertex 30.0314 -4.2 -2.99139
      vertex 30.0314 4.2 -2.99139
    endloop
  endfacet
  facet normal 0.884068 -0.00110931 -0.467357
    outer loop
      vertex 30.0473 -3.18594 -2.96372
      vertex 30.0314 -4.2 -2.99139
      vertex 30.0472 -3.14767 -2.964
    endloop
  endfacet
  facet normal 0.856555 0.000650848 -0.516055
    outer loop
      vertex 30.0477 -3.21284 -2.96309
      vertex 30.0314 -4.2 -2.99139
      vertex 30.0473 -3.18594 -2.96372
    endloop
  endfacet
  facet normal 0.869987 -0.000229699 -0.493075
    outer loop
      vertex 30.0478 -3.22048 -2.96291
      vertex 30.0314 -4.2 -2.99139
      vertex 30.0477 -3.21284 -2.96309
    endloop
  endfacet
  facet normal 0.840145 0.00170286 -0.542359
    outer loop
      vertex 30.048 -3.22679 -2.96262
      vertex 30.0314 -4.2 -2.99139
      vertex 30.0478 -3.22048 -2.96291
    endloop
  endfacet
  facet normal 0.883415 -0.0012159 -0.468591
    outer loop
      vertex 30.0485 -3.2489 -2.96162
      vertex 30.0314 -4.2 -2.99139
      vertex 30.048 -3.22679 -2.96262
    endloop
  endfacet
  facet normal 0.861455 0.000407227 -0.507833
    outer loop
      vertex 30.0495 -3.26927 -2.95994
      vertex 30.0314 -4.2 -2.99139
      vertex 30.0485 -3.2489 -2.96162
    endloop
  endfacet
  facet normal 0.860224 0.000501554 -0.509916
    outer loop
      vertex 30.0504 -3.2777 -2.95843
      vertex 30.0314 -4.2 -2.99139
      vertex 30.0495 -3.26927 -2.95994
    endloop
  endfacet
  facet normal 0.90625 -0.00356245 -0.422727
    outer loop
      vertex 30.0506 -3.28022 -2.95798
      vertex 30.0314 -4.2 -2.99139
      vertex 30.0504 -3.2777 -2.95843
    endloop
  endfacet
  facet normal 0.865557 0.000123235 -0.50081
    outer loop
      vertex 30.0607 -3.34521 -2.94054
      vertex 30.0314 -4.2 -2.99139
      vertex 30.0506 -3.28022 -2.95798
    endloop
  endfacet
  facet normal 0.865911 7.46674e-05 -0.500197
    outer loop
      vertex 30.0945 -3.56313 -2.88206
      vertex 30.0314 -4.2 -2.99139
      vertex 30.0607 -3.34521 -2.94054
    endloop
  endfacet
  facet normal 0.866099 3.37416e-07 -0.499873
    outer loop
      vertex 30.1616 -3.75458 -2.7658
      vertex 30.0314 -4.2 -2.99139
      vertex 30.0945 -3.56313 -2.88206
    endloop
  endfacet
  facet normal 0.192595 -0.464912 -0.864155
    outer loop
      vertex 24.487 -6.49352 -3.86936
      vertex 24.2521 -6.59083 -3.86936
      vertex 24.3061 -6.18026 -4.07821
    endloop
  endfacet
  facet normal 0.271791 -0.656086 -0.704046
    outer loop
      vertex 24.3285 -6.87611 -3.57402
      vertex 24.2521 -6.59083 -3.86936
      vertex 24.487 -6.49352 -3.86936
    endloop
  endfacet
  facet normal 0.331085 -0.799436 -0.501283
    outer loop
      vertex 29.2669 -5.19622 -2.99139
      vertex 24.6347 -6.7493 -3.57402
      vertex 29.5157 -5.09318 -2.99139
    endloop
  endfacet
  facet normal 0.331087 -0.799455 -0.501252
    outer loop
      vertex 29.2669 -5.19622 -2.99139
      vertex 24.3285 -6.87611 -3.57402
      vertex 24.6347 -6.7493 -3.57402
    endloop
  endfacet
  facet normal 0.0656651 -0.498942 -0.864144
    outer loop
      vertex 24.2521 -6.59083 -3.86936
      vertex 24 -6.26229 -4.07821
      vertex 24.1585 -6.24143 -4.07821
    endloop
  endfacet
  facet normal 0.0340419 -0.25866 -0.965368
    outer loop
      vertex 24.1585 -6.24143 -4.07821
      vertex 24 -6.26229 -4.07821
      vertex 24 -5.85884 -4.18631
    endloop
  endfacet
  facet normal 0.18829 0.177697 0.965904
    outer loop
      vertex 24.433 6.08296 4.07821
      vertex 24.1477 5.79767 4.18631
      vertex 29.12 4.31998 3.48888
    endloop
  endfacet
  facet normal -0.0706692 -0.0921958 0.99323
    outer loop
      vertex 23.8523 -5.79767 4.18631
      vertex 9.89847 -4.75152 3.29059
      vertex 23.8956 -5.83086 4.18631
    endloop
  endfacet
  facet normal 0.0339963 0.258678 0.965365
    outer loop
      vertex 24.1585 6.24143 4.07821
      vertex 24 5.85884 4.18631
      vertex 24.0541 5.85173 4.18631
    endloop
  endfacet
  facet normal 0.192595 0.464912 0.864155
    outer loop
      vertex 24.487 6.49352 3.86936
      vertex 24.2521 6.59083 3.86936
      vertex 24.3061 6.18026 4.07821
    endloop
  endfacet
  facet normal -0.0339963 0.258678 0.965365
    outer loop
      vertex 24 5.85884 4.18631
      vertex 23.8415 6.24143 4.07821
      vertex 23.9459 5.85173 4.18631
    endloop
  endfacet
  facet normal -0.0805951 0.246323 0.965831
    outer loop
      vertex 23.8415 6.24143 4.07821
      vertex 9.96284 4.78869 3.29059
      vertex 23.9459 5.85173 4.18631
    endloop
  endfacet
  facet normal 0.958178 0.126072 0.256906
    outer loop
      vertex 30.245 4.53359 2.36968
      vertex 30.1601 4.51085 2.69749
      vertex 30.201 4.2 2.69749
    endloop
  endfacet
  facet normal 0.95817 0.126094 0.256927
    outer loop
      vertex 30.245 4.53359 2.36968
      vertex 30.201 4.2 2.69749
      vertex 30.2889 4.2 2.36968
    endloop
  endfacet
  facet normal 0.766798 0.58832 0.256712
    outer loop
      vertex 29.9114 5.11137 2.36968
      vertex 29.8493 5.04927 2.69749
      vertex 30.1162 4.84444 2.36968
    endloop
  endfacet
  facet normal 0.588259 0.766839 0.256728
    outer loop
      vertex 29.6444 5.3162 2.36968
      vertex 29.6005 5.24013 2.69749
      vertex 29.8493 5.04927 2.69749
    endloop
  endfacet
  facet normal 0.766798 0.58832 -0.256712
    outer loop
      vertex 30.1162 4.84444 -2.36968
      vertex 29.8493 5.04927 -2.69749
      vertex 29.9114 5.11137 -2.36968
    endloop
  endfacet
  facet normal 0.588277 0.766831 -0.25671
    outer loop
      vertex 29.8493 5.04927 -2.69749
      vertex 29.6444 5.3162 -2.36968
      vertex 29.9114 5.11137 -2.36968
    endloop
  endfacet
  facet normal 0.608675 0.79342 -0
    outer loop
      vertex 29.9114 5.11137 -2.36968
      vertex 29.6444 5.3162 2.36968
      vertex 29.9114 5.11137 2.36968
    endloop
  endfacet
  facet normal 0.608675 0.79342 0
    outer loop
      vertex 29.6444 5.3162 2.36968
      vertex 29.9114 5.11137 -2.36968
      vertex 29.6444 5.3162 -2.36968
    endloop
  endfacet
  facet normal 0.528258 0.688623 0.496732
    outer loop
      vertex 29.6005 5.24013 2.69749
      vertex 29.5157 5.09318 2.99139
      vertex 29.8493 5.04927 2.69749
    endloop
  endfacet
  facet normal 0.27171 0.65608 0.704083
    outer loop
      vertex 24.6347 6.7493 3.57402
      vertex 24.3285 6.87611 3.57402
      vertex 24.487 6.49352 3.86936
    endloop
  endfacet
  facet normal 0.563364 0.432379 0.704038
    outer loop
      vertex 29.8932 4.71568 2.99139
      vertex 29.5596 4.7596 3.23136
      vertex 29.6854 4.59569 3.23136
    endloop
  endfacet
  facet normal 0.399141 0.306338 0.864201
    outer loop
      vertex 29.5596 4.7596 3.23136
      vertex 29.4308 4.44874 3.40104
      vertex 29.6854 4.59569 3.23136
    endloop
  endfacet
  facet normal 0.158743 0.207035 0.965369
    outer loop
      vertex 24.3061 6.18026 4.07821
      vertex 24.1044 5.83086 4.18631
      vertex 24.433 6.08296 4.07821
    endloop
  endfacet
  facet normal 0.157648 0.0650998 0.985347
    outer loop
      vertex 29.1469 4.28484 3.48888
      vertex 24.1809 5.75442 4.18631
      vertex 24.2017 5.70405 4.18631
    endloop
  endfacet
  facet normal 0.306311 0.399208 0.86418
    outer loop
      vertex 29.3957 4.88536 3.23136
      vertex 29.2487 4.63084 3.40104
      vertex 29.5596 4.7596 3.23136
    endloop
  endfacet
  facet normal 0.253707 0.430828 0.866037
    outer loop
      vertex 29.3957 4.88536 3.23136
      vertex 24.487 6.49352 3.86936
      vertex 29.2487 4.63084 3.40104
    endloop
  endfacet
  facet normal 0.207145 0.158572 0.965373
    outer loop
      vertex 29.4308 4.44874 3.40104
      vertex 29.12 4.31998 3.48888
      vertex 29.1469 4.28484 3.48888
    endloop
  endfacet
  facet normal 0.464893 0.192575 0.86417
    outer loop
      vertex 29.7644 4.40483 3.23136
      vertex 29.4308 4.44874 3.40104
      vertex 29.4805 4.32876 3.40104
    endloop
  endfacet
  facet normal 0.241075 0.0998621 0.965355
    outer loop
      vertex 29.4308 4.44874 3.40104
      vertex 29.1639 4.24392 3.48888
      vertex 29.4805 4.32876 3.40104
    endloop
  endfacet
  facet normal 0.126136 0.958213 -0.256743
    outer loop
      vertex 24.4106 7.18226 -2.80884
      vertex 24 7.12821 -3.21229
      vertex 24 7.23631 -2.80884
    endloop
  endfacet
  facet normal -0.111106 0.959948 -0.257207
    outer loop
      vertex 24 7.12821 -3.21229
      vertex 10 5.74059 -2.34358
      vertex 24 7.23631 -2.80884
    endloop
  endfacet
  facet normal 0.0926964 0.704064 -0.704061
    outer loop
      vertex 24.2521 6.59083 -3.86936
      vertex 24 6.91936 -3.57402
      vertex 24.3285 6.87611 -3.57402
    endloop
  endfacet
  facet normal 0.271791 0.656086 -0.704046
    outer loop
      vertex 24.487 6.49352 -3.86936
      vertex 24.2521 6.59083 -3.86936
      vertex 24.3285 6.87611 -3.57402
    endloop
  endfacet
  facet normal 0.801852 -0.332179 -0.49668
    outer loop
      vertex 30.0401 -4.80052 -2.69749
      vertex 29.8932 -4.71568 -2.99139
      vertex 30.1601 -4.51085 -2.69749
    endloop
  endfacet
  facet normal 0.958178 -0.126072 -0.256906
    outer loop
      vertex 30.245 -4.53359 -2.36968
      vertex 30.1601 -4.51085 -2.69749
      vertex 30.201 -4.2 -2.69749
    endloop
  endfacet
  facet normal 0.688517 0.528315 -0.496817
    outer loop
      vertex 29.8932 4.71568 -2.99139
      vertex 29.7293 4.92928 -2.99139
      vertex 29.8493 5.04927 -2.69749
    endloop
  endfacet
  facet normal 0.113279 0.860443 -0.496795
    outer loop
      vertex 24.3285 6.87611 -3.57402
      vertex 24 7.12821 -3.21229
      vertex 24.3826 7.07784 -3.21229
    endloop
  endfacet
  facet normal 0.12615 0.958208 -0.256756
    outer loop
      vertex 24.3826 7.07784 -3.21229
      vertex 24 7.12821 -3.21229
      vertex 24.4106 7.18226 -2.80884
    endloop
  endfacet
  facet normal 0.332188 0.801746 -0.496844
    outer loop
      vertex 29.6005 5.24013 -2.69749
      vertex 29.2669 5.19622 -2.99139
      vertex 29.3109 5.36012 -2.69749
    endloop
  endfacet
  facet normal 0.332085 0.801851 -0.496743
    outer loop
      vertex 29.5157 5.09318 -2.99139
      vertex 29.2669 5.19622 -2.99139
      vertex 29.6005 5.24013 -2.69749
    endloop
  endfacet
  facet normal 0.331087 0.799455 -0.501252
    outer loop
      vertex 24.6347 6.7493 -3.57402
      vertex 24.3285 6.87611 -3.57402
      vertex 29.2669 5.19622 -2.99139
    endloop
  endfacet
  facet normal 0.331085 0.799436 -0.501283
    outer loop
      vertex 29.5157 5.09318 -2.99139
      vertex 24.6347 6.7493 -3.57402
      vertex 29.2669 5.19622 -2.99139
    endloop
  endfacet
  facet normal -0.105539 -0.701452 0.70486
    outer loop
      vertex 23.7479 -6.59083 3.86936
      vertex 9.77413 -5.49295 2.86964
      vertex 23.6715 -6.87611 3.57402
    endloop
  endfacet
  facet normal -0.0952435 -0.4918 0.865483
    outer loop
      vertex 9.89105 -5.05661 3.21627
      vertex 9.82668 -5.29682 3.07269
      vertex 23.8415 -6.24143 4.07821
    endloop
  endfacet
  facet normal 0.0926927 -0.704063 0.704063
    outer loop
      vertex 24 -6.62402 3.86936
      vertex 24 -6.91936 3.57402
      vertex 24.2521 -6.59083 3.86936
    endloop
  endfacet
  facet normal 0.0656861 -0.498929 0.86415
    outer loop
      vertex 24 -6.26229 4.07821
      vertex 24 -6.62402 3.86936
      vertex 24.2521 -6.59083 3.86936
    endloop
  endfacet
  facet normal -0.0805951 -0.246323 0.965831
    outer loop
      vertex 23.9459 -5.85173 4.18631
      vertex 9.96284 -4.78869 3.29059
      vertex 23.8415 -6.24143 4.07821
    endloop
  endfacet
  facet normal 0.253717 -0.430858 0.866019
    outer loop
      vertex 29.2487 -4.63084 3.40104
      vertex 24.3061 -6.18026 4.07821
      vertex 24.487 -6.49352 3.86936
    endloop
  endfacet
  facet normal 0.253707 -0.430828 0.866037
    outer loop
      vertex 29.2487 -4.63084 3.40104
      vertex 24.487 -6.49352 3.86936
      vertex 29.3957 -4.88536 3.23136
    endloop
  endfacet
  facet normal -0.240871 0.100116 0.96538
    outer loop
      vertex 9.63544 4.86048 3.21627
      vertex 5.53487 3.45307 2.3391
      vertex 9.87566 4.72179 3.29059
    endloop
  endfacet
  facet normal -0.0339963 -0.258678 0.965365
    outer loop
      vertex 23.9459 -5.85173 4.18631
      vertex 23.8415 -6.24143 4.07821
      vertex 24 -5.85884 4.18631
    endloop
  endfacet
  facet normal 0.498876 -0.0657601 0.864175
    outer loop
      vertex 29.7914 -4.2 3.23136
      vertex 29.4805 -4.32876 3.40104
      vertex 29.7644 -4.40483 3.23136
    endloop
  endfacet
  facet normal -0.0678619 0.0520928 0.996334
    outer loop
      vertex 23.8523 5.79767 4.18631
      vertex 9.89847 4.75152 3.29059
      vertex 23.8191 5.75442 4.18631
    endloop
  endfacet
  facet normal 0.306232 0.399349 -0.864143
    outer loop
      vertex 29.3518 4.55178 -3.40104
      vertex 29.2487 4.63084 -3.40104
      vertex 29.5596 4.7596 -3.23136
    endloop
  endfacet
  facet normal 0.18829 0.177697 -0.965904
    outer loop
      vertex 29.12 4.31998 -3.48888
      vertex 24.1477 5.79767 -4.18631
      vertex 24.433 6.08296 -4.07821
    endloop
  endfacet
  facet normal 0.464893 0.192575 -0.86417
    outer loop
      vertex 29.4805 4.32876 -3.40104
      vertex 29.4308 4.44874 -3.40104
      vertex 29.7644 4.40483 -3.23136
    endloop
  endfacet
  facet normal 0.498876 0.0657601 -0.864175
    outer loop
      vertex 29.7914 4.2 -3.23136
      vertex 29.4805 4.32876 -3.40104
      vertex 29.7644 4.40483 -3.23136
    endloop
  endfacet
  facet normal 0.0999768 -0.24096 -0.965372
    outer loop
      vertex 24.3061 -6.18026 -4.07821
      vertex 24.0541 -5.85173 -4.18631
      vertex 24.1044 -5.83086 -4.18631
    endloop
  endfacet
  facet normal -0.0661035 0.027392 -0.997437
    outer loop
      vertex 23.8191 5.75442 -4.18631
      vertex 9.86131 4.68716 -3.29059
      vertex 9.87566 4.72179 -3.29059
    endloop
  endfacet
  facet normal -0.219711 0.0289371 -0.975136
    outer loop
      vertex 9.86131 4.68716 -3.29059
      vertex 5.69558 3.3 -2.39316
      vertex 5.69914 3.32703 -2.39316
    endloop
  endfacet
  facet normal -0.0340419 0.25866 -0.965368
    outer loop
      vertex 24 5.85884 -4.18631
      vertex 23.8415 6.24143 -4.07821
      vertex 24 6.26229 -4.07821
    endloop
  endfacet
  facet normal 0.216572 0.282426 -0.934522
    outer loop
      vertex 29.3518 4.55178 -3.40104
      vertex 24.433 6.08296 -4.07821
      vertex 29.2487 4.63084 -3.40104
    endloop
  endfacet
  facet normal 0.656097 0.271681 -0.704078
    outer loop
      vertex 29.9962 4.46694 -2.99139
      vertex 29.7644 4.40483 -3.23136
      vertex 29.8932 4.71568 -2.99139
    endloop
  endfacet
  facet normal 0.656185 -0.271605 -0.704026
    outer loop
      vertex 29.8932 -4.71568 -2.99139
      vertex 29.6854 -4.59569 -3.23136
      vertex 29.7644 -4.40483 -3.23136
    endloop
  endfacet
  facet normal 0.464891 -0.192426 -0.864204
    outer loop
      vertex 29.6854 -4.59569 -3.23136
      vertex 29.4308 -4.44874 -3.40104
      vertex 29.7644 -4.40483 -3.23136
    endloop
  endfacet
  facet normal 0.18829 -0.177697 -0.965904
    outer loop
      vertex 24.433 -6.08296 -4.07821
      vertex 24.1477 -5.79767 -4.18631
      vertex 29.12 -4.31998 -3.48888
    endloop
  endfacet
  facet normal 0.241075 -0.0998621 -0.965355
    outer loop
      vertex 29.4308 -4.44874 -3.40104
      vertex 29.1639 -4.24392 -3.48888
      vertex 29.4805 -4.32876 -3.40104
    endloop
  endfacet
  facet normal 0.24091 0.100085 -0.965373
    outer loop
      vertex 29.1639 4.24392 -3.48888
      vertex 29.1469 4.28484 -3.48888
      vertex 29.4308 4.44874 -3.40104
    endloop
  endfacet
  facet normal 0.216572 -0.282426 -0.934522
    outer loop
      vertex 29.2487 -4.63084 -3.40104
      vertex 24.433 -6.08296 -4.07821
      vertex 29.3518 -4.55178 -3.40104
    endloop
  endfacet
  facet normal 0.216584 -0.282471 -0.934506
    outer loop
      vertex 29.2487 -4.63084 -3.40104
      vertex 24.3061 -6.18026 -4.07821
      vertex 24.433 -6.08296 -4.07821
    endloop
  endfacet
  facet normal 0.766798 -0.58832 0.256712
    outer loop
      vertex 30.1162 -4.84444 2.36968
      vertex 29.8493 -5.04927 2.69749
      vertex 29.9114 -5.11137 2.36968
    endloop
  endfacet
  facet normal 0.588277 -0.766831 0.25671
    outer loop
      vertex 29.8493 -5.04927 2.69749
      vertex 29.6444 -5.3162 2.36968
      vertex 29.9114 -5.11137 2.36968
    endloop
  endfacet
  facet normal 0.892856 -0.369879 -0.2569
    outer loop
      vertex 30.245 -4.53359 -2.36968
      vertex 30.0401 -4.80052 -2.69749
      vertex 30.1601 -4.51085 -2.69749
    endloop
  endfacet
  facet normal 0.801852 -0.332179 0.49668
    outer loop
      vertex 30.1601 -4.51085 2.69749
      vertex 29.8932 -4.71568 2.99139
      vertex 30.0401 -4.80052 2.69749
    endloop
  endfacet
  facet normal 0.70403 -0.0928029 0.70408
    outer loop
      vertex 29.7914 -4.2 3.23136
      vertex 29.7644 -4.40483 3.23136
      vertex 29.9962 -4.46694 2.99139
    endloop
  endfacet
  facet normal 0.656097 -0.271681 0.704078
    outer loop
      vertex 29.9962 -4.46694 2.99139
      vertex 29.7644 -4.40483 3.23136
      vertex 29.8932 -4.71568 2.99139
    endloop
  endfacet
  facet normal 0.860537 0.113475 0.496588
    outer loop
      vertex 30.201 4.2 2.69749
      vertex 29.9962 4.46694 2.99139
      vertex 30.0314 4.2 2.99139
    endloop
  endfacet
  facet normal 0.704009 0.0928341 0.704097
    outer loop
      vertex 29.9962 4.46694 2.99139
      vertex 29.7914 4.2 3.23136
      vertex 30.0314 4.2 2.99139
    endloop
  endfacet
  facet normal -0.656058 0.271775 0.704078
    outer loop
      vertex 5.25035 3.61734 2.08701
      vertex 5.18694 3.46427 2.08701
      vertex 5.37824 3.5435 2.23468
    endloop
  endfacet
  facet normal -0.240767 0.0997693 0.965441
    outer loop
      vertex 9.87566 4.72179 3.29059
      vertex 5.70957 3.35221 2.39316
      vertex 9.86131 4.68716 3.29059
    endloop
  endfacet
  facet normal -0.704064 0.0926637 0.704064
    outer loop
      vertex 5.18694 3.46427 2.08701
      vertex 5.16532 3.3 2.08701
      vertex 5.31299 3.3 2.23468
    endloop
  endfacet
  facet normal -0.464919 0.192578 0.864155
    outer loop
      vertex 5.37824 3.5435 2.23468
      vertex 5.32959 3.42605 2.23468
      vertex 5.53487 3.45307 2.3391
    endloop
  endfacet
  facet normal -0.707107 0 0.707107
    outer loop
      vertex 5.16532 -3.3 2.08701
      vertex 5.31299 3.3 2.23468
      vertex 5.16532 3.3 2.08701
    endloop
  endfacet
  facet normal -0.707107 0 0.707107
    outer loop
      vertex 5.31299 3.3 2.23468
      vertex 5.16532 -3.3 2.08701
      vertex 5.31299 -3.3 2.23468
    endloop
  endfacet
  facet normal -0.258698 -0.034072 0.965357
    outer loop
      vertex 5.69558 -3.3 2.39316
      vertex 5.49385 -3.3 2.3391
      vertex 5.69914 -3.32703 2.39316
    endloop
  endfacet
  facet normal -0.656057 -0.271751 0.704089
    outer loop
      vertex 5.32959 -3.42605 2.23468
      vertex 5.18694 -3.46427 2.08701
      vertex 5.37824 -3.5435 2.23468
    endloop
  endfacet
  facet normal -0.704029 -0.0927163 0.704093
    outer loop
      vertex 5.31299 -3.3 2.23468
      vertex 5.18694 -3.46427 2.08701
      vertex 5.32959 -3.42605 2.23468
    endloop
  endfacet
  facet normal -0.0998497 0.241031 0.965367
    outer loop
      vertex 9.89105 5.05661 3.21627
      vertex 9.78952 5.01455 3.21627
      vertex 9.92821 4.77434 3.29059
    endloop
  endfacet
  facet normal -0.158813 0.206987 0.965368
    outer loop
      vertex 9.78952 5.01455 3.21627
      vertex 9.70234 4.94766 3.21627
      vertex 9.92821 4.77434 3.29059
    endloop
  endfacet
  facet normal -0.219711 -0.0289371 0.975136
    outer loop
      vertex 9.86131 -4.68716 3.29059
      vertex 5.69558 -3.3 2.39316
      vertex 5.69914 -3.32703 2.39316
    endloop
  endfacet
  facet normal -0.0661035 -0.027392 0.997437
    outer loop
      vertex 23.8191 -5.75442 4.18631
      vertex 9.86131 -4.68716 3.29059
      vertex 9.87566 -4.72179 3.29059
    endloop
  endfacet
  facet normal -0.766787 -0.588314 0.256756
    outer loop
      vertex 5.15992 -3.66955 1.90615
      vertex 5.11311 -3.69658 1.70442
      vertex 5.27737 -3.82263 1.90615
    endloop
  endfacet
  facet normal -0.76678 -0.58833 0.256741
    outer loop
      vertex 5.27737 -3.82263 1.90615
      vertex 5.11311 -3.69658 1.70442
      vertex 5.23915 -3.86085 1.70442
    endloop
  endfacet
  facet normal -0.892906 0.369865 -0.256744
    outer loop
      vertex 5.08608 3.49129 -1.90615
      vertex 5.03387 3.50528 -1.70442
      vertex 5.15992 3.66955 -1.90615
    endloop
  endfacet
  facet normal -0.704064 0.0926637 -0.704064
    outer loop
      vertex 5.31299 3.3 -2.23468
      vertex 5.16532 3.3 -2.08701
      vertex 5.18694 3.46427 -2.08701
    endloop
  endfacet
  facet normal -0.892907 0.369859 -0.256751
    outer loop
      vertex 5.15992 3.66955 -1.90615
      vertex 5.03387 3.50528 -1.70442
      vertex 5.11311 3.69658 -1.70442
    endloop
  endfacet
  facet normal -0.923878 0.382687 0
    outer loop
      vertex 5.03387 3.50528 -1.70442
      vertex 5.11311 3.69658 1.70442
      vertex 5.11311 3.69658 -1.70442
    endloop
  endfacet
  facet normal -0.923878 0.382687 0
    outer loop
      vertex 5.11311 3.69658 1.70442
      vertex 5.03387 3.50528 -1.70442
      vertex 5.03387 3.50528 1.70442
    endloop
  endfacet
  facet normal -0.110513 0.83933 -0.532271
    outer loop
      vertex 24 6.91936 -3.57402
      vertex 9.77413 5.49295 -2.86964
      vertex 10 5.52269 -2.86964
    endloop
  endfacet
  facet normal -0.113294 0.860451 -0.496778
    outer loop
      vertex 10 5.52269 -2.86964
      vertex 9.77413 5.49295 -2.86964
      vertex 10 5.66627 -2.62095
    endloop
  endfacet
  facet normal -0.105539 0.701452 -0.70486
    outer loop
      vertex 23.7479 6.59083 -3.86936
      vertex 9.77413 5.49295 -2.86964
      vertex 23.6715 6.87611 -3.57402
    endloop
  endfacet
  facet normal -0.110515 0.839403 -0.532155
    outer loop
      vertex 23.6715 6.87611 -3.57402
      vertex 9.77413 5.49295 -2.86964
      vertex 24 6.91936 -3.57402
    endloop
  endfacet
  facet normal -0.366262 0.604944 -0.707032
    outer loop
      vertex 5.55649 3.72176 -2.23468
      vertex 5.48266 3.84965 -2.08701
      vertex 9.56365 5.40577 -2.86964
    endloop
  endfacet
  facet normal -0.27177 0.656066 -0.704073
    outer loop
      vertex 9.66518 5.22992 -3.07269
      vertex 9.56365 5.40577 -2.86964
      vertex 9.82668 5.29682 -3.07269
    endloop
  endfacet
  facet normal 0.144666 0.0191043 -0.989296
    outer loop
      vertex 29.1697 4.2 -3.48888
      vertex 24.2017 5.70405 -4.18631
      vertex 29.1639 4.24392 -3.48888
    endloop
  endfacet
  facet normal -0.0952435 -0.4918 -0.865483
    outer loop
      vertex 23.8415 -6.24143 -4.07821
      vertex 9.82668 -5.29682 -3.07269
      vertex 9.89105 -5.05661 -3.21627
    endloop
  endfacet
  facet normal -0.206983 -0.158806 -0.96537
    outer loop
      vertex 9.89847 -4.75152 -3.29059
      vertex 9.63544 -4.86048 -3.21627
      vertex 9.87566 -4.72179 -3.29059
    endloop
  endfacet
  facet normal -0.0952438 -0.491814 -0.865475
    outer loop
      vertex 23.7479 -6.59083 -3.86936
      vertex 9.82668 -5.29682 -3.07269
      vertex 23.8415 -6.24143 -4.07821
    endloop
  endfacet
  facet normal -0.0641471 0 -0.99794
    outer loop
      vertex 9.85642 -4.65 -3.29059
      vertex 23.7912 5.65 -4.18631
      vertex 23.7912 -5.65 -4.18631
    endloop
  endfacet
  facet normal -0.0641471 0 -0.99794
    outer loop
      vertex 23.7912 5.65 -4.18631
      vertex 9.85642 -4.65 -3.29059
      vertex 9.85642 4.65 -3.29059
    endloop
  endfacet
  facet normal 0.144635 0.0189992 -0.989303
    outer loop
      vertex 24.2088 5.65 -4.18631
      vertex 24.2017 5.70405 -4.18631
      vertex 29.1697 4.2 -3.48888
    endloop
  endfacet
  facet normal -0.110865 -0.860689 -0.496915
    outer loop
      vertex 24 -6.91936 -3.57402
      vertex 10 -5.66627 -2.62095
      vertex 10 -5.52269 -2.86964
    endloop
  endfacet
  facet normal -0.113294 -0.860451 -0.496778
    outer loop
      vertex 10 -5.66627 -2.62095
      vertex 9.77413 -5.49295 -2.86964
      vertex 10 -5.52269 -2.86964
    endloop
  endfacet
  facet normal -0.32899 0.428751 -0.841391
    outer loop
      vertex 9.52649 5.1235 -3.07269
      vertex 5.55649 3.72176 -2.23468
      vertex 9.66518 5.22992 -3.07269
    endloop
  endfacet
  facet normal -0.563398 0.432288 -0.704067
    outer loop
      vertex 5.45563 3.64437 -2.23468
      vertex 5.25035 3.61734 -2.08701
      vertex 5.35121 3.74879 -2.08701
    endloop
  endfacet
  facet normal -0.860458 0.113264 -0.496772
    outer loop
      vertex 5.18694 3.46427 -2.08701
      vertex 5.0609 3.3 -1.90615
      vertex 5.08608 3.49129 -1.90615
    endloop
  endfacet
  facet normal -0.860453 0.113246 -0.496785
    outer loop
      vertex 5.16532 3.3 -2.08701
      vertex 5.0609 3.3 -1.90615
      vertex 5.18694 3.46427 -2.08701
    endloop
  endfacet
  facet normal -0.892906 -0.369865 -0.256744
    outer loop
      vertex 5.15992 -3.66955 -1.90615
      vertex 5.03387 -3.50528 -1.70442
      vertex 5.08608 -3.49129 -1.90615
    endloop
  endfacet
  facet normal -0.892907 -0.369859 -0.256751
    outer loop
      vertex 5.11311 -3.69658 -1.70442
      vertex 5.03387 -3.50528 -1.70442
      vertex 5.15992 -3.66955 -1.90615
    endloop
  endfacet
  facet normal -0.0952438 -0.491814 0.865475
    outer loop
      vertex 23.8415 -6.24143 4.07821
      vertex 9.82668 -5.29682 3.07269
      vertex 23.7479 -6.59083 3.86936
    endloop
  endfacet
  facet normal -0.36626 -0.604937 0.70704
    outer loop
      vertex 9.66518 -5.22992 3.07269
      vertex 5.55649 -3.72176 2.23468
      vertex 9.56365 -5.40577 2.86964
    endloop
  endfacet
  facet normal -0.192588 -0.464916 0.864155
    outer loop
      vertex 9.78952 -5.01455 3.21627
      vertex 9.66518 -5.22992 3.07269
      vertex 9.82668 -5.29682 3.07269
    endloop
  endfacet
  facet normal -0.080595 -0.246322 0.965831
    outer loop
      vertex 9.96284 -4.78869 3.29059
      vertex 9.89105 -5.05661 3.21627
      vertex 23.8415 -6.24143 4.07821
    endloop
  endfacet
  facet normal -0.306329 -0.399249 0.864154
    outer loop
      vertex 9.70234 -4.94766 3.21627
      vertex 9.66518 -5.22992 3.07269
      vertex 9.78952 -5.01455 3.21627
    endloop
  endfacet
  facet normal -0.399252 -0.306318 0.864157
    outer loop
      vertex 5.53487 -3.45307 2.3391
      vertex 5.45563 -3.64437 2.23468
      vertex 5.58352 -3.51648 2.3391
    endloop
  endfacet
  facet normal -0.258849 0 0.965918
    outer loop
      vertex 5.49385 3.3 2.3391
      vertex 5.69558 -3.3 2.39316
      vertex 5.69558 3.3 2.39316
    endloop
  endfacet
  facet normal -0.258849 0 0.965918
    outer loop
      vertex 5.69558 -3.3 2.39316
      vertex 5.49385 3.3 2.3391
      vertex 5.49385 -3.3 2.3391
    endloop
  endfacet
  facet normal -0.563404 -0.432258 0.704081
    outer loop
      vertex 5.37824 -3.5435 2.23468
      vertex 5.25035 -3.61734 2.08701
      vertex 5.45563 -3.64437 2.23468
    endloop
  endfacet
  facet normal -0.399253 -0.306317 0.864157
    outer loop
      vertex 5.53487 -3.45307 2.3391
      vertex 5.37824 -3.5435 2.23468
      vertex 5.45563 -3.64437 2.23468
    endloop
  endfacet
  facet normal 0.0999768 0.24096 0.965372
    outer loop
      vertex 24.3061 6.18026 4.07821
      vertex 24.0541 5.85173 4.18631
      vertex 24.1044 5.83086 4.18631
    endloop
  endfacet
  facet normal 0.56338 -0.432294 -0.704077
    outer loop
      vertex 29.7293 -4.92928 -2.99139
      vertex 29.5596 -4.7596 -3.23136
      vertex 29.8932 -4.71568 -2.99139
    endloop
  endfacet
  facet normal 0.432298 -0.563385 -0.704071
    outer loop
      vertex 29.7293 -4.92928 -2.99139
      vertex 29.5157 -5.09318 -2.99139
      vertex 29.5596 -4.7596 -3.23136
    endloop
  endfacet
  facet normal 0.704009 -0.0928341 -0.704097
    outer loop
      vertex 29.9962 -4.46694 -2.99139
      vertex 29.7914 -4.2 -3.23136
      vertex 30.0314 -4.2 -2.99139
    endloop
  endfacet
  facet normal 0.860537 -0.113475 -0.496588
    outer loop
      vertex 30.201 -4.2 -2.69749
      vertex 29.9962 -4.46694 -2.99139
      vertex 30.0314 -4.2 -2.99139
    endloop
  endfacet
  facet normal 0.271791 0.656086 0.704046
    outer loop
      vertex 24.3285 6.87611 3.57402
      vertex 24.2521 6.59083 3.86936
      vertex 24.487 6.49352 3.86936
    endloop
  endfacet
  facet normal 0.0926964 0.704064 0.704061
    outer loop
      vertex 24.3285 6.87611 3.57402
      vertex 24 6.91936 3.57402
      vertex 24.2521 6.59083 3.86936
    endloop
  endfacet
  facet normal -0.0647527 0.0085059 0.997865
    outer loop
      vertex 23.7983 5.70405 4.18631
      vertex 9.86131 4.68716 3.29059
      vertex 23.7912 5.65 4.18631
    endloop
  endfacet
  facet normal 0.177005 0.135499 0.974838
    outer loop
      vertex 29.12 4.31998 3.48888
      vertex 24.1809 5.75442 4.18631
      vertex 29.1469 4.28484 3.48888
    endloop
  endfacet
  facet normal 0.331444 0.802026 0.496889
    outer loop
      vertex 29.3109 5.36012 2.69749
      vertex 24.3826 7.07784 3.21229
      vertex 29.2669 5.19622 2.99139
    endloop
  endfacet
  facet normal 0.688517 0.528315 0.496817
    outer loop
      vertex 29.8493 5.04927 2.69749
      vertex 29.7293 4.92928 2.99139
      vertex 29.8932 4.71568 2.99139
    endloop
  endfacet
  facet normal 0.331449 0.802044 0.496856
    outer loop
      vertex 24.3826 7.07784 3.21229
      vertex 24.3285 6.87611 3.57402
      vertex 29.2669 5.19622 2.99139
    endloop
  endfacet
  facet normal 0.301701 0.640852 0.705893
    outer loop
      vertex 24.6347 6.7493 3.57402
      vertex 24.487 6.49352 3.86936
      vertex 29.5157 5.09318 2.99139
    endloop
  endfacet
  facet normal 0.656097 0.271681 0.704078
    outer loop
      vertex 29.8932 4.71568 2.99139
      vertex 29.7644 4.40483 3.23136
      vertex 29.9962 4.46694 2.99139
    endloop
  endfacet
  facet normal 0.70403 0.0928029 0.70408
    outer loop
      vertex 29.9962 4.46694 2.99139
      vertex 29.7644 4.40483 3.23136
      vertex 29.7914 4.2 3.23136
    endloop
  endfacet
  facet normal 0.0998884 0.241025 0.965365
    outer loop
      vertex 24.1585 6.24143 4.07821
      vertex 24.0541 5.85173 4.18631
      vertex 24.3061 6.18026 4.07821
    endloop
  endfacet
  facet normal 0.192674 0.464913 0.864137
    outer loop
      vertex 24.2521 6.59083 3.86936
      vertex 24.1585 6.24143 4.07821
      vertex 24.3061 6.18026 4.07821
    endloop
  endfacet
  facet normal 0.306232 0.399349 0.864143
    outer loop
      vertex 29.5596 4.7596 3.23136
      vertex 29.2487 4.63084 3.40104
      vertex 29.3518 4.55178 3.40104
    endloop
  endfacet
  facet normal 0.216572 0.282426 0.934522
    outer loop
      vertex 29.2487 4.63084 3.40104
      vertex 24.433 6.08296 4.07821
      vertex 29.3518 4.55178 3.40104
    endloop
  endfacet
  facet normal 0.157769 0.0655442 0.985298
    outer loop
      vertex 29.1469 4.28484 3.48888
      vertex 24.2017 5.70405 4.18631
      vertex 29.1639 4.24392 3.48888
    endloop
  endfacet
  facet normal 0.192595 0.464912 -0.864155
    outer loop
      vertex 24.3061 6.18026 -4.07821
      vertex 24.2521 6.59083 -3.86936
      vertex 24.487 6.49352 -3.86936
    endloop
  endfacet
  facet normal 0.0656651 0.498942 -0.864144
    outer loop
      vertex 24.1585 6.24143 -4.07821
      vertex 24 6.26229 -4.07821
      vertex 24.2521 6.59083 -3.86936
    endloop
  endfacet
  facet normal 0.991452 -0.130474 0
    outer loop
      vertex 30.245 -4.53359 2.36968
      vertex 30.2889 -4.2 2.10647
      vertex 30.2889 -4.2 2.36968
    endloop
  endfacet
  facet normal 0.99144 -0.130566 -0.000119554
    outer loop
      vertex 30.2889 -4.2 2.10647
      vertex 30.245 -4.53359 2.36968
      vertex 30.2864 -4.21892 2.0372
    endloop
  endfacet
  facet normal 0.991411 -0.130779 -0.000324616
    outer loop
      vertex 30.2864 -4.21892 2.0372
      vertex 30.245 -4.53359 2.36968
      vertex 30.284 -4.23695 1.97117
    endloop
  endfacet
  facet normal 0.994092 -0.107115 0.0175525
    outer loop
      vertex 30.284 -4.23695 1.97117
      vertex 30.245 -4.53359 2.36968
      vertex 30.284 -4.23734 1.96879
    endloop
  endfacet
  facet normal 0.991461 -0.130407 0
    outer loop
      vertex 30.2838 -4.2386 1.96107
      vertex 30.245 -4.53359 2.36968
      vertex 30.2838 -4.2386 -1.96107
    endloop
  endfacet
  facet normal 0.9908 -0.135289 -0.00358753
    outer loop
      vertex 30.284 -4.23734 1.96879
      vertex 30.245 -4.53359 2.36968
      vertex 30.2838 -4.2386 1.96107
    endloop
  endfacet
  facet normal 0.99144 -0.130566 0.000119554
    outer loop
      vertex 30.245 -4.53359 -2.36968
      vertex 30.2889 -4.2 -2.10647
      vertex 30.2864 -4.21892 -2.0372
    endloop
  endfacet
  facet normal 0.991411 -0.130779 0.000324616
    outer loop
      vertex 30.245 -4.53359 -2.36968
      vertex 30.2864 -4.21892 -2.0372
      vertex 30.284 -4.23695 -1.97117
    endloop
  endfacet
  facet normal 0.994092 -0.107115 -0.0175525
    outer loop
      vertex 30.245 -4.53359 -2.36968
      vertex 30.284 -4.23695 -1.97117
      vertex 30.284 -4.23734 -1.96879
    endloop
  endfacet
  facet normal 0.9908 -0.135289 0.00358753
    outer loop
      vertex 30.245 -4.53359 -2.36968
      vertex 30.284 -4.23734 -1.96879
      vertex 30.2838 -4.2386 -1.96107
    endloop
  endfacet
  facet normal 0.991452 -0.130474 0
    outer loop
      vertex 30.2889 -4.2 -2.10647
      vertex 30.245 -4.53359 -2.36968
      vertex 30.2889 -4.2 -2.36968
    endloop
  endfacet
  facet normal 0.991461 -0.130407 0
    outer loop
      vertex 30.245 -4.53359 -2.36968
      vertex 30.2838 -4.2386 -1.96107
      vertex 30.245 -4.53359 2.36968
    endloop
  endfacet
  facet normal 0.766798 -0.58832 -0.256712
    outer loop
      vertex 29.9114 -5.11137 -2.36968
      vertex 29.8493 -5.04927 -2.69749
      vertex 30.1162 -4.84444 -2.36968
    endloop
  endfacet
  facet normal 0.588277 -0.766831 -0.25671
    outer loop
      vertex 29.9114 -5.11137 -2.36968
      vertex 29.6444 -5.3162 -2.36968
      vertex 29.8493 -5.04927 -2.69749
    endloop
  endfacet
  facet normal 0.892856 0.369879 -0.2569
    outer loop
      vertex 30.1601 4.51085 -2.69749
      vertex 30.0401 4.80052 -2.69749
      vertex 30.245 4.53359 -2.36968
    endloop
  endfacet
  facet normal 0.688666 0.528231 -0.4967
    outer loop
      vertex 29.8932 4.71568 -2.99139
      vertex 29.8493 5.04927 -2.69749
      vertex 30.0401 4.80052 -2.69749
    endloop
  endfacet
  facet normal -0.110513 -0.83933 0.532271
    outer loop
      vertex 24 -6.91936 3.57402
      vertex 9.77413 -5.49295 2.86964
      vertex 10 -5.52269 2.86964
    endloop
  endfacet
  facet normal -0.113294 -0.860451 0.496778
    outer loop
      vertex 10 -5.52269 2.86964
      vertex 9.77413 -5.49295 2.86964
      vertex 10 -5.66627 2.62095
    endloop
  endfacet
  facet normal -0.0340419 -0.25866 0.965368
    outer loop
      vertex 24 -5.85884 4.18631
      vertex 23.8415 -6.24143 4.07821
      vertex 24 -6.26229 4.07821
    endloop
  endfacet
  facet normal 0.157648 -0.0650998 0.985347
    outer loop
      vertex 24.2017 -5.70405 4.18631
      vertex 24.1809 -5.75442 4.18631
      vertex 29.1469 -4.28484 3.48888
    endloop
  endfacet
  facet normal 0.464891 -0.192426 0.864204
    outer loop
      vertex 29.7644 -4.40483 3.23136
      vertex 29.4308 -4.44874 3.40104
      vertex 29.6854 -4.59569 3.23136
    endloop
  endfacet
  facet normal 0.253707 0.430828 -0.866037
    outer loop
      vertex 29.2487 4.63084 -3.40104
      vertex 24.487 6.49352 -3.86936
      vertex 29.3957 4.88536 -3.23136
    endloop
  endfacet
  facet normal 0.301703 0.640868 -0.705878
    outer loop
      vertex 29.3957 4.88536 -3.23136
      vertex 24.487 6.49352 -3.86936
      vertex 29.5157 5.09318 -2.99139
    endloop
  endfacet
  facet normal -0.0706692 0.0921958 -0.99323
    outer loop
      vertex 23.8523 5.79767 -4.18631
      vertex 9.89847 4.75152 -3.29059
      vertex 23.8956 5.83086 -4.18631
    endloop
  endfacet
  facet normal -0.0660962 -0.027294 -0.99744
    outer loop
      vertex 23.8191 -5.75442 -4.18631
      vertex 9.86131 -4.68716 -3.29059
      vertex 23.7983 -5.70405 -4.18631
    endloop
  endfacet
  facet normal 0.157648 -0.0650998 -0.985347
    outer loop
      vertex 29.1469 -4.28484 -3.48888
      vertex 24.1809 -5.75442 -4.18631
      vertex 24.2017 -5.70405 -4.18631
    endloop
  endfacet
  facet normal 0.158718 0.207066 -0.965366
    outer loop
      vertex 24.1477 5.79767 -4.18631
      vertex 24.1044 5.83086 -4.18631
      vertex 24.433 6.08296 -4.07821
    endloop
  endfacet
  facet normal 0.158743 0.207035 -0.965369
    outer loop
      vertex 24.433 6.08296 -4.07821
      vertex 24.1044 5.83086 -4.18631
      vertex 24.3061 6.18026 -4.07821
    endloop
  endfacet
  facet normal -0.0706692 -0.0921958 -0.99323
    outer loop
      vertex 23.8956 -5.83086 -4.18631
      vertex 9.89847 -4.75152 -3.29059
      vertex 23.8523 -5.79767 -4.18631
    endloop
  endfacet
  facet normal 0.498907 0.06587 -0.864149
    outer loop
      vertex 29.4975 4.2 -3.40104
      vertex 29.4805 4.32876 -3.40104
      vertex 29.7914 4.2 -3.23136
    endloop
  endfacet
  facet normal 0.258685 0.0341538 -0.965358
    outer loop
      vertex 29.4975 4.2 -3.40104
      vertex 29.1697 4.2 -3.48888
      vertex 29.4805 4.32876 -3.40104
    endloop
  endfacet
  facet normal 0.801852 0.332179 -0.49668
    outer loop
      vertex 30.1601 4.51085 -2.69749
      vertex 29.8932 4.71568 -2.99139
      vertex 30.0401 4.80052 -2.69749
    endloop
  endfacet
  facet normal 0.80185 0.332036 -0.496778
    outer loop
      vertex 29.9962 4.46694 -2.99139
      vertex 29.8932 4.71568 -2.99139
      vertex 30.1601 4.51085 -2.69749
    endloop
  endfacet
  facet normal 0.157769 -0.0655442 -0.985298
    outer loop
      vertex 29.1469 -4.28484 -3.48888
      vertex 24.2017 -5.70405 -4.18631
      vertex 29.1639 -4.24392 -3.48888
    endloop
  endfacet
  facet normal 0.24091 -0.100085 -0.965373
    outer loop
      vertex 29.4308 -4.44874 -3.40104
      vertex 29.1469 -4.28484 -3.48888
      vertex 29.1639 -4.24392 -3.48888
    endloop
  endfacet
  facet normal 0.0998884 -0.241025 -0.965365
    outer loop
      vertex 24.1585 -6.24143 -4.07821
      vertex 24.0541 -5.85173 -4.18631
      vertex 24.3061 -6.18026 -4.07821
    endloop
  endfacet
  facet normal 0.0339963 -0.258678 -0.965365
    outer loop
      vertex 24.1585 -6.24143 -4.07821
      vertex 24 -5.85884 -4.18631
      vertex 24.0541 -5.85173 -4.18631
    endloop
  endfacet
  facet normal -0.46492 0.19263 0.864143
    outer loop
      vertex 5.53487 3.45307 2.3391
      vertex 5.32959 3.42605 2.23468
      vertex 5.50428 3.37924 2.3391
    endloop
  endfacet
  facet normal -0.49894 0.0656732 0.864145
    outer loop
      vertex 5.50428 3.37924 2.3391
      vertex 5.32959 3.42605 2.23468
      vertex 5.49385 3.3 2.3391
    endloop
  endfacet
  facet normal -0.399253 0.306317 0.864157
    outer loop
      vertex 5.45563 3.64437 2.23468
      vertex 5.37824 3.5435 2.23468
      vertex 5.53487 3.45307 2.3391
    endloop
  endfacet
  facet normal -0.563404 0.432258 0.704081
    outer loop
      vertex 5.45563 3.64437 2.23468
      vertex 5.25035 3.61734 2.08701
      vertex 5.37824 3.5435 2.23468
    endloop
  endfacet
  facet normal -0.0660962 0.027294 0.99744
    outer loop
      vertex 23.8191 5.75442 4.18631
      vertex 9.86131 4.68716 3.29059
      vertex 23.7983 5.70405 4.18631
    endloop
  endfacet
  facet normal -0.46492 -0.19263 0.864143
    outer loop
      vertex 5.50428 -3.37924 2.3391
      vertex 5.32959 -3.42605 2.23468
      vertex 5.53487 -3.45307 2.3391
    endloop
  endfacet
  facet normal -0.240755 -0.0997248 0.965449
    outer loop
      vertex 9.86131 -4.68716 3.29059
      vertex 5.69914 -3.32703 2.39316
      vertex 5.70957 -3.35221 2.39316
    endloop
  endfacet
  facet normal -0.801816 0.332133 -0.496768
    outer loop
      vertex 5.18694 3.46427 -2.08701
      vertex 5.08608 3.49129 -1.90615
      vertex 5.15992 3.66955 -1.90615
    endloop
  endfacet
  facet normal -0.8018 0.332149 -0.496784
    outer loop
      vertex 5.18694 3.46427 -2.08701
      vertex 5.15992 3.66955 -1.90615
      vertex 5.25035 3.61734 -2.08701
    endloop
  endfacet
  facet normal -0.192597 0.464916 -0.864152
    outer loop
      vertex 9.89105 5.05661 -3.21627
      vertex 9.78952 5.01455 -3.21627
      vertex 9.82668 5.29682 -3.07269
    endloop
  endfacet
  facet normal -0.36626 0.604937 -0.70704
    outer loop
      vertex 9.66518 5.22992 -3.07269
      vertex 5.55649 3.72176 -2.23468
      vertex 9.56365 5.40577 -2.86964
    endloop
  endfacet
  facet normal -0.0998767 0.241027 -0.965366
    outer loop
      vertex 9.92821 4.77434 -3.29059
      vertex 9.89105 5.05661 -3.21627
      vertex 9.96284 4.78869 -3.29059
    endloop
  endfacet
  facet normal -0.272704 0.209267 -0.939063
    outer loop
      vertex 9.63544 4.86048 -3.21627
      vertex 5.53487 3.45307 -2.3391
      vertex 9.70234 4.94766 -3.21627
    endloop
  endfacet
  facet normal -0.0998497 0.241031 -0.965367
    outer loop
      vertex 9.92821 4.77434 -3.29059
      vertex 9.78952 5.01455 -3.21627
      vertex 9.89105 5.05661 -3.21627
    endloop
  endfacet
  facet normal -0.080595 0.246322 -0.965831
    outer loop
      vertex 9.96284 4.78869 -3.29059
      vertex 9.89105 5.05661 -3.21627
      vertex 23.8415 6.24143 -4.07821
    endloop
  endfacet
  facet normal -0.0647527 -0.0085059 -0.997865
    outer loop
      vertex 23.7983 -5.70405 -4.18631
      vertex 9.86131 -4.68716 -3.29059
      vertex 23.7912 -5.65 -4.18631
    endloop
  endfacet
  facet normal 0.177005 -0.135499 -0.974838
    outer loop
      vertex 29.12 -4.31998 -3.48888
      vertex 24.1809 -5.75442 -4.18631
      vertex 29.1469 -4.28484 -3.48888
    endloop
  endfacet
  facet normal -0.27175 -0.656089 -0.704059
    outer loop
      vertex 9.77413 -5.49295 -2.86964
      vertex 9.56365 -5.40577 -2.86964
      vertex 9.82668 -5.29682 -3.07269
    endloop
  endfacet
  facet normal -0.192588 -0.464916 -0.864155
    outer loop
      vertex 9.82668 -5.29682 -3.07269
      vertex 9.66518 -5.22992 -3.07269
      vertex 9.78952 -5.01455 -3.21627
    endloop
  endfacet
  facet normal -0.32899 -0.428751 -0.841391
    outer loop
      vertex 9.66518 -5.22992 -3.07269
      vertex 5.55649 -3.72176 -2.23468
      vertex 9.52649 -5.1235 -3.07269
    endloop
  endfacet
  facet normal -0.258698 -0.034072 -0.965357
    outer loop
      vertex 5.69914 -3.32703 -2.39316
      vertex 5.49385 -3.3 -2.3391
      vertex 5.69558 -3.3 -2.39316
    endloop
  endfacet
  facet normal 0.207145 0.158572 -0.965373
    outer loop
      vertex 29.1469 4.28484 -3.48888
      vertex 29.12 4.31998 -3.48888
      vertex 29.4308 4.44874 -3.40104
    endloop
  endfacet
  facet normal -0.272689 0.209215 -0.939079
    outer loop
      vertex 9.70234 4.94766 -3.21627
      vertex 5.53487 3.45307 -2.3391
      vertex 5.58352 3.51648 -2.3391
    endloop
  endfacet
  facet normal -0.656057 -0.271751 -0.704089
    outer loop
      vertex 5.37824 -3.5435 -2.23468
      vertex 5.18694 -3.46427 -2.08701
      vertex 5.32959 -3.42605 -2.23468
    endloop
  endfacet
  facet normal -0.991442 -0.130547 0
    outer loop
      vertex 5.03387 -3.50528 -1.70442
      vertex 5.00684 -3.3 1.70442
      vertex 5.00684 -3.3 -1.70442
    endloop
  endfacet
  facet normal -0.991442 -0.130547 0
    outer loop
      vertex 5.00684 -3.3 1.70442
      vertex 5.03387 -3.50528 -1.70442
      vertex 5.03387 -3.50528 1.70442
    endloop
  endfacet
  facet normal -0.958199 -0.12617 -0.25678
    outer loop
      vertex 5.03387 -3.50528 -1.70442
      vertex 5.00684 -3.3 -1.70442
      vertex 5.0609 -3.3 -1.90615
    endloop
  endfacet
  facet normal -0.39064 -0.773295 0.499416
    outer loop
      vertex 5.48266 -3.84965 2.08701
      vertex 5.43045 -3.94008 1.90615
      vertex 9.56365 -5.40577 2.86964
    endloop
  endfacet
  facet normal -0.366262 -0.604944 0.707032
    outer loop
      vertex 5.55649 -3.72176 2.23468
      vertex 5.48266 -3.84965 2.08701
      vertex 9.56365 -5.40577 2.86964
    endloop
  endfacet
  facet normal -0.369863 -0.8929 0.256769
    outer loop
      vertex 9.49187 -5.53011 2.62095
      vertex 9.45471 -5.59448 2.34358
      vertex 9.71773 -5.70343 2.34358
    endloop
  endfacet
  facet normal -0.369873 -0.892899 0.25676
    outer loop
      vertex 9.73697 -5.63164 2.62095
      vertex 9.49187 -5.53011 2.62095
      vertex 9.71773 -5.70343 2.34358
    endloop
  endfacet
  facet normal -0.076835 -0.185184 0.979695
    outer loop
      vertex 23.8956 -5.83086 4.18631
      vertex 9.92821 -4.77434 3.29059
      vertex 23.9459 -5.85173 4.18631
    endloop
  endfacet
  facet normal -0.272704 -0.209267 0.939063
    outer loop
      vertex 9.63544 -4.86048 3.21627
      vertex 5.53487 -3.45307 2.3391
      vertex 9.70234 -4.94766 3.21627
    endloop
  endfacet
  facet normal -0.318839 -0.387427 0.86501
    outer loop
      vertex 5.58352 -3.51648 2.3391
      vertex 5.45563 -3.64437 2.23468
      vertex 9.70234 -4.94766 3.21627
    endloop
  endfacet
  facet normal -0.328994 -0.428768 0.841381
    outer loop
      vertex 9.52649 -5.1235 3.07269
      vertex 5.45563 -3.64437 2.23468
      vertex 5.55649 -3.72176 2.23468
    endloop
  endfacet
  facet normal 0.0998884 -0.241025 0.965365
    outer loop
      vertex 24.3061 -6.18026 4.07821
      vertex 24.0541 -5.85173 4.18631
      vertex 24.1585 -6.24143 4.07821
    endloop
  endfacet
  facet normal -0.06786 0.0520648 0.996335
    outer loop
      vertex 9.89847 4.75152 3.29059
      vertex 9.87566 4.72179 3.29059
      vertex 23.8191 5.75442 4.18631
    endloop
  endfacet
  facet normal -0.206983 0.158806 0.96537
    outer loop
      vertex 9.89847 4.75152 3.29059
      vertex 9.63544 4.86048 3.21627
      vertex 9.87566 4.72179 3.29059
    endloop
  endfacet
  facet normal 0.0999768 -0.24096 0.965372
    outer loop
      vertex 24.1044 -5.83086 4.18631
      vertex 24.0541 -5.85173 4.18631
      vertex 24.3061 -6.18026 4.07821
    endloop
  endfacet
  facet normal 0.0339963 -0.258678 0.965365
    outer loop
      vertex 24.0541 -5.85173 4.18631
      vertex 24 -5.85884 4.18631
      vertex 24.1585 -6.24143 4.07821
    endloop
  endfacet
  facet normal 0.0656651 0.498942 0.864144
    outer loop
      vertex 24.2521 6.59083 3.86936
      vertex 24 6.26229 4.07821
      vertex 24.1585 6.24143 4.07821
    endloop
  endfacet
  facet normal 0.0340419 0.25866 0.965368
    outer loop
      vertex 24 6.26229 4.07821
      vertex 24 5.85884 4.18631
      vertex 24.1585 6.24143 4.07821
    endloop
  endfacet
  facet normal 0.331085 0.799436 0.501283
    outer loop
      vertex 29.2669 5.19622 2.99139
      vertex 24.6347 6.7493 3.57402
      vertex 29.5157 5.09318 2.99139
    endloop
  endfacet
  facet normal 0.332085 0.801851 0.496743
    outer loop
      vertex 29.6005 5.24013 2.69749
      vertex 29.2669 5.19622 2.99139
      vertex 29.5157 5.09318 2.99139
    endloop
  endfacet
  facet normal 0.464891 0.192426 0.864204
    outer loop
      vertex 29.6854 4.59569 3.23136
      vertex 29.4308 4.44874 3.40104
      vertex 29.7644 4.40483 3.23136
    endloop
  endfacet
  facet normal 0.656185 0.271605 0.704026
    outer loop
      vertex 29.8932 4.71568 2.99139
      vertex 29.6854 4.59569 3.23136
      vertex 29.7644 4.40483 3.23136
    endloop
  endfacet
  facet normal 0.860465 0.113215 0.496773
    outer loop
      vertex 30.1601 4.51085 2.69749
      vertex 29.9962 4.46694 2.99139
      vertex 30.201 4.2 2.69749
    endloop
  endfacet
  facet normal 0.80185 0.332036 0.496778
    outer loop
      vertex 30.1601 4.51085 2.69749
      vertex 29.8932 4.71568 2.99139
      vertex 29.9962 4.46694 2.99139
    endloop
  endfacet
  facet normal 0.0339963 0.258678 -0.965365
    outer loop
      vertex 24.0541 5.85173 -4.18631
      vertex 24 5.85884 -4.18631
      vertex 24.1585 6.24143 -4.07821
    endloop
  endfacet
  facet normal 0.0340419 0.25866 -0.965368
    outer loop
      vertex 24.1585 6.24143 -4.07821
      vertex 24 5.85884 -4.18631
      vertex 24 6.26229 -4.07821
    endloop
  endfacet
  facet normal 0.793386 -0.608719 0
    outer loop
      vertex 29.9114 -5.11137 2.36968
      vertex 30.1162 -4.84444 -2.36968
      vertex 30.1162 -4.84444 2.36968
    endloop
  endfacet
  facet normal 0.793386 -0.608719 0
    outer loop
      vertex 30.1162 -4.84444 -2.36968
      vertex 29.9114 -5.11137 2.36968
      vertex 29.9114 -5.11137 -2.36968
    endloop
  endfacet
  facet normal 0.76685 -0.588201 -0.256829
    outer loop
      vertex 30.1162 -4.84444 -2.36968
      vertex 29.8493 -5.04927 -2.69749
      vertex 30.0401 -4.80052 -2.69749
    endloop
  endfacet
  facet normal 0.688666 -0.528231 -0.4967
    outer loop
      vertex 30.0401 -4.80052 -2.69749
      vertex 29.8493 -5.04927 -2.69749
      vertex 29.8932 -4.71568 -2.99139
    endloop
  endfacet
  facet normal -0.332115 -0.80183 0.496758
    outer loop
      vertex 9.56365 -5.40577 2.86964
      vertex 9.49187 -5.53011 2.62095
      vertex 9.77413 -5.49295 2.86964
    endloop
  endfacet
  facet normal -0.332139 -0.801805 0.496782
    outer loop
      vertex 9.77413 -5.49295 2.86964
      vertex 9.49187 -5.53011 2.62095
      vertex 9.73697 -5.63164 2.62095
    endloop
  endfacet
  facet normal 0 0 1
    outer loop
      vertex 23.7912 5.65 4.18631
      vertex 24.2088 5.65 4.18631
      vertex 24.2017 5.70405 4.18631
    endloop
  endfacet
  facet normal 0 0 1
    outer loop
      vertex 24.2088 5.65 4.18631
      vertex 23.7912 5.65 4.18631
      vertex 24.2088 -5.65 4.18631
    endloop
  endfacet
  facet normal 0 0 1
    outer loop
      vertex 23.7912 5.65 4.18631
      vertex 24.2017 5.70405 4.18631
      vertex 24.1809 5.75442 4.18631
    endloop
  endfacet
  facet normal 0 0 1
    outer loop
      vertex 23.7912 -5.65 4.18631
      vertex 24.2088 -5.65 4.18631
      vertex 23.7912 5.65 4.18631
    endloop
  endfacet
  facet normal 0 0 1
    outer loop
      vertex 23.7912 5.65 4.18631
      vertex 24.1809 5.75442 4.18631
      vertex 24.1477 5.79767 4.18631
    endloop
  endfacet
  facet normal 0 0 1
    outer loop
      vertex 24.2088 -5.65 4.18631
      vertex 23.7912 -5.65 4.18631
      vertex 24.2017 -5.70405 4.18631
    endloop
  endfacet
  facet normal 0 0 1
    outer loop
      vertex 23.7912 5.65 4.18631
      vertex 24.1477 5.79767 4.18631
      vertex 24.1044 5.83086 4.18631
    endloop
  endfacet
  facet normal 0 0 1
    outer loop
      vertex 24.2017 -5.70405 4.18631
      vertex 23.7912 -5.65 4.18631
      vertex 24.1809 -5.75442 4.18631
    endloop
  endfacet
  facet normal 0 0 1
    outer loop
      vertex 23.7912 5.65 4.18631
      vertex 24.1044 5.83086 4.18631
      vertex 24.0541 5.85173 4.18631
    endloop
  endfacet
  facet normal 0 0 1
    outer loop
      vertex 24.1809 -5.75442 4.18631
      vertex 23.7912 -5.65 4.18631
      vertex 24.1477 -5.79767 4.18631
    endloop
  endfacet
  facet normal 0 0 1
    outer loop
      vertex 23.7912 5.65 4.18631
      vertex 24.0541 5.85173 4.18631
      vertex 24 5.85884 4.18631
    endloop
  endfacet
  facet normal 0 0 1
    outer loop
      vertex 24.1477 -5.79767 4.18631
      vertex 23.7912 -5.65 4.18631
      vertex 24.1044 -5.83086 4.18631
    endloop
  endfacet
  facet normal 0 0 1
    outer loop
      vertex 23.7912 5.65 4.18631
      vertex 24 5.85884 4.18631
      vertex 23.9459 5.85173 4.18631
    endloop
  endfacet
  facet normal 0 0 1
    outer loop
      vertex 24.1044 -5.83086 4.18631
      vertex 23.7912 -5.65 4.18631
      vertex 24.0541 -5.85173 4.18631
    endloop
  endfacet
  facet normal 0 0 1
    outer loop
      vertex 23.7912 5.65 4.18631
      vertex 23.9459 5.85173 4.18631
      vertex 23.8956 5.83086 4.18631
    endloop
  endfacet
  facet normal 0 0 1
    outer loop
      vertex 24.0541 -5.85173 4.18631
      vertex 23.7912 -5.65 4.18631
      vertex 24 -5.85884 4.18631
    endloop
  endfacet
  facet normal 0 0 1
    outer loop
      vertex 23.7912 5.65 4.18631
      vertex 23.8956 5.83086 4.18631
      vertex 23.8523 5.79767 4.18631
    endloop
  endfacet
  facet normal 0 0 1
    outer loop
      vertex 24 -5.85884 4.18631
      vertex 23.7912 -5.65 4.18631
      vertex 23.9459 -5.85173 4.18631
    endloop
  endfacet
  facet normal 0 0 1
    outer loop
      vertex 23.7912 5.65 4.18631
      vertex 23.8523 5.79767 4.18631
      vertex 23.8191 5.75442 4.18631
    endloop
  endfacet
  facet normal 0 0 1
    outer loop
      vertex 23.9459 -5.85173 4.18631
      vertex 23.7912 -5.65 4.18631
      vertex 23.8956 -5.83086 4.18631
    endloop
  endfacet
  facet normal 0 0 1
    outer loop
      vertex 23.7912 5.65 4.18631
      vertex 23.8191 5.75442 4.18631
      vertex 23.7983 5.70405 4.18631
    endloop
  endfacet
  facet normal 0 0 1
    outer loop
      vertex 23.8956 -5.83086 4.18631
      vertex 23.7912 -5.65 4.18631
      vertex 23.8523 -5.79767 4.18631
    endloop
  endfacet
  facet normal 0 0 1
    outer loop
      vertex 23.8523 -5.79767 4.18631
      vertex 23.7912 -5.65 4.18631
      vertex 23.8191 -5.75442 4.18631
    endloop
  endfacet
  facet normal 0 0 1
    outer loop
      vertex 23.8191 -5.75442 4.18631
      vertex 23.7912 -5.65 4.18631
      vertex 23.7983 -5.70405 4.18631
    endloop
  endfacet
  facet normal 0.207145 -0.158572 0.965373
    outer loop
      vertex 29.1469 -4.28484 3.48888
      vertex 29.12 -4.31998 3.48888
      vertex 29.4308 -4.44874 3.40104
    endloop
  endfacet
  facet normal 0.207065 -0.158755 0.96536
    outer loop
      vertex 29.4308 -4.44874 3.40104
      vertex 29.12 -4.31998 3.48888
      vertex 29.3518 -4.55178 3.40104
    endloop
  endfacet
  facet normal 0.306311 0.399208 -0.86418
    outer loop
      vertex 29.5596 4.7596 -3.23136
      vertex 29.2487 4.63084 -3.40104
      vertex 29.3957 4.88536 -3.23136
    endloop
  endfacet
  facet normal 0.432285 0.563387 -0.704077
    outer loop
      vertex 29.5596 4.7596 -3.23136
      vertex 29.3957 4.88536 -3.23136
      vertex 29.5157 5.09318 -2.99139
    endloop
  endfacet
  facet normal 0.241075 0.0998621 -0.965355
    outer loop
      vertex 29.4805 4.32876 -3.40104
      vertex 29.1639 4.24392 -3.48888
      vertex 29.4308 4.44874 -3.40104
    endloop
  endfacet
  facet normal 0.157769 0.0655442 -0.985298
    outer loop
      vertex 29.1639 4.24392 -3.48888
      vertex 24.2017 5.70405 -4.18631
      vertex 29.1469 4.28484 -3.48888
    endloop
  endfacet
  facet normal 0.144666 -0.0191043 -0.989296
    outer loop
      vertex 29.1639 -4.24392 -3.48888
      vertex 24.2017 -5.70405 -4.18631
      vertex 29.1697 -4.2 -3.48888
    endloop
  endfacet
  facet normal 0.258682 -0.0341611 -0.965358
    outer loop
      vertex 29.4805 -4.32876 -3.40104
      vertex 29.1639 -4.24392 -3.48888
      vertex 29.1697 -4.2 -3.48888
    endloop
  endfacet
  facet normal 0.207145 -0.158572 -0.965373
    outer loop
      vertex 29.4308 -4.44874 -3.40104
      vertex 29.12 -4.31998 -3.48888
      vertex 29.1469 -4.28484 -3.48888
    endloop
  endfacet
  facet normal 0.207065 -0.158755 -0.96536
    outer loop
      vertex 29.3518 -4.55178 -3.40104
      vertex 29.12 -4.31998 -3.48888
      vertex 29.4308 -4.44874 -3.40104
    endloop
  endfacet
  facet normal 0 0 -1
    outer loop
      vertex 23.7912 -5.65 -4.18631
      vertex 24.2088 -5.65 -4.18631
      vertex 24.2017 -5.70405 -4.18631
    endloop
  endfacet
  facet normal 0 0 -1
    outer loop
      vertex 24.2088 -5.65 -4.18631
      vertex 23.7912 -5.65 -4.18631
      vertex 24.2088 5.65 -4.18631
    endloop
  endfacet
  facet normal 0 0 -1
    outer loop
      vertex 23.7912 -5.65 -4.18631
      vertex 24.2017 -5.70405 -4.18631
      vertex 24.1809 -5.75442 -4.18631
    endloop
  endfacet
  facet normal 0 0 -1
    outer loop
      vertex 23.7912 5.65 -4.18631
      vertex 24.2088 5.65 -4.18631
      vertex 23.7912 -5.65 -4.18631
    endloop
  endfacet
  facet normal 0 0 -1
    outer loop
      vertex 23.7912 -5.65 -4.18631
      vertex 24.1809 -5.75442 -4.18631
      vertex 24.1477 -5.79767 -4.18631
    endloop
  endfacet
  facet normal 0 0 -1
    outer loop
      vertex 24.2088 5.65 -4.18631
      vertex 23.7912 5.65 -4.18631
      vertex 24.2017 5.70405 -4.18631
    endloop
  endfacet
  facet normal 0 0 -1
    outer loop
      vertex 23.7912 -5.65 -4.18631
      vertex 24.1477 -5.79767 -4.18631
      vertex 24.1044 -5.83086 -4.18631
    endloop
  endfacet
  facet normal -0 0 -1
    outer loop
      vertex 24.2017 5.70405 -4.18631
      vertex 23.7912 5.65 -4.18631
      vertex 24.1809 5.75442 -4.18631
    endloop
  endfacet
  facet normal 0 0 -1
    outer loop
      vertex 23.7912 -5.65 -4.18631
      vertex 24.1044 -5.83086 -4.18631
      vertex 24.0541 -5.85173 -4.18631
    endloop
  endfacet
  facet normal -0 0 -1
    outer loop
      vertex 24.1809 5.75442 -4.18631
      vertex 23.7912 5.65 -4.18631
      vertex 24.1477 5.79767 -4.18631
    endloop
  endfacet
  facet normal 0 0 -1
    outer loop
      vertex 23.7912 -5.65 -4.18631
      vertex 24.0541 -5.85173 -4.18631
      vertex 24 -5.85884 -4.18631
    endloop
  endfacet
  facet normal -0 0 -1
    outer loop
      vertex 24.1477 5.79767 -4.18631
      vertex 23.7912 5.65 -4.18631
      vertex 24.1044 5.83086 -4.18631
    endloop
  endfacet
  facet normal 0 0 -1
    outer loop
      vertex 23.7912 -5.65 -4.18631
      vertex 24 -5.85884 -4.18631
      vertex 23.9459 -5.85173 -4.18631
    endloop
  endfacet
  facet normal -0 0 -1
    outer loop
      vertex 24.1044 5.83086 -4.18631
      vertex 23.7912 5.65 -4.18631
      vertex 24.0541 5.85173 -4.18631
    endloop
  endfacet
  facet normal 0 0 -1
    outer loop
      vertex 23.7912 -5.65 -4.18631
      vertex 23.9459 -5.85173 -4.18631
      vertex 23.8956 -5.83086 -4.18631
    endloop
  endfacet
  facet normal -0 0 -1
    outer loop
      vertex 24.0541 5.85173 -4.18631
      vertex 23.7912 5.65 -4.18631
      vertex 24 5.85884 -4.18631
    endloop
  endfacet
  facet normal 0 0 -1
    outer loop
      vertex 23.7912 -5.65 -4.18631
      vertex 23.8956 -5.83086 -4.18631
      vertex 23.8523 -5.79767 -4.18631
    endloop
  endfacet
  facet normal 0 0 -1
    outer loop
      vertex 24 5.85884 -4.18631
      vertex 23.7912 5.65 -4.18631
      vertex 23.9459 5.85173 -4.18631
    endloop
  endfacet
  facet normal 0 0 -1
    outer loop
      vertex 23.7912 -5.65 -4.18631
      vertex 23.8523 -5.79767 -4.18631
      vertex 23.8191 -5.75442 -4.18631
    endloop
  endfacet
  facet normal 0 0 -1
    outer loop
      vertex 23.9459 5.85173 -4.18631
      vertex 23.7912 5.65 -4.18631
      vertex 23.8956 5.83086 -4.18631
    endloop
  endfacet
  facet normal 0 0 -1
    outer loop
      vertex 23.7912 -5.65 -4.18631
      vertex 23.8191 -5.75442 -4.18631
      vertex 23.7983 -5.70405 -4.18631
    endloop
  endfacet
  facet normal 0 0 -1
    outer loop
      vertex 23.8956 5.83086 -4.18631
      vertex 23.7912 5.65 -4.18631
      vertex 23.8523 5.79767 -4.18631
    endloop
  endfacet
  facet normal 0 0 -1
    outer loop
      vertex 23.8523 5.79767 -4.18631
      vertex 23.7912 5.65 -4.18631
      vertex 23.8191 5.75442 -4.18631
    endloop
  endfacet
  facet normal 0 0 -1
    outer loop
      vertex 23.8191 5.75442 -4.18631
      vertex 23.7912 5.65 -4.18631
      vertex 23.7983 5.70405 -4.18631
    endloop
  endfacet
  facet normal -0.0678619 -0.0520928 -0.996334
    outer loop
      vertex 23.8523 -5.79767 -4.18631
      vertex 9.89847 -4.75152 -3.29059
      vertex 23.8191 -5.75442 -4.18631
    endloop
  endfacet
  facet normal -0.241061 0.0998789 0.965357
    outer loop
      vertex 5.53487 3.45307 2.3391
      vertex 5.50428 3.37924 2.3391
      vertex 5.70957 3.35221 2.39316
    endloop
  endfacet
  facet normal -0.258696 0.034051 0.965358
    outer loop
      vertex 5.50428 3.37924 2.3391
      vertex 5.49385 3.3 2.3391
      vertex 5.69914 3.32703 2.39316
    endloop
  endfacet
  facet normal -0.241061 -0.0998789 0.965357
    outer loop
      vertex 5.70957 -3.35221 2.39316
      vertex 5.50428 -3.37924 2.3391
      vertex 5.53487 -3.45307 2.3391
    endloop
  endfacet
  facet normal -0.240888 -0.100185 0.965368
    outer loop
      vertex 5.70957 -3.35221 2.39316
      vertex 5.53487 -3.45307 2.3391
      vertex 9.87566 -4.72179 3.29059
    endloop
  endfacet
  facet normal -0.258696 -0.034051 0.965358
    outer loop
      vertex 5.69914 -3.32703 2.39316
      vertex 5.49385 -3.3 2.3391
      vertex 5.50428 -3.37924 2.3391
    endloop
  endfacet
  facet normal -0.49894 -0.0656732 0.864145
    outer loop
      vertex 5.49385 -3.3 2.3391
      vertex 5.32959 -3.42605 2.23468
      vertex 5.50428 -3.37924 2.3391
    endloop
  endfacet
  facet normal -0.432293 0.563394 -0.704067
    outer loop
      vertex 5.45563 3.64437 -2.23468
      vertex 5.35121 3.74879 -2.08701
      vertex 5.55649 3.72176 -2.23468
    endloop
  endfacet
  facet normal -0.43229 0.5634 -0.704064
    outer loop
      vertex 5.55649 3.72176 -2.23468
      vertex 5.35121 3.74879 -2.08701
      vertex 5.48266 3.84965 -2.08701
    endloop
  endfacet
  facet normal -0.0660962 0.027294 -0.99744
    outer loop
      vertex 23.7983 5.70405 -4.18631
      vertex 9.86131 4.68716 -3.29059
      vertex 23.8191 5.75442 -4.18631
    endloop
  endfacet
  facet normal -0.0647527 0.0085059 -0.997865
    outer loop
      vertex 23.7912 5.65 -4.18631
      vertex 9.86131 4.68716 -3.29059
      vertex 23.7983 5.70405 -4.18631
    endloop
  endfacet
  facet normal -0.206974 0.158827 -0.965368
    outer loop
      vertex 9.89847 4.75152 -3.29059
      vertex 9.63544 4.86048 -3.21627
      vertex 9.70234 4.94766 -3.21627
    endloop
  endfacet
  facet normal -0.49894 0.0656732 -0.864145
    outer loop
      vertex 5.49385 3.3 -2.3391
      vertex 5.32959 3.42605 -2.23468
      vertex 5.50428 3.37924 -2.3391
    endloop
  endfacet
  facet normal -0.076853 0.185465 -0.979641
    outer loop
      vertex 23.9459 5.85173 -4.18631
      vertex 9.92821 4.77434 -3.29059
      vertex 9.96284 4.78869 -3.29059
    endloop
  endfacet
  facet normal -0.076835 0.185184 -0.979695
    outer loop
      vertex 23.8956 5.83086 -4.18631
      vertex 9.92821 4.77434 -3.29059
      vertex 23.9459 5.85173 -4.18631
    endloop
  endfacet
  facet normal -0.076835 -0.185184 -0.979695
    outer loop
      vertex 23.9459 -5.85173 -4.18631
      vertex 9.92821 -4.77434 -3.29059
      vertex 23.8956 -5.83086 -4.18631
    endloop
  endfacet
  facet normal -0.0998767 -0.241027 -0.965366
    outer loop
      vertex 9.96284 -4.78869 -3.29059
      vertex 9.89105 -5.05661 -3.21627
      vertex 9.92821 -4.77434 -3.29059
    endloop
  endfacet
  facet normal -0.563404 -0.432258 -0.704081
    outer loop
      vertex 5.45563 -3.64437 -2.23468
      vertex 5.25035 -3.61734 -2.08701
      vertex 5.37824 -3.5435 -2.23468
    endloop
  endfacet
  facet normal -0.240871 0.100116 -0.96538
    outer loop
      vertex 9.87566 4.72179 -3.29059
      vertex 5.53487 3.45307 -2.3391
      vertex 9.63544 4.86048 -3.21627
    endloop
  endfacet
  facet normal -0.210837 0 -0.977521
    outer loop
      vertex 5.69558 -3.3 -2.39316
      vertex 9.85642 4.65 -3.29059
      vertex 9.85642 -4.65 -3.29059
    endloop
  endfacet
  facet normal -0.210837 0 -0.977521
    outer loop
      vertex 9.85642 4.65 -3.29059
      vertex 5.69558 -3.3 -2.39316
      vertex 5.69558 3.3 -2.39316
    endloop
  endfacet
  facet normal -0.240767 -0.0997693 -0.965441
    outer loop
      vertex 9.87566 -4.72179 -3.29059
      vertex 5.70957 -3.35221 -2.39316
      vertex 9.86131 -4.68716 -3.29059
    endloop
  endfacet
  facet normal -0.399253 -0.306317 -0.864157
    outer loop
      vertex 5.45563 -3.64437 -2.23468
      vertex 5.37824 -3.5435 -2.23468
      vertex 5.53487 -3.45307 -2.3391
    endloop
  endfacet
  facet normal -0.219703 -0.0289114 -0.975138
    outer loop
      vertex 9.86131 -4.68716 -3.29059
      vertex 5.69558 -3.3 -2.39316
      vertex 9.85642 -4.65 -3.29059
    endloop
  endfacet
  facet normal -0.0647537 -0.00852114 -0.997865
    outer loop
      vertex 9.86131 -4.68716 -3.29059
      vertex 9.85642 -4.65 -3.29059
      vertex 23.7912 -5.65 -4.18631
    endloop
  endfacet
  facet normal -0.272689 -0.209215 0.939079
    outer loop
      vertex 9.70234 -4.94766 3.21627
      vertex 5.53487 -3.45307 2.3391
      vertex 5.58352 -3.51648 2.3391
    endloop
  endfacet
  facet normal -0.206983 -0.158806 0.96537
    outer loop
      vertex 9.87566 -4.72179 3.29059
      vertex 9.63544 -4.86048 3.21627
      vertex 9.89847 -4.75152 3.29059
    endloop
  endfacet
  facet normal -0.0998497 -0.241031 0.965367
    outer loop
      vertex 9.92821 -4.77434 3.29059
      vertex 9.78952 -5.01455 3.21627
      vertex 9.89105 -5.05661 3.21627
    endloop
  endfacet
  facet normal -0.0998767 -0.241027 0.965366
    outer loop
      vertex 9.92821 -4.77434 3.29059
      vertex 9.89105 -5.05661 3.21627
      vertex 9.96284 -4.78869 3.29059
    endloop
  endfacet
  facet normal -0.563398 -0.432288 0.704067
    outer loop
      vertex 5.45563 -3.64437 2.23468
      vertex 5.25035 -3.61734 2.08701
      vertex 5.35121 -3.74879 2.08701
    endloop
  endfacet
  facet normal -0.432293 -0.563394 0.704067
    outer loop
      vertex 5.45563 -3.64437 2.23468
      vertex 5.35121 -3.74879 2.08701
      vertex 5.55649 -3.72176 2.23468
    endloop
  endfacet
  facet normal -0.27175 -0.656089 0.704059
    outer loop
      vertex 9.82668 -5.29682 3.07269
      vertex 9.56365 -5.40577 2.86964
      vertex 9.77413 -5.49295 2.86964
    endloop
  endfacet
  facet normal -0.105539 -0.701452 0.70486
    outer loop
      vertex 9.82668 -5.29682 3.07269
      vertex 9.77413 -5.49295 2.86964
      vertex 23.7479 -6.59083 3.86936
    endloop
  endfacet
  facet normal 0.498907 -0.06587 0.864149
    outer loop
      vertex 29.4975 -4.2 3.40104
      vertex 29.4805 -4.32876 3.40104
      vertex 29.7914 -4.2 3.23136
    endloop
  endfacet
  facet normal 0.258685 -0.0341538 0.965358
    outer loop
      vertex 29.4975 -4.2 3.40104
      vertex 29.1697 -4.2 3.48888
      vertex 29.4805 -4.32876 3.40104
    endloop
  endfacet
  facet normal 0.563364 0.432379 -0.704038
    outer loop
      vertex 29.6854 4.59569 -3.23136
      vertex 29.5596 4.7596 -3.23136
      vertex 29.8932 4.71568 -2.99139
    endloop
  endfacet
  facet normal 0.656185 0.271605 -0.704026
    outer loop
      vertex 29.7644 4.40483 -3.23136
      vertex 29.6854 4.59569 -3.23136
      vertex 29.8932 4.71568 -2.99139
    endloop
  endfacet
  facet normal 0.157648 0.0650998 -0.985347
    outer loop
      vertex 24.2017 5.70405 -4.18631
      vertex 24.1809 5.75442 -4.18631
      vertex 29.1469 4.28484 -3.48888
    endloop
  endfacet
  facet normal 0.177005 0.135499 -0.974838
    outer loop
      vertex 29.1469 4.28484 -3.48888
      vertex 24.1809 5.75442 -4.18631
      vertex 29.12 4.31998 -3.48888
    endloop
  endfacet
  facet normal 0.399382 0.306203 -0.864137
    outer loop
      vertex 29.4308 4.44874 -3.40104
      vertex 29.3518 4.55178 -3.40104
      vertex 29.5596 4.7596 -3.23136
    endloop
  endfacet
  facet normal 0.207065 0.158755 -0.96536
    outer loop
      vertex 29.4308 4.44874 -3.40104
      vertex 29.12 4.31998 -3.48888
      vertex 29.3518 4.55178 -3.40104
    endloop
  endfacet
  facet normal -0.241065 0.0998534 0.965358
    outer loop
      vertex 5.70957 3.35221 2.39316
      vertex 5.50428 3.37924 2.3391
      vertex 5.69914 3.32703 2.39316
    endloop
  endfacet
  facet normal -0.240755 0.0997248 0.965449
    outer loop
      vertex 5.70957 3.35221 2.39316
      vertex 5.69914 3.32703 2.39316
      vertex 9.86131 4.68716 3.29059
    endloop
  endfacet
  facet normal -0.206983 0.158806 -0.96537
    outer loop
      vertex 9.87566 4.72179 -3.29059
      vertex 9.63544 4.86048 -3.21627
      vertex 9.89847 4.75152 -3.29059
    endloop
  endfacet
  facet normal -0.06786 0.0520648 -0.996335
    outer loop
      vertex 23.8191 5.75442 -4.18631
      vertex 9.87566 4.72179 -3.29059
      vertex 9.89847 4.75152 -3.29059
    endloop
  endfacet
  facet normal -0.306349 0.399244 -0.864149
    outer loop
      vertex 9.70234 4.94766 -3.21627
      vertex 9.52649 5.1235 -3.07269
      vertex 9.66518 5.22992 -3.07269
    endloop
  endfacet
  facet normal -0.318842 0.387445 -0.865
    outer loop
      vertex 9.70234 4.94766 -3.21627
      vertex 5.45563 3.64437 -2.23468
      vertex 9.52649 5.1235 -3.07269
    endloop
  endfacet
  facet normal -0.306329 0.399249 -0.864154
    outer loop
      vertex 9.70234 4.94766 -3.21627
      vertex 9.66518 5.22992 -3.07269
      vertex 9.78952 5.01455 -3.21627
    endloop
  endfacet
  facet normal -0.192588 0.464916 -0.864155
    outer loop
      vertex 9.78952 5.01455 -3.21627
      vertex 9.66518 5.22992 -3.07269
      vertex 9.82668 5.29682 -3.07269
    endloop
  endfacet
  facet normal -0.080595 -0.246322 -0.965831
    outer loop
      vertex 23.8415 -6.24143 -4.07821
      vertex 9.89105 -5.05661 -3.21627
      vertex 9.96284 -4.78869 -3.29059
    endloop
  endfacet
  facet normal -0.328994 -0.428768 -0.841381
    outer loop
      vertex 5.55649 -3.72176 -2.23468
      vertex 5.45563 -3.64437 -2.23468
      vertex 9.52649 -5.1235 -3.07269
    endloop
  endfacet
  facet normal -0.272689 -0.209215 -0.939079
    outer loop
      vertex 5.58352 -3.51648 -2.3391
      vertex 5.53487 -3.45307 -2.3391
      vertex 9.70234 -4.94766 -3.21627
    endloop
  endfacet
  facet normal -0.306329 -0.399249 -0.864154
    outer loop
      vertex 9.78952 -5.01455 -3.21627
      vertex 9.66518 -5.22992 -3.07269
      vertex 9.70234 -4.94766 -3.21627
    endloop
  endfacet
  facet normal -0.707107 0 -0.707107
    outer loop
      vertex 5.31299 -3.3 -2.23468
      vertex 5.16532 3.3 -2.08701
      vertex 5.31299 3.3 -2.23468
    endloop
  endfacet
  facet normal -0.707107 -0 -0.707107
    outer loop
      vertex 5.16532 3.3 -2.08701
      vertex 5.31299 -3.3 -2.23468
      vertex 5.16532 -3.3 -2.08701
    endloop
  endfacet
  facet normal -0.258698 0.034072 -0.965357
    outer loop
      vertex 5.69558 3.3 -2.39316
      vertex 5.49385 3.3 -2.3391
      vertex 5.69914 3.32703 -2.39316
    endloop
  endfacet
  facet normal -0.219703 0.0289114 -0.975138
    outer loop
      vertex 9.85642 4.65 -3.29059
      vertex 5.69558 3.3 -2.39316
      vertex 9.86131 4.68716 -3.29059
    endloop
  endfacet
  facet normal -0.399253 0.306317 -0.864157
    outer loop
      vertex 5.53487 3.45307 -2.3391
      vertex 5.37824 3.5435 -2.23468
      vertex 5.45563 3.64437 -2.23468
    endloop
  endfacet
  facet normal -0.399252 0.306318 -0.864157
    outer loop
      vertex 5.53487 3.45307 -2.3391
      vertex 5.45563 3.64437 -2.23468
      vertex 5.58352 3.51648 -2.3391
    endloop
  endfacet
  facet normal -0.241065 -0.0998534 -0.965358
    outer loop
      vertex 5.70957 -3.35221 -2.39316
      vertex 5.50428 -3.37924 -2.3391
      vertex 5.69914 -3.32703 -2.39316
    endloop
  endfacet
  facet normal -0.258696 -0.034051 -0.965358
    outer loop
      vertex 5.50428 -3.37924 -2.3391
      vertex 5.49385 -3.3 -2.3391
      vertex 5.69914 -3.32703 -2.39316
    endloop
  endfacet
  facet normal -0.0661035 -0.027392 -0.997437
    outer loop
      vertex 9.87566 -4.72179 -3.29059
      vertex 9.86131 -4.68716 -3.29059
      vertex 23.8191 -5.75442 -4.18631
    endloop
  endfacet
  facet normal -0.06786 -0.0520648 -0.996335
    outer loop
      vertex 9.89847 -4.75152 -3.29059
      vertex 9.87566 -4.72179 -3.29059
      vertex 23.8191 -5.75442 -4.18631
    endloop
  endfacet
  facet normal -0.158813 -0.206987 0.965368
    outer loop
      vertex 9.92821 -4.77434 3.29059
      vertex 9.70234 -4.94766 3.21627
      vertex 9.78952 -5.01455 3.21627
    endloop
  endfacet
  facet normal -0.158819 -0.20698 0.965368
    outer loop
      vertex 9.89847 -4.75152 3.29059
      vertex 9.70234 -4.94766 3.21627
      vertex 9.92821 -4.77434 3.29059
    endloop
  endfacet
  facet normal -0.27177 -0.656066 -0.704073
    outer loop
      vertex 9.82668 -5.29682 -3.07269
      vertex 9.56365 -5.40577 -2.86964
      vertex 9.66518 -5.22992 -3.07269
    endloop
  endfacet
  facet normal -0.36626 -0.604937 -0.70704
    outer loop
      vertex 9.56365 -5.40577 -2.86964
      vertex 5.55649 -3.72176 -2.23468
      vertex 9.66518 -5.22992 -3.07269
    endloop
  endfacet
  facet normal -0.158813 -0.206987 -0.965368
    outer loop
      vertex 9.78952 -5.01455 -3.21627
      vertex 9.70234 -4.94766 -3.21627
      vertex 9.92821 -4.77434 -3.29059
    endloop
  endfacet
  facet normal -0.158819 -0.20698 -0.965368
    outer loop
      vertex 9.92821 -4.77434 -3.29059
      vertex 9.70234 -4.94766 -3.21627
      vertex 9.89847 -4.75152 -3.29059
    endloop
  endfacet
  facet normal -0.192597 -0.464916 -0.864152
    outer loop
      vertex 9.82668 -5.29682 -3.07269
      vertex 9.78952 -5.01455 -3.21627
      vertex 9.89105 -5.05661 -3.21627
    endloop
  endfacet
  facet normal -0.0998497 -0.241031 -0.965367
    outer loop
      vertex 9.89105 -5.05661 -3.21627
      vertex 9.78952 -5.01455 -3.21627
      vertex 9.92821 -4.77434 -3.29059
    endloop
  endfacet
  facet normal -0.241061 -0.0998789 -0.965357
    outer loop
      vertex 5.53487 -3.45307 -2.3391
      vertex 5.50428 -3.37924 -2.3391
      vertex 5.70957 -3.35221 -2.39316
    endloop
  endfacet
  facet normal -0.240888 -0.100185 -0.965368
    outer loop
      vertex 9.87566 -4.72179 -3.29059
      vertex 5.53487 -3.45307 -2.3391
      vertex 5.70957 -3.35221 -2.39316
    endloop
  endfacet
  facet normal -0.704029 -0.0927163 -0.704093
    outer loop
      vertex 5.32959 -3.42605 -2.23468
      vertex 5.18694 -3.46427 -2.08701
      vertex 5.31299 -3.3 -2.23468
    endloop
  endfacet
  facet normal -0.500002 0 -0.866025
    outer loop
      vertex 5.31299 -3.3 -2.23468
      vertex 5.49385 3.3 -2.3391
      vertex 5.49385 -3.3 -2.3391
    endloop
  endfacet
  facet normal -0.500002 0 -0.866025
    outer loop
      vertex 5.49385 3.3 -2.3391
      vertex 5.31299 -3.3 -2.23468
      vertex 5.31299 3.3 -2.23468
    endloop
  endfacet
  facet normal -0.49894 -0.0656732 -0.864145
    outer loop
      vertex 5.50428 -3.37924 -2.3391
      vertex 5.32959 -3.42605 -2.23468
      vertex 5.49385 -3.3 -2.3391
    endloop
  endfacet
  facet normal -0.46492 -0.19263 -0.864143
    outer loop
      vertex 5.53487 -3.45307 -2.3391
      vertex 5.32959 -3.42605 -2.23468
      vertex 5.50428 -3.37924 -2.3391
    endloop
  endfacet
  facet normal -0.240888 0.100185 -0.965368
    outer loop
      vertex 5.70957 3.35221 -2.39316
      vertex 5.53487 3.45307 -2.3391
      vertex 9.87566 4.72179 -3.29059
    endloop
  endfacet
  facet normal -0.240767 0.0997693 -0.965441
    outer loop
      vertex 9.86131 4.68716 -3.29059
      vertex 5.70957 3.35221 -2.39316
      vertex 9.87566 4.72179 -3.29059
    endloop
  endfacet
  facet normal -0.272704 -0.209267 -0.939063
    outer loop
      vertex 9.70234 -4.94766 -3.21627
      vertex 5.53487 -3.45307 -2.3391
      vertex 9.63544 -4.86048 -3.21627
    endloop
  endfacet
  facet normal -0.240871 -0.100116 -0.96538
    outer loop
      vertex 9.63544 -4.86048 -3.21627
      vertex 5.53487 -3.45307 -2.3391
      vertex 9.87566 -4.72179 -3.29059
    endloop
  endfacet
  facet normal -0.318842 -0.387445 -0.865
    outer loop
      vertex 9.52649 -5.1235 -3.07269
      vertex 5.45563 -3.64437 -2.23468
      vertex 9.70234 -4.94766 -3.21627
    endloop
  endfacet
  facet normal -0.306349 -0.399244 -0.864149
    outer loop
      vertex 9.66518 -5.22992 -3.07269
      vertex 9.52649 -5.1235 -3.07269
      vertex 9.70234 -4.94766 -3.21627
    endloop
  endfacet
  facet normal -0.318839 -0.387427 -0.86501
    outer loop
      vertex 9.70234 -4.94766 -3.21627
      vertex 5.45563 -3.64437 -2.23468
      vertex 5.58352 -3.51648 -2.3391
    endloop
  endfacet
  facet normal -0.399252 -0.306318 -0.864157
    outer loop
      vertex 5.58352 -3.51648 -2.3391
      vertex 5.45563 -3.64437 -2.23468
      vertex 5.53487 -3.45307 -2.3391
    endloop
  endfacet
  facet normal -0.241065 0.0998534 -0.965358
    outer loop
      vertex 5.69914 3.32703 -2.39316
      vertex 5.50428 3.37924 -2.3391
      vertex 5.70957 3.35221 -2.39316
    endloop
  endfacet
  facet normal -0.258696 0.034051 -0.965358
    outer loop
      vertex 5.69914 3.32703 -2.39316
      vertex 5.49385 3.3 -2.3391
      vertex 5.50428 3.37924 -2.3391
    endloop
  endfacet
  facet normal -0.46492 0.19263 -0.864143
    outer loop
      vertex 5.50428 3.37924 -2.3391
      vertex 5.32959 3.42605 -2.23468
      vertex 5.53487 3.45307 -2.3391
    endloop
  endfacet
  facet normal -0.241061 0.0998789 -0.965357
    outer loop
      vertex 5.70957 3.35221 -2.39316
      vertex 5.50428 3.37924 -2.3391
      vertex 5.53487 3.45307 -2.3391
    endloop
  endfacet
  facet normal 1 -0 0
    outer loop
      vertex 22.8 -3.4 4.35
      vertex 22.8 3.4 4.1226
      vertex 22.8 3.4 4.35
    endloop
  endfacet
  facet normal 1 0 0
    outer loop
      vertex 22.8 3.4 4.1226
      vertex 22.8 -3.4 4.35
      vertex 22.8 -3.4 4.1226
    endloop
  endfacet
  facet normal -0 0 1
    outer loop
      vertex 15.8 3.4 4.35
      vertex 22.8 -3.4 4.35
      vertex 22.8 3.4 4.35
    endloop
  endfacet
  facet normal 0 0 1
    outer loop
      vertex 22.8 -3.4 4.35
      vertex 15.8 3.4 4.35
      vertex 15.8 -3.4 4.35
    endloop
  endfacet
  facet normal 0 0 -1
    outer loop
      vertex 15.8 -3.4 4.05
      vertex 21.6705 3.4 4.05
      vertex 21.6705 -3.4 4.05
    endloop
  endfacet
  facet normal -0 0 -1
    outer loop
      vertex 21.6705 3.4 4.05
      vertex 15.8 -3.4 4.05
      vertex 15.8 3.4 4.05
    endloop
  endfacet
  facet normal -1 0 0
    outer loop
      vertex 15.8 -3.4 4.05
      vertex 15.8 3.4 4.35
      vertex 15.8 3.4 4.05
    endloop
  endfacet
  facet normal -1 -0 0
    outer loop
      vertex 15.8 3.4 4.35
      vertex 15.8 -3.4 4.05
      vertex 15.8 -3.4 4.35
    endloop
  endfacet
  facet normal 0 1 0
    outer loop
      vertex 21.6705 3.4 4.05
      vertex 22.8 3.4 4.35
      vertex 22.8 3.4 4.1226
    endloop
  endfacet
  facet normal 0 1 0
    outer loop
      vertex 22.8 3.4 4.35
      vertex 21.6705 3.4 4.05
      vertex 15.8 3.4 4.35
    endloop
  endfacet
  facet normal 0 1 0
    outer loop
      vertex 15.8 3.4 4.35
      vertex 21.6705 3.4 4.05
      vertex 15.8 3.4 4.05
    endloop
  endfacet
  facet normal 0 -1 0
    outer loop
      vertex 21.6705 -3.4 4.05
      vertex 22.8 -3.4 4.35
      vertex 15.8 -3.4 4.35
    endloop
  endfacet
  facet normal 0 -1 0
    outer loop
      vertex 21.6705 -3.4 4.05
      vertex 15.8 -3.4 4.35
      vertex 15.8 -3.4 4.05
    endloop
  endfacet
  facet normal 0 -1 -0
    outer loop
      vertex 22.8 -3.4 4.35
      vertex 21.6705 -3.4 4.05
      vertex 22.8 -3.4 4.1226
    endloop
  endfacet
  facet normal -1.22344e-05 0.290289 -0.956939
    outer loop
      vertex 29.4975 0.958749 -3.40104
      vertex 29.825 1.35853 -3.27977
      vertex 29.825 0.69257 -3.48179
    endloop
  endfacet
  facet normal 0 0.29028 -0.956942
    outer loop
      vertex 29.825 1.35853 -3.27977
      vertex 29.4975 0.958749 -3.40104
      vertex 29.7075 1.35853 -3.27977
    endloop
  endfacet
  facet normal 0 0.290303 -0.956935
    outer loop
      vertex 29.4975 0.958749 -3.40104
      vertex 29.825 0.69257 -3.48179
      vertex 29.1961 0.69257 -3.48179
    endloop
  endfacet
  facet normal 6.31177e-06 0.471393 -0.881923
    outer loop
      vertex 29.825 1.35853 -3.27977
      vertex 29.7914 1.4491 -3.23136
      vertex 29.825 1.51198 -3.19775
    endloop
  endfacet
  facet normal 0 0.471392 -0.881924
    outer loop
      vertex 29.7914 1.4491 -3.23136
      vertex 29.825 1.35853 -3.27977
      vertex 29.7075 1.35853 -3.27977
    endloop
  endfacet
  facet normal -1.22344e-05 -0.290289 0.956939
    outer loop
      vertex 29.4975 -0.958749 3.40104
      vertex 29.825 -1.35853 3.27977
      vertex 29.825 -0.69257 3.48179
    endloop
  endfacet
  facet normal 0 -0.29028 0.956942
    outer loop
      vertex 29.825 -1.35853 3.27977
      vertex 29.4975 -0.958749 3.40104
      vertex 29.7075 -1.35853 3.27977
    endloop
  endfacet
  facet normal 0 -0.290303 0.956935
    outer loop
      vertex 29.4975 -0.958749 3.40104
      vertex 29.825 -0.69257 3.48179
      vertex 29.1961 -0.69257 3.48179
    endloop
  endfacet
  facet normal 0 0.29028 0.956942
    outer loop
      vertex 29.4975 0.958749 3.40104
      vertex 29.825 1.35853 3.27977
      vertex 29.7075 1.35853 3.27977
    endloop
  endfacet
  facet normal -1.22344e-05 0.290289 0.956939
    outer loop
      vertex 29.825 1.35853 3.27977
      vertex 29.4975 0.958749 3.40104
      vertex 29.825 0.69257 3.48179
    endloop
  endfacet
  facet normal 0 0.290303 0.956935
    outer loop
      vertex 29.825 0.69257 3.48179
      vertex 29.4975 0.958749 3.40104
      vertex 29.1961 0.69257 3.48179
    endloop
  endfacet
  facet normal 0 0.0979091 0.995195
    outer loop
      vertex 29.175 0.635039 3.48745
      vertex 29.825 0.69257 3.48179
      vertex 29.1961 0.69257 3.48179
    endloop
  endfacet
  facet normal -9.38062e-06 0.098014 0.995185
    outer loop
      vertex 29.825 0.69257 3.48179
      vertex 29.175 0.635039 3.48745
      vertex 29.825 0 3.55
    endloop
  endfacet
  facet normal 0 0.0980235 0.995184
    outer loop
      vertex 29.825 0 3.55
      vertex 29.175 0.635039 3.48745
      vertex 29.175 0 3.55
    endloop
  endfacet
  facet normal 0 -0.0979091 -0.995195
    outer loop
      vertex 29.175 -0.635039 -3.48745
      vertex 29.825 -0.69257 -3.48179
      vertex 29.1961 -0.69257 -3.48179
    endloop
  endfacet
  facet normal -9.38062e-06 -0.098014 -0.995185
    outer loop
      vertex 29.825 -0.69257 -3.48179
      vertex 29.175 -0.635039 -3.48745
      vertex 29.825 0 -3.55
    endloop
  endfacet
  facet normal -0 -0.0980235 -0.995184
    outer loop
      vertex 29.825 0 -3.55
      vertex 29.175 -0.635039 -3.48745
      vertex 29.175 0 -3.55
    endloop
  endfacet
  facet normal -9.38062e-06 0.098014 -0.995185
    outer loop
      vertex 29.175 0.635039 -3.48745
      vertex 29.825 0.69257 -3.48179
      vertex 29.825 0 -3.55
    endloop
  endfacet
  facet normal 0 0.0980235 -0.995184
    outer loop
      vertex 29.175 0.635039 -3.48745
      vertex 29.825 0 -3.55
      vertex 29.175 0 -3.55
    endloop
  endfacet
  facet normal 0 0.0979091 -0.995195
    outer loop
      vertex 29.825 0.69257 -3.48179
      vertex 29.175 0.635039 -3.48745
      vertex 29.1961 0.69257 -3.48179
    endloop
  endfacet
  facet normal 1 0 0
    outer loop
      vertex 29.825 1.51198 -3.19775
      vertex 29.825 0.69257 -3.48179
      vertex 29.825 1.35853 -3.27977
    endloop
  endfacet
  facet normal 1 0 0
    outer loop
      vertex 29.825 1.51198 -3.19775
      vertex 29.825 0 -3.55
      vertex 29.825 0.69257 -3.48179
    endloop
  endfacet
  facet normal 1 0 0
    outer loop
      vertex 29.825 1.51198 -3.19775
      vertex 29.825 -0.69257 -3.48179
      vertex 29.825 0 -3.55
    endloop
  endfacet
  facet normal 1 -0 0
    outer loop
      vertex 29.825 -1.51198 -3.19775
      vertex 29.825 -0.69257 -3.48179
      vertex 29.825 1.51198 -3.19775
    endloop
  endfacet
  facet normal 1 0 0
    outer loop
      vertex 29.825 -0.69257 -3.48179
      vertex 29.825 -1.51198 -3.19775
      vertex 29.825 -1.35853 -3.27977
    endloop
  endfacet
  facet normal 1 0 0
    outer loop
      vertex 29.825 0.69257 3.48179
      vertex 29.825 1.51198 3.19775
      vertex 29.825 1.35853 3.27977
    endloop
  endfacet
  facet normal 1 0 0
    outer loop
      vertex 29.825 0 3.55
      vertex 29.825 1.51198 3.19775
      vertex 29.825 0.69257 3.48179
    endloop
  endfacet
  facet normal 1 -0 0
    outer loop
      vertex 29.825 -0.69257 3.48179
      vertex 29.825 1.51198 3.19775
      vertex 29.825 0 3.55
    endloop
  endfacet
  facet normal 1 0 0
    outer loop
      vertex 29.825 -1.51198 3.19775
      vertex 29.825 -0.69257 3.48179
      vertex 29.825 -1.35853 3.27977
    endloop
  endfacet
  facet normal 1 0 0
    outer loop
      vertex 29.825 -0.69257 3.48179
      vertex 29.825 -1.51198 3.19775
      vertex 29.825 1.51198 3.19775
    endloop
  endfacet
  facet normal 6.31177e-06 -0.471393 -0.881923
    outer loop
      vertex 29.7914 -1.4491 -3.23136
      vertex 29.825 -1.35853 -3.27977
      vertex 29.825 -1.51198 -3.19775
    endloop
  endfacet
  facet normal -0 -0.471392 -0.881924
    outer loop
      vertex 29.825 -1.35853 -3.27977
      vertex 29.7914 -1.4491 -3.23136
      vertex 29.7075 -1.35853 -3.27977
    endloop
  endfacet
  facet normal 0 -0.29028 -0.956942
    outer loop
      vertex 29.4975 -0.958749 -3.40104
      vertex 29.825 -1.35853 -3.27977
      vertex 29.7075 -1.35853 -3.27977
    endloop
  endfacet
  facet normal -1.22344e-05 -0.290289 -0.956939
    outer loop
      vertex 29.825 -1.35853 -3.27977
      vertex 29.4975 -0.958749 -3.40104
      vertex 29.825 -0.69257 -3.48179
    endloop
  endfacet
  facet normal -0 -0.290303 -0.956935
    outer loop
      vertex 29.825 -0.69257 -3.48179
      vertex 29.4975 -0.958749 -3.40104
      vertex 29.1961 -0.69257 -3.48179
    endloop
  endfacet
  facet normal -9.38062e-06 -0.098014 0.995185
    outer loop
      vertex 29.175 -0.635039 3.48745
      vertex 29.825 -0.69257 3.48179
      vertex 29.825 0 3.55
    endloop
  endfacet
  facet normal 0 -0.0980235 0.995184
    outer loop
      vertex 29.175 -0.635039 3.48745
      vertex 29.825 0 3.55
      vertex 29.175 0 3.55
    endloop
  endfacet
  facet normal 0 -0.0979091 0.995195
    outer loop
      vertex 29.825 -0.69257 3.48179
      vertex 29.175 -0.635039 3.48745
      vertex 29.1961 -0.69257 3.48179
    endloop
  endfacet
  facet normal 6.31177e-06 0.471393 0.881923
    outer loop
      vertex 29.7914 1.4491 3.23136
      vertex 29.825 1.35853 3.27977
      vertex 29.825 1.51198 3.19775
    endloop
  endfacet
  facet normal 0 0.471392 0.881924
    outer loop
      vertex 29.825 1.35853 3.27977
      vertex 29.7914 1.4491 3.23136
      vertex 29.7075 1.35853 3.27977
    endloop
  endfacet
  facet normal 6.31177e-06 -0.471393 0.881923
    outer loop
      vertex 29.825 -1.35853 3.27977
      vertex 29.7914 -1.4491 3.23136
      vertex 29.825 -1.51198 3.19775
    endloop
  endfacet
  facet normal 0 -0.471392 0.881924
    outer loop
      vertex 29.7914 -1.4491 3.23136
      vertex 29.825 -1.35853 3.27977
      vertex 29.7075 -1.35853 3.27977
    endloop
  endfacet
  facet normal -1 0 0
    outer loop
      vertex 29.175 0.635039 3.48745
      vertex 29.175 -0.635039 3.48745
      vertex 29.175 0 3.55
    endloop
  endfacet
  facet normal -1 0 0
    outer loop
      vertex 29.175 0 -3.55
      vertex 29.175 -0.635039 -3.48745
      vertex 29.175 0.635039 -3.48745
    endloop
  endfacet
  facet normal 0 0.471396 -0.881922
    outer loop
      vertex 31.175 1.35853 -3.27977
      vertex 31.825 1.97227 -2.95172
      vertex 31.825 1.35853 -3.27977
    endloop
  endfacet
  facet normal 0 0.471396 -0.881922
    outer loop
      vertex 31.825 1.97227 -2.95172
      vertex 31.175 1.35853 -3.27977
      vertex 31.175 1.97227 -2.95172
    endloop
  endfacet
  facet normal 0 -0.290289 0.956939
    outer loop
      vertex 31.175 -0.69257 3.48179
      vertex 31.825 -1.35853 3.27977
      vertex 31.825 -0.69257 3.48179
    endloop
  endfacet
  facet normal 0 -0.290289 0.956939
    outer loop
      vertex 31.825 -1.35853 3.27977
      vertex 31.175 -0.69257 3.48179
      vertex 31.175 -1.35853 3.27977
    endloop
  endfacet
  facet normal -0 0.290289 0.956939
    outer loop
      vertex 31.175 1.35853 3.27977
      vertex 31.825 0.69257 3.48179
      vertex 31.825 1.35853 3.27977
    endloop
  endfacet
  facet normal 0 0.290289 0.956939
    outer loop
      vertex 31.825 0.69257 3.48179
      vertex 31.175 1.35853 3.27977
      vertex 31.175 0.69257 3.48179
    endloop
  endfacet
  facet normal -0 0.098014 0.995185
    outer loop
      vertex 31.175 0.69257 3.48179
      vertex 31.825 0 3.55
      vertex 31.825 0.69257 3.48179
    endloop
  endfacet
  facet normal 0 0.098014 0.995185
    outer loop
      vertex 31.825 0 3.55
      vertex 31.175 0.69257 3.48179
      vertex 31.175 0 3.55
    endloop
  endfacet
  facet normal 0 -0.098014 -0.995185
    outer loop
      vertex 31.175 -0.69257 -3.48179
      vertex 31.825 0 -3.55
      vertex 31.825 -0.69257 -3.48179
    endloop
  endfacet
  facet normal -0 -0.098014 -0.995185
    outer loop
      vertex 31.825 0 -3.55
      vertex 31.175 -0.69257 -3.48179
      vertex 31.175 0 -3.55
    endloop
  endfacet
  facet normal 0 0.098014 -0.995185
    outer loop
      vertex 31.175 0 -3.55
      vertex 31.825 0.69257 -3.48179
      vertex 31.825 0 -3.55
    endloop
  endfacet
  facet normal 0 0.098014 -0.995185
    outer loop
      vertex 31.825 0.69257 -3.48179
      vertex 31.175 0 -3.55
      vertex 31.175 0.69257 -3.48179
    endloop
  endfacet
  facet normal 0 0.634383 -0.773019
    outer loop
      vertex 31.175 2.02959 -2.90468
      vertex 31.825 1.97227 -2.95172
      vertex 31.175 1.97227 -2.95172
    endloop
  endfacet
  facet normal 6.66636e-06 0.634428 -0.772982
    outer loop
      vertex 31.825 1.97227 -2.95172
      vertex 31.175 2.02959 -2.90468
      vertex 31.825 2.07124 -2.87049
    endloop
  endfacet
  facet normal 6.66636e-06 -0.634428 -0.772982
    outer loop
      vertex 31.175 -2.02959 -2.90468
      vertex 31.825 -1.97227 -2.95172
      vertex 31.825 -2.07124 -2.87049
    endloop
  endfacet
  facet normal -0 -0.634383 -0.773019
    outer loop
      vertex 31.825 -1.97227 -2.95172
      vertex 31.175 -2.02959 -2.90468
      vertex 31.175 -1.97227 -2.95172
    endloop
  endfacet
  facet normal 1 0 0
    outer loop
      vertex 31.825 2.07124 -2.87049
      vertex 31.825 1.35853 -3.27977
      vertex 31.825 1.97227 -2.95172
    endloop
  endfacet
  facet normal 1 0 0
    outer loop
      vertex 31.825 2.07124 -2.87049
      vertex 31.825 0.69257 -3.48179
      vertex 31.825 1.35853 -3.27977
    endloop
  endfacet
  facet normal 1 0 0
    outer loop
      vertex 31.825 2.07124 -2.87049
      vertex 31.825 0 -3.55
      vertex 31.825 0.69257 -3.48179
    endloop
  endfacet
  facet normal 1 0 0
    outer loop
      vertex 31.825 2.07124 -2.87049
      vertex 31.825 -0.69257 -3.48179
      vertex 31.825 0 -3.55
    endloop
  endfacet
  facet normal 1 0 0
    outer loop
      vertex 31.825 2.07124 -2.87049
      vertex 31.825 -1.35853 -3.27977
      vertex 31.825 -0.69257 -3.48179
    endloop
  endfacet
  facet normal 1 -0 0
    outer loop
      vertex 31.825 -2.07124 -2.87049
      vertex 31.825 -1.35853 -3.27977
      vertex 31.825 2.07124 -2.87049
    endloop
  endfacet
  facet normal 1 0 0
    outer loop
      vertex 31.825 -1.35853 -3.27977
      vertex 31.825 -2.07124 -2.87049
      vertex 31.825 -1.97227 -2.95172
    endloop
  endfacet
  facet normal 1 0 0
    outer loop
      vertex 31.825 1.35853 3.27977
      vertex 31.825 2.07124 2.87049
      vertex 31.825 1.97227 2.95172
    endloop
  endfacet
  facet normal 1 0 0
    outer loop
      vertex 31.825 0.69257 3.48179
      vertex 31.825 2.07124 2.87049
      vertex 31.825 1.35853 3.27977
    endloop
  endfacet
  facet normal 1 0 0
    outer loop
      vertex 31.825 0 3.55
      vertex 31.825 2.07124 2.87049
      vertex 31.825 0.69257 3.48179
    endloop
  endfacet
  facet normal 1 -0 0
    outer loop
      vertex 31.825 -0.69257 3.48179
      vertex 31.825 2.07124 2.87049
      vertex 31.825 0 3.55
    endloop
  endfacet
  facet normal 1 -0 0
    outer loop
      vertex 31.825 -1.35853 3.27977
      vertex 31.825 2.07124 2.87049
      vertex 31.825 -0.69257 3.48179
    endloop
  endfacet
  facet normal 1 0 0
    outer loop
      vertex 31.825 -2.07124 2.87049
      vertex 31.825 -1.35853 3.27977
      vertex 31.825 -1.97227 2.95172
    endloop
  endfacet
  facet normal 1 0 0
    outer loop
      vertex 31.825 -1.35853 3.27977
      vertex 31.825 -2.07124 2.87049
      vertex 31.825 2.07124 2.87049
    endloop
  endfacet
  facet normal 0 -0.471396 -0.881922
    outer loop
      vertex 31.175 -1.97227 -2.95172
      vertex 31.825 -1.35853 -3.27977
      vertex 31.825 -1.97227 -2.95172
    endloop
  endfacet
  facet normal -0 -0.471396 -0.881922
    outer loop
      vertex 31.825 -1.35853 -3.27977
      vertex 31.175 -1.97227 -2.95172
      vertex 31.175 -1.35853 -3.27977
    endloop
  endfacet
  facet normal 0 -0.290289 -0.956939
    outer loop
      vertex 31.175 -1.35853 -3.27977
      vertex 31.825 -0.69257 -3.48179
      vertex 31.825 -1.35853 -3.27977
    endloop
  endfacet
  facet normal -0 -0.290289 -0.956939
    outer loop
      vertex 31.825 -0.69257 -3.48179
      vertex 31.175 -1.35853 -3.27977
      vertex 31.175 -0.69257 -3.48179
    endloop
  endfacet
  facet normal 0 -0.098014 0.995185
    outer loop
      vertex 31.175 0 3.55
      vertex 31.825 -0.69257 3.48179
      vertex 31.825 0 3.55
    endloop
  endfacet
  facet normal 0 -0.098014 0.995185
    outer loop
      vertex 31.825 -0.69257 3.48179
      vertex 31.175 0 3.55
      vertex 31.175 -0.69257 3.48179
    endloop
  endfacet
  facet normal 0 0.290289 -0.956939
    outer loop
      vertex 31.175 0.69257 -3.48179
      vertex 31.825 1.35853 -3.27977
      vertex 31.825 0.69257 -3.48179
    endloop
  endfacet
  facet normal 0 0.290289 -0.956939
    outer loop
      vertex 31.825 1.35853 -3.27977
      vertex 31.175 0.69257 -3.48179
      vertex 31.175 1.35853 -3.27977
    endloop
  endfacet
  facet normal -0 0.471396 0.881922
    outer loop
      vertex 31.175 1.97227 2.95172
      vertex 31.825 1.35853 3.27977
      vertex 31.825 1.97227 2.95172
    endloop
  endfacet
  facet normal 0 0.471396 0.881922
    outer loop
      vertex 31.825 1.35853 3.27977
      vertex 31.175 1.97227 2.95172
      vertex 31.175 1.35853 3.27977
    endloop
  endfacet
  facet normal 0 -0.634383 0.773019
    outer loop
      vertex 31.175 -2.02959 2.90468
      vertex 31.825 -1.97227 2.95172
      vertex 31.175 -1.97227 2.95172
    endloop
  endfacet
  facet normal 6.66636e-06 -0.634428 0.772982
    outer loop
      vertex 31.825 -1.97227 2.95172
      vertex 31.175 -2.02959 2.90468
      vertex 31.825 -2.07124 2.87049
    endloop
  endfacet
  facet normal 0 -0.471396 0.881922
    outer loop
      vertex 31.175 -1.35853 3.27977
      vertex 31.825 -1.97227 2.95172
      vertex 31.825 -1.35853 3.27977
    endloop
  endfacet
  facet normal 0 -0.471396 0.881922
    outer loop
      vertex 31.825 -1.97227 2.95172
      vertex 31.175 -1.35853 3.27977
      vertex 31.175 -1.97227 2.95172
    endloop
  endfacet
  facet normal 6.66636e-06 0.634428 0.772982
    outer loop
      vertex 31.175 2.02959 2.90468
      vertex 31.825 1.97227 2.95172
      vertex 31.825 2.07124 2.87049
    endloop
  endfacet
  facet normal 0 0.634383 0.773019
    outer loop
      vertex 31.825 1.97227 2.95172
      vertex 31.175 2.02959 2.90468
      vertex 31.175 1.97227 2.95172
    endloop
  endfacet
  facet normal -1 0 0
    outer loop
      vertex 31.175 2.02959 2.90468
      vertex 31.175 1.35853 3.27977
      vertex 31.175 1.97227 2.95172
    endloop
  endfacet
  facet normal -1 0 0
    outer loop
      vertex 31.175 2.02959 2.90468
      vertex 31.175 0.69257 3.48179
      vertex 31.175 1.35853 3.27977
    endloop
  endfacet
  facet normal -1 0 0
    outer loop
      vertex 31.175 2.02959 2.90468
      vertex 31.175 0 3.55
      vertex 31.175 0.69257 3.48179
    endloop
  endfacet
  facet normal -1 0 0
    outer loop
      vertex 31.175 2.02959 2.90468
      vertex 31.175 -0.69257 3.48179
      vertex 31.175 0 3.55
    endloop
  endfacet
  facet normal -1 0 0
    outer loop
      vertex 31.175 2.02959 2.90468
      vertex 31.175 -1.35853 3.27977
      vertex 31.175 -0.69257 3.48179
    endloop
  endfacet
  facet normal -1 0 0
    outer loop
      vertex 31.175 -2.02959 2.90468
      vertex 31.175 -1.35853 3.27977
      vertex 31.175 2.02959 2.90468
    endloop
  endfacet
  facet normal -1 0 0
    outer loop
      vertex 31.175 -1.35853 3.27977
      vertex 31.175 -2.02959 2.90468
      vertex 31.175 -1.97227 2.95172
    endloop
  endfacet
  facet normal -1 0 0
    outer loop
      vertex 31.175 1.35853 -3.27977
      vertex 31.175 2.02959 -2.90468
      vertex 31.175 1.97227 -2.95172
    endloop
  endfacet
  facet normal -1 0 0
    outer loop
      vertex 31.175 0.69257 -3.48179
      vertex 31.175 2.02959 -2.90468
      vertex 31.175 1.35853 -3.27977
    endloop
  endfacet
  facet normal -1 0 0
    outer loop
      vertex 31.175 0 -3.55
      vertex 31.175 2.02959 -2.90468
      vertex 31.175 0.69257 -3.48179
    endloop
  endfacet
  facet normal -1 0 0
    outer loop
      vertex 31.175 -0.69257 -3.48179
      vertex 31.175 2.02959 -2.90468
      vertex 31.175 0 -3.55
    endloop
  endfacet
  facet normal -1 0 0
    outer loop
      vertex 31.175 -1.35853 -3.27977
      vertex 31.175 2.02959 -2.90468
      vertex 31.175 -0.69257 -3.48179
    endloop
  endfacet
  facet normal -1 0 0
    outer loop
      vertex 31.175 -2.02959 -2.90468
      vertex 31.175 -1.35853 -3.27977
      vertex 31.175 -1.97227 -2.95172
    endloop
  endfacet
  facet normal -1 0 0
    outer loop
      vertex 31.175 -1.35853 -3.27977
      vertex 31.175 -2.02959 -2.90468
      vertex 31.175 2.02959 -2.90468
    endloop
  endfacet
  facet normal 0 0.290289 -0.956939
    outer loop
      vertex 33.175 0.69257 -3.48179
      vertex 33.825 1.35853 -3.27977
      vertex 33.825 0.69257 -3.48179
    endloop
  endfacet
  facet normal 0 0.290289 -0.956939
    outer loop
      vertex 33.825 1.35853 -3.27977
      vertex 33.175 0.69257 -3.48179
      vertex 33.175 1.35853 -3.27977
    endloop
  endfacet
  facet normal 0 0.471396 -0.881922
    outer loop
      vertex 33.175 1.35853 -3.27977
      vertex 33.825 1.97227 -2.95172
      vertex 33.825 1.35853 -3.27977
    endloop
  endfacet
  facet normal 0 0.471396 -0.881922
    outer loop
      vertex 33.825 1.97227 -2.95172
      vertex 33.175 1.35853 -3.27977
      vertex 33.175 1.97227 -2.95172
    endloop
  endfacet
  facet normal 0 -0.290289 0.956939
    outer loop
      vertex 33.175 -0.69257 3.48179
      vertex 33.825 -1.35853 3.27977
      vertex 33.825 -0.69257 3.48179
    endloop
  endfacet
  facet normal 0 -0.290289 0.956939
    outer loop
      vertex 33.825 -1.35853 3.27977
      vertex 33.175 -0.69257 3.48179
      vertex 33.175 -1.35853 3.27977
    endloop
  endfacet
  facet normal -0 0.290289 0.956939
    outer loop
      vertex 33.175 1.35853 3.27977
      vertex 33.825 0.69257 3.48179
      vertex 33.825 1.35853 3.27977
    endloop
  endfacet
  facet normal 0 0.290289 0.956939
    outer loop
      vertex 33.825 0.69257 3.48179
      vertex 33.175 1.35853 3.27977
      vertex 33.175 0.69257 3.48179
    endloop
  endfacet
  facet normal -0 0.098014 0.995185
    outer loop
      vertex 33.175 0.69257 3.48179
      vertex 33.825 0 3.55
      vertex 33.825 0.69257 3.48179
    endloop
  endfacet
  facet normal 0 0.098014 0.995185
    outer loop
      vertex 33.825 0 3.55
      vertex 33.175 0.69257 3.48179
      vertex 33.175 0 3.55
    endloop
  endfacet
  facet normal 0 -0.098014 -0.995185
    outer loop
      vertex 33.175 -0.69257 -3.48179
      vertex 33.825 0 -3.55
      vertex 33.825 -0.69257 -3.48179
    endloop
  endfacet
  facet normal -0 -0.098014 -0.995185
    outer loop
      vertex 33.825 0 -3.55
      vertex 33.175 -0.69257 -3.48179
      vertex 33.175 0 -3.55
    endloop
  endfacet
  facet normal 0 0.098014 -0.995185
    outer loop
      vertex 33.175 0 -3.55
      vertex 33.825 0.69257 -3.48179
      vertex 33.825 0 -3.55
    endloop
  endfacet
  facet normal 0 0.098014 -0.995185
    outer loop
      vertex 33.825 0.69257 -3.48179
      vertex 33.175 0 -3.55
      vertex 33.175 0.69257 -3.48179
    endloop
  endfacet
  facet normal 0 0.634399 -0.773006
    outer loop
      vertex 33.175 2.15776 -2.79949
      vertex 33.825 1.97227 -2.95172
      vertex 33.175 1.97227 -2.95172
    endloop
  endfacet
  facet normal 6.80613e-09 0.634399 -0.773006
    outer loop
      vertex 33.825 1.97227 -2.95172
      vertex 33.175 2.15776 -2.79949
      vertex 33.825 2.19942 -2.7653
    endloop
  endfacet
  facet normal 6.80613e-09 -0.634399 -0.773006
    outer loop
      vertex 33.175 -2.15776 -2.79949
      vertex 33.825 -1.97227 -2.95172
      vertex 33.825 -2.19942 -2.7653
    endloop
  endfacet
  facet normal -0 -0.634399 -0.773006
    outer loop
      vertex 33.825 -1.97227 -2.95172
      vertex 33.175 -2.15776 -2.79949
      vertex 33.175 -1.97227 -2.95172
    endloop
  endfacet
  facet normal 1 0 0
    outer loop
      vertex 33.825 2.19942 -2.7653
      vertex 33.825 1.35853 -3.27977
      vertex 33.825 1.97227 -2.95172
    endloop
  endfacet
  facet normal 1 0 0
    outer loop
      vertex 33.825 2.19942 -2.7653
      vertex 33.825 0.69257 -3.48179
      vertex 33.825 1.35853 -3.27977
    endloop
  endfacet
  facet normal 1 0 0
    outer loop
      vertex 33.825 2.19942 -2.7653
      vertex 33.825 0 -3.55
      vertex 33.825 0.69257 -3.48179
    endloop
  endfacet
  facet normal 1 0 0
    outer loop
      vertex 33.825 2.19942 -2.7653
      vertex 33.825 -0.69257 -3.48179
      vertex 33.825 0 -3.55
    endloop
  endfacet
  facet normal 1 -0 0
    outer loop
      vertex 33.825 -2.19942 -2.7653
      vertex 33.825 -0.69257 -3.48179
      vertex 33.825 2.19942 -2.7653
    endloop
  endfacet
  facet normal 1 0 0
    outer loop
      vertex 33.825 -0.69257 -3.48179
      vertex 33.825 -2.19942 -2.7653
      vertex 33.825 -1.35853 -3.27977
    endloop
  endfacet
  facet normal 1 0 0
    outer loop
      vertex 33.825 -1.35853 -3.27977
      vertex 33.825 -2.19942 -2.7653
      vertex 33.825 -1.97227 -2.95172
    endloop
  endfacet
  facet normal 1 0 0
    outer loop
      vertex 33.825 1.35853 3.27977
      vertex 33.825 2.19942 2.7653
      vertex 33.825 1.97227 2.95172
    endloop
  endfacet
  facet normal 1 0 0
    outer loop
      vertex 33.825 0.69257 3.48179
      vertex 33.825 2.19942 2.7653
      vertex 33.825 1.35853 3.27977
    endloop
  endfacet
  facet normal 1 0 0
    outer loop
      vertex 33.825 0 3.55
      vertex 33.825 2.19942 2.7653
      vertex 33.825 0.69257 3.48179
    endloop
  endfacet
  facet normal 1 -0 0
    outer loop
      vertex 33.825 -0.69257 3.48179
      vertex 33.825 2.19942 2.7653
      vertex 33.825 0 3.55
    endloop
  endfacet
  facet normal 1 0 0
    outer loop
      vertex 33.825 -2.19942 2.7653
      vertex 33.825 -0.69257 3.48179
      vertex 33.825 -1.35853 3.27977
    endloop
  endfacet
  facet normal 1 0 0
    outer loop
      vertex 33.825 -2.19942 2.7653
      vertex 33.825 -1.35853 3.27977
      vertex 33.825 -1.97227 2.95172
    endloop
  endfacet
  facet normal 1 0 0
    outer loop
      vertex 33.825 -0.69257 3.48179
      vertex 33.825 -2.19942 2.7653
      vertex 33.825 2.19942 2.7653
    endloop
  endfacet
  facet normal 0 -0.471396 -0.881922
    outer loop
      vertex 33.175 -1.97227 -2.95172
      vertex 33.825 -1.35853 -3.27977
      vertex 33.825 -1.97227 -2.95172
    endloop
  endfacet
  facet normal -0 -0.471396 -0.881922
    outer loop
      vertex 33.825 -1.35853 -3.27977
      vertex 33.175 -1.97227 -2.95172
      vertex 33.175 -1.35853 -3.27977
    endloop
  endfacet
  facet normal 0 -0.290289 -0.956939
    outer loop
      vertex 33.175 -1.35853 -3.27977
      vertex 33.825 -0.69257 -3.48179
      vertex 33.825 -1.35853 -3.27977
    endloop
  endfacet
  facet normal -0 -0.290289 -0.956939
    outer loop
      vertex 33.825 -0.69257 -3.48179
      vertex 33.175 -1.35853 -3.27977
      vertex 33.175 -0.69257 -3.48179
    endloop
  endfacet
  facet normal 0 -0.098014 0.995185
    outer loop
      vertex 33.175 0 3.55
      vertex 33.825 -0.69257 3.48179
      vertex 33.825 0 3.55
    endloop
  endfacet
  facet normal 0 -0.098014 0.995185
    outer loop
      vertex 33.825 -0.69257 3.48179
      vertex 33.175 0 3.55
      vertex 33.175 -0.69257 3.48179
    endloop
  endfacet
  facet normal -0 0.471396 0.881922
    outer loop
      vertex 33.175 1.97227 2.95172
      vertex 33.825 1.35853 3.27977
      vertex 33.825 1.97227 2.95172
    endloop
  endfacet
  facet normal 0 0.471396 0.881922
    outer loop
      vertex 33.825 1.35853 3.27977
      vertex 33.175 1.97227 2.95172
      vertex 33.175 1.35853 3.27977
    endloop
  endfacet
  facet normal 0 -0.634399 0.773006
    outer loop
      vertex 33.175 -2.15776 2.79949
      vertex 33.825 -1.97227 2.95172
      vertex 33.175 -1.97227 2.95172
    endloop
  endfacet
  facet normal 6.80613e-09 -0.634399 0.773006
    outer loop
      vertex 33.825 -1.97227 2.95172
      vertex 33.175 -2.15776 2.79949
      vertex 33.825 -2.19942 2.7653
    endloop
  endfacet
  facet normal 0 -0.471396 0.881922
    outer loop
      vertex 33.175 -1.35853 3.27977
      vertex 33.825 -1.97227 2.95172
      vertex 33.825 -1.35853 3.27977
    endloop
  endfacet
  facet normal 0 -0.471396 0.881922
    outer loop
      vertex 33.825 -1.97227 2.95172
      vertex 33.175 -1.35853 3.27977
      vertex 33.175 -1.97227 2.95172
    endloop
  endfacet
  facet normal 6.80613e-09 0.634399 0.773006
    outer loop
      vertex 33.175 2.15776 2.79949
      vertex 33.825 1.97227 2.95172
      vertex 33.825 2.19942 2.7653
    endloop
  endfacet
  facet normal 0 0.634399 0.773006
    outer loop
      vertex 33.825 1.97227 2.95172
      vertex 33.175 2.15776 2.79949
      vertex 33.175 1.97227 2.95172
    endloop
  endfacet
  facet normal -1 0 0
    outer loop
      vertex 33.175 2.15776 2.79949
      vertex 33.175 1.35853 3.27977
      vertex 33.175 1.97227 2.95172
    endloop
  endfacet
  facet normal -1 0 0
    outer loop
      vertex 33.175 2.15776 2.79949
      vertex 33.175 0.69257 3.48179
      vertex 33.175 1.35853 3.27977
    endloop
  endfacet
  facet normal -1 0 0
    outer loop
      vertex 33.175 2.15776 2.79949
      vertex 33.175 0 3.55
      vertex 33.175 0.69257 3.48179
    endloop
  endfacet
  facet normal -1 0 0
    outer loop
      vertex 33.175 2.15776 2.79949
      vertex 33.175 -0.69257 3.48179
      vertex 33.175 0 3.55
    endloop
  endfacet
  facet normal -1 0 0
    outer loop
      vertex 33.175 -2.15776 2.79949
      vertex 33.175 -0.69257 3.48179
      vertex 33.175 2.15776 2.79949
    endloop
  endfacet
  facet normal -1 0 0
    outer loop
      vertex 33.175 -0.69257 3.48179
      vertex 33.175 -2.15776 2.79949
      vertex 33.175 -1.35853 3.27977
    endloop
  endfacet
  facet normal -1 0 0
    outer loop
      vertex 33.175 -1.35853 3.27977
      vertex 33.175 -2.15776 2.79949
      vertex 33.175 -1.97227 2.95172
    endloop
  endfacet
  facet normal -1 0 0
    outer loop
      vertex 33.175 1.35853 -3.27977
      vertex 33.175 2.15776 -2.79949
      vertex 33.175 1.97227 -2.95172
    endloop
  endfacet
  facet normal -1 0 0
    outer loop
      vertex 33.175 0.69257 -3.48179
      vertex 33.175 2.15776 -2.79949
      vertex 33.175 1.35853 -3.27977
    endloop
  endfacet
  facet normal -1 0 0
    outer loop
      vertex 33.175 0 -3.55
      vertex 33.175 2.15776 -2.79949
      vertex 33.175 0.69257 -3.48179
    endloop
  endfacet
  facet normal -1 0 0
    outer loop
      vertex 33.175 -0.69257 -3.48179
      vertex 33.175 2.15776 -2.79949
      vertex 33.175 0 -3.55
    endloop
  endfacet
  facet normal -1 0 0
    outer loop
      vertex 33.175 -2.15776 -2.79949
      vertex 33.175 -0.69257 -3.48179
      vertex 33.175 -1.35853 -3.27977
    endloop
  endfacet
  facet normal -1 0 0
    outer loop
      vertex 33.175 -2.15776 -2.79949
      vertex 33.175 -1.35853 -3.27977
      vertex 33.175 -1.97227 -2.95172
    endloop
  endfacet
  facet normal -1 0 0
    outer loop
      vertex 33.175 -0.69257 -3.48179
      vertex 33.175 -2.15776 -2.79949
      vertex 33.175 2.15776 -2.79949
    endloop
  endfacet
  facet normal 0 0.290289 -0.956939
    outer loop
      vertex 35.175 0.69257 -3.48179
      vertex 35.825 1.35853 -3.27977
      vertex 35.825 0.69257 -3.48179
    endloop
  endfacet
  facet normal 0 0.290289 -0.956939
    outer loop
      vertex 35.825 1.35853 -3.27977
      vertex 35.175 0.69257 -3.48179
      vertex 35.175 1.35853 -3.27977
    endloop
  endfacet
  facet normal 0 0.471396 -0.881922
    outer loop
      vertex 35.175 1.35853 -3.27977
      vertex 35.825 1.97227 -2.95172
      vertex 35.825 1.35853 -3.27977
    endloop
  endfacet
  facet normal 0 0.471396 -0.881922
    outer loop
      vertex 35.825 1.97227 -2.95172
      vertex 35.175 1.35853 -3.27977
      vertex 35.175 1.97227 -2.95172
    endloop
  endfacet
  facet normal 0 -0.290289 0.956939
    outer loop
      vertex 35.175 -0.69257 3.48179
      vertex 35.825 -1.35853 3.27977
      vertex 35.825 -0.69257 3.48179
    endloop
  endfacet
  facet normal 0 -0.290289 0.956939
    outer loop
      vertex 35.825 -1.35853 3.27977
      vertex 35.175 -0.69257 3.48179
      vertex 35.175 -1.35853 3.27977
    endloop
  endfacet
  facet normal -0 0.290289 0.956939
    outer loop
      vertex 35.175 1.35853 3.27977
      vertex 35.825 0.69257 3.48179
      vertex 35.825 1.35853 3.27977
    endloop
  endfacet
  facet normal 0 0.290289 0.956939
    outer loop
      vertex 35.825 0.69257 3.48179
      vertex 35.175 1.35853 3.27977
      vertex 35.175 0.69257 3.48179
    endloop
  endfacet
  facet normal -0 -0.995181 -0.0980581
    outer loop
      vertex 35.825 -3.55 0
      vertex 35.743 -3.55 0
      vertex 35.825 -3.53965 -0.105041
    endloop
  endfacet
  facet normal -0 0.098014 0.995185
    outer loop
      vertex 35.175 0.69257 3.48179
      vertex 35.825 0 3.55
      vertex 35.825 0.69257 3.48179
    endloop
  endfacet
  facet normal 0 0.098014 0.995185
    outer loop
      vertex 35.825 0 3.55
      vertex 35.175 0.69257 3.48179
      vertex 35.175 0 3.55
    endloop
  endfacet
  facet normal 0 -0.098014 -0.995185
    outer loop
      vertex 35.175 -0.69257 -3.48179
      vertex 35.825 0 -3.55
      vertex 35.825 -0.69257 -3.48179
    endloop
  endfacet
  facet normal -0 -0.098014 -0.995185
    outer loop
      vertex 35.825 0 -3.55
      vertex 35.175 -0.69257 -3.48179
      vertex 35.175 0 -3.55
    endloop
  endfacet
  facet normal 0 0.098014 -0.995185
    outer loop
      vertex 35.175 0 -3.55
      vertex 35.825 0.69257 -3.48179
      vertex 35.825 0 -3.55
    endloop
  endfacet
  facet normal 0 0.098014 -0.995185
    outer loop
      vertex 35.825 0.69257 -3.48179
      vertex 35.175 0 -3.55
      vertex 35.175 0.69257 -3.48179
    endloop
  endfacet
  facet normal 0 0.63439 -0.773013
    outer loop
      vertex 35.175 2.28594 -2.6943
      vertex 35.825 1.97227 -2.95172
      vertex 35.175 1.97227 -2.95172
    endloop
  endfacet
  facet normal 8.70526e-07 0.634391 -0.773012
    outer loop
      vertex 35.825 1.97227 -2.95172
      vertex 35.175 2.28594 -2.6943
      vertex 35.825 2.3276 -2.66011
    endloop
  endfacet
  facet normal 8.70526e-07 -0.634391 -0.773012
    outer loop
      vertex 35.175 -2.28594 -2.6943
      vertex 35.825 -1.97227 -2.95172
      vertex 35.825 -2.3276 -2.66011
    endloop
  endfacet
  facet normal -0 -0.63439 -0.773013
    outer loop
      vertex 35.825 -1.97227 -2.95172
      vertex 35.175 -2.28594 -2.6943
      vertex 35.175 -1.97227 -2.95172
    endloop
  endfacet
  facet normal 1 0 0
    outer loop
      vertex 35.825 2.3276 -2.66011
      vertex 35.825 1.35853 -3.27977
      vertex 35.825 1.97227 -2.95172
    endloop
  endfacet
  facet normal 1 0 0
    outer loop
      vertex 35.825 2.3276 -2.66011
      vertex 35.825 0.69257 -3.48179
      vertex 35.825 1.35853 -3.27977
    endloop
  endfacet
  facet normal 1 0 0
    outer loop
      vertex 35.825 2.3276 -2.66011
      vertex 35.825 0 -3.55
      vertex 35.825 0.69257 -3.48179
    endloop
  endfacet
  facet normal 1 0 0
    outer loop
      vertex 35.825 2.3276 -2.66011
      vertex 35.825 -0.69257 -3.48179
      vertex 35.825 0 -3.55
    endloop
  endfacet
  facet normal 1 0 0
    outer loop
      vertex 35.825 2.3276 -2.66011
      vertex 35.825 -1.35853 -3.27977
      vertex 35.825 -0.69257 -3.48179
    endloop
  endfacet
  facet normal 1 -0 0
    outer loop
      vertex 35.825 -2.3276 -2.66011
      vertex 35.825 -1.35853 -3.27977
      vertex 35.825 2.3276 -2.66011
    endloop
  endfacet
  facet normal 1 0 0
    outer loop
      vertex 35.825 -1.35853 -3.27977
      vertex 35.825 -2.3276 -2.66011
      vertex 35.825 -1.97227 -2.95172
    endloop
  endfacet
  facet normal 1 0 0
    outer loop
      vertex 35.825 -3.53965 0.105041
      vertex 35.825 -3.55 0
      vertex 35.825 -3.53965 -0.105041
    endloop
  endfacet
  facet normal 1 0 0
    outer loop
      vertex 35.825 1.35853 3.27977
      vertex 35.825 2.3276 2.66011
      vertex 35.825 1.97227 2.95172
    endloop
  endfacet
  facet normal 1 0 0
    outer loop
      vertex 35.825 0.69257 3.48179
      vertex 35.825 2.3276 2.66011
      vertex 35.825 1.35853 3.27977
    endloop
  endfacet
  facet normal 1 0 0
    outer loop
      vertex 35.825 0 3.55
      vertex 35.825 2.3276 2.66011
      vertex 35.825 0.69257 3.48179
    endloop
  endfacet
  facet normal 1 -0 0
    outer loop
      vertex 35.825 -0.69257 3.48179
      vertex 35.825 2.3276 2.66011
      vertex 35.825 0 3.55
    endloop
  endfacet
  facet normal 1 -0 0
    outer loop
      vertex 35.825 -1.35853 3.27977
      vertex 35.825 2.3276 2.66011
      vertex 35.825 -0.69257 3.48179
    endloop
  endfacet
  facet normal 1 0 0
    outer loop
      vertex 35.825 -2.3276 2.66011
      vertex 35.825 -1.35853 3.27977
      vertex 35.825 -1.97227 2.95172
    endloop
  endfacet
  facet normal 1 0 0
    outer loop
      vertex 35.825 -1.35853 3.27977
      vertex 35.825 -2.3276 2.66011
      vertex 35.825 2.3276 2.66011
    endloop
  endfacet
  facet normal 1 0 0
    outer loop
      vertex 35.825 3.53965 0.105041
      vertex 35.825 3.53965 -0.105041
      vertex 35.825 3.55 0
    endloop
  endfacet
  facet normal 0 -0.471396 -0.881922
    outer loop
      vertex 35.175 -1.97227 -2.95172
      vertex 35.825 -1.35853 -3.27977
      vertex 35.825 -1.97227 -2.95172
    endloop
  endfacet
  facet normal -0 -0.471396 -0.881922
    outer loop
      vertex 35.825 -1.35853 -3.27977
      vertex 35.175 -1.97227 -2.95172
      vertex 35.175 -1.35853 -3.27977
    endloop
  endfacet
  facet normal 0 -0.290289 -0.956939
    outer loop
      vertex 35.175 -1.35853 -3.27977
      vertex 35.825 -0.69257 -3.48179
      vertex 35.825 -1.35853 -3.27977
    endloop
  endfacet
  facet normal -0 -0.290289 -0.956939
    outer loop
      vertex 35.825 -0.69257 -3.48179
      vertex 35.175 -1.35853 -3.27977
      vertex 35.175 -0.69257 -3.48179
    endloop
  endfacet
  facet normal 0 -0.098014 0.995185
    outer loop
      vertex 35.175 0 3.55
      vertex 35.825 -0.69257 3.48179
      vertex 35.825 0 3.55
    endloop
  endfacet
  facet normal 0 -0.098014 0.995185
    outer loop
      vertex 35.825 -0.69257 3.48179
      vertex 35.175 0 3.55
      vertex 35.175 -0.69257 3.48179
    endloop
  endfacet
  facet normal 0 0.995181 -0.0980581
    outer loop
      vertex 35.825 3.53965 -0.105041
      vertex 35.743 3.55 0
      vertex 35.825 3.55 0
    endloop
  endfacet
  facet normal -0 0.471396 0.881922
    outer loop
      vertex 35.175 1.97227 2.95172
      vertex 35.825 1.35853 3.27977
      vertex 35.825 1.97227 2.95172
    endloop
  endfacet
  facet normal 0 0.471396 0.881922
    outer loop
      vertex 35.825 1.35853 3.27977
      vertex 35.175 1.97227 2.95172
      vertex 35.175 1.35853 3.27977
    endloop
  endfacet
  facet normal 0 -0.63439 0.773013
    outer loop
      vertex 35.175 -2.28594 2.6943
      vertex 35.825 -1.97227 2.95172
      vertex 35.175 -1.97227 2.95172
    endloop
  endfacet
  facet normal 8.70526e-07 -0.634391 0.773012
    outer loop
      vertex 35.825 -1.97227 2.95172
      vertex 35.175 -2.28594 2.6943
      vertex 35.825 -2.3276 2.66011
    endloop
  endfacet
  facet normal 0 -0.471396 0.881922
    outer loop
      vertex 35.175 -1.35853 3.27977
      vertex 35.825 -1.97227 2.95172
      vertex 35.825 -1.35853 3.27977
    endloop
  endfacet
  facet normal 0 -0.471396 0.881922
    outer loop
      vertex 35.825 -1.97227 2.95172
      vertex 35.175 -1.35853 3.27977
      vertex 35.175 -1.97227 2.95172
    endloop
  endfacet
  facet normal 8.70526e-07 0.634391 0.773012
    outer loop
      vertex 35.175 2.28594 2.6943
      vertex 35.825 1.97227 2.95172
      vertex 35.825 2.3276 2.66011
    endloop
  endfacet
  facet normal 0 0.63439 0.773013
    outer loop
      vertex 35.825 1.97227 2.95172
      vertex 35.175 2.28594 2.6943
      vertex 35.175 1.97227 2.95172
    endloop
  endfacet
  facet normal 0 -0.995181 0.0980581
    outer loop
      vertex 35.825 -3.53965 0.105041
      vertex 35.743 -3.55 0
      vertex 35.825 -3.55 0
    endloop
  endfacet
  facet normal 0 0.995181 0.0980581
    outer loop
      vertex 35.825 3.55 0
      vertex 35.743 3.55 0
      vertex 35.825 3.53965 0.105041
    endloop
  endfacet
  facet normal -1 0 0
    outer loop
      vertex 35.175 1.35853 -3.27977
      vertex 35.175 2.28594 -2.6943
      vertex 35.175 1.97227 -2.95172
    endloop
  endfacet
  facet normal -1 0 0
    outer loop
      vertex 35.175 0.69257 -3.48179
      vertex 35.175 2.28594 -2.6943
      vertex 35.175 1.35853 -3.27977
    endloop
  endfacet
  facet normal -1 0 0
    outer loop
      vertex 35.175 0 -3.55
      vertex 35.175 2.28594 -2.6943
      vertex 35.175 0.69257 -3.48179
    endloop
  endfacet
  facet normal -1 0 0
    outer loop
      vertex 35.175 -0.69257 -3.48179
      vertex 35.175 2.28594 -2.6943
      vertex 35.175 0 -3.55
    endloop
  endfacet
  facet normal -1 0 0
    outer loop
      vertex 35.175 -2.28594 -2.6943
      vertex 35.175 -0.69257 -3.48179
      vertex 35.175 -1.35853 -3.27977
    endloop
  endfacet
  facet normal -1 0 0
    outer loop
      vertex 35.175 -2.28594 -2.6943
      vertex 35.175 -1.35853 -3.27977
      vertex 35.175 -1.97227 -2.95172
    endloop
  endfacet
  facet normal -1 0 0
    outer loop
      vertex 35.175 -0.69257 -3.48179
      vertex 35.175 -2.28594 -2.6943
      vertex 35.175 2.28594 -2.6943
    endloop
  endfacet
  facet normal -1 0 0
    outer loop
      vertex 35.175 2.28594 2.6943
      vertex 35.175 1.35853 3.27977
      vertex 35.175 1.97227 2.95172
    endloop
  endfacet
  facet normal -1 0 0
    outer loop
      vertex 35.175 2.28594 2.6943
      vertex 35.175 0.69257 3.48179
      vertex 35.175 1.35853 3.27977
    endloop
  endfacet
  facet normal -1 0 0
    outer loop
      vertex 35.175 2.28594 2.6943
      vertex 35.175 0 3.55
      vertex 35.175 0.69257 3.48179
    endloop
  endfacet
  facet normal -1 0 0
    outer loop
      vertex 35.175 2.28594 2.6943
      vertex 35.175 -0.69257 3.48179
      vertex 35.175 0 3.55
    endloop
  endfacet
  facet normal -1 0 0
    outer loop
      vertex 35.175 -2.28594 2.6943
      vertex 35.175 -0.69257 3.48179
      vertex 35.175 2.28594 2.6943
    endloop
  endfacet
  facet normal -1 0 0
    outer loop
      vertex 35.175 -0.69257 3.48179
      vertex 35.175 -2.28594 2.6943
      vertex 35.175 -1.35853 3.27977
    endloop
  endfacet
  facet normal -1 0 0
    outer loop
      vertex 35.175 -1.35853 3.27977
      vertex 35.175 -2.28594 2.6943
      vertex 35.175 -1.97227 2.95172
    endloop
  endfacet
  facet normal 0.332158 -0.801787 0.496799
    outer loop
      vertex 37.4619 -3.2001 1.98268
      vertex 37.2053 -3.16632 2.20876
      vertex 37.2391 -3.2924 1.98268
    endloop
  endfacet
  facet normal 0.0998414 0.490617 0.865637
    outer loop
      vertex 30.1815 3.81143 2.73128
      vertex 37.099 2.76964 2.52388
      vertex 37.1576 2.98802 2.39335
    endloop
  endfacet
  facet normal 0.099847 0.490659 0.865612
    outer loop
      vertex 37.099 2.76964 2.52388
      vertex 30.1815 3.81143 2.73128
      vertex 30.1616 3.75458 2.7658
    endloop
  endfacet
  facet normal 0.0571149 -0.0437234 0.99741
    outer loop
      vertex 30.0478 -3.22048 2.96291
      vertex 37.0923 -2.4923 2.59144
      vertex 37.113 -2.46526 2.59144
    endloop
  endfacet
  facet normal 0.0571456 -0.0440278 0.997395
    outer loop
      vertex 37.0923 -2.4923 2.59144
      vertex 30.0478 -3.22048 2.96291
      vertex 30.048 -3.22679 2.96262
    endloop
  endfacet
  facet normal 0.0607926 0.0791417 -0.995008
    outer loop
      vertex 30.0485 3.2489 -2.96162
      vertex 37.0653 2.51304 -2.59144
      vertex 37.0923 2.4923 -2.59144
    endloop
  endfacet
  facet normal 0.0607363 0.0785809 -0.995056
    outer loop
      vertex 37.0653 2.51304 -2.59144
      vertex 30.0485 3.2489 -2.96162
      vertex 30.0488 3.25348 -2.96124
    endloop
  endfacet
  facet normal 0.158775 0.207053 0.96536
    outer loop
      vertex 37.1913 2.73141 2.52388
      vertex 37.0653 2.51304 2.59144
      vertex 37.2706 2.6706 2.52388
    endloop
  endfacet
  facet normal 0.958259 0.126234 -0.256524
    outer loop
      vertex 37.9239 2.4 -1.98268
      vertex 37.8924 2.63912 -1.98268
      vertex 37.9914 2.4 -1.73053
    endloop
  endfacet
  facet normal 0.0998468 0.490658 -0.865613
    outer loop
      vertex 37.099 2.76964 -2.52388
      vertex 30.0945 3.56313 -2.88206
      vertex 30.1616 3.75458 -2.7658
    endloop
  endfacet
  facet normal 0.271718 0.656154 -0.70401
    outer loop
      vertex 37.3967 3.08706 -2.20876
      vertex 37.1576 2.98802 -2.39335
      vertex 37.2053 3.16632 -2.20876
    endloop
  endfacet
  facet normal 0.892912 -0.369876 -0.256711
    outer loop
      vertex 37.8586 -2.89572 -1.73053
      vertex 37.8001 -2.86194 -1.98268
      vertex 37.8924 -2.63912 -1.98268
    endloop
  endfacet
  facet normal 0.207106 0.158546 0.965386
    outer loop
      vertex 37.3314 2.59134 2.52388
      vertex 37.0923 2.4923 2.59144
      vertex 37.113 2.46526 2.59144
    endloop
  endfacet
  facet normal 0.563425 -0.432132 -0.704141
    outer loop
      vertex 37.6871 -2.79668 -2.20876
      vertex 37.4305 -2.83046 -2.39335
      vertex 37.5272 -2.70438 -2.39335
    endloop
  endfacet
  facet normal 0.12681 0.858133 -0.497521
    outer loop
      vertex 37.2053 3.16632 -2.20876
      vertex 30.2889 4.15894 -2.25955
      vertex 37.2391 3.2924 -1.98268
    endloop
  endfacet
  facet normal 0.126812 0.858147 -0.497496
    outer loop
      vertex 30.2889 4.15894 -2.25955
      vertex 37.2053 3.16632 -2.20876
      vertex 30.2889 4.12433 -2.31925
    endloop
  endfacet
  facet normal 0.192557 0.464897 0.864172
    outer loop
      vertex 37.3044 2.9272 2.39335
      vertex 37.099 2.76964 2.52388
      vertex 37.1913 2.73141 2.52388
    endloop
  endfacet
  facet normal 0.126809 0.858117 0.497548
    outer loop
      vertex 30.2889 4.09509 2.36968
      vertex 37.2053 3.16632 2.20876
      vertex 30.2889 4.12433 2.31925
    endloop
  endfacet
  facet normal 0.12681 0.858133 0.497521
    outer loop
      vertex 37.2053 3.16632 2.20876
      vertex 30.2889 4.09509 2.36968
      vertex 30.2489 4.01447 2.51893
    endloop
  endfacet
  facet normal 0.704015 -0.0929393 -0.704077
    outer loop
      vertex 37.7663 -2.60533 -2.20876
      vertex 37.588 -2.55756 -2.39335
      vertex 37.6088 -2.4 -2.39335
    endloop
  endfacet
  facet normal 0.958216 -0.125845 0.256876
    outer loop
      vertex 37.9914 -2.4 1.73053
      vertex 37.8924 -2.63912 1.98268
      vertex 37.9577 -2.6566 1.73053
    endloop
  endfacet
  facet normal 0.129638 0.957703 -0.256903
    outer loop
      vertex 37.2391 3.2924 -1.98268
      vertex 30.2889 4.2 -2.10647
      vertex 30.2864 4.21892 -2.0372
    endloop
  endfacet
  facet normal 0.129639 0.957708 -0.256882
    outer loop
      vertex 30.2889 4.2 -2.10647
      vertex 37.2391 3.2924 -1.98268
      vertex 30.2889 4.15894 -2.25955
    endloop
  endfacet
  facet normal 0.432242 -0.563425 -0.704074
    outer loop
      vertex 37.3967 -3.08706 -2.20876
      vertex 37.3044 -2.9272 -2.39335
      vertex 37.4305 -2.83046 -2.39335
    endloop
  endfacet
  facet normal 0.130518 -0.991446 0
    outer loop
      vertex 37 -3.39144 -1.73053
      vertex 37.2566 -3.35766 1.73053
      vertex 37 -3.39144 1.73053
    endloop
  endfacet
  facet normal 0.130518 -0.991446 0
    outer loop
      vertex 37.2566 -3.35766 1.73053
      vertex 37 -3.39144 -1.73053
      vertex 37.2566 -3.35766 -1.73053
    endloop
  endfacet
  facet normal 0.126809 -0.858117 -0.497548
    outer loop
      vertex 30.2889 -4.09509 -2.36968
      vertex 37.2053 -3.16632 -2.20876
      vertex 30.2889 -4.12433 -2.31925
    endloop
  endfacet
  facet normal 0.12681 -0.858133 -0.497521
    outer loop
      vertex 37.2053 -3.16632 -2.20876
      vertex 30.2889 -4.09509 -2.36968
      vertex 30.2489 -4.01447 -2.51893
    endloop
  endfacet
  facet normal 0.125145 -0.992138 -4.43217e-07
    outer loop
      vertex 30.2838 -4.2386 1.96107
      vertex 35.825 -3.53965 0.105041
      vertex 37 -3.39144 1.73053
    endloop
  endfacet
  facet normal 0.125162 -0.992136 5.06981e-05
    outer loop
      vertex 30.2838 -4.2386 1.96107
      vertex 35.743 -3.55 0
      vertex 35.825 -3.53965 0.105041
    endloop
  endfacet
  facet normal 0.125144 -0.992139 0
    outer loop
      vertex 30.2838 -4.2386 -1.96107
      vertex 35.743 -3.55 0
      vertex 30.2838 -4.2386 1.96107
    endloop
  endfacet
  facet normal 0.125162 -0.992136 -5.06981e-05
    outer loop
      vertex 35.743 -3.55 0
      vertex 30.2838 -4.2386 -1.96107
      vertex 35.825 -3.53965 -0.105041
    endloop
  endfacet
  facet normal 0.125145 -0.992138 4.43217e-07
    outer loop
      vertex 35.825 -3.53965 -0.105041
      vertex 30.2838 -4.2386 -1.96107
      vertex 37 -3.39144 -1.73053
    endloop
  endfacet
  facet normal 0.125145 -0.992139 0
    outer loop
      vertex 35.825 -3.53965 -0.105041
      vertex 37 -3.39144 1.73053
      vertex 35.825 -3.53965 0.105041
    endloop
  endfacet
  facet normal 0.125145 -0.992139 0
    outer loop
      vertex 37 -3.39144 1.73053
      vertex 35.825 -3.53965 -0.105041
      vertex 37 -3.39144 -1.73053
    endloop
  endfacet
  facet normal 0.0532776 -0.00717864 0.998554
    outer loop
      vertex 37.1261 -2.43378 2.59144
      vertex 30.0472 -3.15608 2.96394
      vertex 30.0473 -3.18594 2.96372
    endloop
  endfacet
  facet normal 0.399271 -0.306279 0.864162
    outer loop
      vertex 37.3314 -2.59134 2.52388
      vertex 37.2706 -2.6706 2.52388
      vertex 37.5272 -2.70438 2.39335
    endloop
  endfacet
  facet normal 0.0998439 0.241056 0.965362
    outer loop
      vertex 37.099 2.76964 2.52388
      vertex 37.0653 2.51304 2.59144
      vertex 37.1913 2.73141 2.52388
    endloop
  endfacet
  facet normal 0.192594 -0.464859 -0.864184
    outer loop
      vertex 37.1576 -2.98802 -2.39335
      vertex 37.099 -2.76964 -2.52388
      vertex 37.3044 -2.9272 -2.39335
    endloop
  endfacet
  facet normal 0.688611 -0.528316 -0.496687
    outer loop
      vertex 37.8001 -2.86194 -1.98268
      vertex 37.6533 -3.05328 -1.98268
      vertex 37.6871 -2.79668 -2.20876
    endloop
  endfacet
  facet normal 0.464908 0.192524 -0.864173
    outer loop
      vertex 37.588 2.55756 -2.39335
      vertex 37.3696 2.49905 -2.52388
      vertex 37.5272 2.70438 -2.39335
    endloop
  endfacet
  facet normal 0.0998414 0.490617 -0.865637
    outer loop
      vertex 37.099 2.76964 -2.52388
      vertex 30.1815 3.81143 -2.73128
      vertex 37.1576 2.98802 -2.39335
    endloop
  endfacet
  facet normal 0.099847 0.490659 -0.865612
    outer loop
      vertex 30.1815 3.81143 -2.73128
      vertex 37.099 2.76964 -2.52388
      vertex 30.1616 3.75458 -2.7658
    endloop
  endfacet
  facet normal 0.126809 0.858117 -0.497548
    outer loop
      vertex 37.2053 3.16632 -2.20876
      vertex 30.2889 4.09509 -2.36968
      vertex 30.2889 4.12433 -2.31925
    endloop
  endfacet
  facet normal 0.12681 0.858133 -0.497521
    outer loop
      vertex 30.2889 4.09509 -2.36968
      vertex 37.2053 3.16632 -2.20876
      vertex 30.2489 4.01447 -2.51893
    endloop
  endfacet
  facet normal 0.688611 0.528316 0.496687
    outer loop
      vertex 37.8001 2.86194 1.98268
      vertex 37.6533 3.05328 1.98268
      vertex 37.6871 2.79668 2.20876
    endloop
  endfacet
  facet normal 0.766805 -0.588308 -0.256717
    outer loop
      vertex 37.8586 -2.89572 -1.73053
      vertex 37.6533 -3.05328 -1.98268
      vertex 37.8001 -2.86194 -1.98268
    endloop
  endfacet
  facet normal 0.432314 -0.56341 -0.704041
    outer loop
      vertex 37.561 -2.96099 -2.20876
      vertex 37.3967 -3.08706 -2.20876
      vertex 37.4305 -2.83046 -2.39335
    endloop
  endfacet
  facet normal 0.12681 -0.858133 -0.497521
    outer loop
      vertex 30.2889 -4.15894 -2.25955
      vertex 37.2053 -3.16632 -2.20876
      vertex 37.2391 -3.2924 -1.98268
    endloop
  endfacet
  facet normal 0.126812 -0.858147 -0.497496
    outer loop
      vertex 37.2053 -3.16632 -2.20876
      vertex 30.2889 -4.15894 -2.25955
      vertex 30.2889 -4.12433 -2.31925
    endloop
  endfacet
  facet normal 0.0998414 -0.490617 -0.865637
    outer loop
      vertex 30.1815 -3.81143 -2.73128
      vertex 37.099 -2.76964 -2.52388
      vertex 37.1576 -2.98802 -2.39335
    endloop
  endfacet
  facet normal 0.099847 -0.490659 -0.865612
    outer loop
      vertex 37.099 -2.76964 -2.52388
      vertex 30.1815 -3.81143 -2.73128
      vertex 30.1616 -3.75458 -2.7658
    endloop
  endfacet
  facet normal 0.11669 -0.699086 0.705452
    outer loop
      vertex 37.2053 -3.16632 2.20876
      vertex 30.2052 -3.85727 2.68194
      vertex 30.2489 -4.01447 2.51893
    endloop
  endfacet
  facet normal 0.498885 0.0659807 0.864153
    outer loop
      vertex 37.6088 2.4 2.39335
      vertex 37.3696 2.49905 2.52388
      vertex 37.3827 2.4 2.52388
    endloop
  endfacet
  facet normal 0.588228 -0.766832 0.25682
    outer loop
      vertex 37.7011 -3.10106 1.73053
      vertex 37.4619 -3.2001 1.98268
      vertex 37.4957 -3.25862 1.73053
    endloop
  endfacet
  facet normal 0.369899 -0.892887 -0.256764
    outer loop
      vertex 37.2566 -3.35766 -1.73053
      vertex 37.2391 -3.2924 -1.98268
      vertex 37.4619 -3.2001 -1.98268
    endloop
  endfacet
  facet normal 0.892811 -0.370013 -0.256864
    outer loop
      vertex 37.9577 -2.6566 -1.73053
      vertex 37.8586 -2.89572 -1.73053
      vertex 37.8924 -2.63912 -1.98268
    endloop
  endfacet
  facet normal 0.965906 -0 0.258893
    outer loop
      vertex 37.9239 -2.4 1.98268
      vertex 37.9349 -1.41068 1.94164
      vertex 37.9239 -1.34371 1.98268
    endloop
  endfacet
  facet normal 0.965998 -1.52178e-05 0.258551
    outer loop
      vertex 37.9239 -2.4 1.98268
      vertex 37.9914 -1.65787 1.73053
      vertex 37.9349 -1.41068 1.94164
    endloop
  endfacet
  facet normal 0.965987 0 0.258592
    outer loop
      vertex 37.9914 -1.65787 1.73053
      vertex 37.9239 -2.4 1.98268
      vertex 37.9914 -2.4 1.73053
    endloop
  endfacet
  facet normal 0.965987 0 0.258592
    outer loop
      vertex 37.9239 2.4 1.98268
      vertex 37.9914 1.65787 1.73053
      vertex 37.9914 2.4 1.73053
    endloop
  endfacet
  facet normal 0.965998 1.52178e-05 0.258551
    outer loop
      vertex 37.9239 2.4 1.98268
      vertex 37.9349 1.41068 1.94164
      vertex 37.9914 1.65787 1.73053
    endloop
  endfacet
  facet normal 0.965906 0 0.258893
    outer loop
      vertex 37.9349 1.41068 1.94164
      vertex 37.9239 2.4 1.98268
      vertex 37.9239 1.34371 1.98268
    endloop
  endfacet
  facet normal 0.241093 -0.0997915 0.965358
    outer loop
      vertex 37.3696 -2.49905 2.52388
      vertex 37.1261 -2.43378 2.59144
      vertex 37.3314 -2.59134 2.52388
    endloop
  endfacet
  facet normal 0.0997929 0.241064 0.965365
    outer loop
      vertex 37.099 2.76964 2.52388
      vertex 37.0338 2.52608 2.59144
      vertex 37.0653 2.51304 2.59144
    endloop
  endfacet
  facet normal 0.399281 -0.306238 0.864172
    outer loop
      vertex 37.5272 -2.70438 2.39335
      vertex 37.2706 -2.6706 2.52388
      vertex 37.4305 -2.83046 2.39335
    endloop
  endfacet
  facet normal 0.128947 -0.9786 0.160359
    outer loop
      vertex 37 -3.39144 1.73053
      vertex 30.284 -4.23695 1.97117
      vertex 30.284 -4.23734 1.96879
    endloop
  endfacet
  facet normal 0.128897 -0.979132 0.157119
    outer loop
      vertex 30.284 -4.23695 1.97117
      vertex 37 -3.39144 1.73053
      vertex 37.2566 -3.35766 1.73053
    endloop
  endfacet
  facet normal 0.158913 -0.206879 0.965374
    outer loop
      vertex 37.0923 -2.4923 2.59144
      vertex 37.0653 -2.51304 2.59144
      vertex 37.2706 -2.6706 2.52388
    endloop
  endfacet
  facet normal 0.0773932 -0.247193 0.965871
    outer loop
      vertex 37.099 -2.76964 2.52388
      vertex 30.0607 -3.34521 2.94054
      vertex 30.0945 -3.56313 2.88206
    endloop
  endfacet
  facet normal 0.704028 0.0929196 -0.704067
    outer loop
      vertex 37.7934 2.4 -2.20876
      vertex 37.6088 2.4 -2.39335
      vertex 37.7663 2.60533 -2.20876
    endloop
  endfacet
  facet normal 0.563379 -0.432366 -0.704034
    outer loop
      vertex 37.561 -2.96099 -2.20876
      vertex 37.4305 -2.83046 -2.39335
      vertex 37.6871 -2.79668 -2.20876
    endloop
  endfacet
  facet normal 0.306179 0.399277 -0.864195
    outer loop
      vertex 37.2706 2.6706 -2.52388
      vertex 37.1913 2.73141 -2.52388
      vertex 37.3044 2.9272 -2.39335
    endloop
  endfacet
  facet normal 0.271806 0.656053 -0.704071
    outer loop
      vertex 37.3044 2.9272 -2.39335
      vertex 37.1576 2.98802 -2.39335
      vertex 37.3967 3.08706 -2.20876
    endloop
  endfacet
  facet normal 0.528261 0.68866 -0.496677
    outer loop
      vertex 37.6533 3.05328 -1.98268
      vertex 37.3967 3.08706 -2.20876
      vertex 37.4619 3.2001 -1.98268
    endloop
  endfacet
  facet normal 0.563425 0.432132 -0.704141
    outer loop
      vertex 37.5272 2.70438 -2.39335
      vertex 37.4305 2.83046 -2.39335
      vertex 37.6871 2.79668 -2.20876
    endloop
  endfacet
  facet normal 0.192594 0.464859 -0.864184
    outer loop
      vertex 37.3044 2.9272 -2.39335
      vertex 37.099 2.76964 -2.52388
      vertex 37.1576 2.98802 -2.39335
    endloop
  endfacet
  facet normal 0.0998439 -0.241056 -0.965362
    outer loop
      vertex 37.099 -2.76964 -2.52388
      vertex 37.0653 -2.51304 -2.59144
      vertex 37.1913 -2.73141 -2.52388
    endloop
  endfacet
  facet normal 0.0698214 0.168658 -0.983199
    outer loop
      vertex 37.0653 2.51304 -2.59144
      vertex 30.0495 3.26927 -2.95994
      vertex 30.0504 3.2777 -2.95843
    endloop
  endfacet
  facet normal 0.11669 -0.699086 -0.705452
    outer loop
      vertex 30.2489 -4.01447 -2.51893
      vertex 30.2052 -3.85727 -2.68194
      vertex 37.2053 -3.16632 -2.20876
    endloop
  endfacet
  facet normal 0.608642 -0.793445 0
    outer loop
      vertex 37.4957 -3.25862 -1.73053
      vertex 37.7011 -3.10106 1.73053
      vertex 37.4957 -3.25862 1.73053
    endloop
  endfacet
  facet normal 0.608642 -0.793445 0
    outer loop
      vertex 37.7011 -3.10106 1.73053
      vertex 37.4957 -3.25862 -1.73053
      vertex 37.7011 -3.10106 -1.73053
    endloop
  endfacet
  facet normal 0.588228 0.766832 -0.25682
    outer loop
      vertex 37.7011 3.10106 -1.73053
      vertex 37.4619 3.2001 -1.98268
      vertex 37.4957 3.25862 -1.73053
    endloop
  endfacet
  facet normal 0.129638 -0.957703 -0.256903
    outer loop
      vertex 30.2889 -4.2 -2.10647
      vertex 37.2391 -3.2924 -1.98268
      vertex 30.2864 -4.21892 -2.0372
    endloop
  endfacet
  facet normal 0.129639 -0.957708 -0.256882
    outer loop
      vertex 37.2391 -3.2924 -1.98268
      vertex 30.2889 -4.2 -2.10647
      vertex 30.2889 -4.15894 -2.25955
    endloop
  endfacet
  facet normal 0.129639 -0.957712 -0.256867
    outer loop
      vertex 30.284 -4.23695 -1.97117
      vertex 37.2391 -3.2924 -1.98268
      vertex 37.2566 -3.35766 -1.73053
    endloop
  endfacet
  facet normal 0.129641 -0.957729 -0.256803
    outer loop
      vertex 37.2391 -3.2924 -1.98268
      vertex 30.284 -4.23695 -1.97117
      vertex 30.2864 -4.21892 -2.0372
    endloop
  endfacet
  facet normal 0.707029 -1.46989e-05 -0.707185
    outer loop
      vertex 37.6088 2.4 -2.39335
      vertex 37.7934 0.919747 -2.20876
      vertex 37.7196 0.74164 -2.28254
    endloop
  endfacet
  facet normal 0.707145 8.68921e-07 -0.707068
    outer loop
      vertex 37.6088 2.4 -2.39335
      vertex 37.7196 0.74164 -2.28254
      vertex 37.6317 0.375443 -2.37045
    endloop
  endfacet
  facet normal 0.707088 0 -0.707126
    outer loop
      vertex 37.7934 0.919747 -2.20876
      vertex 37.6088 2.4 -2.39335
      vertex 37.7934 2.4 -2.20876
    endloop
  endfacet
  facet normal 0.707107 0 -0.707107
    outer loop
      vertex 37.6088 2.4 -2.39335
      vertex 37.6317 0.375443 -2.37045
      vertex 37.6088 0.0844603 -2.39335
    endloop
  endfacet
  facet normal 0.707088 0 -0.707126
    outer loop
      vertex 37.6088 -2.4 -2.39335
      vertex 37.7934 -0.919747 -2.20876
      vertex 37.7934 -2.4 -2.20876
    endloop
  endfacet
  facet normal 0.707029 1.46989e-05 -0.707185
    outer loop
      vertex 37.7934 -0.919747 -2.20876
      vertex 37.6088 -2.4 -2.39335
      vertex 37.7196 -0.74164 -2.28254
    endloop
  endfacet
  facet normal 0.707145 -8.68921e-07 -0.707068
    outer loop
      vertex 37.7196 -0.74164 -2.28254
      vertex 37.6088 -2.4 -2.39335
      vertex 37.6317 -0.375443 -2.37045
    endloop
  endfacet
  facet normal 0.707107 0 -0.707107
    outer loop
      vertex 37.6317 -0.375443 -2.37045
      vertex 37.6088 -2.4 -2.39335
      vertex 37.6088 -0.0844603 -2.39335
    endloop
  endfacet
  facet normal 0.332158 -0.801787 -0.496799
    outer loop
      vertex 37.2391 -3.2924 -1.98268
      vertex 37.2053 -3.16632 -2.20876
      vertex 37.4619 -3.2001 -1.98268
    endloop
  endfacet
  facet normal 0.332158 0.801787 0.496799
    outer loop
      vertex 37.2391 3.2924 1.98268
      vertex 37.2053 3.16632 2.20876
      vertex 37.4619 3.2001 1.98268
    endloop
  endfacet
  facet normal 0.11669 0.699086 0.705452
    outer loop
      vertex 30.2489 4.01447 2.51893
      vertex 30.2052 3.85727 2.68194
      vertex 37.2053 3.16632 2.20876
    endloop
  endfacet
  facet normal 0.126812 0.858147 0.497496
    outer loop
      vertex 37.2053 3.16632 2.20876
      vertex 30.2889 4.15894 2.25955
      vertex 30.2889 4.12433 2.31925
    endloop
  endfacet
  facet normal 0.12681 0.858133 0.497521
    outer loop
      vertex 30.2889 4.15894 2.25955
      vertex 37.2053 3.16632 2.20876
      vertex 37.2391 3.2924 1.98268
    endloop
  endfacet
  facet normal 0.688491 0.528384 0.496781
    outer loop
      vertex 37.6533 3.05328 1.98268
      vertex 37.561 2.96099 2.20876
      vertex 37.6871 2.79668 2.20876
    endloop
  endfacet
  facet normal 0.11669 0.699103 0.705435
    outer loop
      vertex 30.2052 3.85727 2.68194
      vertex 37.1576 2.98802 2.39335
      vertex 37.2053 3.16632 2.20876
    endloop
  endfacet
  facet normal 0.116671 0.698873 0.705666
    outer loop
      vertex 30.201 3.84227 2.69749
      vertex 37.1576 2.98802 2.39335
      vertex 30.2052 3.85727 2.68194
    endloop
  endfacet
  facet normal 0.11669 0.699116 0.705422
    outer loop
      vertex 37.1576 2.98802 2.39335
      vertex 30.201 3.84227 2.69749
      vertex 30.1815 3.81143 2.73128
    endloop
  endfacet
  facet normal 0.271718 -0.656154 0.70401
    outer loop
      vertex 37.3967 -3.08706 2.20876
      vertex 37.1576 -2.98802 2.39335
      vertex 37.2053 -3.16632 2.20876
    endloop
  endfacet
  facet normal 0.399281 0.306238 0.864172
    outer loop
      vertex 37.4305 2.83046 2.39335
      vertex 37.2706 2.6706 2.52388
      vertex 37.5272 2.70438 2.39335
    endloop
  endfacet
  facet normal 0.608642 0.793445 -0
    outer loop
      vertex 37.7011 3.10106 -1.73053
      vertex 37.4957 3.25862 1.73053
      vertex 37.7011 3.10106 1.73053
    endloop
  endfacet
  facet normal 0.608642 0.793445 0
    outer loop
      vertex 37.4957 3.25862 1.73053
      vertex 37.7011 3.10106 -1.73053
      vertex 37.4957 3.25862 -1.73053
    endloop
  endfacet
  facet normal 0.766805 -0.588308 0.256717
    outer loop
      vertex 37.8001 -2.86194 1.98268
      vertex 37.6533 -3.05328 1.98268
      vertex 37.8586 -2.89572 1.73053
    endloop
  endfacet
  facet normal 0.11669 -0.699103 0.705435
    outer loop
      vertex 37.1576 -2.98802 2.39335
      vertex 30.2052 -3.85727 2.68194
      vertex 37.2053 -3.16632 2.20876
    endloop
  endfacet
  facet normal 0.116671 -0.698873 0.705666
    outer loop
      vertex 37.1576 -2.98802 2.39335
      vertex 30.201 -3.84227 2.69749
      vertex 30.2052 -3.85727 2.68194
    endloop
  endfacet
  facet normal 0.11669 -0.699116 0.705422
    outer loop
      vertex 30.201 -3.84227 2.69749
      vertex 37.1576 -2.98802 2.39335
      vertex 30.1815 -3.81143 2.73128
    endloop
  endfacet
  facet normal 0.0532532 -0.00693648 0.998557
    outer loop
      vertex 30.0472 -3.14767 2.964
      vertex 37.1261 -2.43378 2.59144
      vertex 37.1305 -2.4 2.59144
    endloop
  endfacet
  facet normal 0.053272 -0.00712405 0.998555
    outer loop
      vertex 37.1261 -2.43378 2.59144
      vertex 30.0472 -3.14767 2.964
      vertex 30.0472 -3.15608 2.96394
    endloop
  endfacet
  facet normal 0.0998468 -0.490658 0.865613
    outer loop
      vertex 37.099 -2.76964 2.52388
      vertex 30.0945 -3.56313 2.88206
      vertex 30.1616 -3.75458 2.7658
    endloop
  endfacet
  facet normal 0.0773937 -0.2472 0.965869
    outer loop
      vertex 37.0338 -2.52608 2.59144
      vertex 30.0607 -3.34521 2.94054
      vertex 37.099 -2.76964 2.52388
    endloop
  endfacet
  facet normal 0.07739 -0.247165 0.965878
    outer loop
      vertex 30.0607 -3.34521 2.94054
      vertex 37.0338 -2.52608 2.59144
      vertex 30.0506 -3.28022 2.95798
    endloop
  endfacet
  facet normal 0.0998468 0.490658 0.865613
    outer loop
      vertex 30.1616 3.75458 2.7658
      vertex 30.0945 3.56313 2.88206
      vertex 37.099 2.76964 2.52388
    endloop
  endfacet
  facet normal 0.240789 0.100201 0.965391
    outer loop
      vertex 37.3314 2.59134 2.52388
      vertex 37.113 2.46526 2.59144
      vertex 37.1261 2.43378 2.59144
    endloop
  endfacet
  facet normal 0.258672 0.0342111 0.965359
    outer loop
      vertex 37.3696 2.49905 2.52388
      vertex 37.1261 2.43378 2.59144
      vertex 37.3827 2.4 2.52388
    endloop
  endfacet
  facet normal 0.0548955 -0.0225625 0.998237
    outer loop
      vertex 37.1261 -2.43378 2.59144
      vertex 30.0473 -3.18594 2.96372
      vertex 30.0477 -3.21284 2.96309
    endloop
  endfacet
  facet normal 0.069951 0.169977 0.982962
    outer loop
      vertex 30.0504 3.2777 2.95843
      vertex 37.0338 2.52608 2.59144
      vertex 30.0506 3.28022 2.95798
    endloop
  endfacet
  facet normal 0.0698221 0.168665 0.983197
    outer loop
      vertex 37.0338 2.52608 2.59144
      vertex 30.0504 3.2777 2.95843
      vertex 37.0653 2.51304 2.59144
    endloop
  endfacet
  facet normal 0.258759 0 -0.965942
    outer loop
      vertex 37.1305 -2.4 -2.59144
      vertex 37.3827 2.4 -2.52388
      vertex 37.3827 -2.4 -2.52388
    endloop
  endfacet
  facet normal 0.258759 0 -0.965942
    outer loop
      vertex 37.3827 2.4 -2.52388
      vertex 37.1305 -2.4 -2.59144
      vertex 37.1305 2.4 -2.59144
    endloop
  endfacet
  facet normal 0.258612 0.0336854 -0.965394
    outer loop
      vertex 37.1305 2.4 -2.59144
      vertex 37.1261 2.43378 -2.59144
      vertex 37.3827 2.4 -2.52388
    endloop
  endfacet
  facet normal 0.766855 0.588194 0.25683
    outer loop
      vertex 37.7011 3.10106 1.73053
      vertex 37.6533 3.05328 1.98268
      vertex 37.8586 2.89572 1.73053
    endloop
  endfacet
  facet normal 0.766855 0.588194 -0.25683
    outer loop
      vertex 37.8586 2.89572 -1.73053
      vertex 37.6533 3.05328 -1.98268
      vertex 37.7011 3.10106 -1.73053
    endloop
  endfacet
  facet normal 0.11669 -0.699103 -0.705435
    outer loop
      vertex 30.2052 -3.85727 -2.68194
      vertex 37.1576 -2.98802 -2.39335
      vertex 37.2053 -3.16632 -2.20876
    endloop
  endfacet
  facet normal 0.116671 -0.698873 -0.705666
    outer loop
      vertex 30.201 -3.84227 -2.69749
      vertex 37.1576 -2.98802 -2.39335
      vertex 30.2052 -3.85727 -2.68194
    endloop
  endfacet
  facet normal 0.11669 -0.699116 -0.705422
    outer loop
      vertex 37.1576 -2.98802 -2.39335
      vertex 30.201 -3.84227 -2.69749
      vertex 30.1815 -3.81143 -2.73128
    endloop
  endfacet
  facet normal 0.0998468 -0.490658 -0.865613
    outer loop
      vertex 30.1616 -3.75458 -2.7658
      vertex 30.0945 -3.56313 -2.88206
      vertex 37.099 -2.76964 -2.52388
    endloop
  endfacet
  facet normal 0.464975 0.192459 -0.864151
    outer loop
      vertex 37.3696 2.49905 -2.52388
      vertex 37.3314 2.59134 -2.52388
      vertex 37.5272 2.70438 -2.39335
    endloop
  endfacet
  facet normal 0.0998439 0.241056 -0.965362
    outer loop
      vertex 37.1913 2.73141 -2.52388
      vertex 37.0653 2.51304 -2.59144
      vertex 37.099 2.76964 -2.52388
    endloop
  endfacet
  facet normal 0.369899 0.892887 -0.256764
    outer loop
      vertex 37.4619 3.2001 -1.98268
      vertex 37.2391 3.2924 -1.98268
      vertex 37.2566 3.35766 -1.73053
    endloop
  endfacet
  facet normal 0.432242 0.563425 -0.704074
    outer loop
      vertex 37.4305 2.83046 -2.39335
      vertex 37.3044 2.9272 -2.39335
      vertex 37.3967 3.08706 -2.20876
    endloop
  endfacet
  facet normal 0.563379 0.432366 -0.704034
    outer loop
      vertex 37.6871 2.79668 -2.20876
      vertex 37.4305 2.83046 -2.39335
      vertex 37.561 2.96099 -2.20876
    endloop
  endfacet
  facet normal 0.892912 0.369876 0.256711
    outer loop
      vertex 37.8586 2.89572 1.73053
      vertex 37.8001 2.86194 1.98268
      vertex 37.8924 2.63912 1.98268
    endloop
  endfacet
  facet normal 0.192557 0.464897 -0.864172
    outer loop
      vertex 37.1913 2.73141 -2.52388
      vertex 37.099 2.76964 -2.52388
      vertex 37.3044 2.9272 -2.39335
    endloop
  endfacet
  facet normal 0.158775 0.207053 -0.96536
    outer loop
      vertex 37.2706 2.6706 -2.52388
      vertex 37.0653 2.51304 -2.59144
      vertex 37.1913 2.73141 -2.52388
    endloop
  endfacet
  facet normal 0.0997929 0.241064 -0.965365
    outer loop
      vertex 37.0653 2.51304 -2.59144
      vertex 37.0338 2.52608 -2.59144
      vertex 37.099 2.76964 -2.52388
    endloop
  endfacet
  facet normal 0.0532776 -0.00717864 -0.998554
    outer loop
      vertex 30.0473 -3.18594 -2.96372
      vertex 30.0472 -3.15608 -2.96394
      vertex 37.1261 -2.43378 -2.59144
    endloop
  endfacet
  facet normal 0.766855 -0.588194 0.25683
    outer loop
      vertex 37.8586 -2.89572 1.73053
      vertex 37.6533 -3.05328 1.98268
      vertex 37.7011 -3.10106 1.73053
    endloop
  endfacet
  facet normal 0.332065 -0.801882 -0.496707
    outer loop
      vertex 37.4619 -3.2001 -1.98268
      vertex 37.2053 -3.16632 -2.20876
      vertex 37.3967 -3.08706 -2.20876
    endloop
  endfacet
  facet normal 0.126812 -0.858147 0.497496
    outer loop
      vertex 30.2889 -4.15894 2.25955
      vertex 37.2053 -3.16632 2.20876
      vertex 30.2889 -4.12433 2.31925
    endloop
  endfacet
  facet normal 0.12681 -0.858133 0.497521
    outer loop
      vertex 37.2053 -3.16632 2.20876
      vertex 30.2889 -4.15894 2.25955
      vertex 37.2391 -3.2924 1.98268
    endloop
  endfacet
  facet normal 0.563379 0.432366 0.704034
    outer loop
      vertex 37.561 2.96099 2.20876
      vertex 37.4305 2.83046 2.39335
      vertex 37.6871 2.79668 2.20876
    endloop
  endfacet
  facet normal 0.766805 0.588308 0.256717
    outer loop
      vertex 37.8586 2.89572 1.73053
      vertex 37.6533 3.05328 1.98268
      vertex 37.8001 2.86194 1.98268
    endloop
  endfacet
  facet normal 0.801864 0.332161 0.496672
    outer loop
      vertex 37.8001 2.86194 1.98268
      vertex 37.6871 2.79668 2.20876
      vertex 37.8924 2.63912 1.98268
    endloop
  endfacet
  facet normal 0.656106 0.271702 0.704062
    outer loop
      vertex 37.7663 2.60533 2.20876
      vertex 37.5272 2.70438 2.39335
      vertex 37.588 2.55756 2.39335
    endloop
  endfacet
  facet normal 0.192594 0.464859 0.864184
    outer loop
      vertex 37.1576 2.98802 2.39335
      vertex 37.099 2.76964 2.52388
      vertex 37.3044 2.9272 2.39335
    endloop
  endfacet
  facet normal 0.271806 0.656053 0.704071
    outer loop
      vertex 37.3967 3.08706 2.20876
      vertex 37.1576 2.98802 2.39335
      vertex 37.3044 2.9272 2.39335
    endloop
  endfacet
  facet normal 0.801861 -0.331891 0.496857
    outer loop
      vertex 37.7663 -2.60533 2.20876
      vertex 37.6871 -2.79668 2.20876
      vertex 37.8924 -2.63912 1.98268
    endloop
  endfacet
  facet normal 0.860489 -0.113355 0.496699
    outer loop
      vertex 37.9239 -2.4 1.98268
      vertex 37.7934 -2.4 2.20876
      vertex 37.8924 -2.63912 1.98268
    endloop
  endfacet
  facet normal 0.958259 -0.126234 0.256524
    outer loop
      vertex 37.9239 -2.4 1.98268
      vertex 37.8924 -2.63912 1.98268
      vertex 37.9914 -2.4 1.73053
    endloop
  endfacet
  facet normal 0.707088 0 0.707126
    outer loop
      vertex 37.6088 2.4 2.39335
      vertex 37.7934 0.919747 2.20876
      vertex 37.7934 2.4 2.20876
    endloop
  endfacet
  facet normal 0.707029 -1.46989e-05 0.707185
    outer loop
      vertex 37.7934 0.919747 2.20876
      vertex 37.6088 2.4 2.39335
      vertex 37.7196 0.74164 2.28254
    endloop
  endfacet
  facet normal 0.707145 8.68921e-07 0.707068
    outer loop
      vertex 37.7196 0.74164 2.28254
      vertex 37.6088 2.4 2.39335
      vertex 37.6317 0.375443 2.37045
    endloop
  endfacet
  facet normal 0.707107 0 0.707107
    outer loop
      vertex 37.6317 0.375443 2.37045
      vertex 37.6088 2.4 2.39335
      vertex 37.6088 0.0844603 2.39335
    endloop
  endfacet
  facet normal 0.707029 1.46989e-05 0.707185
    outer loop
      vertex 37.6088 -2.4 2.39335
      vertex 37.7934 -0.919747 2.20876
      vertex 37.7196 -0.74164 2.28254
    endloop
  endfacet
  facet normal 0.707145 -8.68921e-07 0.707068
    outer loop
      vertex 37.6088 -2.4 2.39335
      vertex 37.7196 -0.74164 2.28254
      vertex 37.6317 -0.375443 2.37045
    endloop
  endfacet
  facet normal 0.707088 0 0.707126
    outer loop
      vertex 37.7934 -0.919747 2.20876
      vertex 37.6088 -2.4 2.39335
      vertex 37.7934 -2.4 2.20876
    endloop
  endfacet
  facet normal 0.707107 -0 0.707107
    outer loop
      vertex 37.6088 -2.4 2.39335
      vertex 37.6317 -0.375443 2.37045
      vertex 37.6088 -0.0844603 2.39335
    endloop
  endfacet
  facet normal 0.0549215 0.0227996 0.99823
    outer loop
      vertex 30.0477 3.21284 2.96309
      vertex 37.113 2.46526 2.59144
      vertex 30.0478 3.22048 2.96291
    endloop
  endfacet
  facet normal 0.0549275 0.0228574 0.998229
    outer loop
      vertex 37.113 2.46526 2.59144
      vertex 30.0477 3.21284 2.96309
      vertex 37.1261 2.43378 2.59144
    endloop
  endfacet
  facet normal 0.258612 -0.0336854 0.965394
    outer loop
      vertex 37.1305 -2.4 2.59144
      vertex 37.1261 -2.43378 2.59144
      vertex 37.3827 -2.4 2.52388
    endloop
  endfacet
  facet normal 0.801861 0.331891 0.496857
    outer loop
      vertex 37.8924 2.63912 1.98268
      vertex 37.6871 2.79668 2.20876
      vertex 37.7663 2.60533 2.20876
    endloop
  endfacet
  facet normal 0.464975 0.192459 0.864151
    outer loop
      vertex 37.5272 2.70438 2.39335
      vertex 37.3314 2.59134 2.52388
      vertex 37.3696 2.49905 2.52388
    endloop
  endfacet
  facet normal 0.499974 0 0.86604
    outer loop
      vertex 37.3827 2.4 2.52388
      vertex 37.6088 0.0844603 2.39335
      vertex 37.6088 2.4 2.39335
    endloop
  endfacet
  facet normal 0.49844 -0.000199637 0.866924
    outer loop
      vertex 37.6088 0.0844603 2.39335
      vertex 37.3827 2.4 2.52388
      vertex 37.5972 0 2.4
    endloop
  endfacet
  facet normal 0.49844 0.000199637 0.866924
    outer loop
      vertex 37.3827 -2.4 2.52388
      vertex 37.6088 -0.0844603 2.39335
      vertex 37.5972 0 2.4
    endloop
  endfacet
  facet normal 0.500116 -0 0.865958
    outer loop
      vertex 37.3827 -2.4 2.52388
      vertex 37.5972 0 2.4
      vertex 37.3827 2.4 2.52388
    endloop
  endfacet
  facet normal 0.499974 0 0.86604
    outer loop
      vertex 37.6088 -0.0844603 2.39335
      vertex 37.3827 -2.4 2.52388
      vertex 37.6088 -2.4 2.39335
    endloop
  endfacet
  facet normal 0.240789 -0.100201 0.965391
    outer loop
      vertex 37.1261 -2.43378 2.59144
      vertex 37.113 -2.46526 2.59144
      vertex 37.3314 -2.59134 2.52388
    endloop
  endfacet
  facet normal 0.12681 -0.858133 0.497521
    outer loop
      vertex 30.2889 -4.09509 2.36968
      vertex 37.2053 -3.16632 2.20876
      vertex 30.2489 -4.01447 2.51893
    endloop
  endfacet
  facet normal 0.126809 -0.858117 0.497548
    outer loop
      vertex 37.2053 -3.16632 2.20876
      vertex 30.2889 -4.09509 2.36968
      vertex 30.2889 -4.12433 2.31925
    endloop
  endfacet
  facet normal 0.129639 -0.957708 0.256882
    outer loop
      vertex 30.2889 -4.2 2.10647
      vertex 37.2391 -3.2924 1.98268
      vertex 30.2889 -4.15894 2.25955
    endloop
  endfacet
  facet normal 0.129638 -0.957703 0.256903
    outer loop
      vertex 37.2391 -3.2924 1.98268
      vertex 30.2889 -4.2 2.10647
      vertex 30.2864 -4.21892 2.0372
    endloop
  endfacet
  facet normal 0.0571244 -0.0438192 0.997405
    outer loop
      vertex 37.0923 -2.4923 2.59144
      vertex 30.048 -3.22679 2.96262
      vertex 30.0485 -3.2489 2.96162
    endloop
  endfacet
  facet normal 0.432242 -0.563425 0.704074
    outer loop
      vertex 37.4305 -2.83046 2.39335
      vertex 37.3044 -2.9272 2.39335
      vertex 37.3967 -3.08706 2.20876
    endloop
  endfacet
  facet normal 0.192557 -0.464897 0.864172
    outer loop
      vertex 37.1913 -2.73141 2.52388
      vertex 37.099 -2.76964 2.52388
      vertex 37.3044 -2.9272 2.39335
    endloop
  endfacet
  facet normal 0.0532776 0.00717864 0.998554
    outer loop
      vertex 30.0473 3.18594 2.96372
      vertex 30.0472 3.15608 2.96394
      vertex 37.1261 2.43378 2.59144
    endloop
  endfacet
  facet normal 0.158913 0.206879 0.965374
    outer loop
      vertex 37.2706 2.6706 2.52388
      vertex 37.0653 2.51304 2.59144
      vertex 37.0923 2.4923 2.59144
    endloop
  endfacet
  facet normal 0.0549275 -0.0228574 0.998229
    outer loop
      vertex 30.0477 -3.21284 2.96309
      vertex 37.113 -2.46526 2.59144
      vertex 37.1261 -2.43378 2.59144
    endloop
  endfacet
  facet normal 0.0549215 -0.0227996 0.99823
    outer loop
      vertex 37.113 -2.46526 2.59144
      vertex 30.0477 -3.21284 2.96309
      vertex 30.0478 -3.22048 2.96291
    endloop
  endfacet
  facet normal 0.053272 0.00712405 0.998555
    outer loop
      vertex 30.0472 3.14767 2.964
      vertex 37.1261 2.43378 2.59144
      vertex 30.0472 3.15608 2.96394
    endloop
  endfacet
  facet normal 0.0532532 0.00693648 0.998557
    outer loop
      vertex 37.1261 2.43378 2.59144
      vertex 30.0472 3.14767 2.964
      vertex 37.1305 2.4 2.59144
    endloop
  endfacet
  facet normal 0.0773937 0.2472 0.965869
    outer loop
      vertex 30.0607 3.34521 2.94054
      vertex 37.0338 2.52608 2.59144
      vertex 37.099 2.76964 2.52388
    endloop
  endfacet
  facet normal 0.07739 0.247165 0.965878
    outer loop
      vertex 37.0338 2.52608 2.59144
      vertex 30.0607 3.34521 2.94054
      vertex 30.0506 3.28022 2.95798
    endloop
  endfacet
  facet normal 0.0607363 0.0785809 0.995056
    outer loop
      vertex 30.0485 3.2489 2.96162
      vertex 37.0653 2.51304 2.59144
      vertex 30.0488 3.25348 2.96124
    endloop
  endfacet
  facet normal 0.0607926 0.0791417 0.995008
    outer loop
      vertex 37.0653 2.51304 2.59144
      vertex 30.0485 3.2489 2.96162
      vertex 37.0923 2.4923 2.59144
    endloop
  endfacet
  facet normal 0.498849 0.0658547 -0.864183
    outer loop
      vertex 37.6088 2.4 -2.39335
      vertex 37.3696 2.49905 -2.52388
      vertex 37.588 2.55756 -2.39335
    endloop
  endfacet
  facet normal 0.499974 0 -0.86604
    outer loop
      vertex 37.3827 -2.4 -2.52388
      vertex 37.6088 -0.0844603 -2.39335
      vertex 37.6088 -2.4 -2.39335
    endloop
  endfacet
  facet normal 0.49844 0.000199637 -0.866924
    outer loop
      vertex 37.6088 -0.0844603 -2.39335
      vertex 37.3827 -2.4 -2.52388
      vertex 37.5972 0 -2.4
    endloop
  endfacet
  facet normal 0.49844 -0.000199637 -0.866924
    outer loop
      vertex 37.3827 2.4 -2.52388
      vertex 37.6088 0.0844603 -2.39335
      vertex 37.5972 0 -2.4
    endloop
  endfacet
  facet normal 0.500116 0 -0.865958
    outer loop
      vertex 37.3827 2.4 -2.52388
      vertex 37.5972 0 -2.4
      vertex 37.3827 -2.4 -2.52388
    endloop
  endfacet
  facet normal 0.499974 0 -0.86604
    outer loop
      vertex 37.6088 0.0844603 -2.39335
      vertex 37.3827 2.4 -2.52388
      vertex 37.6088 2.4 -2.39335
    endloop
  endfacet
  facet normal 0.965987 0 -0.258592
    outer loop
      vertex 37.9914 1.65787 -1.73053
      vertex 37.9239 2.4 -1.98268
      vertex 37.9914 2.4 -1.73053
    endloop
  endfacet
  facet normal 0.965998 1.52178e-05 -0.258551
    outer loop
      vertex 37.9349 1.41068 -1.94164
      vertex 37.9239 2.4 -1.98268
      vertex 37.9914 1.65787 -1.73053
    endloop
  endfacet
  facet normal 0.965906 0 -0.258893
    outer loop
      vertex 37.9239 2.4 -1.98268
      vertex 37.9349 1.41068 -1.94164
      vertex 37.9239 1.34371 -1.98268
    endloop
  endfacet
  facet normal 0.965987 0 -0.258592
    outer loop
      vertex 37.9239 -2.4 -1.98268
      vertex 37.9914 -1.65787 -1.73053
      vertex 37.9914 -2.4 -1.73053
    endloop
  endfacet
  facet normal 0.965998 -1.52178e-05 -0.258551
    outer loop
      vertex 37.9914 -1.65787 -1.73053
      vertex 37.9239 -2.4 -1.98268
      vertex 37.9349 -1.41068 -1.94164
    endloop
  endfacet
  facet normal 0.965906 0 -0.258893
    outer loop
      vertex 37.9349 -1.41068 -1.94164
      vertex 37.9239 -2.4 -1.98268
      vertex 37.9239 -1.34371 -1.98268
    endloop
  endfacet
  facet normal 0.271806 -0.656053 -0.704071
    outer loop
      vertex 37.3967 -3.08706 -2.20876
      vertex 37.1576 -2.98802 -2.39335
      vertex 37.3044 -2.9272 -2.39335
    endloop
  endfacet
  facet normal 0.271718 -0.656154 -0.70401
    outer loop
      vertex 37.2053 -3.16632 -2.20876
      vertex 37.1576 -2.98802 -2.39335
      vertex 37.3967 -3.08706 -2.20876
    endloop
  endfacet
  facet normal 0.258672 0.0342111 -0.965359
    outer loop
      vertex 37.3827 2.4 -2.52388
      vertex 37.1261 2.43378 -2.59144
      vertex 37.3696 2.49905 -2.52388
    endloop
  endfacet
  facet normal 0.240789 0.100201 -0.965391
    outer loop
      vertex 37.1261 2.43378 -2.59144
      vertex 37.113 2.46526 -2.59144
      vertex 37.3314 2.59134 -2.52388
    endloop
  endfacet
  facet normal 0.958216 0.125845 0.256876
    outer loop
      vertex 37.9577 2.6566 1.73053
      vertex 37.8924 2.63912 1.98268
      vertex 37.9914 2.4 1.73053
    endloop
  endfacet
  facet normal 0.958216 0.125845 -0.256876
    outer loop
      vertex 37.9914 2.4 -1.73053
      vertex 37.8924 2.63912 -1.98268
      vertex 37.9577 2.6566 -1.73053
    endloop
  endfacet
  facet normal 0.11669 0.699103 -0.705435
    outer loop
      vertex 37.1576 2.98802 -2.39335
      vertex 30.2052 3.85727 -2.68194
      vertex 37.2053 3.16632 -2.20876
    endloop
  endfacet
  facet normal 0.116671 0.698873 -0.705666
    outer loop
      vertex 37.1576 2.98802 -2.39335
      vertex 30.201 3.84227 -2.69749
      vertex 30.2052 3.85727 -2.68194
    endloop
  endfacet
  facet normal 0.11669 0.699116 -0.705422
    outer loop
      vertex 30.201 3.84227 -2.69749
      vertex 37.1576 2.98802 -2.39335
      vertex 30.1815 3.81143 -2.73128
    endloop
  endfacet
  facet normal 0.11669 0.699086 -0.705452
    outer loop
      vertex 37.2053 3.16632 -2.20876
      vertex 30.2052 3.85727 -2.68194
      vertex 30.2489 4.01447 -2.51893
    endloop
  endfacet
  facet normal 0.128889 0.979235 0.156484
    outer loop
      vertex 37 3.39144 1.73053
      vertex 30.2838 4.2386 1.96107
      vertex 30.284 4.23734 1.96879
    endloop
  endfacet
  facet normal 0.129639 0.957712 -0.256867
    outer loop
      vertex 37.2391 3.2924 -1.98268
      vertex 30.284 4.23695 -1.97117
      vertex 37.2566 3.35766 -1.73053
    endloop
  endfacet
  facet normal 0.129641 0.957729 -0.256803
    outer loop
      vertex 30.284 4.23695 -1.97117
      vertex 37.2391 3.2924 -1.98268
      vertex 30.2864 4.21892 -2.0372
    endloop
  endfacet
  facet normal 0.128897 0.979132 -0.157119
    outer loop
      vertex 30.284 4.23695 -1.97117
      vertex 37 3.39144 -1.73053
      vertex 37.2566 3.35766 -1.73053
    endloop
  endfacet
  facet normal 0.128947 0.9786 -0.160359
    outer loop
      vertex 37 3.39144 -1.73053
      vertex 30.284 4.23695 -1.97117
      vertex 30.284 4.23734 -1.96879
    endloop
  endfacet
  facet normal 0.128889 0.979235 -0.156484
    outer loop
      vertex 30.284 4.23734 -1.96879
      vertex 30.2838 4.2386 -1.96107
      vertex 37 3.39144 -1.73053
    endloop
  endfacet
  facet normal 0.129641 0.957729 0.256803
    outer loop
      vertex 37.2391 3.2924 1.98268
      vertex 30.284 4.23695 1.97117
      vertex 30.2864 4.21892 2.0372
    endloop
  endfacet
  facet normal 0.129639 0.957712 0.256867
    outer loop
      vertex 30.284 4.23695 1.97117
      vertex 37.2391 3.2924 1.98268
      vertex 37.2566 3.35766 1.73053
    endloop
  endfacet
  facet normal 0.128897 0.979132 0.157119
    outer loop
      vertex 37 3.39144 1.73053
      vertex 30.284 4.23695 1.97117
      vertex 37.2566 3.35766 1.73053
    endloop
  endfacet
  facet normal 0.128947 0.9786 0.160359
    outer loop
      vertex 30.284 4.23695 1.97117
      vertex 37 3.39144 1.73053
      vertex 30.284 4.23734 1.96879
    endloop
  endfacet
  facet normal 0.528328 0.68854 -0.496771
    outer loop
      vertex 37.561 2.96099 -2.20876
      vertex 37.3967 3.08706 -2.20876
      vertex 37.6533 3.05328 -1.98268
    endloop
  endfacet
  facet normal 0.588227 0.766834 -0.256818
    outer loop
      vertex 37.6533 3.05328 -1.98268
      vertex 37.4619 3.2001 -1.98268
      vertex 37.7011 3.10106 -1.73053
    endloop
  endfacet
  facet normal 0.432314 0.56341 -0.704041
    outer loop
      vertex 37.4305 2.83046 -2.39335
      vertex 37.3967 3.08706 -2.20876
      vertex 37.561 2.96099 -2.20876
    endloop
  endfacet
  facet normal 0.766805 0.588308 -0.256717
    outer loop
      vertex 37.8001 2.86194 -1.98268
      vertex 37.6533 3.05328 -1.98268
      vertex 37.8586 2.89572 -1.73053
    endloop
  endfacet
  facet normal 0.0571149 0.0437234 -0.99741
    outer loop
      vertex 30.0478 3.22048 -2.96291
      vertex 37.0923 2.4923 -2.59144
      vertex 37.113 2.46526 -2.59144
    endloop
  endfacet
  facet normal 0.0571456 0.0440278 -0.997395
    outer loop
      vertex 37.0923 2.4923 -2.59144
      vertex 30.0478 3.22048 -2.96291
      vertex 30.048 3.22679 -2.96262
    endloop
  endfacet
  facet normal 0.0571456 -0.0440278 -0.997395
    outer loop
      vertex 30.0478 -3.22048 -2.96291
      vertex 37.0923 -2.4923 -2.59144
      vertex 30.048 -3.22679 -2.96262
    endloop
  endfacet
  facet normal 0.0571149 -0.0437234 -0.99741
    outer loop
      vertex 37.0923 -2.4923 -2.59144
      vertex 30.0478 -3.22048 -2.96291
      vertex 37.113 -2.46526 -2.59144
    endloop
  endfacet
  facet normal 0.991486 -0.130215 0
    outer loop
      vertex 37.9577 -2.6566 1.73053
      vertex 37.9914 -2.4 0
      vertex 37.9914 -2.4 1.73053
    endloop
  endfacet
  facet normal 0.991486 -0.130215 0
    outer loop
      vertex 37.9577 -2.6566 -1.73053
      vertex 37.9914 -2.4 0
      vertex 37.9577 -2.6566 1.73053
    endloop
  endfacet
  facet normal 0.991486 -0.130215 0
    outer loop
      vertex 37.9914 -2.4 0
      vertex 37.9577 -2.6566 -1.73053
      vertex 37.9914 -2.4 -1.73053
    endloop
  endfacet
  facet normal 0.382689 -0.923877 0
    outer loop
      vertex 37.2566 -3.35766 -1.73053
      vertex 37.4957 -3.25862 1.73053
      vertex 37.2566 -3.35766 1.73053
    endloop
  endfacet
  facet normal 0.382689 -0.923877 0
    outer loop
      vertex 37.4957 -3.25862 1.73053
      vertex 37.2566 -3.35766 -1.73053
      vertex 37.4957 -3.25862 -1.73053
    endloop
  endfacet
  facet normal 0.369854 -0.892894 0.256804
    outer loop
      vertex 37.4619 -3.2001 1.98268
      vertex 37.2566 -3.35766 1.73053
      vertex 37.4957 -3.25862 1.73053
    endloop
  endfacet
  facet normal 0.128889 -0.979235 0.156484
    outer loop
      vertex 30.284 -4.23734 1.96879
      vertex 30.2838 -4.2386 1.96107
      vertex 37 -3.39144 1.73053
    endloop
  endfacet
  facet normal 0.271718 0.656154 0.70401
    outer loop
      vertex 37.2053 3.16632 2.20876
      vertex 37.1576 2.98802 2.39335
      vertex 37.3967 3.08706 2.20876
    endloop
  endfacet
  facet normal 0.432242 0.563425 0.704074
    outer loop
      vertex 37.3967 3.08706 2.20876
      vertex 37.3044 2.9272 2.39335
      vertex 37.4305 2.83046 2.39335
    endloop
  endfacet
  facet normal 0.991486 0.130215 -0
    outer loop
      vertex 37.9914 2.4 0
      vertex 37.9577 2.6566 1.73053
      vertex 37.9914 2.4 1.73053
    endloop
  endfacet
  facet normal 0.991486 0.130215 0
    outer loop
      vertex 37.9577 2.6566 1.73053
      vertex 37.9914 2.4 0
      vertex 37.9577 2.6566 -1.73053
    endloop
  endfacet
  facet normal 0.991486 0.130215 0
    outer loop
      vertex 37.9577 2.6566 -1.73053
      vertex 37.9914 2.4 0
      vertex 37.9914 2.4 -1.73053
    endloop
  endfacet
  facet normal 0.588227 -0.766834 0.256818
    outer loop
      vertex 37.6533 -3.05328 1.98268
      vertex 37.4619 -3.2001 1.98268
      vertex 37.7011 -3.10106 1.73053
    endloop
  endfacet
  facet normal 0.688491 -0.528384 0.496781
    outer loop
      vertex 37.6871 -2.79668 2.20876
      vertex 37.561 -2.96099 2.20876
      vertex 37.6533 -3.05328 1.98268
    endloop
  endfacet
  facet normal 0.892912 -0.369876 0.256711
    outer loop
      vertex 37.8924 -2.63912 1.98268
      vertex 37.8001 -2.86194 1.98268
      vertex 37.8586 -2.89572 1.73053
    endloop
  endfacet
  facet normal 0.860489 0.113355 -0.496699
    outer loop
      vertex 37.9239 2.4 -1.98268
      vertex 37.7934 2.4 -2.20876
      vertex 37.8924 2.63912 -1.98268
    endloop
  endfacet
  facet normal 0.860489 -0.113355 -0.496699
    outer loop
      vertex 37.8924 -2.63912 -1.98268
      vertex 37.7934 -2.4 -2.20876
      vertex 37.9239 -2.4 -1.98268
    endloop
  endfacet
  facet normal 0.86037 -0.113554 0.496858
    outer loop
      vertex 37.7934 -2.4 2.20876
      vertex 37.7663 -2.60533 2.20876
      vertex 37.8924 -2.63912 1.98268
    endloop
  endfacet
  facet normal 0.704028 -0.0929196 0.704067
    outer loop
      vertex 37.7934 -2.4 2.20876
      vertex 37.6088 -2.4 2.39335
      vertex 37.7663 -2.60533 2.20876
    endloop
  endfacet
  facet normal 0.207001 0.158789 0.965369
    outer loop
      vertex 37.2706 2.6706 2.52388
      vertex 37.0923 2.4923 2.59144
      vertex 37.3314 2.59134 2.52388
    endloop
  endfacet
  facet normal 0.86037 0.113554 0.496858
    outer loop
      vertex 37.8924 2.63912 1.98268
      vertex 37.7663 2.60533 2.20876
      vertex 37.7934 2.4 2.20876
    endloop
  endfacet
  facet normal 0.399271 0.306279 0.864162
    outer loop
      vertex 37.5272 2.70438 2.39335
      vertex 37.2706 2.6706 2.52388
      vertex 37.3314 2.59134 2.52388
    endloop
  endfacet
  facet normal 0.241093 0.0997915 0.965358
    outer loop
      vertex 37.3314 2.59134 2.52388
      vertex 37.1261 2.43378 2.59144
      vertex 37.3696 2.49905 2.52388
    endloop
  endfacet
  facet normal 0.258759 0 0.965942
    outer loop
      vertex 37.1305 2.4 2.59144
      vertex 37.3827 -2.4 2.52388
      vertex 37.3827 2.4 2.52388
    endloop
  endfacet
  facet normal 0.258759 0 0.965942
    outer loop
      vertex 37.3827 -2.4 2.52388
      vertex 37.1305 2.4 2.59144
      vertex 37.1305 -2.4 2.59144
    endloop
  endfacet
  facet normal 0.258612 0.0336854 0.965394
    outer loop
      vertex 37.3827 2.4 2.52388
      vertex 37.1261 2.43378 2.59144
      vertex 37.1305 2.4 2.59144
    endloop
  endfacet
  facet normal 0.464908 0.192524 0.864173
    outer loop
      vertex 37.5272 2.70438 2.39335
      vertex 37.3696 2.49905 2.52388
      vertex 37.588 2.55756 2.39335
    endloop
  endfacet
  facet normal 0.563425 0.432132 0.704141
    outer loop
      vertex 37.6871 2.79668 2.20876
      vertex 37.4305 2.83046 2.39335
      vertex 37.5272 2.70438 2.39335
    endloop
  endfacet
  facet normal 0.498885 -0.0659807 0.864153
    outer loop
      vertex 37.3827 -2.4 2.52388
      vertex 37.3696 -2.49905 2.52388
      vertex 37.6088 -2.4 2.39335
    endloop
  endfacet
  facet normal 0.258672 -0.0342111 0.965359
    outer loop
      vertex 37.3827 -2.4 2.52388
      vertex 37.1261 -2.43378 2.59144
      vertex 37.3696 -2.49905 2.52388
    endloop
  endfacet
  facet normal 0.192594 -0.464859 0.864184
    outer loop
      vertex 37.3044 -2.9272 2.39335
      vertex 37.099 -2.76964 2.52388
      vertex 37.1576 -2.98802 2.39335
    endloop
  endfacet
  facet normal 0.332065 -0.801882 0.496707
    outer loop
      vertex 37.3967 -3.08706 2.20876
      vertex 37.2053 -3.16632 2.20876
      vertex 37.4619 -3.2001 1.98268
    endloop
  endfacet
  facet normal 0.271806 -0.656053 0.704071
    outer loop
      vertex 37.3044 -2.9272 2.39335
      vertex 37.1576 -2.98802 2.39335
      vertex 37.3967 -3.08706 2.20876
    endloop
  endfacet
  facet normal 0.0998414 -0.490617 0.865637
    outer loop
      vertex 37.099 -2.76964 2.52388
      vertex 30.1815 -3.81143 2.73128
      vertex 37.1576 -2.98802 2.39335
    endloop
  endfacet
  facet normal 0.099847 -0.490659 0.865612
    outer loop
      vertex 30.1815 -3.81143 2.73128
      vertex 37.099 -2.76964 2.52388
      vertex 30.1616 -3.75458 2.7658
    endloop
  endfacet
  facet normal 0.656096 -0.271559 0.704126
    outer loop
      vertex 37.7663 -2.60533 2.20876
      vertex 37.5272 -2.70438 2.39335
      vertex 37.6871 -2.79668 2.20876
    endloop
  endfacet
  facet normal 0.0607926 -0.0791417 0.995008
    outer loop
      vertex 30.0485 -3.2489 2.96162
      vertex 37.0653 -2.51304 2.59144
      vertex 37.0923 -2.4923 2.59144
    endloop
  endfacet
  facet normal 0.0607363 -0.0785809 0.995056
    outer loop
      vertex 37.0653 -2.51304 2.59144
      vertex 30.0485 -3.2489 2.96162
      vertex 30.0488 -3.25348 2.96124
    endloop
  endfacet
  facet normal 0.0525279 0 0.998619
    outer loop
      vertex 37.1305 2.4 2.59144
      vertex 35.825 2.3276 2.66011
      vertex 37.1305 -2.4 2.59144
    endloop
  endfacet
  facet normal 0.05252 0 0.99862
    outer loop
      vertex 35.175 2.28594 2.6943
      vertex 33.825 2.19942 2.7653
      vertex 35.175 -2.28594 2.6943
    endloop
  endfacet
  facet normal 0.0525209 -1.31741e-05 0.99862
    outer loop
      vertex 30.0472 3.14767 2.964
      vertex 33.825 2.19942 2.7653
      vertex 35.175 2.28594 2.6943
    endloop
  endfacet
  facet normal 0.05252 0 0.99862
    outer loop
      vertex 33.175 2.15776 2.79949
      vertex 31.825 2.07124 2.87049
      vertex 33.175 -2.15776 2.79949
    endloop
  endfacet
  facet normal 0.0525206 -9.13488e-06 0.99862
    outer loop
      vertex 30.0472 3.14767 2.964
      vertex 31.825 2.07124 2.87049
      vertex 33.175 2.15776 2.79949
    endloop
  endfacet
  facet normal 0.0525267 1.03018e-05 0.99862
    outer loop
      vertex 33.825 2.19942 2.7653
      vertex 30.0472 3.14767 2.964
      vertex 33.175 2.15776 2.79949
    endloop
  endfacet
  facet normal 0.0525254 0 0.99862
    outer loop
      vertex 31.175 2.02959 2.90468
      vertex 30.0472 3.14767 2.964
      vertex 31.175 -2.02959 2.90468
    endloop
  endfacet
  facet normal 0.0525273 1.91277e-06 0.998619
    outer loop
      vertex 31.825 2.07124 2.87049
      vertex 30.0472 3.14767 2.964
      vertex 31.175 2.02959 2.90468
    endloop
  endfacet
  facet normal 0.0525262 1.86908e-05 0.99862
    outer loop
      vertex 35.825 2.3276 2.66011
      vertex 30.0472 3.14767 2.964
      vertex 35.175 2.28594 2.6943
    endloop
  endfacet
  facet normal 0.0525267 2.22211e-05 0.99862
    outer loop
      vertex 30.0472 3.14767 2.964
      vertex 35.825 2.3276 2.66011
      vertex 37.1305 2.4 2.59144
    endloop
  endfacet
  facet normal 0.0525279 -0 0.998619
    outer loop
      vertex 35.825 -2.3276 2.66011
      vertex 37.1305 -2.4 2.59144
      vertex 35.825 2.3276 2.66011
    endloop
  endfacet
  facet normal 0.05252 -0 0.99862
    outer loop
      vertex 33.825 -2.19942 2.7653
      vertex 35.175 -2.28594 2.6943
      vertex 33.825 2.19942 2.7653
    endloop
  endfacet
  facet normal 0.0525267 -1.03018e-05 0.99862
    outer loop
      vertex 30.0472 -3.14767 2.964
      vertex 33.825 -2.19942 2.7653
      vertex 33.175 -2.15776 2.79949
    endloop
  endfacet
  facet normal 0.05252 -0 0.99862
    outer loop
      vertex 31.825 -2.07124 2.87049
      vertex 33.175 -2.15776 2.79949
      vertex 31.825 2.07124 2.87049
    endloop
  endfacet
  facet normal 0.0525273 -1.91277e-06 0.998619
    outer loop
      vertex 30.0472 -3.14767 2.964
      vertex 31.825 -2.07124 2.87049
      vertex 31.175 -2.02959 2.90468
    endloop
  endfacet
  facet normal 0.0525206 9.13488e-06 0.99862
    outer loop
      vertex 31.825 -2.07124 2.87049
      vertex 30.0472 -3.14767 2.964
      vertex 33.175 -2.15776 2.79949
    endloop
  endfacet
  facet normal 0.0525267 -2.22211e-05 0.99862
    outer loop
      vertex 35.825 -2.3276 2.66011
      vertex 30.0472 -3.14767 2.964
      vertex 37.1305 -2.4 2.59144
    endloop
  endfacet
  facet normal 0.0525262 -1.86908e-05 0.99862
    outer loop
      vertex 35.175 -2.28594 2.6943
      vertex 30.0472 -3.14767 2.964
      vertex 35.825 -2.3276 2.66011
    endloop
  endfacet
  facet normal 0.0525209 1.31741e-05 0.99862
    outer loop
      vertex 33.825 -2.19942 2.7653
      vertex 30.0472 -3.14767 2.964
      vertex 35.175 -2.28594 2.6943
    endloop
  endfacet
  facet normal 0.0525254 -0 0.99862
    outer loop
      vertex 30.0472 -3.14767 2.964
      vertex 31.175 -2.02959 2.90468
      vertex 30.0472 3.14767 2.964
    endloop
  endfacet
  facet normal 0.0773932 0.247193 0.965871
    outer loop
      vertex 30.0945 3.56313 2.88206
      vertex 30.0607 3.34521 2.94054
      vertex 37.099 2.76964 2.52388
    endloop
  endfacet
  facet normal 0.241093 0.0997915 -0.965358
    outer loop
      vertex 37.3696 2.49905 -2.52388
      vertex 37.1261 2.43378 -2.59144
      vertex 37.3314 2.59134 -2.52388
    endloop
  endfacet
  facet normal 0.158913 0.206879 -0.965374
    outer loop
      vertex 37.0923 2.4923 -2.59144
      vertex 37.0653 2.51304 -2.59144
      vertex 37.2706 2.6706 -2.52388
    endloop
  endfacet
  facet normal 0.801864 -0.332161 -0.496672
    outer loop
      vertex 37.8001 -2.86194 -1.98268
      vertex 37.6871 -2.79668 -2.20876
      vertex 37.8924 -2.63912 -1.98268
    endloop
  endfacet
  facet normal 0.801861 -0.331891 -0.496857
    outer loop
      vertex 37.8924 -2.63912 -1.98268
      vertex 37.6871 -2.79668 -2.20876
      vertex 37.7663 -2.60533 -2.20876
    endloop
  endfacet
  facet normal 0.306291 -0.399249 -0.864168
    outer loop
      vertex 37.3044 -2.9272 -2.39335
      vertex 37.2706 -2.6706 -2.52388
      vertex 37.4305 -2.83046 -2.39335
    endloop
  endfacet
  facet normal 0.656096 -0.271559 -0.704126
    outer loop
      vertex 37.6871 -2.79668 -2.20876
      vertex 37.5272 -2.70438 -2.39335
      vertex 37.7663 -2.60533 -2.20876
    endloop
  endfacet
  facet normal 0.207106 0.158546 -0.965386
    outer loop
      vertex 37.113 2.46526 -2.59144
      vertex 37.0923 2.4923 -2.59144
      vertex 37.3314 2.59134 -2.52388
    endloop
  endfacet
  facet normal 0.0773932 0.247193 -0.965871
    outer loop
      vertex 37.099 2.76964 -2.52388
      vertex 30.0607 3.34521 -2.94054
      vertex 30.0945 3.56313 -2.88206
    endloop
  endfacet
  facet normal 0.0525279 0 -0.998619
    outer loop
      vertex 37.1305 -2.4 -2.59144
      vertex 35.825 -2.3276 -2.66011
      vertex 37.1305 2.4 -2.59144
    endloop
  endfacet
  facet normal 0.05252 0 -0.99862
    outer loop
      vertex 35.175 -2.28594 -2.6943
      vertex 33.825 -2.19942 -2.7653
      vertex 35.175 2.28594 -2.6943
    endloop
  endfacet
  facet normal 0.0525209 1.31741e-05 -0.99862
    outer loop
      vertex 30.0472 -3.14767 -2.964
      vertex 33.825 -2.19942 -2.7653
      vertex 35.175 -2.28594 -2.6943
    endloop
  endfacet
  facet normal 0.05252 0 -0.99862
    outer loop
      vertex 33.175 -2.15776 -2.79949
      vertex 31.825 -2.07124 -2.87049
      vertex 33.175 2.15776 -2.79949
    endloop
  endfacet
  facet normal 0.0525206 9.13488e-06 -0.99862
    outer loop
      vertex 30.0472 -3.14767 -2.964
      vertex 31.825 -2.07124 -2.87049
      vertex 33.175 -2.15776 -2.79949
    endloop
  endfacet
  facet normal 0.0525267 -1.03018e-05 -0.99862
    outer loop
      vertex 33.825 -2.19942 -2.7653
      vertex 30.0472 -3.14767 -2.964
      vertex 33.175 -2.15776 -2.79949
    endloop
  endfacet
  facet normal 0.0525254 0 -0.99862
    outer loop
      vertex 31.175 -2.02959 -2.90468
      vertex 30.0472 -3.14767 -2.964
      vertex 31.175 2.02959 -2.90468
    endloop
  endfacet
  facet normal 0.0525273 -1.91277e-06 -0.998619
    outer loop
      vertex 31.825 -2.07124 -2.87049
      vertex 30.0472 -3.14767 -2.964
      vertex 31.175 -2.02959 -2.90468
    endloop
  endfacet
  facet normal 0.0525262 -1.86908e-05 -0.99862
    outer loop
      vertex 35.825 -2.3276 -2.66011
      vertex 30.0472 -3.14767 -2.964
      vertex 35.175 -2.28594 -2.6943
    endloop
  endfacet
  facet normal 0.0525267 -2.22211e-05 -0.99862
    outer loop
      vertex 30.0472 -3.14767 -2.964
      vertex 35.825 -2.3276 -2.66011
      vertex 37.1305 -2.4 -2.59144
    endloop
  endfacet
  facet normal 0.0525279 0 -0.998619
    outer loop
      vertex 35.825 2.3276 -2.66011
      vertex 37.1305 2.4 -2.59144
      vertex 35.825 -2.3276 -2.66011
    endloop
  endfacet
  facet normal 0.05252 0 -0.99862
    outer loop
      vertex 33.825 2.19942 -2.7653
      vertex 35.175 2.28594 -2.6943
      vertex 33.825 -2.19942 -2.7653
    endloop
  endfacet
  facet normal 0.0525267 1.03018e-05 -0.99862
    outer loop
      vertex 30.0472 3.14767 -2.964
      vertex 33.825 2.19942 -2.7653
      vertex 33.175 2.15776 -2.79949
    endloop
  endfacet
  facet normal 0.05252 0 -0.99862
    outer loop
      vertex 31.825 2.07124 -2.87049
      vertex 33.175 2.15776 -2.79949
      vertex 31.825 -2.07124 -2.87049
    endloop
  endfacet
  facet normal 0.0525273 1.91277e-06 -0.998619
    outer loop
      vertex 30.0472 3.14767 -2.964
      vertex 31.825 2.07124 -2.87049
      vertex 31.175 2.02959 -2.90468
    endloop
  endfacet
  facet normal 0.0525206 -9.13488e-06 -0.99862
    outer loop
      vertex 31.825 2.07124 -2.87049
      vertex 30.0472 3.14767 -2.964
      vertex 33.175 2.15776 -2.79949
    endloop
  endfacet
  facet normal 0.0525267 2.22211e-05 -0.99862
    outer loop
      vertex 35.825 2.3276 -2.66011
      vertex 30.0472 3.14767 -2.964
      vertex 37.1305 2.4 -2.59144
    endloop
  endfacet
  facet normal 0.0525262 1.86908e-05 -0.99862
    outer loop
      vertex 35.175 2.28594 -2.6943
      vertex 30.0472 3.14767 -2.964
      vertex 35.825 2.3276 -2.66011
    endloop
  endfacet
  facet normal 0.0525209 -1.31741e-05 -0.99862
    outer loop
      vertex 33.825 2.19942 -2.7653
      vertex 30.0472 3.14767 -2.964
      vertex 35.175 2.28594 -2.6943
    endloop
  endfacet
  facet normal 0.0525254 0 -0.99862
    outer loop
      vertex 30.0472 3.14767 -2.964
      vertex 31.175 2.02959 -2.90468
      vertex 30.0472 -3.14767 -2.964
    endloop
  endfacet
  facet normal 0.588228 0.766832 0.25682
    outer loop
      vertex 37.4957 3.25862 1.73053
      vertex 37.4619 3.2001 1.98268
      vertex 37.7011 3.10106 1.73053
    endloop
  endfacet
  facet normal 0.528328 0.68854 0.496771
    outer loop
      vertex 37.6533 3.05328 1.98268
      vertex 37.3967 3.08706 2.20876
      vertex 37.561 2.96099 2.20876
    endloop
  endfacet
  facet normal 0.130518 0.991446 -0
    outer loop
      vertex 37.2566 3.35766 -1.73053
      vertex 37 3.39144 1.73053
      vertex 37.2566 3.35766 1.73053
    endloop
  endfacet
  facet normal 0.130518 0.991446 0
    outer loop
      vertex 37 3.39144 1.73053
      vertex 37.2566 3.35766 -1.73053
      vertex 37 3.39144 -1.73053
    endloop
  endfacet
  facet normal 0.125145 0.992139 0
    outer loop
      vertex 37 3.39144 1.73053
      vertex 35.825 3.53965 -0.105041
      vertex 35.825 3.53965 0.105041
    endloop
  endfacet
  facet normal 0.125145 0.992139 0
    outer loop
      vertex 35.825 3.53965 -0.105041
      vertex 37 3.39144 1.73053
      vertex 37 3.39144 -1.73053
    endloop
  endfacet
  facet normal 0.125145 0.992138 -4.43217e-07
    outer loop
      vertex 35.825 3.53965 0.105041
      vertex 30.2838 4.2386 1.96107
      vertex 37 3.39144 1.73053
    endloop
  endfacet
  facet normal 0.125162 0.992136 5.06981e-05
    outer loop
      vertex 35.743 3.55 0
      vertex 30.2838 4.2386 1.96107
      vertex 35.825 3.53965 0.105041
    endloop
  endfacet
  facet normal 0.125162 0.992136 -5.06981e-05
    outer loop
      vertex 30.2838 4.2386 -1.96107
      vertex 35.743 3.55 0
      vertex 35.825 3.53965 -0.105041
    endloop
  endfacet
  facet normal 0.125145 0.992138 4.43217e-07
    outer loop
      vertex 30.2838 4.2386 -1.96107
      vertex 35.825 3.53965 -0.105041
      vertex 37 3.39144 -1.73053
    endloop
  endfacet
  facet normal 0.125144 0.992139 0
    outer loop
      vertex 35.743 3.55 0
      vertex 30.2838 4.2386 -1.96107
      vertex 30.2838 4.2386 1.96107
    endloop
  endfacet
  facet normal 0.129638 0.957703 0.256903
    outer loop
      vertex 30.2889 4.2 2.10647
      vertex 37.2391 3.2924 1.98268
      vertex 30.2864 4.21892 2.0372
    endloop
  endfacet
  facet normal 0.129639 0.957708 0.256882
    outer loop
      vertex 37.2391 3.2924 1.98268
      vertex 30.2889 4.2 2.10647
      vertex 30.2889 4.15894 2.25955
    endloop
  endfacet
  facet normal 0.892811 0.370013 -0.256864
    outer loop
      vertex 37.8924 2.63912 -1.98268
      vertex 37.8586 2.89572 -1.73053
      vertex 37.9577 2.6566 -1.73053
    endloop
  endfacet
  facet normal 0.369854 0.892894 -0.256804
    outer loop
      vertex 37.4619 3.2001 -1.98268
      vertex 37.2566 3.35766 -1.73053
      vertex 37.4957 3.25862 -1.73053
    endloop
  endfacet
  facet normal 0.656096 0.271559 -0.704126
    outer loop
      vertex 37.7663 2.60533 -2.20876
      vertex 37.5272 2.70438 -2.39335
      vertex 37.6871 2.79668 -2.20876
    endloop
  endfacet
  facet normal 0.688491 0.528384 -0.496781
    outer loop
      vertex 37.6871 2.79668 -2.20876
      vertex 37.561 2.96099 -2.20876
      vertex 37.6533 3.05328 -1.98268
    endloop
  endfacet
  facet normal 0.588228 -0.766832 -0.25682
    outer loop
      vertex 37.4957 -3.25862 -1.73053
      vertex 37.4619 -3.2001 -1.98268
      vertex 37.7011 -3.10106 -1.73053
    endloop
  endfacet
  facet normal 0.369854 -0.892894 -0.256804
    outer loop
      vertex 37.4957 -3.25862 -1.73053
      vertex 37.2566 -3.35766 -1.73053
      vertex 37.4619 -3.2001 -1.98268
    endloop
  endfacet
  facet normal 0.129641 -0.957729 0.256803
    outer loop
      vertex 30.284 -4.23695 1.97117
      vertex 37.2391 -3.2924 1.98268
      vertex 30.2864 -4.21892 2.0372
    endloop
  endfacet
  facet normal 0.129639 -0.957712 0.256867
    outer loop
      vertex 37.2391 -3.2924 1.98268
      vertex 30.284 -4.23695 1.97117
      vertex 37.2566 -3.35766 1.73053
    endloop
  endfacet
  facet normal 0.369899 -0.892887 0.256764
    outer loop
      vertex 37.4619 -3.2001 1.98268
      vertex 37.2391 -3.2924 1.98268
      vertex 37.2566 -3.35766 1.73053
    endloop
  endfacet
  facet normal 0.332065 0.801882 0.496707
    outer loop
      vertex 37.4619 3.2001 1.98268
      vertex 37.2053 3.16632 2.20876
      vertex 37.3967 3.08706 2.20876
    endloop
  endfacet
  facet normal 0.432314 0.56341 0.704041
    outer loop
      vertex 37.561 2.96099 2.20876
      vertex 37.3967 3.08706 2.20876
      vertex 37.4305 2.83046 2.39335
    endloop
  endfacet
  facet normal 0.306179 0.399277 0.864195
    outer loop
      vertex 37.3044 2.9272 2.39335
      vertex 37.1913 2.73141 2.52388
      vertex 37.2706 2.6706 2.52388
    endloop
  endfacet
  facet normal 0.306291 0.399249 0.864168
    outer loop
      vertex 37.3044 2.9272 2.39335
      vertex 37.2706 2.6706 2.52388
      vertex 37.4305 2.83046 2.39335
    endloop
  endfacet
  facet normal 0.793471 -0.608608 0
    outer loop
      vertex 37.7011 -3.10106 1.73053
      vertex 37.8586 -2.89572 -1.73053
      vertex 37.8586 -2.89572 1.73053
    endloop
  endfacet
  facet normal 0.793471 -0.608608 0
    outer loop
      vertex 37.8586 -2.89572 -1.73053
      vertex 37.7011 -3.10106 1.73053
      vertex 37.7011 -3.10106 -1.73053
    endloop
  endfacet
  facet normal 0.563425 -0.432132 0.704141
    outer loop
      vertex 37.5272 -2.70438 2.39335
      vertex 37.4305 -2.83046 2.39335
      vertex 37.6871 -2.79668 2.20876
    endloop
  endfacet
  facet normal 0.528261 -0.68866 0.496677
    outer loop
      vertex 37.6533 -3.05328 1.98268
      vertex 37.3967 -3.08706 2.20876
      vertex 37.4619 -3.2001 1.98268
    endloop
  endfacet
  facet normal 0.866083 -0 0.4999
    outer loop
      vertex 37.7934 -2.4 2.20876
      vertex 37.834 -1.08958 2.13842
      vertex 37.7934 -0.919747 2.20876
    endloop
  endfacet
  facet normal 0.866067 2.03679e-06 0.499929
    outer loop
      vertex 37.7934 -2.4 2.20876
      vertex 37.9239 -1.34371 1.98268
      vertex 37.834 -1.08958 2.13842
    endloop
  endfacet
  facet normal 0.866071 0 0.499921
    outer loop
      vertex 37.9239 -1.34371 1.98268
      vertex 37.7934 -2.4 2.20876
      vertex 37.9239 -2.4 1.98268
    endloop
  endfacet
  facet normal 0.866071 0 0.499921
    outer loop
      vertex 37.7934 2.4 2.20876
      vertex 37.9239 1.34371 1.98268
      vertex 37.9239 2.4 1.98268
    endloop
  endfacet
  facet normal 0.866067 -2.03679e-06 0.499929
    outer loop
      vertex 37.7934 2.4 2.20876
      vertex 37.834 1.08958 2.13842
      vertex 37.9239 1.34371 1.98268
    endloop
  endfacet
  facet normal 0.866083 0 0.4999
    outer loop
      vertex 37.834 1.08958 2.13842
      vertex 37.7934 2.4 2.20876
      vertex 37.7934 0.919747 2.20876
    endloop
  endfacet
  facet normal 1 -0 0
    outer loop
      vertex 37.9914 2.37045 -0.375443
      vertex 37.9914 2.4 -1.73053
      vertex 37.9914 2.4 0
    endloop
  endfacet
  facet normal 1 -0 0
    outer loop
      vertex 37.9914 2.28254 -0.74164
      vertex 37.9914 2.4 -1.73053
      vertex 37.9914 2.37045 -0.375443
    endloop
  endfacet
  facet normal 1 -0 0
    outer loop
      vertex 37.9914 2.13842 -1.08958
      vertex 37.9914 2.4 -1.73053
      vertex 37.9914 2.28254 -0.74164
    endloop
  endfacet
  facet normal 1 -0 0
    outer loop
      vertex 37.9914 1.94164 -1.41068
      vertex 37.9914 2.4 -1.73053
      vertex 37.9914 2.13842 -1.08958
    endloop
  endfacet
  facet normal 1 -0 0
    outer loop
      vertex 37.9914 1.69706 -1.69706
      vertex 37.9914 2.4 -1.73053
      vertex 37.9914 1.94164 -1.41068
    endloop
  endfacet
  facet normal 1 0 0
    outer loop
      vertex 37.9914 2.4 -1.73053
      vertex 37.9914 1.69706 -1.69706
      vertex 37.9914 1.65787 -1.73053
    endloop
  endfacet
  facet normal 1 0 0
    outer loop
      vertex 37.9914 2.4 1.73053
      vertex 37.9914 2.37045 0.375443
      vertex 37.9914 2.4 0
    endloop
  endfacet
  facet normal 1 0 0
    outer loop
      vertex 37.9914 2.4 1.73053
      vertex 37.9914 2.28254 0.74164
      vertex 37.9914 2.37045 0.375443
    endloop
  endfacet
  facet normal 1 0 0
    outer loop
      vertex 37.9914 2.4 1.73053
      vertex 37.9914 2.13842 1.08958
      vertex 37.9914 2.28254 0.74164
    endloop
  endfacet
  facet normal 1 0 0
    outer loop
      vertex 37.9914 2.4 1.73053
      vertex 37.9914 1.94164 1.41068
      vertex 37.9914 2.13842 1.08958
    endloop
  endfacet
  facet normal 1 0 0
    outer loop
      vertex 37.9914 2.4 1.73053
      vertex 37.9914 1.69706 1.69706
      vertex 37.9914 1.94164 1.41068
    endloop
  endfacet
  facet normal 1 0 -0
    outer loop
      vertex 37.9914 1.69706 1.69706
      vertex 37.9914 2.4 1.73053
      vertex 37.9914 1.65787 1.73053
    endloop
  endfacet
  facet normal 1 0 0
    outer loop
      vertex 37.9914 -1.69706 -1.69706
      vertex 37.9914 -2.4 -1.73053
      vertex 37.9914 -1.65787 -1.73053
    endloop
  endfacet
  facet normal 1 0 0
    outer loop
      vertex 37.9914 -1.94164 -1.41068
      vertex 37.9914 -2.4 -1.73053
      vertex 37.9914 -1.69706 -1.69706
    endloop
  endfacet
  facet normal 1 0 0
    outer loop
      vertex 37.9914 -2.13842 -1.08958
      vertex 37.9914 -2.4 -1.73053
      vertex 37.9914 -1.94164 -1.41068
    endloop
  endfacet
  facet normal 1 0 0
    outer loop
      vertex 37.9914 -2.28254 -0.74164
      vertex 37.9914 -2.4 -1.73053
      vertex 37.9914 -2.13842 -1.08958
    endloop
  endfacet
  facet normal 1 0 0
    outer loop
      vertex 37.9914 -2.37045 -0.375443
      vertex 37.9914 -2.4 -1.73053
      vertex 37.9914 -2.28254 -0.74164
    endloop
  endfacet
  facet normal 1 0 0
    outer loop
      vertex 37.9914 -2.4 -1.73053
      vertex 37.9914 -2.37045 -0.375443
      vertex 37.9914 -2.4 0
    endloop
  endfacet
  facet normal 1 -0 0
    outer loop
      vertex 37.9914 -2.4 1.73053
      vertex 37.9914 -1.69706 1.69706
      vertex 37.9914 -1.65787 1.73053
    endloop
  endfacet
  facet normal 1 0 0
    outer loop
      vertex 37.9914 -2.4 1.73053
      vertex 37.9914 -1.94164 1.41068
      vertex 37.9914 -1.69706 1.69706
    endloop
  endfacet
  facet normal 1 0 0
    outer loop
      vertex 37.9914 -2.4 1.73053
      vertex 37.9914 -2.13842 1.08958
      vertex 37.9914 -1.94164 1.41068
    endloop
  endfacet
  facet normal 1 0 0
    outer loop
      vertex 37.9914 -2.4 1.73053
      vertex 37.9914 -2.28254 0.74164
      vertex 37.9914 -2.13842 1.08958
    endloop
  endfacet
  facet normal 1 0 0
    outer loop
      vertex 37.9914 -2.4 1.73053
      vertex 37.9914 -2.37045 0.375443
      vertex 37.9914 -2.28254 0.74164
    endloop
  endfacet
  facet normal 1 0 0
    outer loop
      vertex 37.9914 -2.37045 0.375443
      vertex 37.9914 -2.4 1.73053
      vertex 37.9914 -2.4 0
    endloop
  endfacet
  facet normal 0.892811 -0.370013 0.256864
    outer loop
      vertex 37.8924 -2.63912 1.98268
      vertex 37.8586 -2.89572 1.73053
      vertex 37.9577 -2.6566 1.73053
    endloop
  endfacet
  facet normal 0.528328 -0.68854 0.496771
    outer loop
      vertex 37.561 -2.96099 2.20876
      vertex 37.3967 -3.08706 2.20876
      vertex 37.6533 -3.05328 1.98268
    endloop
  endfacet
  facet normal 0.464908 -0.192524 0.864173
    outer loop
      vertex 37.588 -2.55756 2.39335
      vertex 37.3696 -2.49905 2.52388
      vertex 37.5272 -2.70438 2.39335
    endloop
  endfacet
  facet normal 0.0571456 0.0440278 0.997395
    outer loop
      vertex 30.0478 3.22048 2.96291
      vertex 37.0923 2.4923 2.59144
      vertex 30.048 3.22679 2.96262
    endloop
  endfacet
  facet normal 0.0571149 0.0437234 0.99741
    outer loop
      vertex 37.0923 2.4923 2.59144
      vertex 30.0478 3.22048 2.96291
      vertex 37.113 2.46526 2.59144
    endloop
  endfacet
  facet normal 0.498849 0.0658547 0.864183
    outer loop
      vertex 37.588 2.55756 2.39335
      vertex 37.3696 2.49905 2.52388
      vertex 37.6088 2.4 2.39335
    endloop
  endfacet
  facet normal 0.656096 0.271559 0.704126
    outer loop
      vertex 37.6871 2.79668 2.20876
      vertex 37.5272 2.70438 2.39335
      vertex 37.7663 2.60533 2.20876
    endloop
  endfacet
  facet normal 0.464975 -0.192459 0.864151
    outer loop
      vertex 37.3696 -2.49905 2.52388
      vertex 37.3314 -2.59134 2.52388
      vertex 37.5272 -2.70438 2.39335
    endloop
  endfacet
  facet normal 0.498849 -0.0658547 0.864183
    outer loop
      vertex 37.6088 -2.4 2.39335
      vertex 37.3696 -2.49905 2.52388
      vertex 37.588 -2.55756 2.39335
    endloop
  endfacet
  facet normal 0.0548955 0.0225625 0.998237
    outer loop
      vertex 30.0477 3.21284 2.96309
      vertex 30.0473 3.18594 2.96372
      vertex 37.1261 2.43378 2.59144
    endloop
  endfacet
  facet normal 0.306291 -0.399249 0.864168
    outer loop
      vertex 37.4305 -2.83046 2.39335
      vertex 37.2706 -2.6706 2.52388
      vertex 37.3044 -2.9272 2.39335
    endloop
  endfacet
  facet normal 0.306179 -0.399277 0.864195
    outer loop
      vertex 37.2706 -2.6706 2.52388
      vertex 37.1913 -2.73141 2.52388
      vertex 37.3044 -2.9272 2.39335
    endloop
  endfacet
  facet normal 0.0608012 -0.0792236 0.995001
    outer loop
      vertex 37.0653 -2.51304 2.59144
      vertex 30.0488 -3.25348 2.96124
      vertex 30.0495 -3.26927 2.95994
    endloop
  endfacet
  facet normal 0.0698214 -0.168658 0.983199
    outer loop
      vertex 37.0653 -2.51304 2.59144
      vertex 30.0495 -3.26927 2.95994
      vertex 30.0504 -3.2777 2.95843
    endloop
  endfacet
  facet normal 0.0571244 0.0438192 0.997405
    outer loop
      vertex 30.0485 3.2489 2.96162
      vertex 30.048 3.22679 2.96262
      vertex 37.0923 2.4923 2.59144
    endloop
  endfacet
  facet normal 0.498885 0.0659807 -0.864153
    outer loop
      vertex 37.3827 2.4 -2.52388
      vertex 37.3696 2.49905 -2.52388
      vertex 37.6088 2.4 -2.39335
    endloop
  endfacet
  facet normal 0.704028 -0.0929196 -0.704067
    outer loop
      vertex 37.7663 -2.60533 -2.20876
      vertex 37.6088 -2.4 -2.39335
      vertex 37.7934 -2.4 -2.20876
    endloop
  endfacet
  facet normal 0.0532532 0.00693648 -0.998557
    outer loop
      vertex 30.0472 3.14767 -2.964
      vertex 37.1261 2.43378 -2.59144
      vertex 37.1305 2.4 -2.59144
    endloop
  endfacet
  facet normal 0.053272 0.00712405 -0.998555
    outer loop
      vertex 37.1261 2.43378 -2.59144
      vertex 30.0472 3.14767 -2.964
      vertex 30.0472 3.15608 -2.96394
    endloop
  endfacet
  facet normal 0.0532776 0.00717864 -0.998554
    outer loop
      vertex 37.1261 2.43378 -2.59144
      vertex 30.0472 3.15608 -2.96394
      vertex 30.0473 3.18594 -2.96372
    endloop
  endfacet
  facet normal 0.766855 -0.588194 -0.25683
    outer loop
      vertex 37.7011 -3.10106 -1.73053
      vertex 37.6533 -3.05328 -1.98268
      vertex 37.8586 -2.89572 -1.73053
    endloop
  endfacet
  facet normal 0.86037 -0.113554 -0.496858
    outer loop
      vertex 37.8924 -2.63912 -1.98268
      vertex 37.7663 -2.60533 -2.20876
      vertex 37.7934 -2.4 -2.20876
    endloop
  endfacet
  facet normal 0.498885 -0.0659807 -0.864153
    outer loop
      vertex 37.6088 -2.4 -2.39335
      vertex 37.3696 -2.49905 -2.52388
      vertex 37.3827 -2.4 -2.52388
    endloop
  endfacet
  facet normal 0.192557 -0.464897 -0.864172
    outer loop
      vertex 37.3044 -2.9272 -2.39335
      vertex 37.099 -2.76964 -2.52388
      vertex 37.1913 -2.73141 -2.52388
    endloop
  endfacet
  facet normal 0.958259 -0.126234 -0.256524
    outer loop
      vertex 37.9914 -2.4 -1.73053
      vertex 37.8924 -2.63912 -1.98268
      vertex 37.9239 -2.4 -1.98268
    endloop
  endfacet
  facet normal 0.958216 -0.125845 -0.256876
    outer loop
      vertex 37.9577 -2.6566 -1.73053
      vertex 37.8924 -2.63912 -1.98268
      vertex 37.9914 -2.4 -1.73053
    endloop
  endfacet
  facet normal 0.207001 -0.158789 -0.965369
    outer loop
      vertex 37.2706 -2.6706 -2.52388
      vertex 37.0923 -2.4923 -2.59144
      vertex 37.3314 -2.59134 -2.52388
    endloop
  endfacet
  facet normal 0.158775 -0.207053 -0.96536
    outer loop
      vertex 37.1913 -2.73141 -2.52388
      vertex 37.0653 -2.51304 -2.59144
      vertex 37.2706 -2.6706 -2.52388
    endloop
  endfacet
  facet normal 0.306291 0.399249 -0.864168
    outer loop
      vertex 37.4305 2.83046 -2.39335
      vertex 37.2706 2.6706 -2.52388
      vertex 37.3044 2.9272 -2.39335
    endloop
  endfacet
  facet normal 0.399281 0.306238 -0.864172
    outer loop
      vertex 37.5272 2.70438 -2.39335
      vertex 37.2706 2.6706 -2.52388
      vertex 37.4305 2.83046 -2.39335
    endloop
  endfacet
  facet normal 0.369854 0.892894 0.256804
    outer loop
      vertex 37.4957 3.25862 1.73053
      vertex 37.2566 3.35766 1.73053
      vertex 37.4619 3.2001 1.98268
    endloop
  endfacet
  facet normal 0.369899 0.892887 0.256764
    outer loop
      vertex 37.2566 3.35766 1.73053
      vertex 37.2391 3.2924 1.98268
      vertex 37.4619 3.2001 1.98268
    endloop
  endfacet
  facet normal 0.892811 0.370013 0.256864
    outer loop
      vertex 37.9577 2.6566 1.73053
      vertex 37.8586 2.89572 1.73053
      vertex 37.8924 2.63912 1.98268
    endloop
  endfacet
  facet normal 0.332065 0.801882 -0.496707
    outer loop
      vertex 37.3967 3.08706 -2.20876
      vertex 37.2053 3.16632 -2.20876
      vertex 37.4619 3.2001 -1.98268
    endloop
  endfacet
  facet normal 0.332158 0.801787 -0.496799
    outer loop
      vertex 37.4619 3.2001 -1.98268
      vertex 37.2053 3.16632 -2.20876
      vertex 37.2391 3.2924 -1.98268
    endloop
  endfacet
  facet normal 0.793471 0.608608 0
    outer loop
      vertex 37.8586 2.89572 1.73053
      vertex 37.7011 3.10106 -1.73053
      vertex 37.7011 3.10106 1.73053
    endloop
  endfacet
  facet normal 0.793471 0.608608 0
    outer loop
      vertex 37.7011 3.10106 -1.73053
      vertex 37.8586 2.89572 1.73053
      vertex 37.8586 2.89572 -1.73053
    endloop
  endfacet
  facet normal 0.892912 0.369876 -0.256711
    outer loop
      vertex 37.8924 2.63912 -1.98268
      vertex 37.8001 2.86194 -1.98268
      vertex 37.8586 2.89572 -1.73053
    endloop
  endfacet
  facet normal 0.801861 0.331891 -0.496857
    outer loop
      vertex 37.7663 2.60533 -2.20876
      vertex 37.6871 2.79668 -2.20876
      vertex 37.8924 2.63912 -1.98268
    endloop
  endfacet
  facet normal 0.86037 0.113554 -0.496858
    outer loop
      vertex 37.7934 2.4 -2.20876
      vertex 37.7663 2.60533 -2.20876
      vertex 37.8924 2.63912 -1.98268
    endloop
  endfacet
  facet normal 0.866071 0 -0.499921
    outer loop
      vertex 37.9239 1.34371 -1.98268
      vertex 37.7934 2.4 -2.20876
      vertex 37.9239 2.4 -1.98268
    endloop
  endfacet
  facet normal 0.866067 -2.03679e-06 -0.499929
    outer loop
      vertex 37.834 1.08958 -2.13842
      vertex 37.7934 2.4 -2.20876
      vertex 37.9239 1.34371 -1.98268
    endloop
  endfacet
  facet normal 0.866083 0 -0.4999
    outer loop
      vertex 37.7934 2.4 -2.20876
      vertex 37.834 1.08958 -2.13842
      vertex 37.7934 0.919747 -2.20876
    endloop
  endfacet
  facet normal 0.866071 0 -0.499921
    outer loop
      vertex 37.7934 -2.4 -2.20876
      vertex 37.9239 -1.34371 -1.98268
      vertex 37.9239 -2.4 -1.98268
    endloop
  endfacet
  facet normal 0.866067 2.03679e-06 -0.499929
    outer loop
      vertex 37.9239 -1.34371 -1.98268
      vertex 37.7934 -2.4 -2.20876
      vertex 37.834 -1.08958 -2.13842
    endloop
  endfacet
  facet normal 0.866083 0 -0.4999
    outer loop
      vertex 37.834 -1.08958 -2.13842
      vertex 37.7934 -2.4 -2.20876
      vertex 37.7934 -0.919747 -2.20876
    endloop
  endfacet
  facet normal 0.0571244 0.0438192 -0.997405
    outer loop
      vertex 37.0923 2.4923 -2.59144
      vertex 30.048 3.22679 -2.96262
      vertex 30.0485 3.2489 -2.96162
    endloop
  endfacet
  facet normal 0.0608012 0.0792236 -0.995001
    outer loop
      vertex 37.0653 2.51304 -2.59144
      vertex 30.0488 3.25348 -2.96124
      vertex 30.0495 3.26927 -2.95994
    endloop
  endfacet
  facet normal 0.0773937 0.2472 -0.965869
    outer loop
      vertex 37.0338 2.52608 -2.59144
      vertex 30.0607 3.34521 -2.94054
      vertex 37.099 2.76964 -2.52388
    endloop
  endfacet
  facet normal 0.07739 0.247165 -0.965878
    outer loop
      vertex 30.0607 3.34521 -2.94054
      vertex 37.0338 2.52608 -2.59144
      vertex 30.0506 3.28022 -2.95798
    endloop
  endfacet
  facet normal 0.0698221 0.168665 -0.983197
    outer loop
      vertex 30.0504 3.2777 -2.95843
      vertex 37.0338 2.52608 -2.59144
      vertex 37.0653 2.51304 -2.59144
    endloop
  endfacet
  facet normal 0.069951 0.169977 -0.982962
    outer loop
      vertex 37.0338 2.52608 -2.59144
      vertex 30.0504 3.2777 -2.95843
      vertex 30.0506 3.28022 -2.95798
    endloop
  endfacet
  facet normal 0.588227 -0.766834 -0.256818
    outer loop
      vertex 37.7011 -3.10106 -1.73053
      vertex 37.4619 -3.2001 -1.98268
      vertex 37.6533 -3.05328 -1.98268
    endloop
  endfacet
  facet normal 0.528261 -0.68866 -0.496677
    outer loop
      vertex 37.4619 -3.2001 -1.98268
      vertex 37.3967 -3.08706 -2.20876
      vertex 37.6533 -3.05328 -1.98268
    endloop
  endfacet
  facet normal 0.128889 -0.979235 -0.156484
    outer loop
      vertex 37 -3.39144 -1.73053
      vertex 30.2838 -4.2386 -1.96107
      vertex 30.284 -4.23734 -1.96879
    endloop
  endfacet
  facet normal 0.128947 -0.9786 -0.160359
    outer loop
      vertex 30.284 -4.23695 -1.97117
      vertex 37 -3.39144 -1.73053
      vertex 30.284 -4.23734 -1.96879
    endloop
  endfacet
  facet normal 0.128897 -0.979132 -0.157119
    outer loop
      vertex 37 -3.39144 -1.73053
      vertex 30.284 -4.23695 -1.97117
      vertex 37.2566 -3.35766 -1.73053
    endloop
  endfacet
  facet normal 0.923807 -0.382859 0
    outer loop
      vertex 37.8586 -2.89572 1.73053
      vertex 37.9577 -2.6566 -1.73053
      vertex 37.9577 -2.6566 1.73053
    endloop
  endfacet
  facet normal 0.923807 -0.382859 0
    outer loop
      vertex 37.9577 -2.6566 -1.73053
      vertex 37.8586 -2.89572 1.73053
      vertex 37.8586 -2.89572 -1.73053
    endloop
  endfacet
  facet normal 0.958259 0.126234 0.256524
    outer loop
      vertex 37.9914 2.4 1.73053
      vertex 37.8924 2.63912 1.98268
      vertex 37.9239 2.4 1.98268
    endloop
  endfacet
  facet normal 0.860489 0.113355 0.496699
    outer loop
      vertex 37.8924 2.63912 1.98268
      vertex 37.7934 2.4 2.20876
      vertex 37.9239 2.4 1.98268
    endloop
  endfacet
  facet normal 0.688611 -0.528316 0.496687
    outer loop
      vertex 37.6871 -2.79668 2.20876
      vertex 37.6533 -3.05328 1.98268
      vertex 37.8001 -2.86194 1.98268
    endloop
  endfacet
  facet normal 0.801864 -0.332161 0.496672
    outer loop
      vertex 37.8924 -2.63912 1.98268
      vertex 37.6871 -2.79668 2.20876
      vertex 37.8001 -2.86194 1.98268
    endloop
  endfacet
  facet normal 0.704015 0.0929393 0.704077
    outer loop
      vertex 37.7663 2.60533 2.20876
      vertex 37.588 2.55756 2.39335
      vertex 37.6088 2.4 2.39335
    endloop
  endfacet
  facet normal 0.704028 0.0929196 0.704067
    outer loop
      vertex 37.7663 2.60533 2.20876
      vertex 37.6088 2.4 2.39335
      vertex 37.7934 2.4 2.20876
    endloop
  endfacet
  facet normal 0.656106 -0.271702 0.704062
    outer loop
      vertex 37.588 -2.55756 2.39335
      vertex 37.5272 -2.70438 2.39335
      vertex 37.7663 -2.60533 2.20876
    endloop
  endfacet
  facet normal 0.704015 -0.0929393 0.704077
    outer loop
      vertex 37.6088 -2.4 2.39335
      vertex 37.588 -2.55756 2.39335
      vertex 37.7663 -2.60533 2.20876
    endloop
  endfacet
  facet normal 0.0997929 -0.241064 0.965365
    outer loop
      vertex 37.0653 -2.51304 2.59144
      vertex 37.0338 -2.52608 2.59144
      vertex 37.099 -2.76964 2.52388
    endloop
  endfacet
  facet normal 0.0698221 -0.168665 0.983197
    outer loop
      vertex 30.0504 -3.2777 2.95843
      vertex 37.0338 -2.52608 2.59144
      vertex 37.0653 -2.51304 2.59144
    endloop
  endfacet
  facet normal 0.069951 -0.169977 0.982962
    outer loop
      vertex 37.0338 -2.52608 2.59144
      vertex 30.0504 -3.2777 2.95843
      vertex 30.0506 -3.28022 2.95798
    endloop
  endfacet
  facet normal 0.158775 -0.207053 0.96536
    outer loop
      vertex 37.2706 -2.6706 2.52388
      vertex 37.0653 -2.51304 2.59144
      vertex 37.1913 -2.73141 2.52388
    endloop
  endfacet
  facet normal 0.0998439 -0.241056 0.965362
    outer loop
      vertex 37.1913 -2.73141 2.52388
      vertex 37.0653 -2.51304 2.59144
      vertex 37.099 -2.76964 2.52388
    endloop
  endfacet
  facet normal 0.207001 -0.158789 0.965369
    outer loop
      vertex 37.3314 -2.59134 2.52388
      vertex 37.0923 -2.4923 2.59144
      vertex 37.2706 -2.6706 2.52388
    endloop
  endfacet
  facet normal 0.207106 -0.158546 0.965386
    outer loop
      vertex 37.113 -2.46526 2.59144
      vertex 37.0923 -2.4923 2.59144
      vertex 37.3314 -2.59134 2.52388
    endloop
  endfacet
  facet normal 0.0698214 0.168658 0.983199
    outer loop
      vertex 30.0504 3.2777 2.95843
      vertex 30.0495 3.26927 2.95994
      vertex 37.0653 2.51304 2.59144
    endloop
  endfacet
  facet normal 0.0608012 0.0792236 0.995001
    outer loop
      vertex 30.0495 3.26927 2.95994
      vertex 30.0488 3.25348 2.96124
      vertex 37.0653 2.51304 2.59144
    endloop
  endfacet
  facet normal 0.399281 -0.306238 -0.864172
    outer loop
      vertex 37.4305 -2.83046 -2.39335
      vertex 37.2706 -2.6706 -2.52388
      vertex 37.5272 -2.70438 -2.39335
    endloop
  endfacet
  facet normal 0.464908 -0.192524 -0.864173
    outer loop
      vertex 37.5272 -2.70438 -2.39335
      vertex 37.3696 -2.49905 -2.52388
      vertex 37.588 -2.55756 -2.39335
    endloop
  endfacet
  facet normal 0.241093 -0.0997915 -0.965358
    outer loop
      vertex 37.3314 -2.59134 -2.52388
      vertex 37.1261 -2.43378 -2.59144
      vertex 37.3696 -2.49905 -2.52388
    endloop
  endfacet
  facet normal 0.306179 -0.399277 -0.864195
    outer loop
      vertex 37.3044 -2.9272 -2.39335
      vertex 37.1913 -2.73141 -2.52388
      vertex 37.2706 -2.6706 -2.52388
    endloop
  endfacet
  facet normal 0.0548955 -0.0225625 -0.998237
    outer loop
      vertex 30.0477 -3.21284 -2.96309
      vertex 30.0473 -3.18594 -2.96372
      vertex 37.1261 -2.43378 -2.59144
    endloop
  endfacet
  facet normal 0.207106 -0.158546 -0.965386
    outer loop
      vertex 37.3314 -2.59134 -2.52388
      vertex 37.0923 -2.4923 -2.59144
      vertex 37.113 -2.46526 -2.59144
    endloop
  endfacet
  facet normal 0.207001 0.158789 -0.965369
    outer loop
      vertex 37.3314 2.59134 -2.52388
      vertex 37.0923 2.4923 -2.59144
      vertex 37.2706 2.6706 -2.52388
    endloop
  endfacet
  facet normal 0.399271 0.306279 -0.864162
    outer loop
      vertex 37.3314 2.59134 -2.52388
      vertex 37.2706 2.6706 -2.52388
      vertex 37.5272 2.70438 -2.39335
    endloop
  endfacet
  facet normal 0.588227 0.766834 0.256818
    outer loop
      vertex 37.7011 3.10106 1.73053
      vertex 37.4619 3.2001 1.98268
      vertex 37.6533 3.05328 1.98268
    endloop
  endfacet
  facet normal 0.528261 0.68866 0.496677
    outer loop
      vertex 37.4619 3.2001 1.98268
      vertex 37.3967 3.08706 2.20876
      vertex 37.6533 3.05328 1.98268
    endloop
  endfacet
  facet normal 0.382689 0.923877 -0
    outer loop
      vertex 37.4957 3.25862 -1.73053
      vertex 37.2566 3.35766 1.73053
      vertex 37.4957 3.25862 1.73053
    endloop
  endfacet
  facet normal 0.382689 0.923877 0
    outer loop
      vertex 37.2566 3.35766 1.73053
      vertex 37.4957 3.25862 -1.73053
      vertex 37.2566 3.35766 -1.73053
    endloop
  endfacet
  facet normal 0.923807 0.382859 0
    outer loop
      vertex 37.9577 2.6566 1.73053
      vertex 37.8586 2.89572 -1.73053
      vertex 37.8586 2.89572 1.73053
    endloop
  endfacet
  facet normal 0.923807 0.382859 0
    outer loop
      vertex 37.8586 2.89572 -1.73053
      vertex 37.9577 2.6566 1.73053
      vertex 37.9577 2.6566 -1.73053
    endloop
  endfacet
  facet normal 0.801864 0.332161 -0.496672
    outer loop
      vertex 37.8924 2.63912 -1.98268
      vertex 37.6871 2.79668 -2.20876
      vertex 37.8001 2.86194 -1.98268
    endloop
  endfacet
  facet normal 0.688611 0.528316 -0.496687
    outer loop
      vertex 37.6871 2.79668 -2.20876
      vertex 37.6533 3.05328 -1.98268
      vertex 37.8001 2.86194 -1.98268
    endloop
  endfacet
  facet normal 0.704015 0.0929393 -0.704077
    outer loop
      vertex 37.6088 2.4 -2.39335
      vertex 37.588 2.55756 -2.39335
      vertex 37.7663 2.60533 -2.20876
    endloop
  endfacet
  facet normal 0.656106 0.271702 -0.704062
    outer loop
      vertex 37.588 2.55756 -2.39335
      vertex 37.5272 2.70438 -2.39335
      vertex 37.7663 2.60533 -2.20876
    endloop
  endfacet
  facet normal 0.0549275 0.0228574 -0.998229
    outer loop
      vertex 30.0477 3.21284 -2.96309
      vertex 37.113 2.46526 -2.59144
      vertex 37.1261 2.43378 -2.59144
    endloop
  endfacet
  facet normal 0.0549215 0.0227996 -0.99823
    outer loop
      vertex 37.113 2.46526 -2.59144
      vertex 30.0477 3.21284 -2.96309
      vertex 30.0478 3.22048 -2.96291
    endloop
  endfacet
  facet normal 0.0548955 0.0225625 -0.998237
    outer loop
      vertex 37.1261 2.43378 -2.59144
      vertex 30.0473 3.18594 -2.96372
      vertex 30.0477 3.21284 -2.96309
    endloop
  endfacet
  facet normal 0.688491 -0.528384 -0.496781
    outer loop
      vertex 37.6533 -3.05328 -1.98268
      vertex 37.561 -2.96099 -2.20876
      vertex 37.6871 -2.79668 -2.20876
    endloop
  endfacet
  facet normal 0.528328 -0.68854 -0.496771
    outer loop
      vertex 37.6533 -3.05328 -1.98268
      vertex 37.3967 -3.08706 -2.20876
      vertex 37.561 -2.96099 -2.20876
    endloop
  endfacet
  facet normal 0.563379 -0.432366 0.704034
    outer loop
      vertex 37.6871 -2.79668 2.20876
      vertex 37.4305 -2.83046 2.39335
      vertex 37.561 -2.96099 2.20876
    endloop
  endfacet
  facet normal 0.432314 -0.56341 0.704041
    outer loop
      vertex 37.4305 -2.83046 2.39335
      vertex 37.3967 -3.08706 2.20876
      vertex 37.561 -2.96099 2.20876
    endloop
  endfacet
  facet normal 0.656106 -0.271702 -0.704062
    outer loop
      vertex 37.7663 -2.60533 -2.20876
      vertex 37.5272 -2.70438 -2.39335
      vertex 37.588 -2.55756 -2.39335
    endloop
  endfacet
  facet normal 0.498849 -0.0658547 -0.864183
    outer loop
      vertex 37.588 -2.55756 -2.39335
      vertex 37.3696 -2.49905 -2.52388
      vertex 37.6088 -2.4 -2.39335
    endloop
  endfacet
  facet normal 0.0997929 -0.241064 -0.965365
    outer loop
      vertex 37.099 -2.76964 -2.52388
      vertex 37.0338 -2.52608 -2.59144
      vertex 37.0653 -2.51304 -2.59144
    endloop
  endfacet
  facet normal 0.053272 -0.00712405 -0.998555
    outer loop
      vertex 30.0472 -3.14767 -2.964
      vertex 37.1261 -2.43378 -2.59144
      vertex 30.0472 -3.15608 -2.96394
    endloop
  endfacet
  facet normal 0.0532532 -0.00693648 -0.998557
    outer loop
      vertex 37.1261 -2.43378 -2.59144
      vertex 30.0472 -3.14767 -2.964
      vertex 37.1305 -2.4 -2.59144
    endloop
  endfacet
  facet normal 0.258612 -0.0336854 -0.965394
    outer loop
      vertex 37.3827 -2.4 -2.52388
      vertex 37.1261 -2.43378 -2.59144
      vertex 37.1305 -2.4 -2.59144
    endloop
  endfacet
  facet normal 0.0571244 -0.0438192 -0.997405
    outer loop
      vertex 30.0485 -3.2489 -2.96162
      vertex 30.048 -3.22679 -2.96262
      vertex 37.0923 -2.4923 -2.59144
    endloop
  endfacet
  facet normal 0.0698214 -0.168658 -0.983199
    outer loop
      vertex 30.0504 -3.2777 -2.95843
      vertex 30.0495 -3.26927 -2.95994
      vertex 37.0653 -2.51304 -2.59144
    endloop
  endfacet
  facet normal 0.069951 -0.169977 -0.982962
    outer loop
      vertex 30.0504 -3.2777 -2.95843
      vertex 37.0338 -2.52608 -2.59144
      vertex 30.0506 -3.28022 -2.95798
    endloop
  endfacet
  facet normal 0.0698221 -0.168665 -0.983197
    outer loop
      vertex 37.0338 -2.52608 -2.59144
      vertex 30.0504 -3.2777 -2.95843
      vertex 37.0653 -2.51304 -2.59144
    endloop
  endfacet
  facet normal 0.0607363 -0.0785809 -0.995056
    outer loop
      vertex 30.0485 -3.2489 -2.96162
      vertex 37.0653 -2.51304 -2.59144
      vertex 30.0488 -3.25348 -2.96124
    endloop
  endfacet
  facet normal 0.0607926 -0.0791417 -0.995008
    outer loop
      vertex 37.0653 -2.51304 -2.59144
      vertex 30.0485 -3.2489 -2.96162
      vertex 37.0923 -2.4923 -2.59144
    endloop
  endfacet
  facet normal 0.240789 -0.100201 -0.965391
    outer loop
      vertex 37.3314 -2.59134 -2.52388
      vertex 37.113 -2.46526 -2.59144
      vertex 37.1261 -2.43378 -2.59144
    endloop
  endfacet
  facet normal 0.258672 -0.0342111 -0.965359
    outer loop
      vertex 37.3696 -2.49905 -2.52388
      vertex 37.1261 -2.43378 -2.59144
      vertex 37.3827 -2.4 -2.52388
    endloop
  endfacet
  facet normal 0.158913 -0.206879 -0.965374
    outer loop
      vertex 37.2706 -2.6706 -2.52388
      vertex 37.0653 -2.51304 -2.59144
      vertex 37.0923 -2.4923 -2.59144
    endloop
  endfacet
  facet normal 0.0773937 -0.2472 -0.965869
    outer loop
      vertex 30.0607 -3.34521 -2.94054
      vertex 37.0338 -2.52608 -2.59144
      vertex 37.099 -2.76964 -2.52388
    endloop
  endfacet
  facet normal 0.07739 -0.247165 -0.965878
    outer loop
      vertex 37.0338 -2.52608 -2.59144
      vertex 30.0607 -3.34521 -2.94054
      vertex 30.0506 -3.28022 -2.95798
    endloop
  endfacet
  facet normal 0.0773932 -0.247193 -0.965871
    outer loop
      vertex 30.0945 -3.56313 -2.88206
      vertex 30.0607 -3.34521 -2.94054
      vertex 37.099 -2.76964 -2.52388
    endloop
  endfacet
  facet normal 0.464975 -0.192459 -0.864151
    outer loop
      vertex 37.5272 -2.70438 -2.39335
      vertex 37.3314 -2.59134 -2.52388
      vertex 37.3696 -2.49905 -2.52388
    endloop
  endfacet
  facet normal 0.399271 -0.306279 -0.864162
    outer loop
      vertex 37.5272 -2.70438 -2.39335
      vertex 37.2706 -2.6706 -2.52388
      vertex 37.3314 -2.59134 -2.52388
    endloop
  endfacet
  facet normal 0.0549215 -0.0227996 -0.99823
    outer loop
      vertex 30.0477 -3.21284 -2.96309
      vertex 37.113 -2.46526 -2.59144
      vertex 30.0478 -3.22048 -2.96291
    endloop
  endfacet
  facet normal 0.0549275 -0.0228574 -0.998229
    outer loop
      vertex 37.113 -2.46526 -2.59144
      vertex 30.0477 -3.21284 -2.96309
      vertex 37.1261 -2.43378 -2.59144
    endloop
  endfacet
  facet normal 0.0608012 -0.0792236 -0.995001
    outer loop
      vertex 30.0495 -3.26927 -2.95994
      vertex 30.0488 -3.25348 -2.96124
      vertex 37.0653 -2.51304 -2.59144
    endloop
  endfacet
  facet normal -0 0.0784644 0.996917
    outer loop
      vertex 37.6317 0.375443 2.37045
      vertex 62.5 0 2.4
      vertex 62.5 0.375443 2.37045
    endloop
  endfacet
  facet normal -1.23029e-07 0.0784563 0.996918
    outer loop
      vertex 37.6088 0.0844603 2.39335
      vertex 62.5 0 2.4
      vertex 37.6317 0.375443 2.37045
    endloop
  endfacet
  facet normal 0 0.0784923 0.996915
    outer loop
      vertex 62.5 0 2.4
      vertex 37.6088 0.0844603 2.39335
      vertex 37.5972 0 2.4
    endloop
  endfacet
  facet normal 0 -0.0784644 -0.996917
    outer loop
      vertex 37.6317 -0.375443 -2.37045
      vertex 62.5 0 -2.4
      vertex 62.5 -0.375443 -2.37045
    endloop
  endfacet
  facet normal -1.23029e-07 -0.0784563 -0.996918
    outer loop
      vertex 37.6088 -0.0844603 -2.39335
      vertex 62.5 0 -2.4
      vertex 37.6317 -0.375443 -2.37045
    endloop
  endfacet
  facet normal -0 -0.0784923 -0.996915
    outer loop
      vertex 62.5 0 -2.4
      vertex 37.6088 -0.0844603 -2.39335
      vertex 37.5972 0 -2.4
    endloop
  endfacet
  facet normal 0 0.38268 -0.923881
    outer loop
      vertex 62.5 0.74164 -2.28254
      vertex 37.834 1.08958 -2.13842
      vertex 62.5 1.08958 -2.13842
    endloop
  endfacet
  facet normal -4.90685e-07 0.38265 -0.923893
    outer loop
      vertex 62.5 0.74164 -2.28254
      vertex 37.7934 0.919747 -2.20876
      vertex 37.834 1.08958 -2.13842
    endloop
  endfacet
  facet normal 0 0.382709 -0.923869
    outer loop
      vertex 37.7934 0.919747 -2.20876
      vertex 62.5 0.74164 -2.28254
      vertex 37.7196 0.74164 -2.28254
    endloop
  endfacet
  facet normal 0 0.996917 -0.0784644
    outer loop
      vertex 62.5 2.37045 -0.375443
      vertex 37.9914 2.4 0
      vertex 62.5 2.4 0
    endloop
  endfacet
  facet normal 0 0.996917 -0.0784644
    outer loop
      vertex 37.9914 2.4 0
      vertex 62.5 2.37045 -0.375443
      vertex 37.9914 2.37045 -0.375443
    endloop
  endfacet
  facet normal 0 -0.760421 0.64943
    outer loop
      vertex 37.9914 -1.94164 1.41068
      vertex 62.5 -1.69706 1.69706
      vertex 37.9914 -1.69706 1.69706
    endloop
  endfacet
  facet normal 0 -0.760421 0.64943
    outer loop
      vertex 62.5 -1.69706 1.69706
      vertex 37.9914 -1.94164 1.41068
      vertex 62.5 -1.94164 1.41068
    endloop
  endfacet
  facet normal 0 0.923881 -0.38268
    outer loop
      vertex 62.5 2.13842 -1.08958
      vertex 37.9914 2.28254 -0.74164
      vertex 62.5 2.28254 -0.74164
    endloop
  endfacet
  facet normal 0 0.923881 -0.38268
    outer loop
      vertex 37.9914 2.28254 -0.74164
      vertex 62.5 2.13842 -1.08958
      vertex 37.9914 2.13842 -1.08958
    endloop
  endfacet
  facet normal 0 0.0784644 -0.996917
    outer loop
      vertex 62.5 0 -2.4
      vertex 37.6317 0.375443 -2.37045
      vertex 62.5 0.375443 -2.37045
    endloop
  endfacet
  facet normal -1.23029e-07 0.0784563 -0.996918
    outer loop
      vertex 62.5 0 -2.4
      vertex 37.6088 0.0844603 -2.39335
      vertex 37.6317 0.375443 -2.37045
    endloop
  endfacet
  facet normal 0 0.0784923 -0.996915
    outer loop
      vertex 37.6088 0.0844603 -2.39335
      vertex 62.5 0 -2.4
      vertex 37.5972 0 -2.4
    endloop
  endfacet
  facet normal 0 -0.522517 -0.852629
    outer loop
      vertex 37.9349 -1.41068 -1.94164
      vertex 62.5 -1.08958 -2.13842
      vertex 62.5 -1.41068 -1.94164
    endloop
  endfacet
  facet normal -2.13384e-07 -0.522505 -0.852636
    outer loop
      vertex 37.9239 -1.34371 -1.98268
      vertex 62.5 -1.08958 -2.13842
      vertex 37.9349 -1.41068 -1.94164
    endloop
  endfacet
  facet normal -0 -0.52252 -0.852627
    outer loop
      vertex 62.5 -1.08958 -2.13842
      vertex 37.9239 -1.34371 -1.98268
      vertex 37.834 -1.08958 -2.13842
    endloop
  endfacet
  facet normal 0 -0.923881 -0.38268
    outer loop
      vertex 37.9914 -2.13842 -1.08958
      vertex 62.5 -2.28254 -0.74164
      vertex 37.9914 -2.28254 -0.74164
    endloop
  endfacet
  facet normal 0 -0.923881 -0.38268
    outer loop
      vertex 62.5 -2.28254 -0.74164
      vertex 37.9914 -2.13842 -1.08958
      vertex 62.5 -2.13842 -1.08958
    endloop
  endfacet
  facet normal 0 -0.38268 -0.923881
    outer loop
      vertex 37.834 -1.08958 -2.13842
      vertex 62.5 -0.74164 -2.28254
      vertex 62.5 -1.08958 -2.13842
    endloop
  endfacet
  facet normal -4.90685e-07 -0.38265 -0.923893
    outer loop
      vertex 37.7934 -0.919747 -2.20876
      vertex 62.5 -0.74164 -2.28254
      vertex 37.834 -1.08958 -2.13842
    endloop
  endfacet
  facet normal -0 -0.382709 -0.923869
    outer loop
      vertex 62.5 -0.74164 -2.28254
      vertex 37.7934 -0.919747 -2.20876
      vertex 37.7196 -0.74164 -2.28254
    endloop
  endfacet
  facet normal 5.24371e-09 -0.64943 0.760421
    outer loop
      vertex 62.5 -1.41068 1.94164
      vertex 37.9914 -1.65787 1.73053
      vertex 62.5 -1.69706 1.69706
    endloop
  endfacet
  facet normal 0 -0.64943 0.760421
    outer loop
      vertex 37.9914 -1.65787 1.73053
      vertex 62.5 -1.41068 1.94164
      vertex 37.9349 -1.41068 1.94164
    endloop
  endfacet
  facet normal 0 -0.649432 0.76042
    outer loop
      vertex 62.5 -1.69706 1.69706
      vertex 37.9914 -1.65787 1.73053
      vertex 37.9914 -1.69706 1.69706
    endloop
  endfacet
  facet normal 0 0.522517 -0.852629
    outer loop
      vertex 62.5 1.08958 -2.13842
      vertex 37.9349 1.41068 -1.94164
      vertex 62.5 1.41068 -1.94164
    endloop
  endfacet
  facet normal -2.13384e-07 0.522505 -0.852636
    outer loop
      vertex 62.5 1.08958 -2.13842
      vertex 37.9239 1.34371 -1.98268
      vertex 37.9349 1.41068 -1.94164
    endloop
  endfacet
  facet normal 0 0.52252 -0.852627
    outer loop
      vertex 37.9239 1.34371 -1.98268
      vertex 62.5 1.08958 -2.13842
      vertex 37.834 1.08958 -2.13842
    endloop
  endfacet
  facet normal 0 0.996917 0.0784644
    outer loop
      vertex 62.5 2.4 0
      vertex 37.9914 2.37045 0.375443
      vertex 62.5 2.37045 0.375443
    endloop
  endfacet
  facet normal 0 0.996917 0.0784644
    outer loop
      vertex 37.9914 2.37045 0.375443
      vertex 62.5 2.4 0
      vertex 37.9914 2.4 0
    endloop
  endfacet
  facet normal 0 0.23343 -0.972374
    outer loop
      vertex 62.5 0.375443 -2.37045
      vertex 37.7196 0.74164 -2.28254
      vertex 62.5 0.74164 -2.28254
    endloop
  endfacet
  facet normal 0 0.23343 -0.972374
    outer loop
      vertex 37.7196 0.74164 -2.28254
      vertex 62.5 0.375443 -2.37045
      vertex 37.6317 0.375443 -2.37045
    endloop
  endfacet
  facet normal 0 0.760421 0.64943
    outer loop
      vertex 62.5 1.94164 1.41068
      vertex 37.9914 1.69706 1.69706
      vertex 62.5 1.69706 1.69706
    endloop
  endfacet
  facet normal 0 0.760421 0.64943
    outer loop
      vertex 37.9914 1.69706 1.69706
      vertex 62.5 1.94164 1.41068
      vertex 37.9914 1.94164 1.41068
    endloop
  endfacet
  facet normal 0 -0.996917 0.0784644
    outer loop
      vertex 37.9914 -2.4 0
      vertex 62.5 -2.37045 0.375443
      vertex 37.9914 -2.37045 0.375443
    endloop
  endfacet
  facet normal 0 -0.996917 0.0784644
    outer loop
      vertex 62.5 -2.37045 0.375443
      vertex 37.9914 -2.4 0
      vertex 62.5 -2.4 0
    endloop
  endfacet
  facet normal 1 0 0
    outer loop
      vertex 62.5 2.37045 0.375443
      vertex 62.5 2.37045 -0.375443
      vertex 62.5 2.4 0
    endloop
  endfacet
  facet normal 1 0 0
    outer loop
      vertex 62.5 2.28254 0.74164
      vertex 62.5 2.37045 -0.375443
      vertex 62.5 2.37045 0.375443
    endloop
  endfacet
  facet normal 1 0 0
    outer loop
      vertex 62.5 2.28254 0.74164
      vertex 62.5 2.28254 -0.74164
      vertex 62.5 2.37045 -0.375443
    endloop
  endfacet
  facet normal 1 0 0
    outer loop
      vertex 62.5 2.13842 1.08958
      vertex 62.5 2.28254 -0.74164
      vertex 62.5 2.28254 0.74164
    endloop
  endfacet
  facet normal 1 0 0
    outer loop
      vertex 62.5 2.13842 1.08958
      vertex 62.5 2.13842 -1.08958
      vertex 62.5 2.28254 -0.74164
    endloop
  endfacet
  facet normal 1 0 0
    outer loop
      vertex 62.5 1.94164 1.41068
      vertex 62.5 2.13842 -1.08958
      vertex 62.5 2.13842 1.08958
    endloop
  endfacet
  facet normal 1 0 0
    outer loop
      vertex 62.5 1.94164 1.41068
      vertex 62.5 1.94164 -1.41068
      vertex 62.5 2.13842 -1.08958
    endloop
  endfacet
  facet normal 1 0 0
    outer loop
      vertex 62.5 1.69706 1.69706
      vertex 62.5 1.94164 -1.41068
      vertex 62.5 1.94164 1.41068
    endloop
  endfacet
  facet normal 1 0 0
    outer loop
      vertex 62.5 1.69706 1.69706
      vertex 62.5 1.69706 -1.69706
      vertex 62.5 1.94164 -1.41068
    endloop
  endfacet
  facet normal 1 0 0
    outer loop
      vertex 62.5 1.41068 1.94164
      vertex 62.5 1.69706 -1.69706
      vertex 62.5 1.69706 1.69706
    endloop
  endfacet
  facet normal 1 0 0
    outer loop
      vertex 62.5 1.41068 1.94164
      vertex 62.5 1.41068 -1.94164
      vertex 62.5 1.69706 -1.69706
    endloop
  endfacet
  facet normal 1 0 0
    outer loop
      vertex 62.5 1.08958 2.13842
      vertex 62.5 1.41068 -1.94164
      vertex 62.5 1.41068 1.94164
    endloop
  endfacet
  facet normal 1 0 0
    outer loop
      vertex 62.5 1.08958 2.13842
      vertex 62.5 1.08958 -2.13842
      vertex 62.5 1.41068 -1.94164
    endloop
  endfacet
  facet normal 1 0 0
    outer loop
      vertex 62.5 0.74164 2.28254
      vertex 62.5 1.08958 -2.13842
      vertex 62.5 1.08958 2.13842
    endloop
  endfacet
  facet normal 1 0 0
    outer loop
      vertex 62.5 0.74164 2.28254
      vertex 62.5 0.74164 -2.28254
      vertex 62.5 1.08958 -2.13842
    endloop
  endfacet
  facet normal 1 0 0
    outer loop
      vertex 62.5 0.375443 2.37045
      vertex 62.5 0.74164 -2.28254
      vertex 62.5 0.74164 2.28254
    endloop
  endfacet
  facet normal 1 0 0
    outer loop
      vertex 62.5 0.375443 2.37045
      vertex 62.5 0.375443 -2.37045
      vertex 62.5 0.74164 -2.28254
    endloop
  endfacet
  facet normal 1 0 0
    outer loop
      vertex 62.5 0 2.4
      vertex 62.5 0.375443 -2.37045
      vertex 62.5 0.375443 2.37045
    endloop
  endfacet
  facet normal 1 0 0
    outer loop
      vertex 62.5 0 2.4
      vertex 62.5 0 -2.4
      vertex 62.5 0.375443 -2.37045
    endloop
  endfacet
  facet normal 1 -0 0
    outer loop
      vertex 62.5 -0.375443 2.37045
      vertex 62.5 0 -2.4
      vertex 62.5 0 2.4
    endloop
  endfacet
  facet normal 1 0 0
    outer loop
      vertex 62.5 -0.375443 2.37045
      vertex 62.5 -0.375443 -2.37045
      vertex 62.5 0 -2.4
    endloop
  endfacet
  facet normal 1 -0 0
    outer loop
      vertex 62.5 -0.74164 2.28254
      vertex 62.5 -0.375443 -2.37045
      vertex 62.5 -0.375443 2.37045
    endloop
  endfacet
  facet normal 1 0 0
    outer loop
      vertex 62.5 -0.74164 2.28254
      vertex 62.5 -0.74164 -2.28254
      vertex 62.5 -0.375443 -2.37045
    endloop
  endfacet
  facet normal 1 -0 0
    outer loop
      vertex 62.5 -1.08958 2.13842
      vertex 62.5 -0.74164 -2.28254
      vertex 62.5 -0.74164 2.28254
    endloop
  endfacet
  facet normal 1 0 0
    outer loop
      vertex 62.5 -1.08958 2.13842
      vertex 62.5 -1.08958 -2.13842
      vertex 62.5 -0.74164 -2.28254
    endloop
  endfacet
  facet normal 1 -0 0
    outer loop
      vertex 62.5 -1.41068 1.94164
      vertex 62.5 -1.08958 -2.13842
      vertex 62.5 -1.08958 2.13842
    endloop
  endfacet
  facet normal 1 0 0
    outer loop
      vertex 62.5 -1.41068 1.94164
      vertex 62.5 -1.41068 -1.94164
      vertex 62.5 -1.08958 -2.13842
    endloop
  endfacet
  facet normal 1 -0 0
    outer loop
      vertex 62.5 -1.69706 1.69706
      vertex 62.5 -1.41068 -1.94164
      vertex 62.5 -1.41068 1.94164
    endloop
  endfacet
  facet normal 1 0 0
    outer loop
      vertex 62.5 -1.69706 1.69706
      vertex 62.5 -1.69706 -1.69706
      vertex 62.5 -1.41068 -1.94164
    endloop
  endfacet
  facet normal 1 -0 0
    outer loop
      vertex 62.5 -1.94164 1.41068
      vertex 62.5 -1.69706 -1.69706
      vertex 62.5 -1.69706 1.69706
    endloop
  endfacet
  facet normal 1 0 0
    outer loop
      vertex 62.5 -1.94164 1.41068
      vertex 62.5 -1.94164 -1.41068
      vertex 62.5 -1.69706 -1.69706
    endloop
  endfacet
  facet normal 1 -0 0
    outer loop
      vertex 62.5 -2.13842 1.08958
      vertex 62.5 -1.94164 -1.41068
      vertex 62.5 -1.94164 1.41068
    endloop
  endfacet
  facet normal 1 0 0
    outer loop
      vertex 62.5 -2.13842 1.08958
      vertex 62.5 -2.13842 -1.08958
      vertex 62.5 -1.94164 -1.41068
    endloop
  endfacet
  facet normal 1 -0 0
    outer loop
      vertex 62.5 -2.28254 0.74164
      vertex 62.5 -2.13842 -1.08958
      vertex 62.5 -2.13842 1.08958
    endloop
  endfacet
  facet normal 1 0 0
    outer loop
      vertex 62.5 -2.28254 0.74164
      vertex 62.5 -2.28254 -0.74164
      vertex 62.5 -2.13842 -1.08958
    endloop
  endfacet
  facet normal 1 -0 0
    outer loop
      vertex 62.5 -2.37045 0.375443
      vertex 62.5 -2.28254 -0.74164
      vertex 62.5 -2.28254 0.74164
    endloop
  endfacet
  facet normal 1 0 0
    outer loop
      vertex 62.5 -2.37045 0.375443
      vertex 62.5 -2.37045 -0.375443
      vertex 62.5 -2.28254 -0.74164
    endloop
  endfacet
  facet normal 1 0 -0
    outer loop
      vertex 62.5 -2.37045 -0.375443
      vertex 62.5 -2.37045 0.375443
      vertex 62.5 -2.4 0
    endloop
  endfacet
  facet normal 0 -0.760421 -0.64943
    outer loop
      vertex 37.9914 -1.69706 -1.69706
      vertex 62.5 -1.94164 -1.41068
      vertex 37.9914 -1.94164 -1.41068
    endloop
  endfacet
  facet normal 0 -0.760421 -0.64943
    outer loop
      vertex 62.5 -1.94164 -1.41068
      vertex 37.9914 -1.69706 -1.69706
      vertex 62.5 -1.69706 -1.69706
    endloop
  endfacet
  facet normal 0 -0.649432 -0.76042
    outer loop
      vertex 37.9914 -1.65787 -1.73053
      vertex 62.5 -1.69706 -1.69706
      vertex 37.9914 -1.69706 -1.69706
    endloop
  endfacet
  facet normal 5.24371e-09 -0.64943 -0.760421
    outer loop
      vertex 62.5 -1.69706 -1.69706
      vertex 37.9914 -1.65787 -1.73053
      vertex 62.5 -1.41068 -1.94164
    endloop
  endfacet
  facet normal -0 -0.64943 -0.760421
    outer loop
      vertex 62.5 -1.41068 -1.94164
      vertex 37.9914 -1.65787 -1.73053
      vertex 37.9349 -1.41068 -1.94164
    endloop
  endfacet
  facet normal 0 -0.852629 0.522517
    outer loop
      vertex 37.9914 -2.13842 1.08958
      vertex 62.5 -1.94164 1.41068
      vertex 37.9914 -1.94164 1.41068
    endloop
  endfacet
  facet normal 0 -0.852629 0.522517
    outer loop
      vertex 62.5 -1.94164 1.41068
      vertex 37.9914 -2.13842 1.08958
      vertex 62.5 -2.13842 1.08958
    endloop
  endfacet
  facet normal 0 -0.38268 0.923881
    outer loop
      vertex 62.5 -0.74164 2.28254
      vertex 37.834 -1.08958 2.13842
      vertex 62.5 -1.08958 2.13842
    endloop
  endfacet
  facet normal -4.90685e-07 -0.38265 0.923893
    outer loop
      vertex 62.5 -0.74164 2.28254
      vertex 37.7934 -0.919747 2.20876
      vertex 37.834 -1.08958 2.13842
    endloop
  endfacet
  facet normal 0 -0.382709 0.923869
    outer loop
      vertex 37.7934 -0.919747 2.20876
      vertex 62.5 -0.74164 2.28254
      vertex 37.7196 -0.74164 2.28254
    endloop
  endfacet
  facet normal 0 0.852629 0.522517
    outer loop
      vertex 62.5 2.13842 1.08958
      vertex 37.9914 1.94164 1.41068
      vertex 62.5 1.94164 1.41068
    endloop
  endfacet
  facet normal 0 0.852629 0.522517
    outer loop
      vertex 37.9914 1.94164 1.41068
      vertex 62.5 2.13842 1.08958
      vertex 37.9914 2.13842 1.08958
    endloop
  endfacet
  facet normal 0 0.760421 -0.64943
    outer loop
      vertex 62.5 1.69706 -1.69706
      vertex 37.9914 1.94164 -1.41068
      vertex 62.5 1.94164 -1.41068
    endloop
  endfacet
  facet normal 0 0.760421 -0.64943
    outer loop
      vertex 37.9914 1.94164 -1.41068
      vertex 62.5 1.69706 -1.69706
      vertex 37.9914 1.69706 -1.69706
    endloop
  endfacet
  facet normal 0 0.852629 -0.522517
    outer loop
      vertex 62.5 1.94164 -1.41068
      vertex 37.9914 2.13842 -1.08958
      vertex 62.5 2.13842 -1.08958
    endloop
  endfacet
  facet normal 0 0.852629 -0.522517
    outer loop
      vertex 37.9914 2.13842 -1.08958
      vertex 62.5 1.94164 -1.41068
      vertex 37.9914 1.94164 -1.41068
    endloop
  endfacet
  facet normal 0 -0.972374 -0.23343
    outer loop
      vertex 37.9914 -2.28254 -0.74164
      vertex 62.5 -2.37045 -0.375443
      vertex 37.9914 -2.37045 -0.375443
    endloop
  endfacet
  facet normal 0 -0.972374 -0.23343
    outer loop
      vertex 62.5 -2.37045 -0.375443
      vertex 37.9914 -2.28254 -0.74164
      vertex 62.5 -2.28254 -0.74164
    endloop
  endfacet
  facet normal 0 -0.23343 -0.972374
    outer loop
      vertex 37.7196 -0.74164 -2.28254
      vertex 62.5 -0.375443 -2.37045
      vertex 62.5 -0.74164 -2.28254
    endloop
  endfacet
  facet normal -0 -0.23343 -0.972374
    outer loop
      vertex 62.5 -0.375443 -2.37045
      vertex 37.7196 -0.74164 -2.28254
      vertex 37.6317 -0.375443 -2.37045
    endloop
  endfacet
  facet normal 0 0.923881 0.38268
    outer loop
      vertex 62.5 2.28254 0.74164
      vertex 37.9914 2.13842 1.08958
      vertex 62.5 2.13842 1.08958
    endloop
  endfacet
  facet normal 0 0.923881 0.38268
    outer loop
      vertex 37.9914 2.13842 1.08958
      vertex 62.5 2.28254 0.74164
      vertex 37.9914 2.28254 0.74164
    endloop
  endfacet
  facet normal 0 0.649432 0.76042
    outer loop
      vertex 37.9914 1.65787 1.73053
      vertex 62.5 1.69706 1.69706
      vertex 37.9914 1.69706 1.69706
    endloop
  endfacet
  facet normal 5.24371e-09 0.64943 0.760421
    outer loop
      vertex 62.5 1.69706 1.69706
      vertex 37.9914 1.65787 1.73053
      vertex 62.5 1.41068 1.94164
    endloop
  endfacet
  facet normal 0 0.64943 0.760421
    outer loop
      vertex 62.5 1.41068 1.94164
      vertex 37.9914 1.65787 1.73053
      vertex 37.9349 1.41068 1.94164
    endloop
  endfacet
  facet normal 5.24371e-09 0.64943 -0.760421
    outer loop
      vertex 62.5 1.41068 -1.94164
      vertex 37.9914 1.65787 -1.73053
      vertex 62.5 1.69706 -1.69706
    endloop
  endfacet
  facet normal 0 0.64943 -0.760421
    outer loop
      vertex 37.9914 1.65787 -1.73053
      vertex 62.5 1.41068 -1.94164
      vertex 37.9349 1.41068 -1.94164
    endloop
  endfacet
  facet normal 0 0.649432 -0.76042
    outer loop
      vertex 62.5 1.69706 -1.69706
      vertex 37.9914 1.65787 -1.73053
      vertex 37.9914 1.69706 -1.69706
    endloop
  endfacet
  facet normal 0 0.972374 0.23343
    outer loop
      vertex 62.5 2.37045 0.375443
      vertex 37.9914 2.28254 0.74164
      vertex 62.5 2.28254 0.74164
    endloop
  endfacet
  facet normal 0 0.972374 0.23343
    outer loop
      vertex 37.9914 2.28254 0.74164
      vertex 62.5 2.37045 0.375443
      vertex 37.9914 2.37045 0.375443
    endloop
  endfacet
  facet normal 0 -0.23343 0.972374
    outer loop
      vertex 62.5 -0.375443 2.37045
      vertex 37.7196 -0.74164 2.28254
      vertex 62.5 -0.74164 2.28254
    endloop
  endfacet
  facet normal 0 -0.23343 0.972374
    outer loop
      vertex 37.7196 -0.74164 2.28254
      vertex 62.5 -0.375443 2.37045
      vertex 37.6317 -0.375443 2.37045
    endloop
  endfacet
  facet normal 0 -0.923881 0.38268
    outer loop
      vertex 37.9914 -2.28254 0.74164
      vertex 62.5 -2.13842 1.08958
      vertex 37.9914 -2.13842 1.08958
    endloop
  endfacet
  facet normal 0 -0.923881 0.38268
    outer loop
      vertex 62.5 -2.13842 1.08958
      vertex 37.9914 -2.28254 0.74164
      vertex 62.5 -2.28254 0.74164
    endloop
  endfacet
  facet normal 0 0.972374 -0.23343
    outer loop
      vertex 62.5 2.28254 -0.74164
      vertex 37.9914 2.37045 -0.375443
      vertex 62.5 2.37045 -0.375443
    endloop
  endfacet
  facet normal 0 0.972374 -0.23343
    outer loop
      vertex 37.9914 2.37045 -0.375443
      vertex 62.5 2.28254 -0.74164
      vertex 37.9914 2.28254 -0.74164
    endloop
  endfacet
  facet normal 0 -0.852629 -0.522517
    outer loop
      vertex 37.9914 -1.94164 -1.41068
      vertex 62.5 -2.13842 -1.08958
      vertex 37.9914 -2.13842 -1.08958
    endloop
  endfacet
  facet normal 0 -0.852629 -0.522517
    outer loop
      vertex 62.5 -2.13842 -1.08958
      vertex 37.9914 -1.94164 -1.41068
      vertex 62.5 -1.94164 -1.41068
    endloop
  endfacet
  facet normal -0 0.23343 0.972374
    outer loop
      vertex 37.7196 0.74164 2.28254
      vertex 62.5 0.375443 2.37045
      vertex 62.5 0.74164 2.28254
    endloop
  endfacet
  facet normal 0 0.23343 0.972374
    outer loop
      vertex 62.5 0.375443 2.37045
      vertex 37.7196 0.74164 2.28254
      vertex 37.6317 0.375443 2.37045
    endloop
  endfacet
  facet normal 0 -0.0784644 0.996917
    outer loop
      vertex 62.5 0 2.4
      vertex 37.6317 -0.375443 2.37045
      vertex 62.5 -0.375443 2.37045
    endloop
  endfacet
  facet normal -1.23029e-07 -0.0784563 0.996918
    outer loop
      vertex 62.5 0 2.4
      vertex 37.6088 -0.0844603 2.39335
      vertex 37.6317 -0.375443 2.37045
    endloop
  endfacet
  facet normal 0 -0.0784923 0.996915
    outer loop
      vertex 37.6088 -0.0844603 2.39335
      vertex 62.5 0 2.4
      vertex 37.5972 0 2.4
    endloop
  endfacet
  facet normal -0 0.522517 0.852629
    outer loop
      vertex 37.9349 1.41068 1.94164
      vertex 62.5 1.08958 2.13842
      vertex 62.5 1.41068 1.94164
    endloop
  endfacet
  facet normal -2.13384e-07 0.522505 0.852636
    outer loop
      vertex 37.9239 1.34371 1.98268
      vertex 62.5 1.08958 2.13842
      vertex 37.9349 1.41068 1.94164
    endloop
  endfacet
  facet normal 0 0.52252 0.852627
    outer loop
      vertex 62.5 1.08958 2.13842
      vertex 37.9239 1.34371 1.98268
      vertex 37.834 1.08958 2.13842
    endloop
  endfacet
  facet normal 0 -0.996917 -0.0784644
    outer loop
      vertex 37.9914 -2.37045 -0.375443
      vertex 62.5 -2.4 0
      vertex 37.9914 -2.4 0
    endloop
  endfacet
  facet normal 0 -0.996917 -0.0784644
    outer loop
      vertex 62.5 -2.4 0
      vertex 37.9914 -2.37045 -0.375443
      vertex 62.5 -2.37045 -0.375443
    endloop
  endfacet
  facet normal 0 -0.972374 0.23343
    outer loop
      vertex 37.9914 -2.37045 0.375443
      vertex 62.5 -2.28254 0.74164
      vertex 37.9914 -2.28254 0.74164
    endloop
  endfacet
  facet normal 0 -0.972374 0.23343
    outer loop
      vertex 62.5 -2.28254 0.74164
      vertex 37.9914 -2.37045 0.375443
      vertex 62.5 -2.37045 0.375443
    endloop
  endfacet
  facet normal 0 -0.522517 0.852629
    outer loop
      vertex 62.5 -1.08958 2.13842
      vertex 37.9349 -1.41068 1.94164
      vertex 62.5 -1.41068 1.94164
    endloop
  endfacet
  facet normal -2.13384e-07 -0.522505 0.852636
    outer loop
      vertex 62.5 -1.08958 2.13842
      vertex 37.9239 -1.34371 1.98268
      vertex 37.9349 -1.41068 1.94164
    endloop
  endfacet
  facet normal 0 -0.52252 0.852627
    outer loop
      vertex 37.9239 -1.34371 1.98268
      vertex 62.5 -1.08958 2.13842
      vertex 37.834 -1.08958 2.13842
    endloop
  endfacet
  facet normal -0 0.38268 0.923881
    outer loop
      vertex 37.834 1.08958 2.13842
      vertex 62.5 0.74164 2.28254
      vertex 62.5 1.08958 2.13842
    endloop
  endfacet
  facet normal -4.90685e-07 0.38265 0.923893
    outer loop
      vertex 37.7934 0.919747 2.20876
      vertex 62.5 0.74164 2.28254
      vertex 37.834 1.08958 2.13842
    endloop
  endfacet
  facet normal 0 0.382709 0.923869
    outer loop
      vertex 62.5 0.74164 2.28254
      vertex 37.7934 0.919747 2.20876
      vertex 37.7196 0.74164 2.28254
    endloop
  endfacet
endsolid OpenSCAD_Model
